horizon,beta,ci_lo90,ci_hi90,ci_lo68,ci_hi68,outcome,industry,industry_label,occ_group,occupation
0,0.00011022653466797919,-0.0001474080242146727,0.00039377399781847155,-4.306899732127426e-5,0.0002743373948785443,income_share_var,Energy_intensive,Energy intensive,1,Managerial
1,0.00023663023381725285,-1.3822856234359623e-5,0.0004902137130677538,7.451882207785786e-5,0.00040028602624060525,income_share_var,Energy_intensive,Energy intensive,1,Managerial
2,-0.00010885206990223558,-0.00036641706951089976,0.00018751365043543142,-0.0002484466358047344,6.192793570835141e-5,income_share_var,Energy_intensive,Energy intensive,1,Managerial
3,-0.0002440615225747511,-0.0004577599558155505,-7.452169945828808e-6,-0.0003730799249437562,-0.0001033033468354427,income_share_var,Energy_intensive,Energy intensive,1,Managerial
4,2.3747718651824415e-5,-0.00021807993297543504,0.000257618494822395,-0.00011171628769174429,0.00017295252248924318,income_share_var,Energy_intensive,Energy intensive,1,Managerial
5,-6.1947048423313e-5,-0.00030602367897019966,0.00017489204594663935,-0.00020905399105531827,8.987040908110094e-5,income_share_var,Energy_intensive,Energy intensive,1,Managerial
6,-0.00018450839270716743,-0.0003958455969553606,7.495833803995751e-5,-0.00032035957317529226,-2.6986873027849342e-5,income_share_var,Energy_intensive,Energy intensive,1,Managerial
7,0.00014489577707044917,-0.0001224735548938208,0.0005236668044795018,-2.022254324032772e-5,0.000355039241878522,income_share_var,Energy_intensive,Energy intensive,1,Managerial
8,7.320498304659657e-5,-0.00014856474718311148,0.0003451985180841471,-6.125154237449697e-5,0.00022707058609046114,income_share_var,Energy_intensive,Energy intensive,1,Managerial
9,-6.502438940807025e-5,-0.00036694296315331913,0.00023610832066580046,-0.00024018521123292475,0.00011860519275809159,income_share_var,Energy_intensive,Energy intensive,1,Managerial
10,0.00025019057669777294,1.9319929525043507e-5,0.000458951337587859,0.00011814356811298672,0.00038247410337358427,income_share_var,Energy_intensive,Energy intensive,1,Managerial
11,-0.00030177480293008146,-0.0005387503867537652,-3.332496303456631e-5,-0.0004315503339215213,-0.0001370108731611038,income_share_var,Energy_intensive,Energy intensive,1,Managerial
12,0.00037213905821178604,0.00014787830241833194,0.0006306608309504017,0.00023085315001268372,0.0005180038685819602,income_share_var,Energy_intensive,Energy intensive,1,Managerial
13,8.032764914235476e-5,-0.0001187274668876386,0.0003208739906042149,-3.786414802205489e-5,0.00022176322801623018,income_share_var,Energy_intensive,Energy intensive,1,Managerial
14,0.00019534793451860861,-2.4227915283560678e-5,0.0004438238950539203,6.897058207425152e-5,0.0003393764025483255,income_share_var,Energy_intensive,Energy intensive,1,Managerial
15,6.316070366511066e-6,-0.00023207738657027345,0.0002315979751114385,-0.00012841345279985733,0.0001334578227850995,income_share_var,Energy_intensive,Energy intensive,1,Managerial
16,-0.00019732598665800482,-0.000488675190761656,7.771304540290941e-5,-0.0003423265220230219,-2.334818069953855e-5,income_share_var,Energy_intensive,Energy intensive,1,Managerial
17,0.00021481466689072384,-3.858669750127504e-5,0.0004974151366158755,4.4378923722346336e-5,0.00037680487772942224,income_share_var,Energy_intensive,Energy intensive,1,Managerial
18,-0.00017152882036987547,-0.0003806655439401248,7.048014238863803e-5,-0.0002963773577682212,-1.0481458714571248e-5,income_share_var,Energy_intensive,Energy intensive,1,Managerial
19,6.647729183649675e-5,-0.00020593420515456338,0.00033910845236785153,-0.00010031914535339719,0.00021113544443666785,income_share_var,Energy_intensive,Energy intensive,1,Managerial
20,0.0002256815976208197,-0.0001003984982205932,0.0004981161630851757,4.000018706594479e-5,0.0003909752009531243,income_share_var,Energy_intensive,Energy intensive,1,Managerial
21,-0.00011871579505069607,-0.00032604096155528514,9.796208228932349e-5,-0.00023177147588999318,-2.535244904272333e-6,income_share_var,Energy_intensive,Energy intensive,1,Managerial
22,-1.7935800550540955e-5,-0.00033015338368452677,0.00026405363100202666,-0.00019271380029098608,0.00014302477203498957,income_share_var,Energy_intensive,Energy intensive,1,Managerial
23,5.444803599536072e-7,-0.00026957879505952643,0.00041010653733305157,-0.0001616594306434558,0.000234018959256446,income_share_var,Energy_intensive,Energy intensive,1,Managerial
24,0.0001424381338024179,-9.925172315427004e-5,0.00040614064730897827,-1.903974327991127e-5,0.00029208990439263607,income_share_var,Energy_intensive,Energy intensive,1,Managerial
25,6.152915104968834e-5,-0.00016135507039297456,0.0002699037023267095,-8.31412437488128e-5,0.00019078374877128335,income_share_var,Energy_intensive,Energy intensive,1,Managerial
26,-1.286752880063098e-5,-0.00023382797416563345,0.0002134885712962187,-0.00013331430850302618,0.00011633625630946416,income_share_var,Energy_intensive,Energy intensive,1,Managerial
27,3.714407386915241e-5,-0.00015854969877550547,0.00021011361536550294,-8.076816782108801e-5,0.0001438124656996352,income_share_var,Energy_intensive,Energy intensive,1,Managerial
28,7.956068649991277e-5,-0.00020121776647863955,0.0003803095925663481,-8.944716388649881e-5,0.000266503784359968,income_share_var,Energy_intensive,Energy intensive,1,Managerial
29,0.00016631548797971257,-9.321719284888404e-5,0.0004591082017848587,8.8440142933778e-6,0.0003474293321998965,income_share_var,Energy_intensive,Energy intensive,1,Managerial
30,3.372667908524488e-5,-0.00023955962159516827,0.00026389343391544423,-0.00012881318238898844,0.00017194012806561457,income_share_var,Energy_intensive,Energy intensive,1,Managerial
31,6.79931434180273e-5,-0.00020587989851722385,0.00034837608361555547,-0.00010379997172791217,0.00023494620616556236,income_share_var,Energy_intensive,Energy intensive,1,Managerial
32,0.00019912274181430625,-3.874687786903868e-5,0.0003931663046145385,6.324227076565447e-5,0.0003180691016015641,income_share_var,Energy_intensive,Energy intensive,1,Managerial
33,-3.690125494338418e-5,-0.0002313598123988216,0.0001323047616342791,-0.00015476912712879878,7.037680887540183e-5,income_share_var,Energy_intensive,Energy intensive,1,Managerial
34,0.00013434539426163562,-7.949288206214518e-5,0.0003505284567927905,1.6889006775107487e-5,0.0002728475608045672,income_share_var,Energy_intensive,Energy intensive,1,Managerial
35,-0.00019144775449022103,-0.00040744416577324005,4.10373065354771e-5,-0.00030907249407209625,-4.8308968176035734e-5,income_share_var,Energy_intensive,Energy intensive,1,Managerial
36,8.726342006984632e-5,-0.00018883509447614337,0.00035371873442038376,-7.316190292810749e-5,0.0002561577675170545,income_share_var,Energy_intensive,Energy intensive,1,Managerial
0,-0.0003925006769621802,-0.0006021597189060741,-0.00016251152860458353,-0.0005105347673007012,-0.0002422901752537647,income_share_var,Energy_intensive,Energy intensive,2,Professional specialty
1,-0.00027411543339375704,-0.0005018676728689826,-7.513216680507935e-5,-0.0004159261918431138,-0.0001422837443213624,income_share_var,Energy_intensive,Energy intensive,2,Professional specialty
2,-0.00011702596233706156,-0.00035587125063595075,0.00011841036435782207,-0.00026287576107587363,9.065482057562564e-6,income_share_var,Energy_intensive,Energy intensive,2,Professional specialty
3,-0.00010144874820896959,-0.00032423212625762267,0.0001201238369895966,-0.00023817738645723764,5.7972340411273395e-5,income_share_var,Energy_intensive,Energy intensive,2,Professional specialty
4,-0.00025865513386017706,-0.00045550849874315894,-6.976691163215174e-5,-0.00037147457612117534,-0.00014463996688912043,income_share_var,Energy_intensive,Energy intensive,2,Professional specialty
5,-0.0003199581839879047,-0.0005361714987897286,-0.00012187478423025566,-0.00045285894104817113,-0.00020566909968327516,income_share_var,Energy_intensive,Energy intensive,2,Professional specialty
6,-6.212171508122217e-5,-0.0002570439849324296,0.00011673741287254777,-0.000169043069279339,5.58625883014396e-5,income_share_var,Energy_intensive,Energy intensive,2,Professional specialty
7,0.00016294969065752815,-4.760220258559204e-5,0.00041337277742316004,3.237330918168393e-5,0.00031290596335033536,income_share_var,Energy_intensive,Energy intensive,2,Professional specialty
8,-0.00031699862531972057,-0.0006204335726291475,-0.00010000881084138807,-0.00047094207880085746,-0.00019295095616059872,income_share_var,Energy_intensive,Energy intensive,2,Professional specialty
9,-0.0003496130423940881,-0.0006064497116572019,-0.00015098583366554804,-0.0004987227841493591,-0.00023165111477888776,income_share_var,Energy_intensive,Energy intensive,2,Professional specialty
10,-0.00017651945503922595,-0.000395691842270978,1.897157669240545e-5,-0.0003057877322046606,-5.633045654537107e-5,income_share_var,Energy_intensive,Energy intensive,2,Professional specialty
11,3.6680560050132356e-5,-0.00012911046137525548,0.00019510972360597977,-6.222561389718304e-5,0.00013969580429533873,income_share_var,Energy_intensive,Energy intensive,2,Professional specialty
12,-0.0003369559880104668,-0.000564426644398827,-0.00011091586668023637,-0.00048753344832167423,-0.00020757662183457993,income_share_var,Energy_intensive,Energy intensive,2,Professional specialty
13,-0.00018120343103137396,-0.00041068995311361754,5.658465837090406e-5,-0.000320299904042243,-2.652086602918471e-5,income_share_var,Energy_intensive,Energy intensive,2,Professional specialty
14,-9.442594678293679e-5,-0.0003174728870705854,0.00014424157613876092,-0.00022029233296319648,5.57707297747482e-5,income_share_var,Energy_intensive,Energy intensive,2,Professional specialty
15,-0.00025979934297682913,-0.0004903906315946966,-5.137351478769439e-5,-0.00040038055575454014,-0.00013534626361598402,income_share_var,Energy_intensive,Energy intensive,2,Professional specialty
16,-0.0004967026437236974,-0.0006861232649229756,-0.0003383601713208865,-0.0006008442454614182,-0.00039285169587574575,income_share_var,Energy_intensive,Energy intensive,2,Professional specialty
17,6.353434969743891e-6,-0.00021238032445386842,0.00024913373360886367,-0.00012455480209242763,0.00015076664500148239,income_share_var,Energy_intensive,Energy intensive,2,Professional specialty
18,-0.0002123688316634608,-0.0004510092414443221,2.7535306053930435e-6,-0.0003497204102850363,-6.425624430434463e-5,income_share_var,Energy_intensive,Energy intensive,2,Professional specialty
19,0.00012762809752938595,-5.4706190977940535e-5,0.00032978087833940577,2.5940967205269772e-5,0.0002546089810332476,income_share_var,Energy_intensive,Energy intensive,2,Professional specialty
20,-0.00034648880126079463,-0.0005670986282963841,-0.000150751748034153,-0.00047622964033831134,-0.00022601064358622724,income_share_var,Energy_intensive,Energy intensive,2,Professional specialty
21,6.838735418539094e-5,-9.211857902143331e-5,0.00023785771484767052,-4.1178391783526294e-5,0.00016923984374938065,income_share_var,Energy_intensive,Energy intensive,2,Professional specialty
22,0.00016925506004062462,-9.373399322195575e-5,0.0003909603837610673,2.9980078016569368e-5,0.0003082494389917058,income_share_var,Energy_intensive,Energy intensive,2,Professional specialty
23,-0.00015472123857752812,-0.00040993278792117297,8.693405304626765e-5,-0.00029188844177972583,-9.38452481466875e-6,income_share_var,Energy_intensive,Energy intensive,2,Professional specialty
24,-0.00017147916784100446,-0.0003898661759201346,2.8331794603708824e-5,-0.00029426893831244053,-4.7408482040494005e-5,income_share_var,Energy_intensive,Energy intensive,2,Professional specialty
25,-0.0003063621184688405,-0.0004817924772799764,-8.299880719139663e-5,-0.0004100189446821919,-0.00016376825120263777,income_share_var,Energy_intensive,Energy intensive,2,Professional specialty
26,-0.00010757651661964529,-0.0003120906160796263,6.733679802684761e-5,-0.0002153169842614226,-1.4843057545010783e-6,income_share_var,Energy_intensive,Energy intensive,2,Professional specialty
27,-0.00011135027216475843,-0.00033584315708790193,0.00010833217779183803,-0.00024252608838152054,2.418566930429909e-5,income_share_var,Energy_intensive,Energy intensive,2,Professional specialty
28,-0.00023019057935249425,-0.00047324508654150016,-6.262020809315468e-6,-0.00036410130510457195,-9.801055741294771e-5,income_share_var,Energy_intensive,Energy intensive,2,Professional specialty
29,7.801241462537886e-5,-0.0001495781165882243,0.00033645693732162955,-6.223694574084147e-5,0.00023609540479036732,income_share_var,Energy_intensive,Energy intensive,2,Professional specialty
30,-0.0003313370702324881,-0.0005413331584185471,-0.0001335974145673139,-0.00045368388398013223,-0.00021518639153373387,income_share_var,Energy_intensive,Energy intensive,2,Professional specialty
31,-0.00036533163584760687,-0.0006119773232303467,-0.00017626032700005791,-0.0004946582833418995,-0.00024126732119677792,income_share_var,Energy_intensive,Energy intensive,2,Professional specialty
32,5.5294818489260664e-5,-0.00019131439032230553,0.0003238037374517365,-9.53803470780496e-5,0.00020593154920723914,income_share_var,Energy_intensive,Energy intensive,2,Professional specialty
33,-5.041365011666912e-6,-0.00024151126096199504,0.0001995305672286354,-0.00013742233578013094,0.00011602613684031424,income_share_var,Energy_intensive,Energy intensive,2,Professional specialty
34,1.6279644470373008e-5,-0.00016854997139934956,0.00021227131802384477,-9.392131552669154e-5,0.0001302074433068021,income_share_var,Energy_intensive,Energy intensive,2,Professional specialty
35,-7.502785883095664e-5,-0.0002799646651208257,0.0001872831924195496,-0.00020444294160601488,6.631353349730166e-5,income_share_var,Energy_intensive,Energy intensive,2,Professional specialty
36,-4.314509897444758e-5,-0.00025647714404354393,0.0001536881573284705,-0.00015708439215433303,8.069556219434938e-5,income_share_var,Energy_intensive,Energy intensive,2,Professional specialty
0,-1.1129287325004502e-5,-0.00016269284390814148,0.0001376199613441884,-0.00010211493853838109,8.099862639223155e-5,income_share_var,Energy_intensive,Energy intensive,3,High tech
1,0.00017058670516238172,-5.610876557594579e-5,0.00039586688915863234,2.728174874038611e-5,0.00031647645354434894,income_share_var,Energy_intensive,Energy intensive,3,High tech
2,-0.00011685104987372286,-0.0003008644181072699,9.194217565278154e-5,-0.00022625301159604787,1.4565709427102533e-5,income_share_var,Energy_intensive,Energy intensive,3,High tech
3,-9.186969324015111e-5,-0.00027243885391687906,7.40393184069716e-5,-0.00020119898983096495,1.4553256818739948e-5,income_share_var,Energy_intensive,Energy intensive,3,High tech
4,-2.543062079588505e-5,-0.00020177667905179784,0.00014617164692341177,-0.00013268695702619164,8.400092672217164e-5,income_share_var,Energy_intensive,Energy intensive,3,High tech
5,5.07345695192234e-6,-0.00021090014736220488,0.0002228184329816685,-0.00013365233429961233,0.00014303789393130877,income_share_var,Energy_intensive,Energy intensive,3,High tech
6,0.00011343352325782364,-0.00010024796773175418,0.0003145451659826246,7.212252455272898e-7,0.00021935177334124698,income_share_var,Energy_intensive,Energy intensive,3,High tech
7,0.0001967373878855416,7.097049530048076e-6,0.0003734983215877713,9.700454438781737e-5,0.00030303610172580206,income_share_var,Energy_intensive,Energy intensive,3,High tech
8,-2.7572274718507884e-5,-0.0002107311139030969,0.00013460689893769653,-0.0001390911698272345,6.947590539627169e-5,income_share_var,Energy_intensive,Energy intensive,3,High tech
9,8.350414248395265e-5,-8.736504800698587e-5,0.00025018833029615364,-1.7226543610091065e-5,0.00017374986327982009,income_share_var,Energy_intensive,Energy intensive,3,High tech
10,0.00017864316317024858,-5.404824028683731e-5,0.000409219486114776,3.8309360744844575e-5,0.0002983361148865426,income_share_var,Energy_intensive,Energy intensive,3,High tech
11,-0.00017863151926310946,-0.0004049294625871931,1.4086406366090558e-5,-0.0003005539217488391,-6.204153019365733e-5,income_share_var,Energy_intensive,Energy intensive,3,High tech
12,0.00010020691698359093,-0.00013413377781096617,0.0003280641117995183,-4.099785211659208e-5,0.0002470026063084502,income_share_var,Energy_intensive,Energy intensive,3,High tech
13,0.00017423755597779317,-3.7586710595914456e-5,0.0004209657842060661,4.211482423197965e-5,0.0002998183251206815,income_share_var,Energy_intensive,Energy intensive,3,High tech
14,-0.00041103542663668374,-0.0005898908642695192,-0.0002086478898000007,-0.0005303446737500537,-0.0002833793343604404,income_share_var,Energy_intensive,Energy intensive,3,High tech
15,0.00013590393731665145,-5.943830535855415e-5,0.00030367801874468727,1.977066647970188e-5,0.00023298431779852823,income_share_var,Energy_intensive,Energy intensive,3,High tech
16,-8.173116407148844e-5,-0.00026483650551231295,7.961962548137246e-5,-0.0001903041846462044,4.545820766892918e-6,income_share_var,Energy_intensive,Energy intensive,3,High tech
17,0.0002165553738000601,3.378863465246866e-5,0.00040225803451125937,0.00012144369653560293,0.0003164963870264378,income_share_var,Energy_intensive,Energy intensive,3,High tech
18,0.000139720683494213,-7.420187654630633e-5,0.0003708116817839187,1.813323371189803e-5,0.0002803522290012444,income_share_var,Energy_intensive,Energy intensive,3,High tech
19,-5.2189114719912976e-5,-0.00021681026539206792,0.0001345097627660696,-0.00015206849200410133,6.528557811275973e-5,income_share_var,Energy_intensive,Energy intensive,3,High tech
20,-0.00024113165225707654,-0.0004087524025605407,-7.229271330794725e-5,-0.00034705830263055486,-0.0001449545469445083,income_share_var,Energy_intensive,Energy intensive,3,High tech
21,-0.00011696925198146535,-0.000334691182624544,0.000102878461204824,-0.0002532521321730384,3.6908079329651456e-7,income_share_var,Energy_intensive,Energy intensive,3,High tech
22,0.00023088619497730063,7.073055119437131e-5,0.0003853950034511109,0.00014501277119956718,0.0003280207598997312,income_share_var,Energy_intensive,Energy intensive,3,High tech
23,-9.564769980312634e-5,-0.0002936064455778828,0.0001030459098977798,-0.00021169651005434713,1.8493109547890982e-5,income_share_var,Energy_intensive,Energy intensive,3,High tech
24,0.00014118658095492773,-0.00011283133513186614,0.00038168496908176863,-1.4718125782099651e-5,0.00026919046023017845,income_share_var,Energy_intensive,Energy intensive,3,High tech
25,0.0001521233378440725,-5.835953095460319e-5,0.0003215502030482375,4.278967652612181e-5,0.00025873278083507495,income_share_var,Energy_intensive,Energy intensive,3,High tech
26,-1.676810726725419e-5,-0.00018928613111497873,0.0001934932166948115,-0.00011545832760033203,0.00010788408619525978,income_share_var,Energy_intensive,Energy intensive,3,High tech
27,7.267827098395261e-5,-0.0001334456709716657,0.00025516206788730284,-3.8824163327606546e-5,0.00020109952380808192,income_share_var,Energy_intensive,Energy intensive,3,High tech
28,-7.979931953786389e-5,-0.00029301101529598126,0.00014351734766624024,-0.00021555201523880624,3.7065598142437095e-5,income_share_var,Energy_intensive,Energy intensive,3,High tech
29,0.00017130586207451102,-3.292386535484713e-5,0.0003684529666514931,4.428469293374487e-5,0.0002978771146466962,income_share_var,Energy_intensive,Energy intensive,3,High tech
30,4.148219404149259e-5,-0.00015348484497356072,0.00023266729866544715,-6.611496765097311e-5,0.0001655426970316475,income_share_var,Energy_intensive,Energy intensive,3,High tech
31,-8.0379729408447e-6,-0.00020107977454462847,0.00015584563502820203,-0.00010921451169936334,9.541429916243697e-5,income_share_var,Energy_intensive,Energy intensive,3,High tech
32,-0.00014153365817922475,-0.0003497846944319937,3.323577819489451e-5,-0.0002678270298770804,-4.0560557029364696e-5,income_share_var,Energy_intensive,Energy intensive,3,High tech
33,-0.00015918772478422253,-0.00039630499022176883,0.00010172798525153484,-0.00030360315625632564,-7.671856905684107e-6,income_share_var,Energy_intensive,Energy intensive,3,High tech
34,-8.562578955611754e-5,-0.0002985758099956692,0.00012137955710870053,-0.00021594432601490299,2.7912338902678666e-5,income_share_var,Energy_intensive,Energy intensive,3,High tech
35,0.000164058431098029,-4.531161165709468e-6,0.00034702319980963695,7.091477505470215e-5,0.0002860866720859734,income_share_var,Energy_intensive,Energy intensive,3,High tech
36,8.250247295501623e-5,-8.741702083610229e-5,0.0002443033277465753,-2.0635159290405147e-5,0.00018033759437857067,income_share_var,Energy_intensive,Energy intensive,3,High tech
0,-3.452079220662683e-5,-0.00022750608687957755,0.00016732297693383368,-0.00015161840155267825,8.281413904694002e-5,income_share_var,Energy_intensive,Energy intensive,4,Sales
1,0.000130416957587684,-7.626824974655693e-5,0.0002944132801118266,1.7158912362873443e-5,0.00022527370288825228,income_share_var,Energy_intensive,Energy intensive,4,Sales
2,-0.0001510922715764308,-0.0003281701000515316,2.767457455518329e-5,-0.0002734613913798692,-4.859621997655221e-5,income_share_var,Energy_intensive,Energy intensive,4,Sales
3,-0.00013758723672710235,-0.0003302566007068724,1.6534800978121436e-5,-0.00024553057031356047,-4.716553983276554e-5,income_share_var,Energy_intensive,Energy intensive,4,Sales
4,-9.576842870952153e-5,-0.00028475521524786026,6.655271017750461e-5,-0.00020549383655013283,1.1294366726282483e-5,income_share_var,Energy_intensive,Energy intensive,4,Sales
5,-0.00017711155372806463,-0.00034941761884870175,1.3577326170938805e-5,-0.00029013063653867305,-6.009594368708373e-5,income_share_var,Energy_intensive,Energy intensive,4,Sales
6,-0.00011183133419645056,-0.00034964154968890755,7.452331000695356e-5,-0.00025929123761479864,-8.264573643042614e-6,income_share_var,Energy_intensive,Energy intensive,4,Sales
7,-3.565568552666196e-5,-0.000219896937852307,0.00016288550690626673,-0.00014281848166181944,8.464860632523787e-5,income_share_var,Energy_intensive,Energy intensive,4,Sales
8,-0.00017154098255099779,-0.0004207441328373342,5.289312822143386e-5,-0.00030025639253853243,-5.269159443602006e-5,income_share_var,Energy_intensive,Energy intensive,4,Sales
9,-0.0001248394910137542,-0.0003478329312178221,8.042987593410024e-5,-0.00026824434586903827,1.4842638232596267e-6,income_share_var,Energy_intensive,Energy intensive,4,Sales
10,0.00022761993747611353,5.0652469434663277e-5,0.00040343729338551454,0.00012424002882264844,0.00032820616710368874,income_share_var,Energy_intensive,Energy intensive,4,Sales
11,3.9241839766414365e-5,-0.0001179167058973414,0.0002146708514419304,-5.857685741143054e-5,0.0001245479886079918,income_share_var,Energy_intensive,Energy intensive,4,Sales
12,1.3446942993911816e-5,-0.00013962172799627634,0.0001807756634110735,-7.865136567280486e-5,0.00011113922021423703,income_share_var,Energy_intensive,Energy intensive,4,Sales
13,-0.00015700152179078344,-0.00028265519953748586,-3.7320223928977956e-5,-0.00022796434132376395,-7.407839453771872e-5,income_share_var,Energy_intensive,Energy intensive,4,Sales
14,-0.00010323443141869268,-0.0002653904293371231,3.991677135960343e-5,-0.00020399024111927974,-1.3895381102981897e-5,income_share_var,Energy_intensive,Energy intensive,4,Sales
15,8.78838364647478e-5,-0.00017035602492757832,0.0002526562149625458,-7.186356334138045e-5,0.00019217686692432382,income_share_var,Energy_intensive,Energy intensive,4,Sales
16,8.51878849503801e-6,-0.00022790772910658211,0.00017082938435084973,-0.00013334575618265693,0.00011699973827196682,income_share_var,Energy_intensive,Energy intensive,4,Sales
17,8.620051528524169e-5,-7.922700306529878e-5,0.0002516589778238226,-2.2076454145570918e-5,0.00019137805865564026,income_share_var,Energy_intensive,Energy intensive,4,Sales
18,-3.3437035845918775e-5,-0.00022106274222030868,0.00017211034610666072,-0.00014203086478788276,7.290968004787843e-5,income_share_var,Energy_intensive,Energy intensive,4,Sales
19,-3.863484757258956e-5,-0.00021234144742649744,0.00011094645260343575,-0.00014988127227802647,4.864893068597201e-5,income_share_var,Energy_intensive,Energy intensive,4,Sales
20,2.2194662454366934e-5,-0.00020966097945956564,0.00019317139430660664,-0.00011556783029327493,0.00012733240587159652,income_share_var,Energy_intensive,Energy intensive,4,Sales
21,-0.00019015781866285437,-0.00038316091355288266,-4.957730638391542e-5,-0.0003090733028632398,-0.00010299847419851237,income_share_var,Energy_intensive,Energy intensive,4,Sales
22,-0.00011250818906676326,-0.00030445979843708856,4.961527798796349e-5,-0.00022550986972807855,-1.396105165483446e-5,income_share_var,Energy_intensive,Energy intensive,4,Sales
23,-0.00025161929253570184,-0.00045667868741617506,-8.523219438016829e-5,-0.00038265442398160727,-0.00015369109381239743,income_share_var,Energy_intensive,Energy intensive,4,Sales
24,-3.272879933444058e-5,-0.00027538561026825575,0.0001507927526626261,-0.00017916153381680822,7.390626039921062e-5,income_share_var,Energy_intensive,Energy intensive,4,Sales
25,0.00011372054302332776,-5.66819581714091e-5,0.00026264158476905824,1.3483629971335412e-5,0.00021326882091747594,income_share_var,Energy_intensive,Energy intensive,4,Sales
26,-2.6902694657643434e-5,-0.0002899440978513527,0.0002431276108299923,-0.00017314426867198914,0.00011862750490430389,income_share_var,Energy_intensive,Energy intensive,4,Sales
27,9.014870996028569e-6,-0.0002224288687828867,0.0002227430887782027,-0.00013557226876691566,0.0001359002340897625,income_share_var,Energy_intensive,Energy intensive,4,Sales
28,0.00034798528674943456,0.00021516738827688752,0.0005410192639048938,0.00026717142788277193,0.0004512351260802039,income_share_var,Energy_intensive,Energy intensive,4,Sales
29,-1.0784296544804626e-5,-0.00023089569725377198,0.00018511160626530454,-0.00014419975230981212,0.00010435535689179253,income_share_var,Energy_intensive,Energy intensive,4,Sales
30,-5.0617621145194334e-5,-0.00024325458360528688,0.0001109696009080854,-0.00016414534770244,4.2912052420903276e-5,income_share_var,Energy_intensive,Energy intensive,4,Sales
31,9.66390039546252e-5,-8.812531815820516e-5,0.0002453056841745922,-1.883156333488015e-5,0.00019940749427154364,income_share_var,Energy_intensive,Energy intensive,4,Sales
32,-2.951699878591898e-5,-0.00026123266791812925,0.00015771819886454657,-0.00016052673941773605,7.382377242354224e-5,income_share_var,Energy_intensive,Energy intensive,4,Sales
33,-0.00021183407809613632,-0.00040349238316954815,-4.402937011726974e-5,-0.0003340164053987122,-0.00010895849691205307,income_share_var,Energy_intensive,Energy intensive,4,Sales
34,-0.0002519104464385364,-0.0004737733399878055,8.150707513900882e-6,-0.00040386407452570563,-9.843854443076594e-5,income_share_var,Energy_intensive,Energy intensive,4,Sales
35,2.8361160615298436e-6,-0.00013242007177616195,0.00015343797435464436,-8.51462626578024e-5,9.232946116454633e-5,income_share_var,Energy_intensive,Energy intensive,4,Sales
36,0.00023443755503604836,5.444999453272498e-5,0.0003897133337480009,0.00011913537297610411,0.0003327016461830449,income_share_var,Energy_intensive,Energy intensive,4,Sales
0,-0.0001179517383520888,-0.0003322744122581164,7.899133608481631e-5,-0.0002423258348379349,4.5402847546065255e-6,income_share_var,Energy_intensive,Energy intensive,5,Administrative support
1,8.314699377273536e-5,-0.00015762915321018695,0.0003203506277698562,-5.304281758129352e-5,0.00022096325187418524,income_share_var,Energy_intensive,Energy intensive,5,Administrative support
2,-4.4266193604367675e-6,-0.00020128075062409475,0.00019945906450754796,-0.00011044445609461209,0.00011869885718399209,income_share_var,Energy_intensive,Energy intensive,5,Administrative support
3,0.00010075472779980017,-0.0001099919743348919,0.0002905191450411471,-2.1124715221963777e-5,0.00022135080064988394,income_share_var,Energy_intensive,Energy intensive,5,Administrative support
4,2.7182993202653593e-5,-0.00019395918148601966,0.00026586155795711296,-9.925960927589722e-5,0.00016380760650925417,income_share_var,Energy_intensive,Energy intensive,5,Administrative support
5,-7.881360783241653e-5,-0.00030771733501287095,0.00010179984730604096,-0.00021237424873904378,2.9932884641174467e-5,income_share_var,Energy_intensive,Energy intensive,5,Administrative support
6,-0.00030005736373941457,-0.0004736712708811074,-0.00013167570712290698,-0.0004114856204478967,-0.00019396133330374038,income_share_var,Energy_intensive,Energy intensive,5,Administrative support
7,7.380771579592342e-5,-0.00015261557144979882,0.0002475467613003289,-4.028294597314013e-5,0.0001777899373110481,income_share_var,Energy_intensive,Energy intensive,5,Administrative support
8,9.781320492963776e-5,-0.00010380567331584249,0.0002937717083057598,-1.3444758231484423e-5,0.0002132586234979873,income_share_var,Energy_intensive,Energy intensive,5,Administrative support
9,-2.186825083757404e-5,-0.00025431541351213634,0.00023852633128143325,-0.00016557694545470445,0.00014208757614172712,income_share_var,Energy_intensive,Energy intensive,5,Administrative support
10,-9.588044010843897e-5,-0.000345464751491777,0.00017218392655447048,-0.0002603261515857013,6.105273137493835e-5,income_share_var,Energy_intensive,Energy intensive,5,Administrative support
11,9.963610627529409e-5,-8.301748610770481e-5,0.00031738829705166033,-5.132555674351358e-6,0.00021072974501668912,income_share_var,Energy_intensive,Energy intensive,5,Administrative support
12,-0.00014634307963559383,-0.00036559667281368296,7.277969798153027e-5,-0.00027895979529312526,-1.487876218617221e-5,income_share_var,Energy_intensive,Energy intensive,5,Administrative support
13,-3.03832626493611e-5,-0.0001878462360984467,0.00013626439421007643,-0.00012659218863563201,7.799140909054401e-5,income_share_var,Energy_intensive,Energy intensive,5,Administrative support
14,6.014313804808431e-5,-0.00013901306318895586,0.00029180763995002314,-5.7239676682738284e-5,0.00019716277108477147,income_share_var,Energy_intensive,Energy intensive,5,Administrative support
15,6.394048899250323e-5,-0.00015995918769361476,0.000305713629594988,-6.159713986669025e-5,0.00020155071286861802,income_share_var,Energy_intensive,Energy intensive,5,Administrative support
16,0.00023189668649224414,1.0729430773240441e-5,0.0004515478173079741,9.382604022196698e-5,0.0003724473563246097,income_share_var,Energy_intensive,Energy intensive,5,Administrative support
17,4.5931405654204154e-5,-0.00017664196753207595,0.00030095539742153784,-0.00011468149517720989,0.0002003815834086022,income_share_var,Energy_intensive,Energy intensive,5,Administrative support
18,0.00011969474106260143,-9.82131299460208e-5,0.00036640355671761906,-1.9930756642067354e-5,0.0002673371815257655,income_share_var,Energy_intensive,Energy intensive,5,Administrative support
19,6.666733392780621e-7,-0.00017304366411050336,0.00018026264513586513,-0.00010187877647245287,0.00010951142597973142,income_share_var,Energy_intensive,Energy intensive,5,Administrative support
20,8.992317722736188e-5,-0.00011578025015924055,0.0002748763871214155,-2.5390512546322237e-5,0.00019755995516978396,income_share_var,Energy_intensive,Energy intensive,5,Administrative support
21,-1.7642570280389407e-5,-0.00017875244412927246,0.00016004100191274655,-0.00011908553548045883,0.00010157726210457553,income_share_var,Energy_intensive,Energy intensive,5,Administrative support
22,9.030372081633066e-5,-0.00012393229498370914,0.0003061410280868486,-3.631994392329027e-5,0.00023443408375594426,income_share_var,Energy_intensive,Energy intensive,5,Administrative support
23,0.00026162400137275067,4.223773261445872e-5,0.0005229423884594392,0.00011467814885319158,0.0004245674917802469,income_share_var,Energy_intensive,Energy intensive,5,Administrative support
24,0.0001390617354831409,-7.424998313980085e-5,0.0003749964071958759,5.5431202605493734e-6,0.0002700920179201042,income_share_var,Energy_intensive,Energy intensive,5,Administrative support
25,0.00013469120110648042,-5.7936031899002505e-5,0.0003426110904516239,1.1783328137615921e-5,0.00025826213158885547,income_share_var,Energy_intensive,Energy intensive,5,Administrative support
26,-4.4934730212340274e-5,-0.00026358444204120564,0.00018150849044900257,-0.00017596572160737817,9.080851440281367e-5,income_share_var,Energy_intensive,Energy intensive,5,Administrative support
27,0.00011945439948207718,-0.0001255571847820909,0.00034553162885127427,-3.587400745880463e-5,0.00025082004372467716,income_share_var,Energy_intensive,Energy intensive,5,Administrative support
28,0.0001081594195843595,-8.442799596159045e-5,0.0003348505115409178,-6.398515551219515e-6,0.0002376663251610432,income_share_var,Energy_intensive,Energy intensive,5,Administrative support
29,4.822344432463399e-5,-0.00015115049529008728,0.00026231702277071536,-7.241557366001044e-5,0.00017626146347776136,income_share_var,Energy_intensive,Energy intensive,5,Administrative support
30,-2.767106012391113e-6,-0.00019002870700784823,0.00022914183129994515,-0.0001213738555599012,0.00013692577762929465,income_share_var,Energy_intensive,Energy intensive,5,Administrative support
31,0.00014725296007611337,-8.023247492941428e-5,0.0004128719646496338,2.20094855794163e-5,0.00029499999349376246,income_share_var,Energy_intensive,Energy intensive,5,Administrative support
32,8.799716327626614e-5,-0.00012194964035509269,0.0003355187049392403,-4.947439176468308e-5,0.00024219133579602824,income_share_var,Energy_intensive,Energy intensive,5,Administrative support
33,3.227206267897343e-5,-0.00016101823336066962,0.00027185088352746714,-0.00010351551351426593,0.00017445047574809317,income_share_var,Energy_intensive,Energy intensive,5,Administrative support
34,-7.0874304146311e-5,-0.00025586125375904874,0.00012914332234794122,-0.00019357738219284915,4.4768868907665534e-5,income_share_var,Energy_intensive,Energy intensive,5,Administrative support
35,-0.0001811060596360694,-0.0003975049041576409,2.9600241261919908e-5,-0.00030774418203489225,-5.5080611421172746e-5,income_share_var,Energy_intensive,Energy intensive,5,Administrative support
36,-8.119149095171123e-6,-0.0002044510302314172,0.00020378294026274045,-0.00012826893244225225,0.00012331257663053698,income_share_var,Energy_intensive,Energy intensive,5,Administrative support
0,8.450861637847666e-5,-1.832206722515504e-5,0.00020979112949142715,1.6990512628384483e-5,0.00015478404445638732,income_share_var,Energy_intensive,Energy intensive,6,Service
1,-0.0001007945995010618,-0.00030239821779790043,8.641844598142751e-5,-0.00021470043138200029,9.954776480209821e-6,income_share_var,Energy_intensive,Energy intensive,6,Service
2,6.120492148118443e-5,-0.00013717618298493973,0.0003114817528635929,-5.524166587385555e-5,0.00020903513555009013,income_share_var,Energy_intensive,Energy intensive,6,Service
3,9.060451716985969e-5,-3.176455473016254e-5,0.0002541000132399785,1.718292369364269e-5,0.0001945083114806239,income_share_var,Energy_intensive,Energy intensive,6,Service
4,0.00013557584596478903,-0.0001640299935848811,0.0003407260962849046,-3.8353338780579385e-5,0.00025841655621719543,income_share_var,Energy_intensive,Energy intensive,6,Service
5,-0.00011009697347605574,-0.00029691900068031424,8.812838771840573e-5,-0.00022633757182883695,8.59651284951425e-6,income_share_var,Energy_intensive,Energy intensive,6,Service
6,-0.00012360248950587586,-0.0002960863389096666,2.3196329008517112e-5,-0.000233457962605067,-3.7440331466267297e-5,income_share_var,Energy_intensive,Energy intensive,6,Service
7,-5.624105419050614e-6,-0.00023543599812773862,0.0002654749410958774,-0.00014546482449686777,0.00013475026669689498,income_share_var,Energy_intensive,Energy intensive,6,Service
8,-5.293966229342017e-5,-0.0003038297160633898,0.00015169430968334574,-0.00018721717961966332,7.341458745976329e-5,income_share_var,Energy_intensive,Energy intensive,6,Service
9,-1.7853366794755176e-5,-0.00018144988938172208,0.00014468411839923628,-0.0001339236698353245,8.009429858915193e-5,income_share_var,Energy_intensive,Energy intensive,6,Service
10,5.21134736569241e-5,-0.00012095454349582375,0.00023242458053792826,-4.355077420721692e-5,0.00014607711042147566,income_share_var,Energy_intensive,Energy intensive,6,Service
11,0.00013891082975623143,-0.00012174125934345144,0.0003641747154729598,-1.4909729082707526e-7,0.00028993465479574903,income_share_var,Energy_intensive,Energy intensive,6,Service
12,2.5162123810029717e-5,-0.00013836865717058386,0.0002006943989779698,-6.207548895595648e-5,0.00013175203980222275,income_share_var,Energy_intensive,Energy intensive,6,Service
13,-4.698997028611612e-5,-0.00023921277525040298,0.00011334640835403546,-0.0001517897402049433,4.69284863881845e-5,income_share_var,Energy_intensive,Energy intensive,6,Service
14,4.683432637730241e-5,-0.00014858315519368322,0.0002372153330063803,-7.696642348697279e-5,0.00015556739848770665,income_share_var,Energy_intensive,Energy intensive,6,Service
15,7.620685151700604e-6,-0.0001504488758970547,0.0001950585155791021,-9.142548201611093e-5,0.00011506910572802103,income_share_var,Energy_intensive,Energy intensive,6,Service
16,-8.553041069838722e-5,-0.0002860917579255896,0.00014405989757736333,-0.00020563523945651334,3.8632118063037515e-5,income_share_var,Energy_intensive,Energy intensive,6,Service
17,-0.00034285645128859937,-0.0004995414287853998,-0.00017633270159935713,-0.0004348518246635575,-0.00024531282717712576,income_share_var,Energy_intensive,Energy intensive,6,Service
18,2.6294311868111437e-5,-9.301586111214982e-5,0.00020857308491147174,-4.5737697396492666e-5,0.00011586651171328579,income_share_var,Energy_intensive,Energy intensive,6,Service
19,-3.288360107984457e-5,-0.00028192087352452307,0.00020258309487624694,-0.00019537224010126068,9.600353342066853e-5,income_share_var,Energy_intensive,Energy intensive,6,Service
20,-0.00019938468822402328,-0.0003936074157864513,-2.124341761544464e-5,-0.0003001751905349383,-9.122346874700859e-5,income_share_var,Energy_intensive,Energy intensive,6,Service
21,-0.00014023864592130624,-0.0002792985394168395,-7.809113192258334e-6,-0.00024357014808558917,-4.86274213024179e-5,income_share_var,Energy_intensive,Energy intensive,6,Service
22,-0.000133991687985585,-0.00029299421466487527,0.00012192147750945197,-0.0002285966105061359,4.567608853971335e-6,income_share_var,Energy_intensive,Energy intensive,6,Service
23,2.5817727859448062e-6,-0.00027996190788315685,0.00022465140901818483,-0.0001429031554135285,0.00011631861563155772,income_share_var,Energy_intensive,Energy intensive,6,Service
24,-0.0001466231492027546,-0.0003260763648959727,2.909051096706649e-5,-0.00026494821815179013,-5.6108870216129596e-5,income_share_var,Energy_intensive,Energy intensive,6,Service
25,-3.0549829949515135e-6,-0.00018269489233802084,0.00015228339469879109,-0.00011383521407268086,9.576263050422596e-5,income_share_var,Energy_intensive,Energy intensive,6,Service
26,-6.881949519206058e-5,-0.0002382828306031903,0.00010074321793130777,-0.0001516366494667114,3.666160467839024e-5,income_share_var,Energy_intensive,Energy intensive,6,Service
27,-5.787818362973297e-6,-0.00015106921855430544,0.0001343324996749009,-0.00010227247127387793,7.221060495048395e-5,income_share_var,Energy_intensive,Energy intensive,6,Service
28,-2.786900561675548e-5,-0.00023747668583458528,0.0001865984294109876,-0.00016056128239642318,9.89804956681986e-5,income_share_var,Energy_intensive,Energy intensive,6,Service
29,0.0001105897849319222,-0.00020866772836685142,0.0004141658167902061,-9.024099735613945e-5,0.00027769277923514956,income_share_var,Energy_intensive,Energy intensive,6,Service
30,-9.44759284612119e-5,-0.0003037122868719269,9.868729438422751e-5,-0.00021541845637007304,2.49323492857456e-5,income_share_var,Energy_intensive,Energy intensive,6,Service
31,0.00014571676059779254,3.047848415481288e-6,0.0002966284525718672,5.652241925257813e-5,0.0002469271160157953,income_share_var,Energy_intensive,Energy intensive,6,Service
32,-1.7442045750966512e-5,-0.00021677063661193206,0.0002490614160443567,-0.00013865437681887506,0.00013148034072326396,income_share_var,Energy_intensive,Energy intensive,6,Service
33,-8.343908071338824e-5,-0.00030862610863374143,0.00019265018398186373,-0.00020787354111023067,5.9967140147560214e-5,income_share_var,Energy_intensive,Energy intensive,6,Service
34,-2.1564914314739993e-5,-0.00018580948612020886,0.00013813735467080638,-0.000117458915615086,6.81231396634147e-5,income_share_var,Energy_intensive,Energy intensive,6,Service
35,1.0513058563935655e-6,-0.00015392368897881422,0.00015374098699916025,-9.520958751414289e-5,9.535129275258052e-5,income_share_var,Energy_intensive,Energy intensive,6,Service
36,-0.00010790750675037934,-0.00030956968438043117,0.00011065821446688498,-0.00021808101616270585,2.302639315694967e-5,income_share_var,Energy_intensive,Energy intensive,6,Service
0,-2.71891221635532e-5,-0.00013782145998989946,9.321671812978026e-5,-0.00010354856121093954,4.73161049212357e-5,income_share_var,Energy_intensive,Energy intensive,7,Farming/forestry/construction
1,-9.711651826106753e-5,-0.00024300944428113015,5.297707873094744e-5,-0.00017994936929080052,-2.8159846065656783e-6,income_share_var,Energy_intensive,Energy intensive,7,Farming/forestry/construction
2,-0.00010342983851756955,-0.00021855114467119168,9.850050942699476e-6,-0.00017011461328904405,-4.574169955412016e-5,income_share_var,Energy_intensive,Energy intensive,7,Farming/forestry/construction
3,-5.858390296542086e-5,-0.00017575605393027252,8.465334674410916e-5,-0.00013163055706129335,2.63206385372412e-5,income_share_var,Energy_intensive,Energy intensive,7,Farming/forestry/construction
4,-8.594485343027974e-5,-0.0001889692237096685,2.2768740751646026e-5,-0.00015393942029185586,-1.748253237242561e-5,income_share_var,Energy_intensive,Energy intensive,7,Farming/forestry/construction
5,-3.4572864582701016e-6,-0.00010962803104129508,8.63878912790293e-5,-6.650693328007847e-5,5.3212009881906625e-5,income_share_var,Energy_intensive,Energy intensive,7,Farming/forestry/construction
6,7.205582012761736e-5,-4.696547474702107e-5,0.0002080235028304616,3.0491321717481597e-6,0.00015180896672103945,income_share_var,Energy_intensive,Energy intensive,7,Farming/forestry/construction
7,5.341061506826991e-5,-6.411758397800346e-5,0.00022096580290403825,-2.5017143574352014e-5,0.0001472231150076791,income_share_var,Energy_intensive,Energy intensive,7,Farming/forestry/construction
8,0.00013790017192260982,3.607730440122973e-5,0.0002562814388699927,7.389119474089062e-5,0.00020697649465752224,income_share_var,Energy_intensive,Energy intensive,7,Farming/forestry/construction
9,7.0007416067156e-5,-6.301318841887484e-5,0.00020325603322386986,-6.565122992559255e-6,0.00015206339854453014,income_share_var,Energy_intensive,Energy intensive,7,Farming/forestry/construction
10,-1.8046727579973473e-5,-0.00015458402782446483,0.00012856559019776658,-0.00010446911709202994,6.667793025116086e-5,income_share_var,Energy_intensive,Energy intensive,7,Farming/forestry/construction
11,6.0774379212000456e-5,-8.593674592264247e-5,0.00019347238232835843,-2.7523914164480897e-5,0.00013961498457752512,income_share_var,Energy_intensive,Energy intensive,7,Farming/forestry/construction
12,5.8350644532436695e-5,-5.2726692363703706e-5,0.00017628757872105316,-1.4976644001722569e-5,0.00012902872543301384,income_share_var,Energy_intensive,Energy intensive,7,Farming/forestry/construction
13,6.422829494390667e-5,-7.324733565480186e-5,0.00017241989658836712,-8.587540133957571e-6,0.00013585276037364886,income_share_var,Energy_intensive,Energy intensive,7,Farming/forestry/construction
14,-3.5096187324921705e-5,-0.00014485662707738937,6.453854735942147e-5,-0.00010723733157465291,2.3070473771970116e-5,income_share_var,Energy_intensive,Energy intensive,7,Farming/forestry/construction
15,0.00014643971565859152,3.253613337753837e-5,0.0002800371703224798,6.830305554537894e-5,0.00022153394437074428,income_share_var,Energy_intensive,Energy intensive,7,Farming/forestry/construction
16,0.00010114333184083169,-2.2632810960896847e-5,0.00023026073769869307,2.7833650555849008e-5,0.00017535048027892406,income_share_var,Energy_intensive,Energy intensive,7,Farming/forestry/construction
17,5.086190400497762e-5,-8.034517296204457e-5,0.0001534359549366142,-2.2582742873019916e-5,0.00010977599462495092,income_share_var,Energy_intensive,Energy intensive,7,Farming/forestry/construction
18,-0.00011365191062176166,-0.0002363018705398676,1.9902865681822613e-5,-0.00019581825363956963,-3.330943229287346e-5,income_share_var,Energy_intensive,Energy intensive,7,Farming/forestry/construction
19,7.710351887034812e-5,-5.529827771614649e-5,0.00020465200895655863,7.98254117338027e-6,0.00015109416435864936,income_share_var,Energy_intensive,Energy intensive,7,Farming/forestry/construction
20,8.133953760972683e-5,-2.424409874575183e-5,0.00017283585100329548,1.4854536408739642e-5,0.0001361055566846032,income_share_var,Energy_intensive,Energy intensive,7,Farming/forestry/construction
21,0.00010641005758747019,-1.6888586273644776e-5,0.00020977474770821246,3.421426822363816e-5,0.00017549599414802536,income_share_var,Energy_intensive,Energy intensive,7,Farming/forestry/construction
22,-5.556443725085017e-5,-0.00018518633542281918,6.436750164352648e-5,-0.00011992290658918681,1.8827303842889076e-5,income_share_var,Energy_intensive,Energy intensive,7,Farming/forestry/construction
23,-0.00010200584481504452,-0.00021406743871775786,2.1316561046176935e-5,-0.00016802098782316868,-2.738007667254849e-5,income_share_var,Energy_intensive,Energy intensive,7,Farming/forestry/construction
24,-2.5563642523314626e-5,-0.0001415076653858636,7.954122690862092e-5,-9.493662452242585e-5,4.0698520905505425e-5,income_share_var,Energy_intensive,Energy intensive,7,Farming/forestry/construction
25,8.375494497784673e-6,-0.00011993883942474953,0.0001374026100102376,-7.212202192622642e-5,9.355598737817547e-5,income_share_var,Energy_intensive,Energy intensive,7,Farming/forestry/construction
26,0.00018894829308886094,8.39154318221361e-5,0.0002757158016302525,0.0001278307731821157,0.0002481689960992207,income_share_var,Energy_intensive,Energy intensive,7,Farming/forestry/construction
27,0.00013612768708181873,-1.6813607675333057e-5,0.00027786207546347773,5.262568130914153e-5,0.00022332297919307209,income_share_var,Energy_intensive,Energy intensive,7,Farming/forestry/construction
28,0.00014606802680621806,8.856102829636554e-6,0.0002929955994858057,6.0423188064982994e-5,0.0002320021034047641,income_share_var,Energy_intensive,Energy intensive,7,Farming/forestry/construction
29,-4.661557464633659e-5,-0.00017885014829658604,9.220695071673192e-5,-0.00013178157787944593,4.216248538040237e-5,income_share_var,Energy_intensive,Energy intensive,7,Farming/forestry/construction
30,7.424549670332152e-5,-6.850635243969493e-5,0.0002353968110624208,-4.840952535662218e-6,0.00016623526731337324,income_share_var,Energy_intensive,Energy intensive,7,Farming/forestry/construction
31,-2.9367188945609093e-5,-0.00017368251620899196,0.00011251082688866776,-0.0001178617044782412,5.3602758595406414e-5,income_share_var,Energy_intensive,Energy intensive,7,Farming/forestry/construction
32,2.1776341515689504e-5,-0.00012179743743262757,0.00018791312418889105,-6.19368150111996e-5,0.00012274103862637613,income_share_var,Energy_intensive,Energy intensive,7,Farming/forestry/construction
33,0.00022893564274274744,0.00011670289118672876,0.00035794187021844827,0.00015008610908895088,0.00031079000576015654,income_share_var,Energy_intensive,Energy intensive,7,Farming/forestry/construction
34,0.00021272704486318571,9.676141217290374e-5,0.0003501254320243906,0.0001379709511978809,0.0002850592317021479,income_share_var,Energy_intensive,Energy intensive,7,Farming/forestry/construction
35,6.280061732068506e-5,-7.560993590338295e-5,0.000206416464363137,-1.8603898089830176e-5,0.0001454309114877748,income_share_var,Energy_intensive,Energy intensive,7,Farming/forestry/construction
36,9.955004757591937e-5,-3.469099245233411e-5,0.0002339010271786275,1.4577073132837154e-5,0.00018132890436689113,income_share_var,Energy_intensive,Energy intensive,7,Farming/forestry/construction
0,0.00011847693663596713,-4.711419057687275e-5,0.00031001135829379634,8.227539583375296e-6,0.00023376694202806119,income_share_var,Energy_intensive,Energy intensive,8,Precision production/repair
1,8.943325026016214e-5,-7.681906609566744e-5,0.0002468228504933546,-1.6812591557888518e-5,0.00019534845488686876,income_share_var,Energy_intensive,Energy intensive,8,Precision production/repair
2,0.0001793382943104672,2.3140516296033865e-5,0.0003626982605522938,8.08234178268509e-5,0.00028179221489846063,income_share_var,Energy_intensive,Energy intensive,8,Precision production/repair
3,-0.00014659395326785412,-0.0003366587092537031,3.0352617838104906e-5,-0.00025205382428495715,-3.8354435739671456e-5,income_share_var,Energy_intensive,Energy intensive,8,Precision production/repair
4,6.693111779098493e-5,-8.237977510897511e-5,0.00021416027733040286,-2.491294791754461e-5,0.000154271775498436,income_share_var,Energy_intensive,Energy intensive,8,Precision production/repair
5,9.693194590961112e-5,-5.7356596117154104e-5,0.0002553655975871241,2.266770850123284e-6,0.00018874124474313407,income_share_var,Energy_intensive,Energy intensive,8,Precision production/repair
6,0.00012536770500923123,6.474100059899025e-7,0.00027006523987289823,4.1977085970342005e-5,0.0002183842084741047,income_share_var,Energy_intensive,Energy intensive,8,Precision production/repair
7,-0.00014603083382871968,-0.00034841125946778566,5.5199232092347834e-5,-0.00026439677643943507,-2.1978862569693052e-5,income_share_var,Energy_intensive,Energy intensive,8,Precision production/repair
8,5.6548127539541755e-5,-0.00012398043583924533,0.0002465202477165851,-5.080724511792532e-5,0.00016865907794809062,income_share_var,Energy_intensive,Energy intensive,8,Precision production/repair
9,-0.0002695780991585652,-0.0005046973167407555,-6.350867310167768e-6,-0.00041269728561665366,-0.00012090529568325653,income_share_var,Energy_intensive,Energy intensive,8,Precision production/repair
10,6.685811362125309e-5,-0.00014872965834424973,0.00027564088686700736,-7.110038104042345e-5,0.0001830199926674879,income_share_var,Energy_intensive,Energy intensive,8,Precision production/repair
11,0.00025631115564354206,9.386534048719296e-5,0.0004215163441422218,0.00016781749167709992,0.00035483614775446944,income_share_var,Energy_intensive,Energy intensive,8,Precision production/repair
12,0.00012102546040727761,-0.00010796181671736447,0.0003274518088899279,-3.748298391581916e-6,0.0002389403496671909,income_share_var,Energy_intensive,Energy intensive,8,Precision production/repair
13,-1.304149121910079e-5,-0.00020520151033483121,0.00013475196288739147,-0.00012934158012620854,7.457804922697885e-5,income_share_var,Energy_intensive,Energy intensive,8,Precision production/repair
14,0.0002764395512866093,0.00013873720934311242,0.00042733190165925397,0.0001953694938268782,0.0003672861790883295,income_share_var,Energy_intensive,Energy intensive,8,Precision production/repair
15,3.5751412653464246e-5,-0.00013404121525370787,0.00019787357806775783,-6.880020184303726e-5,0.00014338862257324777,income_share_var,Energy_intensive,Energy intensive,8,Precision production/repair
16,6.78386865836158e-6,-0.00016730488331192443,0.00019687384747234918,-8.906899531070856e-5,0.00011077476717663883,income_share_var,Energy_intensive,Energy intensive,8,Precision production/repair
17,7.941923920268117e-5,-5.2779368785747156e-5,0.00021212592190975347,-2.9391671170906535e-6,0.00016218916791536946,income_share_var,Energy_intensive,Energy intensive,8,Precision production/repair
18,0.00016588827395096185,3.0012129247880786e-6,0.0003386560455808771,6.397475876361564e-5,0.0002704592322276058,income_share_var,Energy_intensive,Energy intensive,8,Precision production/repair
19,-9.158781417163e-5,-0.0002913573595046354,6.267256592954487e-5,-0.00021178564325289456,5.071941907289597e-6,income_share_var,Energy_intensive,Energy intensive,8,Precision production/repair
20,-1.4748474252405596e-5,-0.00018937505502136765,0.00017700920894840036,-0.00011847863944575905,0.00010087240654357823,income_share_var,Energy_intensive,Energy intensive,8,Precision production/repair
21,-8.448348283960864e-5,-0.0002711378701656168,0.0001051206161420531,-0.0001963617717511124,2.127365813977228e-5,income_share_var,Energy_intensive,Energy intensive,8,Precision production/repair
22,1.0893180816570623e-5,-0.0001965092202560468,0.0001930759529099385,-0.00011172175908391855,0.00012343092894429071,income_share_var,Energy_intensive,Energy intensive,8,Precision production/repair
23,3.6472149520711756e-5,-0.00014164688393224776,0.00017340272046581718,-6.617531225714868e-5,0.0001235097106340554,income_share_var,Energy_intensive,Energy intensive,8,Precision production/repair
24,0.00010801912971656641,-6.96025541523167e-5,0.00026978652538303276,-6.751564248238794e-6,0.00021585409291364753,income_share_var,Energy_intensive,Energy intensive,8,Precision production/repair
25,0.00010016738317541835,-8.216096644010053e-5,0.000276663101218921,-1.7548251626675417e-5,0.00019627682074131202,income_share_var,Energy_intensive,Energy intensive,8,Precision production/repair
26,0.00028473117743222433,0.0001382035431549664,0.00047496818162617204,0.00019960090942904777,0.0003968307895357244,income_share_var,Energy_intensive,Energy intensive,8,Precision production/repair
27,0.00018560431432827916,-1.1065005746644144e-6,0.00032372691830594115,7.580359640997609e-5,0.0002742222642197578,income_share_var,Energy_intensive,Energy intensive,8,Precision production/repair
28,5.733670810066156e-5,-0.00011282433565164418,0.00022070886374686777,-4.628563075963634e-5,0.0001579862736282493,income_share_var,Energy_intensive,Energy intensive,8,Precision production/repair
29,8.562742384824024e-5,-5.4228758439493877e-5,0.000226856605975382,-9.395895997271265e-7,0.0001755450022198236,income_share_var,Energy_intensive,Energy intensive,8,Precision production/repair
30,0.00021375594570188032,4.656368987771559e-5,0.00039595191926440143,0.00010825967826754165,0.0003192451400899843,income_share_var,Energy_intensive,Energy intensive,8,Precision production/repair
31,9.826953224269126e-5,-0.00012325525330815273,0.0002799296345822193,-2.335874752538804e-5,0.00021629503893642464,income_share_var,Energy_intensive,Energy intensive,8,Precision production/repair
32,-0.0001452107387944524,-0.00030075082154695283,2.1291048700143144e-5,-0.00023377902281607725,-5.013102963267549e-5,income_share_var,Energy_intensive,Energy intensive,8,Precision production/repair
33,-0.00014124148598440052,-0.0003306308928640065,3.070152638828859e-5,-0.00024852734014261786,-2.3725534536925798e-5,income_share_var,Energy_intensive,Energy intensive,8,Precision production/repair
34,-7.473934421158142e-5,-0.00022871215897140944,9.43416709752224e-5,-0.00016506501902299227,2.6689894479814546e-5,income_share_var,Energy_intensive,Energy intensive,8,Precision production/repair
35,0.00023181922574121196,-1.3022767300394376e-5,0.0004460877762475674,8.768239382683275e-5,0.00036572470913376505,income_share_var,Energy_intensive,Energy intensive,8,Precision production/repair
36,7.815837679397495e-5,-8.928035929138244e-5,0.00029885357349300197,-2.368382710476861e-5,0.00020606219980870774,income_share_var,Energy_intensive,Energy intensive,8,Precision production/repair
0,-0.00012736826114727814,-0.0003564801405593883,9.474713204462611e-5,-0.00026670814878530216,6.584442498958689e-6,income_share_var,Energy_intensive,Energy intensive,9,Machine operators/transport
1,-0.0002065681671419621,-0.00043026545476703966,1.164753230112865e-5,-0.0003341895772451258,-7.31478135851131e-5,income_share_var,Energy_intensive,Energy intensive,9,Machine operators/transport
2,0.0003183216098828231,9.266547203676259e-5,0.000537364592057247,0.00018299790971149557,0.0004478654757856449,income_share_var,Energy_intensive,Energy intensive,9,Machine operators/transport
3,0.00032313664328536466,0.00011891816386358064,0.0005343654872587268,0.00021286708212913796,0.00045246252089603057,income_share_var,Energy_intensive,Energy intensive,9,Machine operators/transport
4,-0.00026857464718017414,-0.00047376913265187025,-6.630146099019166e-5,-0.00038323988056034085,-0.00014035381894988768,income_share_var,Energy_intensive,Energy intensive,9,Machine operators/transport
5,-0.00023545800842350627,-0.000542174434134722,6.0028720330034555e-5,-0.0004007831390100529,-4.8214571608479065e-5,income_share_var,Energy_intensive,Energy intensive,9,Machine operators/transport
6,0.00011684045702053326,-0.00012054793252854447,0.0003614100884812018,-3.0208136282267934e-5,0.0002583705124084343,income_share_var,Energy_intensive,Energy intensive,9,Machine operators/transport
7,5.246670679087631e-5,-0.00014628520862040916,0.000257753348101781,-6.309091204376865e-5,0.00017765267849882276,income_share_var,Energy_intensive,Energy intensive,9,Machine operators/transport
8,0.00021989205512394923,-9.944148821980242e-5,0.0004750078762523935,1.6927887425288496e-5,0.00036390183920256293,income_share_var,Energy_intensive,Energy intensive,9,Machine operators/transport
9,-0.00011041009730485482,-0.00032619672333000354,0.0001119327342576212,-0.00025818961850385125,1.2994318816926179e-5,income_share_var,Energy_intensive,Energy intensive,9,Machine operators/transport
10,-1.974433693499266e-5,-0.0003016282990881411,0.0002295602336721102,-0.0001924056595654491,0.00013995263364938371,income_share_var,Energy_intensive,Energy intensive,9,Machine operators/transport
11,-0.00016964518669768716,-0.0003823537358356489,1.865501052782071e-5,-0.00031854233185985264,-5.1294995235542525e-5,income_share_var,Energy_intensive,Energy intensive,9,Machine operators/transport
12,0.0002304210648705173,-3.7373198347610684e-5,0.0004856773341847638,6.206951435521762e-5,0.00037871759004660835,income_share_var,Energy_intensive,Energy intensive,9,Machine operators/transport
13,-1.987102376510899e-5,-0.00028605640408092516,0.00022120173628470473,-0.00016631681990528566,0.00012339610137769447,income_share_var,Energy_intensive,Energy intensive,9,Machine operators/transport
14,0.00021864340343528746,-3.3161746874167875e-5,0.00047923586202325394,7.172503596429661e-5,0.00038773428532976105,income_share_var,Energy_intensive,Energy intensive,9,Machine operators/transport
15,4.5006172128333406e-5,-0.00022526419646931128,0.00032496833489002275,-0.00013006382434349904,0.00021108981065512676,income_share_var,Energy_intensive,Energy intensive,9,Machine operators/transport
16,-0.00018726939322462753,-0.0004640927892950998,7.237150137792407e-5,-0.0003519240650881521,-3.3400392685381525e-5,income_share_var,Energy_intensive,Energy intensive,9,Machine operators/transport
17,-7.525084973658535e-5,-0.00032532032437601133,0.0001658171728194813,-0.00021603457207559977,6.440412587366294e-5,income_share_var,Energy_intensive,Energy intensive,9,Machine operators/transport
18,-0.00010847785357579208,-0.0003487658374181719,0.00014847541045961342,-0.00023650001807994943,5.042273037031937e-5,income_share_var,Energy_intensive,Energy intensive,9,Machine operators/transport
19,-0.00025030325848076046,-0.0005036183396893829,1.9548643713527994e-5,-0.00040257488717421853,-8.087080405036606e-5,income_share_var,Energy_intensive,Energy intensive,9,Machine operators/transport
20,0.00020732713486256468,7.758045632015218e-7,0.00043532059075292715,7.753394318903641e-5,0.00033604317308958396,income_share_var,Energy_intensive,Energy intensive,9,Machine operators/transport
21,0.0001311109256093226,-0.0001563767445292502,0.0003530120331329841,-4.506173616591281e-5,0.00025821271206688924,income_share_var,Energy_intensive,Energy intensive,9,Machine operators/transport
22,-0.0002665830192780166,-0.000538624247177498,-3.9204435350564774e-6,-0.0004381651917378165,-9.975179234139538e-5,income_share_var,Energy_intensive,Energy intensive,9,Machine operators/transport
23,0.0002776153869441594,4.1988386070717054e-5,0.0005292797371943175,0.00013093807909436649,0.00041526142850362526,income_share_var,Energy_intensive,Energy intensive,9,Machine operators/transport
24,-6.476510275019802e-5,-0.00031445812141633466,0.00018805247003505032,-0.0002093277134334739,9.272532574141875e-5,income_share_var,Energy_intensive,Energy intensive,9,Machine operators/transport
25,-0.0002012146341853388,-0.0004110746505687085,2.39739993975e-5,-0.0003398392504569181,-6.127702630468471e-5,income_share_var,Energy_intensive,Energy intensive,9,Machine operators/transport
26,0.00013787001871751832,-0.00019192585311030854,0.00037962752643421794,-3.4347643268102984e-5,0.00028561706684524565,income_share_var,Energy_intensive,Energy intensive,9,Machine operators/transport
27,0.00037685936064574895,0.00018406154540444436,0.000580960066542037,0.00025244861181612197,0.0005030834028484291,income_share_var,Energy_intensive,Energy intensive,9,Machine operators/transport
28,6.30243564820007e-5,-0.00016520865503781977,0.0002965357797642583,-7.507552860246046e-5,0.0002063798546280728,income_share_var,Energy_intensive,Energy intensive,9,Machine operators/transport
29,0.0002145240661603513,-8.881142876838012e-5,0.0005457181522134009,4.375670994285233e-5,0.0004054207227777996,income_share_var,Energy_intensive,Energy intensive,9,Machine operators/transport
30,1.3661977805731225e-5,-0.00019726215438754625,0.0002539396549129484,-0.00011856146523433136,0.00015703696038696057,income_share_var,Energy_intensive,Energy intensive,9,Machine operators/transport
31,9.20116962938635e-5,-0.00014903656163501108,0.00032206319916801236,-4.727380467660259e-5,0.00023732137954721828,income_share_var,Energy_intensive,Energy intensive,9,Machine operators/transport
32,-5.068273166827308e-5,-0.00034821794261934575,0.0002248754604710937,-0.00022196177014163822,0.00010098977809064522,income_share_var,Energy_intensive,Energy intensive,9,Machine operators/transport
33,5.7279943068451664e-5,-0.00026039962528432754,0.00032849502330451906,-0.00012021799097662764,0.0002192776664709548,income_share_var,Energy_intensive,Energy intensive,9,Machine operators/transport
34,0.00013639752370370138,-0.00013486357289073557,0.0004363679060026372,-2.7056639867711706e-5,0.00030717198675978447,income_share_var,Energy_intensive,Energy intensive,9,Machine operators/transport
35,0.00036761060844471045,0.00014460810591044454,0.0005855733706379815,0.00022809302580060814,0.0004960301263239156,income_share_var,Energy_intensive,Energy intensive,9,Machine operators/transport
36,-0.00021638682830418988,-0.0005047089914728888,3.5273923041540824e-5,-0.00038977305672211604,-5.198442973795237e-5,income_share_var,Energy_intensive,Energy intensive,9,Machine operators/transport
0,-0.00024216362038974217,-0.0006369049213122077,0.0001227836683720535,-0.0004544951279066484,-3.320381483622257e-5,income_share_var,Manufacturing_Construction,Mfg. + construction,1,Managerial
1,2.256117179851916e-5,-0.0003279135770199503,0.0003890825230668921,-0.0001809699498464452,0.0002432494462804368,income_share_var,Manufacturing_Construction,Mfg. + construction,1,Managerial
2,7.419959775153575e-5,-0.00027931217718736925,0.00045102777459828764,-0.0001524235601745761,0.0002831049838966662,income_share_var,Manufacturing_Construction,Mfg. + construction,1,Managerial
3,0.0001400601207194485,-0.00024249432988291482,0.0005173647841931256,-9.701346403291974e-5,0.000367306781376641,income_share_var,Manufacturing_Construction,Mfg. + construction,1,Managerial
4,0.0003442424882587885,1.960619673599894e-5,0.0006331868841013015,0.0001506887294204287,0.0005191502149036288,income_share_var,Manufacturing_Construction,Mfg. + construction,1,Managerial
5,-3.6740129659680186e-5,-0.00041744725047511243,0.00040129787905156977,-0.0002630390767813524,0.0002298685811165856,income_share_var,Manufacturing_Construction,Mfg. + construction,1,Managerial
6,0.00023801212956216559,-0.00018892494350151323,0.000650512241790183,-1.7459979725440258e-5,0.00047690441397829495,income_share_var,Manufacturing_Construction,Mfg. + construction,1,Managerial
7,-0.0004153200558082247,-0.0008239280181228208,4.010652529873435e-6,-0.00064898368701815,-0.0001476906620495028,income_share_var,Manufacturing_Construction,Mfg. + construction,1,Managerial
8,0.00025994949046068426,-0.00016074332429464135,0.0006910808080502935,2.810186733542212e-6,0.0005213171776305358,income_share_var,Manufacturing_Construction,Mfg. + construction,1,Managerial
9,-3.510244868665107e-5,-0.00045513872027012046,0.00042807620246838754,-0.00029102500074314246,0.00022372042333153905,income_share_var,Manufacturing_Construction,Mfg. + construction,1,Managerial
10,-0.00012903987766148267,-0.0005698554492615663,0.0002986495084405105,-0.00039081297378597166,0.00014079175346209884,income_share_var,Manufacturing_Construction,Mfg. + construction,1,Managerial
11,-0.00017840825093858444,-0.000565883257690839,0.00019221003432131912,-0.0004219471777020192,4.2664177056362475e-5,income_share_var,Manufacturing_Construction,Mfg. + construction,1,Managerial
12,-0.00043614018245332194,-0.0009306449051693596,1.1201689155526879e-5,-0.0006991964680660543,-0.00018367704742371603,income_share_var,Manufacturing_Construction,Mfg. + construction,1,Managerial
13,8.253440314832498e-5,-0.0003233269602810462,0.00047637352118806253,-0.00015203471202099121,0.00031859963165699275,income_share_var,Manufacturing_Construction,Mfg. + construction,1,Managerial
14,-0.00016219052833828316,-0.0006085753580635095,0.0003081389996955247,-0.0004342288452375617,0.0001073164429456284,income_share_var,Manufacturing_Construction,Mfg. + construction,1,Managerial
15,-0.0005467130317184454,-0.0009266485716785837,-0.0001458035184155431,-0.0007681728678420735,-0.0003064585122115168,income_share_var,Manufacturing_Construction,Mfg. + construction,1,Managerial
16,-0.0002591692972522912,-0.0005738505456118755,0.00014036929395996005,-0.0004393259989126788,-2.6270455569621474e-5,income_share_var,Manufacturing_Construction,Mfg. + construction,1,Managerial
17,-0.0004813961084221341,-0.0009113844046309005,-2.7766112114266037e-5,-0.0007427765456201434,-0.00023379130165896052,income_share_var,Manufacturing_Construction,Mfg. + construction,1,Managerial
18,-0.00037541944536122386,-0.0007807110943854412,0.00011814451180959968,-0.0006416691002581003,-9.200106128214513e-5,income_share_var,Manufacturing_Construction,Mfg. + construction,1,Managerial
19,-0.00018250095740410935,-0.0006976298063837793,0.00024159337906974292,-0.00048940734609761,3.8482585809823476e-5,income_share_var,Manufacturing_Construction,Mfg. + construction,1,Managerial
20,-9.575928314270633e-5,-0.0005157641940689544,0.0004367920519921102,-0.00035316276896593256,0.00023183012840457444,income_share_var,Manufacturing_Construction,Mfg. + construction,1,Managerial
21,-0.0002942678399999751,-0.000722232015851168,0.00012900886572371316,-0.0005467727491151161,-5.245590065907095e-5,income_share_var,Manufacturing_Construction,Mfg. + construction,1,Managerial
22,-5.677387601237351e-5,-0.0006071282441790908,0.0004514841284251243,-0.0003751732804725063,0.0002708062972428289,income_share_var,Manufacturing_Construction,Mfg. + construction,1,Managerial
23,1.0477077712915001e-5,-0.00033858495109078735,0.000377916443710478,-0.0002153628630166856,0.0002243549379552308,income_share_var,Manufacturing_Construction,Mfg. + construction,1,Managerial
24,-0.0004576351642962616,-0.0009130413586388466,-2.3667306092470274e-5,-0.0007233890239070658,-0.0002002330996500558,income_share_var,Manufacturing_Construction,Mfg. + construction,1,Managerial
25,-0.000346818240173216,-0.0007673881290566504,4.955596403531654e-5,-0.0005826926625273092,-7.720622539130135e-5,income_share_var,Manufacturing_Construction,Mfg. + construction,1,Managerial
26,-0.00021323972432516988,-0.000694865200806211,0.00021665058090324508,-0.0005080200666963957,4.239695298019377e-5,income_share_var,Manufacturing_Construction,Mfg. + construction,1,Managerial
27,-0.0002111138652080878,-0.0006174437929086695,0.00018248297468689153,-0.00045763581921613977,6.114633698990778e-5,income_share_var,Manufacturing_Construction,Mfg. + construction,1,Managerial
28,-7.264433517499546e-5,-0.0004398191119434923,0.0003288132335620409,-0.00030723136534308184,0.00017755338224850097,income_share_var,Manufacturing_Construction,Mfg. + construction,1,Managerial
29,-0.00019679984307222637,-0.0006867023842697034,0.00021462281964148967,-0.0004945097163343678,6.591992197256544e-5,income_share_var,Manufacturing_Construction,Mfg. + construction,1,Managerial
30,-0.00046481264751917244,-0.0008272524232902559,-0.00011861853592926036,-0.0006840398944259309,-0.0002385729836589874,income_share_var,Manufacturing_Construction,Mfg. + construction,1,Managerial
31,0.0003861702611734358,-1.7798431537493044e-5,0.0007904177423147382,0.00014172632553792518,0.0006224099958562527,income_share_var,Manufacturing_Construction,Mfg. + construction,1,Managerial
32,0.00028864800793868825,-0.00015037378142296397,0.0008471226924289914,9.266322928815323e-6,0.0006201153513311714,income_share_var,Manufacturing_Construction,Mfg. + construction,1,Managerial
33,-0.0001552708303834298,-0.0006084795135834076,0.0002643866292114639,-0.0004201724949256621,9.781603270490047e-5,income_share_var,Manufacturing_Construction,Mfg. + construction,1,Managerial
34,-0.00039486259516428006,-0.000906688815469194,2.147693590340066e-5,-0.0006784253815673351,-0.00016280033159487352,income_share_var,Manufacturing_Construction,Mfg. + construction,1,Managerial
35,-0.0005385277082763468,-0.0009179723157381753,-7.728981095933161e-5,-0.0007540760275511772,-0.0002773014120852154,income_share_var,Manufacturing_Construction,Mfg. + construction,1,Managerial
36,-0.00045456613129318796,-0.0009294779958017745,2.2249602276959977e-5,-0.000722184712526616,-0.00015190680439682095,income_share_var,Manufacturing_Construction,Mfg. + construction,1,Managerial
0,0.0010479171901435539,0.0007489485196381872,0.0014595292530625171,0.0008543109134315275,0.0012894179256893851,income_share_var,Manufacturing_Construction,Mfg. + construction,2,Professional specialty
1,0.00026446583637622405,3.51441165149673e-5,0.0004910590719402727,0.00012173180702795534,0.0004021938670681837,income_share_var,Manufacturing_Construction,Mfg. + construction,2,Professional specialty
2,0.000631748057034682,0.00030956236590807304,0.0009935357772624346,0.00043031785142499685,0.0008324611395741917,income_share_var,Manufacturing_Construction,Mfg. + construction,2,Professional specialty
3,3.083545428599954e-5,-0.00022981485378467572,0.00027561739732572123,-0.0001304486495983577,0.0001855317505329889,income_share_var,Manufacturing_Construction,Mfg. + construction,2,Professional specialty
4,0.0005161263509822148,0.0002236442388804488,0.0008186317832993733,0.0003289320454332096,0.0007141891854325413,income_share_var,Manufacturing_Construction,Mfg. + construction,2,Professional specialty
5,0.0005893088844508227,0.00023196051467039774,0.000886458451948664,0.0003841404449492461,0.0007625580142226136,income_share_var,Manufacturing_Construction,Mfg. + construction,2,Professional specialty
6,0.0007409508243980866,0.0003812971916349868,0.0010566553660756755,0.0005156977423132495,0.0009377375309052431,income_share_var,Manufacturing_Construction,Mfg. + construction,2,Professional specialty
7,0.00018059754946573117,-0.00015959165080931057,0.000526735381480678,-4.6145130056464634e-5,0.0004018354526471779,income_share_var,Manufacturing_Construction,Mfg. + construction,2,Professional specialty
8,0.0003329872969978893,2.8006354311918417e-5,0.0006946636038071634,0.0001477391547659655,0.0005581110568897476,income_share_var,Manufacturing_Construction,Mfg. + construction,2,Professional specialty
9,-0.0001598009953258952,-0.0004813438550567474,0.00012289353232950595,-0.0003615767373988143,-4.790785568978371e-6,income_share_var,Manufacturing_Construction,Mfg. + construction,2,Professional specialty
10,0.0001752453162612831,-0.00020030233748280794,0.0005896999811720378,-4.594842486153189e-5,0.0004058874356091055,income_share_var,Manufacturing_Construction,Mfg. + construction,2,Professional specialty
11,0.0005497230938571503,0.0002791276338564636,0.0008211081221998677,0.00038165635885994845,0.0007071028952993203,income_share_var,Manufacturing_Construction,Mfg. + construction,2,Professional specialty
12,0.00045374647885943696,0.00014968468967295744,0.0007541260577764168,0.0002760328230431968,0.000614992406238486,income_share_var,Manufacturing_Construction,Mfg. + construction,2,Professional specialty
13,0.00018537113344849605,-0.00019328986806350034,0.0005310807273505866,-4.5540735374530286e-5,0.0003990031399515217,income_share_var,Manufacturing_Construction,Mfg. + construction,2,Professional specialty
14,0.0005007834818332182,0.00018430358237177903,0.0008160502241526853,0.00030299288787873107,0.0006952693224148606,income_share_var,Manufacturing_Construction,Mfg. + construction,2,Professional specialty
15,0.00012724413188364424,-0.00021024951719743806,0.0005102360903093838,-8.628993955780851e-5,0.0003316000301666509,income_share_var,Manufacturing_Construction,Mfg. + construction,2,Professional specialty
16,-0.00010303067917861543,-0.0005260419507137584,0.00030215732803877773,-0.000317687986185032,0.00012596025969766267,income_share_var,Manufacturing_Construction,Mfg. + construction,2,Professional specialty
17,0.0003384007211041159,-3.9939313805888513e-7,0.0006047849030549408,0.00013959965328908875,0.000507949629706086,income_share_var,Manufacturing_Construction,Mfg. + construction,2,Professional specialty
18,0.00043937234280805727,7.505682859256874e-5,0.0008019768189535678,0.00021005957034886784,0.0006451431037215059,income_share_var,Manufacturing_Construction,Mfg. + construction,2,Professional specialty
19,3.9984186625929854e-5,-0.0002503727453827007,0.0003696199036866461,-0.0001280613991283577,0.00023884285370044997,income_share_var,Manufacturing_Construction,Mfg. + construction,2,Professional specialty
20,0.00047681425622310463,0.00012778200915807052,0.0008651324208440109,0.0002603199338867861,0.0006788704691283756,income_share_var,Manufacturing_Construction,Mfg. + construction,2,Professional specialty
21,-0.00021791620288889383,-0.0005102830360478957,9.596332740459127e-5,-0.0004134137004641493,-2.8681527519679867e-5,income_share_var,Manufacturing_Construction,Mfg. + construction,2,Professional specialty
22,0.0003751474227687094,-5.8596087692307035e-6,0.0007574557330835565,0.00012779028223461575,0.000594702669079861,income_share_var,Manufacturing_Construction,Mfg. + construction,2,Professional specialty
23,0.0002786657467263333,-6.744207593986136e-5,0.000612057209643521,0.00010023191085051635,0.0004747172070354769,income_share_var,Manufacturing_Construction,Mfg. + construction,2,Professional specialty
24,-0.00016323498919952216,-0.0004913560075041327,0.0001226363122478487,-0.0003594848354145679,2.638663545485463e-5,income_share_var,Manufacturing_Construction,Mfg. + construction,2,Professional specialty
25,0.0003495006130576445,1.0898937529148895e-5,0.0006925717444717438,0.00014369733188638375,0.0005658080500083848,income_share_var,Manufacturing_Construction,Mfg. + construction,2,Professional specialty
26,0.00027610048940191286,-5.853426936005613e-5,0.0006289008287330201,7.775530744901811e-5,0.0004836969276417329,income_share_var,Manufacturing_Construction,Mfg. + construction,2,Professional specialty
27,-0.0003842266153102842,-0.000734282489235447,-1.9392321062461305e-5,-0.0005981766685709913,-0.0001811597510153857,income_share_var,Manufacturing_Construction,Mfg. + construction,2,Professional specialty
28,-9.67583239400162e-5,-0.00044101064071150765,0.00022934988761497084,-0.00029663795942246773,0.00011277901917786165,income_share_var,Manufacturing_Construction,Mfg. + construction,2,Professional specialty
29,-0.00025746987476345923,-0.0005452393003863186,4.697912776691494e-5,-0.0004403037969504907,-7.706360064586943e-5,income_share_var,Manufacturing_Construction,Mfg. + construction,2,Professional specialty
30,0.00010537194209129995,-0.0002549693818327773,0.00044631736005805596,-0.00011169898515377645,0.0003016054492529452,income_share_var,Manufacturing_Construction,Mfg. + construction,2,Professional specialty
31,-3.2181272984932316e-5,-0.00034503467845624824,0.0002889208961885202,-0.0002211569326770277,0.00017269112420524444,income_share_var,Manufacturing_Construction,Mfg. + construction,2,Professional specialty
32,0.0002672091691315913,-0.0001265932824429097,0.0005999704086118554,4.5398602837217877e-5,0.0004762733677305068,income_share_var,Manufacturing_Construction,Mfg. + construction,2,Professional specialty
33,-8.074395181829436e-5,-0.0004414039159450861,0.00029393925823568973,-0.000319609125969882,0.00014550925547165508,income_share_var,Manufacturing_Construction,Mfg. + construction,2,Professional specialty
34,0.00013161090003588447,-0.0001435834875706352,0.0003894379566603459,-4.515164505101906e-5,0.0002986391166509035,income_share_var,Manufacturing_Construction,Mfg. + construction,2,Professional specialty
35,0.00017047289576306625,-0.00016377310199513126,0.0005087256701774005,-3.66674938420563e-5,0.00037382080508228444,income_share_var,Manufacturing_Construction,Mfg. + construction,2,Professional specialty
36,0.0005129700672859471,0.00015410776995107795,0.0008482191403868307,0.00030959263761176495,0.000723092404919042,income_share_var,Manufacturing_Construction,Mfg. + construction,2,Professional specialty
0,-0.00011229022777251028,-0.0002522357013254237,2.362907595239158e-5,-0.00018748509210247597,-2.759628664147649e-5,income_share_var,Manufacturing_Construction,Mfg. + construction,3,High tech
1,-1.3372782735462436e-5,-0.0001362865714831608,0.00010491725372037376,-8.013758232830912e-5,5.795206452783457e-5,income_share_var,Manufacturing_Construction,Mfg. + construction,3,High tech
2,0.00016015160469567513,8.935354872038935e-6,0.0002939316821536326,8.429921139201774e-5,0.0002384720237320976,income_share_var,Manufacturing_Construction,Mfg. + construction,3,High tech
3,3.991855761537711e-5,-9.85507075836861e-5,0.00016897456322816952,-3.843067674887102e-5,0.00011742432907705431,income_share_var,Manufacturing_Construction,Mfg. + construction,3,High tech
4,-2.609430470305445e-5,-0.00016611483927752606,0.00013095261829608766,-0.00010122857138576275,7.63707126919959e-5,income_share_var,Manufacturing_Construction,Mfg. + construction,3,High tech
5,-1.5069444007890692e-5,-0.00017163907990845083,0.00013505450316829114,-0.00011385026798453627,7.793929634756766e-5,income_share_var,Manufacturing_Construction,Mfg. + construction,3,High tech
6,0.00012844356987503337,-3.0548559479986624e-5,0.00029086729198977024,2.892009192377106e-5,0.00022248376156666717,income_share_var,Manufacturing_Construction,Mfg. + construction,3,High tech
7,0.00017571927932717865,6.774531403550795e-5,0.00030396796941518467,0.00011959338843421577,0.0002484416811979255,income_share_var,Manufacturing_Construction,Mfg. + construction,3,High tech
8,2.5532927020220707e-5,-0.00013751745813786912,0.00016038291242122008,-7.175803394763725e-5,0.00010870868850711221,income_share_var,Manufacturing_Construction,Mfg. + construction,3,High tech
9,0.00016573291486181185,3.9610605551952205e-5,0.00026799851259202826,8.688818106732093e-5,0.0002258080914153077,income_share_var,Manufacturing_Construction,Mfg. + construction,3,High tech
10,-0.00015403209899346793,-0.00027559402127770913,-2.0851217930111248e-5,-0.00023463970900272873,-7.28978391472309e-5,income_share_var,Manufacturing_Construction,Mfg. + construction,3,High tech
11,-1.908330822673295e-5,-0.00014322236452103042,9.867843506255508e-5,-9.53751291716228e-5,5.1802612667891195e-5,income_share_var,Manufacturing_Construction,Mfg. + construction,3,High tech
12,-1.2415291294608896e-5,-0.0001512914365079541,0.00014342663168059435,-0.00010915196525870948,7.545008886128273e-5,income_share_var,Manufacturing_Construction,Mfg. + construction,3,High tech
13,-9.405815213350939e-5,-0.00022457457022725957,4.364091839389126e-5,-0.00017318616378717583,-7.441697690150945e-6,income_share_var,Manufacturing_Construction,Mfg. + construction,3,High tech
14,-2.8155645839453e-5,-0.00016180858820056778,0.00012932368763165003,-0.00010197892119975316,7.198033973938953e-5,income_share_var,Manufacturing_Construction,Mfg. + construction,3,High tech
15,0.00022169882595972668,6.261717539335918e-5,0.0003650707662321627,0.00012201648213679568,0.00031641744639250417,income_share_var,Manufacturing_Construction,Mfg. + construction,3,High tech
16,-5.2948557474889536e-5,-0.00019356297555325164,9.900614544071273e-5,-0.00012785616289133278,5.0575660188187825e-5,income_share_var,Manufacturing_Construction,Mfg. + construction,3,High tech
17,8.997803465056571e-5,-7.589884405859487e-5,0.00022583287920528478,-1.6034548661178857e-5,0.0001798677830465505,income_share_var,Manufacturing_Construction,Mfg. + construction,3,High tech
18,4.279860188719352e-5,-9.217208058185202e-5,0.0001781339303489714,-3.8533010972493156e-5,0.00012017840656675704,income_share_var,Manufacturing_Construction,Mfg. + construction,3,High tech
19,-1.4832458140389198e-5,-0.00015621140953123318,0.00013364980441461582,-0.00010159724861924125,8.617725503769893e-5,income_share_var,Manufacturing_Construction,Mfg. + construction,3,High tech
20,-5.181816651176266e-5,-0.0002069528566761322,7.586886152807123e-5,-0.00013645093771224066,3.260488875476238e-5,income_share_var,Manufacturing_Construction,Mfg. + construction,3,High tech
21,-4.296718832075586e-5,-0.0001748016010024393,8.304934268115691e-5,-0.0001169155685607634,3.464179601966219e-5,income_share_var,Manufacturing_Construction,Mfg. + construction,3,High tech
22,-0.0001885136516439656,-0.0003478974371513674,-3.718492497450118e-5,-0.00028002317980457836,-0.00010417190968833133,income_share_var,Manufacturing_Construction,Mfg. + construction,3,High tech
23,-5.88053546735617e-5,-0.00021361552469027542,0.00010010511167712614,-0.0001529620917353415,3.554723375258505e-5,income_share_var,Manufacturing_Construction,Mfg. + construction,3,High tech
24,9.400085638851489e-6,-0.00013539224616791553,0.00015651643218220183,-8.200613258387815e-5,9.587318410227113e-5,income_share_var,Manufacturing_Construction,Mfg. + construction,3,High tech
25,-0.00017571175685607526,-0.00034303451714130453,-2.080583792206137e-5,-0.0002605610627624786,-7.681113163353928e-5,income_share_var,Manufacturing_Construction,Mfg. + construction,3,High tech
26,1.145830570999708e-5,-0.00015060966211615033,0.00018705991165638344,-8.438277528538267e-5,0.00011327642532489387,income_share_var,Manufacturing_Construction,Mfg. + construction,3,High tech
27,7.03976316689532e-5,-8.445875596798149e-5,0.0002237439861598339,-2.2423275648100752e-5,0.00016510772864310392,income_share_var,Manufacturing_Construction,Mfg. + construction,3,High tech
28,-0.0001232222059893669,-0.0003053189593149533,3.913583578213711e-5,-0.0002304947195828611,-2.4324457873070953e-5,income_share_var,Manufacturing_Construction,Mfg. + construction,3,High tech
29,-4.885637527762557e-5,-0.00018556439030292357,9.471854541369764e-5,-0.0001344471978047727,5.242580909387788e-5,income_share_var,Manufacturing_Construction,Mfg. + construction,3,High tech
30,-3.493991303648948e-5,-0.00021464970964469348,0.00016095440764088328,-0.00014199230803528103,7.199369097181176e-5,income_share_var,Manufacturing_Construction,Mfg. + construction,3,High tech
31,5.040983618000359e-5,-9.974071753019392e-5,0.00023773334748691086,-4.193021236070528e-5,0.000161326850034348,income_share_var,Manufacturing_Construction,Mfg. + construction,3,High tech
32,0.00012319976561496772,-4.9185962843511746e-5,0.00028332916822350557,1.8155346830224024e-5,0.00023702610837523678,income_share_var,Manufacturing_Construction,Mfg. + construction,3,High tech
33,-0.00011868686488435754,-0.0002848626241180987,9.233968769169964e-5,-0.00022361820874968542,4.568937562666149e-6,income_share_var,Manufacturing_Construction,Mfg. + construction,3,High tech
34,-7.070763100240006e-5,-0.00025244159153877625,0.00011490598636908328,-0.00017426624737715773,4.038778081776257e-5,income_share_var,Manufacturing_Construction,Mfg. + construction,3,High tech
35,-2.4874628101707956e-5,-0.00018199884098822554,0.00014295254365586993,-0.00012110881598891139,7.79972521788909e-5,income_share_var,Manufacturing_Construction,Mfg. + construction,3,High tech
36,2.8690765598846426e-5,-0.00013997847310155836,0.0002131425932890984,-7.36822349064567e-5,0.00013531550675930854,income_share_var,Manufacturing_Construction,Mfg. + construction,3,High tech
0,7.821092903392426e-6,-0.000125293765387904,0.0001802331786365128,-7.202920249215252e-5,0.00010745066962924914,income_share_var,Manufacturing_Construction,Mfg. + construction,4,Sales
1,0.00022267046082679164,5.1423687145036684e-5,0.0004075935353931076,0.00010690582249783882,0.0003365346065797327,income_share_var,Manufacturing_Construction,Mfg. + construction,4,Sales
2,-9.974676128214972e-5,-0.00025647777194884926,5.981289191540284e-5,-0.00017853812709937188,6.176357667777153e-6,income_share_var,Manufacturing_Construction,Mfg. + construction,4,Sales
3,0.0002454309047538664,7.061072921311749e-5,0.000436444219873279,0.00012857284501306787,0.00035830995329461676,income_share_var,Manufacturing_Construction,Mfg. + construction,4,Sales
4,-0.00013001767287789483,-0.0003131721535887408,7.30282120760292e-5,-0.0002420001699965274,-1.3158448737521423e-5,income_share_var,Manufacturing_Construction,Mfg. + construction,4,Sales
5,-0.00010554788641509063,-0.0002939652777765459,7.66633688943094e-5,-0.00020598874632305397,1.6753991242923592e-5,income_share_var,Manufacturing_Construction,Mfg. + construction,4,Sales
6,0.00014389965452325025,-4.7653539981096444e-5,0.00032460826588941193,2.496418494908949e-5,0.0002548917160185274,income_share_var,Manufacturing_Construction,Mfg. + construction,4,Sales
7,-5.561092599007038e-6,-0.00021626246553684266,0.00020384181589677157,-0.00013468059270880302,0.00012446558196772765,income_share_var,Manufacturing_Construction,Mfg. + construction,4,Sales
8,0.00018317086303286788,-3.011650286004273e-5,0.00038160654627047356,4.534172040216979e-5,0.00030036041554481953,income_share_var,Manufacturing_Construction,Mfg. + construction,4,Sales
9,0.00018458206340252005,-3.10176857380063e-5,0.0003578204196113977,6.244741591116288e-5,0.0002966373549862821,income_share_var,Manufacturing_Construction,Mfg. + construction,4,Sales
10,3.2721540418609244e-5,-0.00019499113704626105,0.00021946375183825591,-0.00011014731116295294,0.0001480103299378139,income_share_var,Manufacturing_Construction,Mfg. + construction,4,Sales
11,8.671353352657623e-5,-0.0001043234723092177,0.00027267457077152356,-2.7190267999434428e-5,0.00019061469951096025,income_share_var,Manufacturing_Construction,Mfg. + construction,4,Sales
12,0.0002830063547734126,0.00010020405405840625,0.00046652457695529426,0.00017446992202982468,0.000401184279479373,income_share_var,Manufacturing_Construction,Mfg. + construction,4,Sales
13,0.00011886265122441456,-3.154940144251392e-5,0.0002814997767099878,3.075986719189156e-5,0.00022418273969800772,income_share_var,Manufacturing_Construction,Mfg. + construction,4,Sales
14,0.00011751183241953848,-5.2987434025630106e-5,0.0002893278550710765,1.3869888832008116e-5,0.00023327705585878805,income_share_var,Manufacturing_Construction,Mfg. + construction,4,Sales
15,-0.00010649141845861148,-0.00031938726051872765,0.00013886535988894645,-0.0002387839534757029,3.959187715792189e-5,income_share_var,Manufacturing_Construction,Mfg. + construction,4,Sales
16,6.987099734141481e-5,-0.00014386648104951748,0.00026899395905929046,-4.261335146779303e-5,0.00019784420522960824,income_share_var,Manufacturing_Construction,Mfg. + construction,4,Sales
17,2.056044057093366e-6,-0.0001977343050588492,0.00022520144058655955,-0.00011067294049750002,0.0001254850491856294,income_share_var,Manufacturing_Construction,Mfg. + construction,4,Sales
18,4.7053604537859136e-5,-0.0001765709630121537,0.0002661231274340953,-8.477110828984414e-5,0.00018500909627141402,income_share_var,Manufacturing_Construction,Mfg. + construction,4,Sales
19,-0.0001398092237094215,-0.0003623433599637997,6.265281297155204e-5,-0.00026756736126268347,-1.5483601172666146e-5,income_share_var,Manufacturing_Construction,Mfg. + construction,4,Sales
20,0.00010349814790472874,-9.623673801533142e-5,0.0003032462979874296,-1.3815060477576224e-5,0.00021940260565291722,income_share_var,Manufacturing_Construction,Mfg. + construction,4,Sales
21,9.406173724725795e-5,-8.918831941296239e-5,0.00030139263079915406,-2.5650289380721195e-5,0.0002167736286326191,income_share_var,Manufacturing_Construction,Mfg. + construction,4,Sales
22,-0.00017952390125405365,-0.000360525550551065,2.8887135703802372e-5,-0.00029326207890317677,-6.416759654772429e-5,income_share_var,Manufacturing_Construction,Mfg. + construction,4,Sales
23,5.2182159604807977e-5,-0.0001441766999802597,0.00025979227878589466,-6.187551538271628e-5,0.00017256632093135476,income_share_var,Manufacturing_Construction,Mfg. + construction,4,Sales
24,4.8824228857706154e-5,-0.00017857535402517456,0.0002852502060921071,-7.382537081375987e-5,0.00018884258324203262,income_share_var,Manufacturing_Construction,Mfg. + construction,4,Sales
25,-0.00010732541260560929,-0.00034486416870641213,0.00021957086828146914,-0.00025273641138529366,7.472295078160462e-5,income_share_var,Manufacturing_Construction,Mfg. + construction,4,Sales
26,0.000147877022406433,-2.36566223851603e-5,0.00035456019518870414,4.8507333424491686e-5,0.00027344676581538116,income_share_var,Manufacturing_Construction,Mfg. + construction,4,Sales
27,0.00023790247343779126,5.861256030827332e-5,0.000500017178444778,0.00013115554060526405,0.00037847860519722655,income_share_var,Manufacturing_Construction,Mfg. + construction,4,Sales
28,2.3745551809225135e-5,-0.00017608240362110378,0.0002884700338810172,-8.452949668897726e-5,0.00018689313689309263,income_share_var,Manufacturing_Construction,Mfg. + construction,4,Sales
29,-0.00012514471865309162,-0.00030777922010033287,7.927819029490075e-5,-0.00023504712508324907,4.202135327481505e-6,income_share_var,Manufacturing_Construction,Mfg. + construction,4,Sales
30,-0.00019788348935574298,-0.00037443625515973364,1.4130941834361073e-5,-0.0003061183569120675,-5.163132966610616e-5,income_share_var,Manufacturing_Construction,Mfg. + construction,4,Sales
31,-8.458643006373628e-5,-0.00029325539829217146,0.00016286185238670596,-0.00020167989519826888,5.496913198519943e-5,income_share_var,Manufacturing_Construction,Mfg. + construction,4,Sales
32,0.00016178602816530082,-5.724350315961912e-5,0.00037902017763477406,3.999404298289113e-5,0.0003033044093494557,income_share_var,Manufacturing_Construction,Mfg. + construction,4,Sales
33,-0.00016944957993349354,-0.0003349878663889465,3.976994605007486e-5,-0.0002759416162496271,-4.998992010467706e-5,income_share_var,Manufacturing_Construction,Mfg. + construction,4,Sales
34,-9.512760981174747e-5,-0.0002596173824156034,8.75565067618461e-5,-0.0002005953171601508,1.839691440047818e-5,income_share_var,Manufacturing_Construction,Mfg. + construction,4,Sales
35,-0.00010307613709197392,-0.0003031072467624631,0.0001538282453175522,-0.00021594080136756738,5.378622548402692e-5,income_share_var,Manufacturing_Construction,Mfg. + construction,4,Sales
36,-6.294032254053325e-5,-0.00026460552966323504,0.00016749117660663546,-0.000173978194097345,6.301265659083702e-5,income_share_var,Manufacturing_Construction,Mfg. + construction,4,Sales
0,0.0002996363607817638,8.047110390738452e-5,0.0005173639867296763,0.00016056357587608574,0.0004085882617078342,income_share_var,Manufacturing_Construction,Mfg. + construction,5,Administrative support
1,-0.0001618413909831996,-0.00031711626752897395,-1.7452353593457731e-6,-0.00024754313616710117,-6.848527334605302e-5,income_share_var,Manufacturing_Construction,Mfg. + construction,5,Administrative support
2,5.679149013636397e-5,-8.861034176413908e-5,0.0002251405351360636,-3.400342450794032e-5,0.00016839649831069465,income_share_var,Manufacturing_Construction,Mfg. + construction,5,Administrative support
3,0.00033035306749922965,0.00015736988083465953,0.0004978793578481449,0.00023473847768008458,0.000437155848240991,income_share_var,Manufacturing_Construction,Mfg. + construction,5,Administrative support
4,-6.337768482924633e-5,-0.0002614869278201517,0.0001278519516198543,-0.00017529512433842493,6.850930006052563e-5,income_share_var,Manufacturing_Construction,Mfg. + construction,5,Administrative support
5,0.00012495675833525997,-9.596752990064715e-5,0.00035959681086005836,1.8427718180512488e-5,0.0002565815413858016,income_share_var,Manufacturing_Construction,Mfg. + construction,5,Administrative support
6,0.00029913829101721977,0.00012907344164248954,0.0004808209339963299,0.00019296897764492098,0.0004023853894101622,income_share_var,Manufacturing_Construction,Mfg. + construction,5,Administrative support
7,-3.977342451925147e-5,-0.0002470077756195651,0.0001575951614703742,-0.00016426106472549056,6.516461032725061e-5,income_share_var,Manufacturing_Construction,Mfg. + construction,5,Administrative support
8,8.433330647245251e-5,-7.774232616726249e-5,0.00024365180506743535,-5.664276949610508e-6,0.00018506655983545938,income_share_var,Manufacturing_Construction,Mfg. + construction,5,Administrative support
9,0.0002793253121380762,7.578127183649621e-5,0.00046870123280500896,0.00015820963018598372,0.0003816205946106862,income_share_var,Manufacturing_Construction,Mfg. + construction,5,Administrative support
10,5.7737210539750855e-5,-0.00016695393864729022,0.00028737746056151016,-8.687130612956865e-5,0.00018091024165577265,income_share_var,Manufacturing_Construction,Mfg. + construction,5,Administrative support
11,0.00020215652347925457,2.6277025927120157e-5,0.00037621998923212635,9.417068944769357e-5,0.00031993859272865335,income_share_var,Manufacturing_Construction,Mfg. + construction,5,Administrative support
12,0.00039895524858339166,0.00021244794312455027,0.0006045623846889326,0.00027807878061511326,0.0005125802996618649,income_share_var,Manufacturing_Construction,Mfg. + construction,5,Administrative support
13,0.0001334602991202,-3.288403980269492e-5,0.00029314936734442054,3.26575252461344e-5,0.00023339182816377362,income_share_var,Manufacturing_Construction,Mfg. + construction,5,Administrative support
14,-4.938714167946384e-5,-0.0002774583013876318,0.00017222254362286532,-0.0001754629691853883,9.032510408956324e-5,income_share_var,Manufacturing_Construction,Mfg. + construction,5,Administrative support
15,7.374370681882553e-5,-0.00011821267949878477,0.00027583365174410537,-4.449999599228327e-5,0.00020012313633882374,income_share_var,Manufacturing_Construction,Mfg. + construction,5,Administrative support
16,0.0001265270761739935,-4.846937154607834e-5,0.0003039214533826551,1.3883331842185352e-5,0.00022764433954860846,income_share_var,Manufacturing_Construction,Mfg. + construction,5,Administrative support
17,-2.1378488052089625e-5,-0.00021581799102464715,0.00017020830739410071,-0.0001418519811406165,9.658306011905339e-5,income_share_var,Manufacturing_Construction,Mfg. + construction,5,Administrative support
18,0.00018549173978325178,4.475164937016993e-6,0.0003955413323729332,6.688243651478966e-5,0.0003051020207200034,income_share_var,Manufacturing_Construction,Mfg. + construction,5,Administrative support
19,-4.0196595967439555e-5,-0.00022426067834482223,0.0001648509038735803,-0.0001566156883829917,7.651174968694487e-5,income_share_var,Manufacturing_Construction,Mfg. + construction,5,Administrative support
20,0.00016345715145133307,-2.7130606660869753e-5,0.0003414626182798997,5.3779012169604694e-5,0.0002792200843312757,income_share_var,Manufacturing_Construction,Mfg. + construction,5,Administrative support
21,-1.608765824897013e-5,-0.00019927529777718296,0.0001996971297807789,-0.00014209038475676555,0.00011476825397209731,income_share_var,Manufacturing_Construction,Mfg. + construction,5,Administrative support
22,-4.49390571157701e-5,-0.00026945933287005893,0.0001682122625621199,-0.00017714640233365865,8.722848717123024e-5,income_share_var,Manufacturing_Construction,Mfg. + construction,5,Administrative support
23,-7.315028994703573e-5,-0.0002445883593670797,0.00012538112647612903,-0.00017592538295131845,5.674298905319643e-5,income_share_var,Manufacturing_Construction,Mfg. + construction,5,Administrative support
24,-7.488379274294789e-5,-0.00027896849419735696,0.00016402587449325314,-0.00019439381791906668,5.6430828216584277e-5,income_share_var,Manufacturing_Construction,Mfg. + construction,5,Administrative support
25,2.050119811172667e-5,-0.00016358810539487517,0.00022392755776811328,-8.991068357869057e-5,0.0001297049919899485,income_share_var,Manufacturing_Construction,Mfg. + construction,5,Administrative support
26,-0.0001775988691308886,-0.000398055100534374,4.212686678570977e-5,-0.0003058025582093841,-4.1747474639543914e-5,income_share_var,Manufacturing_Construction,Mfg. + construction,5,Administrative support
27,5.975179330147414e-5,-0.00012088585270406843,0.00024150854977383643,-4.759650380391398e-5,0.00017112038528958545,income_share_var,Manufacturing_Construction,Mfg. + construction,5,Administrative support
28,9.855119837434978e-5,-0.00011042852724990847,0.0003258861162005101,-2.3826414057041744e-5,0.00024207142553394554,income_share_var,Manufacturing_Construction,Mfg. + construction,5,Administrative support
29,7.946660992212919e-5,-8.073620073830816e-5,0.00025909084287444853,-1.0057203616289806e-5,0.00017249424964218022,income_share_var,Manufacturing_Construction,Mfg. + construction,5,Administrative support
30,1.8142276586349216e-6,-0.00018223265676197944,0.00019849391871718794,-0.00011734462748899746,0.00011384211041418403,income_share_var,Manufacturing_Construction,Mfg. + construction,5,Administrative support
31,8.562790298345248e-6,-0.00017925764287336305,0.00019706371146268752,-0.00010541830883796127,0.00012333901908715707,income_share_var,Manufacturing_Construction,Mfg. + construction,5,Administrative support
32,-5.3450491213847326e-5,-0.00023151863212498178,0.00013678271696567873,-0.00016845054220167082,5.8307219926024145e-5,income_share_var,Manufacturing_Construction,Mfg. + construction,5,Administrative support
33,-0.0001941552870318676,-0.00035994907857558444,-4.712842686660637e-6,-0.0003120868097257065,-9.639716847392874e-5,income_share_var,Manufacturing_Construction,Mfg. + construction,5,Administrative support
34,0.0002625012347864457,5.185899403521913e-5,0.0004824741159921448,0.00013494068329394885,0.00038927108516151977,income_share_var,Manufacturing_Construction,Mfg. + construction,5,Administrative support
35,-8.377489017696768e-5,-0.0002502081591193205,0.00010591074237676219,-0.00019355311876033832,2.8853347586184773e-5,income_share_var,Manufacturing_Construction,Mfg. + construction,5,Administrative support
36,-4.5739186228975326e-5,-0.000286282608992084,0.00020768633910355438,-0.00019031268122616715,9.329227802255528e-5,income_share_var,Manufacturing_Construction,Mfg. + construction,5,Administrative support
0,0.0002962485779527915,0.00012162874470485183,0.000492374218740855,0.00019813622524221953,0.0004049416848655653,income_share_var,Manufacturing_Construction,Mfg. + construction,6,Service
1,-0.00010638525470582779,-0.00038279227496317166,0.00018856370111383376,-0.00027484488278587055,5.922855934346172e-5,income_share_var,Manufacturing_Construction,Mfg. + construction,6,Service
2,-5.083736673836817e-5,-0.0002820082993486314,0.00016624374598789177,-0.00018085419536067226,8.319651915667228e-5,income_share_var,Manufacturing_Construction,Mfg. + construction,6,Service
3,4.3938411465379996e-5,-0.00013783661952515206,0.00020426836531407323,-6.614159756654208e-5,0.00012982969292901463,income_share_var,Manufacturing_Construction,Mfg. + construction,6,Service
4,-2.7797855928388345e-5,-0.00027207220862889383,0.00021427173796493982,-0.00016347656967010896,0.00011289109766752709,income_share_var,Manufacturing_Construction,Mfg. + construction,6,Service
5,0.00010947924852810093,-0.00018025890453974522,0.00048031384607044434,-5.7977673542385755e-5,0.0002995203354533637,income_share_var,Manufacturing_Construction,Mfg. + construction,6,Service
6,-0.00010146072448922048,-0.00039664388070354364,0.00018635800579815714,-0.0002596995610407195,6.503940196282701e-5,income_share_var,Manufacturing_Construction,Mfg. + construction,6,Service
7,0.00012451647780913733,-0.000162849620547863,0.0004081761456355252,-5.004027680005784e-5,0.0003062935915955626,income_share_var,Manufacturing_Construction,Mfg. + construction,6,Service
8,0.00022577000936700484,-1.0877779099882791e-5,0.00048701167245008333,8.00119945991203e-5,0.0003743807528226109,income_share_var,Manufacturing_Construction,Mfg. + construction,6,Service
9,6.153115486285212e-5,-0.00025698486502439524,0.0004035220877471828,-0.00013112636642145982,0.00022579711455839583,income_share_var,Manufacturing_Construction,Mfg. + construction,6,Service
10,4.631255982222253e-5,-0.0002799131604583364,0.0003768519154461386,-0.00015709497727430503,0.0002504768924355163,income_share_var,Manufacturing_Construction,Mfg. + construction,6,Service
11,0.00014274874228151793,-5.7853514191288685e-5,0.00035680731820458486,2.171056940504626e-5,0.0002815020622587729,income_share_var,Manufacturing_Construction,Mfg. + construction,6,Service
12,-0.00010897385881350111,-0.0003553706769657868,0.00011838161921761946,-0.00026099548960576574,5.2827634060303937e-5,income_share_var,Manufacturing_Construction,Mfg. + construction,6,Service
13,-0.0001324475113531549,-0.00045556204258160574,0.00014374419192982564,-0.000354171417133589,1.873672063248613e-5,income_share_var,Manufacturing_Construction,Mfg. + construction,6,Service
14,-7.59517485172826e-5,-0.00031120944080330977,0.00021527407077741642,-0.00021674217635252432,7.814479995759665e-5,income_share_var,Manufacturing_Construction,Mfg. + construction,6,Service
15,-1.55912297388645e-5,-0.00026973537824021433,0.0002817500551731374,-0.00017018612548591426,0.00013991084048750675,income_share_var,Manufacturing_Construction,Mfg. + construction,6,Service
16,0.0002000463301054036,-4.666602166624484e-5,0.0004322920553445366,4.325070139006367e-5,0.0003518613673640274,income_share_var,Manufacturing_Construction,Mfg. + construction,6,Service
17,8.140317912223226e-5,-0.00043236874323630126,0.00047642255294884925,-0.00023012677799072185,0.0003192116561680061,income_share_var,Manufacturing_Construction,Mfg. + construction,6,Service
18,2.4608538654888694e-5,-0.000553078592691487,0.0004887543991444249,-0.0003088210128140033,0.00026647204748601845,income_share_var,Manufacturing_Construction,Mfg. + construction,6,Service
19,0.0004024695779299777,0.00014793465861959897,0.0006421257654118603,0.00023778244087901536,0.0005529907237038761,income_share_var,Manufacturing_Construction,Mfg. + construction,6,Service
20,8.29843969997804e-5,-0.00018587269298798092,0.0003046554394041295,-6.775768676615459e-5,0.00022179772591903645,income_share_var,Manufacturing_Construction,Mfg. + construction,6,Service
21,-0.0002056127827100399,-0.0006323875409408473,0.0001257384781552161,-0.00041963003203828163,-7.478622798508673e-6,income_share_var,Manufacturing_Construction,Mfg. + construction,6,Service
22,0.00013955665606274294,-0.0001137233576552797,0.00041505729274235676,-1.5079451232013081e-5,0.000307746499647232,income_share_var,Manufacturing_Construction,Mfg. + construction,6,Service
23,9.72817180869275e-5,-8.88463707679889e-5,0.0003113061135261333,-3.07047939624481e-5,0.00022405916991617388,income_share_var,Manufacturing_Construction,Mfg. + construction,6,Service
24,-0.00011525583421376548,-0.0004204895557028206,0.00017612105216696557,-0.00027853421045344714,5.916854613804482e-5,income_share_var,Manufacturing_Construction,Mfg. + construction,6,Service
25,-0.00020272544020298963,-0.0007894398468183106,0.0002878989625719251,-0.000543292960290211,6.879510166797023e-5,income_share_var,Manufacturing_Construction,Mfg. + construction,6,Service
26,-3.0370569580887527e-5,-0.00032303177617739177,0.00019354780396152655,-0.00022440433852576234,0.00012757728081065232,income_share_var,Manufacturing_Construction,Mfg. + construction,6,Service
27,-0.0004307467724133248,-0.000787661463509987,-0.00015319364841227486,-0.0006314222230293956,-0.0002530922810897134,income_share_var,Manufacturing_Construction,Mfg. + construction,6,Service
28,0.00020526458014394228,-0.0003596367154316577,0.0007427287673693411,-0.0001302877897116413,0.0004989633558234696,income_share_var,Manufacturing_Construction,Mfg. + construction,6,Service
29,9.993991045203786e-5,-0.0004984568497092032,0.000656660940738565,-0.00022399625366547032,0.0004347617220480984,income_share_var,Manufacturing_Construction,Mfg. + construction,6,Service
30,-0.00020815551537466478,-0.0007863688039841357,0.0003695589960101598,-0.0005427406123465095,8.475042508843534e-5,income_share_var,Manufacturing_Construction,Mfg. + construction,6,Service
31,-0.0003837991320543684,-0.0011005992590016737,0.0001549000833437358,-0.0007425801667814294,-7.12067739696054e-5,income_share_var,Manufacturing_Construction,Mfg. + construction,6,Service
32,-0.00019143525407264752,-0.0005448549606709879,0.00013316143162178223,-0.0003896453298962024,-1.0745215871137202e-6,income_share_var,Manufacturing_Construction,Mfg. + construction,6,Service
33,2.303456850601522e-5,-0.0004452277590197026,0.0004628969358267876,-0.00025154675925143555,0.00027692012702552,income_share_var,Manufacturing_Construction,Mfg. + construction,6,Service
34,-0.00011781628631356412,-0.0006060051062655062,0.00032962357007292124,-0.0003900286858380471,0.0001843074267642969,income_share_var,Manufacturing_Construction,Mfg. + construction,6,Service
35,0.0001838929737308503,-0.00016061793312589139,0.0005127572332665744,-4.9331019641310665e-5,0.00038190749729356295,income_share_var,Manufacturing_Construction,Mfg. + construction,6,Service
36,-0.0004004127278188541,-0.001078088924036979,3.829993292825629e-5,-0.0007716687954574592,-0.00013652433797663275,income_share_var,Manufacturing_Construction,Mfg. + construction,6,Service
0,-0.00031725369527808096,-0.0007202861732985477,1.9861535211601633e-5,-0.0005526336379949944,-0.00014377817462133741,income_share_var,Manufacturing_Construction,Mfg. + construction,7,Farming/forestry/construction
1,-0.0002393463638232607,-0.0005741931547967664,6.151156012987848e-5,-0.0004226399292533321,-8.09765341840295e-5,income_share_var,Manufacturing_Construction,Mfg. + construction,7,Farming/forestry/construction
2,8.967365740936121e-5,-0.00024469308926047947,0.0003981612273633252,-0.00012831110676858734,0.00029011076600277846,income_share_var,Manufacturing_Construction,Mfg. + construction,7,Farming/forestry/construction
3,9.271041306500791e-5,-0.0003938686839817955,0.0004628330286848485,-0.00017623486222446684,0.0003280311824419298,income_share_var,Manufacturing_Construction,Mfg. + construction,7,Farming/forestry/construction
4,1.2945158613883079e-5,-0.0003772325962681005,0.0003393932445243737,-0.0002383661437460134,0.00021133041564386007,income_share_var,Manufacturing_Construction,Mfg. + construction,7,Farming/forestry/construction
5,-0.00017885628742682263,-0.0005718995006136921,0.00019380214527848927,-0.0004244500504887739,3.47880395106845e-5,income_share_var,Manufacturing_Construction,Mfg. + construction,7,Farming/forestry/construction
6,-0.00014020522876438904,-0.000523300983128945,0.00019816221051175025,-0.00037179251779610907,6.336930348777205e-5,income_share_var,Manufacturing_Construction,Mfg. + construction,7,Farming/forestry/construction
7,-0.00030721360348985187,-0.0007624323419235303,5.49565058177592e-5,-0.0005763238778879523,-8.013280560286451e-5,income_share_var,Manufacturing_Construction,Mfg. + construction,7,Farming/forestry/construction
8,0.0001733419471545928,-0.00021010228325139206,0.0005172560138328596,-6.935062437523945e-5,0.00038043689432394883,income_share_var,Manufacturing_Construction,Mfg. + construction,7,Farming/forestry/construction
9,0.00019382378630515695,-0.00019993309021853185,0.0005782394333649712,-4.7379806305537916e-5,0.00040105933989945493,income_share_var,Manufacturing_Construction,Mfg. + construction,7,Farming/forestry/construction
10,0.00018212814109707545,-0.00013102164634868884,0.00047510433465817916,-1.2422829623836532e-5,0.00035180552160757106,income_share_var,Manufacturing_Construction,Mfg. + construction,7,Farming/forestry/construction
11,0.00012765233325501532,-0.00014152223012140513,0.00039530395790845195,-2.69149400225672e-5,0.0002843829896349877,income_share_var,Manufacturing_Construction,Mfg. + construction,7,Farming/forestry/construction
12,-0.00010433669423491054,-0.0005071993769753952,0.000305293832464777,-0.00031181968825179867,0.00011886713498788083,income_share_var,Manufacturing_Construction,Mfg. + construction,7,Farming/forestry/construction
13,-0.00032614302059961927,-0.0006287683751781156,-1.4100761867599136e-5,-0.0005344126981727088,-0.00016048981194573313,income_share_var,Manufacturing_Construction,Mfg. + construction,7,Farming/forestry/construction
14,-7.674150696987696e-5,-0.000547987152854506,0.00028163184465231436,-0.00033702385250101606,0.00013295577352247977,income_share_var,Manufacturing_Construction,Mfg. + construction,7,Farming/forestry/construction
15,-0.00026163572952116366,-0.0007162130964984644,0.00013051069528345854,-0.0005476424576334783,-1.1848514544237796e-5,income_share_var,Manufacturing_Construction,Mfg. + construction,7,Farming/forestry/construction
16,-0.00019277888470745059,-0.0006461239031922666,0.00023692286802495208,-0.00045949301108213136,5.435383881544867e-5,income_share_var,Manufacturing_Construction,Mfg. + construction,7,Farming/forestry/construction
17,-0.0003658495518512671,-0.0008823673373560034,1.6922434143825597e-5,-0.0006491887568658718,-0.00012423303970710456,income_share_var,Manufacturing_Construction,Mfg. + construction,7,Farming/forestry/construction
18,-0.00020086133317469577,-0.0007344730890050555,0.00017847544300003622,-0.0005149654578639289,5.722701577881383e-5,income_share_var,Manufacturing_Construction,Mfg. + construction,7,Farming/forestry/construction
19,-0.0001893892211246147,-0.0007142451473357202,0.00015705321101261812,-0.0004681974724450064,4.540035379348395e-5,income_share_var,Manufacturing_Construction,Mfg. + construction,7,Farming/forestry/construction
20,7.477601344951038e-5,-0.00034397002236852465,0.0004868372407212604,-0.00018190748219647338,0.00032916936052761024,income_share_var,Manufacturing_Construction,Mfg. + construction,7,Farming/forestry/construction
21,-0.0003236874399716806,-0.0006535389367422541,2.8798346329975404e-5,-0.0005218962815471807,-9.617602541184687e-5,income_share_var,Manufacturing_Construction,Mfg. + construction,7,Farming/forestry/construction
22,-0.00016228947339685725,-0.0004897733131212614,0.00016872036976032316,-0.00036107928510638754,5.450506139909763e-5,income_share_var,Manufacturing_Construction,Mfg. + construction,7,Farming/forestry/construction
23,-0.0003023331798482994,-0.0006108114280885014,9.721851504791614e-6,-0.0004917687643844447,-0.00010745873333607624,income_share_var,Manufacturing_Construction,Mfg. + construction,7,Farming/forestry/construction
24,-2.476439821374525e-5,-0.00045297577140396755,0.0003815446575262534,-0.0002628801919752221,0.00023374480990146122,income_share_var,Manufacturing_Construction,Mfg. + construction,7,Farming/forestry/construction
25,-0.0004629030522295893,-0.0008489580424681976,-0.0001339515587374542,-0.0006947352584035592,-0.00027655015016347917,income_share_var,Manufacturing_Construction,Mfg. + construction,7,Farming/forestry/construction
26,-0.00021277386116720062,-0.0006091871315628535,0.00022898591312484805,-0.0004856409818186301,5.194022606239276e-5,income_share_var,Manufacturing_Construction,Mfg. + construction,7,Farming/forestry/construction
27,-6.037322046811292e-5,-0.000546988081953678,0.00028690631802631396,-0.00032225017877246325,0.00017252755756110916,income_share_var,Manufacturing_Construction,Mfg. + construction,7,Farming/forestry/construction
28,-3.9889768406636006e-5,-0.000534339349730675,0.00041302104855812114,-0.0003027004825071367,0.00022682876575488413,income_share_var,Manufacturing_Construction,Mfg. + construction,7,Farming/forestry/construction
29,-0.0005383999225946919,-0.001074478290919098,-0.00012360770495091435,-0.0008409244044375889,-0.0002725979476120557,income_share_var,Manufacturing_Construction,Mfg. + construction,7,Farming/forestry/construction
30,1.6024599964454156e-5,-0.0005338888044969497,0.0003897495276103294,-0.0003020624851641485,0.00028053082992049515,income_share_var,Manufacturing_Construction,Mfg. + construction,7,Farming/forestry/construction
31,-0.0005820912120190355,-0.0011323794684157812,-0.00017605662832193198,-0.0009420394686046169,-0.00032109625686321856,income_share_var,Manufacturing_Construction,Mfg. + construction,7,Farming/forestry/construction
32,-0.00030341193198152685,-0.0008037016851030987,0.00014788952447493327,-0.000581459868594454,-4.24112404078397e-5,income_share_var,Manufacturing_Construction,Mfg. + construction,7,Farming/forestry/construction
33,-0.00022632390235306305,-0.0006813305934942903,0.00016108001329739836,-0.0005052418875767777,1.558924697555328e-5,income_share_var,Manufacturing_Construction,Mfg. + construction,7,Farming/forestry/construction
34,-0.00019603227086663892,-0.0005315315106582559,0.00018992099559686314,-0.00039120294976206446,4.9402776006456995e-5,income_share_var,Manufacturing_Construction,Mfg. + construction,7,Farming/forestry/construction
35,-0.0003876326085737909,-0.000777130674597234,1.2742074249456675e-5,-0.0006107045653278788,-0.00014767355366227222,income_share_var,Manufacturing_Construction,Mfg. + construction,7,Farming/forestry/construction
36,-0.00012321552193750253,-0.0005462675094038098,0.00030174077018165304,-0.00035157170645465835,0.0001248101596853878,income_share_var,Manufacturing_Construction,Mfg. + construction,7,Farming/forestry/construction
0,0.0002711702671200551,-1.5352749751463386e-5,0.0005639856889112617,0.00010352569420161921,0.0004555533156958715,income_share_var,Manufacturing_Construction,Mfg. + construction,8,Precision production/repair
1,0.00013843214510521137,-0.00014808312739026164,0.0004666539542389621,-4.467593964381817e-5,0.00033267040748377044,income_share_var,Manufacturing_Construction,Mfg. + construction,8,Precision production/repair
2,-0.00023001419253106565,-0.0005575072053459844,6.621023184578029e-5,-0.000442917284432577,-4.585005039442079e-5,income_share_var,Manufacturing_Construction,Mfg. + construction,8,Precision production/repair
3,-4.72454961794614e-5,-0.0003017742575765693,0.0002152249712837918,-0.0002091726893646492,0.0001051669795213429,income_share_var,Manufacturing_Construction,Mfg. + construction,8,Precision production/repair
4,-0.00018684508804379862,-0.00045543628514076477,7.703642198728927e-5,-0.0003487395062836316,-2.1640652287228967e-7,income_share_var,Manufacturing_Construction,Mfg. + construction,8,Precision production/repair
5,-0.0002937431169894058,-0.0005891849018789154,4.1250794225269915e-5,-0.0004702509656987582,-0.0001024361614550531,income_share_var,Manufacturing_Construction,Mfg. + construction,8,Precision production/repair
6,0.00018383284460355011,-8.004804964558261e-5,0.000488789779701442,1.872146469349923e-5,0.0003802499949401959,income_share_var,Manufacturing_Construction,Mfg. + construction,8,Precision production/repair
7,-0.00036663955363331154,-0.0007385287696927939,-6.548636369719965e-5,-0.0005613410829027275,-0.00018545203951197874,income_share_var,Manufacturing_Construction,Mfg. + construction,8,Precision production/repair
8,2.0488877938300595e-5,-0.0002740796783586231,0.00034609355517039,-0.00016389262952506433,0.00021601529628381737,income_share_var,Manufacturing_Construction,Mfg. + construction,8,Precision production/repair
9,-3.0625333731259785e-6,-0.0003011130720486276,0.0002662987545247741,-0.00017711675031359866,0.00014504875642372205,income_share_var,Manufacturing_Construction,Mfg. + construction,8,Precision production/repair
10,-0.00031822191613941643,-0.0006306290356161667,-1.5551112511165194e-5,-0.0004975600722564976,-0.00015116940639397865,income_share_var,Manufacturing_Construction,Mfg. + construction,8,Precision production/repair
11,-0.00017320541216970657,-0.00041435829181309125,6.154269974125391e-5,-0.0003152569554439469,-2.5349801626958584e-5,income_share_var,Manufacturing_Construction,Mfg. + construction,8,Precision production/repair
12,-0.00033783214489121674,-0.0006388093444165055,-3.8626473586992856e-5,-0.0005149827461607625,-0.0001762705358890313,income_share_var,Manufacturing_Construction,Mfg. + construction,8,Precision production/repair
13,-0.00010799049940622597,-0.00039925470554289297,0.00015701852534805193,-0.0002800145132726789,5.4347741347293056e-5,income_share_var,Manufacturing_Construction,Mfg. + construction,8,Precision production/repair
14,-4.8339765964182535e-5,-0.00035668169121273806,0.00026121860051101745,-0.0002261625386822775,0.00013284766110220424,income_share_var,Manufacturing_Construction,Mfg. + construction,8,Precision production/repair
15,9.672474977241164e-5,-0.0002260972002592768,0.00035129052147976945,-9.039157880414506e-5,0.0002615012550243631,income_share_var,Manufacturing_Construction,Mfg. + construction,8,Precision production/repair
16,-0.00022683996405072,-0.00046617623630286465,5.0343285043841994e-5,-0.00037732333781855004,-7.419287360456309e-5,income_share_var,Manufacturing_Construction,Mfg. + construction,8,Precision production/repair
17,-2.4198790167275087e-5,-0.0003722136230224376,0.00027810037807798134,-0.00022559152294350456,0.00017337303285633955,income_share_var,Manufacturing_Construction,Mfg. + construction,8,Precision production/repair
18,8.90079718901484e-5,-0.00022412467565114297,0.0003801499783928451,-9.558959391837043e-5,0.00026768326993951454,income_share_var,Manufacturing_Construction,Mfg. + construction,8,Precision production/repair
19,-5.233136143584744e-5,-0.00045254187998296675,0.00027270235273452203,-0.00030187006179511615,0.0001453076535933658,income_share_var,Manufacturing_Construction,Mfg. + construction,8,Precision production/repair
20,-0.0002667562942065995,-0.0006297507881198891,1.864859367533135e-5,-0.00048657429941072845,-9.894775956155791e-5,income_share_var,Manufacturing_Construction,Mfg. + construction,8,Precision production/repair
21,5.758647440072062e-5,-0.00021408068758472268,0.00026965173139005164,-0.00010554689761400925,0.0001856371930351269,income_share_var,Manufacturing_Construction,Mfg. + construction,8,Precision production/repair
22,5.274759413645395e-5,-0.0002631292251398521,0.00030313659888995414,-0.00011667450716136777,0.0001997122177519879,income_share_var,Manufacturing_Construction,Mfg. + construction,8,Precision production/repair
23,7.840715142359163e-5,-0.00023945020936754348,0.00035520320589043383,-0.00011374652101652615,0.00025754063674846066,income_share_var,Manufacturing_Construction,Mfg. + construction,8,Precision production/repair
24,-3.7078475367078444e-5,-0.0003261331671299617,0.0002376137247717938,-0.00021736908495253212,0.00011315991917636032,income_share_var,Manufacturing_Construction,Mfg. + construction,8,Precision production/repair
25,-0.00029212537113452503,-0.000587482389933556,1.3347739189481197e-5,-0.0004670810492335845,-0.00012871865319184992,income_share_var,Manufacturing_Construction,Mfg. + construction,8,Precision production/repair
26,-0.000353211949736131,-0.0007752730008802972,1.7417828188655228e-5,-0.0006440632637446694,-0.00013787728244423866,income_share_var,Manufacturing_Construction,Mfg. + construction,8,Precision production/repair
27,-5.676251325339853e-5,-0.00042116778568546614,0.0002377015634831842,-0.00029403051239473225,0.00012232445857269966,income_share_var,Manufacturing_Construction,Mfg. + construction,8,Precision production/repair
28,-0.00043448385834525543,-0.0007509714094824751,-0.00017548569571388924,-0.00062678804030553,-0.00027350787757349194,income_share_var,Manufacturing_Construction,Mfg. + construction,8,Precision production/repair
29,0.00010879753281809281,-0.00023518549762237886,0.00044107374117454404,-9.528697435165612e-5,0.0002898744187972877,income_share_var,Manufacturing_Construction,Mfg. + construction,8,Precision production/repair
30,-0.00012911147418654973,-0.0005153332209069219,0.00012660018931233137,-0.000349749638599848,2.9142132083527072e-5,income_share_var,Manufacturing_Construction,Mfg. + construction,8,Precision production/repair
31,-0.00010022743936993361,-0.00041549735466897124,0.00019770063972308758,-0.0002982980389854998,8.749607717638845e-5,income_share_var,Manufacturing_Construction,Mfg. + construction,8,Precision production/repair
32,-0.0003147113529635125,-0.0006342143629427436,-2.2832919323563918e-5,-0.0005001063474573425,-0.00013093458819978375,income_share_var,Manufacturing_Construction,Mfg. + construction,8,Precision production/repair
33,1.6936674712773816e-5,-0.0002914308242605518,0.0003209221925412265,-0.00015786973598520091,0.00020221180818403542,income_share_var,Manufacturing_Construction,Mfg. + construction,8,Precision production/repair
34,0.00010992034108136438,-0.0001478526428296572,0.0003895976018504882,-5.5437846349297996e-5,0.0002746503598176002,income_share_var,Manufacturing_Construction,Mfg. + construction,8,Precision production/repair
35,-5.700700750262736e-5,-0.00034919613419522104,0.0002263191331613848,-0.0002240461403568667,9.985514635660904e-5,income_share_var,Manufacturing_Construction,Mfg. + construction,8,Precision production/repair
36,-4.973020694860993e-5,-0.0003365283891818607,0.00023473929849003507,-0.0002315378197611436,0.00012189003826175713,income_share_var,Manufacturing_Construction,Mfg. + construction,8,Precision production/repair
0,-0.00012282086649968317,-0.0005509309150345224,0.00031582495996821075,-0.0003943645534181075,0.0001315452488810781,income_share_var,Manufacturing_Construction,Mfg. + construction,9,Machine operators/transport
1,0.0002290557077558982,-0.00019118813740103067,0.0007154539516191717,-1.666529335602677e-5,0.0004951637310985022,income_share_var,Manufacturing_Construction,Mfg. + construction,9,Machine operators/transport
2,-5.630237673512589e-5,-0.0004848872847365509,0.000436735341386745,-0.0002972711057744907,0.00024232850733157474,income_share_var,Manufacturing_Construction,Mfg. + construction,9,Machine operators/transport
3,0.00015685772932747864,-0.0003393127931628808,0.0005986471471294785,-0.00012438851102431595,0.0004376031763568307,income_share_var,Manufacturing_Construction,Mfg. + construction,9,Machine operators/transport
4,0.0001667266319981013,-0.00028015736422222894,0.0006626137896778253,-9.862581899792286e-5,0.00045023343957142437,income_share_var,Manufacturing_Construction,Mfg. + construction,9,Machine operators/transport
5,-0.0005994243888911008,-0.0011416982227538492,-7.868752867876702e-5,-0.000919499177931892,-0.00027192219454562344,income_share_var,Manufacturing_Construction,Mfg. + construction,9,Machine operators/transport
6,-0.000721854102565919,-0.0013199949027108786,-0.00023549960203894345,-0.0010762881717145034,-0.0004206091845601427,income_share_var,Manufacturing_Construction,Mfg. + construction,9,Machine operators/transport
7,-0.00032850449112728996,-0.0007707261961397212,6.845392762970905e-5,-0.0005800755132643195,-7.742512856695233e-5,income_share_var,Manufacturing_Construction,Mfg. + construction,9,Machine operators/transport
8,-0.0002602467121545522,-0.0006552916921063725,0.00011395946780387513,-0.0005253789258830356,-3.558739057709745e-5,income_share_var,Manufacturing_Construction,Mfg. + construction,9,Machine operators/transport
9,-0.00015275764081114148,-0.0006130335456931648,0.0002838206006046455,-0.0004008419181420203,0.0001339093041856565,income_share_var,Manufacturing_Construction,Mfg. + construction,9,Machine operators/transport
10,0.00011140201533891451,-0.00033131815632060765,0.0004853583547312938,-0.00016248132644717264,0.0003460258128086179,income_share_var,Manufacturing_Construction,Mfg. + construction,9,Machine operators/transport
11,-0.00011234258094345048,-0.0005032476618998663,0.00030719635976646096,-0.00034433205971710185,0.0001274337862641305,income_share_var,Manufacturing_Construction,Mfg. + construction,9,Machine operators/transport
12,-0.0002462580209732324,-0.0007498038550960825,0.00026166616069569826,-0.0005273199096086675,5.867120216198924e-5,income_share_var,Manufacturing_Construction,Mfg. + construction,9,Machine operators/transport
13,0.00041418442190462685,-3.469845833089602e-5,0.0008450750469174587,0.00011301793047094474,0.0006808250620522778,income_share_var,Manufacturing_Construction,Mfg. + construction,9,Machine operators/transport
14,0.00027635935900413333,-0.00021704217578200074,0.000765943410771475,-3.784528491358578e-5,0.000570157300602949,income_share_var,Manufacturing_Construction,Mfg. + construction,9,Machine operators/transport
15,-0.0002625241384238999,-0.0007813958225495513,0.00033224614061543343,-0.000564438594208028,8.508041912010577e-5,income_share_var,Manufacturing_Construction,Mfg. + construction,9,Machine operators/transport
16,-0.00019298994177631746,-0.0006913605713093335,0.0003455675898141533,-0.0004953896580932299,0.0001275513538822019,income_share_var,Manufacturing_Construction,Mfg. + construction,9,Machine operators/transport
17,-0.0006426197251240913,-0.0012740524749166003,-2.7470373592155075e-5,-0.0009964637038060021,-0.00026201769075399905,income_share_var,Manufacturing_Construction,Mfg. + construction,9,Machine operators/transport
18,-0.0005949307382878533,-0.001150144033171869,-1.4202099362606736e-6,-0.000950117853367448,-0.00021760835731898765,income_share_var,Manufacturing_Construction,Mfg. + construction,9,Machine operators/transport
19,-0.00041596467139461076,-0.0009686281972918999,0.0001242776010884577,-0.0007703756563213367,-0.00013303287496588804,income_share_var,Manufacturing_Construction,Mfg. + construction,9,Machine operators/transport
20,-0.0005368186210718358,-0.0010244804933933962,-0.00014509084415580494,-0.0008461742087549795,-0.0003064166870551983,income_share_var,Manufacturing_Construction,Mfg. + construction,9,Machine operators/transport
21,-0.00016772039884317154,-0.0007478963056563339,0.00024459654451115803,-0.0005186939717060732,0.00012268468092658272,income_share_var,Manufacturing_Construction,Mfg. + construction,9,Machine operators/transport
22,-0.00020213733127211837,-0.0007216781699415583,0.00020544068993558114,-0.000506275134891009,5.137014286415352e-5,income_share_var,Manufacturing_Construction,Mfg. + construction,9,Machine operators/transport
23,-0.0002482320617545475,-0.0007835258972905743,0.00023923744916131573,-0.0005841395095069717,2.127795414205274e-5,income_share_var,Manufacturing_Construction,Mfg. + construction,9,Machine operators/transport
24,-0.0003204139362864738,-0.0008232484888841433,0.0001534818301703446,-0.0006391964121563315,-2.6087248301480447e-5,income_share_var,Manufacturing_Construction,Mfg. + construction,9,Machine operators/transport
25,0.0002895900614139454,-0.00025305136711746654,0.0007264715464477707,-1.429663297948324e-5,0.0005257508318276212,income_share_var,Manufacturing_Construction,Mfg. + construction,9,Machine operators/transport
26,-9.16774162959645e-5,-0.0006405819933244459,0.0005118292047329866,-0.00041522132994763726,0.00024875856303597284,income_share_var,Manufacturing_Construction,Mfg. + construction,9,Machine operators/transport
27,0.00011307984232996176,-0.0004769176375609164,0.0007253087842314991,-0.00028228169327542383,0.00046470537288696614,income_share_var,Manufacturing_Construction,Mfg. + construction,9,Machine operators/transport
28,-0.00016826715885966085,-0.0007550919620475887,0.0003427416051506567,-0.0005115893608207855,0.00012597264658821498,income_share_var,Manufacturing_Construction,Mfg. + construction,9,Machine operators/transport
29,-0.00043348952426745444,-0.0010092305253356897,0.0001733904946704277,-0.0007834296225917407,-0.00011259782113624969,income_share_var,Manufacturing_Construction,Mfg. + construction,9,Machine operators/transport
30,-0.0002336024733910202,-0.0007174837985845198,0.00022149703715379358,-0.0005492023194142233,3.1405568408107395e-5,income_share_var,Manufacturing_Construction,Mfg. + construction,9,Machine operators/transport
31,-0.00014050129662733393,-0.0006904005780869509,0.00031361385094524793,-0.00047131959415092355,0.00012140263117067416,income_share_var,Manufacturing_Construction,Mfg. + construction,9,Machine operators/transport
32,-0.000527998757718489,-0.0010189079123159217,-8.969161936247096e-5,-0.0008384910481971802,-0.00026920009577340633,income_share_var,Manufacturing_Construction,Mfg. + construction,9,Machine operators/transport
33,-0.00031498058469399973,-0.0008185268111051904,0.0002487208579245478,-0.0006138321920756784,-7.882786380730027e-6,income_share_var,Manufacturing_Construction,Mfg. + construction,9,Machine operators/transport
34,-0.0004047757991951286,-0.0008015259385649648,6.590894817860317e-5,-0.0006469483475626222,-0.0001124955980833637,income_share_var,Manufacturing_Construction,Mfg. + construction,9,Machine operators/transport
35,-0.0001232403939578159,-0.0005661386231776032,0.0003721840211173612,-0.00036452738382605223,0.0001741605823188382,income_share_var,Manufacturing_Construction,Mfg. + construction,9,Machine operators/transport
36,8.853083190864097e-5,-0.0003386595719118745,0.0005268304167398553,-0.00018566883008967137,0.00038497156849964673,income_share_var,Manufacturing_Construction,Mfg. + construction,9,Machine operators/transport
0,1.8189612481848308e-5,-0.0003107880611996048,0.00031069048219042205,-0.0001860852396264663,0.00019675826263047252,income_share_var,Trade,Trade,1,Managerial
1,-6.49815485130694e-5,-0.00033657384644497325,0.0002226953745894348,-0.00023480514982414613,9.365195691363663e-5,income_share_var,Trade,Trade,1,Managerial
2,-0.00024554214763985804,-0.0006896640808798135,5.0508339573220344e-5,-0.0005234174429205329,-6.104231070933923e-5,income_share_var,Trade,Trade,1,Managerial
3,-0.00036981318792052683,-0.0006127054360876131,-0.0001222547039728129,-0.000521251942555908,-0.00020758350231901433,income_share_var,Trade,Trade,1,Managerial
4,-0.00015090929942852607,-0.00038443173813297853,0.00013695732949178262,-0.00029268434169134913,-5.671513998143127e-6,income_share_var,Trade,Trade,1,Managerial
5,-0.00016718644359070342,-0.0003692635256619595,0.00016190531493393692,-0.00029684669803787915,2.9617518059285504e-5,income_share_var,Trade,Trade,1,Managerial
6,-3.547381647314857e-5,-0.0002974550334605129,0.00018657244830569018,-0.0001855528137372053,9.281917268233938e-5,income_share_var,Trade,Trade,1,Managerial
7,-0.00013984559387599676,-0.00041678445162322765,0.00011269553650868015,-0.00034446811472403594,-7.1862417285557464e-6,income_share_var,Trade,Trade,1,Managerial
8,0.0001566343696178532,-0.0001025432627749437,0.00038340984729521243,2.108971364458913e-5,0.00029785660382584055,income_share_var,Trade,Trade,1,Managerial
9,0.00029809476747226905,-3.798237456058241e-6,0.000635384304411586,9.560203365119839e-5,0.0005239105067876034,income_share_var,Trade,Trade,1,Managerial
10,1.5705715595286677e-5,-0.00026004269118005296,0.00027721457867526815,-0.0001378314714878087,0.00018726726338572422,income_share_var,Trade,Trade,1,Managerial
11,-0.0002949161150177846,-0.0005816559146403864,2.5558378769119545e-5,-0.0004871298937866413,-8.932454925659764e-5,income_share_var,Trade,Trade,1,Managerial
12,-0.00031422751685362607,-0.0006629362244646668,-7.234329359709186e-5,-0.0005228420296505226,-0.0001539250935576103,income_share_var,Trade,Trade,1,Managerial
13,-0.00030808445309544015,-0.000579753831050322,-1.4520316698728131e-5,-0.0004705501191794832,-0.0001360750495689385,income_share_var,Trade,Trade,1,Managerial
14,-0.00010842965200621653,-0.000325520548952442,0.00013352030591753965,-0.00023595190553955093,4.377664471290979e-5,income_share_var,Trade,Trade,1,Managerial
15,6.88977547507045e-5,-0.0002127212124109473,0.0002717723861542023,-9.62014023275243e-5,0.00018355168758864133,income_share_var,Trade,Trade,1,Managerial
16,-0.00014643403876036078,-0.00033250583544772936,0.00014153126936103779,-0.0002706400479364154,1.0723940536218514e-5,income_share_var,Trade,Trade,1,Managerial
17,2.232238552181319e-6,-0.00032337604803774387,0.00033516818781238934,-0.00019247733508655167,0.00019815603552301813,income_share_var,Trade,Trade,1,Managerial
18,3.3321606667863726e-5,-0.00021688825138710882,0.00033209614162149804,-0.00011257378397644193,0.0002196968496717483,income_share_var,Trade,Trade,1,Managerial
19,-6.281665366761325e-5,-0.0003264588617861542,0.0001617551165981887,-0.00021635504100793888,7.093551449904477e-5,income_share_var,Trade,Trade,1,Managerial
20,0.00016746278390077375,-7.139787764457809e-5,0.00040707230330979457,2.0205851548957515e-5,0.00031273930645105364,income_share_var,Trade,Trade,1,Managerial
21,0.00015088839453918012,-0.00018237267714433058,0.00047944612161250806,-5.1366876799939086e-5,0.00034779394015250397,income_share_var,Trade,Trade,1,Managerial
22,-8.293078833142705e-5,-0.0003379915138592188,0.00024876485502054135,-0.00021158998316619032,0.00010878921665223529,income_share_var,Trade,Trade,1,Managerial
23,-0.00012489454783405878,-0.000391398542132903,0.00014340564409418216,-0.00027576809827612305,5.8694195627784294e-5,income_share_var,Trade,Trade,1,Managerial
24,-0.00015538491075396872,-0.00042588813181757674,9.485126963240182e-5,-0.0003293704545331592,-3.302002699959454e-7,income_share_var,Trade,Trade,1,Managerial
25,-7.272904095534406e-5,-0.0004148194499058897,0.0002190740471945742,-0.00030526225163028035,0.0001202156550381079,income_share_var,Trade,Trade,1,Managerial
26,-0.00037358583548295046,-0.000672293603381928,-8.03710685986866e-5,-0.0005141759405829229,-0.00017178809962365655,income_share_var,Trade,Trade,1,Managerial
27,1.7996770060073377e-5,-0.00021531387086546008,0.0002586635202696245,-0.00011715131200943274,0.00017707058617741077,income_share_var,Trade,Trade,1,Managerial
28,-7.641738269705286e-6,-0.0003015465743532505,0.000237225029822449,-0.00019473669678409723,0.00014120247955029826,income_share_var,Trade,Trade,1,Managerial
29,-7.726006965035185e-5,-0.0003201350709539725,0.00016631786950335975,-0.00019887034907544257,6.936178924111214e-5,income_share_var,Trade,Trade,1,Managerial
30,9.690093541149388e-5,-0.00015213292196679303,0.0003700570123810817,-6.993012907763e-5,0.0002618453445979367,income_share_var,Trade,Trade,1,Managerial
31,-0.0001399298974156887,-0.0004150519062684834,0.0001435840540137957,-0.00029300654135191214,4.797181791213256e-5,income_share_var,Trade,Trade,1,Managerial
32,-0.00020903201683971243,-0.0005939126209640055,4.5694535194868254e-5,-0.0004308186770271206,-7.067053567521697e-5,income_share_var,Trade,Trade,1,Managerial
33,1.3839246442986392e-5,-0.0002700060909701324,0.000291709015356412,-0.00015986750969484943,0.00015578130439358184,income_share_var,Trade,Trade,1,Managerial
34,0.00023831110414876308,-0.00010070340957573455,0.0005834957087533321,4.4264247980734954e-5,0.000423437094676986,income_share_var,Trade,Trade,1,Managerial
35,-0.0001260666405421378,-0.00043549270608297903,0.0001934647200875026,-0.00030219145530419836,7.133114878444096e-5,income_share_var,Trade,Trade,1,Managerial
36,0.00015038445655590226,-4.772731913030618e-5,0.0003318929286611616,2.5498259951054164e-5,0.00025665838880937347,income_share_var,Trade,Trade,1,Managerial
0,1.8990976811388272e-5,-0.00017247794538572715,0.00019455791285759546,-9.87913088586966e-5,0.00012445094765940122,income_share_var,Trade,Trade,2,Professional specialty
1,-6.826615201259904e-6,-0.00017446760835638527,0.0001448083191198167,-0.0001198869378526483,8.805541175727282e-5,income_share_var,Trade,Trade,2,Professional specialty
2,3.878022162319319e-5,-0.00015184212667808525,0.00023575485622820286,-7.011162341251609e-5,0.0001371432463005185,income_share_var,Trade,Trade,2,Professional specialty
3,-7.261376012142106e-5,-0.0002404054555750459,8.823616126264373e-5,-0.00016651069565478852,4.262611640036811e-5,income_share_var,Trade,Trade,2,Professional specialty
4,0.00010909066306022274,-5.224614681735924e-5,0.00032718050595628197,1.2596286741034128e-5,0.00023118620077534414,income_share_var,Trade,Trade,2,Professional specialty
5,9.338214633987325e-5,-9.094194859292286e-5,0.0003180703976550828,-7.2844267450762e-6,0.0001945630481484275,income_share_var,Trade,Trade,2,Professional specialty
6,0.000265059206236345,0.00012623214267903958,0.00041023673304630944,0.00017573336614319272,0.0003563866024326571,income_share_var,Trade,Trade,2,Professional specialty
7,3.83446997905093e-5,-0.0001474363685291818,0.0002821438060406072,-7.250482884455002e-5,0.00017944342986959483,income_share_var,Trade,Trade,2,Professional specialty
8,-0.00015752800263300857,-0.00037263488527795456,6.345886717425538e-5,-0.0002743105602114902,-1.5749558139596323e-5,income_share_var,Trade,Trade,2,Professional specialty
9,-3.191581632346075e-5,-0.00020034496736452838,0.00016326990875719865,-0.00012910506404366186,7.32133809636892e-5,income_share_var,Trade,Trade,2,Professional specialty
10,-0.00023080537124577967,-0.0003772636898370826,-5.265089162769337e-5,-0.0003226388595276031,-0.00013408710821613984,income_share_var,Trade,Trade,2,Professional specialty
11,0.00020161892376235053,2.7528240361993816e-5,0.00033170075747862457,9.774774744798291e-5,0.00027869931258480416,income_share_var,Trade,Trade,2,Professional specialty
12,8.657981183808488e-6,-0.0001565026733769348,0.00021033880941422333,-9.884290181141347e-5,0.00013202147851114216,income_share_var,Trade,Trade,2,Professional specialty
13,5.542340806059122e-5,-0.00020791399925430278,0.0003055044206210237,-8.627076883688151e-5,0.0002061591100682646,income_share_var,Trade,Trade,2,Professional specialty
14,-0.0001596230621808356,-0.0003948383444532026,8.97623808141204e-5,-0.00029084777975162883,-6.5796967430193645e-6,income_share_var,Trade,Trade,2,Professional specialty
15,0.0001153771111211398,-0.0001577016683453341,0.00035981756443666366,-3.1635478060487265e-5,0.00023695123693869485,income_share_var,Trade,Trade,2,Professional specialty
16,-0.00022254200939680595,-0.0003722746339869964,-3.47328679050312e-5,-0.0003111002687757568,-0.00010242888510537105,income_share_var,Trade,Trade,2,Professional specialty
17,5.219988233203596e-5,-0.0001260235884026003,0.00024098737531845325,-5.4074174095595915e-5,0.0001683100669328749,income_share_var,Trade,Trade,2,Professional specialty
18,-8.24123392607463e-5,-0.00023426120437940163,0.00013706253303728073,-0.00018325465950170248,4.4503843285326745e-5,income_share_var,Trade,Trade,2,Professional specialty
19,-0.00021620181709012054,-0.0003888759740771806,1.226073141077371e-5,-0.00033557586652078575,-6.670103507284771e-5,income_share_var,Trade,Trade,2,Professional specialty
20,-0.0001582009016074886,-0.00032862490247679524,-2.123731074799503e-5,-0.0002611817438446919,-6.868887261087366e-5,income_share_var,Trade,Trade,2,Professional specialty
21,0.00032261440394484007,0.00017999439285735675,0.00048794964457947194,0.00024333779929435742,0.00042254797710984237,income_share_var,Trade,Trade,2,Professional specialty
22,-0.00013121134453921083,-0.0002964376432964958,0.00011945622334551956,-0.0002325443291010503,1.7751309684638705e-5,income_share_var,Trade,Trade,2,Professional specialty
23,5.39895426236686e-5,-0.0001563785461388745,0.00025534508648048274,-7.240690518641057e-5,0.00018471015543825942,income_share_var,Trade,Trade,2,Professional specialty
24,-4.703011711658191e-6,-0.0001692160741671552,0.0001693082680746406,-9.523595180813977e-5,8.291574209544773e-5,income_share_var,Trade,Trade,2,Professional specialty
25,5.797366559497442e-5,-0.0001603260419706248,0.0002591216297687722,-7.909551849587312e-5,0.00019227344766265523,income_share_var,Trade,Trade,2,Professional specialty
26,-1.0156893446872884e-5,-0.00019939967151380117,0.00024969503168311504,-0.00012334699025922172,0.00014604005466109396,income_share_var,Trade,Trade,2,Professional specialty
27,-0.00012387718251479009,-0.00033142373316502594,9.031870662253204e-5,-0.00024549824430764353,1.9194638557264377e-5,income_share_var,Trade,Trade,2,Professional specialty
28,-2.450403348383169e-5,-0.00020612384565639761,0.00013773662519512715,-0.00012430078132529682,6.780575877939104e-5,income_share_var,Trade,Trade,2,Professional specialty
29,-4.857958406069808e-5,-0.000238059940756461,0.00012553149614902016,-0.00017347349822028761,6.187744820664926e-5,income_share_var,Trade,Trade,2,Professional specialty
30,-0.0001675008884667794,-0.0003380037001643796,2.0125594561850072e-5,-0.00026812823041857156,-4.609481692372686e-5,income_share_var,Trade,Trade,2,Professional specialty
31,-0.0001085202742481323,-0.00037280014124868046,0.00012019762267268554,-0.0002526311372336466,2.1059974178289594e-5,income_share_var,Trade,Trade,2,Professional specialty
32,3.4896037640227136e-5,-0.0001705598216473019,0.00020253729234840447,-8.261063787592043e-5,0.00012983695587554742,income_share_var,Trade,Trade,2,Professional specialty
33,-6.960850506162424e-5,-0.0002918259870602259,0.00012633992026486046,-0.00020810247668254743,4.661076539786174e-5,income_share_var,Trade,Trade,2,Professional specialty
34,0.00011356860141616785,-2.9553212572582807e-5,0.0002603154347347609,3.1286043106078994e-5,0.00020729959367822549,income_share_var,Trade,Trade,2,Professional specialty
35,-5.1759860092486954e-5,-0.00026569795780171746,0.0001506740532774804,-0.00017428249855027604,7.284772558034223e-5,income_share_var,Trade,Trade,2,Professional specialty
36,0.00011835201245037262,-6.53064057733298e-5,0.000325200665652838,5.136738860183552e-6,0.0002360479976949114,income_share_var,Trade,Trade,2,Professional specialty
0,9.85911643545821e-5,-0.0002401748416494307,0.0004233313152835892,-0.00010162167342884792,0.0002935731920169921,income_share_var,Trade,Trade,3,High tech
1,-0.0017173100503596536,-0.0020665836419408805,-0.0012536547311512896,-0.0019221687933279306,-0.0014100297746668339,income_share_var,Trade,Trade,3,High tech
2,0.012189319566196684,0.011274371725591287,0.012993765962608933,0.011624097735887082,0.012695693939809847,income_share_var,Trade,Trade,3,High tech
3,0.0005396440715296142,-0.0006672325004540365,0.0032002561215149277,-0.0002541239118620086,0.0012767295542594525,income_share_var,Trade,Trade,3,High tech
4,0.0016077154137704185,-0.0018841400398162465,0.0030567889694864837,-0.0005977720561113919,0.0026247581484247387,income_share_var,Trade,Trade,3,High tech
5,0.00013530202149619392,6.8434161349733246e-6,0.0002584962160182138,6.295744188534966e-5,0.00021833391162421443,income_share_var,Trade,Trade,3,High tech
6,0.00050028220094263,-0.0001085031301381981,0.0016772523413900549,0.00019269760837303828,0.0011892993728143105,income_share_var,Trade,Trade,3,High tech
7,0.0058307676311939675,0.005272924890056589,0.006312086097937492,0.005496647702445513,0.006128890084017416,income_share_var,Trade,Trade,3,High tech
8,0.0008251047273246549,-0.0006260403645371684,0.0019518527492144422,0.0004871327883943304,0.001672811612970636,income_share_var,Trade,Trade,3,High tech
9,0.0014694417679959307,0.0012616464574732285,0.0017300556193353932,0.001328594888316624,0.0016169364704154555,income_share_var,Trade,Trade,3,High tech
10,-0.00047467841645023706,-0.0005898089219289717,-0.0003399615734243796,-0.0005496354193066113,-0.00038902664592194933,income_share_var,Trade,Trade,3,High tech
11,-0.0016684105987465722,-0.0020354795123316426,-0.0012104545603159123,-0.0019085892247106943,-0.0013626300518861138,income_share_var,Trade,Trade,3,High tech
12,-0.0014156262383972242,-0.0015197335416002682,-0.0013040381627016288,-0.001482172022408677,-0.0013494715910593528,income_share_var,Trade,Trade,3,High tech
13,-0.0006221587166222666,-0.004502745028680902,0.0021076906615532438,-0.0031496716757154278,0.0013347846080836775,income_share_var,Trade,Trade,3,High tech
15,0.00023461685342532316,6.949018880647397e-5,0.000499074186935776,0.00017132739869216542,0.00038341240007455147,income_share_var,Trade,Trade,3,High tech
16,4.44702153070953e-5,-0.0003758066584632111,0.0004520720409631111,-0.00015993417739595367,0.0003284486147926205,income_share_var,Trade,Trade,3,High tech
19,0.0005909528277007438,0.00045412456602961254,0.0007560231407324176,0.0005139389763835238,0.0006987677791023355,income_share_var,Trade,Trade,3,High tech
23,-0.00017895247594011047,-0.00029137812346736216,-3.5422640577358424e-6,-0.0002534176356358836,-6.260934998563376e-5,income_share_var,Trade,Trade,3,High tech
28,-0.0004447866340916042,-0.0005892797817623091,-0.0002890471162911734,-0.0005327596676432811,-0.0003337552420367593,income_share_var,Trade,Trade,3,High tech
31,0.000561809642954673,0.0004225080959471612,0.000745326545446436,0.0004737771218616789,0.0006740888027862876,income_share_var,Trade,Trade,3,High tech
32,-0.0006693788825878873,-0.0008325131393114461,-0.0004835876348928443,-0.0007745749764706813,-0.0005589939841634609,income_share_var,Trade,Trade,3,High tech
0,-0.00022409749159896602,-0.0005854742274600328,0.00014101822090349737,-0.00045370695218078995,-1.9399314773886042e-5,income_share_var,Trade,Trade,4,Sales
1,-0.00027416001825199005,-0.0006805917834938682,0.00016204974572148803,-0.0005429833739632768,-6.959426868378781e-5,income_share_var,Trade,Trade,4,Sales
2,-0.00022607586448885022,-0.0006710921673744122,0.00010253310312834598,-0.0005127636484539649,-2.0858698617664975e-5,income_share_var,Trade,Trade,4,Sales
3,-0.0003849640544281641,-0.0008655880918237502,-1.0828776102178453e-5,-0.0006689336067451481,-0.0001568792592976223,income_share_var,Trade,Trade,4,Sales
4,-0.0005150024273859536,-0.0008648482202736208,-0.00014622195734079402,-0.0007584654194188667,-0.0003129793359554516,income_share_var,Trade,Trade,4,Sales
5,-0.0006367650978383953,-0.0010671032261574717,-0.0002780660395968936,-0.0009072286531722493,-0.000417559928595841,income_share_var,Trade,Trade,4,Sales
6,-0.0009577266393610814,-0.0013544173149467966,-0.0005274087044056612,-0.0011943331184108927,-0.0007107177148063315,income_share_var,Trade,Trade,4,Sales
7,-0.000431730860134572,-0.0009608717147045315,-2.0401927515153735e-5,-0.0007117949890984126,-0.00020181719864386223,income_share_var,Trade,Trade,4,Sales
8,-0.0008984319564607786,-0.0013415289576093905,-0.0005627264908072429,-0.00116578450211077,-0.0006671682122395262,income_share_var,Trade,Trade,4,Sales
9,-0.0007242286431138839,-0.0010376529475469047,-0.0003972456382442761,-0.000913572238852194,-0.0005467727227632912,income_share_var,Trade,Trade,4,Sales
10,-0.000621640201662547,-0.0010245670551621933,-0.00018636389167233882,-0.0008281879399793248,-0.0003672849017762307,income_share_var,Trade,Trade,4,Sales
11,-0.0004255603349815228,-0.0008566683850700598,6.589715059200093e-5,-0.0006792881414628005,-0.00013850978757016624,income_share_var,Trade,Trade,4,Sales
12,-0.0001771668003999516,-0.0006138021414565755,0.0002891110221491433,-0.000478318786803751,7.602693918343353e-5,income_share_var,Trade,Trade,4,Sales
13,-0.0006048394335349762,-0.001025548662023283,-0.00017983543699114421,-0.0008472918460923827,-0.00037281031539711023,income_share_var,Trade,Trade,4,Sales
14,-0.0005234598571186489,-0.0008515339956526482,-0.00014819340998034543,-0.0007327365825782637,-0.0002453593996897168,income_share_var,Trade,Trade,4,Sales
15,-0.0005765915562381852,-0.0010433168052902593,-0.00010854203205349982,-0.0008837937147889714,-0.0003348595424913369,income_share_var,Trade,Trade,4,Sales
16,-0.00045476908815592906,-0.0009023400035608847,-4.72983887275002e-5,-0.0006642932897262875,-0.0002355238175614821,income_share_var,Trade,Trade,4,Sales
17,-0.0008689087848026781,-0.0013777588489865171,-0.0005153835717155917,-0.0011950998551741125,-0.000646714165445657,income_share_var,Trade,Trade,4,Sales
18,-0.00036743314688989843,-0.0007623978946335202,0.00013571758803866213,-0.0005946962730363036,-4.016144718817688e-5,income_share_var,Trade,Trade,4,Sales
19,-8.525111880189488e-5,-0.0005673202979333099,0.0003605876156018592,-0.0003818553980656824,0.0001577190204801394,income_share_var,Trade,Trade,4,Sales
20,-0.0004925641924084119,-0.0009020099655790987,-0.00015213703276454547,-0.0007162540492294746,-0.0003005416441031381,income_share_var,Trade,Trade,4,Sales
21,0.00025279269290281087,-0.00022314959266461396,0.0006227914089196867,-3.0103179446220652e-5,0.00048251280555444026,income_share_var,Trade,Trade,4,Sales
22,-0.00038680576210316795,-0.0008709066546033722,7.882659036361308e-5,-0.0007030943340052024,-0.00016848764151289835,income_share_var,Trade,Trade,4,Sales
23,-0.00011431334080081631,-0.000575985002372109,0.0002780083618629249,-0.0003875211201784267,0.00010741451529118734,income_share_var,Trade,Trade,4,Sales
24,-0.00024383016396665406,-0.0007430239946640148,0.00016572586384957459,-0.0005223547662521566,4.151949699846545e-5,income_share_var,Trade,Trade,4,Sales
25,-0.0008562308565223325,-0.0013611752573101492,-0.0004140635304682743,-0.0011624610136098086,-0.000589598223103068,income_share_var,Trade,Trade,4,Sales
26,-0.000768783833453799,-0.0012018153391587481,-0.0003722374418192905,-0.0010251749808155982,-0.0005479031780084079,income_share_var,Trade,Trade,4,Sales
27,-0.00042764511752429514,-0.0007983314806454581,8.891217144240922e-6,-0.0006713590182566224,-0.0001710755088843751,income_share_var,Trade,Trade,4,Sales
28,-0.0003531742563072062,-0.0008236969013662885,8.499684298341603e-5,-0.00060750579715656,-0.00010570482690983073,income_share_var,Trade,Trade,4,Sales
29,-0.0008255645435504273,-0.0013430090487810162,-0.00042485176879272915,-0.001096500949465883,-0.0005832047621182589,income_share_var,Trade,Trade,4,Sales
30,-0.0004206555812070325,-0.0009148267496837234,5.673601443268551e-5,-0.0007040371532594984,-0.0001248845641645205,income_share_var,Trade,Trade,4,Sales
31,-0.0008868188748630213,-0.0012424055466135184,-0.0004452905766940895,-0.0010934241440522581,-0.000624427126535928,income_share_var,Trade,Trade,4,Sales
32,-0.0005147891197920224,-0.000899109885161595,-0.00011292523083521026,-0.0007636755183135596,-0.00027596988502848175,income_share_var,Trade,Trade,4,Sales
33,5.107932494026473e-5,-0.0003226834411059595,0.0005527160546386587,-0.00016874948704967942,0.000381057683719274,income_share_var,Trade,Trade,4,Sales
34,-0.0005057059059574307,-0.001035231156539019,-6.141471066270585e-5,-0.0007818651564290681,-0.00025849218791384234,income_share_var,Trade,Trade,4,Sales
35,-7.65984104914247e-5,-0.0005781892475923849,0.00034987128603766786,-0.000373316992764236,0.00022328834849777424,income_share_var,Trade,Trade,4,Sales
36,-0.0003839767476001747,-0.0008322340186077313,0.0001582081249281439,-0.00064630418233397,-6.475878448059815e-5,income_share_var,Trade,Trade,4,Sales
0,0.00022687461169453176,8.702136974923875e-5,0.0003813862179113225,0.0001424754838711778,0.0003225945780415807,income_share_var,Trade,Trade,5,Administrative support
1,0.00023195146492319913,6.197396270967795e-5,0.0003828825065961492,0.00011029776139382115,0.00032229627708045213,income_share_var,Trade,Trade,5,Administrative support
2,0.0005494979391109823,0.00040378410840697374,0.0007060730007464334,0.0004610704302022587,0.0006463533253168782,income_share_var,Trade,Trade,5,Administrative support
3,0.00027815296518597654,8.292240798462807e-5,0.0005703600599677695,0.00015633626977077002,0.0004116804092648716,income_share_var,Trade,Trade,5,Administrative support
4,0.00030115473833937725,0.0001432821395067271,0.00047604481626230917,0.00020366601104046807,0.00040733684659668284,income_share_var,Trade,Trade,5,Administrative support
5,-7.267585245862877e-5,-0.00021289355272066998,0.00013911402139657402,-0.00017375839355510532,6.313515364091477e-5,income_share_var,Trade,Trade,5,Administrative support
6,0.00041922562532344733,0.00022646126712104876,0.000609204462622452,0.0003080153580223426,0.0005351074254930853,income_share_var,Trade,Trade,5,Administrative support
7,0.00023362493529139678,1.7820217209086182e-5,0.00048824269423169785,0.00010511991995514397,0.0003907135004797487,income_share_var,Trade,Trade,5,Administrative support
8,0.0003208014314772379,0.00013790603773871306,0.0005306851200814211,0.00020765730274613543,0.00043358546642297945,income_share_var,Trade,Trade,5,Administrative support
9,0.0004536453028303775,0.0002913550997758899,0.0007088464122155965,0.00035742531477228785,0.0005906012936079839,income_share_var,Trade,Trade,5,Administrative support
10,0.0002248763791282796,-3.784478655643293e-5,0.0004055058839787485,9.360649257554053e-5,0.00033328864678758,income_share_var,Trade,Trade,5,Administrative support
11,0.00019214942481820144,4.898497581042659e-5,0.00038491407723437643,0.00010838693257003365,0.00030890357491995596,income_share_var,Trade,Trade,5,Administrative support
12,0.00030368177853175906,0.00013299535038232099,0.0005016371214295703,0.0001970597468738996,0.00042584267991568057,income_share_var,Trade,Trade,5,Administrative support
13,0.00026838973703446407,8.273725573536633e-5,0.00048768845189933226,0.00016337259421754052,0.0004078745951215716,income_share_var,Trade,Trade,5,Administrative support
14,0.0004269593478301624,0.0002765556876450343,0.0006720044258723078,0.00034780601488281187,0.0005802970597438262,income_share_var,Trade,Trade,5,Administrative support
15,0.00025181827026939075,6.962131261811782e-5,0.00044794268926713154,0.00014224414609488324,0.0003828500494559922,income_share_var,Trade,Trade,5,Administrative support
16,0.00030106574216507906,9.973100018725582e-5,0.0005214620533257196,0.0001820814533624705,0.0004213804153383114,income_share_var,Trade,Trade,5,Administrative support
17,0.00011534766019973506,-7.273070157504126e-5,0.0003192273523069373,1.1676332503899077e-6,0.0002492242118190547,income_share_var,Trade,Trade,5,Administrative support
18,0.00041593575947566376,0.0001903316274619781,0.000604060322869268,0.00027890750634241386,0.0005214688917147871,income_share_var,Trade,Trade,5,Administrative support
19,0.0002694299656478191,8.74373861418012e-5,0.0005068474281911968,0.00017255605004425333,0.0004263655319349112,income_share_var,Trade,Trade,5,Administrative support
20,0.000184330177210975,-8.195590264544711e-5,0.00039733688851980773,4.349199264452457e-5,0.00030477612607159455,income_share_var,Trade,Trade,5,Administrative support
21,0.00034060280029144386,0.00016380923092700636,0.000533123806694694,0.00023982718744624968,0.00045939029743967923,income_share_var,Trade,Trade,5,Administrative support
22,0.00032761183948274786,0.000106654044405154,0.0005395210029437947,0.0002024301024018799,0.00048559734250037,income_share_var,Trade,Trade,5,Administrative support
23,0.00014805145267716993,-5.0417018877027574e-5,0.00039718662243646576,2.7695944940843737e-5,0.0003121313038625681,income_share_var,Trade,Trade,5,Administrative support
24,0.0002331445820547697,5.3689110708004904e-5,0.00042645358035901706,0.00011990745266360457,0.00034804943723459533,income_share_var,Trade,Trade,5,Administrative support
25,0.00025412529256519956,-1.1727331472250694e-5,0.0004980988485815837,0.0001044499927871707,0.0004009071436993079,income_share_var,Trade,Trade,5,Administrative support
26,0.0002709592257700581,7.19743083874284e-5,0.000500453912226456,0.0001513931518470468,0.0004206064973563148,income_share_var,Trade,Trade,5,Administrative support
27,0.00022010075793064084,-4.1591103470468334e-5,0.00045647274685817576,9.828572236647807e-5,0.0003685302405176075,income_share_var,Trade,Trade,5,Administrative support
28,0.00020732443939818022,-3.1103350004327377e-6,0.0004194819823075942,8.403554072681287e-5,0.00035026049900560926,income_share_var,Trade,Trade,5,Administrative support
29,0.00020070398317318335,4.4528631672090046e-5,0.000403052684339075,9.822197547247029e-5,0.0003223225657932972,income_share_var,Trade,Trade,5,Administrative support
30,0.0003692462975625631,0.00019343207942638284,0.000596331595293096,0.00025914447049673564,0.0005040928445592186,income_share_var,Trade,Trade,5,Administrative support
31,0.000597515938837819,0.0004222772945996323,0.0008019226638851584,0.0004950023902929889,0.0007280495212130867,income_share_var,Trade,Trade,5,Administrative support
32,0.0003532756537089114,0.00010826258411477817,0.0005467423545700634,0.0002086198315249934,0.00047471386556176623,income_share_var,Trade,Trade,5,Administrative support
33,0.00022056528512588068,1.9493672933735954e-5,0.00044552437473612135,8.902329805263366e-5,0.0003409209206922303,income_share_var,Trade,Trade,5,Administrative support
34,0.0004048404411276724,0.00019844881623654406,0.0006498427073374394,0.00027914282081149995,0.0005687440741885274,income_share_var,Trade,Trade,5,Administrative support
35,0.00036042681987845745,0.00013348778029693392,0.000634934012494444,0.0002268096279563209,0.0005285404026385692,income_share_var,Trade,Trade,5,Administrative support
36,0.0002019943089249216,-6.8573596157806005e-6,0.0004182373020201643,6.3790353129655e-5,0.0003423453153771643,income_share_var,Trade,Trade,5,Administrative support
0,0.000172268814398853,-3.576569427671703e-5,0.00039847066547497195,5.3830958186041434e-5,0.0003217794767093067,income_share_var,Trade,Trade,6,Service
1,-0.00014243909281910582,-0.0003419771863155757,6.320975926050614e-5,-0.0002738933912460065,-3.6440927555278214e-5,income_share_var,Trade,Trade,6,Service
2,-9.452162616955104e-5,-0.00034701199877437347,0.00012838775095070412,-0.0002466135819467449,7.185734641049718e-5,income_share_var,Trade,Trade,6,Service
3,-7.497879618730987e-5,-0.00028896658221808563,0.00015255243045090796,-0.00020495158467670607,6.697025254701827e-5,income_share_var,Trade,Trade,6,Service
4,8.961971277325975e-5,-0.00017705493617862407,0.0003384723016543838,-8.04237260541503e-5,0.00021488512684801357,income_share_var,Trade,Trade,6,Service
5,-0.00017741295850796647,-0.00047227221065401586,3.4195886548771156e-5,-0.0003359160021190462,-6.971666745091475e-5,income_share_var,Trade,Trade,6,Service
6,-0.00023632864568525958,-0.0004872066006090074,-2.6362690365624276e-5,-0.00043161064177306776,-0.00013115047016567854,income_share_var,Trade,Trade,6,Service
7,-0.000212628618006033,-0.0005000295465939411,7.080684889180112e-6,-0.00038897846848290785,-8.044126925369039e-5,income_share_var,Trade,Trade,6,Service
8,-0.00021012280014284736,-0.00044795764857864334,4.5532962563792165e-5,-0.0003735116268739032,-7.443108503050303e-5,income_share_var,Trade,Trade,6,Service
9,1.3566350669979903e-5,-0.00018690670828812287,0.00020316277107601375,-0.00011408757293380125,0.00013523554519004804,income_share_var,Trade,Trade,6,Service
10,3.3737125518847803e-5,-0.0002109119422511864,0.000233468355701968,-0.00010362930847285579,0.00013458344827320075,income_share_var,Trade,Trade,6,Service
11,0.00028031978253895205,1.0411417963389206e-5,0.0004665167462689738,0.00010646727840146178,0.0004013845685178931,income_share_var,Trade,Trade,6,Service
12,-6.727588447880654e-5,-0.000288384099379464,0.00012249702696937498,-0.000219542414940005,4.318496910467761e-5,income_share_var,Trade,Trade,6,Service
13,-0.00019597042569616705,-0.00046413743734085883,1.1896389799136988e-5,-0.00037288317378286886,-8.104589532298866e-5,income_share_var,Trade,Trade,6,Service
14,-0.00026942995639346227,-0.0004947688374115063,-5.8389199618826676e-5,-0.00041055228777009563,-0.000133937593236976,income_share_var,Trade,Trade,6,Service
15,-4.211768834472571e-6,-0.00027487450423184994,0.00022407741297557067,-0.00015408016102097462,0.00014354068291588912,income_share_var,Trade,Trade,6,Service
16,2.3447289414084283e-6,-0.0003093365331324669,0.00026546150050331234,-0.0001844940938649217,0.00016782543447785118,income_share_var,Trade,Trade,6,Service
17,0.00011599304949301513,-0.00011715510245928154,0.0003337657241613601,-1.9826170327547798e-5,0.0002529692723097584,income_share_var,Trade,Trade,6,Service
18,-8.708364617370254e-5,-0.0002968240823638403,0.00014412852351939308,-0.00021439387508435015,5.864190834105241e-5,income_share_var,Trade,Trade,6,Service
19,-7.011068477356753e-5,-0.00037345613526263723,0.0002016603570668791,-0.00024134793089641675,6.500544647559588e-5,income_share_var,Trade,Trade,6,Service
20,-0.0003659004110394087,-0.0005927751863268704,-0.00014945151335369038,-0.0005011292052848217,-0.00022827140421797815,income_share_var,Trade,Trade,6,Service
21,-2.4063637697613265e-5,-0.0002583208999053441,0.00020995552483009253,-0.00016394036996344194,0.00010406253221642297,income_share_var,Trade,Trade,6,Service
22,-0.0002188982324066392,-0.0004790974415154219,6.45437955156647e-5,-0.0003650187595966041,-3.4194789169550405e-5,income_share_var,Trade,Trade,6,Service
23,-0.00010711309040988877,-0.000342738963644241,9.823527315709946e-5,-0.00027330183802291966,-2.4716354950732826e-6,income_share_var,Trade,Trade,6,Service
24,2.348060489256055e-5,-0.0002269138420533729,0.00026078230125553656,-0.0001279504089943682,0.00016207681339782472,income_share_var,Trade,Trade,6,Service
25,-5.396957997561864e-5,-0.0002495656972009919,0.000183644567551925,-0.00017643383933710842,7.673817537604417e-5,income_share_var,Trade,Trade,6,Service
26,-0.00036921979865931913,-0.0006407272964061999,-9.498665839344266e-5,-0.0005213894366984128,-0.00019546577496538665,income_share_var,Trade,Trade,6,Service
27,-9.516207529193674e-5,-0.00037115236287000474,0.00013859372016623487,-0.00025940916079646436,5.005181949440484e-5,income_share_var,Trade,Trade,6,Service
28,4.0273115538658846e-5,-0.0002222816371668095,0.0002793680237578413,-0.0001273218672548091,0.0001727572422894939,income_share_var,Trade,Trade,6,Service
29,0.00011966600730371177,-0.00015869152136718806,0.00036117806664508667,-3.8160334062591284e-5,0.00026865326556984204,income_share_var,Trade,Trade,6,Service
30,-0.00013419332309033428,-0.00038688354812649886,3.36302516911013e-5,-0.00027606180112080064,-2.933097340910711e-5,income_share_var,Trade,Trade,6,Service
31,-0.00026656274492218625,-0.0006036882724806086,-4.7516563333310714e-5,-0.00048137044132403033,-0.000155373956308849,income_share_var,Trade,Trade,6,Service
32,-0.00011712310903216268,-0.0003996289340566533,0.00014170886948349954,-0.00031822234489717284,4.381187461982927e-5,income_share_var,Trade,Trade,6,Service
33,-9.011294513683849e-7,-0.0002839419419436479,0.00025520638489712677,-0.0001555406169613505,0.0001575465427116161,income_share_var,Trade,Trade,6,Service
34,-0.00016068708217779976,-0.00044921004587586964,0.00011576177211317353,-0.00035148882290381893,-7.83280734596622e-6,income_share_var,Trade,Trade,6,Service
35,0.00013581377189251782,-0.00016677214285712037,0.00037173481027130185,-3.574587937295849e-5,0.0002785288244922078,income_share_var,Trade,Trade,6,Service
36,5.904137959659427e-5,-0.0002283467822318057,0.0003572316334496078,-0.00011955747783590572,0.00022132216685483649,income_share_var,Trade,Trade,6,Service
0,NaN,NaN,NaN,NaN,NaN,income_share_var,Trade,Trade,7,Farming/forestry/construction
1,NaN,NaN,NaN,NaN,NaN,income_share_var,Trade,Trade,7,Farming/forestry/construction
2,NaN,NaN,NaN,NaN,NaN,income_share_var,Trade,Trade,7,Farming/forestry/construction
3,NaN,NaN,NaN,NaN,NaN,income_share_var,Trade,Trade,7,Farming/forestry/construction
4,NaN,NaN,NaN,NaN,NaN,income_share_var,Trade,Trade,7,Farming/forestry/construction
5,NaN,NaN,NaN,NaN,NaN,income_share_var,Trade,Trade,7,Farming/forestry/construction
6,NaN,NaN,NaN,NaN,NaN,income_share_var,Trade,Trade,7,Farming/forestry/construction
7,NaN,NaN,NaN,NaN,NaN,income_share_var,Trade,Trade,7,Farming/forestry/construction
8,NaN,NaN,NaN,NaN,NaN,income_share_var,Trade,Trade,7,Farming/forestry/construction
9,NaN,NaN,NaN,NaN,NaN,income_share_var,Trade,Trade,7,Farming/forestry/construction
10,NaN,NaN,NaN,NaN,NaN,income_share_var,Trade,Trade,7,Farming/forestry/construction
11,NaN,NaN,NaN,NaN,NaN,income_share_var,Trade,Trade,7,Farming/forestry/construction
12,NaN,NaN,NaN,NaN,NaN,income_share_var,Trade,Trade,7,Farming/forestry/construction
13,NaN,NaN,NaN,NaN,NaN,income_share_var,Trade,Trade,7,Farming/forestry/construction
14,NaN,NaN,NaN,NaN,NaN,income_share_var,Trade,Trade,7,Farming/forestry/construction
15,NaN,NaN,NaN,NaN,NaN,income_share_var,Trade,Trade,7,Farming/forestry/construction
16,NaN,NaN,NaN,NaN,NaN,income_share_var,Trade,Trade,7,Farming/forestry/construction
17,NaN,NaN,NaN,NaN,NaN,income_share_var,Trade,Trade,7,Farming/forestry/construction
18,NaN,NaN,NaN,NaN,NaN,income_share_var,Trade,Trade,7,Farming/forestry/construction
19,NaN,NaN,NaN,NaN,NaN,income_share_var,Trade,Trade,7,Farming/forestry/construction
20,NaN,NaN,NaN,NaN,NaN,income_share_var,Trade,Trade,7,Farming/forestry/construction
21,NaN,NaN,NaN,NaN,NaN,income_share_var,Trade,Trade,7,Farming/forestry/construction
22,NaN,NaN,NaN,NaN,NaN,income_share_var,Trade,Trade,7,Farming/forestry/construction
23,NaN,NaN,NaN,NaN,NaN,income_share_var,Trade,Trade,7,Farming/forestry/construction
24,NaN,NaN,NaN,NaN,NaN,income_share_var,Trade,Trade,7,Farming/forestry/construction
25,NaN,NaN,NaN,NaN,NaN,income_share_var,Trade,Trade,7,Farming/forestry/construction
26,NaN,NaN,NaN,NaN,NaN,income_share_var,Trade,Trade,7,Farming/forestry/construction
27,NaN,NaN,NaN,NaN,NaN,income_share_var,Trade,Trade,7,Farming/forestry/construction
28,NaN,NaN,NaN,NaN,NaN,income_share_var,Trade,Trade,7,Farming/forestry/construction
29,NaN,NaN,NaN,NaN,NaN,income_share_var,Trade,Trade,7,Farming/forestry/construction
30,NaN,NaN,NaN,NaN,NaN,income_share_var,Trade,Trade,7,Farming/forestry/construction
31,NaN,NaN,NaN,NaN,NaN,income_share_var,Trade,Trade,7,Farming/forestry/construction
32,NaN,NaN,NaN,NaN,NaN,income_share_var,Trade,Trade,7,Farming/forestry/construction
33,NaN,NaN,NaN,NaN,NaN,income_share_var,Trade,Trade,7,Farming/forestry/construction
34,NaN,NaN,NaN,NaN,NaN,income_share_var,Trade,Trade,7,Farming/forestry/construction
35,NaN,NaN,NaN,NaN,NaN,income_share_var,Trade,Trade,7,Farming/forestry/construction
36,NaN,NaN,NaN,NaN,NaN,income_share_var,Trade,Trade,7,Farming/forestry/construction
0,5.4859833661055266e-5,-5.947855787698559e-5,0.00022702117555945038,-2.101785771162093e-5,0.00015291361691481369,income_share_var,Trade,Trade,8,Precision production/repair
1,5.677472397938355e-5,-0.0001092734466938131,0.0002037448652748641,-4.997742005936157e-5,0.00012074614829751028,income_share_var,Trade,Trade,8,Precision production/repair
2,9.452384947495346e-5,-4.456466936993576e-5,0.00023098494431365938,9.384632976250059e-7,0.00017260254992874772,income_share_var,Trade,Trade,8,Precision production/repair
3,-0.0002696634843188436,-0.00046275485569573455,-0.00012515745682154856,-0.0003897629683049639,-0.00020083502344606208,income_share_var,Trade,Trade,8,Precision production/repair
4,-0.0001252211379328952,-0.0002501904262772234,-1.1599010429649381e-5,-0.00020066922314982983,-5.6422154253216804e-5,income_share_var,Trade,Trade,8,Precision production/repair
5,-0.00014209940179180528,-0.00032439406041442367,1.0600971629104526e-5,-0.0002482663678829468,-6.185683625458991e-5,income_share_var,Trade,Trade,8,Precision production/repair
6,-9.460408664172596e-5,-0.00023559239762243386,3.7953577581961324e-5,-0.0001821980576097952,-2.2950246955624694e-5,income_share_var,Trade,Trade,8,Precision production/repair
7,7.075537553813532e-5,-0.0001402758745526723,0.00023647163624630627,-4.943913405027263e-5,0.00017541922622432265,income_share_var,Trade,Trade,8,Precision production/repair
8,7.57663383513633e-5,-4.585664144224164e-5,0.00018457549306199865,-3.4399873462872947e-6,0.00015238453227672417,income_share_var,Trade,Trade,8,Precision production/repair
9,4.740925823723243e-5,-8.859987276348306e-5,0.00018308913011192484,-2.5247031768599433e-5,0.00012680468771510597,income_share_var,Trade,Trade,8,Precision production/repair
10,-1.675629761933872e-5,-0.00018006017485059598,0.00012874826909787447,-0.00011482086815305143,6.322955985875358e-5,income_share_var,Trade,Trade,8,Precision production/repair
11,-9.557336534504121e-5,-0.00022425397296720837,1.991247897738779e-5,-0.00016305010427164376,-1.1184916788238296e-5,income_share_var,Trade,Trade,8,Precision production/repair
12,4.1508883412428065e-5,-9.052110272139493e-5,0.00019313171685159667,-3.6953858166884265e-5,0.00011689597979690032,income_share_var,Trade,Trade,8,Precision production/repair
13,1.0091786232383984e-5,-0.00012494640457922312,0.0001569026247437568,-6.118744241249994e-5,8.763075311317752e-5,income_share_var,Trade,Trade,8,Precision production/repair
14,0.0001782637820260473,1.930349665819336e-5,0.0003256462624570404,8.218247271990149e-5,0.00026439692970900924,income_share_var,Trade,Trade,8,Precision production/repair
15,6.839351612926406e-5,-4.6577706422320595e-5,0.000184793262818861,-4.711002468272944e-7,0.0001305228731487959,income_share_var,Trade,Trade,8,Precision production/repair
16,-9.972590918932681e-6,-0.00019500257197912438,0.00014289525919301257,-0.00011942337211505138,8.320807595924983e-5,income_share_var,Trade,Trade,8,Precision production/repair
17,-0.00011182521099561727,-0.00026949464694318935,2.210440444352216e-5,-0.0002034183311092813,-3.7537878533746785e-5,income_share_var,Trade,Trade,8,Precision production/repair
18,-2.7276655917226686e-6,-0.0001728549908503137,0.0001338940022686006,-9.777093740468127e-5,7.769099992979409e-5,income_share_var,Trade,Trade,8,Precision production/repair
19,-0.00014367571935676375,-0.0002818301092035536,-2.3548678183867434e-6,-0.00022264641913891995,-4.740351616332322e-5,income_share_var,Trade,Trade,8,Precision production/repair
20,0.00019631170987018554,-1.6016948552862007e-5,0.00035581025574223774,6.674946113953076e-5,0.000287356996453966,income_share_var,Trade,Trade,8,Precision production/repair
21,6.610306096304937e-5,-6.524537340025289e-5,0.00018148377932621665,-5.078988941168507e-6,0.00012349660675852226,income_share_var,Trade,Trade,8,Precision production/repair
22,0.00017052964242512855,-1.436204428701833e-5,0.0003536762503881973,3.650382887432856e-5,0.00027615986965923026,income_share_var,Trade,Trade,8,Precision production/repair
23,-5.172973831603098e-5,-0.00019503485610106134,0.00010349286077891319,-0.0001310434569958745,4.207900312829227e-5,income_share_var,Trade,Trade,8,Precision production/repair
24,-9.143865243525038e-7,-0.00013603514272932842,0.00014474166028168058,-8.621902667465421e-5,8.145395504365979e-5,income_share_var,Trade,Trade,8,Precision production/repair
25,-0.00011870646479768749,-0.0002616706280773471,1.556103813184395e-5,-0.00018350027074219804,-3.849242734179061e-5,income_share_var,Trade,Trade,8,Precision production/repair
26,4.9495170297231435e-5,-7.601732458514606e-5,0.00017342738529994728,-2.2970643371568808e-5,0.00013837514354295166,income_share_var,Trade,Trade,8,Precision production/repair
27,-0.0003182885726864907,-0.0004972423518686089,-0.00013896056115532198,-0.0004365040530805153,-0.00021892762590053664,income_share_var,Trade,Trade,8,Precision production/repair
28,0.00010074664922305857,-4.34053145530389e-5,0.0002734748197304644,2.5402288419792035e-5,0.00020983404393496065,income_share_var,Trade,Trade,8,Precision production/repair
29,-3.319386538301255e-5,-0.0001808331483054503,9.633458986559553e-5,-0.00012402292960908188,5.136420351277151e-5,income_share_var,Trade,Trade,8,Precision production/repair
30,-2.9320157947178435e-5,-0.00018246098901147757,0.00010320794525798785,-0.00011593960447172313,5.2207193820859736e-5,income_share_var,Trade,Trade,8,Precision production/repair
31,2.545759570474842e-5,-0.0001406112698995928,0.00018486918074235071,-6.779055416473813e-5,0.00011812805323389855,income_share_var,Trade,Trade,8,Precision production/repair
32,0.00016016050894378223,7.174034880747741e-6,0.0002988245581057598,6.99323904417614e-5,0.00023541906498791878,income_share_var,Trade,Trade,8,Precision production/repair
33,9.766450897432656e-5,-5.116675937803172e-5,0.0002472741182912943,1.5063725086865876e-5,0.0001963355528413282,income_share_var,Trade,Trade,8,Precision production/repair
34,0.00010073444797628432,-4.3758912032151566e-5,0.0002177072642681624,1.0488680811899368e-5,0.00017414811400244984,income_share_var,Trade,Trade,8,Precision production/repair
35,1.5563026369339448e-5,-0.00012895285998557214,0.00014073639544304154,-7.144910071844308e-5,8.359750839999408e-5,income_share_var,Trade,Trade,8,Precision production/repair
36,-0.00013419138617662584,-0.0003147035404279494,2.209800360516832e-5,-0.000223018857425461,-5.009525684709131e-5,income_share_var,Trade,Trade,8,Precision production/repair
0,-0.00014259155758040347,-0.00028916497537536073,1.4431161475560053e-5,-0.00022218178138065292,-3.697482691886208e-5,income_share_var,Trade,Trade,9,Machine operators/transport
1,-0.00027726356564083124,-0.0004097206896861446,-8.91626657805009e-5,-0.0003363461179708783,-0.00013787548595225105,income_share_var,Trade,Trade,9,Machine operators/transport
2,-0.00018067244621388913,-0.0003158586213189375,-3.694216457136282e-5,-0.0002764117218004758,-9.834943416961408e-5,income_share_var,Trade,Trade,9,Machine operators/transport
3,-6.163665655051929e-5,-0.0002091674962457562,7.625187361400927e-5,-0.00014759863090480657,2.483384611486098e-5,income_share_var,Trade,Trade,9,Machine operators/transport
4,4.701853022758377e-7,-0.00016230100175744163,0.00017974364927646498,-0.00010190356164438133,0.000104354611262002,income_share_var,Trade,Trade,9,Machine operators/transport
5,-4.497002334298612e-5,-0.00022220687037602843,0.00012358934513109592,-0.0001658055091039272,4.851146394049098e-5,income_share_var,Trade,Trade,9,Machine operators/transport
6,-0.00023629307473596226,-0.00042294697743456856,-7.089645410551253e-5,-0.00034572870739079135,-0.0001247886557613358,income_share_var,Trade,Trade,9,Machine operators/transport
7,-0.00022514807718489053,-0.00038743292423540896,-8.512208625904405e-5,-0.00031802571706529683,-0.00014575837717601444,income_share_var,Trade,Trade,9,Machine operators/transport
8,-0.00015877949313000998,-0.000301086672748141,-5.90910825403753e-7,-0.00025937897685963734,-6.281818751564267e-5,income_share_var,Trade,Trade,9,Machine operators/transport
9,-4.547575675583954e-5,-0.0001895716048158929,8.06551461855549e-5,-0.00014143235016984097,3.718353526462144e-5,income_share_var,Trade,Trade,9,Machine operators/transport
10,-0.0001202615368212899,-0.00027320793709000924,1.686452310519155e-5,-0.0002149728583461953,-3.562567033781832e-5,income_share_var,Trade,Trade,9,Machine operators/transport
11,-0.00029687426113338193,-0.00046510828864678106,-0.00011168205436102297,-0.00039645640350010795,-0.00019714175636327075,income_share_var,Trade,Trade,9,Machine operators/transport
12,-0.00023695859042623387,-0.00041433140771669904,-9.798223423331461e-5,-0.0003406151997714712,-0.00015312647766136333,income_share_var,Trade,Trade,9,Machine operators/transport
13,-0.0002966371430521625,-0.00043485520252191124,-0.00014458657224440758,-0.0003876298279976649,-0.00020651844293709162,income_share_var,Trade,Trade,9,Machine operators/transport
14,-0.0001784588182233993,-0.00035427022524710017,-2.486723084012881e-5,-0.00029070285208901897,-8.498999746166666e-5,income_share_var,Trade,Trade,9,Machine operators/transport
15,-0.00029139298550704594,-0.0004326568308945326,-0.00012659304377113907,-0.0003724083047266031,-0.00018416831754661616,income_share_var,Trade,Trade,9,Machine operators/transport
16,-0.00019928503466843728,-0.00035961040530403096,-4.083332864249448e-5,-0.0003017771416735713,-0.00010387708271789626,income_share_var,Trade,Trade,9,Machine operators/transport
17,-0.0003300073048994562,-0.0004967541413318885,-0.00016897182768136468,-0.00042678637930409835,-0.00023653478493262822,income_share_var,Trade,Trade,9,Machine operators/transport
18,-8.059998253137797e-6,-0.0002071216950601503,0.0001789242042533644,-9.984392011985828e-5,9.926749429684747e-5,income_share_var,Trade,Trade,9,Machine operators/transport
19,-0.0002463832524317928,-0.0003864251906346907,-3.021135835651754e-5,-0.00033999808810841276,-0.00012347848765609533,income_share_var,Trade,Trade,9,Machine operators/transport
20,-0.0002484295269789792,-0.0004194146821297482,-9.643279461393414e-5,-0.0003670957588108372,-0.00015270122256862812,income_share_var,Trade,Trade,9,Machine operators/transport
21,-0.0003288820662174747,-0.000504623949445588,-0.000157484523178418,-0.0004409663777122674,-0.0002234896541837438,income_share_var,Trade,Trade,9,Machine operators/transport
22,-0.0002500523362869245,-0.00042272952221622073,-0.00010071540765389835,-0.0003624183357565861,-0.0001659310857503149,income_share_var,Trade,Trade,9,Machine operators/transport
23,-0.0001906907486623338,-0.00035051013274332843,-9.068994550522573e-6,-0.00027827551464952143,-9.776977075479075e-5,income_share_var,Trade,Trade,9,Machine operators/transport
24,1.4221761070376174e-5,-0.00016098379080266965,0.0001773839698038509,-9.237745743269181e-5,9.808794720126204e-5,income_share_var,Trade,Trade,9,Machine operators/transport
25,-0.00010339056824527153,-0.00026199510097479905,6.011709166892708e-5,-0.00020134582830760563,1.1633590173101716e-5,income_share_var,Trade,Trade,9,Machine operators/transport
26,-0.00015738398963676808,-0.00032042470455613005,2.27859919335842e-5,-0.000274174098944722,-6.469305254643191e-5,income_share_var,Trade,Trade,9,Machine operators/transport
27,-0.00010594850051163886,-0.00025167979360680987,3.155709891509826e-5,-0.0001877366139677468,-2.750741839394855e-5,income_share_var,Trade,Trade,9,Machine operators/transport
28,-6.280658383560853e-5,-0.0002537398825609045,0.0001293795165699384,-0.00019199765033473443,4.930952184995725e-5,income_share_var,Trade,Trade,9,Machine operators/transport
29,-0.00013567409969476732,-0.0003047197997700453,3.995631704416724e-5,-0.0002448043251869291,-2.6476306796318068e-5,income_share_var,Trade,Trade,9,Machine operators/transport
30,6.30095747997458e-5,-0.00010179321927287414,0.0002139148405812871,-2.9524937180170095e-5,0.00015283044667436087,income_share_var,Trade,Trade,9,Machine operators/transport
31,-0.00021325707187877014,-0.00038202522830979276,-4.929935178684948e-5,-0.00031326930232012106,-0.0001064415091460253,income_share_var,Trade,Trade,9,Machine operators/transport
32,-3.774983098546887e-5,-0.00020129140383170048,0.00019235701364684753,-0.00012928755496933073,0.00011532538350884659,income_share_var,Trade,Trade,9,Machine operators/transport
33,-0.00021874462065704062,-0.0003929596510935492,-8.319767061873334e-5,-0.0003265899454311594,-0.00013975092307932506,income_share_var,Trade,Trade,9,Machine operators/transport
34,-6.0552925928510906e-5,-0.0002250566441663212,0.00011796737596346554,-0.0001628660696244827,4.1361915604656274e-5,income_share_var,Trade,Trade,9,Machine operators/transport
35,-0.00012609520993507324,-0.00030292985339181626,6.889964780938928e-5,-0.00023969605671609538,-1.9152869221892037e-5,income_share_var,Trade,Trade,9,Machine operators/transport
36,-0.0002689591351606929,-0.00041281401544921554,-0.00011078605220785046,-0.00036716957315397695,-0.00017473540492869087,income_share_var,Trade,Trade,9,Machine operators/transport
0,-0.00019759419109803225,-0.0010918414081840676,0.0009715017958516461,-0.0007782686906649486,0.0004396323442135876,income_share_var,Services,Services,1,Managerial
1,-0.0007914068027741103,-0.0014650434196596125,-3.243430362224152e-5,-0.0011782730043655948,-0.0003297779354056362,income_share_var,Services,Services,1,Managerial
2,-0.001126206153014255,-0.0017797924775761029,-0.000440398197548118,-0.0014900620075593432,-0.0007383850800159644,income_share_var,Services,Services,1,Managerial
3,-0.0010103932706679835,-0.001723533589265852,-0.0002223961269252503,-0.0014530288466117446,-0.0005326339484607459,income_share_var,Services,Services,1,Managerial
4,-0.0008237584127065942,-0.001510993912034847,-8.21779452149095e-5,-0.0012508684433843163,-0.00037171230434328187,income_share_var,Services,Services,1,Managerial
5,0.00019903451457193932,-0.0004109537954416674,0.0007385463038844708,-0.00019085154429255218,0.0005162465975731866,income_share_var,Services,Services,1,Managerial
6,-0.00015267487886902809,-0.000798758132785361,0.0005347928308499684,-0.0005666950616355202,0.00023645722120712987,income_share_var,Services,Services,1,Managerial
7,-0.0005082902428952331,-0.0013054769269263628,0.00026500446826173375,-0.000972639516901667,-3.96347607822184e-5,income_share_var,Services,Services,1,Managerial
8,-0.0007242709823751913,-0.0016011065661262884,0.00026225781278858525,-0.0012417413326495995,-0.00019471820424569878,income_share_var,Services,Services,1,Managerial
9,-6.69646831196799e-5,-0.0008380929561063193,0.0007635430250702528,-0.0005391256796766367,0.000427477744084446,income_share_var,Services,Services,1,Managerial
10,-0.0009872655249217135,-0.001849208391753429,-9.51194347746031e-5,-0.0014829712969596756,-0.0004819691110115053,income_share_var,Services,Services,1,Managerial
11,-0.0006691543826558109,-0.0012835599656198736,-0.00012707067995343596,-0.0010363800041459472,-0.0003528904404433005,income_share_var,Services,Services,1,Managerial
12,7.104568366518209e-5,-0.0008342064066533588,0.0009646728225562759,-0.0004204090553516907,0.0005770148274212598,income_share_var,Services,Services,1,Managerial
13,-0.0005745185792753639,-0.001403164537294587,0.0003435631622651413,-0.0010555803910711962,-3.132348495552277e-5,income_share_var,Services,Services,1,Managerial
14,-0.0006308652182967492,-0.0012523776828429342,-8.122089215582481e-5,-0.000982758369657786,-0.00027911682576299297,income_share_var,Services,Services,1,Managerial
15,-0.0005975100507246315,-0.0013371587455794703,0.00017575363809834322,-0.001040497736051147,-0.00016805235093583255,income_share_var,Services,Services,1,Managerial
16,-0.0007903802717941071,-0.0017110873658739783,6.527218278010822e-5,-0.001306419228639706,-0.0003234450001987637,income_share_var,Services,Services,1,Managerial
17,-0.0006914206096487718,-0.0013891785035068502,3.73595033652329e-5,-0.001146968215584291,-0.00027502427765743823,income_share_var,Services,Services,1,Managerial
18,2.0560935022291e-5,-0.0005891212590653342,0.0005860812465908632,-0.00037434169848453213,0.0003543189069358108,income_share_var,Services,Services,1,Managerial
19,-0.00045959103702706097,-0.001280475681621276,0.00020094573969139213,-0.0009244325233764034,-4.6140043126426e-5,income_share_var,Services,Services,1,Managerial
20,-0.0007383879751941408,-0.001679857527251664,0.0005896968403543412,-0.0013062798789037395,-5.58691888927896e-5,income_share_var,Services,Services,1,Managerial
21,-0.00037335914937825854,-0.0013552588997852435,0.0006847185656265847,-0.000984851231872184,0.0002229596104901852,income_share_var,Services,Services,1,Managerial
22,-0.0001636681650506479,-0.0010662004892734317,0.0008442703396151232,-0.0007380996050140668,0.000451418345759996,income_share_var,Services,Services,1,Managerial
23,-0.0005625762679935521,-0.0013306503306428907,0.00031032899120967165,-0.0010296788435241813,-9.094410385511876e-5,income_share_var,Services,Services,1,Managerial
24,-0.00038354073685098054,-0.0011500339893180658,0.00037492046110806974,-0.0008084248221362381,6.485807984538426e-5,income_share_var,Services,Services,1,Managerial
25,-0.00029759411585326425,-0.0010719091916230087,0.0004602828799309568,-0.000699545101785428,0.00019254551533208757,income_share_var,Services,Services,1,Managerial
26,-0.0004350253529290743,-0.0011486419507690667,0.00027137088365743824,-0.00085225336769643,-2.785371024653378e-6,income_share_var,Services,Services,1,Managerial
27,-0.0002952676120627989,-0.0011694768138439007,0.000549829324666011,-0.0008261997192646675,0.00022314791294363636,income_share_var,Services,Services,1,Managerial
28,-0.0010444233308732184,-0.001945628880713356,-0.0003291992155422535,-0.0014891930190110499,-0.0005594365575579451,income_share_var,Services,Services,1,Managerial
29,-0.0001542354423145145,-0.0008064046877343002,0.0006187145891305705,-0.000551776872500817,0.00033036193926081424,income_share_var,Services,Services,1,Managerial
30,0.0003038686217588133,-0.00038880934678418394,0.0010213714696010326,-8.288319574735811e-5,0.0006971328537508732,income_share_var,Services,Services,1,Managerial
31,-0.0002643273736969674,-0.0011972016673820304,0.0005815436641781481,-0.0008719057552845713,0.00027996475811780606,income_share_var,Services,Services,1,Managerial
32,-0.00040547199925089825,-0.0013331255462175995,0.0005308701788254949,-0.0009109120083279105,0.00012327510471009574,income_share_var,Services,Services,1,Managerial
33,-0.00044182856149772734,-0.0012376069623433023,0.00020113713991799927,-0.0008833300895648659,-5.947290305306606e-5,income_share_var,Services,Services,1,Managerial
34,-0.0004963981861174511,-0.0012417773462095518,0.0002792179805206507,-0.0009833077204086935,-5.6082469967991494e-5,income_share_var,Services,Services,1,Managerial
35,-0.00023475252554170162,-0.0012540867008402673,0.0005608642943675655,-0.0008428287546507453,0.00025817302194324767,income_share_var,Services,Services,1,Managerial
36,-0.0005912787086035243,-0.0018065013261154826,0.0003492771481573805,-0.0012137189438683987,-0.00010547228091103224,income_share_var,Services,Services,1,Managerial
0,0.0010086732081273778,0.00014699449344097407,0.002102440179656867,0.00044569938497654395,0.0016627670757415462,income_share_var,Services,Services,2,Professional specialty
1,0.002289935385857774,0.0011367568263219668,0.003449880137681458,0.001614208307496287,0.002943852847911763,income_share_var,Services,Services,2,Professional specialty
2,0.0014739800010155175,0.0003534469947333492,0.0028663706404072706,0.0007692798627108224,0.0022388717692370056,income_share_var,Services,Services,2,Professional specialty
3,0.001060645289787377,-1.2592562938122621e-5,0.0023717791600012636,0.0004607569413447146,0.001769463743755884,income_share_var,Services,Services,2,Professional specialty
4,0.001364258890904813,0.0002692166164597635,0.002558604024114902,0.0007024799641606714,0.00208394930907406,income_share_var,Services,Services,2,Professional specialty
5,0.0026657797199235857,0.001671286636029904,0.0037860911769800796,0.0019867922287755725,0.003298098825161417,income_share_var,Services,Services,2,Professional specialty
6,0.0014730766441936854,0.0004935279757410805,0.00299935580401294,0.0007657633816964593,0.0023353660343805975,income_share_var,Services,Services,2,Professional specialty
7,0.002891517473758994,0.0019327567086311532,0.004123554542430714,0.002285082078073162,0.0036743576447558855,income_share_var,Services,Services,2,Professional specialty
8,0.0009165411936162852,-1.4432951458683094e-5,0.002083598822935594,0.00035317886238781177,0.0016008369818472678,income_share_var,Services,Services,2,Professional specialty
9,0.00130580687169695,0.0004455839533921734,0.002217611722133361,0.0007836363719469311,0.0018558561722225536,income_share_var,Services,Services,2,Professional specialty
10,0.001091389752223306,0.00020683463720160022,0.00197330115893252,0.0006037716889180857,0.001606730244082838,income_share_var,Services,Services,2,Professional specialty
11,0.00043450163227085205,-0.00038538324336416426,0.0012572595011556857,-3.732543372670174e-5,0.000907571584238884,income_share_var,Services,Services,2,Professional specialty
12,0.0016348581302709515,0.0008875576537493762,0.0024478407599150616,0.0011705366548333692,0.002126594621581834,income_share_var,Services,Services,2,Professional specialty
13,0.0017131134062534491,0.0007458123024567454,0.002747765342217311,0.0011234789741251176,0.0022738703220522272,income_share_var,Services,Services,2,Professional specialty
14,0.0005811754837832813,-0.0007872927174704219,0.002184796231454525,-0.0002720256894089075,0.0014704308973084211,income_share_var,Services,Services,2,Professional specialty
15,0.0012099574321305388,-2.1574887284131266e-5,0.002828449471721321,0.000416854848322404,0.0020693975182638352,income_share_var,Services,Services,2,Professional specialty
16,0.0022518423208025724,0.0010897349738780285,0.0036068307247437755,0.0016069142158725133,0.003103471828275752,income_share_var,Services,Services,2,Professional specialty
17,0.002657703733835148,0.0014946420680717264,0.00432936955386048,0.001877605238678028,0.0036125920053526822,income_share_var,Services,Services,2,Professional specialty
18,0.000292866417402417,-0.000800135185073676,0.0016021217946654914,-0.00042496833443771023,0.0011199982768896855,income_share_var,Services,Services,2,Professional specialty
19,0.002275610986250919,0.001162240211820987,0.0035258159504199327,0.0016086503144219963,0.0030231952333512305,income_share_var,Services,Services,2,Professional specialty
20,0.001524175871122796,0.0006353542972547223,0.002588820619202463,0.0009943443075211052,0.0021720603642770156,income_share_var,Services,Services,2,Professional specialty
21,0.0009143926555915553,-5.309903651107555e-5,0.0018743150071319822,0.00033455879520627376,0.001517762173553095,income_share_var,Services,Services,2,Professional specialty
22,0.0007318895782168836,-0.0002866923878133774,0.0018138101588567527,0.00014213469363330285,0.0014179614779801007,income_share_var,Services,Services,2,Professional specialty
23,0.0008635118013484954,0.00010603285607175292,0.0017032397551952458,0.0004102607824654125,0.0013117006282320064,income_share_var,Services,Services,2,Professional specialty
24,0.001071382356480924,0.00020098909910669827,0.0019068059805288696,0.0005822912759542355,0.001622200552401784,income_share_var,Services,Services,2,Professional specialty
25,0.0018226152826693737,0.0009180761662218118,0.002850129188739803,0.0012932437424606538,0.0024006188891377953,income_share_var,Services,Services,2,Professional specialty
26,0.0016777023485250262,0.0005130484305945705,0.0034814078311358205,0.0010072274573193756,0.0027438447154453263,income_share_var,Services,Services,2,Professional specialty
27,0.001291177813973978,0.00026982142800423725,0.002982258260915401,0.0006588331446034731,0.002244823066337817,income_share_var,Services,Services,2,Professional specialty
28,0.0008137256620378929,-0.00035719798525420045,0.002051721083752261,0.00011423238986709968,0.001568559348485658,income_share_var,Services,Services,2,Professional specialty
29,0.0014652254964009999,0.00025384822950186357,0.0029453529733838367,0.0006792139917873932,0.0023250358289727104,income_share_var,Services,Services,2,Professional specialty
30,0.0009217107319378236,-0.00016660565396043095,0.0024421319421328684,0.0002745618479060968,0.0018181557479725143,income_share_var,Services,Services,2,Professional specialty
31,0.0017197258206102224,0.0007926544169809847,0.0030495738317952836,0.0011022245715464367,0.002564014889248248,income_share_var,Services,Services,2,Professional specialty
32,0.001490533038511797,0.0006056255384354305,0.0028007866706209862,0.0009253884194763966,0.0022368626221668042,income_share_var,Services,Services,2,Professional specialty
33,0.0014179984830971078,0.0004482356763049985,0.002507308054499314,0.0008245845776868718,0.0021035244794285358,income_share_var,Services,Services,2,Professional specialty
34,0.001210956972106611,0.00017027489762131928,0.0021182170100474493,0.0006705973942116687,0.0017488001257075806,income_share_var,Services,Services,2,Professional specialty
35,-4.2412611625411376e-5,-0.001037693869036355,0.0008728751916680233,-0.0006926062884448727,0.00047957023861344044,income_share_var,Services,Services,2,Professional specialty
36,0.0008360674553961748,-2.6391746830236175e-5,0.0017509854921236123,0.0002860454852119536,0.0013641439295892402,income_share_var,Services,Services,2,Professional specialty
0,-8.763002043129827e-5,-0.00036985560452188474,0.00019155167647029496,-0.0002801234203268906,7.995749074865843e-5,income_share_var,Services,Services,3,High tech
1,0.00017590514544037642,-6.018502367769474e-5,0.00042670687111455343,2.0310617680067278e-5,0.0003301774300786842,income_share_var,Services,Services,3,High tech
2,-0.00018425740651459538,-0.0005327346241154648,0.00017746070618618613,-0.00037604345739366196,5.4818757242916635e-6,income_share_var,Services,Services,3,High tech
3,0.00021690958798201864,-5.679642983107044e-5,0.0005550137809259763,5.120870464793401e-5,0.0004055120810094341,income_share_var,Services,Services,3,High tech
4,0.00042374878016491986,-1.415188567510401e-6,0.0007897560825871144,0.0001507410592121794,0.00062519568671407,income_share_var,Services,Services,3,High tech
5,-7.418812944695743e-5,-0.0003093149237212478,0.00018897719193430114,-0.00022321764852878254,8.421974829405136e-5,income_share_var,Services,Services,3,High tech
6,0.00019046358397366937,-9.37531160115255e-5,0.00048402133046130037,1.230096183414922e-5,0.00036646386578623484,income_share_var,Services,Services,3,High tech
7,0.0004564530245065738,0.00020470578598926875,0.0007484683361223127,0.00029080082636527517,0.0006363160910349344,income_share_var,Services,Services,3,High tech
8,0.0001070479118871961,-0.00020993920654459433,0.0004950860823349744,-7.263120894111964e-5,0.00033011422577401266,income_share_var,Services,Services,3,High tech
9,0.00013748686061029655,-0.00013548129565525555,0.0004365673473851987,-3.269783150038305e-5,0.00030778967998151385,income_share_var,Services,Services,3,High tech
10,0.00026173901954780574,-2.1019773831166405e-5,0.0005908389949616933,9.773465559147475e-5,0.0004684076263404745,income_share_var,Services,Services,3,High tech
11,0.0004439083612069942,0.00019758666676774662,0.0007325265982361225,0.0003013826491584815,0.0006145679450875133,income_share_var,Services,Services,3,High tech
12,-0.00022027274869249023,-0.000522406027769961,9.49959083388053e-5,-0.0004130786988766419,-2.86224323532606e-5,income_share_var,Services,Services,3,High tech
13,0.00018218327063617787,-0.00017003681750753656,0.0005378699792205441,-3.740732191243946e-5,0.0003615179483976508,income_share_var,Services,Services,3,High tech
14,0.0001404128237641772,-0.0002450736570301141,0.000473266317568593,-0.0001016851095551865,0.0003509372619776935,income_share_var,Services,Services,3,High tech
15,0.0001708297144183032,-0.0001342235764512445,0.0005428509605325017,-1.5762103946630223e-5,0.0003640998835935041,income_share_var,Services,Services,3,High tech
16,0.0004776270283869181,0.00021720356630009353,0.000712514408408325,0.00032904659621129024,0.0006086197890577236,income_share_var,Services,Services,3,High tech
17,8.990362551525286e-5,-0.0002453694658712457,0.0004107442113834394,-0.00010605718297612045,0.00028459166275161146,income_share_var,Services,Services,3,High tech
18,0.0003844205594527106,9.982862047684047e-5,0.0006416156363292303,0.0002085045070249959,0.0005232070223682286,income_share_var,Services,Services,3,High tech
19,0.00026477011221623695,-1.6462359114407935e-5,0.0005617150190918894,8.223897242653588e-5,0.0004341179473881282,income_share_var,Services,Services,3,High tech
20,0.0002924854638919702,-2.565804803528887e-6,0.0006063464705179315,0.00010580758355440841,0.000478330772780531,income_share_var,Services,Services,3,High tech
21,0.00020278300074426118,-0.00016654573049341897,0.0005396595777825517,-2.0282558857538148e-5,0.0003952385439880123,income_share_var,Services,Services,3,High tech
22,0.0002327672929582828,-9.910815432554286e-5,0.0005183662254804879,4.487823604041268e-5,0.00040693723998486364,income_share_var,Services,Services,3,High tech
23,2.8519794135979838e-5,-0.0003168778825369187,0.00032590778586114933,-0.00018415580946839452,0.00019256119664391152,income_share_var,Services,Services,3,High tech
24,0.0004135672004314938,5.90707505346765e-5,0.0007744447369369583,0.00018711810699837856,0.0006082137874342163,income_share_var,Services,Services,3,High tech
25,0.0001970083082418145,-0.0001075046911944815,0.0004783286424516395,1.9588337401324615e-5,0.00035345925821422635,income_share_var,Services,Services,3,High tech
26,0.0007331791625625592,0.000442706161162897,0.0010454839323859244,0.0005490413122727804,0.0009077635094125386,income_share_var,Services,Services,3,High tech
27,-5.041936358682233e-6,-0.00028736655013188883,0.0002900067916443354,-0.000174114850528324,0.00016499132318566537,income_share_var,Services,Services,3,High tech
28,0.0005047659532875775,0.00022661751938572668,0.0007870893260051213,0.00032162628349103727,0.000667967239245203,income_share_var,Services,Services,3,High tech
29,0.00022004892151877484,-8.51541171324681e-5,0.0005533135681766581,3.4895680754390396e-5,0.00042904877773773176,income_share_var,Services,Services,3,High tech
30,0.0004087853411891418,0.00015126977800571697,0.000727254277467256,0.0002412096842983055,0.0005936366630553029,income_share_var,Services,Services,3,High tech
31,7.221294862873781e-5,-0.00024135506594334712,0.00040178254304948087,-0.00012323376527240674,0.0002645685408025291,income_share_var,Services,Services,3,High tech
32,0.0004031515955724115,0.00012900008408950927,0.0006671557585698901,0.00022051911676782481,0.0005599881174631562,income_share_var,Services,Services,3,High tech
33,0.00021396766158866847,-4.987961149734713e-5,0.0005205959165135749,4.850960429541936e-5,0.00036574082900656747,income_share_var,Services,Services,3,High tech
34,0.00029373421058653674,-9.353401270161769e-6,0.0005974591883007658,9.275668693202086e-5,0.00047065546893003163,income_share_var,Services,Services,3,High tech
35,0.0001374874700687792,-0.00021698300113405332,0.000491576309032616,-8.484940587719656e-5,0.0003418033630592647,income_share_var,Services,Services,3,High tech
36,0.00014845460457878014,-0.00016879597012052367,0.00045989999210646366,-2.5167443064426468e-5,0.0003262729242521277,income_share_var,Services,Services,3,High tech
0,2.6442257654115964e-5,-0.00030730223789193393,0.00036030910912340363,-0.00018449471576469884,0.00023471158735638352,income_share_var,Services,Services,4,Sales
1,-0.0005259450305592076,-0.0009553134318548897,-0.00018532568577286278,-0.0007715315834028201,-0.0002996949971412076,income_share_var,Services,Services,4,Sales
2,-0.0002145804295748465,-0.000626053018987895,0.00013615079176982083,-0.0004278843597885684,-9.245677564084765e-7,income_share_var,Services,Services,4,Sales
3,-0.00032285314063632405,-0.0006483999795830813,-4.694710330005095e-5,-0.0005230584900691325,-0.00015129969638930804,income_share_var,Services,Services,4,Sales
4,-0.00036476596137722546,-0.0007130440435217378,1.9862376378653064e-5,-0.0005700366245859614,-0.00012269700663829254,income_share_var,Services,Services,4,Sales
5,-0.0003783519223890635,-0.0007177836925969684,1.5194606354181008e-5,-0.0005669986134773128,-0.00016172948966138777,income_share_var,Services,Services,4,Sales
6,-0.0003712267521780416,-0.0007034064511555805,-7.084013103567631e-5,-0.0005588565909702942,-0.00019460047508065365,income_share_var,Services,Services,4,Sales
7,-0.0007983402031778605,-0.0010711415420422926,-0.0005065577881849648,-0.0009769595861463312,-0.0006276234970662067,income_share_var,Services,Services,4,Sales
8,-8.402279871221078e-5,-0.00046573899113700503,0.0002753267349962738,-0.00032049274860581587,0.0001462806267662527,income_share_var,Services,Services,4,Sales
9,-0.0005166514246826,-0.0007677785937636426,-0.0002454787088053136,-0.0006706227438364623,-0.0003545003372905919,income_share_var,Services,Services,4,Sales
10,0.000116368129402736,-0.00023989291326474013,0.0004741700417193814,-8.47130182740221e-5,0.00032167016843520624,income_share_var,Services,Services,4,Sales
11,-0.000245202663630806,-0.0005729615451915825,9.180857674968975e-5,-0.00044996971894627625,-4.3793957439301946e-5,income_share_var,Services,Services,4,Sales
12,-0.0005763950327130146,-0.0009488559472735295,-0.00022636753544046703,-0.0008000484070836251,-0.00037202853500361817,income_share_var,Services,Services,4,Sales
13,-0.0005700197181479099,-0.0009105670193496583,-0.00018822528621652274,-0.0007753237368176195,-0.000314579245136747,income_share_var,Services,Services,4,Sales
14,-8.942114469649794e-5,-0.00044115901339629655,0.00027790643700453674,-0.00029413613332780834,0.00014032636049070643,income_share_var,Services,Services,4,Sales
15,-0.0002720039483780263,-0.0006859702765691972,0.00012060447282924203,-0.0005297384509387134,-1.1802605882690474e-5,income_share_var,Services,Services,4,Sales
16,-0.0001377513653136508,-0.0005397834720297062,0.0002857117712870257,-0.0003786578952256472,0.00010775135266775164,income_share_var,Services,Services,4,Sales
17,-0.0006600201369493667,-0.001001963769201155,-0.0003090073513588247,-0.0008709730079042457,-0.0004399310113654487,income_share_var,Services,Services,4,Sales
18,-0.00036039131351731427,-0.0006698594822465183,-5.9502545396539306e-5,-0.0005274796182402924,-0.00018038589509973728,income_share_var,Services,Services,4,Sales
19,-0.00019271979911777317,-0.0006208511552390596,0.00016800309033288916,-0.0004281157353254706,2.1955838416516486e-6,income_share_var,Services,Services,4,Sales
20,-0.00011995526805151708,-0.0004441010682964526,0.0002377294278784703,-0.00033304666991800153,0.0001060834497200654,income_share_var,Services,Services,4,Sales
21,-0.0003233732306972144,-0.0007097851928959714,-4.044220999081604e-5,-0.0005551866004758403,-0.00013924246707155155,income_share_var,Services,Services,4,Sales
22,-0.0002746685507954478,-0.0006475500165077771,9.770044874086515e-5,-0.0005154517039552698,-5.592206727657317e-5,income_share_var,Services,Services,4,Sales
23,-0.00013998031254861074,-0.000560544926415078,0.0002088619972570922,-0.00037842956463623507,7.185962351806502e-5,income_share_var,Services,Services,4,Sales
24,-0.00014722005467994752,-0.0005021046344968467,0.0001699279497883492,-0.00036868033892130517,5.417753817006307e-5,income_share_var,Services,Services,4,Sales
25,-0.00019575139942526126,-0.0005965317929481047,0.00015727883708519183,-0.00041759111537765495,9.953081236535908e-6,income_share_var,Services,Services,4,Sales
26,-0.0003932855450285983,-0.0007304845604831406,-3.7447376633568214e-5,-0.0005988862574635278,-0.0001784723640372989,income_share_var,Services,Services,4,Sales
27,-0.0004510311576520631,-0.0008445484528456528,-4.4537270928935845e-5,-0.0007092311000580593,-0.00023996983800142948,income_share_var,Services,Services,4,Sales
28,-0.00031170790430480925,-0.0007047957906704254,1.6993886613901306e-5,-0.0005649599325503439,-0.00011590044353242606,income_share_var,Services,Services,4,Sales
29,-0.000350900513250457,-0.0007647162497860776,2.3114343219518205e-5,-0.0006518926875536655,-0.00011179545881081799,income_share_var,Services,Services,4,Sales
30,-0.0005604017633287405,-0.0009164785030579585,-0.00023802219475292836,-0.0007886681053763451,-0.0003597338710829797,income_share_var,Services,Services,4,Sales
31,-4.610590716191218e-5,-0.00041728194848970895,0.00029299666794480115,-0.000282196852113988,0.00016490874612854785,income_share_var,Services,Services,4,Sales
32,-0.0007154985893951944,-0.0011440254685219538,-0.00033849352283990086,-0.0009702640621982413,-0.0004847024865890945,income_share_var,Services,Services,4,Sales
33,-0.0004005214270849892,-0.0008129761593509396,6.707441670945836e-5,-0.000623200779010548,-0.00011843493158039588,income_share_var,Services,Services,4,Sales
34,-0.0006358398711678877,-0.0009960413720720269,-0.0002608785528249444,-0.0008523255792297997,-0.000406376703827188,income_share_var,Services,Services,4,Sales
35,-0.0003926876436468891,-0.0007900519908149222,1.626935568458537e-5,-0.0006082383465769533,-0.0001355544959819477,income_share_var,Services,Services,4,Sales
36,-0.0003701702417712105,-0.0008065320109491335,-9.045774796731065e-6,-0.0006002716801593479,-0.00013748525394947288,income_share_var,Services,Services,4,Sales
0,-0.0006107692588373017,-0.0009826900354446616,-0.00026046336740918397,-0.0008437358366036898,-0.0004265935724315095,income_share_var,Services,Services,5,Administrative support
1,-7.925224666997552e-5,-0.0004940285555439475,0.00037189073123555783,-0.00031530455439006573,0.00020423427145974926,income_share_var,Services,Services,5,Administrative support
2,-0.00036956619478733133,-0.0008014852009932548,5.402560647336396e-5,-0.0006489159964895748,-0.0001470131859192222,income_share_var,Services,Services,5,Administrative support
3,3.0374541921909165e-7,-0.0004226118203883042,0.00036250540453667824,-0.00023688933494447092,0.00021846997686946005,income_share_var,Services,Services,5,Administrative support
4,-0.00017738289275385084,-0.000673672018138449,0.00026890427766813185,-0.00044136549207264396,8.499338084137043e-5,income_share_var,Services,Services,5,Administrative support
5,-0.00025251584902405617,-0.0007456064504455651,0.0001138849853565009,-0.0005474122401363352,-3.6086130614839914e-5,income_share_var,Services,Services,5,Administrative support
6,-0.0004823031049347284,-0.0009243760431214412,-5.922740930293212e-5,-0.0007344574128957347,-0.00023924926419380062,income_share_var,Services,Services,5,Administrative support
7,-0.0002964889749135031,-0.0007141936759258922,0.00012099430572031438,-0.0005637725613079868,-3.528050755415078e-5,income_share_var,Services,Services,5,Administrative support
8,-0.00038076719641296755,-0.0007841313720419047,5.057464721067005e-5,-0.000634141420001141,-7.25016754775581e-5,income_share_var,Services,Services,5,Administrative support
9,-0.00014560212298109004,-0.0005865962470383609,0.0003455779636757786,-0.00042302767444636695,0.00014514586610636909,income_share_var,Services,Services,5,Administrative support
10,-7.70756268027198e-5,-0.0004808675503517999,0.00033889882707403656,-0.00030234337973271484,0.0001810810623888942,income_share_var,Services,Services,5,Administrative support
11,-0.00011603874597568979,-0.00045590060030369344,0.00023027250146942117,-0.00029430541631280744,0.00011421543430896668,income_share_var,Services,Services,5,Administrative support
12,-0.00026419265609629124,-0.000624179973905762,5.403571582531338e-5,-0.0004642047633891755,-6.956632275405275e-5,income_share_var,Services,Services,5,Administrative support
13,-4.548321123795218e-5,-0.0004832576707079862,0.0004332031036275292,-0.00030532552351093063,0.00023856175190471209,income_share_var,Services,Services,5,Administrative support
14,-0.00034075075424674884,-0.0008014457291261338,0.0001187537179623258,-0.0005983734730337802,-3.8133959485605316e-5,income_share_var,Services,Services,5,Administrative support
15,-2.2879763255866935e-5,-0.0006584392756667223,0.00044798320783336423,-0.0003795330604339616,0.00026530232353456993,income_share_var,Services,Services,5,Administrative support
16,0.00010306938537832952,-0.00041620508731808376,0.0005462990428821682,-0.00017526447298985297,0.0003860132481125172,income_share_var,Services,Services,5,Administrative support
17,-0.0003048102395151886,-0.0007443206643955016,0.0001365082553022234,-0.0005750404421725002,-3.5782344688874005e-5,income_share_var,Services,Services,5,Administrative support
18,-5.6030787779707784e-5,-0.0004812861541377189,0.0003902948599641422,-0.00030995587929398717,0.00023385390581761673,income_share_var,Services,Services,5,Administrative support
19,-0.00012374119105643849,-0.0005887375610558519,0.0003710602208014985,-0.00041567850219408834,0.00016909119491209033,income_share_var,Services,Services,5,Administrative support
20,0.00012266190964438443,-0.00044371539254964173,0.0006503073726651558,-0.0002333321921732981,0.000458880997551767,income_share_var,Services,Services,5,Administrative support
21,-0.0001551825517691389,-0.0006294737634493459,0.0003469569477237125,-0.000437179436554904,0.00014929419545615266,income_share_var,Services,Services,5,Administrative support
22,-0.00020564485982940667,-0.0007178051186142304,0.00028914905400403464,-0.0005314177289259171,0.0001193323792648515,income_share_var,Services,Services,5,Administrative support
23,-0.0004417261336797783,-0.0009601330632193208,2.1513627724629135e-5,-0.000716486047373416,-0.0001339313519797741,income_share_var,Services,Services,5,Administrative support
24,-0.0004881245766303955,-0.0009445942978856703,-9.395069582549638e-5,-0.0007601050509137142,-0.0002602831455897843,income_share_var,Services,Services,5,Administrative support
25,-0.00023844942844328522,-0.0006605954311766553,0.00018926182853448164,-0.0005041666856613562,1.5982760166275654e-5,income_share_var,Services,Services,5,Administrative support
26,-0.000540019265374071,-0.0010182178446363635,-0.00013799424088277597,-0.0007959409370950957,-0.00029329683434363413,income_share_var,Services,Services,5,Administrative support
27,-0.00012542348542324492,-0.0006179995665694211,0.00040100002978626123,-0.0004210271605275676,0.0001789032532356559,income_share_var,Services,Services,5,Administrative support
28,0.00014797797247772946,-0.0003774638371631481,0.0007926708863130847,-0.00016481466833189492,0.0005052058192517772,income_share_var,Services,Services,5,Administrative support
29,0.00013037731336340837,-0.0003689808512714653,0.000705797944844076,-0.00014569543364723305,0.0004502547475244771,income_share_var,Services,Services,5,Administrative support
30,-0.00027421147166374106,-0.0007900956277041677,0.00032407005373295665,-0.0006104353852323407,0.00011199430081361417,income_share_var,Services,Services,5,Administrative support
31,-3.364353751184305e-5,-0.00045965428130534267,0.00042448006906084117,-0.00027564677799641176,0.00024449683403025764,income_share_var,Services,Services,5,Administrative support
32,2.6151611455687173e-5,-0.00046400214012478713,0.0005611849684141362,-0.0002702284719154291,0.0003348876083214614,income_share_var,Services,Services,5,Administrative support
33,0.0002062065694687736,-0.00018788273144738782,0.0006587845242393999,-5.193812874435582e-5,0.000505962866742755,income_share_var,Services,Services,5,Administrative support
34,8.467172120119791e-5,-0.00042590655121041904,0.0006547753142795672,-0.00018480189346156977,0.0003983233877095895,income_share_var,Services,Services,5,Administrative support
35,0.00028508162122214736,-0.00012706183711674158,0.000764730956428872,6.97359921712716e-6,0.0005667619203919966,income_share_var,Services,Services,5,Administrative support
36,-0.00025328352632472136,-0.0007425217566001661,0.0002354803093353145,-0.0005088018876974576,3.35894538228177e-5,income_share_var,Services,Services,5,Administrative support
0,-0.00023610013025892698,-0.0005152612153357102,0.00010846165562715488,-0.0003979180441381996,-4.4113852058826574e-5,income_share_var,Services,Services,6,Service
1,-0.0004234235542955793,-0.0007423905411820847,-3.0385667992190277e-5,-0.0006069861265707396,-0.00019956288380712639,income_share_var,Services,Services,6,Service
2,5.470205690550819e-5,-0.0002955054636380154,0.0004443798040592042,-0.00015829171595392065,0.0003107088585639222,income_share_var,Services,Services,6,Service
3,-0.00010427979867499258,-0.0004118138432074711,0.0002164288094794419,-0.0002767799663606321,7.826525210923314e-5,income_share_var,Services,Services,6,Service
4,2.082657375598771e-5,-0.00026398310889617444,0.0003148553147002237,-0.00014866712022344205,0.00020331459983714261,income_share_var,Services,Services,6,Service
5,0.0002678932590343789,1.7384325847157045e-6,0.0005763953636428106,0.0001233732891092248,0.00046439720497912874,income_share_var,Services,Services,6,Service
6,0.0001354363326545898,-0.0002662907292393113,0.0005032002323216572,-0.00010172411676973166,0.00035590365100498063,income_share_var,Services,Services,6,Service
7,3.7340570239184294e-6,-0.00031461603587175157,0.00031392920460040005,-0.00018793517033980262,0.00020330209720737988,income_share_var,Services,Services,6,Service
8,0.0003917957480837435,8.538946455772324e-5,0.0007067122043762198,0.00021581484357442325,0.0005819695968487617,income_share_var,Services,Services,6,Service
9,7.446929443973638e-5,-0.00023127007239292385,0.0003659116844926906,-0.00011767718769742961,0.00023315638596405514,income_share_var,Services,Services,6,Service
10,0.00015462244885544398,-0.00020584260651378228,0.000501838647247767,-4.1690683171713444e-5,0.00034944010862834364,income_share_var,Services,Services,6,Service
11,0.00040301027319167407,0.00010471177157540861,0.0007655743567312697,0.00022335750231917693,0.0005929441690566727,income_share_var,Services,Services,6,Service
12,0.00010401021475432274,-0.0002310557315990188,0.00047494341345620094,-0.00010277968483516057,0.00032444123527811103,income_share_var,Services,Services,6,Service
13,7.873444271036588e-5,-0.00023060702536117797,0.00037945121468723717,-0.00011539561196467781,0.00025790704067949345,income_share_var,Services,Services,6,Service
14,0.00017171495645547795,-0.0001880020102149204,0.00048615290316028257,-5.552114660217777e-5,0.0003665798049933806,income_share_var,Services,Services,6,Service
15,0.00019613969767755894,-0.00015301114472638774,0.0005222333292655564,-2.320018602845243e-5,0.0003969978406561732,income_share_var,Services,Services,6,Service
16,0.00025400682269711294,-0.00012936031063017178,0.0006266917193470582,3.368292529304533e-5,0.0004598646570812719,income_share_var,Services,Services,6,Service
17,0.0005163642379481715,0.00015116040636929727,0.000898006449222134,0.0003208462662323383,0.0007576518518144431,income_share_var,Services,Services,6,Service
18,0.00012888352701329828,-0.0003147971248475911,0.0005359422452115665,-9.151005453940608e-5,0.000382641767441748,income_share_var,Services,Services,6,Service
19,-0.00020729314102417443,-0.0005039893021355621,0.00015119153846244212,-0.00039587856883623686,1.4366245253592179e-5,income_share_var,Services,Services,6,Service
20,9.794870556596784e-5,-0.00018145801490815946,0.000403508698301603,-6.815251682817377e-5,0.0002760299584365532,income_share_var,Services,Services,6,Service
21,-3.569351015163752e-5,-0.0004034249542672008,0.0003191797891642431,-0.0002461545739995954,0.00018594951033145272,income_share_var,Services,Services,6,Service
22,0.00014637377204616988,-0.00020041091418236245,0.0005429063441477122,-5.679954352239187e-5,0.0003840131079726147,income_share_var,Services,Services,6,Service
23,0.00027952862717881694,-0.0001010610898223168,0.0006553016413796313,2.6499146776098686e-5,0.0005125293952246567,income_share_var,Services,Services,6,Service
24,7.221157711906466e-5,-0.00026322972076588315,0.0004488506326190771,-0.00013658874324571404,0.0003126347585928741,income_share_var,Services,Services,6,Service
25,0.00021245680212144866,-0.00016608781605722162,0.0005386448956819997,-3.477243072212336e-6,0.0004265251489047986,income_share_var,Services,Services,6,Service
26,0.00014625168314057126,-0.0001617562060987798,0.00046697675940757775,-4.595631482027103e-5,0.00032653998057800436,income_share_var,Services,Services,6,Service
27,-0.00010557739613263304,-0.00041052637797732124,0.00024894043364465877,-0.0002793477226053501,0.00011554416999586067,income_share_var,Services,Services,6,Service
28,0.00036709828134351896,-8.110880682933499e-5,0.0007458915384349514,9.70927853861801e-5,0.0005970284303991021,income_share_var,Services,Services,6,Service
29,-3.112755742913022e-5,-0.0003221745555952648,0.00025406512876599276,-0.00021674095001391683,0.0001578999960833431,income_share_var,Services,Services,6,Service
30,-8.25948234155699e-6,-0.0004302884998904137,0.0003642728689207254,-0.00026439564014439025,0.0002269490721630702,income_share_var,Services,Services,6,Service
31,0.00012822754243224766,-0.00029001918589127923,0.0004851423644149836,-9.167840635043462e-5,0.00033701524551821337,income_share_var,Services,Services,6,Service
32,7.991042589175277e-5,-0.000204576222159341,0.0003817878972407272,-8.877942740526558e-5,0.0002547489164814439,income_share_var,Services,Services,6,Service
33,0.0002754322434046672,-6.395232745213565e-5,0.0006094259685032175,7.268563709274085e-5,0.0004687475356805654,income_share_var,Services,Services,6,Service
34,-0.00017788505369374685,-0.0005352912513589933,0.0002015887810333691,-0.0004002202882588009,6.420281187904925e-5,income_share_var,Services,Services,6,Service
35,0.0005404465701271502,0.00020005931890300084,0.0008638013553984622,0.00031828304219947963,0.0007376484151630792,income_share_var,Services,Services,6,Service
36,0.0003696314842958439,2.2265680357102895e-5,0.0007984844896077384,0.000148236586021594,0.0006373820154771551,income_share_var,Services,Services,6,Service
0,-0.0001011101846595275,-0.00023912924995791426,4.7525792298369886e-5,-0.0001847434747411309,-6.459416017095678e-6,income_share_var,Services,Services,7,Farming/forestry/construction
1,0.0001219830805164615,-5.7115648079076554e-5,0.0003227480761663202,8.80648797922968e-6,0.00025737469808394763,income_share_var,Services,Services,7,Farming/forestry/construction
2,-0.00021742197203846725,-0.0004956075098674228,4.052199884938405e-5,-0.0003656224412373209,-5.5583101827681676e-5,income_share_var,Services,Services,7,Farming/forestry/construction
3,-3.213386876802609e-5,-0.00035771051283609587,0.00025695162591245874,-0.0001889920543446524,0.00014559998943813825,income_share_var,Services,Services,7,Farming/forestry/construction
4,6.997804675798952e-5,-0.0002273185904812474,0.00032824327579204326,-0.00010430951997769506,0.00023339880530063816,income_share_var,Services,Services,7,Farming/forestry/construction
5,-0.00020281945954710932,-0.0004941605297818649,6.785976395797867e-5,-0.0003726268068753746,-2.550225145323863e-5,income_share_var,Services,Services,7,Farming/forestry/construction
6,-1.4236581271015284e-5,-0.00026550067276626067,0.00022671274731909054,-0.00016421087495687735,0.00013395151025169692,income_share_var,Services,Services,7,Farming/forestry/construction
7,-0.000190751241686076,-0.00041919333350949953,2.9138745432322644e-5,-0.0003358486283796446,-5.348202140551664e-5,income_share_var,Services,Services,7,Farming/forestry/construction
8,-0.00014008063771032354,-0.0003715102500248065,7.03678153023787e-5,-0.0002698424841928837,-1.333436502658439e-5,income_share_var,Services,Services,7,Farming/forestry/construction
9,-0.00012553556342605936,-0.00031973611450854006,8.098386083994134e-5,-0.00023875252203875468,-1.2758438776852771e-6,income_share_var,Services,Services,7,Farming/forestry/construction
10,1.5492919416198072e-5,-0.00015217816421071267,0.00021269728117137413,-8.61557297523343e-5,0.00013626029961295356,income_share_var,Services,Services,7,Farming/forestry/construction
11,6.231938156527028e-5,-7.275891458792065e-5,0.00022240484265927064,-2.1073277104709885e-5,0.00015499015226263217,income_share_var,Services,Services,7,Farming/forestry/construction
12,-0.00023123148507852887,-0.0004039066104430211,-9.668948819951538e-6,-0.0003429686714986803,-9.693271073740064e-5,income_share_var,Services,Services,7,Farming/forestry/construction
13,0.00012479274665788033,-5.0876412225486946e-5,0.0002866214942664949,2.4021527461281418e-5,0.00023156166960253732,income_share_var,Services,Services,7,Farming/forestry/construction
14,-5.0170110499872384e-5,-0.00031815530539875374,0.00018858505432831204,-0.00021082178399702846,0.00010447246270523491,income_share_var,Services,Services,7,Farming/forestry/construction
15,9.375738401665542e-5,-0.0002119766021070888,0.00037784616057830455,-7.388581917254394e-5,0.00025278220831046676,income_share_var,Services,Services,7,Farming/forestry/construction
16,4.188978171868914e-6,-0.00032679023547429705,0.0002876281329051437,-0.00017468601311487918,0.0001861480338236795,income_share_var,Services,Services,7,Farming/forestry/construction
17,-0.00020686553213068642,-0.0005276149439796481,0.0001047062626370367,-0.0003939724814669498,-5.342835045058929e-6,income_share_var,Services,Services,7,Farming/forestry/construction
18,-0.00013646011204970592,-0.0004106368661720725,0.00011043503254161533,-0.0002927927568777261,2.008248532656644e-5,income_share_var,Services,Services,7,Farming/forestry/construction
19,-0.0002223627318989036,-0.00043823511079231644,1.057126081915717e-5,-0.0003591866271111196,-8.097823422021836e-5,income_share_var,Services,Services,7,Farming/forestry/construction
20,-0.0005438162034654927,-0.0007841917025894102,-0.00030583876813476446,-0.0006835118121211474,-0.0004040963290831695,income_share_var,Services,Services,7,Farming/forestry/construction
21,-0.000156015019276028,-0.00032872333115063345,5.3470169483554755e-5,-0.00025622141904166915,-2.577618816225545e-5,income_share_var,Services,Services,7,Farming/forestry/construction
22,-3.4182935467380505e-5,-0.00028036536897261643,0.0001805681844927155,-0.00018513417201704765,0.00010381935739850909,income_share_var,Services,Services,7,Farming/forestry/construction
23,0.00018029913289584228,2.1487887037059683e-5,0.00034693580799624287,8.940380838054405e-5,0.00028850069289094885,income_share_var,Services,Services,7,Farming/forestry/construction
24,-3.102188833286106e-5,-0.00025374923089869806,0.00015996478159776103,-0.00016836671048763995,9.379882876778355e-5,income_share_var,Services,Services,7,Farming/forestry/construction
25,0.00011072851605444293,-8.79940294962855e-5,0.00032836890527306874,-9.950215553561069e-6,0.00022714396864328702,income_share_var,Services,Services,7,Farming/forestry/construction
26,8.129714060756904e-5,-0.00019365761258935502,0.0003768721689084523,-9.729948894812757e-5,0.0002503646123234113,income_share_var,Services,Services,7,Farming/forestry/construction
27,7.53122672571433e-5,-0.00022403032661040876,0.00037241547386986497,-9.951697354290538e-5,0.00023166707076662356,income_share_var,Services,Services,7,Farming/forestry/construction
28,-2.5509764956171407e-5,-0.00033871938179372643,0.00026105645651496403,-0.00022084012784809873,0.00012884453279843005,income_share_var,Services,Services,7,Farming/forestry/construction
29,-6.244660888562685e-5,-0.00037161672905470014,0.00019903911190256878,-0.00024682251010528543,9.294449469725989e-5,income_share_var,Services,Services,7,Farming/forestry/construction
30,1.7811799873867824e-5,-0.0002705869170193635,0.00028597646671647315,-0.00017119417984070884,0.00017405888011103168,income_share_var,Services,Services,7,Farming/forestry/construction
31,-0.00022620358538173315,-0.0005029966616125317,2.7669186209868917e-5,-0.00039594850230441315,-8.45492804608172e-5,income_share_var,Services,Services,7,Farming/forestry/construction
32,-0.00019812882609258702,-0.00046909112746158776,7.729307175501337e-7,-0.0003565044279651326,-7.227663814748903e-5,income_share_var,Services,Services,7,Farming/forestry/construction
33,-0.00012162926445189164,-0.00033011906854608615,8.854351214720627e-5,-0.0002546190258666315,9.641758348651167e-6,income_share_var,Services,Services,7,Farming/forestry/construction
34,1.6320159846708223e-6,-0.00018618810329159685,0.00015115908873777488,-0.00010323143421539671,9.652362070905254e-5,income_share_var,Services,Services,7,Farming/forestry/construction
35,7.02445918881485e-5,-0.00011225029213998336,0.0002607922545396275,-5.278984464329855e-5,0.00017935470507715736,income_share_var,Services,Services,7,Farming/forestry/construction
36,0.00018903713679521838,3.264154562009666e-5,0.00034239045416792303,9.100063544788163e-5,0.00027937627767073245,income_share_var,Services,Services,7,Farming/forestry/construction
0,-0.00015712488454056828,-0.0003653989290076211,8.557535617294786e-5,-0.00028429682971745454,-3.249702347347708e-5,income_share_var,Services,Services,8,Precision production/repair
1,-0.00030960687594779426,-0.0004938589242870032,-0.00011586297704767039,-0.00041118290681802134,-0.00017707622191800903,income_share_var,Services,Services,8,Precision production/repair
2,-0.00013056456855556198,-0.00031889099876880616,6.592279568561242e-5,-0.00024176370684327535,-2.788134520971715e-6,income_share_var,Services,Services,8,Precision production/repair
3,-0.0001766258407250661,-0.00039858695497012255,2.6303443550673385e-5,-0.00029540665344523744,-4.407847867586974e-5,income_share_var,Services,Services,8,Precision production/repair
4,7.425807962895615e-5,-0.0001274659331095985,0.0002890753583131331,-4.446314388087325e-5,0.00018996921309682717,income_share_var,Services,Services,8,Precision production/repair
5,-0.0001524284519262267,-0.0003644509386998239,6.268653687525037e-5,-0.00028189538355443626,-1.9479788425953194e-5,income_share_var,Services,Services,8,Precision production/repair
6,-0.0002320394874623164,-0.00040262551258154144,-2.4622989832889097e-5,-0.00032951563385106295,-0.00010979749458499424,income_share_var,Services,Services,8,Precision production/repair
7,5.075896584520983e-5,-0.00011045742474532889,0.00025021706491802615,-5.3578863526315714e-5,0.00017066160317038718,income_share_var,Services,Services,8,Precision production/repair
8,-0.00013031872667202904,-0.00031628650644355293,0.00010451960069053068,-0.00024794123892674493,7.46275631454752e-6,income_share_var,Services,Services,8,Precision production/repair
9,-0.00017429436368737904,-0.0003668842617280135,0.00013504952077884107,-0.00030116593113427715,2.289191206504131e-5,income_share_var,Services,Services,8,Precision production/repair
10,0.00012687231051603643,-4.915956236953512e-5,0.00031783374301499144,1.4866533697487032e-5,0.0002450690713189502,income_share_var,Services,Services,8,Precision production/repair
11,-0.0002708432021822449,-0.0004666535764081694,-6.440243136090199e-5,-0.00039092981407007295,-0.0001510646810981171,income_share_var,Services,Services,8,Precision production/repair
12,-0.00023137076493700523,-0.0004526227484265398,-4.0246896094688815e-6,-0.0003665085187755698,-9.071097571068353e-5,income_share_var,Services,Services,8,Precision production/repair
13,-0.00018985309728271907,-0.00040041900557553055,9.950279444962692e-6,-0.00030379474826612937,-7.006870729770675e-5,income_share_var,Services,Services,8,Precision production/repair
14,7.073057617233274e-5,-0.00020037416722549687,0.0003308393915673991,-8.728987945981739e-5,0.00023369232869004304,income_share_var,Services,Services,8,Precision production/repair
15,-8.925191433208485e-5,-0.00026324349052804996,0.00011381321200631206,-0.00018950287460973257,3.5946760354162944e-5,income_share_var,Services,Services,8,Precision production/repair
16,-4.421833241191031e-5,-0.00024096974682821627,0.00021902451212267124,-0.00015838105573759802,0.00010284767986641052,income_share_var,Services,Services,8,Precision production/repair
17,-8.633751615070895e-5,-0.00027232677658585084,0.0001341167739067964,-0.0001953666021975178,4.502602001477991e-5,income_share_var,Services,Services,8,Precision production/repair
18,-8.201089900717289e-5,-0.0002607723768014567,0.00012151076810646376,-0.00018851277491644202,5.704181463043532e-5,income_share_var,Services,Services,8,Precision production/repair
19,9.741932533612398e-5,-0.00011789510620978959,0.00034833382205506853,-2.5636580573660636e-5,0.0002269737740037832,income_share_var,Services,Services,8,Precision production/repair
20,-6.937710262969002e-5,-0.00027264892390978094,0.0001465985498452319,-0.0001790157728927126,6.664138629004647e-5,income_share_var,Services,Services,8,Precision production/repair
21,-4.160527039484364e-5,-0.0002614116222790931,0.00021162649079568415,-0.0001685803539357567,0.00010169887102323021,income_share_var,Services,Services,8,Precision production/repair
22,0.0002467501419618178,8.34231187265529e-5,0.0004523083293233156,0.00014666815211695036,0.00035539457712100103,income_share_var,Services,Services,8,Precision production/repair
23,-9.946628938299051e-5,-0.0003310751528157438,0.0001521156666794024,-0.00023221035067456924,6.532159366567049e-5,income_share_var,Services,Services,8,Precision production/repair
24,0.00010466732195584208,-0.00010113267775248739,0.00032474551279880584,-2.272251130345612e-5,0.00023166690607669002,income_share_var,Services,Services,8,Precision production/repair
25,7.609241972034648e-5,-0.00017372984329920164,0.00028416152734926534,-7.07913453551167e-5,0.00020536176110621786,income_share_var,Services,Services,8,Precision production/repair
26,-0.000168916968935764,-0.00039394648978727947,7.783965965158445e-5,-0.0003111172146413922,-2.3626842470902347e-5,income_share_var,Services,Services,8,Precision production/repair
27,-5.29729724753154e-5,-0.00025525591203798064,0.00013443319113200065,-0.00016900353043562647,4.953451056452588e-5,income_share_var,Services,Services,8,Precision production/repair
28,-0.00017628030375440437,-0.00038772873392696125,4.4716222315285115e-5,-0.0003111767561560473,-4.086643904318459e-5,income_share_var,Services,Services,8,Precision production/repair
29,-0.00014778611768579458,-0.0003562004014240973,5.807118373617217e-5,-0.0002680029889869074,-2.0677308154479505e-5,income_share_var,Services,Services,8,Precision production/repair
30,-1.7198488267640472e-5,-0.00023082724738069703,0.00021577462868307273,-0.00013755481399567167,0.00011223131462772631,income_share_var,Services,Services,8,Precision production/repair
31,-2.2550981912434658e-5,-0.00021439539270351712,0.0001798824807455903,-0.00013893667890705786,9.064539703682589e-5,income_share_var,Services,Services,8,Precision production/repair
32,-1.4843685997336733e-5,-0.0002232617945947653,0.00018730714947569734,-0.00014285441162110332,9.439012504014214e-5,income_share_var,Services,Services,8,Precision production/repair
33,-0.00010078236675930759,-0.00026627339058760927,8.825574542030669e-5,-0.0001961150060783568,1.0178626154002681e-5,income_share_var,Services,Services,8,Precision production/repair
34,0.00011904880812611745,-9.90655942254143e-5,0.00031365034275448447,-7.241235722032856e-6,0.00022871381596942957,income_share_var,Services,Services,8,Precision production/repair
35,7.700794068175426e-5,-9.141285074428451e-5,0.0002522323592198238,-3.035011428806887e-5,0.00017400686959197445,income_share_var,Services,Services,8,Precision production/repair
36,-0.00026100897577458295,-0.0004759823524491464,-4.774652225396326e-5,-0.00038795753423069763,-0.00013941444975062425,income_share_var,Services,Services,8,Precision production/repair
0,2.896129878546082e-5,-0.00011397856981761059,0.000166171671625921,-5.2561221121118676e-5,0.00010989039062344623,income_share_var,Services,Services,9,Machine operators/transport
1,3.902847329677006e-5,-0.0001151738670760912,0.00019185602472107088,-5.2333902689531246e-5,0.0001269491435393375,income_share_var,Services,Services,9,Machine operators/transport
2,5.702899518239665e-5,-9.772490623664284e-5,0.00020515013690630322,-4.230642332348378e-5,0.00014637331571403894,income_share_var,Services,Services,9,Machine operators/transport
3,0.00015692609749309223,5.466731801455566e-6,0.0003052862137856038,6.577503490072281e-5,0.00024223566246472401,income_share_var,Services,Services,9,Machine operators/transport
4,7.017683267641885e-6,-0.00014765594568718306,0.00014205975709059694,-8.207136351475648e-5,8.66066150630371e-5,income_share_var,Services,Services,9,Machine operators/transport
5,-2.0435921082570594e-5,-0.00016767517293818886,0.00012652617788680177,-0.00011973098136621248,6.9958557018874e-5,income_share_var,Services,Services,9,Machine operators/transport
6,8.554649296166025e-5,-0.00010507758195070431,0.00025093726441111655,-2.054701064239611e-5,0.00019393607205790185,income_share_var,Services,Services,9,Machine operators/transport
7,-1.4719318255552182e-5,-0.00019449541444487755,0.0001438164604874779,-0.00011768635351215828,8.827913027153153e-5,income_share_var,Services,Services,9,Machine operators/transport
8,0.00012288552544379867,-1.969025432524684e-5,0.00029720094209098927,3.089821531063675e-5,0.0002286566483681255,income_share_var,Services,Services,9,Machine operators/transport
9,4.4631914328969254e-5,-0.0001308955226658994,0.00021866367398486707,-5.5290627658279295e-5,0.00015365098921502155,income_share_var,Services,Services,9,Machine operators/transport
10,3.1833584847331634e-5,-0.00012651933160770049,0.00019729850991012903,-6.612994918181614e-5,0.00012902417224604532,income_share_var,Services,Services,9,Machine operators/transport
11,6.320318927165117e-5,-9.854901839693733e-5,0.00022894730865915652,-2.888900431597347e-5,0.00016601787002306224,income_share_var,Services,Services,9,Machine operators/transport
12,-6.036898957894639e-5,-0.0002197611797725823,0.00012324305399578304,-0.00016771886909007575,3.866913272661021e-5,income_share_var,Services,Services,9,Machine operators/transport
13,0.00011710512917186853,-5.121056361928867e-5,0.0002543038788854687,1.8147031430775965e-5,0.00019849518793220756,income_share_var,Services,Services,9,Machine operators/transport
14,0.00016377141228941835,1.4504229645753757e-5,0.00029610040193438745,6.980421810492899e-5,0.00024657936104391517,income_share_var,Services,Services,9,Machine operators/transport
15,0.0001844502619127464,-2.769658999633094e-5,0.00036720938616631714,5.024179160996388e-5,0.0002942394522113036,income_share_var,Services,Services,9,Machine operators/transport
16,-5.113449659965096e-5,-0.00022962925091452195,9.08769252624368e-5,-0.00015756712933686208,4.04285821508414e-5,income_share_var,Services,Services,9,Machine operators/transport
17,0.00015749958912827434,-2.559634140148284e-5,0.00032384949471325655,4.0380650733327686e-5,0.00026040086620066354,income_share_var,Services,Services,9,Machine operators/transport
18,0.00010094259112654559,-0.00010462580020647974,0.00031573324355873065,-3.599097245764677e-5,0.00023199384928086232,income_share_var,Services,Services,9,Machine operators/transport
19,-6.029647130854499e-5,-0.0002632030888227424,0.00011635077986793403,-0.0001783177418271211,5.022960490556246e-5,income_share_var,Services,Services,9,Machine operators/transport
20,6.892073256606805e-5,-0.000163001095392583,0.00025752959741658863,-6.546904985599152e-5,0.0001941770838151623,income_share_var,Services,Services,9,Machine operators/transport
21,8.658421908700469e-5,-0.00010772142391826297,0.0002626481163241864,-1.6917260511045394e-5,0.00020065256510004917,income_share_var,Services,Services,9,Machine operators/transport
22,2.4901756844626207e-5,-0.00022280905419963537,0.00027441891136840806,-0.00013004706395570054,0.0001752814728236554,income_share_var,Services,Services,9,Machine operators/transport
23,-8.086209939091313e-5,-0.00027434796883442716,9.162780601210024e-5,-0.00018892583229416067,2.1211343475044153e-5,income_share_var,Services,Services,9,Machine operators/transport
24,0.00013963564445629507,-7.075516360969915e-5,0.000315166278476453,1.5984656943681205e-5,0.000238351598271574,income_share_var,Services,Services,9,Machine operators/transport
25,0.0001328829858730286,-9.181017396688317e-5,0.00029446553755463714,-4.481350718401071e-6,0.00022874981213342782,income_share_var,Services,Services,9,Machine operators/transport
26,-5.758525599453043e-5,-0.0002431095232026726,0.00013113379098782775,-0.00017368805679559887,5.169305000851945e-5,income_share_var,Services,Services,9,Machine operators/transport
27,-0.00011434674521367666,-0.00030921594776897566,4.5257711110865305e-5,-0.00023234902548340756,-1.345262241331355e-5,income_share_var,Services,Services,9,Machine operators/transport
28,-1.6905968129916968e-5,-0.00022324541457141526,0.00018509583995477647,-0.00013544481830111055,9.203844196211192e-5,income_share_var,Services,Services,9,Machine operators/transport
29,2.0892067534965653e-5,-0.00016113532192389766,0.000191317431424775,-9.532873232207008e-5,0.00011752700364955958,income_share_var,Services,Services,9,Machine operators/transport
30,0.00027665165706314716,9.187663639221766e-5,0.00042749164101625245,0.00015782082497438045,0.00036817987687640666,income_share_var,Services,Services,9,Machine operators/transport
31,0.00011186200410356584,-7.82880963528045e-5,0.0003063696274126141,9.395572593514962e-7,0.0002370760253568211,income_share_var,Services,Services,9,Machine operators/transport
32,5.176335333810577e-5,-0.00011019729060687692,0.00023265910122047498,-4.714041693676169e-5,0.00016002629351987314,income_share_var,Services,Services,9,Machine operators/transport
33,0.00017080044560393467,1.5115509281542726e-7,0.00034993047657162204,6.961013619426097e-5,0.00028524853284438736,income_share_var,Services,Services,9,Machine operators/transport
34,5.8159094089100596e-5,-0.0001396291032032445,0.0002774017220067943,-5.615176129127708e-5,0.00018672574155699555,income_share_var,Services,Services,9,Machine operators/transport
35,1.452286743033038e-5,-0.00018230843299340532,0.00022966021855354757,-0.00010563780264914065,0.0001497679547771526,income_share_var,Services,Services,9,Machine operators/transport
36,0.00032261056665597434,0.00015316758943087318,0.0005070365451255664,0.00021997006051149978,0.0004375304108465625,income_share_var,Services,Services,9,Machine operators/transport
