horizon,beta,ci_lo90,ci_hi90,ci_lo68,ci_hi68,outcome,industry,industry_label,occ_group,occupation
0,0.0022820844837843964,-0.003931526282109678,0.008242656918646611,-0.0016360897173845843,0.005607063995982788,hourly_rate,Energy_intensive,Energy intensive,1,Managerial
1,0.007928516579596836,0.000136316497680076,0.014600971530523567,0.0034992373362942126,0.01185796476438172,hourly_rate,Energy_intensive,Energy intensive,1,Managerial
2,0.007026887781081524,0.0019012736180305271,0.013154145637939853,0.004120036698327063,0.010491417372925069,hourly_rate,Energy_intensive,Energy intensive,1,Managerial
3,-0.0013293860053251367,-0.007677997307587595,0.0044264174245329975,-0.004950715250381067,0.0025037407978982682,hourly_rate,Energy_intensive,Energy intensive,1,Managerial
4,-0.006765955692195249,-0.012822439059359782,0.00020280947984080335,-0.010098884267323485,-0.0020673984193532845,hourly_rate,Energy_intensive,Energy intensive,1,Managerial
5,0.0025350005061020313,-0.004239035704051861,0.009038476726048995,-0.0013791442488230465,0.006102255510329183,hourly_rate,Energy_intensive,Energy intensive,1,Managerial
6,-0.001584905014632094,-0.00929767810384607,0.005030987297429002,-0.005798891160269015,0.002272336244598103,hourly_rate,Energy_intensive,Energy intensive,1,Managerial
7,0.006098672004532634,-0.0013893978025418486,0.012328662009949351,0.001749992922234456,0.010064704153997314,hourly_rate,Energy_intensive,Energy intensive,1,Managerial
8,0.004430398038910866,-0.0027160999055074377,0.011854292422900996,0.0006867486299575393,0.008843479500221267,hourly_rate,Energy_intensive,Energy intensive,1,Managerial
9,-0.0012172965723946608,-0.009688849964989811,0.006690736894530444,-0.006765651514140073,0.00354985424850916,hourly_rate,Energy_intensive,Energy intensive,1,Managerial
10,0.004411219289928333,-0.0021994689679011217,0.01037760817937923,0.0005938760478979709,0.007969431964368705,hourly_rate,Energy_intensive,Energy intensive,1,Managerial
11,-0.0041646851126109375,-0.010071199142540737,0.0024007916520196277,-0.007723272955499871,-7.77997888242567e-5,hourly_rate,Energy_intensive,Energy intensive,1,Managerial
12,0.0047828929492630505,-0.0005595004298831292,0.011024399790158238,0.001525980765450117,0.008367002271091824,hourly_rate,Energy_intensive,Energy intensive,1,Managerial
13,-0.0014142862705408684,-0.00708142428692357,0.004754055305759366,-0.0044945103202474156,0.0021788234664642126,hourly_rate,Energy_intensive,Energy intensive,1,Managerial
14,-0.0009861062195235136,-0.009613059944728573,0.007588397158178782,-0.006003837477449243,0.003941454678576876,hourly_rate,Energy_intensive,Energy intensive,1,Managerial
15,-0.003607362174698789,-0.010442122051402675,0.0023517299606316306,-0.007415380116471816,3.7158142993285424e-6,hourly_rate,Energy_intensive,Energy intensive,1,Managerial
16,-0.005639774969748405,-0.0113359156713018,0.0006828075472986713,-0.008951665767060288,-0.0017365891001865984,hourly_rate,Energy_intensive,Energy intensive,1,Managerial
17,0.013974825830881069,0.008965748407296956,0.019639246315839774,0.01093761067139601,0.017424050070026596,hourly_rate,Energy_intensive,Energy intensive,1,Managerial
18,0.00447909386693713,-0.0016371071423203504,0.011210775895216074,0.0013507018523227143,0.00858851540134841,hourly_rate,Energy_intensive,Energy intensive,1,Managerial
19,0.00428457240110426,-0.0034049711172891564,0.010998102677288124,-0.0002415228777498113,0.008424333773784223,hourly_rate,Energy_intensive,Energy intensive,1,Managerial
20,-0.007438958729644429,-0.012394177771384164,-0.0024746020912137234,-0.010298430830330389,-0.004134192372830489,hourly_rate,Energy_intensive,Energy intensive,1,Managerial
21,-0.001955082401234898,-0.008255570903085357,0.0046394817547665635,-0.005512181616242672,0.0017943724119060802,hourly_rate,Energy_intensive,Energy intensive,1,Managerial
22,-0.00668492167648912,-0.014557710952764273,-8.73473869730957e-5,-0.011184653020006183,-0.002736950663601298,hourly_rate,Energy_intensive,Energy intensive,1,Managerial
23,0.016122106577604677,0.010693180671015733,0.021828312600023592,0.013121091874972884,0.01975218323879077,hourly_rate,Energy_intensive,Energy intensive,1,Managerial
24,0.005363555326695131,-0.0008824391864480207,0.012141535964042039,0.001623452427370577,0.009321845579739581,hourly_rate,Energy_intensive,Energy intensive,1,Managerial
25,0.005107106899593504,-0.002287132845977348,0.011455939841039075,0.0007040439666141738,0.009289318367379677,hourly_rate,Energy_intensive,Energy intensive,1,Managerial
26,0.0003000404953070095,-0.006233221449478344,0.006541810484197952,-0.003769145760587539,0.0042520001765099374,hourly_rate,Energy_intensive,Energy intensive,1,Managerial
27,-0.005055382468632423,-0.011886225858268259,0.001966981168349576,-0.009126040344459678,-0.0007060302498098628,hourly_rate,Energy_intensive,Energy intensive,1,Managerial
28,0.005205117625633475,-0.002754083194444157,0.012343604838990229,0.0002801295747070637,0.00960426711924879,hourly_rate,Energy_intensive,Energy intensive,1,Managerial
29,0.008489263165370908,0.0011201315355712687,0.015057535125573073,0.004196723407607994,0.012080351310683104,hourly_rate,Energy_intensive,Energy intensive,1,Managerial
30,-0.005084568600285714,-0.009903787257052033,-4.187623169587661e-5,-0.008078363639632066,-0.002081479652005458,hourly_rate,Energy_intensive,Energy intensive,1,Managerial
31,-0.0014077681663988864,-0.007413990457003909,0.0052274166568924045,-0.005077187483495985,0.002722731199136889,hourly_rate,Energy_intensive,Energy intensive,1,Managerial
32,0.002695907202155161,-0.0028939491938891567,0.007914855296294513,-0.000720993366000689,0.00592482623309752,hourly_rate,Energy_intensive,Energy intensive,1,Managerial
33,0.006087496180265376,-0.0007060970822307952,0.013192497462675666,0.001667002717660444,0.010367783465414782,hourly_rate,Energy_intensive,Energy intensive,1,Managerial
34,0.0025980906564283253,-0.0027150306381746752,0.00926503031138362,-0.00034397305821170024,0.0066024495557637855,hourly_rate,Energy_intensive,Energy intensive,1,Managerial
35,-0.010817237818139015,-0.017455768230533956,-0.00515146244921849,-0.014400959139369281,-0.007221460767223931,hourly_rate,Energy_intensive,Energy intensive,1,Managerial
36,0.007101580258741923,-0.0020937514089360617,0.014171943352438845,0.0012660615900144181,0.011043367973041757,hourly_rate,Energy_intensive,Energy intensive,1,Managerial
0,0.0022770128813177247,-0.006196043593350758,0.010769532756873739,-0.0025820220203748023,0.007323484090832796,hourly_rate,Energy_intensive,Energy intensive,2,Professional specialty
1,0.0006600859325552346,-0.009563932810826568,0.011269022872342521,-0.0055868135064270335,0.006381373958867162,hourly_rate,Energy_intensive,Energy intensive,2,Professional specialty
2,-0.0014386356374959661,-0.009426263144818462,0.007332947796704223,-0.006770050331549008,0.003841545284842091,hourly_rate,Energy_intensive,Energy intensive,2,Professional specialty
3,-0.002375072958161545,-0.009499562171291083,0.007615799151073431,-0.006973433844214656,0.0036644570491698486,hourly_rate,Energy_intensive,Energy intensive,2,Professional specialty
4,0.000628535191702253,-0.006412063777534756,0.007844933613713257,-0.003789328823777529,0.005327558789213066,hourly_rate,Energy_intensive,Energy intensive,2,Professional specialty
5,-0.010111757688236404,-0.01692289691674071,-0.004066170370208807,-0.013927298539117512,-0.006278501143849079,hourly_rate,Energy_intensive,Energy intensive,2,Professional specialty
6,-0.003380985496028882,-0.01100596260819264,0.0043574155730066975,-0.008072255141789718,0.0010466583707064276,hourly_rate,Energy_intensive,Energy intensive,2,Professional specialty
7,-0.000185231743839893,-0.006732327464334262,0.007545921432184383,-0.003836821484424566,0.004401475845333271,hourly_rate,Energy_intensive,Energy intensive,2,Professional specialty
8,-0.002451882700962118,-0.010780865675758072,0.006356993932919883,-0.007958119663681616,0.0027233695291636615,hourly_rate,Energy_intensive,Energy intensive,2,Professional specialty
9,-0.00012455003260571524,-0.008338184131723969,0.007507970545862042,-0.00533765740876607,0.004918347838701833,hourly_rate,Energy_intensive,Energy intensive,2,Professional specialty
10,0.001700279296030287,-0.008158509065949168,0.012465741050236706,-0.004093996244762733,0.008463992206726816,hourly_rate,Energy_intensive,Energy intensive,2,Professional specialty
11,0.00950753721742656,0.0008910031967334173,0.017480194718253537,0.0037198558146341676,0.014252912863974504,hourly_rate,Energy_intensive,Energy intensive,2,Professional specialty
12,-0.006163464061338646,-0.015174449845840451,0.0017730056711134506,-0.011750290303541555,-0.0009123994092126051,hourly_rate,Energy_intensive,Energy intensive,2,Professional specialty
13,0.0051421172068038075,-0.0032729435265335593,0.01286906297944541,9.084707069280124e-5,0.009737012413385225,hourly_rate,Energy_intensive,Energy intensive,2,Professional specialty
14,0.004470165195750123,-0.004259069393666515,0.013613399465133675,-0.0013865622368080845,0.010240360231418489,hourly_rate,Energy_intensive,Energy intensive,2,Professional specialty
15,-0.004354847496327364,-0.013724859684222053,0.003426424669706411,-0.01007425337208916,0.00033414107370611634,hourly_rate,Energy_intensive,Energy intensive,2,Professional specialty
16,-0.005094583898993609,-0.012333036753065662,0.002654200434786272,-0.00968242242264327,-0.0004340509486903503,hourly_rate,Energy_intensive,Energy intensive,2,Professional specialty
17,0.003936629842903956,-0.009119919452971453,0.014965579052287247,-0.0038079711053846544,0.01083829389910955,hourly_rate,Energy_intensive,Energy intensive,2,Professional specialty
18,0.003290670177902253,-0.005127209157568412,0.01179722856045308,-0.0016166498619088255,0.00836937950443752,hourly_rate,Energy_intensive,Energy intensive,2,Professional specialty
19,-0.00027025058904854424,-0.00811514942113419,0.0081368592367844,-0.0051045752059005476,0.00487719915254446,hourly_rate,Energy_intensive,Energy intensive,2,Professional specialty
20,-0.0004952635326836369,-0.009693522358175697,0.013899564873441395,-0.006841644210529117,0.00859779766461316,hourly_rate,Energy_intensive,Energy intensive,2,Professional specialty
21,0.004301534222884866,-0.0035067726752225394,0.014127198718335196,-0.0006552395872473924,0.010591367032419996,hourly_rate,Energy_intensive,Energy intensive,2,Professional specialty
22,-0.004908986053080003,-0.01612979707953696,0.007840334953492597,-0.01149135158871955,0.0025062624520338543,hourly_rate,Energy_intensive,Energy intensive,2,Professional specialty
23,-0.007264224281306603,-0.015098029515208968,-0.00011547783367850482,-0.011632692896679066,-0.0035130724435644134,hourly_rate,Energy_intensive,Energy intensive,2,Professional specialty
24,-0.008391693200315542,-0.01815658643508394,0.0012860432498029914,-0.014011760164060116,-0.0022475286332748123,hourly_rate,Energy_intensive,Energy intensive,2,Professional specialty
25,-0.0035414834171414817,-0.013120196587784221,0.005937522003768636,-0.009320539900697474,0.0024578654595320557,hourly_rate,Energy_intensive,Energy intensive,2,Professional specialty
26,-0.003524459339785265,-0.015067525719480387,0.005554734594664868,-0.010449272207711658,0.0017473064964654609,hourly_rate,Energy_intensive,Energy intensive,2,Professional specialty
27,0.00900569190380792,-0.0010524839475090086,0.019472750604701917,0.0031723248154965312,0.015814096503227106,hourly_rate,Energy_intensive,Energy intensive,2,Professional specialty
28,-0.008738833377812966,-0.01865477494682761,0.0006295464634503076,-0.01482772781617704,-0.0033934957961502758,hourly_rate,Energy_intensive,Energy intensive,2,Professional specialty
29,-0.005805355256148416,-0.013148535587915382,0.0012449036153665645,-0.010149467169354432,-0.0010613351747003332,hourly_rate,Energy_intensive,Energy intensive,2,Professional specialty
30,-0.008319751465378299,-0.017686116733824954,-0.00047699682996052775,-0.012967661574371625,-0.003817688047498869,hourly_rate,Energy_intensive,Energy intensive,2,Professional specialty
31,-0.016031797157223318,-0.024140469088353725,-0.006528384084944121,-0.020934205799284424,-0.010575027262912725,hourly_rate,Energy_intensive,Energy intensive,2,Professional specialty
32,0.004930049911342567,-0.003193167481103717,0.013495058363215538,8.166097082680512e-5,0.009953411050684511,hourly_rate,Energy_intensive,Energy intensive,2,Professional specialty
33,-0.0019097878149456596,-0.011413757392537784,0.006115684547888304,-0.0072102251442964695,0.002890051117960582,hourly_rate,Energy_intensive,Energy intensive,2,Professional specialty
34,0.005066091596346366,-0.005442968182688827,0.01546415247992028,-0.0003400664505023342,0.01093262570685593,hourly_rate,Energy_intensive,Energy intensive,2,Professional specialty
35,4.487832923043545e-5,-0.0104094837305349,0.007783745639484826,-0.005967907289205373,0.004871014004735277,hourly_rate,Energy_intensive,Energy intensive,2,Professional specialty
36,-0.0018155930955259488,-0.010148278227183703,0.0068764112478891335,-0.007021556242806425,0.0038289243608389005,hourly_rate,Energy_intensive,Energy intensive,2,Professional specialty
0,0.00560614577262891,-0.013589783519822615,0.022059746077829928,-0.005462708321074776,0.015837798026289998,hourly_rate,Energy_intensive,Energy intensive,3,High tech
1,0.024906599502926913,0.000927970289019555,0.04558353582175739,0.011436188189899664,0.037969197008568836,hourly_rate,Energy_intensive,Energy intensive,3,High tech
2,-0.012073336277780894,-0.030772817958809102,0.007502384785532222,-0.023788053026007925,0.00015086134903445625,hourly_rate,Energy_intensive,Energy intensive,3,High tech
3,0.0230544683140856,0.00010029548232285204,0.04585811133787683,0.011142615969262838,0.03754000736214471,hourly_rate,Energy_intensive,Energy intensive,3,High tech
4,0.010121260215759612,-0.007817940360329172,0.026541483789480676,-0.0012191601191453398,0.020681840486985806,hourly_rate,Energy_intensive,Energy intensive,3,High tech
5,-0.008135293628246415,-0.03662605517107829,0.01940337209640499,-0.027151947681160273,0.006864215329249929,hourly_rate,Energy_intensive,Energy intensive,3,High tech
6,0.016094437639563763,-0.005245089033716153,0.03850676768088396,0.0024293779566036504,0.029347850975750003,hourly_rate,Energy_intensive,Energy intensive,3,High tech
7,0.009039579006928315,-0.008614360791549421,0.02733942727897887,-0.001973306090864293,0.020278277664267957,hourly_rate,Energy_intensive,Energy intensive,3,High tech
8,0.02179328491581821,-0.006568873476977502,0.051696677826972556,0.005433422408798488,0.04091175088517966,hourly_rate,Energy_intensive,Energy intensive,3,High tech
9,0.014261323614897828,-0.004666298175482092,0.0322282819307165,0.003247360787367169,0.0253866885375485,hourly_rate,Energy_intensive,Energy intensive,3,High tech
10,0.024513081292896366,0.009245429746021105,0.04620299404135497,0.01439439185030154,0.037293797009180264,hourly_rate,Energy_intensive,Energy intensive,3,High tech
11,-0.006135750355510545,-0.0293964879931782,0.01274541203279385,-0.021071358857616046,0.0044103257661525525,hourly_rate,Energy_intensive,Energy intensive,3,High tech
12,0.0482442805275529,0.022336735401538615,0.07528838629759987,0.034776402465573904,0.06656732367323658,hourly_rate,Energy_intensive,Energy intensive,3,High tech
13,0.015912999670152396,-0.010500041709449723,0.04323904044777638,0.00020434947174896925,0.03318848986508683,hourly_rate,Energy_intensive,Energy intensive,3,High tech
14,-0.01215242815278761,-0.042684130017501154,0.015803971948794203,-0.03008731581119041,0.004024828564699169,hourly_rate,Energy_intensive,Energy intensive,3,High tech
15,-0.010954042659190815,-0.032334162710441684,0.00924612222922998,-0.02533996558996455,0.0015752029810196938,hourly_rate,Energy_intensive,Energy intensive,3,High tech
16,0.0005333905762455925,-0.021406780804574643,0.024528334243568307,-0.013500260237057011,0.012628471048925624,hourly_rate,Energy_intensive,Energy intensive,3,High tech
17,0.030486675146484257,0.0025517238991305986,0.05856345849889549,0.013773686876711218,0.048504867249041864,hourly_rate,Energy_intensive,Energy intensive,3,High tech
18,0.012915842074715056,-0.007816617755842319,0.03844140936123031,0.000695536825164737,0.02824149726867939,hourly_rate,Energy_intensive,Energy intensive,3,High tech
19,-0.0391167174489816,-0.06660708865565237,-0.014796813427885455,-0.0565845115809103,-0.02474624035259925,hourly_rate,Energy_intensive,Energy intensive,3,High tech
20,-0.015904859738307568,-0.03400723837423351,0.002540921724306155,-0.025637794418031892,-0.004286257177869826,hourly_rate,Energy_intensive,Energy intensive,3,High tech
21,-0.014196742176009731,-0.03372704070398421,0.007682597839361519,-0.02703832430738197,0.00011786041096020598,hourly_rate,Energy_intensive,Energy intensive,3,High tech
22,0.017344917619110244,0.0003815375268825527,0.03339086027765377,0.008102901223423095,0.026513013422697275,hourly_rate,Energy_intensive,Energy intensive,3,High tech
23,0.00186562408120005,-0.021428399592751564,0.021757148817464485,-0.012375550901244915,0.014900808976983109,hourly_rate,Energy_intensive,Energy intensive,3,High tech
24,0.012891462857131435,-0.013142972251082491,0.038894723557950026,-0.0021683070351571285,0.02763164141172908,hourly_rate,Energy_intensive,Energy intensive,3,High tech
25,0.002069775565347997,-0.019828204990757672,0.024295237277609395,-0.011254496786432103,0.01754934568332364,hourly_rate,Energy_intensive,Energy intensive,3,High tech
26,-0.022579573529272763,-0.04082814866222449,0.0007161659951198246,-0.03356823557668763,-0.007993735401671859,hourly_rate,Energy_intensive,Energy intensive,3,High tech
27,0.013230953390802502,-0.01155560498686849,0.03398333414385238,-0.0023237880434404667,0.024849188372985,hourly_rate,Energy_intensive,Energy intensive,3,High tech
28,-0.0031903609179801374,-0.027032231868456123,0.01878140141020545,-0.017273549153236197,0.008551941912457757,hourly_rate,Energy_intensive,Energy intensive,3,High tech
29,-0.010492848822848986,-0.0432384422283692,0.016239472365987936,-0.028479560434096628,0.0053566316184989506,hourly_rate,Energy_intensive,Energy intensive,3,High tech
30,0.004319928301250913,-0.019872682114142327,0.028618946449348828,-0.011879801285394894,0.02022588621679307,hourly_rate,Energy_intensive,Energy intensive,3,High tech
31,0.009515108851963603,-0.0121476950853157,0.0302131872029687,-0.0033190058862276606,0.023305498437956113,hourly_rate,Energy_intensive,Energy intensive,3,High tech
32,-0.010925436893389753,-0.03304294868257342,0.008641642570755581,-0.024408599353998035,0.00205083447355146,hourly_rate,Energy_intensive,Energy intensive,3,High tech
33,0.004582078667782742,-0.01157413762455747,0.02171302202642515,-0.005458590058111081,0.014159079718300492,hourly_rate,Energy_intensive,Energy intensive,3,High tech
34,0.02654485271093964,0.003025296297655168,0.051492004089289625,0.012145322265881947,0.04131259931813399,hourly_rate,Energy_intensive,Energy intensive,3,High tech
35,0.0025361729506352183,-0.021120003103402844,0.02197494290816596,-0.011008317472773935,0.015424549059578399,hourly_rate,Energy_intensive,Energy intensive,3,High tech
36,0.023349338993593326,-0.0007425075058150425,0.045119606455298576,0.00906912684200845,0.037457654701276336,hourly_rate,Energy_intensive,Energy intensive,3,High tech
0,0.003918607168258394,-0.012721054775829733,0.019760703767952956,-0.006735763057908765,0.012604592150503876,hourly_rate,Energy_intensive,Energy intensive,4,Sales
1,-0.0002446853825887996,-0.02882388548379146,0.02010920721536726,-0.017406699002747193,0.012977633516159864,hourly_rate,Energy_intensive,Energy intensive,4,Sales
2,-0.04387080704793016,-0.06340405112526153,-0.02262416681959564,-0.05556337168464629,-0.03149343215672714,hourly_rate,Energy_intensive,Energy intensive,4,Sales
3,-0.010679427680398031,-0.026805570783747363,0.005206399278223025,-0.020391329677271884,-0.0006167610719814403,hourly_rate,Energy_intensive,Energy intensive,4,Sales
4,-0.012891339531893949,-0.02993934303860659,0.004661392513335994,-0.022631715461463614,-0.00210362217466953,hourly_rate,Energy_intensive,Energy intensive,4,Sales
5,0.02457486298998846,0.004063381888745006,0.04334075209006691,0.012444843535733172,0.036420814840659496,hourly_rate,Energy_intensive,Energy intensive,4,Sales
6,-0.00015255272392750537,-0.018805451918559597,0.015788643903620843,-0.011281941456295725,0.009656638945199794,hourly_rate,Energy_intensive,Energy intensive,4,Sales
7,0.006101244756619766,-0.015982883033866864,0.03151313037663673,-0.008437623467040432,0.018997772270152154,hourly_rate,Energy_intensive,Energy intensive,4,Sales
8,0.0002878059573595315,-0.02539530556738696,0.02211504173202546,-0.01564148093946819,0.01298177520787854,hourly_rate,Energy_intensive,Energy intensive,4,Sales
9,-0.01972150224410151,-0.03622723312519269,-0.003076723764269571,-0.028638258446149718,-0.00907623513989655,hourly_rate,Energy_intensive,Energy intensive,4,Sales
10,-0.018686443702557363,-0.03970170466988179,0.004576035146428448,-0.02968694266545174,-0.004760025533310961,hourly_rate,Energy_intensive,Energy intensive,4,Sales
11,0.017673381505683372,0.00360524653713052,0.031481729014022984,0.0090840723010352,0.02565603881129682,hourly_rate,Energy_intensive,Energy intensive,4,Sales
12,0.023692564836603626,0.007473276015910062,0.0411369206474118,0.014868995201968977,0.03412500384431627,hourly_rate,Energy_intensive,Energy intensive,4,Sales
13,0.0002284117264415719,-0.012900386898468785,0.01703017197398016,-0.0076492633210573395,0.010846998607131033,hourly_rate,Energy_intensive,Energy intensive,4,Sales
14,0.014681272109928261,-0.00886692084176679,0.03460573993983153,0.001683551160789538,0.02636837522740108,hourly_rate,Energy_intensive,Energy intensive,4,Sales
15,0.01222678195927602,-0.004627222419434781,0.03048609546625268,0.0013868526152309435,0.022654300825337412,hourly_rate,Energy_intensive,Energy intensive,4,Sales
16,0.011876408190200893,-0.010423935638751247,0.03082464640523981,-0.0009735510876898029,0.024681188992569887,hourly_rate,Energy_intensive,Energy intensive,4,Sales
17,0.004204354762243885,-0.01291858928556029,0.01873576062016638,-0.0054210860264632,0.013366444509132512,hourly_rate,Energy_intensive,Energy intensive,4,Sales
18,-0.0035089679296827505,-0.022716921409295304,0.019789485539943804,-0.01575189022476146,0.00986256143913081,hourly_rate,Energy_intensive,Energy intensive,4,Sales
19,-0.007898567579507122,-0.02942984452143955,0.01657981852989255,-0.021257790790076263,0.006169280263222892,hourly_rate,Energy_intensive,Energy intensive,4,Sales
20,0.02332832954776627,0.004193719543837699,0.03906046225729577,0.012204456527086655,0.03224178914859895,hourly_rate,Energy_intensive,Energy intensive,4,Sales
21,-0.018295711452285916,-0.03436620953271932,0.006096861052462262,-0.02848902768261803,-0.00351263901201424,hourly_rate,Energy_intensive,Energy intensive,4,Sales
22,-0.01569079023263484,-0.03371831117759161,0.003055237262414724,-0.026804190666470513,-0.005470059923163677,hourly_rate,Energy_intensive,Energy intensive,4,Sales
23,-0.013546349447379855,-0.02741876374663445,0.0011187174082462632,-0.022025344237536083,-0.004225517617267799,hourly_rate,Energy_intensive,Energy intensive,4,Sales
24,-0.02049213016681451,-0.03903526560838312,-0.0056800719661838205,-0.03018225679148059,-0.012300808693145385,hourly_rate,Energy_intensive,Energy intensive,4,Sales
25,0.006741481388023649,-0.017478419126231697,0.0306928573534184,-0.0057019367873592875,0.02118637828753795,hourly_rate,Energy_intensive,Energy intensive,4,Sales
26,0.030504235288038997,0.003127813913159097,0.0750114405240431,0.014435324519193223,0.0580097252181084,hourly_rate,Energy_intensive,Energy intensive,4,Sales
27,0.0084766898668444,-0.015105486760824289,0.02592939413524032,-0.003980084994455976,0.017867853540608276,hourly_rate,Energy_intensive,Energy intensive,4,Sales
28,0.016715163853823364,0.0018015421258700953,0.034921110685995814,0.008397134330955274,0.02795294928172236,hourly_rate,Energy_intensive,Energy intensive,4,Sales
29,-0.018406496757706364,-0.037700488647594274,0.00021523198274362582,-0.030143281727312385,-0.006849469410122785,hourly_rate,Energy_intensive,Energy intensive,4,Sales
30,2.2277949219747126e-5,-0.022400202761581278,0.019903427823015553,-0.013030387970884353,0.01149945696628597,hourly_rate,Energy_intensive,Energy intensive,4,Sales
31,0.007596697498018576,-0.018989074109405393,0.027226913316176642,-0.008684180175049176,0.021405845602770972,hourly_rate,Energy_intensive,Energy intensive,4,Sales
32,-0.010393114542858234,-0.02721146939996586,0.00779396463939379,-0.01982150762993043,0.0007202144893159197,hourly_rate,Energy_intensive,Energy intensive,4,Sales
33,-0.012094167388102777,-0.034006212603387306,0.007740869988901436,-0.025743486720770373,-0.00039003329264394523,hourly_rate,Energy_intensive,Energy intensive,4,Sales
34,-0.03165065167671386,-0.0590523141256534,-0.011435723880294724,-0.04604827190228039,-0.01881320720312817,hourly_rate,Energy_intensive,Energy intensive,4,Sales
35,-0.012236646208237811,-0.03513854564853391,0.007492212616687073,-0.025581893741473058,0.000835000821203585,hourly_rate,Energy_intensive,Energy intensive,4,Sales
36,0.013302089437887583,-0.0016398315008038667,0.03558992837859379,0.003536300579388788,0.024582481651857363,hourly_rate,Energy_intensive,Energy intensive,4,Sales
0,0.001897059264449412,-0.0024999686183566415,0.006193020523309084,-0.0007835460612444687,0.004386128422124177,hourly_rate,Energy_intensive,Energy intensive,5,Administrative support
1,0.004572784340477265,-0.0007146802766613671,0.010037875243847274,0.0014614137372083637,0.008098668710566328,hourly_rate,Energy_intensive,Energy intensive,5,Administrative support
2,0.0029148726124831274,-0.0007088728058517861,0.007500300867737475,0.0007858286696601872,0.005643162220982056,hourly_rate,Energy_intensive,Energy intensive,5,Administrative support
3,0.0018157850583426303,-0.0032008762202210776,0.006985933664595419,-0.001134992216530172,0.004766007213193236,hourly_rate,Energy_intensive,Energy intensive,5,Administrative support
4,0.004233104170560136,-0.0017792589968785907,0.009035220620561321,0.0006029535465349707,0.00711789563580516,hourly_rate,Energy_intensive,Energy intensive,5,Administrative support
5,0.004776187744265213,-0.0010613762882373126,0.010128575034917296,0.0015144661584970028,0.007900736566362726,hourly_rate,Energy_intensive,Energy intensive,5,Administrative support
6,-0.0008470429135993728,-0.00586291973675091,0.0038480286794266368,-0.0037973930021056057,0.002240761141954638,hourly_rate,Energy_intensive,Energy intensive,5,Administrative support
7,0.0023929172002286453,-0.002408481503265752,0.007875472866636663,-0.0006785953763242423,0.005704338859361767,hourly_rate,Energy_intensive,Energy intensive,5,Administrative support
8,0.005727972282404405,0.0006556647319201827,0.011013882986716093,0.0029256270357274666,0.008938337211599928,hourly_rate,Energy_intensive,Energy intensive,5,Administrative support
9,-0.00100501963994553,-0.006065682956645406,0.005335528198546658,-0.003854047297442365,0.0027870887754963907,hourly_rate,Energy_intensive,Energy intensive,5,Administrative support
10,4.606454183153603e-5,-0.00749654468171189,0.005497188893103342,-0.004146940122457162,0.003343925887516454,hourly_rate,Energy_intensive,Energy intensive,5,Administrative support
11,0.0037270260928887323,-0.0016553690479055813,0.008894787019718036,0.000875132746850249,0.0068451837540850335,hourly_rate,Energy_intensive,Energy intensive,5,Administrative support
12,-0.0013161906528685896,-0.0074723227298381795,0.004702395856738694,-0.00502991297272969,0.002444454572684828,hourly_rate,Energy_intensive,Energy intensive,5,Administrative support
13,-0.0016770315013097993,-0.0060951931520781405,0.003168500768942952,-0.00465659267292321,0.001248612182564617,hourly_rate,Energy_intensive,Energy intensive,5,Administrative support
14,0.0005207799327344331,-0.004056618350989237,0.005457997997011062,-0.002270416548213678,0.0033833245137156226,hourly_rate,Energy_intensive,Energy intensive,5,Administrative support
15,0.00382506020795734,-0.0007148843480990559,0.00894684488193582,0.0011016136173514729,0.007198984560401487,hourly_rate,Energy_intensive,Energy intensive,5,Administrative support
16,0.005315161631889598,0.00031064059416570974,0.01024109595585172,0.002335216795938252,0.007947310867459024,hourly_rate,Energy_intensive,Energy intensive,5,Administrative support
17,-6.984085103303244e-5,-0.005102146441079843,0.005363192580173616,-0.0031946904720230075,0.0030724942860048178,hourly_rate,Energy_intensive,Energy intensive,5,Administrative support
18,0.0036147662899785995,-0.0025408201769976215,0.009355906815894526,-4.7588207270298465e-5,0.007594276804817379,hourly_rate,Energy_intensive,Energy intensive,5,Administrative support
19,0.0024278993122616457,-0.0024248564856057734,0.008017144117960322,-0.0006549517995099357,0.005893439007104994,hourly_rate,Energy_intensive,Energy intensive,5,Administrative support
20,0.005492821942382008,0.0008936566817469771,0.01064050951948792,0.0025188870220163176,0.008453417042786746,hourly_rate,Energy_intensive,Energy intensive,5,Administrative support
21,0.0003519302168012145,-0.005143134640663368,0.005050420195639644,-0.0026790197414718387,0.0033217476789494252,hourly_rate,Energy_intensive,Energy intensive,5,Administrative support
22,0.001396979019568255,-0.0032626806254343545,0.005963073892663481,-0.0015285166060325615,0.004210004756424119,hourly_rate,Energy_intensive,Energy intensive,5,Administrative support
23,6.735815798344509e-6,-0.0054928312314318885,0.00425567935351353,-0.0032704188593948923,0.002510998612737964,hourly_rate,Energy_intensive,Energy intensive,5,Administrative support
24,0.01122587787991465,0.007049560789948707,0.015179818628086017,0.008657440095843386,0.013640420070551582,hourly_rate,Energy_intensive,Energy intensive,5,Administrative support
25,0.005797979578998616,-0.0009115943838513352,0.012107371861925436,0.002072493521072681,0.00950876560034645,hourly_rate,Energy_intensive,Energy intensive,5,Administrative support
26,0.001643298202009926,-0.002895284795906507,0.007058804843408127,-0.0010669893485888706,0.004571971196727503,hourly_rate,Energy_intensive,Energy intensive,5,Administrative support
27,0.003979288360597196,-0.0016943546065931831,0.009521061330066555,0.0003594100489225133,0.007130493037913986,hourly_rate,Energy_intensive,Energy intensive,5,Administrative support
28,-0.0008044604377051068,-0.005280378847980018,0.00392115599347231,-0.003515909194493766,0.001949409804340186,hourly_rate,Energy_intensive,Energy intensive,5,Administrative support
29,0.001178944754061149,-0.00373015592884016,0.006258222960729351,-0.002054934565909974,0.004236712989324419,hourly_rate,Energy_intensive,Energy intensive,5,Administrative support
30,0.00038055257367975565,-0.005328058580231032,0.004951435995989226,-0.0028392586547909974,0.0030076265521518106,hourly_rate,Energy_intensive,Energy intensive,5,Administrative support
31,0.005972432880361471,0.0014943496185648,0.011835355533847347,0.0030500405526580057,0.009528981486880202,hourly_rate,Energy_intensive,Energy intensive,5,Administrative support
32,0.002733214883235076,-0.0017968044694018658,0.007755491864073833,0.00012241240500001152,0.005913643326414273,hourly_rate,Energy_intensive,Energy intensive,5,Administrative support
33,0.004971228482872938,2.2107151633738928e-5,0.010056196742697188,0.0022617261306451405,0.0079371442414907,hourly_rate,Energy_intensive,Energy intensive,5,Administrative support
34,0.0012435069630034115,-0.005455199766162522,0.008030308287647864,-0.0025495214163294717,0.00548751415024503,hourly_rate,Energy_intensive,Energy intensive,5,Administrative support
35,-0.0017572635828998339,-0.006361817796464129,0.0021674809305096175,-0.004599641356655546,0.000611337265625883,hourly_rate,Energy_intensive,Energy intensive,5,Administrative support
36,0.00035933350456490194,-0.004545551177199366,0.006396786098423719,-0.002690231464285075,0.004029222630791004,hourly_rate,Energy_intensive,Energy intensive,5,Administrative support
0,0.0066779511302172915,-0.012268217733002027,0.025883856340232964,-0.005543022164822357,0.019040083879723675,hourly_rate,Energy_intensive,Energy intensive,6,Service
1,0.00048512757190925484,-0.03201922985311132,0.0337928598577849,-0.020442287658180333,0.020027163670285623,hourly_rate,Energy_intensive,Energy intensive,6,Service
2,0.01735547054888837,-0.006118336132578894,0.042202636099665874,0.0024759941630849176,0.03221016040819573,hourly_rate,Energy_intensive,Energy intensive,6,Service
3,0.04860499358445028,0.027221780136646494,0.06991122140152067,0.03676806869884406,0.0628671041707737,hourly_rate,Energy_intensive,Energy intensive,6,Service
4,-0.007147099537907788,-0.03485524170645636,0.018687631915226287,-0.023248772220798835,0.010368019819776843,hourly_rate,Energy_intensive,Energy intensive,6,Service
5,6.570229493174079e-5,-0.02234662060327986,0.019852696190912674,-0.014980916828139625,0.012855906336328162,hourly_rate,Energy_intensive,Energy intensive,6,Service
6,0.007448622317667909,-0.022766452347376308,0.04574178764291379,-0.010687497967801968,0.02989330144993474,hourly_rate,Energy_intensive,Energy intensive,6,Service
7,0.025251796217693814,-0.006761344972329962,0.05542837349132704,0.006397939344809044,0.04058854272859247,hourly_rate,Energy_intensive,Energy intensive,6,Service
8,0.0026878191625755083,-0.03479306525991949,0.02250698411772067,-0.016833222170632503,0.015335405525661372,hourly_rate,Energy_intensive,Energy intensive,6,Service
9,0.021437550840897192,-0.0016305189808621806,0.0446651118321057,0.006336074964043096,0.034040761662937326,hourly_rate,Energy_intensive,Energy intensive,6,Service
10,-0.031539857878747725,-0.0554479869862447,-0.005191794681841843,-0.04611133814733389,-0.015380528335992284,hourly_rate,Energy_intensive,Energy intensive,6,Service
11,0.002086542115207179,-0.057871743090566787,0.04079462943054846,-0.030212436380746346,0.026415168603966574,hourly_rate,Energy_intensive,Energy intensive,6,Service
12,0.014057411887672894,-0.01210732611834592,0.04066288012565027,-0.000281797956654296,0.031150918276812885,hourly_rate,Energy_intensive,Energy intensive,6,Service
13,0.006167997982654374,-0.017932490474437075,0.03887025115132987,-0.009235476513053441,0.024082064838165787,hourly_rate,Energy_intensive,Energy intensive,6,Service
14,0.033194207143211675,-0.0013210415370006126,0.06832609896660616,0.011120309114447828,0.05471491389051439,hourly_rate,Energy_intensive,Energy intensive,6,Service
15,0.013692190478410676,-0.01995513257112937,0.05197870846233056,-0.004458996172952468,0.03498312311949671,hourly_rate,Energy_intensive,Energy intensive,6,Service
16,-0.013436949033306743,-0.03451186186343942,0.01211528175343048,-0.027366494815166023,0.0004790527945114625,hourly_rate,Energy_intensive,Energy intensive,6,Service
17,-0.04044667354949396,-0.08030263317011296,-0.007125350470273212,-0.06156975967275727,-0.019893474016780033,hourly_rate,Energy_intensive,Energy intensive,6,Service
18,0.03719343549165794,0.016570908185334843,0.06663957333876593,0.02566118118769374,0.055019927404521954,hourly_rate,Energy_intensive,Energy intensive,6,Service
19,-0.012173853476044818,-0.037686131271883104,0.01786950610710278,-0.02744636937011579,0.005115206440242952,hourly_rate,Energy_intensive,Energy intensive,6,Service
20,0.00696931180795869,-0.016942519738230633,0.034200968591503976,-0.00891798004688917,0.02348065919939999,hourly_rate,Energy_intensive,Energy intensive,6,Service
21,-0.0018113548285265842,-0.0243594032693174,0.028768857239700272,-0.01680917999991398,0.01662080135968855,hourly_rate,Energy_intensive,Energy intensive,6,Service
22,0.015481069226804875,-0.024438412048176615,0.04775567390200353,-0.00735091787816961,0.0346272877519891,hourly_rate,Energy_intensive,Energy intensive,6,Service
23,0.02234533383472802,0.0021692235833004198,0.04275339401530935,0.010841170992523692,0.035648117288626595,hourly_rate,Energy_intensive,Energy intensive,6,Service
24,0.05868107539645266,0.026542552471549533,0.08277556370239408,0.039550404289325866,0.07364380896276244,hourly_rate,Energy_intensive,Energy intensive,6,Service
25,0.02750617155618751,0.0003377842794867886,0.058127526893938145,0.010738741310392933,0.046697560110472616,hourly_rate,Energy_intensive,Energy intensive,6,Service
26,0.017913864086834468,-0.01489262162016149,0.050529873342109385,-0.0020801781263194256,0.03718840820327115,hourly_rate,Energy_intensive,Energy intensive,6,Service
27,-0.019058616619600146,-0.05679559458849927,0.022689399587533614,-0.04380829370273219,0.002738286424549218,hourly_rate,Energy_intensive,Energy intensive,6,Service
28,0.024008077792885513,-0.004619865206268954,0.054773521152444646,0.006216321766960763,0.04361158706499308,hourly_rate,Energy_intensive,Energy intensive,6,Service
29,0.01611095216937397,-0.027445421564066944,0.046809774389634184,-0.01087165126169131,0.034395520565501755,hourly_rate,Energy_intensive,Energy intensive,6,Service
30,0.023070769103953236,-0.0004899872631255187,0.04918602009897728,0.008841241580911771,0.03716101203588228,hourly_rate,Energy_intensive,Energy intensive,6,Service
31,0.0011722371721728784,-0.02522237950532472,0.031196213478408452,-0.013948538122117337,0.018365375481303983,hourly_rate,Energy_intensive,Energy intensive,6,Service
32,-0.024553447842986964,-0.05359349078605698,0.009128747567023726,-0.0401440362430639,-0.004490434301539836,hourly_rate,Energy_intensive,Energy intensive,6,Service
33,-0.009949154876551004,-0.03953242285091982,0.012344012792225148,-0.024781099411241604,0.0036136545666525157,hourly_rate,Energy_intensive,Energy intensive,6,Service
34,0.04921343811089845,0.020737239119184327,0.07281455901837428,0.033796211375787893,0.063215764150761,hourly_rate,Energy_intensive,Energy intensive,6,Service
35,-0.019622527183910766,-0.039982688782688,0.003693836590729832,-0.03067242368706081,-0.005912104376072619,hourly_rate,Energy_intensive,Energy intensive,6,Service
36,0.050793176716772054,0.018846356748915112,0.08602967657439599,0.03397806354174285,0.07045380203720632,hourly_rate,Energy_intensive,Energy intensive,6,Service
0,0.0025688447171939204,-0.0048260278017649965,0.01019723006574726,-0.0017938954281818712,0.007149192209344164,hourly_rate,Energy_intensive,Energy intensive,7,Farming/forestry/construction
1,-0.006687591647924515,-0.017684876514587985,0.004432288893585654,-0.012959065288098228,0.00035707466159737127,hourly_rate,Energy_intensive,Energy intensive,7,Farming/forestry/construction
2,-0.008967757972721258,-0.018663877708123507,-0.00026794935720249324,-0.01449773034358649,-0.003751961738495892,hourly_rate,Energy_intensive,Energy intensive,7,Farming/forestry/construction
3,-0.0046283998925744805,-0.01273115954366259,0.005461932167109908,-0.009415536675971123,0.0011552862336998947,hourly_rate,Energy_intensive,Energy intensive,7,Farming/forestry/construction
4,-0.012925357462397145,-0.023708096271556064,-0.0031508831640512363,-0.018881340766473145,-0.0071923013657670355,hourly_rate,Energy_intensive,Energy intensive,7,Farming/forestry/construction
5,0.005274058305410114,-0.003628612063695927,0.015085426028486474,-0.0006221008017576945,0.010744548984968808,hourly_rate,Energy_intensive,Energy intensive,7,Farming/forestry/construction
6,-0.001071649271351512,-0.009849222226741155,0.009635695857237182,-0.0059813672814812025,0.005308483750004351,hourly_rate,Energy_intensive,Energy intensive,7,Farming/forestry/construction
7,-0.003753425020033538,-0.01392697908851733,0.005659048784633984,-0.009707446762504332,0.0020072089399536396,hourly_rate,Energy_intensive,Energy intensive,7,Farming/forestry/construction
8,-0.006942396511327377,-0.015027006883312221,0.004058263771649495,-0.011341468745856668,-0.00020187867382852678,hourly_rate,Energy_intensive,Energy intensive,7,Farming/forestry/construction
9,0.004827302626638268,-0.005124530439099821,0.016571468233680397,-0.0012990726450055733,0.0118734720602202,hourly_rate,Energy_intensive,Energy intensive,7,Farming/forestry/construction
10,-0.003073077343575954,-0.012406036518541452,0.0066557608228274365,-0.008638236165370091,0.002568689947527183,hourly_rate,Energy_intensive,Energy intensive,7,Farming/forestry/construction
11,0.005329354014882448,-0.0038967215235735575,0.014874864169295825,-0.0003060779758567254,0.011746605589394703,hourly_rate,Energy_intensive,Energy intensive,7,Farming/forestry/construction
12,-0.002471902106221718,-0.010242899717583458,0.005371702694852082,-0.007156283016857252,0.0017350819876281705,hourly_rate,Energy_intensive,Energy intensive,7,Farming/forestry/construction
13,0.007235117762725818,-0.001497892949154281,0.018021214228306607,0.0021362248317053634,0.01362740254540744,hourly_rate,Energy_intensive,Energy intensive,7,Farming/forestry/construction
14,-0.004726059801453708,-0.014788002553053492,0.005195899164626195,-0.01070272894315127,0.0005917466939189264,hourly_rate,Energy_intensive,Energy intensive,7,Farming/forestry/construction
15,-0.009392332384489345,-0.01670635827812831,-0.0011394813861219481,-0.013778581809959218,-0.004363507147819999,hourly_rate,Energy_intensive,Energy intensive,7,Farming/forestry/construction
16,-0.0014897526609886655,-0.009647082990692323,0.007083025772248314,-0.006324182664140299,0.0033191838513865193,hourly_rate,Energy_intensive,Energy intensive,7,Farming/forestry/construction
17,3.985239431408197e-5,-0.010649428385866298,0.01093290328755319,-0.00599484320358167,0.0069147754762207475,hourly_rate,Energy_intensive,Energy intensive,7,Farming/forestry/construction
18,-0.008637360646517845,-0.016391271371029505,-0.0007545291473785472,-0.01294949272870086,-0.0033790067365773316,hourly_rate,Energy_intensive,Energy intensive,7,Farming/forestry/construction
19,0.0011594284180389766,-0.008198344017055681,0.008703915597127083,-0.004793713592101338,0.005358863987476361,hourly_rate,Energy_intensive,Energy intensive,7,Farming/forestry/construction
20,0.0021883923842989147,-0.005848590565479551,0.008941871952280508,-0.0025007354437232643,0.006239456955970949,hourly_rate,Energy_intensive,Energy intensive,7,Farming/forestry/construction
21,-0.011249004854140076,-0.019283652568343135,-0.002946728922068967,-0.015880586797476216,-0.006078025212435218,hourly_rate,Energy_intensive,Energy intensive,7,Farming/forestry/construction
22,-0.0005327995622958155,-0.008948377167015024,0.008435527082918304,-0.0050814261326527325,0.004603547444437922,hourly_rate,Energy_intensive,Energy intensive,7,Farming/forestry/construction
23,-0.009241642090097542,-0.01825896190002456,0.0003893627048940744,-0.014428119274723443,-0.003406735705633636,hourly_rate,Energy_intensive,Energy intensive,7,Farming/forestry/construction
24,-0.015372345709632128,-0.025419356513233307,-0.006977590287456925,-0.021897234857028287,-0.01006930389522765,hourly_rate,Energy_intensive,Energy intensive,7,Farming/forestry/construction
25,-0.005724618797288653,-0.013602485970577546,0.0013684308140970835,-0.010554492586918108,-0.0013173683152792456,hourly_rate,Energy_intensive,Energy intensive,7,Farming/forestry/construction
26,0.00582213179829067,-0.0027431347703418584,0.020697302464971565,0.0002412222780673861,0.014434292923605235,hourly_rate,Energy_intensive,Energy intensive,7,Farming/forestry/construction
27,0.007664692406909391,-0.0031224206237550865,0.01580346408818642,0.0015119338226636247,0.012818995085048756,hourly_rate,Energy_intensive,Energy intensive,7,Farming/forestry/construction
28,0.001475707647357405,-0.010658102549132659,0.011288851222671236,-0.0054783976531279045,0.007929403243352718,hourly_rate,Energy_intensive,Energy intensive,7,Farming/forestry/construction
29,0.0024224112317203033,-0.00731456981166663,0.012399090416715042,-0.003382394438109422,0.008304806640428826,hourly_rate,Energy_intensive,Energy intensive,7,Farming/forestry/construction
30,-0.0076758146547658964,-0.0166498534623292,0.0010509854895901722,-0.012957637801369246,-0.0026517058036812473,hourly_rate,Energy_intensive,Energy intensive,7,Farming/forestry/construction
31,0.005623187017502419,-0.002036053143460571,0.014465589513292784,0.0011420096041987755,0.011391940074910671,hourly_rate,Energy_intensive,Energy intensive,7,Farming/forestry/construction
32,-0.0034311121039987402,-0.012778839505697212,0.008040677636787674,-0.009602721718721655,0.00362183371880227,hourly_rate,Energy_intensive,Energy intensive,7,Farming/forestry/construction
33,0.0009615999145794619,-0.007841014911504355,0.01027542659518189,-0.004207354164987481,0.006952351619897663,hourly_rate,Energy_intensive,Energy intensive,7,Farming/forestry/construction
34,0.0006327887624693363,-0.008345958696367867,0.010575664010077881,-0.00510076937392016,0.006374608064889552,hourly_rate,Energy_intensive,Energy intensive,7,Farming/forestry/construction
35,-0.004272961977645614,-0.015128225350643674,0.005586600072833528,-0.010276538609896156,0.0015488000668243788,hourly_rate,Energy_intensive,Energy intensive,7,Farming/forestry/construction
36,-0.0039544819765498975,-0.01154088267134903,0.002968537615619735,-0.008529217861162175,0.0003087952274406008,hourly_rate,Energy_intensive,Energy intensive,7,Farming/forestry/construction
0,-0.004117422038050843,-0.008832198448503326,0.00034122004890800497,-0.007090720511457965,-0.0013362190296662703,hourly_rate,Energy_intensive,Energy intensive,8,Precision production/repair
1,-0.00395607614883414,-0.008738256889362821,0.001017757309590507,-0.0070612415282855796,-0.0010275859881885415,hourly_rate,Energy_intensive,Energy intensive,8,Precision production/repair
2,-0.008887456930596609,-0.013305047479403614,-0.003931566809610045,-0.011389347312229615,-0.005815238653439074,hourly_rate,Energy_intensive,Energy intensive,8,Precision production/repair
3,-0.012690457297051792,-0.01827450698641894,-0.006194395584583013,-0.016125631350828565,-0.008752810885456359,hourly_rate,Energy_intensive,Energy intensive,8,Precision production/repair
4,-0.005569175280298702,-0.011598211899198768,-0.000533283742693934,-0.009490894688454331,-0.002641343104010999,hourly_rate,Energy_intensive,Energy intensive,8,Precision production/repair
5,-0.0006326460666771007,-0.0064208252893529815,0.0049162029433717225,-0.003996278716851236,0.0027892255672150716,hourly_rate,Energy_intensive,Energy intensive,8,Precision production/repair
6,-0.001940555468080173,-0.00810334464983742,0.004587171531709353,-0.00555756499957533,0.0021546971438253914,hourly_rate,Energy_intensive,Energy intensive,8,Precision production/repair
7,-0.0007578478541091372,-0.006331879667795504,0.004234350652973574,-0.004192738123135491,0.0020489893266615513,hourly_rate,Energy_intensive,Energy intensive,8,Precision production/repair
8,-0.003918253891896554,-0.008454013830022922,0.0007112573555533644,-0.0065304601404781466,-0.000957107239107084,hourly_rate,Energy_intensive,Energy intensive,8,Precision production/repair
9,-0.005982954881685558,-0.011050490974964852,-0.0012962807795976377,-0.008769873807027137,-0.002855152512680905,hourly_rate,Energy_intensive,Energy intensive,8,Precision production/repair
10,-0.0033180863537082047,-0.008942490787168796,0.002605667637435761,-0.006536053870644709,0.0005474361428360469,hourly_rate,Energy_intensive,Energy intensive,8,Precision production/repair
11,0.007464394613082928,0.00015687273834979337,0.013671133463000891,0.003989355282008498,0.011711960187132149,hourly_rate,Energy_intensive,Energy intensive,8,Precision production/repair
12,-0.002666835896662842,-0.010092772675163312,0.003454005849751376,-0.00694181037291958,0.001148440763439994,hourly_rate,Energy_intensive,Energy intensive,8,Precision production/repair
13,0.005380001321789701,0.0006049395112451604,0.009890110996340669,0.002568210154325185,0.007932354844440784,hourly_rate,Energy_intensive,Energy intensive,8,Precision production/repair
14,0.0045624616691456775,0.0001015992886184737,0.01004427568786225,0.0018627904251137949,0.007895352343926822,hourly_rate,Energy_intensive,Energy intensive,8,Precision production/repair
15,-0.0076964407951523525,-0.012630160643071354,-0.0016684794606659573,-0.010668171751834998,-0.0041822976613603196,hourly_rate,Energy_intensive,Energy intensive,8,Precision production/repair
16,-0.0006586792853762625,-0.008761984285821423,0.007673150739258185,-0.00537616795090414,0.0039364472288790815,hourly_rate,Energy_intensive,Energy intensive,8,Precision production/repair
17,-0.0036980696886597165,-0.008856176276943338,0.0013634827012606282,-0.006585050571272403,-0.0005347016599296004,hourly_rate,Energy_intensive,Energy intensive,8,Precision production/repair
18,-0.002480852897948705,-0.008540681171486915,0.004725978691735437,-0.006287250392303477,0.0017763377807552805,hourly_rate,Energy_intensive,Energy intensive,8,Precision production/repair
19,-0.001034754617135928,-0.006023140906984672,0.0039676784907084406,-0.003953743884002858,0.001923386731027944,hourly_rate,Energy_intensive,Energy intensive,8,Precision production/repair
20,0.0024953719713899035,-0.003425691762342756,0.008287438087530626,-0.0010305519310972668,0.005509047891523904,hourly_rate,Energy_intensive,Energy intensive,8,Precision production/repair
21,-0.00017632664433176156,-0.004253031104449674,0.005067468324856419,-0.0027462925476194355,0.002738881302722266,hourly_rate,Energy_intensive,Energy intensive,8,Precision production/repair
22,0.00014430246143247317,-0.0064401322669579274,0.00749093559796014,-0.00385367366180041,0.004403458742017801,hourly_rate,Energy_intensive,Energy intensive,8,Precision production/repair
23,-0.00558513773427095,-0.010666840236141166,-0.0004950258698891707,-0.008558485124675556,-0.002326303479698385,hourly_rate,Energy_intensive,Energy intensive,8,Precision production/repair
24,0.0036030010372992004,-0.002650703771310704,0.009799732197207773,-0.00020081453634779442,0.007207748326787749,hourly_rate,Energy_intensive,Energy intensive,8,Precision production/repair
25,0.005847288829021237,0.0006397945335770506,0.011429633469903396,0.002618338333207504,0.008821485255974431,hourly_rate,Energy_intensive,Energy intensive,8,Precision production/repair
26,0.005659334468838618,0.0011511173754477771,0.010620943056098174,0.002975228708354402,0.008729638804302255,hourly_rate,Energy_intensive,Energy intensive,8,Precision production/repair
27,-0.00744030036852036,-0.015188183768326612,-0.0019658564074014765,-0.011762196546156761,-0.0038574388796495025,hourly_rate,Energy_intensive,Energy intensive,8,Precision production/repair
28,-0.005952032312916198,-0.011028151737989189,0.00025782957341311755,-0.00905799951413808,-0.0020666971028171933,hourly_rate,Energy_intensive,Energy intensive,8,Precision production/repair
29,0.0008089015819457734,-0.004331635872196561,0.005358534557172292,-0.0022394952575989693,0.0034924723837766727,hourly_rate,Energy_intensive,Energy intensive,8,Precision production/repair
30,0.004835441725365791,-0.0010379498463600192,0.011072432676781874,0.0011991014727454285,0.008599141107818429,hourly_rate,Energy_intensive,Energy intensive,8,Precision production/repair
31,0.0063533987038791855,-0.00024473039282942293,0.012775884892104423,0.002529408157255496,0.010344256670684625,hourly_rate,Energy_intensive,Energy intensive,8,Precision production/repair
32,-0.0028471699734158116,-0.010171023085267843,0.0034964053143978734,-0.007504071957466824,0.0010646764676679838,hourly_rate,Energy_intensive,Energy intensive,8,Precision production/repair
33,-0.005047753111493096,-0.012239401453212968,0.003781773938168455,-0.009420282918052907,-0.00030792134972309777,hourly_rate,Energy_intensive,Energy intensive,8,Precision production/repair
34,-0.0023663646430389738,-0.009393956726067104,0.005230805719872285,-0.00640216228476619,0.0024937416131569886,hourly_rate,Energy_intensive,Energy intensive,8,Precision production/repair
35,-0.0034841763195382304,-0.009346020431199151,0.002701602498322092,-0.00696069738846161,0.0001677338832838755,hourly_rate,Energy_intensive,Energy intensive,8,Precision production/repair
36,-0.0054394949241603,-0.015174314380056746,0.0033357349305735886,-0.011602763390202435,-0.0004740405967148245,hourly_rate,Energy_intensive,Energy intensive,8,Precision production/repair
0,0.0005885378556411257,-0.002998310082531349,0.004627549178450807,-0.0017476464651949345,0.0029400776919561587,hourly_rate,Energy_intensive,Energy intensive,9,Machine operators/transport
1,-0.0034408129410940878,-0.00724409990421053,0.00046491066340366427,-0.006010475902846781,-0.001044382844627632,hourly_rate,Energy_intensive,Energy intensive,9,Machine operators/transport
2,0.0019791141212987516,-0.003717105347456381,0.006691718201100188,-0.0010745090029552215,0.005162799243052138,hourly_rate,Energy_intensive,Energy intensive,9,Machine operators/transport
3,0.004052017771589366,-0.0004584205182409512,0.008866761876299055,0.0014760939209036176,0.006913090601295585,hourly_rate,Energy_intensive,Energy intensive,9,Machine operators/transport
4,-0.003173236286161757,-0.007646859838662034,0.0016281645303944103,-0.005852834884325346,-0.0003387592940691051,hourly_rate,Energy_intensive,Energy intensive,9,Machine operators/transport
5,0.002246852341160927,-0.0024123798089649945,0.00735057245943992,-0.0005238589718145289,0.005609809228592692,hourly_rate,Energy_intensive,Energy intensive,9,Machine operators/transport
6,0.0031032398559413957,-0.0017842187686819434,0.008137076050367394,0.0003731051612484667,0.006131718413114129,hourly_rate,Energy_intensive,Energy intensive,9,Machine operators/transport
7,0.003546925739705378,-0.0017084708140051074,0.008810062177638384,0.00037915295009787256,0.006597509345877924,hourly_rate,Energy_intensive,Energy intensive,9,Machine operators/transport
8,-0.0029517476510155646,-0.007928210678088632,0.0021723847062120986,-0.0056400193449095675,2.1696538644094474e-6,hourly_rate,Energy_intensive,Energy intensive,9,Machine operators/transport
9,0.0022309236439537186,-0.0018141156604241518,0.0064850206285075925,-0.00021606879600206356,0.004787692599443886,hourly_rate,Energy_intensive,Energy intensive,9,Machine operators/transport
10,0.005028650519413616,0.0004462288918505872,0.010058307408968417,0.0019184334366298796,0.008118876568998842,hourly_rate,Energy_intensive,Energy intensive,9,Machine operators/transport
11,-0.006164405810993833,-0.010477210045144177,-0.001595919276780015,-0.008525038529622294,-0.003338347327561389,hourly_rate,Energy_intensive,Energy intensive,9,Machine operators/transport
12,-0.0015736264235588647,-0.005748028328888569,0.0031695673332876786,-0.003924741606857746,0.0011859069162666414,hourly_rate,Energy_intensive,Energy intensive,9,Machine operators/transport
13,0.007185923870246298,0.00348708970718401,0.010764343883531204,0.0049106582136113144,0.009313578267646255,hourly_rate,Energy_intensive,Energy intensive,9,Machine operators/transport
14,0.011486442250039605,0.0075547480771519975,0.015502967197524583,0.009251705784783877,0.014466364175353939,hourly_rate,Energy_intensive,Energy intensive,9,Machine operators/transport
15,0.0067918006671825746,0.0027324393300508162,0.01150652095765922,0.004579133915510763,0.009826502433654752,hourly_rate,Energy_intensive,Energy intensive,9,Machine operators/transport
16,0.004802963116790349,0.0013618598030083091,0.008149171080462038,0.0026128863489068856,0.007079160664793035,hourly_rate,Energy_intensive,Energy intensive,9,Machine operators/transport
17,-0.005351816865899958,-0.009380666490483313,-0.0009564167467956755,-0.007681528744167205,-0.002681600588864779,hourly_rate,Energy_intensive,Energy intensive,9,Machine operators/transport
18,-0.0005666724597445697,-0.004371386657527627,0.0037140295734999704,-0.0025705311014924672,0.002141104036472958,hourly_rate,Energy_intensive,Energy intensive,9,Machine operators/transport
19,0.0012150265724203376,-0.004276550189528362,0.006663617588015429,-0.001972006442771084,0.004464067499828957,hourly_rate,Energy_intensive,Energy intensive,9,Machine operators/transport
20,0.0017721605142685512,-0.002645133615800358,0.0065257149114611975,-0.0008038694486203568,0.004663690647747281,hourly_rate,Energy_intensive,Energy intensive,9,Machine operators/transport
21,0.0007884439868806045,-0.0031797686752482288,0.005425289686860046,-0.0018301221469965911,0.003487317936343923,hourly_rate,Energy_intensive,Energy intensive,9,Machine operators/transport
22,0.003556181466555998,-8.216807986750939e-5,0.008054775566918915,0.0013577699761246312,0.006049557938311556,hourly_rate,Energy_intensive,Energy intensive,9,Machine operators/transport
23,0.004584679111690965,0.0007018527118528967,0.008242040293919202,0.0023172555094428306,0.0066459463812840016,hourly_rate,Energy_intensive,Energy intensive,9,Machine operators/transport
24,0.0053205408846568455,0.0010750046168639359,0.00979370747093724,0.0026341085291077208,0.008175269885957823,hourly_rate,Energy_intensive,Energy intensive,9,Machine operators/transport
25,0.0015505146589839679,-0.0025495296297316995,0.006163810899664871,-0.0010084016552894025,0.0045788880364160504,hourly_rate,Energy_intensive,Energy intensive,9,Machine operators/transport
26,0.0003673255040964876,-0.0038319452696676873,0.005420278458130146,-0.0023586273682329093,0.003175543928225366,hourly_rate,Energy_intensive,Energy intensive,9,Machine operators/transport
27,0.0047387006526712775,0.00037475850519010003,0.008997484980817736,0.0023229456760566055,0.007243946760045895,hourly_rate,Energy_intensive,Energy intensive,9,Machine operators/transport
28,0.0023440255957815023,-0.0015302060524672837,0.006300687751799884,-9.662173044915935e-5,0.004732751758094476,hourly_rate,Energy_intensive,Energy intensive,9,Machine operators/transport
29,0.0008641627389869456,-0.0034761581799168098,0.006210216363854683,-0.0018854175015973328,0.004327898571191021,hourly_rate,Energy_intensive,Energy intensive,9,Machine operators/transport
30,-0.0022514016061286717,-0.006843017585988043,0.0025057695687586735,-0.004886115461166695,0.0003128451393539953,hourly_rate,Energy_intensive,Energy intensive,9,Machine operators/transport
31,0.0013732191365986635,-0.00148608002197526,0.005061352935690549,-0.0006562510038433992,0.0035241392576087836,hourly_rate,Energy_intensive,Energy intensive,9,Machine operators/transport
32,-0.0009732467202320443,-0.005519276284619757,0.003382024257820066,-0.0033045281508184716,0.001559124252503563,hourly_rate,Energy_intensive,Energy intensive,9,Machine operators/transport
33,0.0039071725625001415,-0.0004661382696549785,0.00830496835496048,0.001122417387335746,0.006540645142971693,hourly_rate,Energy_intensive,Energy intensive,9,Machine operators/transport
34,0.0016112840819887183,-0.0019945906557048056,0.0056049482593979304,-0.0006455510031762683,0.003984922001783681,hourly_rate,Energy_intensive,Energy intensive,9,Machine operators/transport
35,0.002468167225623887,-0.0014637393516030214,0.006018920106423161,0.00022037932177148244,0.0047361790969533395,hourly_rate,Energy_intensive,Energy intensive,9,Machine operators/transport
36,-0.002228362157977554,-0.007953025226452193,0.002916169714524813,-0.005837516770561056,0.000707443851364314,hourly_rate,Energy_intensive,Energy intensive,9,Machine operators/transport
0,-0.0006164610977629609,-0.004133028393669341,0.0036287234209623153,-0.003050536936080441,0.0018327538832992821,hourly_rate,Manufacturing_Construction,Mfg. + construction,1,Managerial
1,-0.0005988449227310179,-0.004319447357615449,0.0029343200141379922,-0.0026774037189715772,0.0017825661629478169,hourly_rate,Manufacturing_Construction,Mfg. + construction,1,Managerial
2,0.003007248644423036,-0.0010153288755587876,0.00676530026826235,0.0004983654442720607,0.005230666367845978,hourly_rate,Manufacturing_Construction,Mfg. + construction,1,Managerial
3,0.0079029141999422,0.0036269391089320665,0.012143052038936838,0.005330068974777742,0.010379927452841966,hourly_rate,Manufacturing_Construction,Mfg. + construction,1,Managerial
4,0.0031875510103932963,-0.0010618654016336143,0.007269087358910711,0.00037557136234770425,0.005345046110476181,hourly_rate,Manufacturing_Construction,Mfg. + construction,1,Managerial
5,-0.002251798064562213,-0.008582251645492311,0.002874930902744427,-0.005943273962962483,0.0007069296341822321,hourly_rate,Manufacturing_Construction,Mfg. + construction,1,Managerial
6,0.002865000209358958,-0.0022620676314593978,0.00767533580461079,-0.0001736796789021662,0.006155674414463203,hourly_rate,Manufacturing_Construction,Mfg. + construction,1,Managerial
7,-0.0007132518255839341,-0.005011173231309352,0.004284994404806143,-0.0034822949456400284,0.0022972931404528062,hourly_rate,Manufacturing_Construction,Mfg. + construction,1,Managerial
8,-0.00023853884850923645,-0.004674571895884277,0.0033384516649010106,-0.002742927864860575,0.00203587441988734,hourly_rate,Manufacturing_Construction,Mfg. + construction,1,Managerial
9,0.0012461765045233466,-0.003242410062681538,0.006120259330137113,-0.0013566561443653863,0.004485033838352304,hourly_rate,Manufacturing_Construction,Mfg. + construction,1,Managerial
10,-0.0042638205878425045,-0.00917641147118636,0.0010441884003649397,-0.007195195936463174,-0.0009438864425501542,hourly_rate,Manufacturing_Construction,Mfg. + construction,1,Managerial
11,0.0012761073807135983,-0.0029139649463152647,0.005573320044529306,-0.0013932300110201083,0.003981456990323637,hourly_rate,Manufacturing_Construction,Mfg. + construction,1,Managerial
12,0.0011278372934803707,-0.003253184218867752,0.005900978966157446,-0.001469027571556159,0.0040396926809415715,hourly_rate,Manufacturing_Construction,Mfg. + construction,1,Managerial
13,0.0073157874937965816,0.0031099584523626624,0.011842003499495653,0.004932000110375886,0.009800478200769394,hourly_rate,Manufacturing_Construction,Mfg. + construction,1,Managerial
14,0.0043618912817735295,-8.263832575492597e-6,0.008648287280458359,0.001970935675202234,0.00707180091960672,hourly_rate,Manufacturing_Construction,Mfg. + construction,1,Managerial
15,-0.003709229623038363,-0.00838550235539953,0.0008986658320748538,-0.006408607298866243,-0.000928952524439326,hourly_rate,Manufacturing_Construction,Mfg. + construction,1,Managerial
16,-0.006513533524462627,-0.010312667541114092,-0.0025391600917351763,-0.008739459121787092,-0.004431745923671395,hourly_rate,Manufacturing_Construction,Mfg. + construction,1,Managerial
17,-0.0025964950330607268,-0.007269625031929063,0.0024821584188480387,-0.00555013640114389,0.0006072325342939906,hourly_rate,Manufacturing_Construction,Mfg. + construction,1,Managerial
18,-0.0008987564656463875,-0.004685958470958781,0.002973660129598042,-0.0031567239085112998,0.001369748325863871,hourly_rate,Manufacturing_Construction,Mfg. + construction,1,Managerial
19,0.0028741582057085742,-0.0012184845474852452,0.006264969577938758,0.0005571934113811671,0.004812614324606534,hourly_rate,Manufacturing_Construction,Mfg. + construction,1,Managerial
20,-0.0023768120449831755,-0.008292531144336788,0.0032960510880595518,-0.00585903536743237,0.0007761104428371563,hourly_rate,Manufacturing_Construction,Mfg. + construction,1,Managerial
21,-0.0030890383570182523,-0.007069397261131196,0.0014788573997628705,-0.00572255866745986,-0.0003508935890945697,hourly_rate,Manufacturing_Construction,Mfg. + construction,1,Managerial
22,0.0011579275091376825,-0.0031523098092261855,0.005934187132644268,-0.0012570100052172574,0.0039990690294285924,hourly_rate,Manufacturing_Construction,Mfg. + construction,1,Managerial
23,0.0022224709468845307,-0.0022986869953371576,0.006579475096711772,-0.00040849757465405466,0.005014524181775851,hourly_rate,Manufacturing_Construction,Mfg. + construction,1,Managerial
24,0.005481663362857683,0.0013139737051180355,0.010142355285067139,0.0031738312865831706,0.008285714051576784,hourly_rate,Manufacturing_Construction,Mfg. + construction,1,Managerial
25,0.0022814167328166018,-0.0028537243103161232,0.007467358229234125,-0.0006192380716119376,0.005393313583704412,hourly_rate,Manufacturing_Construction,Mfg. + construction,1,Managerial
26,-0.0016154052164796492,-0.005495929642266522,0.002264307045257134,-0.00390664927161967,0.000919218867319715,hourly_rate,Manufacturing_Construction,Mfg. + construction,1,Managerial
27,-0.0021500840115379134,-0.007099038339632432,0.004068197037291591,-0.0054405111645634,0.0012184662438569907,hourly_rate,Manufacturing_Construction,Mfg. + construction,1,Managerial
28,-0.0007763087143297918,-0.004331727642694776,0.0032391093372929436,-0.0028484425930559174,0.0015885302961981033,hourly_rate,Manufacturing_Construction,Mfg. + construction,1,Managerial
29,0.00536088307920819,0.000498473440640153,0.010381046789892844,0.0024818873735862296,0.008527644869760558,hourly_rate,Manufacturing_Construction,Mfg. + construction,1,Managerial
30,-0.0016941496250404632,-0.006365725996284379,0.002862621289313852,-0.004134636217491771,0.0009327134600727073,hourly_rate,Manufacturing_Construction,Mfg. + construction,1,Managerial
31,-4.848112206006983e-5,-0.0038158816451909655,0.004099339396881795,-0.0021424600950542714,0.002460062250886974,hourly_rate,Manufacturing_Construction,Mfg. + construction,1,Managerial
32,0.008026521355029669,0.003901907784494019,0.012850333276303411,0.0056177030942446944,0.010849999384297659,hourly_rate,Manufacturing_Construction,Mfg. + construction,1,Managerial
33,0.0029126105304722546,-0.0014758725652618764,0.007191501083724917,0.0001858744107652759,0.005364614434347862,hourly_rate,Manufacturing_Construction,Mfg. + construction,1,Managerial
34,-0.0037081743435940224,-0.007835901849059438,1.473441208295562e-5,-0.0062416588710903515,-0.001173788922867046,hourly_rate,Manufacturing_Construction,Mfg. + construction,1,Managerial
35,-0.0007220753594780375,-0.005337776021134254,0.004036716307970472,-0.0034820598735294524,0.002141298926622089,hourly_rate,Manufacturing_Construction,Mfg. + construction,1,Managerial
36,-0.003061195043184185,-0.006798305410634785,0.0006715372242697346,-0.005387479164323727,-0.0007220369007158627,hourly_rate,Manufacturing_Construction,Mfg. + construction,1,Managerial
0,0.0033595439946339976,-0.0010038734547661173,0.008026780739215105,0.0008742577119753561,0.005844397588136154,hourly_rate,Manufacturing_Construction,Mfg. + construction,2,Professional specialty
1,-0.002488103819837262,-0.00800326391998307,0.002306579238742773,-0.005797197684575725,0.0004966299987195144,hourly_rate,Manufacturing_Construction,Mfg. + construction,2,Professional specialty
2,-0.0011030392169970073,-0.005558738164081308,0.003034246756507709,-0.0036868996859247983,0.0014156232771711254,hourly_rate,Manufacturing_Construction,Mfg. + construction,2,Professional specialty
3,0.006871112834865867,0.0014817162839584497,0.011323658111197963,0.0038352192160563104,0.009573112465912342,hourly_rate,Manufacturing_Construction,Mfg. + construction,2,Professional specialty
4,-0.0015574561980627583,-0.0065619608657842485,0.004240914594594727,-0.0046227855210856095,0.0013553493592977784,hourly_rate,Manufacturing_Construction,Mfg. + construction,2,Professional specialty
5,0.0019834338604060513,-0.0022333202208017484,0.0064522741517127735,-0.0005950876668517693,0.004740407746841965,hourly_rate,Manufacturing_Construction,Mfg. + construction,2,Professional specialty
6,0.0031733622092510946,-0.0013185222952027354,0.007891423697183812,0.00028729640671812254,0.00596914501207318,hourly_rate,Manufacturing_Construction,Mfg. + construction,2,Professional specialty
7,0.0038270449785591625,-0.0006804409264161626,0.008376875055272705,0.0012805695064980215,0.006736687926802708,hourly_rate,Manufacturing_Construction,Mfg. + construction,2,Professional specialty
8,-0.0014842634362235536,-0.007463965972632335,0.004755819900241474,-0.004946391768496527,0.0025339207414751246,hourly_rate,Manufacturing_Construction,Mfg. + construction,2,Professional specialty
9,0.004224249121325353,-0.0016434477252764614,0.009946540630348312,0.0011338376947721412,0.007478443246899351,hourly_rate,Manufacturing_Construction,Mfg. + construction,2,Professional specialty
10,0.003131187927635063,-0.0014532744859947957,0.009041384027277527,0.0004222166024222193,0.006770235954845427,hourly_rate,Manufacturing_Construction,Mfg. + construction,2,Professional specialty
11,0.0038365763489952207,-0.0018212943296117916,0.009250014812540468,0.0005015076820596986,0.007154981300111577,hourly_rate,Manufacturing_Construction,Mfg. + construction,2,Professional specialty
12,0.0050688714053977275,8.008772117816358e-5,0.010540923722891487,0.0019886923449480183,0.008244469714800954,hourly_rate,Manufacturing_Construction,Mfg. + construction,2,Professional specialty
13,0.0003727749215100716,-0.00409667580431429,0.004628500318704962,-0.0023139185261092203,0.002731809914537832,hourly_rate,Manufacturing_Construction,Mfg. + construction,2,Professional specialty
14,0.0010492870197950724,-0.004147392574765943,0.005841859762385669,-0.0025293809603516727,0.0036294290716585645,hourly_rate,Manufacturing_Construction,Mfg. + construction,2,Professional specialty
15,-0.0043281192738987275,-0.008546608660893337,0.0001739409140897501,-0.006986274897865836,-0.0016310495736989398,hourly_rate,Manufacturing_Construction,Mfg. + construction,2,Professional specialty
16,-0.0027600037673411594,-0.007268342768544456,0.003303911195132176,-0.005360073611737226,0.0006200526426407425,hourly_rate,Manufacturing_Construction,Mfg. + construction,2,Professional specialty
17,-0.0030158647802567906,-0.008384691538418337,0.0024653636480841375,-0.006398722065570864,0.0002556308090077668,hourly_rate,Manufacturing_Construction,Mfg. + construction,2,Professional specialty
18,-0.0017051201878195475,-0.010111316115923143,0.00412979437362309,-0.006825180049122451,0.001827041445905739,hourly_rate,Manufacturing_Construction,Mfg. + construction,2,Professional specialty
19,0.0009673644069384951,-0.0041986958348533936,0.0063104629135206135,-0.0020946067866675216,0.0045228843738773505,hourly_rate,Manufacturing_Construction,Mfg. + construction,2,Professional specialty
20,-0.0029457123439754645,-0.007702822961666751,0.002105242179074205,-0.005709984290090709,7.325800686563706e-5,hourly_rate,Manufacturing_Construction,Mfg. + construction,2,Professional specialty
21,-0.002524887442352256,-0.007416708471060709,0.00229146398107679,-0.005416702991850601,0.000239364792323699,hourly_rate,Manufacturing_Construction,Mfg. + construction,2,Professional specialty
22,0.002461745393356836,-0.003516426429488136,0.008073308981402728,-0.0011985689297736302,0.005819542652905835,hourly_rate,Manufacturing_Construction,Mfg. + construction,2,Professional specialty
23,0.0018189281714302203,-0.0034943877419646575,0.008386346063647895,-0.0014352347856067455,0.005664238455707225,hourly_rate,Manufacturing_Construction,Mfg. + construction,2,Professional specialty
24,0.0042022060632513,-0.00015908721796722546,0.00857171120415519,0.0016541136247342392,0.006873705836338159,hourly_rate,Manufacturing_Construction,Mfg. + construction,2,Professional specialty
25,-0.0018872195335546049,-0.006989338005662074,0.00414088214747936,-0.005049813540910896,0.0010191261217171845,hourly_rate,Manufacturing_Construction,Mfg. + construction,2,Professional specialty
26,0.003442087748752992,-0.0009886550870873813,0.008028178522610148,0.000892774750589063,0.006312924164136517,hourly_rate,Manufacturing_Construction,Mfg. + construction,2,Professional specialty
27,-0.005974287565358087,-0.012939520638021632,0.0012085227629857944,-0.010046407062056863,-0.0021150789811978554,hourly_rate,Manufacturing_Construction,Mfg. + construction,2,Professional specialty
28,-0.003255460116049559,-0.007111640700238876,0.0018832979742881362,-0.006077258099511337,-0.00068068768670613,hourly_rate,Manufacturing_Construction,Mfg. + construction,2,Professional specialty
29,-0.0035871484861030524,-0.007707407452325109,0.0005953431060530322,-0.006335505705734663,-0.000789638283587973,hourly_rate,Manufacturing_Construction,Mfg. + construction,2,Professional specialty
30,-0.0009354071105231607,-0.006226069128657282,0.003838900014633943,-0.004008098504684938,0.002250582639873813,hourly_rate,Manufacturing_Construction,Mfg. + construction,2,Professional specialty
31,-0.0018768304418142919,-0.005992245868146188,0.0030207725795796912,-0.004700691422119143,0.001320956274382227,hourly_rate,Manufacturing_Construction,Mfg. + construction,2,Professional specialty
32,0.002521335078428837,-0.0023102766423910713,0.008113760436053136,-0.0006093968551143508,0.0058193948266024665,hourly_rate,Manufacturing_Construction,Mfg. + construction,2,Professional specialty
33,-0.005987456139935571,-0.012150187149738449,-0.000262938120220808,-0.009736254051376623,-0.002353919077864179,hourly_rate,Manufacturing_Construction,Mfg. + construction,2,Professional specialty
34,-0.0015828814315466237,-0.0062355793361850735,0.0031107434088687184,-0.004420534637270112,0.0009830070379656757,hourly_rate,Manufacturing_Construction,Mfg. + construction,2,Professional specialty
35,0.00021659960711859213,-0.0038833486337498963,0.004649688434568832,-0.002218503726598923,0.0029741434374906564,hourly_rate,Manufacturing_Construction,Mfg. + construction,2,Professional specialty
36,0.0011596460635838143,-0.003903575787129235,0.006959162778707562,-0.0017935965437264113,0.004532891474895983,hourly_rate,Manufacturing_Construction,Mfg. + construction,2,Professional specialty
0,-0.0086327809198272,-0.01742091994425861,0.0014040276977778429,-0.014120826829991008,-0.002969349913578445,hourly_rate,Manufacturing_Construction,Mfg. + construction,3,High tech
1,-0.005807145740161198,-0.015927356798483325,0.0018221753952411,-0.012057337576649833,-0.0016600275624617175,hourly_rate,Manufacturing_Construction,Mfg. + construction,3,High tech
2,-0.00048000100598657585,-0.006875608631816112,0.0056246778444667645,-0.004374966058344085,0.0036430346470792546,hourly_rate,Manufacturing_Construction,Mfg. + construction,3,High tech
3,9.119983843229141e-5,-0.007669029878646385,0.007908160211558575,-0.004765285472639624,0.004347049417232169,hourly_rate,Manufacturing_Construction,Mfg. + construction,3,High tech
4,-0.004969355815640808,-0.0123278287124,0.0027896760289695555,-0.00908183436238185,-9.115613864418663e-5,hourly_rate,Manufacturing_Construction,Mfg. + construction,3,High tech
5,-0.008086869398908354,-0.015956760996572457,-0.0006682008897649378,-0.012578941683243111,-0.0029758456650523417,hourly_rate,Manufacturing_Construction,Mfg. + construction,3,High tech
6,0.0019796249175217306,-0.004307756444403809,0.010576859105135263,-0.0019516560671824362,0.0072376318853607765,hourly_rate,Manufacturing_Construction,Mfg. + construction,3,High tech
7,0.0017299941346788298,-0.006969877410599402,0.010145737487031369,-0.003104895556819946,0.007392512545675686,hourly_rate,Manufacturing_Construction,Mfg. + construction,3,High tech
8,-0.009362664846666788,-0.017326393145443424,-0.0009353126209299106,-0.01440574628150944,-0.004586021600260565,hourly_rate,Manufacturing_Construction,Mfg. + construction,3,High tech
9,-0.008481821732647096,-0.01652977556869578,-0.0013969122741417164,-0.01275870673963013,-0.0038028636290316125,hourly_rate,Manufacturing_Construction,Mfg. + construction,3,High tech
10,-0.004876926436554875,-0.012832461828091925,0.003391374588658535,-0.009890583304373328,0.0001856773283287873,hourly_rate,Manufacturing_Construction,Mfg. + construction,3,High tech
11,-0.009104699752721978,-0.01760033941563851,-0.002318636741829594,-0.014179003871049436,-0.0047242846166678605,hourly_rate,Manufacturing_Construction,Mfg. + construction,3,High tech
12,-0.011937285799501707,-0.02139993450223788,-0.004353288419451293,-0.01793320443264018,-0.007868128991782856,hourly_rate,Manufacturing_Construction,Mfg. + construction,3,High tech
13,-0.015188325589217889,-0.02453316298079846,-0.00746027098470645,-0.020351674430254707,-0.010738116937833695,hourly_rate,Manufacturing_Construction,Mfg. + construction,3,High tech
14,-0.001734385558674342,-0.009232277929328533,0.0060015057075398955,-0.006193244704612125,0.003337119803776663,hourly_rate,Manufacturing_Construction,Mfg. + construction,3,High tech
15,0.0005346000677087342,-0.008167951753115485,0.009494966858321392,-0.004466168682502305,0.0050721810050453914,hourly_rate,Manufacturing_Construction,Mfg. + construction,3,High tech
16,0.0049531717328422115,-0.0027302977343080315,0.01283316472777369,0.00022339997328410868,0.009764184180066502,hourly_rate,Manufacturing_Construction,Mfg. + construction,3,High tech
17,-0.002564753456274385,-0.012078324402482573,0.007073810411521682,-0.008479859992095072,0.003043657276546866,hourly_rate,Manufacturing_Construction,Mfg. + construction,3,High tech
18,0.005915460527156893,-0.00269822602710221,0.014945765362471351,0.00025500589158308513,0.011010261618039485,hourly_rate,Manufacturing_Construction,Mfg. + construction,3,High tech
19,-0.002615142926603492,-0.010413612713182679,0.005005590680852154,-0.007288027205248397,0.0023686459827284454,hourly_rate,Manufacturing_Construction,Mfg. + construction,3,High tech
20,-0.0017417575754468256,-0.008929068685193199,0.005647503635447654,-0.00618806144978525,0.0029632239814055723,hourly_rate,Manufacturing_Construction,Mfg. + construction,3,High tech
21,0.0001651287368535679,-0.008985817021180715,0.008020518486881902,-0.005182079786633572,0.004701281815893142,hourly_rate,Manufacturing_Construction,Mfg. + construction,3,High tech
22,-0.006856805989563819,-0.013729035740653463,-0.0009957263811631407,-0.011107772352230542,-0.003046894735134763,hourly_rate,Manufacturing_Construction,Mfg. + construction,3,High tech
23,-0.0008658986968841596,-0.00840018794452536,0.007051396889600722,-0.0050976856262122715,0.004287697154843685,hourly_rate,Manufacturing_Construction,Mfg. + construction,3,High tech
24,0.0034443119014971324,-0.005118486850333519,0.011983004067558181,-0.001690634202200324,0.008543996665824739,hourly_rate,Manufacturing_Construction,Mfg. + construction,3,High tech
25,0.0005018921915467137,-0.0072744657627459046,0.01028130048355843,-0.004303572055543015,0.005813732176434222,hourly_rate,Manufacturing_Construction,Mfg. + construction,3,High tech
26,-0.002698933870844823,-0.010194187726027249,0.004382771059740662,-0.007343266170697818,0.00213441903160691,hourly_rate,Manufacturing_Construction,Mfg. + construction,3,High tech
27,-0.0015377919752866981,-0.011655771565569368,0.005410278309946096,-0.006458310356708439,0.002660245121053494,hourly_rate,Manufacturing_Construction,Mfg. + construction,3,High tech
28,-0.01565019462344645,-0.02546002504631191,-0.006029608859081029,-0.021244907841109682,-0.009803566526921789,hourly_rate,Manufacturing_Construction,Mfg. + construction,3,High tech
29,-0.008741336910274922,-0.014822557500885205,-0.001498847895594459,-0.012494146885688485,-0.004559858750304743,hourly_rate,Manufacturing_Construction,Mfg. + construction,3,High tech
30,-0.001286696862136503,-0.009251615879367897,0.007020108842930426,-0.006528144987762281,0.0030031323902756854,hourly_rate,Manufacturing_Construction,Mfg. + construction,3,High tech
31,0.008828219898128757,0.0006764586188796138,0.018145188879823596,0.0038277353962050016,0.014337236368610694,hourly_rate,Manufacturing_Construction,Mfg. + construction,3,High tech
32,-0.00123513060695989,-0.008895470983521064,0.006941599575928641,-0.006554622702211587,0.003303152573478852,hourly_rate,Manufacturing_Construction,Mfg. + construction,3,High tech
33,-0.014701331825693754,-0.02431345508905352,-0.006007924169491977,-0.020551242235376625,-0.009023830824589539,hourly_rate,Manufacturing_Construction,Mfg. + construction,3,High tech
34,-0.002826051727887839,-0.010484614163544442,0.004190559612211636,-0.007325748133582997,0.0016271157198633722,hourly_rate,Manufacturing_Construction,Mfg. + construction,3,High tech
35,-0.004775112759805488,-0.01431411937923354,0.006549263529169953,-0.010394657973968479,0.0008376215522738623,hourly_rate,Manufacturing_Construction,Mfg. + construction,3,High tech
36,0.003198830483677882,-0.005024650427001166,0.013251915674258239,-0.0015834686970396007,0.009053528061861615,hourly_rate,Manufacturing_Construction,Mfg. + construction,3,High tech
0,0.005340250285918984,-0.003645384668506505,0.014567029485968311,-0.00034209870184761463,0.010626739839411887,hourly_rate,Manufacturing_Construction,Mfg. + construction,4,Sales
1,0.00644978479420403,-0.00452430336722198,0.016405412839443172,0.0004028129306946045,0.012524807299756455,hourly_rate,Manufacturing_Construction,Mfg. + construction,4,Sales
2,-0.007940992218481257,-0.019631235803539468,0.003120957337856313,-0.01506860015821794,-0.0017073836102037467,hourly_rate,Manufacturing_Construction,Mfg. + construction,4,Sales
3,0.0051575794412281155,-0.005246398335659602,0.015373224616061665,-0.0007961211506679437,0.011383451746397046,hourly_rate,Manufacturing_Construction,Mfg. + construction,4,Sales
4,0.003722041246450119,-0.0048868197949934675,0.013920274016364866,-0.0009354976131903414,0.009850599018384842,hourly_rate,Manufacturing_Construction,Mfg. + construction,4,Sales
5,0.011861607517285183,-0.004739779491042501,0.025045372162941323,0.0015580872668884988,0.020085235698695726,hourly_rate,Manufacturing_Construction,Mfg. + construction,4,Sales
6,0.015599516339230917,0.00811792202546826,0.022867360198146152,0.010829097056192774,0.020063499395482604,hourly_rate,Manufacturing_Construction,Mfg. + construction,4,Sales
7,0.007645491595292765,-0.0003467695609412078,0.015549640500283839,0.002960001161255242,0.012672570913443275,hourly_rate,Manufacturing_Construction,Mfg. + construction,4,Sales
8,0.01000731897545986,0.0005566011154871566,0.01957026067948044,0.004378547481467761,0.0155487115559945,hourly_rate,Manufacturing_Construction,Mfg. + construction,4,Sales
9,0.012383766845244991,0.0037072830020430155,0.021593339514622084,0.0071502100803657155,0.017936505475688688,hourly_rate,Manufacturing_Construction,Mfg. + construction,4,Sales
10,0.003244203816848178,-0.010384398874853356,0.015228630278537846,-0.004465460361465042,0.009651730886865894,hourly_rate,Manufacturing_Construction,Mfg. + construction,4,Sales
11,0.004158094805993519,-0.00475194813213474,0.01361982928826003,-0.0007099551857956046,0.009747560863538243,hourly_rate,Manufacturing_Construction,Mfg. + construction,4,Sales
12,0.005428641369577243,-0.002264112993463292,0.014181898878468983,0.0009244100767197361,0.01113777816772787,hourly_rate,Manufacturing_Construction,Mfg. + construction,4,Sales
13,0.007429819335001416,-0.0019372334852161902,0.019902324021182822,0.0013951416281202224,0.014591294078770614,hourly_rate,Manufacturing_Construction,Mfg. + construction,4,Sales
14,-0.006718148024476829,-0.014676482965848827,0.0010942331780270757,-0.011283252201885492,-0.0016625062014027714,hourly_rate,Manufacturing_Construction,Mfg. + construction,4,Sales
15,-0.018877968283094564,-0.03158783550524251,-0.005384708712526418,-0.02573518043958551,-0.011104309005461973,hourly_rate,Manufacturing_Construction,Mfg. + construction,4,Sales
16,-0.003608343474708094,-0.013103506422256753,0.005485486860567556,-0.010292014549043365,0.0014983438826571766,hourly_rate,Manufacturing_Construction,Mfg. + construction,4,Sales
17,-0.007480171541099701,-0.014239475300695954,0.0016752377635022688,-0.011658254126788403,-0.0019121894540212198,hourly_rate,Manufacturing_Construction,Mfg. + construction,4,Sales
18,0.0015118527056348578,-0.006567148021975296,0.010011618488962839,-0.003700961785946445,0.006362993157794505,hourly_rate,Manufacturing_Construction,Mfg. + construction,4,Sales
19,-0.017730201763099,-0.028242819808884233,-0.0065948774497659735,-0.023789879700582585,-0.01074579106331601,hourly_rate,Manufacturing_Construction,Mfg. + construction,4,Sales
20,-0.0031147981162188655,-0.013026527474744337,0.00862416356783307,-0.008618926481378426,0.003571989463064724,hourly_rate,Manufacturing_Construction,Mfg. + construction,4,Sales
21,-0.0068323792853911625,-0.016270306254737157,0.004439234159337898,-0.012378531431065001,-0.0005340438166808893,hourly_rate,Manufacturing_Construction,Mfg. + construction,4,Sales
22,-0.005802857524590095,-0.014681727909438757,0.005842199259683392,-0.01084271447309131,0.0010379649684975388,hourly_rate,Manufacturing_Construction,Mfg. + construction,4,Sales
23,-0.004314981129736368,-0.012867222961923455,0.00632537678373154,-0.009557860219793678,0.0017911883212465727,hourly_rate,Manufacturing_Construction,Mfg. + construction,4,Sales
24,0.01568456004764952,0.006422491826860301,0.025113120302415366,0.01055070122214361,0.021465163429059606,hourly_rate,Manufacturing_Construction,Mfg. + construction,4,Sales
25,0.0025902528896072793,-0.010427292150569345,0.01610206988548165,-0.004774953573219203,0.01035168210243128,hourly_rate,Manufacturing_Construction,Mfg. + construction,4,Sales
26,0.0011379211428174348,-0.008996556942149576,0.01080304558863307,-0.005233440501417022,0.006742828684063827,hourly_rate,Manufacturing_Construction,Mfg. + construction,4,Sales
27,0.006632978733619627,-0.0015225095233840193,0.014904829852499364,0.001793913458534373,0.011765013944569278,hourly_rate,Manufacturing_Construction,Mfg. + construction,4,Sales
28,-0.003622734044894572,-0.013974462919158822,0.0076046627311707644,-0.009615507867647822,0.0027853910595951755,hourly_rate,Manufacturing_Construction,Mfg. + construction,4,Sales
29,-0.012293672871488049,-0.021971759854627508,-0.0021231575807012133,-0.017954675348702924,-0.005951269605287295,hourly_rate,Manufacturing_Construction,Mfg. + construction,4,Sales
30,-0.008243506814209342,-0.02346825681764114,0.007711540156677141,-0.016466691909341837,0.0007949605858053963,hourly_rate,Manufacturing_Construction,Mfg. + construction,4,Sales
31,-0.009172587636501533,-0.02280048297579812,0.006129243588947463,-0.016497270540793346,-4.7623095536963866e-5,hourly_rate,Manufacturing_Construction,Mfg. + construction,4,Sales
32,-0.010473126996612611,-0.0223486265390127,0.00047623064269897153,-0.017520630010820118,-0.0041070078199202335,hourly_rate,Manufacturing_Construction,Mfg. + construction,4,Sales
33,-0.0035307212446746825,-0.013369072835233087,0.005825905837863783,-0.009066898046271064,0.001642740865151118,hourly_rate,Manufacturing_Construction,Mfg. + construction,4,Sales
34,-0.01368729500537135,-0.031239298365943448,-0.0028795369674800165,-0.022653202723349294,-0.0064393710696345925,hourly_rate,Manufacturing_Construction,Mfg. + construction,4,Sales
35,-0.007630224578349818,-0.017160121559126513,0.0019347820412974554,-0.013522918746318072,-0.0018072007154881558,hourly_rate,Manufacturing_Construction,Mfg. + construction,4,Sales
36,-0.006983201945012151,-0.018122101767553474,0.0034484592383726134,-0.014027452232595472,-0.0005646054969408575,hourly_rate,Manufacturing_Construction,Mfg. + construction,4,Sales
0,0.002166799039306668,-0.002025026384237902,0.00605192084805275,-0.00028715606139390233,0.00445780352390099,hourly_rate,Manufacturing_Construction,Mfg. + construction,5,Administrative support
1,-0.004982152240440581,-0.01043850927353826,0.0001841537953602805,-0.007864077471198102,-0.00153746253696213,hourly_rate,Manufacturing_Construction,Mfg. + construction,5,Administrative support
2,-0.008578419332534523,-0.012596596499741392,-0.004001048256424605,-0.01100698983301777,-0.005773772153516113,hourly_rate,Manufacturing_Construction,Mfg. + construction,5,Administrative support
3,-0.00016742055138221053,-0.0037905336499749146,0.0037887726148074213,-0.0022692236037933017,0.002363659112767441,hourly_rate,Manufacturing_Construction,Mfg. + construction,5,Administrative support
4,-0.006119773786393183,-0.01050932303876908,-0.0008323203095595864,-0.008836267577083369,-0.00288861109670558,hourly_rate,Manufacturing_Construction,Mfg. + construction,5,Administrative support
5,0.00030094819859178954,-0.0042968205036254346,0.00560366241512284,-0.002589232833145313,0.0033233461902552833,hourly_rate,Manufacturing_Construction,Mfg. + construction,5,Administrative support
6,0.002608797195283678,-0.002143808335538166,0.00768026411948,-0.000359655178956861,0.005314578756604822,hourly_rate,Manufacturing_Construction,Mfg. + construction,5,Administrative support
7,0.0014276261064876897,-0.003303251454370117,0.006262061149697742,-0.0015675917907497644,0.004483075006731484,hourly_rate,Manufacturing_Construction,Mfg. + construction,5,Administrative support
8,0.003923883376233014,-0.0005544205120528974,0.009634517068213765,0.001277437554572304,0.007248686188486765,hourly_rate,Manufacturing_Construction,Mfg. + construction,5,Administrative support
9,-0.001217312284584267,-0.006453575902328772,0.003655075616790036,-0.004489665581071913,0.002015345548865131,hourly_rate,Manufacturing_Construction,Mfg. + construction,5,Administrative support
10,0.004335593208603056,-0.0015116349132416607,0.009652988261043462,0.0006820872458298852,0.007424163430983807,hourly_rate,Manufacturing_Construction,Mfg. + construction,5,Administrative support
11,-0.001657214528399453,-0.0055516047488425434,0.0033101027016136514,-0.0042533099410163545,0.001351205412896274,hourly_rate,Manufacturing_Construction,Mfg. + construction,5,Administrative support
12,0.0038538115137665002,-0.0005897955804145287,0.008736207534776226,0.0011856864759899987,0.006863392055446511,hourly_rate,Manufacturing_Construction,Mfg. + construction,5,Administrative support
13,-0.005425625454311987,-0.00997694468480969,-0.0011266240563017728,-0.008081900794762467,-0.002862245096202667,hourly_rate,Manufacturing_Construction,Mfg. + construction,5,Administrative support
14,-0.0005097240614679065,-0.005973286187210773,0.004407716184519082,-0.00406914926950962,0.002548516543551642,hourly_rate,Manufacturing_Construction,Mfg. + construction,5,Administrative support
15,-0.0016045830216662367,-0.006110874286538916,0.003078149279837405,-0.0043861433654394655,0.0009967742556134741,hourly_rate,Manufacturing_Construction,Mfg. + construction,5,Administrative support
16,0.0013679199875561432,-0.003186187336824485,0.005475471157743459,-0.0013447495528455082,0.0038194071288575556,hourly_rate,Manufacturing_Construction,Mfg. + construction,5,Administrative support
17,-0.004705294788140654,-0.009011782129592286,-0.00036717381711619344,-0.007624528801732387,-0.0019976890567203844,hourly_rate,Manufacturing_Construction,Mfg. + construction,5,Administrative support
18,0.0067040978381315884,0.0023211338001610116,0.010645667392011497,0.004222411036974617,0.008948823795786511,hourly_rate,Manufacturing_Construction,Mfg. + construction,5,Administrative support
19,-0.0013289253003528258,-0.008423080188865489,0.004653010902401222,-0.005211663356241647,0.0025957982146088097,hourly_rate,Manufacturing_Construction,Mfg. + construction,5,Administrative support
20,0.00013920090474291798,-0.005216580170456429,0.00583432747359369,-0.003010677983495231,0.0033209309235890734,hourly_rate,Manufacturing_Construction,Mfg. + construction,5,Administrative support
21,-0.005268927223317026,-0.009616665235917839,-0.0004138051813347525,-0.007932147312629525,-0.002320574397614045,hourly_rate,Manufacturing_Construction,Mfg. + construction,5,Administrative support
22,0.002665557682251178,-0.0026792345121257064,0.008401744517608997,-0.0007764947789929795,0.006237703252418971,hourly_rate,Manufacturing_Construction,Mfg. + construction,5,Administrative support
23,-0.006246598090120283,-0.012037103399927161,0.00013194364455300974,-0.009486309660430646,-0.0025892641324448728,hourly_rate,Manufacturing_Construction,Mfg. + construction,5,Administrative support
24,0.006527890121168409,0.0013098433907729858,0.011566288793685806,0.0033524342197672778,0.009797606317977147,hourly_rate,Manufacturing_Construction,Mfg. + construction,5,Administrative support
25,0.0023084486058146396,-0.002055529415222961,0.0068656191955515575,-0.00031478175408190335,0.005324090648019101,hourly_rate,Manufacturing_Construction,Mfg. + construction,5,Administrative support
26,-0.0027925009762389545,-0.007855676483000009,0.003297385348980071,-0.005773907528426172,0.0009153271097239791,hourly_rate,Manufacturing_Construction,Mfg. + construction,5,Administrative support
27,0.002369558359831948,-0.0030366854079027367,0.007256687068674141,-0.0005567841395180233,0.005080301212633383,hourly_rate,Manufacturing_Construction,Mfg. + construction,5,Administrative support
28,0.005467343446942813,0.0003654659582506504,0.010558860498965154,0.0026402988049535753,0.008444735422189716,hourly_rate,Manufacturing_Construction,Mfg. + construction,5,Administrative support
29,0.003832026632137194,-0.0011043808233405583,0.00834191835524253,0.0011119915812979613,0.006583363748984887,hourly_rate,Manufacturing_Construction,Mfg. + construction,5,Administrative support
30,0.00013959144056581652,-0.005000804560373097,0.005029037456400856,-0.0026346234228173974,0.003279868418468262,hourly_rate,Manufacturing_Construction,Mfg. + construction,5,Administrative support
31,0.004878235590910424,0.0016658263863585545,0.008618385037661635,0.002897769940435482,0.007236979599250309,hourly_rate,Manufacturing_Construction,Mfg. + construction,5,Administrative support
32,-0.0027404687540902467,-0.00712127362113351,0.0023256509007055777,-0.005415912694573256,-4.5067506856501845e-5,hourly_rate,Manufacturing_Construction,Mfg. + construction,5,Administrative support
33,-0.0006423946304442033,-0.00613846244352044,0.004067054105079415,-0.003925124155879653,0.001990700911550616,hourly_rate,Manufacturing_Construction,Mfg. + construction,5,Administrative support
34,-0.0033153966411961894,-0.007862420709806705,0.0007723337151238807,-0.0064389527859360085,-0.0007786633883806351,hourly_rate,Manufacturing_Construction,Mfg. + construction,5,Administrative support
35,-0.006394585187646741,-0.011281679254895361,-0.0016836757812860393,-0.009451314207319898,-0.0037931566889794184,hourly_rate,Manufacturing_Construction,Mfg. + construction,5,Administrative support
36,-0.0024619760818057296,-0.007367992145802114,0.0019278969050520252,-0.005323016808318894,0.00027690818042943027,hourly_rate,Manufacturing_Construction,Mfg. + construction,5,Administrative support
0,0.03219227258094056,0.014963642256751414,0.05707295381578687,0.022931432810759645,0.04606448149626052,hourly_rate,Manufacturing_Construction,Mfg. + construction,6,Service
1,-0.020456615035657818,-0.05085806813542923,0.003988110521383658,-0.03651963787415937,-0.0052271171890422834,hourly_rate,Manufacturing_Construction,Mfg. + construction,6,Service
2,-0.02256688640471475,-0.04356004311079249,0.00027573820946254907,-0.03598961669712111,-0.008848683061592035,hourly_rate,Manufacturing_Construction,Mfg. + construction,6,Service
3,0.010316844483044433,-0.017307660619068757,0.05161540111247656,-0.006601836606295156,0.03550886771541532,hourly_rate,Manufacturing_Construction,Mfg. + construction,6,Service
4,-0.006421537977654409,-0.040040956617868315,0.028125368375372838,-0.025100766486824258,0.013813044098487617,hourly_rate,Manufacturing_Construction,Mfg. + construction,6,Service
5,0.023418095608105243,-0.005895715840270519,0.05591303975463556,0.006029518025158401,0.04223320936570055,hourly_rate,Manufacturing_Construction,Mfg. + construction,6,Service
6,0.00224756423253528,-0.028547864578176582,0.035010927002894224,-0.016098509467905666,0.022000959346260413,hourly_rate,Manufacturing_Construction,Mfg. + construction,6,Service
7,-0.024848278169791016,-0.06412945721474636,0.011996311865594522,-0.04526767577274269,-0.005022589489984328,hourly_rate,Manufacturing_Construction,Mfg. + construction,6,Service
8,0.011707985883041868,-0.023062063700184543,0.04269476478068407,-0.008002883928432595,0.02946055370473028,hourly_rate,Manufacturing_Construction,Mfg. + construction,6,Service
9,0.014450286090846998,-0.005632540188183372,0.040274576987345406,0.0024287064394029473,0.027404714847457788,hourly_rate,Manufacturing_Construction,Mfg. + construction,6,Service
10,-0.013817399238736679,-0.04592150961378896,0.018087844268777534,-0.03421486052718717,0.005978236239869537,hourly_rate,Manufacturing_Construction,Mfg. + construction,6,Service
11,0.03007329374511798,0.0025598576292379313,0.05394246126387152,0.014644335498067177,0.04381836913764796,hourly_rate,Manufacturing_Construction,Mfg. + construction,6,Service
12,0.03913851692308339,0.018517841619045017,0.06451764851968031,0.026370574533646975,0.05412437251708587,hourly_rate,Manufacturing_Construction,Mfg. + construction,6,Service
13,-0.03985333089816585,-0.05415081517914813,-0.016292738426416212,-0.04931368268203747,-0.025855122861533356,hourly_rate,Manufacturing_Construction,Mfg. + construction,6,Service
14,-0.01185629650636117,-0.04194450740658205,0.011500690687097078,-0.02945169051037307,0.002145112652461735,hourly_rate,Manufacturing_Construction,Mfg. + construction,6,Service
15,0.02134064340007564,-0.0380260738560852,0.06483065262445382,-0.014628286556706907,0.046436035345862395,hourly_rate,Manufacturing_Construction,Mfg. + construction,6,Service
16,-0.0205081626040151,-0.049475339225458735,0.016288607553218974,-0.03998343565045824,-0.00022380133403651983,hourly_rate,Manufacturing_Construction,Mfg. + construction,6,Service
17,-0.021800435546355343,-0.05940350438366252,0.010977895911389798,-0.03964652962289131,-0.0005758748541830894,hourly_rate,Manufacturing_Construction,Mfg. + construction,6,Service
18,0.007723109628625888,-0.0449058177624594,0.047808882504319236,-0.022748582761076885,0.028874272399787473,hourly_rate,Manufacturing_Construction,Mfg. + construction,6,Service
19,0.0396641367988212,0.009385968169805862,0.06330845113100796,0.024480359171127543,0.05388571791004773,hourly_rate,Manufacturing_Construction,Mfg. + construction,6,Service
20,0.05059315709313215,0.022972186947738032,0.08958138710073779,0.03473655046778627,0.07226959605058111,hourly_rate,Manufacturing_Construction,Mfg. + construction,6,Service
21,-0.0006761396251316418,-0.04418773300335008,0.027381538205288672,-0.024422003243872607,0.018460298291162802,hourly_rate,Manufacturing_Construction,Mfg. + construction,6,Service
22,-0.0006993430153759501,-0.035776394178403295,0.033679973260223484,-0.020068008101092313,0.018931650500957017,hourly_rate,Manufacturing_Construction,Mfg. + construction,6,Service
23,0.010274678223490881,-0.024785791120320984,0.04178948451254682,-0.010259095239864863,0.029079617918555328,hourly_rate,Manufacturing_Construction,Mfg. + construction,6,Service
24,-0.042431702647746296,-0.08073391296800841,-0.00940651154189446,-0.06352324831005389,-0.023406377278055546,hourly_rate,Manufacturing_Construction,Mfg. + construction,6,Service
25,0.01423177648154407,-0.007520796297078053,0.05566943995806689,-0.00030929432874849186,0.03857068629150327,hourly_rate,Manufacturing_Construction,Mfg. + construction,6,Service
26,0.02008974981397953,-0.024327716478455632,0.06277473120286294,-0.0061640077803605635,0.042157360145825565,hourly_rate,Manufacturing_Construction,Mfg. + construction,6,Service
27,-2.3033908446755563e-5,-0.03554284945817036,0.03398073781993606,-0.02060193663921721,0.022303671537350054,hourly_rate,Manufacturing_Construction,Mfg. + construction,6,Service
28,0.0028849011951612427,-0.026540109712153533,0.032586079912544835,-0.011910006239849537,0.02071764932353194,hourly_rate,Manufacturing_Construction,Mfg. + construction,6,Service
29,0.05150553095495368,0.027744669463209085,0.09234395690420577,0.03507065449445021,0.07648118153130973,hourly_rate,Manufacturing_Construction,Mfg. + construction,6,Service
30,-0.0029675138710163244,-0.02991490292482742,0.022437753279248407,-0.01904071691799752,0.011859980360269843,hourly_rate,Manufacturing_Construction,Mfg. + construction,6,Service
31,-0.03292815931129756,-0.06074564878772393,-0.006519976082030338,-0.04691192068120599,-0.01762836057038039,hourly_rate,Manufacturing_Construction,Mfg. + construction,6,Service
32,-0.042632792723565495,-0.06868426062598729,-0.020322940763644878,-0.056865122450908176,-0.028260459389327114,hourly_rate,Manufacturing_Construction,Mfg. + construction,6,Service
33,0.02928684137850535,-0.011493476047946313,0.05872746493220783,0.004275248478752863,0.04712150837840507,hourly_rate,Manufacturing_Construction,Mfg. + construction,6,Service
34,-0.0026494959890747643,-0.03697675139891342,0.025802242315197385,-0.021661310493912733,0.015871942722487202,hourly_rate,Manufacturing_Construction,Mfg. + construction,6,Service
35,2.5545804746260522e-5,-0.02259836971761874,0.023819395004022206,-0.01295208766389269,0.01440752042156134,hourly_rate,Manufacturing_Construction,Mfg. + construction,6,Service
36,-0.001335883792364288,-0.02663159454653989,0.0342657587869891,-0.017486076725346984,0.017424187846530912,hourly_rate,Manufacturing_Construction,Mfg. + construction,6,Service
0,-0.004602999323836832,-0.009162063693590215,2.844466616502405e-5,-0.0073831259996338956,-0.0018078564813076466,hourly_rate,Manufacturing_Construction,Mfg. + construction,7,Farming/forestry/construction
1,-0.000272882863473164,-0.004858904060440525,0.004641674155464179,-0.002934684503647038,0.002474097562008318,hourly_rate,Manufacturing_Construction,Mfg. + construction,7,Farming/forestry/construction
2,0.001833239361373382,-0.0025114597578364765,0.006787220480170653,-0.000763560623036007,0.004751846958941706,hourly_rate,Manufacturing_Construction,Mfg. + construction,7,Farming/forestry/construction
3,0.008699864726248688,0.0039780526713315565,0.013695714329637287,0.006148652749716096,0.011792717245785204,hourly_rate,Manufacturing_Construction,Mfg. + construction,7,Farming/forestry/construction
4,-0.0035143415826213308,-0.00948472331175831,0.0016176643320959662,-0.007207100477230494,-0.00029104571526567024,hourly_rate,Manufacturing_Construction,Mfg. + construction,7,Farming/forestry/construction
5,0.008604780888970596,0.0028955571768076917,0.013628942421929361,0.005069927745144469,0.011780233748951829,hourly_rate,Manufacturing_Construction,Mfg. + construction,7,Farming/forestry/construction
6,0.006026692919709311,0.0013583040408146644,0.011374244231304181,0.0031273045379044805,0.009136665855289862,hourly_rate,Manufacturing_Construction,Mfg. + construction,7,Farming/forestry/construction
7,0.0006220287382477901,-0.004505261524135086,0.006641216999179238,-0.0020955820933008257,0.004449282135967234,hourly_rate,Manufacturing_Construction,Mfg. + construction,7,Farming/forestry/construction
8,0.005481062084716037,0.0015182674748686889,0.010533645129608634,0.003158479891820058,0.008421603237286693,hourly_rate,Manufacturing_Construction,Mfg. + construction,7,Farming/forestry/construction
9,0.0004144187025627753,-0.004475236312238052,0.0065571375762978916,-0.0023680276286899894,0.004137583815081256,hourly_rate,Manufacturing_Construction,Mfg. + construction,7,Farming/forestry/construction
10,0.00028184251667893155,-0.0034877639699332705,0.004802865085298248,-0.0020596378287915736,0.002878108979480322,hourly_rate,Manufacturing_Construction,Mfg. + construction,7,Farming/forestry/construction
11,0.00401330624450492,3.8232507009682525e-5,0.008351578678975211,0.001569382649524454,0.0068230538149060115,hourly_rate,Manufacturing_Construction,Mfg. + construction,7,Farming/forestry/construction
12,-0.0021598657177562507,-0.006422272154069762,0.0022743642260459607,-0.0044425340340008175,0.0007654448657296096,hourly_rate,Manufacturing_Construction,Mfg. + construction,7,Farming/forestry/construction
13,-0.0038244570586628856,-0.008590652923284967,0.0016999306350382955,-0.00675724515412535,-0.00040479151265768567,hourly_rate,Manufacturing_Construction,Mfg. + construction,7,Farming/forestry/construction
14,0.00042414874617500655,-0.004356261752313536,0.005478680335282411,-0.0024391228278827387,0.0033860242643869655,hourly_rate,Manufacturing_Construction,Mfg. + construction,7,Farming/forestry/construction
15,0.0027763054711002406,-0.0026238431986338015,0.009195767615596767,-0.0005793864728705733,0.006418708643233384,hourly_rate,Manufacturing_Construction,Mfg. + construction,7,Farming/forestry/construction
16,-0.0031576982766698247,-0.007303614657571608,0.0020030633209291203,-0.005939676191682514,4.620709486847976e-5,hourly_rate,Manufacturing_Construction,Mfg. + construction,7,Farming/forestry/construction
17,0.004843470212992191,-0.0005695490353687062,0.0107108313743218,0.0013528346852006,0.008553049668231678,hourly_rate,Manufacturing_Construction,Mfg. + construction,7,Farming/forestry/construction
18,0.004912741133451718,0.0009181540613207462,0.00984851571855508,0.0023621698004374866,0.007788589813724016,hourly_rate,Manufacturing_Construction,Mfg. + construction,7,Farming/forestry/construction
19,0.0027361528694702765,-0.0015251968336105828,0.00717804685135159,0.000163439788957435,0.00532009879078868,hourly_rate,Manufacturing_Construction,Mfg. + construction,7,Farming/forestry/construction
20,0.00524485793055333,-4.8617235385865244e-5,0.011002165389377292,0.0021823181661457594,0.008639863519053898,hourly_rate,Manufacturing_Construction,Mfg. + construction,7,Farming/forestry/construction
21,-0.0014426549319377392,-0.004955199773154415,0.0027634219899507536,-0.0033455206067060485,0.0009927208878953867,hourly_rate,Manufacturing_Construction,Mfg. + construction,7,Farming/forestry/construction
22,-0.00303934474310629,-0.007116075739993916,0.0007720490238008618,-0.005453996587135975,-0.0005836404167616997,hourly_rate,Manufacturing_Construction,Mfg. + construction,7,Farming/forestry/construction
23,-0.00035396436277218687,-0.004669397647009131,0.0038174185315215273,-0.0028739247554544945,0.0022062094975988586,hourly_rate,Manufacturing_Construction,Mfg. + construction,7,Farming/forestry/construction
24,0.0005540990082727001,-0.003710712671549189,0.005400003158671561,-0.0021062724514782525,0.003319449445537914,hourly_rate,Manufacturing_Construction,Mfg. + construction,7,Farming/forestry/construction
25,-0.005216472877029018,-0.010186785587983901,-0.00011266537846403319,-0.008291214597624486,-0.0024662792663716765,hourly_rate,Manufacturing_Construction,Mfg. + construction,7,Farming/forestry/construction
26,-0.0018926933652222372,-0.006394701897048269,0.0027771959864769,-0.00456348239369863,0.0010984296605176518,hourly_rate,Manufacturing_Construction,Mfg. + construction,7,Farming/forestry/construction
27,-0.0005346397986096098,-0.005066030728803071,0.004069941509245721,-0.003747777713254046,0.002116979911174125,hourly_rate,Manufacturing_Construction,Mfg. + construction,7,Farming/forestry/construction
28,-0.0020185501773863773,-0.006810147898472869,0.0032965109196234172,-0.004696378643910756,0.001138931413536015,hourly_rate,Manufacturing_Construction,Mfg. + construction,7,Farming/forestry/construction
29,-0.004487182057033719,-0.009507443326722136,0.001411670216179036,-0.007313752462092112,-0.0012918690987792953,hourly_rate,Manufacturing_Construction,Mfg. + construction,7,Farming/forestry/construction
30,0.002286804844570856,-0.0018389590090142705,0.007060648715615108,-0.00015202179808364172,0.0048566853251677845,hourly_rate,Manufacturing_Construction,Mfg. + construction,7,Farming/forestry/construction
31,-0.00664528661141744,-0.012420635844955959,-5.815244898543185e-5,-0.010429526451113502,-0.002579626283848717,hourly_rate,Manufacturing_Construction,Mfg. + construction,7,Farming/forestry/construction
32,0.0017732149178230554,-0.003724810517802972,0.006948615292663857,-0.001111193694600722,0.004863239557751522,hourly_rate,Manufacturing_Construction,Mfg. + construction,7,Farming/forestry/construction
33,-0.0020915285778573566,-0.007789468137367953,0.002244303452185717,-0.005141983947593978,0.0005941209034199127,hourly_rate,Manufacturing_Construction,Mfg. + construction,7,Farming/forestry/construction
34,-0.0057991351805571165,-0.010901680531676245,-0.0009788620754775284,-0.008519036178657659,-0.0029240232055742495,hourly_rate,Manufacturing_Construction,Mfg. + construction,7,Farming/forestry/construction
35,-0.01026644766583815,-0.013532635179862276,-0.007122064250365011,-0.012141461437300535,-0.008354640079113662,hourly_rate,Manufacturing_Construction,Mfg. + construction,7,Farming/forestry/construction
36,0.0017791470994952482,-0.0038372799528311142,0.00845230423224351,-0.0017585411944300363,0.005704566662126689,hourly_rate,Manufacturing_Construction,Mfg. + construction,7,Farming/forestry/construction
0,-0.0015668847002445717,-0.0062086792478729695,0.002551245055676667,-0.004229152620129375,0.001054758714275072,hourly_rate,Manufacturing_Construction,Mfg. + construction,8,Precision production/repair
1,-0.004277633467952156,-0.007772512959740102,-0.00017751781151060988,-0.006363342895697165,-0.001961408841987627,hourly_rate,Manufacturing_Construction,Mfg. + construction,8,Precision production/repair
2,-0.0012045898825889683,-0.005146563848342273,0.0023819155932670996,-0.0034227484012685308,0.0010612111870494218,hourly_rate,Manufacturing_Construction,Mfg. + construction,8,Precision production/repair
3,-0.002006083931242754,-0.005671533300855812,0.002222337879255723,-0.004512788083530814,0.0006091490694833772,hourly_rate,Manufacturing_Construction,Mfg. + construction,8,Precision production/repair
4,-0.0011139184442104713,-0.005995143975895516,0.002973586055232221,-0.0038327902907676573,0.0012550711875870429,hourly_rate,Manufacturing_Construction,Mfg. + construction,8,Precision production/repair
5,-0.0029076392203179874,-0.006643741128547205,0.0003707694473438646,-0.005037209681390344,-0.0009256642494620752,hourly_rate,Manufacturing_Construction,Mfg. + construction,8,Precision production/repair
6,-0.00266080273999247,-0.0058726918931939764,0.0008463619214209833,-0.004723260523846667,-0.0006014570137541555,hourly_rate,Manufacturing_Construction,Mfg. + construction,8,Precision production/repair
7,0.00010136473895942122,-0.0036404466440461444,0.003956602359660579,-0.002113371288478836,0.00251411131509012,hourly_rate,Manufacturing_Construction,Mfg. + construction,8,Precision production/repair
8,-0.003505185742321552,-0.0075008004064931,0.0006747215410436128,-0.005864072263812375,-0.0010967490551025967,hourly_rate,Manufacturing_Construction,Mfg. + construction,8,Precision production/repair
9,0.0025779780351225965,-0.001622560533787989,0.0069970321558508715,8.002126347166766e-5,0.00515587464432356,hourly_rate,Manufacturing_Construction,Mfg. + construction,8,Precision production/repair
10,0.0005433760519003019,-0.0028960597220879835,0.00449250555135902,-0.001663107173944383,0.00296293379621614,hourly_rate,Manufacturing_Construction,Mfg. + construction,8,Precision production/repair
11,-0.0026933972984638558,-0.005701060673547308,0.0010491144149553308,-0.004475489409641486,-0.000314033997130259,hourly_rate,Manufacturing_Construction,Mfg. + construction,8,Precision production/repair
12,-0.008478696259333656,-0.012455194681541125,-0.004259480080937365,-0.010836678222929452,-0.005862891161618981,hourly_rate,Manufacturing_Construction,Mfg. + construction,8,Precision production/repair
13,-0.00027542480792301237,-0.00401755313302767,0.0038997136899421468,-0.0025413220981642514,0.002119856673290596,hourly_rate,Manufacturing_Construction,Mfg. + construction,8,Precision production/repair
14,-0.004460337296305629,-0.007657491782945017,-0.0005391775609851386,-0.006442886532138108,-0.0018567258566932372,hourly_rate,Manufacturing_Construction,Mfg. + construction,8,Precision production/repair
15,0.00428582806026402,0.00080157779849795,0.007327785326618104,0.002622820936564324,0.006248056386257469,hourly_rate,Manufacturing_Construction,Mfg. + construction,8,Precision production/repair
16,-0.003929022402487827,-0.009030970921890872,0.000905318667423204,-0.006991389920301735,-0.0009802101833202561,hourly_rate,Manufacturing_Construction,Mfg. + construction,8,Precision production/repair
17,-0.0015327894084321166,-0.006008478918831116,0.0028109507945412015,-0.0043345567883411725,0.0011346729150392813,hourly_rate,Manufacturing_Construction,Mfg. + construction,8,Precision production/repair
18,0.00221426815953846,-0.002718300319662548,0.005507113401325505,-0.00044638580914115175,0.004190764128401178,hourly_rate,Manufacturing_Construction,Mfg. + construction,8,Precision production/repair
19,0.0008940702729949605,-0.004054554620848224,0.005685185539525934,-0.0020017062466240135,0.0036000089976850943,hourly_rate,Manufacturing_Construction,Mfg. + construction,8,Precision production/repair
20,-0.000447289562532964,-0.004608179645375243,0.003921122855767721,-0.003073517833718396,0.0024570843458274786,hourly_rate,Manufacturing_Construction,Mfg. + construction,8,Precision production/repair
21,-0.0036257567240081663,-0.008941594162020717,0.000897795079018019,-0.00674862728923477,-0.0009036800718447806,hourly_rate,Manufacturing_Construction,Mfg. + construction,8,Precision production/repair
22,0.003352590926892229,-0.0004718053118667447,0.006303773321687951,0.001115236532260113,0.00502565252091174,hourly_rate,Manufacturing_Construction,Mfg. + construction,8,Precision production/repair
23,-0.0030836282059089667,-0.007398079821937926,0.0008955911958627768,-0.005572899149941291,-0.00045016486717015195,hourly_rate,Manufacturing_Construction,Mfg. + construction,8,Precision production/repair
24,-0.00046566952126100776,-0.004374999169599738,0.003445359036681389,-0.002763714357317868,0.0017241710862225914,hourly_rate,Manufacturing_Construction,Mfg. + construction,8,Precision production/repair
25,-0.001279776166006338,-0.005343288728376042,0.003244406663345665,-0.0037890247007055814,0.0013847402181988136,hourly_rate,Manufacturing_Construction,Mfg. + construction,8,Precision production/repair
26,-0.0066423093380383845,-0.010781209026130712,-0.0017548344133843253,-0.009178517002333724,-0.003753332355427914,hourly_rate,Manufacturing_Construction,Mfg. + construction,8,Precision production/repair
27,0.0014586536402464345,-0.002563885096939781,0.005319501479422145,-0.0008232336124122067,0.0037530614512358155,hourly_rate,Manufacturing_Construction,Mfg. + construction,8,Precision production/repair
28,-0.003630328211905873,-0.007963740212811946,0.0008934764981003616,-0.00603605253100228,-0.0008194709194956898,hourly_rate,Manufacturing_Construction,Mfg. + construction,8,Precision production/repair
29,-0.00258431549004098,-0.006492286170253093,0.001146839200432309,-0.0048739340373349805,-0.0003885195764115421,hourly_rate,Manufacturing_Construction,Mfg. + construction,8,Precision production/repair
30,0.0003035069378653522,-0.0036488877626020843,0.003498145293496328,-0.0021079167699802723,0.0022148643464292178,hourly_rate,Manufacturing_Construction,Mfg. + construction,8,Precision production/repair
31,-0.002799666326659352,-0.007581120427280581,0.003180764952821571,-0.005648677821858202,0.0007775275047963775,hourly_rate,Manufacturing_Construction,Mfg. + construction,8,Precision production/repair
32,-0.004199479649660533,-0.008969374158110766,0.0006377024814955921,-0.0068923515250689715,-0.0014408309681570972,hourly_rate,Manufacturing_Construction,Mfg. + construction,8,Precision production/repair
33,-0.0037089574867186755,-0.00797694436157638,-0.00015370725535089006,-0.006638675132446124,-0.001486838276846961,hourly_rate,Manufacturing_Construction,Mfg. + construction,8,Precision production/repair
34,0.0014287305286136839,-0.0026435226862690214,0.005949642974969562,-0.0013810024175683999,0.0040821443117999585,hourly_rate,Manufacturing_Construction,Mfg. + construction,8,Precision production/repair
35,-0.004919454643240198,-0.009447289444675398,-0.000821022392090749,-0.007644651923114825,-0.0026434637583915527,hourly_rate,Manufacturing_Construction,Mfg. + construction,8,Precision production/repair
36,-0.0001428066990722084,-0.0051584744931245825,0.004568738001504086,-0.003457280660342389,0.0027490065561643013,hourly_rate,Manufacturing_Construction,Mfg. + construction,8,Precision production/repair
0,0.00011846471288983361,-0.002914533609807971,0.003591961936198565,-0.0016633639004145354,0.0020987253583647537,hourly_rate,Manufacturing_Construction,Mfg. + construction,9,Machine operators/transport
1,0.000991660428153128,-0.0024531373340273377,0.005214619436751201,-0.0012822742311870555,0.003426166799798473,hourly_rate,Manufacturing_Construction,Mfg. + construction,9,Machine operators/transport
2,-0.002018782661695337,-0.006185843754553675,0.0019232306772630644,-0.004747294545428555,0.0004975007921208994,hourly_rate,Manufacturing_Construction,Mfg. + construction,9,Machine operators/transport
3,0.0025395576793560987,-0.0010007693116186158,0.005731721494899134,0.00014295345223952916,0.0046419206562418255,hourly_rate,Manufacturing_Construction,Mfg. + construction,9,Machine operators/transport
4,0.0038252269436607213,-0.0011238219037589792,0.007971783114470556,0.0007426785494639874,0.006353677864089087,hourly_rate,Manufacturing_Construction,Mfg. + construction,9,Machine operators/transport
5,3.9648990845207576e-5,-0.0038610269919645895,0.004223575637322116,-0.002092980958133123,0.0024737711619027083,hourly_rate,Manufacturing_Construction,Mfg. + construction,9,Machine operators/transport
6,0.0002956310865584097,-0.004071439631539257,0.0038428684774964895,-0.0026233018925257935,0.0022989444461728806,hourly_rate,Manufacturing_Construction,Mfg. + construction,9,Machine operators/transport
7,0.004790460724859284,0.0014866820557749767,0.008055565263177614,0.0027241054079906943,0.006730135401450256,hourly_rate,Manufacturing_Construction,Mfg. + construction,9,Machine operators/transport
8,-0.002029010856770427,-0.0055640480876494244,0.0009639492566522823,-0.004114012299321663,1.4168142251410904e-5,hourly_rate,Manufacturing_Construction,Mfg. + construction,9,Machine operators/transport
9,-0.000700034042960897,-0.003776908314177317,0.0026029126461055412,-0.00257015701489944,0.0013028703823858984,hourly_rate,Manufacturing_Construction,Mfg. + construction,9,Machine operators/transport
10,-0.0014130200944767511,-0.0043651797030924986,0.0019143754563553383,-0.0032120077577376125,0.0006189893174080312,hourly_rate,Manufacturing_Construction,Mfg. + construction,9,Machine operators/transport
11,9.35404577900477e-5,-0.003247707332429432,0.003354850911748511,-0.001639873192610939,0.002068801343247138,hourly_rate,Manufacturing_Construction,Mfg. + construction,9,Machine operators/transport
12,-0.0009093255004604421,-0.004111937858797202,0.002167875504127835,-0.0028292118179327483,0.00097120262303181,hourly_rate,Manufacturing_Construction,Mfg. + construction,9,Machine operators/transport
13,0.0011724920869318554,-0.002266405891567975,0.004380594724246907,-0.0009268898559314767,0.003119578550086521,hourly_rate,Manufacturing_Construction,Mfg. + construction,9,Machine operators/transport
14,0.0012403910588505709,-0.004703350474779601,0.005287946999822718,-0.002054523509332635,0.0038185476017091246,hourly_rate,Manufacturing_Construction,Mfg. + construction,9,Machine operators/transport
15,0.0005249914203733815,-0.0020676084908002428,0.003582890034194838,-0.001131352695486805,0.002336271366039604,hourly_rate,Manufacturing_Construction,Mfg. + construction,9,Machine operators/transport
16,-0.0032209635025848317,-0.006813368081277788,-1.7069177497040268e-5,-0.005459680320393442,-0.00117269606734769,hourly_rate,Manufacturing_Construction,Mfg. + construction,9,Machine operators/transport
17,-0.004702687126950467,-0.00797874891714114,-0.0022818649411391846,-0.006577294582824533,-0.003223032161773663,hourly_rate,Manufacturing_Construction,Mfg. + construction,9,Machine operators/transport
18,0.001849314920794632,-0.0017426690699993812,0.005004360616725548,-0.00032283359964896895,0.003758175524931271,hourly_rate,Manufacturing_Construction,Mfg. + construction,9,Machine operators/transport
19,-0.0001565828886662108,-0.0036462957695584486,0.0037108776827714097,-0.0019071344406561654,0.0022037501864230207,hourly_rate,Manufacturing_Construction,Mfg. + construction,9,Machine operators/transport
20,-0.0007538479382299943,-0.00456919218821179,0.0028095122371567215,-0.002894731998401094,0.0013176093337557543,hourly_rate,Manufacturing_Construction,Mfg. + construction,9,Machine operators/transport
21,0.001554832344916238,-0.0009533604561793739,0.004253235114952757,0.00012337844702587004,0.0032309992513075035,hourly_rate,Manufacturing_Construction,Mfg. + construction,9,Machine operators/transport
22,0.0011118082434391655,-0.0023209169673241046,0.0050584825351838265,-0.0007431647637342012,0.0037813853783216266,hourly_rate,Manufacturing_Construction,Mfg. + construction,9,Machine operators/transport
23,0.000428323555035224,-0.0026112471214310594,0.003773541848193001,-0.00158734043044222,0.00228710197998101,hourly_rate,Manufacturing_Construction,Mfg. + construction,9,Machine operators/transport
24,-0.0003381839867794221,-0.0034068618503230773,0.0029416245579004783,-0.002099026917719851,0.0016083417411077898,hourly_rate,Manufacturing_Construction,Mfg. + construction,9,Machine operators/transport
25,0.0018893732716365856,-0.00033582023292236577,0.004978917535497207,0.0005328135246875816,0.0037097736491159194,hourly_rate,Manufacturing_Construction,Mfg. + construction,9,Machine operators/transport
26,-0.002252455809152275,-0.005038412911503733,0.0008788001005196741,-0.0038411170958684913,-0.0002786407931501837,hourly_rate,Manufacturing_Construction,Mfg. + construction,9,Machine operators/transport
27,4.772481076904265e-5,-0.0032331248777759825,0.0031698970322941106,-0.0018205771152464982,0.0018975504404471217,hourly_rate,Manufacturing_Construction,Mfg. + construction,9,Machine operators/transport
28,-0.00489039989969183,-0.008210156941817036,-0.0021857077222324473,-0.006999017816160749,-0.0031583318025977594,hourly_rate,Manufacturing_Construction,Mfg. + construction,9,Machine operators/transport
29,-0.0012595885164531169,-0.004229861068324865,0.0016281123316710026,-0.0029696948019723507,0.0005379828450973363,hourly_rate,Manufacturing_Construction,Mfg. + construction,9,Machine operators/transport
30,-0.002960496287114841,-0.006091634625554934,7.587740912768509e-6,-0.004667054767922718,-0.0010697961610836005,hourly_rate,Manufacturing_Construction,Mfg. + construction,9,Machine operators/transport
31,-0.001558614727676904,-0.004173393492080465,0.0010458177420659077,-0.00309468779126223,8.51009142744275e-5,hourly_rate,Manufacturing_Construction,Mfg. + construction,9,Machine operators/transport
32,-0.0017551441606993045,-0.004624329904596738,0.0008542126709375562,-0.0034528719605071683,-0.0002547510932898861,hourly_rate,Manufacturing_Construction,Mfg. + construction,9,Machine operators/transport
33,-0.0015680076028001355,-0.00452737728156281,0.0013949705775603825,-0.003392534739478038,0.00027049478204707426,hourly_rate,Manufacturing_Construction,Mfg. + construction,9,Machine operators/transport
34,-0.0027393631256790213,-0.006293152161851115,0.00036046852481727565,-0.0048422222453394,-0.000748541349867635,hourly_rate,Manufacturing_Construction,Mfg. + construction,9,Machine operators/transport
35,-0.004476150838407233,-0.007691592447088277,-0.0014399400825551877,-0.006672304728946602,-0.0028172028566678794,hourly_rate,Manufacturing_Construction,Mfg. + construction,9,Machine operators/transport
36,-0.003938914513543669,-0.007911361370757878,-0.0001742165263472861,-0.006120269615148411,-0.0018820349962088748,hourly_rate,Manufacturing_Construction,Mfg. + construction,9,Machine operators/transport
0,0.010730921831385251,0.003830199461278637,0.015781533219982203,0.006456878805614809,0.01366713805497915,hourly_rate,Trade,Trade,1,Managerial
1,0.005898806467819947,5.8940363205607464e-5,0.011616969058557611,0.002153108293544197,0.009320479132152604,hourly_rate,Trade,Trade,1,Managerial
2,0.004482239106948497,-0.0006531905483199906,0.01006477577618739,0.0012013359725173626,0.008298767311953052,hourly_rate,Trade,Trade,1,Managerial
3,0.0026101052478726787,-0.004327919166582036,0.00825533442501357,-0.0018800824307646305,0.005853493086728463,hourly_rate,Trade,Trade,1,Managerial
4,0.0005666382549126276,-0.005963766060867807,0.006757401590571496,-0.003409282694982388,0.00407210804881656,hourly_rate,Trade,Trade,1,Managerial
5,-0.0037480547244609706,-0.007841704690800151,0.001426488886127226,-0.0060750880486926725,-0.00026224661083801715,hourly_rate,Trade,Trade,1,Managerial
6,-0.0031157057181540764,-0.012543167380708924,0.003744556888171866,-0.008333037331410949,0.0009985879631120962,hourly_rate,Trade,Trade,1,Managerial
7,-0.004677387291938375,-0.01098332785350565,0.0008227140005223526,-0.008475687196442188,-0.001544366924073887,hourly_rate,Trade,Trade,1,Managerial
8,0.002229669636400035,-0.0037133793102469524,0.008219517177212268,-0.0018248967448518455,0.0060695318586340904,hourly_rate,Trade,Trade,1,Managerial
9,0.006993999683025499,0.0017467387309479873,0.013592859916589792,0.003946915077353463,0.011032809882110424,hourly_rate,Trade,Trade,1,Managerial
10,0.0013004929270286607,-0.0046498717979166085,0.008511296653547214,-0.002498076728952605,0.006645839885287679,hourly_rate,Trade,Trade,1,Managerial
11,0.0007201934747174254,-0.0039059425108685366,0.00575672237768181,-0.0017167562244800223,0.0041630957527970715,hourly_rate,Trade,Trade,1,Managerial
12,-0.003870535582032468,-0.01029172697608331,0.002084189116889533,-0.007591153865333185,-6.239524067912445e-5,hourly_rate,Trade,Trade,1,Managerial
13,-0.0016068422025355498,-0.006345509440094933,0.004943652370181091,-0.00447536555383402,0.002281687426633025,hourly_rate,Trade,Trade,1,Managerial
14,0.005164408622981066,-0.0019142289089296074,0.01185425161760514,0.0007238113573892046,0.00931874897916372,hourly_rate,Trade,Trade,1,Managerial
15,-0.000155151363014566,-0.005363825575935763,0.005823013108154774,-0.003455745427706661,0.003302581792298987,hourly_rate,Trade,Trade,1,Managerial
16,-0.0030257505209383725,-0.010924260593829702,0.003965390837356095,-0.006939599074391494,0.0013641284027115382,hourly_rate,Trade,Trade,1,Managerial
17,-0.0027093077239179124,-0.00883247791793914,0.004141859001902582,-0.006719507649295527,0.0014685638035457208,hourly_rate,Trade,Trade,1,Managerial
18,-0.0003903787150717207,-0.005919581234879039,0.005061555111923936,-0.003778944615696237,0.0030155002240386383,hourly_rate,Trade,Trade,1,Managerial
19,-0.0021494309145381587,-0.008467798691098032,0.004150106821281053,-0.005896679448115391,0.0012625953329275133,hourly_rate,Trade,Trade,1,Managerial
20,0.001417156367543336,-0.0039883749866524935,0.007408224056881162,-0.0014148018936857452,0.004856813791293688,hourly_rate,Trade,Trade,1,Managerial
21,-0.0008600170828407836,-0.006233211123815236,0.004254628783303726,-0.003924067749567595,0.002454823447082449,hourly_rate,Trade,Trade,1,Managerial
22,-0.007321790945098699,-0.012968585269169481,-0.0025208977981465664,-0.01032714386632346,-0.004784757480401816,hourly_rate,Trade,Trade,1,Managerial
23,-0.008626915433369818,-0.013938435072304354,-0.004132179988344356,-0.012239099037842982,-0.006059214023484829,hourly_rate,Trade,Trade,1,Managerial
24,-0.0021661654348634155,-0.006396296307502558,0.003265484002920759,-0.004989884111145334,0.0009492824475104437,hourly_rate,Trade,Trade,1,Managerial
25,0.008069438698461998,0.0036324926286649415,0.014351221806487886,0.0050239571036872314,0.012044365158339194,hourly_rate,Trade,Trade,1,Managerial
26,-0.00864673387162343,-0.014392413425663438,-0.002511504857827979,-0.01196641344868148,-0.004484396061322666,hourly_rate,Trade,Trade,1,Managerial
27,-0.0066079356400954485,-0.010908729278360046,-0.0011665504026402828,-0.008679453841718244,-0.003432155077821057,hourly_rate,Trade,Trade,1,Managerial
28,0.0008859533238371482,-0.005036330045651541,0.005488931330014284,-0.0025461717452258063,0.0036720999229857415,hourly_rate,Trade,Trade,1,Managerial
29,-0.008124665236541836,-0.013690862367232753,-0.0025724485501190143,-0.011445083858794967,-0.004652658872379736,hourly_rate,Trade,Trade,1,Managerial
30,-0.0034390968380580886,-0.008655299143143036,0.0019163501771056793,-0.006320250974316502,-0.00013942567210088524,hourly_rate,Trade,Trade,1,Managerial
31,-0.009019215028564367,-0.016553159610947662,0.0013492412969761444,-0.012941112912732904,-0.0033666521231411105,hourly_rate,Trade,Trade,1,Managerial
32,-0.0017640818404342064,-0.007438624934784107,0.0031530258303577472,-0.0051669928890241,0.0008853255837066496,hourly_rate,Trade,Trade,1,Managerial
33,-0.0036245189946405693,-0.008296172957212859,0.0021967537887578764,-0.006744111124193458,-0.0002309322496373365,hourly_rate,Trade,Trade,1,Managerial
34,0.007389608229437095,-0.0009273802072288714,0.013062841697761797,0.0022809063804170313,0.010389079720283283,hourly_rate,Trade,Trade,1,Managerial
35,0.0022931624027275007,-0.002814328179024581,0.009529101711953796,-0.0010124714763369508,0.0067873352920463925,hourly_rate,Trade,Trade,1,Managerial
36,0.004730632224954283,0.0003964457024234211,0.00936680646038684,0.0022463149374311957,0.0077761716381759775,hourly_rate,Trade,Trade,1,Managerial
0,0.012516890319118993,0.0034483522588514177,0.021350698348911373,0.006936285623616599,0.017837787467233482,hourly_rate,Trade,Trade,2,Professional specialty
1,0.008262633026948811,-0.002509300091372015,0.01744560413351412,0.0024085580668066486,0.013498208115246442,hourly_rate,Trade,Trade,2,Professional specialty
2,-0.009310243909024046,-0.01948486470565705,0.0004316695221897107,-0.01556909414681921,-0.0035029723940947074,hourly_rate,Trade,Trade,2,Professional specialty
3,-0.007337159040163881,-0.01509388989221682,0.0014706994854799494,-0.01196215985641836,-0.0010844648860001815,hourly_rate,Trade,Trade,2,Professional specialty
4,-0.0020951912846356455,-0.011982782587382924,0.00848624629120008,-0.007539973477887946,0.0046389673197422855,hourly_rate,Trade,Trade,2,Professional specialty
5,0.0029210754737908373,-0.007900002633565169,0.01776281721010178,-0.004347208758287613,0.012172622994463683,hourly_rate,Trade,Trade,2,Professional specialty
6,0.009368803549547979,0.0007829164805114794,0.019285338421123142,0.0042204514546766315,0.016161124339728605,hourly_rate,Trade,Trade,2,Professional specialty
7,0.0043399813244282895,-0.007317324906022703,0.019405537855702988,-0.0029022097018358752,0.012151514737125144,hourly_rate,Trade,Trade,2,Professional specialty
8,-0.00989003647237635,-0.020821963343566674,-0.0011581420680853351,-0.016142741652110798,-0.004731183831184837,hourly_rate,Trade,Trade,2,Professional specialty
9,-0.014132029747989642,-0.02829892508372685,-0.003594834316370891,-0.02074561843413158,-0.007525861859979979,hourly_rate,Trade,Trade,2,Professional specialty
10,-0.015883312233695112,-0.02733124432654608,-0.003796576674618673,-0.022093638321944595,-0.008038746017480858,hourly_rate,Trade,Trade,2,Professional specialty
11,0.0032763199364280737,-0.0066134053961606765,0.013033285625692842,-0.0034126449891246904,0.009096512023557598,hourly_rate,Trade,Trade,2,Professional specialty
12,0.006650244827960083,-0.0020865032175451303,0.014591069251677361,0.0013859820079720362,0.011431920694320068,hourly_rate,Trade,Trade,2,Professional specialty
13,-0.00270314603712077,-0.01784397652187561,0.015093896369194214,-0.012760387331087976,0.008645641023381051,hourly_rate,Trade,Trade,2,Professional specialty
14,0.0002925250772384375,-0.010816197301114359,0.009813167739445886,-0.005942790248308174,0.0070179826782947215,hourly_rate,Trade,Trade,2,Professional specialty
15,-0.004450240467017272,-0.01790713838246905,0.006881334930305347,-0.012746721973328799,0.001201872800347956,hourly_rate,Trade,Trade,2,Professional specialty
16,-0.017659346053047222,-0.03008179329628919,-0.007231535646407425,-0.02471658173324772,-0.011668276941697309,hourly_rate,Trade,Trade,2,Professional specialty
17,-0.010222376491820503,-0.02208214930723907,-3.772489279333345e-5,-0.01700170494755086,-0.00309168494104552,hourly_rate,Trade,Trade,2,Professional specialty
18,0.00172889928660741,-0.008690842742748514,0.012243121835954074,-0.0050156496015362935,0.007200295465149527,hourly_rate,Trade,Trade,2,Professional specialty
19,0.0018389689910396196,-0.010230213309963964,0.012693328903996675,-0.004948158690929025,0.009071144335339279,hourly_rate,Trade,Trade,2,Professional specialty
20,-0.0035514048806912957,-0.014499048732221033,0.0064047253139828605,-0.009932864159491121,0.003075502106628183,hourly_rate,Trade,Trade,2,Professional specialty
21,0.008087785249410905,-0.0023999924139513143,0.01763590477927364,0.001751744478804683,0.014082614423448728,hourly_rate,Trade,Trade,2,Professional specialty
22,-0.004264042335126374,-0.012580121113875756,0.0038760444623757405,-0.009506445706596556,0.0011905850591712999,hourly_rate,Trade,Trade,2,Professional specialty
23,-0.003983569631700597,-0.014341654482326533,0.004997569664340418,-0.01022324391986015,0.002019692048418591,hourly_rate,Trade,Trade,2,Professional specialty
24,-0.004881619039756237,-0.012297335321124283,0.003383326698133649,-0.009748248147072432,-0.0003249159081463891,hourly_rate,Trade,Trade,2,Professional specialty
25,-0.0004619238440811079,-0.011808796754634154,0.009828752983049098,-0.007591943089620528,0.006448349965061327,hourly_rate,Trade,Trade,2,Professional specialty
26,-0.0017414749951745194,-0.010499783431365043,0.009259514596882495,-0.006180609315517796,0.005147931849031286,hourly_rate,Trade,Trade,2,Professional specialty
27,-0.005503540917265957,-0.014810839959205879,0.0031828840572426555,-0.010483947803166596,0.0002299126817174443,hourly_rate,Trade,Trade,2,Professional specialty
28,-0.00791383023999943,-0.021169589456409878,0.0005987214351076704,-0.015785179621143293,-0.002749060921952386,hourly_rate,Trade,Trade,2,Professional specialty
29,0.002974364964297982,-0.009051702592904925,0.01152869304366628,-0.005480820659016854,0.008342470769558578,hourly_rate,Trade,Trade,2,Professional specialty
30,-0.00668489242347972,-0.015536059236700872,0.0023395885955498456,-0.011793917896134976,-0.001154586989892274,hourly_rate,Trade,Trade,2,Professional specialty
31,0.004177714751878511,-0.0065689898730451795,0.012660687712336114,-0.0029409664378921346,0.009217772161806909,hourly_rate,Trade,Trade,2,Professional specialty
32,-0.014365569334213363,-0.022971259593959154,-0.002696997196170883,-0.019599667495636665,-0.007866094148838102,hourly_rate,Trade,Trade,2,Professional specialty
33,0.0037736083889599262,-0.00733019145688652,0.012903936093310527,-0.0029250999017003624,0.007921171292438963,hourly_rate,Trade,Trade,2,Professional specialty
34,-0.0037820803508498116,-0.011695131291338397,0.005288161943804026,-0.008862398472938467,0.0018405251571579372,hourly_rate,Trade,Trade,2,Professional specialty
35,0.0021943388841515624,-0.007753016814742966,0.012922265967764537,-0.003077444884092632,0.008510197434545837,hourly_rate,Trade,Trade,2,Professional specialty
36,-0.002477538019576037,-0.011716768360999249,0.0066730420139747264,-0.007754920265538966,0.0029715987824635716,hourly_rate,Trade,Trade,2,Professional specialty
0,0.04055788633047877,-0.29533940238464995,0.18377224377812268,-0.13363744930589216,0.1043146439318549,hourly_rate,Trade,Trade,3,High tech
1,0.03220370347330201,0.01911751201187276,0.0492452332357409,0.023569067868019027,0.04312026281284796,hourly_rate,Trade,Trade,3,High tech
2,2.418189216898748,2.362722256162536,2.4560741727993314,2.379085094782323,2.4383139176877036,hourly_rate,Trade,Trade,3,High tech
3,-0.10397939935045238,-0.11067952420650785,-0.09711171802386426,-0.10778239745221804,-0.09997688651392425,hourly_rate,Trade,Trade,3,High tech
4,-0.017440995711753414,-0.7739701043080195,0.5752039867140571,-0.3269849447288706,0.15210250980207463,hourly_rate,Trade,Trade,3,High tech
5,0.0524471257673463,0.04748722475492248,0.05644213071260723,0.0489328528038135,0.055363075126857585,hourly_rate,Trade,Trade,3,High tech
6,0.11700226301330957,-2.165239427864501,4.119678659585005,-1.8071049153732923,3.3395837903956056,hourly_rate,Trade,Trade,3,High tech
7,0.5074584260038455,0.48755370488459515,0.5407650797483654,0.49851227798417935,0.5311286907860666,hourly_rate,Trade,Trade,3,High tech
8,-0.19612094148580436,-0.33720658919783697,-0.05487811938151027,-0.310116028668743,-0.15474891736287785,hourly_rate,Trade,Trade,3,High tech
9,0.14962177726545858,0.14262240984013275,0.1593719941419645,0.14653568990115934,0.15665350097965489,hourly_rate,Trade,Trade,3,High tech
10,-0.19046495166866426,-0.19815209893438357,-0.18551223720370236,-0.19535397255305795,-0.18777410047508494,hourly_rate,Trade,Trade,3,High tech
11,-0.11212903836670153,-0.12775052339465745,-0.09540046283096944,-0.12090647807355859,-0.1019208042594702,hourly_rate,Trade,Trade,3,High tech
12,-0.026991216828700357,-0.4714318611892524,0.4301363427862326,-0.40312307784495277,0.006217691263607612,hourly_rate,Trade,Trade,3,High tech
13,-0.05325294788608517,-1.7156102655836212,1.2839075903714812,-1.3118292711133108,1.0779114727615522,hourly_rate,Trade,Trade,3,High tech
15,0.09246056108986929,-0.07801460401905584,0.19514304694140922,0.019051066847709394,0.09738364531306012,hourly_rate,Trade,Trade,3,High tech
16,0.41282753115397053,0.3960216955574661,0.43467799963125775,0.4044788239115829,0.4273722460471456,hourly_rate,Trade,Trade,3,High tech
19,0.015435186230857035,0.01141850149700908,0.018870379605216342,0.0127757851829244,0.017350429682410955,hourly_rate,Trade,Trade,3,High tech
23,-0.06874485368783344,-0.07193458164703648,-0.06617899395721079,-0.0704481342447792,-0.06713445262834866,hourly_rate,Trade,Trade,3,High tech
28,0.07983528605518848,0.07632115379729731,0.08352458965910071,0.07767812662100367,0.08179712890294472,hourly_rate,Trade,Trade,3,High tech
31,0.13056838288808137,0.1269182520854,0.13379431324518817,0.128250376155632,0.1322205232784086,hourly_rate,Trade,Trade,3,High tech
32,-0.09796633196470768,-0.10064923610368774,-0.09481003333469458,-0.09952756241600345,-0.09599648487345648,hourly_rate,Trade,Trade,3,High tech
0,-0.000125419627479605,-0.003302313715052259,0.003051100623060251,-0.0021125322930077256,0.0017478193431738592,hourly_rate,Trade,Trade,4,Sales
1,-0.0012571579161531035,-0.005243092657345931,0.0015869531854509583,-0.003988073170831824,0.0005594842030495026,hourly_rate,Trade,Trade,4,Sales
2,-0.0011566775968270136,-0.0051118911753833245,0.0017325035626654986,-0.0036963562093469756,0.00068468016190153,hourly_rate,Trade,Trade,4,Sales
3,-0.0008241432734094137,-0.0037427439669263157,0.0016386606925985852,-0.0027072111460835196,0.0007716265757491674,hourly_rate,Trade,Trade,4,Sales
4,-0.0012598877705345735,-0.004440200461643838,0.0018341765277265663,-0.002951748299439223,0.000575341455549278,hourly_rate,Trade,Trade,4,Sales
5,-0.0012232525213432923,-0.004998693113746415,0.0016794519676298586,-0.003552635030219951,0.0007593073986082637,hourly_rate,Trade,Trade,4,Sales
6,-0.002107234942475097,-0.005124140634547185,0.0014675679104595224,-0.004229287776876543,5.8353236492529256e-5,hourly_rate,Trade,Trade,4,Sales
7,0.0012080846300631055,-0.0018570179522146314,0.003898532090372101,-0.000810682244208765,0.00289888251331326,hourly_rate,Trade,Trade,4,Sales
8,-0.004798204750189549,-0.007693565450394999,-0.0016832581060020604,-0.006669550278750347,-0.0029828982229468037,hourly_rate,Trade,Trade,4,Sales
9,-0.00712379462899689,-0.009788376445025579,-0.00412492942994744,-0.008705278555661677,-0.005365752475761271,hourly_rate,Trade,Trade,4,Sales
10,-0.0021494495892769223,-0.006182247675427927,0.0007322344975218948,-0.004600384687151578,-0.0006212122508443647,hourly_rate,Trade,Trade,4,Sales
11,-0.0034032440254616585,-0.005640842413263718,-0.0008663910857721266,-0.004781102643889613,-0.001417515760072317,hourly_rate,Trade,Trade,4,Sales
12,-0.004985165943376833,-0.007919292744304259,-0.002182097866237631,-0.006629953917100376,-0.003328148806064745,hourly_rate,Trade,Trade,4,Sales
13,-0.003976531751285964,-0.00712431378270101,-0.0006472497572788784,-0.005770497642989449,-0.0016870463250475863,hourly_rate,Trade,Trade,4,Sales
14,-0.0028926933230757016,-0.005633049905815966,0.00036416330105738456,-0.004621675089055432,-0.0009013718417222095,hourly_rate,Trade,Trade,4,Sales
15,-0.005121060790224442,-0.008013900004249654,-0.0013097716992528739,-0.006860365514605098,-0.002950415995586881,hourly_rate,Trade,Trade,4,Sales
16,-0.0011036598248366412,-0.0043771021621755,0.002158100883107413,-0.003068229157728996,0.0012311097230918782,hourly_rate,Trade,Trade,4,Sales
17,-0.0028275629808131877,-0.0056084370501431405,0.00031444717482589533,-0.0044994797437306056,-0.0010576517706926537,hourly_rate,Trade,Trade,4,Sales
18,0.0016347561199784389,-0.0008210948208516138,0.004829747611527406,5.439886284994903e-5,0.0037490858406325138,hourly_rate,Trade,Trade,4,Sales
19,0.0006685244997428341,-0.003548701921064377,0.00487738449049286,-0.0016979328937685623,0.0033295862183470005,hourly_rate,Trade,Trade,4,Sales
20,0.0009471383858671232,-0.0021049761761040633,0.004052133397704844,-0.0008844957254837133,0.0028221515643546964,hourly_rate,Trade,Trade,4,Sales
21,-0.0026730433417286666,-0.005958113884590843,0.0016101122591520045,-0.004509407794298434,-0.0002516082758366989,hourly_rate,Trade,Trade,4,Sales
22,-0.006372459324063171,-0.010932865920322866,-0.002480528200980101,-0.009280901482431247,-0.004389583882075311,hourly_rate,Trade,Trade,4,Sales
23,-0.007440501756220097,-0.01124493681718238,-0.0036150883067827115,-0.009720007225019396,-0.005334301104574089,hourly_rate,Trade,Trade,4,Sales
24,0.0002053704371038472,-0.0035153320047626446,0.004561317546707011,-0.0020004420744488497,0.0030108757943251067,hourly_rate,Trade,Trade,4,Sales
25,-0.0023537824388524414,-0.005922630652678219,0.0006302160059824245,-0.004620853378030289,-0.0004043315670647146,hourly_rate,Trade,Trade,4,Sales
26,-0.0034057807489238233,-0.007775863905445083,0.00031939072106034047,-0.006061961143864198,-0.0011515966195036493,hourly_rate,Trade,Trade,4,Sales
27,-0.0041474432425007745,-0.007121933158540734,-0.00027270272339681824,-0.005753251495519466,-0.0017829935254954064,hourly_rate,Trade,Trade,4,Sales
28,-0.001585650961267342,-0.005442546398840141,0.002005101926830145,-0.004261238041170406,0.0004926841519665088,hourly_rate,Trade,Trade,4,Sales
29,-0.005749941467771538,-0.009747350467778589,-0.002056144989721842,-0.008182274075511317,-0.0037117867775801907,hourly_rate,Trade,Trade,4,Sales
30,-0.007229054178152329,-0.010644454619529667,-0.0030995977668289987,-0.00922245636963951,-0.004913218826031428,hourly_rate,Trade,Trade,4,Sales
31,-0.008224675891080096,-0.011663473312078884,-0.004365563034408463,-0.0099397773081115,-0.005791656152975191,hourly_rate,Trade,Trade,4,Sales
32,-0.004094421591269931,-0.008736922426921104,0.0003503472392746383,-0.006807081046388425,-0.0018195046606674097,hourly_rate,Trade,Trade,4,Sales
33,-0.002633730492987716,-0.006816559048251718,0.0025197020301407744,-0.005085137171098884,0.00036801693836257653,hourly_rate,Trade,Trade,4,Sales
34,-0.0069641167963702035,-0.011285226525958609,-0.003059086623896881,-0.009516125953496608,-0.004615020536033357,hourly_rate,Trade,Trade,4,Sales
35,-0.00235683749998451,-0.005490839968244572,0.0005874684462108815,-0.004421586333062177,-0.0005778796945543623,hourly_rate,Trade,Trade,4,Sales
36,-0.0014329059948954069,-0.005261200729152307,0.0022357463500755695,-0.003294093107340007,0.0009676196198833489,hourly_rate,Trade,Trade,4,Sales
0,0.0005119837824264686,-0.0033429084371208737,0.004873910954095446,-0.0019043679500151667,0.002967514166072613,hourly_rate,Trade,Trade,5,Administrative support
1,-0.003975850049322105,-0.008282926956948905,-0.00010150062188633282,-0.006621583152586454,-0.001705113742743881,hourly_rate,Trade,Trade,5,Administrative support
2,0.0019685893418690346,-0.00321857861384966,0.00663189701872079,-0.0015710091657323575,0.004199229049945696,hourly_rate,Trade,Trade,5,Administrative support
3,0.0003928899405453199,-0.00361646991877852,0.004287398296558556,-0.0019457609762081616,0.0026529604591416533,hourly_rate,Trade,Trade,5,Administrative support
4,0.00043073796417061715,-0.003445975418603917,0.007548599637622905,-0.0021386732921817577,0.004225808290260488,hourly_rate,Trade,Trade,5,Administrative support
5,-0.002699583129918701,-0.006144219482402787,0.0015318215478535464,-0.004766998688753843,-0.00015942324373048123,hourly_rate,Trade,Trade,5,Administrative support
6,-0.0017851927716446214,-0.0080287414909661,0.004915797072856427,-0.005471687415895333,0.00194428841683725,hourly_rate,Trade,Trade,5,Administrative support
7,0.0028050036547031853,-0.0024815525020493506,0.007949998564379298,-0.0001554067567381954,0.0059898446707366305,hourly_rate,Trade,Trade,5,Administrative support
8,-0.00037235549561726267,-0.005457680400439142,0.004394502863185459,-0.0033557867257469833,0.0030431022154172285,hourly_rate,Trade,Trade,5,Administrative support
9,0.0033728385571964244,-0.0007393096499556042,0.008010185981112104,0.001346058288707814,0.006564761439315968,hourly_rate,Trade,Trade,5,Administrative support
10,-0.0006937652420539976,-0.005159799210926909,0.004523577902832499,-0.003259337370328576,0.0023011392930485427,hourly_rate,Trade,Trade,5,Administrative support
11,-0.0011006412504111227,-0.005844874570446762,0.0037621335588277367,-0.0038339256185871747,0.0017395304490734529,hourly_rate,Trade,Trade,5,Administrative support
12,0.0016969367527827964,-0.002353982000252038,0.006280498131209134,-0.0007606622833537067,0.004743335854967119,hourly_rate,Trade,Trade,5,Administrative support
13,0.0026859368491262007,-0.00219433519476244,0.007979051772087693,-0.0002566728708589417,0.005879247882952389,hourly_rate,Trade,Trade,5,Administrative support
14,-0.0008723106001933779,-0.005296497734058422,0.0038329372637005282,-0.0033677671384104496,0.002036170160005844,hourly_rate,Trade,Trade,5,Administrative support
15,-0.001951423252575635,-0.00720896013248916,0.002134221349517759,-0.0047709470419894364,0.00042676819232744206,hourly_rate,Trade,Trade,5,Administrative support
16,0.00091866067405121,-0.003507915385885698,0.004580765665460686,-0.0009503381469198077,0.0035668347276282576,hourly_rate,Trade,Trade,5,Administrative support
17,-0.00200401752730542,-0.005583013327799091,0.0022619657787846447,-0.004190320249895104,0.00036789003368906765,hourly_rate,Trade,Trade,5,Administrative support
18,0.006763804936548662,0.001967470794055827,0.010447346822125267,0.00399770867055784,0.009538950100739244,hourly_rate,Trade,Trade,5,Administrative support
19,0.002532467685868133,-0.0010905175021842664,0.006602245761259639,0.00048783660988802784,0.005031291075946079,hourly_rate,Trade,Trade,5,Administrative support
20,-0.005628854921082851,-0.010997956015928803,-0.0005511330103426517,-0.008689880802141782,-0.0024062691486082884,hourly_rate,Trade,Trade,5,Administrative support
21,0.001413149138881562,-0.0032243113323104666,0.006642896111128159,-0.001695963974402337,0.004858092368330732,hourly_rate,Trade,Trade,5,Administrative support
22,-0.005351836491882651,-0.009620732077999681,0.0004002483667971757,-0.008034367049984167,-0.0019853516130133165,hourly_rate,Trade,Trade,5,Administrative support
23,-0.002975700919591653,-0.00734255100351114,0.0017370560463968658,-0.005598199893787311,-7.829622964499686e-5,hourly_rate,Trade,Trade,5,Administrative support
24,0.0047852253068217466,0.0003332797030983804,0.009245934277686265,0.0022588208511503784,0.00734661373664257,hourly_rate,Trade,Trade,5,Administrative support
25,0.004031246489616844,-0.0008899880267753671,0.009347534492906928,0.0008894390521430704,0.0078361703622198,hourly_rate,Trade,Trade,5,Administrative support
26,-0.0025974322142907017,-0.00705498497394709,0.0035274305698557292,-0.00539293428703147,0.001338816715084199,hourly_rate,Trade,Trade,5,Administrative support
27,0.0006998498867670403,-0.002363360482089226,0.005127368508977099,-0.0013932063101050108,0.0034919767930103878,hourly_rate,Trade,Trade,5,Administrative support
28,0.0016635893243695883,-0.003204470818130035,0.006318592006392092,-0.0016486997070570394,0.004305017134694031,hourly_rate,Trade,Trade,5,Administrative support
29,-0.000124701759228698,-0.004690312617829479,0.004077535721693965,-0.002614551063451976,0.0025567518870164736,hourly_rate,Trade,Trade,5,Administrative support
30,-0.0018315745789885456,-0.005170850189301872,0.0031801958828168962,-0.003520401817748167,0.0010015100304519456,hourly_rate,Trade,Trade,5,Administrative support
31,0.00015597458023073143,-0.0038992485056233255,0.005696002527258138,-0.0022485909253151188,0.003733673101251783,hourly_rate,Trade,Trade,5,Administrative support
32,-0.0023630779466254402,-0.006745304240167167,0.0025962892081737464,-0.005083887635024033,0.0008347438114573833,hourly_rate,Trade,Trade,5,Administrative support
33,-0.0016469407182564712,-0.005608255594913783,0.0023336770418685955,-0.004057629450685035,0.0005633016984279201,hourly_rate,Trade,Trade,5,Administrative support
34,-0.0025804464542777588,-0.006670799886638341,0.0030843303344473254,-0.004722465684070781,0.001214841145371159,hourly_rate,Trade,Trade,5,Administrative support
35,-0.0018535057323678073,-0.0057752805367988005,0.0028383358343680217,-0.004259989286779102,0.001143099285694087,hourly_rate,Trade,Trade,5,Administrative support
36,-0.0027619341217037644,-0.00761815056787518,0.0017388042445774725,-0.005170097544040242,0.00012129664221548295,hourly_rate,Trade,Trade,5,Administrative support
0,0.005050506610768567,0.001547422152804766,0.008734270689556635,0.00322940273123738,0.00699622873404993,hourly_rate,Trade,Trade,6,Service
1,-0.004255850195817688,-0.008545003713644053,-0.0007696740483602396,-0.007172907063725314,-0.0017678649334937828,hourly_rate,Trade,Trade,6,Service
2,-0.0036439163083876657,-0.006917164629182232,-0.0003838638028762125,-0.005659514311362255,-0.0015884805934179196,hourly_rate,Trade,Trade,6,Service
3,0.0010892573546924936,-0.0024407084561753837,0.004989006100014269,-0.0011181005965748556,0.003423774882824588,hourly_rate,Trade,Trade,6,Service
4,-0.0002631451224434864,-0.0036731138183722645,0.0030697895704171444,-0.0024458537618224684,0.001963586955932662,hourly_rate,Trade,Trade,6,Service
5,-0.004426324498173178,-0.007901653780725524,-0.00044513123954407607,-0.006530820187435988,-0.002565064378820469,hourly_rate,Trade,Trade,6,Service
6,-0.002219236825732644,-0.005682282032849601,0.0019154499262062693,-0.004454023571104715,0.00012289024817778308,hourly_rate,Trade,Trade,6,Service
7,0.007883719415174462,0.0033969441841247864,0.01226681433535717,0.005410978398543161,0.010676767173559979,hourly_rate,Trade,Trade,6,Service
8,0.0005300437006105188,-0.003343615322072051,0.004142957425867727,-0.0015986371541780466,0.0031137486283741235,hourly_rate,Trade,Trade,6,Service
9,0.000707215464547534,-0.003198615962621714,0.005017050883087213,-0.001922273687469792,0.0032583221066245054,hourly_rate,Trade,Trade,6,Service
10,-0.002503519679459418,-0.005541713065831696,0.0006729121623317556,-0.004478737165168315,-0.0004568369339613297,hourly_rate,Trade,Trade,6,Service
11,0.002427580085332694,-0.0015324072557207752,0.006565233408745388,0.00011368324280344733,0.00453012608468923,hourly_rate,Trade,Trade,6,Service
12,-0.0007433333702238132,-0.004464708418893929,0.003466474378151236,-0.003115444565289886,0.001340310095175773,hourly_rate,Trade,Trade,6,Service
13,-0.002837169141084822,-0.007295350374166076,0.0009716959221294954,-0.00565172423284179,-0.0005754003758789879,hourly_rate,Trade,Trade,6,Service
14,-0.004104862772228888,-0.007269992054148017,-0.00012668487047893823,-0.006141408621177307,-0.001814597106317299,hourly_rate,Trade,Trade,6,Service
15,0.0017692785528626972,-0.002637381302992418,0.006455807274458993,-0.0010531129639199165,0.004182362029123059,hourly_rate,Trade,Trade,6,Service
16,0.000886841250572871,-0.0034857209402057035,0.006334704347713062,-0.001950360992366732,0.00463521259417075,hourly_rate,Trade,Trade,6,Service
17,-0.0015284165655195584,-0.005265154741160164,0.0028255437077443603,-0.0035590595990934344,0.001242522531590911,hourly_rate,Trade,Trade,6,Service
18,-0.0010228198213314988,-0.004605937747998863,0.0024229310792437584,-0.003039968199023345,0.0012579653270258034,hourly_rate,Trade,Trade,6,Service
19,0.001408651293713454,-0.003048726326456741,0.0056790587893502525,-0.0013546705563931552,0.003979344439640823,hourly_rate,Trade,Trade,6,Service
20,-0.005023735954799958,-0.007933736593593834,-0.0019652164082752306,-0.006845884175444628,-0.0030881949075756408,hourly_rate,Trade,Trade,6,Service
21,-0.002155969336776515,-0.006192425475399985,0.0019369400067906013,-0.004452915652376856,0.0006869978580449567,hourly_rate,Trade,Trade,6,Service
22,-0.0037018943409834765,-0.007446557545451097,0.0006144270802643957,-0.006052105403201996,-0.0007774785368635613,hourly_rate,Trade,Trade,6,Service
23,-0.0034967088065447865,-0.0075777416120679855,0.00013316848718518664,-0.0061955210775532475,-0.0011331699051808177,hourly_rate,Trade,Trade,6,Service
24,-0.00023937197135805068,-0.003264386442801461,0.0032714120636567288,-0.0020908535636829343,0.002068833519545477,hourly_rate,Trade,Trade,6,Service
25,-0.005029037107775589,-0.008466677296114517,-0.0006362702975391448,-0.006859972230995464,-0.002229190095124226,hourly_rate,Trade,Trade,6,Service
26,-0.0037505675770010075,-0.006601540698398358,-0.0004775233808897933,-0.0053641022091634434,-0.0014056387818051773,hourly_rate,Trade,Trade,6,Service
27,-0.0039379229647639544,-0.00804392926406269,0.0008714481566202588,-0.006611579417997159,-0.0010903008687915229,hourly_rate,Trade,Trade,6,Service
28,0.0004768906031681822,-0.0028654938622902706,0.00501544317583811,-0.001549625980214438,0.0032830168957688442,hourly_rate,Trade,Trade,6,Service
29,0.00016976598075833227,-0.004556581502476923,0.0036107517682221367,-0.0023459230334224933,0.002085256705470786,hourly_rate,Trade,Trade,6,Service
30,-7.014968657571563e-5,-0.0038806795964448355,0.003122155025759429,-0.0025619893171754953,0.0018849132699290487,hourly_rate,Trade,Trade,6,Service
31,0.00014944569551783636,-0.004334721828235409,0.003722302858331813,-0.002456333479116334,0.002562319186192839,hourly_rate,Trade,Trade,6,Service
32,-0.0037722318700744322,-0.007888017074606112,0.00024984604263299974,-0.0058150887892038615,-0.0011198320924952895,hourly_rate,Trade,Trade,6,Service
33,0.0016200021968784863,-0.0014467401763860045,0.0057286134427471675,-0.0003105870145295169,0.004218058943800577,hourly_rate,Trade,Trade,6,Service
34,-0.005384122470422357,-0.009567692597436584,-0.001341478609155372,-0.007864729436316577,-0.0032498491209947676,hourly_rate,Trade,Trade,6,Service
35,-0.006113069396998688,-0.00965714464475775,-0.0024266556523185718,-0.00836158549826535,-0.003913940337881724,hourly_rate,Trade,Trade,6,Service
36,-0.006704277502919972,-0.01052843274678191,-0.0034831346183794402,-0.008943959048220358,-0.004808660222495362,hourly_rate,Trade,Trade,6,Service
0,NaN,NaN,NaN,NaN,NaN,hourly_rate,Trade,Trade,7,Farming/forestry/construction
1,NaN,NaN,NaN,NaN,NaN,hourly_rate,Trade,Trade,7,Farming/forestry/construction
2,NaN,NaN,NaN,NaN,NaN,hourly_rate,Trade,Trade,7,Farming/forestry/construction
3,NaN,NaN,NaN,NaN,NaN,hourly_rate,Trade,Trade,7,Farming/forestry/construction
4,NaN,NaN,NaN,NaN,NaN,hourly_rate,Trade,Trade,7,Farming/forestry/construction
5,NaN,NaN,NaN,NaN,NaN,hourly_rate,Trade,Trade,7,Farming/forestry/construction
6,NaN,NaN,NaN,NaN,NaN,hourly_rate,Trade,Trade,7,Farming/forestry/construction
7,NaN,NaN,NaN,NaN,NaN,hourly_rate,Trade,Trade,7,Farming/forestry/construction
8,NaN,NaN,NaN,NaN,NaN,hourly_rate,Trade,Trade,7,Farming/forestry/construction
9,NaN,NaN,NaN,NaN,NaN,hourly_rate,Trade,Trade,7,Farming/forestry/construction
10,NaN,NaN,NaN,NaN,NaN,hourly_rate,Trade,Trade,7,Farming/forestry/construction
11,NaN,NaN,NaN,NaN,NaN,hourly_rate,Trade,Trade,7,Farming/forestry/construction
12,NaN,NaN,NaN,NaN,NaN,hourly_rate,Trade,Trade,7,Farming/forestry/construction
13,NaN,NaN,NaN,NaN,NaN,hourly_rate,Trade,Trade,7,Farming/forestry/construction
14,NaN,NaN,NaN,NaN,NaN,hourly_rate,Trade,Trade,7,Farming/forestry/construction
15,NaN,NaN,NaN,NaN,NaN,hourly_rate,Trade,Trade,7,Farming/forestry/construction
16,NaN,NaN,NaN,NaN,NaN,hourly_rate,Trade,Trade,7,Farming/forestry/construction
17,NaN,NaN,NaN,NaN,NaN,hourly_rate,Trade,Trade,7,Farming/forestry/construction
18,NaN,NaN,NaN,NaN,NaN,hourly_rate,Trade,Trade,7,Farming/forestry/construction
19,NaN,NaN,NaN,NaN,NaN,hourly_rate,Trade,Trade,7,Farming/forestry/construction
20,NaN,NaN,NaN,NaN,NaN,hourly_rate,Trade,Trade,7,Farming/forestry/construction
21,NaN,NaN,NaN,NaN,NaN,hourly_rate,Trade,Trade,7,Farming/forestry/construction
22,NaN,NaN,NaN,NaN,NaN,hourly_rate,Trade,Trade,7,Farming/forestry/construction
23,NaN,NaN,NaN,NaN,NaN,hourly_rate,Trade,Trade,7,Farming/forestry/construction
24,NaN,NaN,NaN,NaN,NaN,hourly_rate,Trade,Trade,7,Farming/forestry/construction
25,NaN,NaN,NaN,NaN,NaN,hourly_rate,Trade,Trade,7,Farming/forestry/construction
26,NaN,NaN,NaN,NaN,NaN,hourly_rate,Trade,Trade,7,Farming/forestry/construction
27,NaN,NaN,NaN,NaN,NaN,hourly_rate,Trade,Trade,7,Farming/forestry/construction
28,NaN,NaN,NaN,NaN,NaN,hourly_rate,Trade,Trade,7,Farming/forestry/construction
29,NaN,NaN,NaN,NaN,NaN,hourly_rate,Trade,Trade,7,Farming/forestry/construction
30,NaN,NaN,NaN,NaN,NaN,hourly_rate,Trade,Trade,7,Farming/forestry/construction
31,NaN,NaN,NaN,NaN,NaN,hourly_rate,Trade,Trade,7,Farming/forestry/construction
32,NaN,NaN,NaN,NaN,NaN,hourly_rate,Trade,Trade,7,Farming/forestry/construction
33,NaN,NaN,NaN,NaN,NaN,hourly_rate,Trade,Trade,7,Farming/forestry/construction
34,NaN,NaN,NaN,NaN,NaN,hourly_rate,Trade,Trade,7,Farming/forestry/construction
35,NaN,NaN,NaN,NaN,NaN,hourly_rate,Trade,Trade,7,Farming/forestry/construction
36,NaN,NaN,NaN,NaN,NaN,hourly_rate,Trade,Trade,7,Farming/forestry/construction
0,0.0051837779554168755,-1.7793694741454792e-5,0.011116526940123196,0.001457121300231825,0.0087392104327116,hourly_rate,Trade,Trade,8,Precision production/repair
1,-0.00453951023019371,-0.012953302005215632,0.00189867763199164,-0.009917327325822838,-0.0004801933287017536,hourly_rate,Trade,Trade,8,Precision production/repair
2,0.0003559175749425774,-0.004890334528790842,0.00558683667456522,-0.0025254619415925766,0.0038678720262760886,hourly_rate,Trade,Trade,8,Precision production/repair
3,-0.004982736613148815,-0.010365773812358106,-7.336561113884844e-5,-0.008335592909804108,-0.002317156672415207,hourly_rate,Trade,Trade,8,Precision production/repair
4,-0.005648640580589405,-0.010758061655751827,-7.835323041328803e-5,-0.008311401411482934,-0.0023078637276074377,hourly_rate,Trade,Trade,8,Precision production/repair
5,-0.002910716568863458,-0.009377673973502618,0.003303586933845387,-0.006749122751496578,0.00023092918715546772,hourly_rate,Trade,Trade,8,Precision production/repair
6,-0.0015956688368457548,-0.006650981150061544,0.003906410146073485,-0.0050048624010944785,0.0013168169777813773,hourly_rate,Trade,Trade,8,Precision production/repair
7,-0.0022899602688271304,-0.008435987755530852,0.0039214652072113105,-0.005710941846007818,0.0018164503697457764,hourly_rate,Trade,Trade,8,Precision production/repair
8,-0.007041565177322393,-0.012380846472966243,-0.0026736554309812217,-0.010092762589780497,-0.004576505233394984,hourly_rate,Trade,Trade,8,Precision production/repair
9,-0.0072531998415575945,-0.013652315337602779,-0.0008433489370711835,-0.01068784645655993,-0.0029232349094175884,hourly_rate,Trade,Trade,8,Precision production/repair
10,-0.007254301402221559,-0.013776675954773172,-0.0019892696864651374,-0.011073923181419955,-0.004520390223579404,hourly_rate,Trade,Trade,8,Precision production/repair
11,-0.009228592875911466,-0.014109412320938701,-0.004371448159910481,-0.011982615520985907,-0.0065799817014914695,hourly_rate,Trade,Trade,8,Precision production/repair
12,-0.0006459132204679218,-0.006423482092423901,0.004448099058482957,-0.0038186438825886368,0.0027026187672435226,hourly_rate,Trade,Trade,8,Precision production/repair
13,-0.012746067503173671,-0.018210187497635307,-0.006678022074425252,-0.016246020903917267,-0.009096964118678693,hourly_rate,Trade,Trade,8,Precision production/repair
14,-0.0011477945586200783,-0.00928700229381712,0.00416565848023958,-0.005820355671088977,0.002292614455694629,hourly_rate,Trade,Trade,8,Precision production/repair
15,0.002491360711941651,-0.0027807469200853145,0.007507407573349927,-0.0008458773919335139,0.005467248069066868,hourly_rate,Trade,Trade,8,Precision production/repair
16,-0.0063257581050092234,-0.012189386696791253,-0.001247930618765979,-0.009944067197017079,-0.0031286425331218232,hourly_rate,Trade,Trade,8,Precision production/repair
17,-0.009029596222990693,-0.0151825904184172,-0.0037067855253604017,-0.012574001923506512,-0.005232353505369552,hourly_rate,Trade,Trade,8,Precision production/repair
18,-0.0017376817071510676,-0.00749056939768848,0.003026743093807617,-0.004642962061299464,0.0006349376546820175,hourly_rate,Trade,Trade,8,Precision production/repair
19,-0.009917077743249353,-0.015834950979459007,-0.0026283960320481513,-0.01325041445015133,-0.006147724649008196,hourly_rate,Trade,Trade,8,Precision production/repair
20,0.0066177198472339265,-0.0004547726309715276,0.012696560055713305,0.002578734786638964,0.009916502874916638,hourly_rate,Trade,Trade,8,Precision production/repair
21,-0.007894018681543243,-0.01342015967825097,-0.0031056917954527304,-0.011550407029049857,-0.004992550833786854,hourly_rate,Trade,Trade,8,Precision production/repair
22,-0.006949855666825282,-0.01331268446142085,-0.0009506816299957475,-0.01072079935669663,-0.0034635861989279725,hourly_rate,Trade,Trade,8,Precision production/repair
23,-0.010737251030839971,-0.016078972731016133,-0.005059404451296137,-0.013821787387676665,-0.007206378395278368,hourly_rate,Trade,Trade,8,Precision production/repair
24,-0.003227309939555761,-0.009623562099853081,0.002474427694172571,-0.0072884133509470705,-0.00027313583075581904,hourly_rate,Trade,Trade,8,Precision production/repair
25,-0.006247588575198435,-0.012016547061559054,-0.0018675143520892647,-0.010370186067550403,-0.003602801784519036,hourly_rate,Trade,Trade,8,Precision production/repair
26,-0.007859763073594195,-0.01376574544516124,-0.002456517567039627,-0.01102843149844999,-0.004541796264645467,hourly_rate,Trade,Trade,8,Precision production/repair
27,-0.011745334022313142,-0.019605347980610754,-0.003999951874776788,-0.016542609127751566,-0.007736667783525892,hourly_rate,Trade,Trade,8,Precision production/repair
28,-0.008550098848060036,-0.015266144933192283,-0.0026389439650754314,-0.01334809983777434,-0.004918016169921337,hourly_rate,Trade,Trade,8,Precision production/repair
29,-0.0023304449660254364,-0.008802797958457956,0.004766303169156733,-0.006612020193541145,0.0019262166815409427,hourly_rate,Trade,Trade,8,Precision production/repair
30,0.0024332372728407313,-0.004449126805653248,0.009612250361737996,-0.00238043421997154,0.006117889792091647,hourly_rate,Trade,Trade,8,Precision production/repair
31,-0.0026113791900343533,-0.009072181530805192,0.004639888269666109,-0.007026950290568226,0.0016496837416269403,hourly_rate,Trade,Trade,8,Precision production/repair
32,-0.0061842940283288695,-0.01196839718507523,-0.0006039132209635922,-0.009624112783338065,-0.003430923075005772,hourly_rate,Trade,Trade,8,Precision production/repair
33,-0.005358619210570858,-0.013023720832608804,0.0012685606824279225,-0.009971390190743175,-0.0013563472438343329,hourly_rate,Trade,Trade,8,Precision production/repair
34,-0.008038505320431967,-0.014875514782064014,-0.0013815201763857452,-0.011778970127878995,-0.004228211984045275,hourly_rate,Trade,Trade,8,Precision production/repair
35,0.0024544982992812914,-0.0022683606789318856,0.0073289718072836775,-0.0004295623719847985,0.005367664795514585,hourly_rate,Trade,Trade,8,Precision production/repair
36,-0.006672817114630366,-0.012264650499398167,7.740425193627533e-5,-0.01017987654206241,-0.002578328208709203,hourly_rate,Trade,Trade,8,Precision production/repair
0,0.001814495041502478,-0.001994873443206399,0.005769360128758287,-0.0005878181495078524,0.004225716961032518,hourly_rate,Trade,Trade,9,Machine operators/transport
1,-0.0031427620484233234,-0.006948012947636755,6.364974897682353e-5,-0.0053121036160265304,-0.0011278981121635116,hourly_rate,Trade,Trade,9,Machine operators/transport
2,0.0030494598122498134,-0.0032760193435908934,0.008482787445016718,-0.001202959584849438,0.006696279836285467,hourly_rate,Trade,Trade,9,Machine operators/transport
3,0.0025283485650023415,-0.004068497304603326,0.008766412356706067,-0.0013353149474944728,0.006652158532163858,hourly_rate,Trade,Trade,9,Machine operators/transport
4,0.0022747564040994325,-0.003173668286188969,0.007449064224025179,-0.0011075148087556367,0.005233901118063981,hourly_rate,Trade,Trade,9,Machine operators/transport
5,0.004965388244114517,-0.0015753740599290583,0.0097031555185066,0.0011500532043127848,0.00809223114103354,hourly_rate,Trade,Trade,9,Machine operators/transport
6,0.0022075233450680877,-0.0027796764529348116,0.006720887320951606,-0.0005709504192476763,0.005091035286292101,hourly_rate,Trade,Trade,9,Machine operators/transport
7,0.002553388001499768,-0.000965675093393899,0.007275206166607611,0.00038441174332719263,0.005166797246612886,hourly_rate,Trade,Trade,9,Machine operators/transport
8,0.0031358177640121387,-0.001594092447379332,0.008835709482506705,0.0004426278276391817,0.006267303092709245,hourly_rate,Trade,Trade,9,Machine operators/transport
9,0.0030175657194285496,-0.0020167338478577403,0.008225106422331225,0.0004329786787222994,0.0063654509691184035,hourly_rate,Trade,Trade,9,Machine operators/transport
10,0.0005535363816744592,-0.004594751049369492,0.0052490360477557485,-0.002252342257863585,0.0033353899040249485,hourly_rate,Trade,Trade,9,Machine operators/transport
11,-0.004632455492701071,-0.009183643940875737,-0.00021602935258157544,-0.0075778348491934095,-0.002365097350045412,hourly_rate,Trade,Trade,9,Machine operators/transport
12,-0.00370154266370841,-0.008007810912006624,0.0005372800962479907,-0.006128698427005892,-0.0012748587994540947,hourly_rate,Trade,Trade,9,Machine operators/transport
13,0.0011360320553999096,-0.0023509100623321805,0.004206457448296087,-0.0008670421612205386,0.0032370521514784225,hourly_rate,Trade,Trade,9,Machine operators/transport
14,-0.000502181464473495,-0.00409290615531642,0.0036080069866853658,-0.0027329640827806357,0.0017434984214390783,hourly_rate,Trade,Trade,9,Machine operators/transport
15,0.0037207834187724703,2.0586911784069642e-5,0.007423367609826377,0.0015255766706545946,0.006240338886658537,hourly_rate,Trade,Trade,9,Machine operators/transport
16,-0.0009311571204726874,-0.004142784777161616,0.004128808843349503,-0.0032259479587016175,0.0018760636885212425,hourly_rate,Trade,Trade,9,Machine operators/transport
17,-0.00034778513822331835,-0.004776855952245578,0.004313456775610366,-0.0031509600920663415,0.00247645618023988,hourly_rate,Trade,Trade,9,Machine operators/transport
18,0.0021220016755823094,-0.00199244859598488,0.0061077952188412065,-9.549917941638168e-5,0.004444699244435728,hourly_rate,Trade,Trade,9,Machine operators/transport
19,9.573957656465847e-5,-0.004118710003511488,0.004025806243252661,-0.0022046468384581807,0.0026566354964762907,hourly_rate,Trade,Trade,9,Machine operators/transport
20,-0.005544156824649784,-0.010728210771116789,-0.0012270118901564512,-0.008450064568299307,-0.002475367739575404,hourly_rate,Trade,Trade,9,Machine operators/transport
21,-0.00690167764224154,-0.011502805151247911,-0.0020333818111686287,-0.009131649779475979,-0.004355748520887863,hourly_rate,Trade,Trade,9,Machine operators/transport
22,-0.00440544061320198,-0.008722519003147359,0.0006513347443353069,-0.0070802090825214,-0.0011037721040664437,hourly_rate,Trade,Trade,9,Machine operators/transport
23,-0.0029873826582926012,-0.006878815286858374,0.0010034449718185501,-0.00577610730066835,-0.00044779559068436336,hourly_rate,Trade,Trade,9,Machine operators/transport
24,0.006610545538020975,0.00214323280619896,0.011476760680749772,0.0041441063231834555,0.009089865495433135,hourly_rate,Trade,Trade,9,Machine operators/transport
25,-0.005314869293250754,-0.008848845900977401,-9.177536691231964e-5,-0.007186853745711214,-0.0015999764260749452,hourly_rate,Trade,Trade,9,Machine operators/transport
26,-0.006586658766023225,-0.010230669452764697,-0.0035918609326385203,-0.008506387024173556,-0.004696852293499022,hourly_rate,Trade,Trade,9,Machine operators/transport
27,-0.0003916293490609923,-0.004916887867510115,0.004308255538605485,-0.003201193208861866,0.002685327597351448,hourly_rate,Trade,Trade,9,Machine operators/transport
28,0.00031246701685629287,-0.0047293644101661534,0.005375327150173047,-0.0028158719539629687,0.0034447484078769693,hourly_rate,Trade,Trade,9,Machine operators/transport
29,0.00022300868917356727,-0.004172950176217368,0.004282690977557393,-0.0022016502354550603,0.0025839910741184005,hourly_rate,Trade,Trade,9,Machine operators/transport
30,0.002153141515348615,-0.0012340275891474122,0.0056506049359979875,0.00015237656105193112,0.004360389961661913,hourly_rate,Trade,Trade,9,Machine operators/transport
31,-0.0014829638247006401,-0.005153749838366183,0.002563294271693038,-0.003770865731956594,0.000979293626452406,hourly_rate,Trade,Trade,9,Machine operators/transport
32,0.003348597228217191,-0.0006702020254362078,0.00831783183222833,0.0009022893811325779,0.006030421149075052,hourly_rate,Trade,Trade,9,Machine operators/transport
33,-0.004475085568427935,-0.00909618636798855,0.0002300307662643575,-0.006850874381932773,-0.0016836155808471346,hourly_rate,Trade,Trade,9,Machine operators/transport
34,-0.0020873026284546517,-0.00559812130007288,0.0017756371255033985,-0.004213886309218701,0.00017521597631565923,hourly_rate,Trade,Trade,9,Machine operators/transport
35,0.0005479474230249117,-0.0038036274679769566,0.0050600115496043235,-0.0022629532786403476,0.0034070579999029935,hourly_rate,Trade,Trade,9,Machine operators/transport
36,-0.0018485600579003884,-0.0074192585207807525,0.003418513208754066,-0.005039605604709899,0.0015563406471309467,hourly_rate,Trade,Trade,9,Machine operators/transport
0,0.0021816393789543206,-5.001519574757921e-5,0.004977571821447936,0.0007008919761436548,0.0038218979904009703,hourly_rate,Services,Services,1,Managerial
1,0.00031341168338340736,-0.0032242176455193703,0.0035186755054991596,-0.001837670590359149,0.0021762304274873965,hourly_rate,Services,Services,1,Managerial
2,-0.00018827171892812843,-0.003743001276789962,0.003281186922219501,-0.0023193056347012198,0.0016181973189582093,hourly_rate,Services,Services,1,Managerial
3,0.0019000954817752203,-0.0013370018315521945,0.005471956939429823,-7.648769081253183e-6,0.0038097887202942276,hourly_rate,Services,Services,1,Managerial
4,-0.0019339147273759413,-0.005068884456061221,0.0019064755127207456,-0.00391628168608477,8.331659251053667e-5,hourly_rate,Services,Services,1,Managerial
5,0.0017592525209225674,-0.0018181960903386847,0.005046267516233497,-0.00021472620904045654,0.0037799619413253277,hourly_rate,Services,Services,1,Managerial
6,0.0003626896382753007,-0.0025935783280511436,0.003393807777277681,-0.0012442801801515906,0.0019213426906334952,hourly_rate,Services,Services,1,Managerial
7,-0.0009926197000233125,-0.004090569628782154,0.0022620629732954447,-0.0029083912724090872,0.0009829003644127735,hourly_rate,Services,Services,1,Managerial
8,0.0004774849696050643,-0.0028284591736596927,0.0042168517074591995,-0.0015888339965598652,0.0027436624552330973,hourly_rate,Services,Services,1,Managerial
9,-0.0010030435163634601,-0.00513593314075339,0.0031488508890605074,-0.0031232646495921936,0.0016328745396600132,hourly_rate,Services,Services,1,Managerial
10,-0.0013913435902391468,-0.004379895560719497,0.002304753167686318,-0.003337009354558107,0.0008302245286838294,hourly_rate,Services,Services,1,Managerial
11,0.0018278588086958684,-0.001681659952142706,0.0052142011737266614,-0.00018090314053243557,0.0037330378134526505,hourly_rate,Services,Services,1,Managerial
12,0.0032916723210359255,0.0003948801607609755,0.006264503938288051,0.001553154385403939,0.005049427102106844,hourly_rate,Services,Services,1,Managerial
13,0.001742834895543965,-0.002303456212139762,0.005071209070669097,-0.0007561090337215941,0.003967846634548122,hourly_rate,Services,Services,1,Managerial
14,0.0010537607505092257,-0.0020738936633930283,0.00411214996097028,-0.0006948480999134365,0.0029567410361558584,hourly_rate,Services,Services,1,Managerial
15,-8.978508658009288e-5,-0.0031781146386310193,0.0030578753582374426,-0.002080193056217162,0.0018300466219632531,hourly_rate,Services,Services,1,Managerial
16,-0.0029057221861870024,-0.0063010316946042685,0.0009587625209034421,-0.005034311713525863,-0.0007305994657752744,hourly_rate,Services,Services,1,Managerial
17,-0.0009822275944555026,-0.0037683966241813588,0.001801937091178426,-0.0028058585270007695,0.0007322497054175461,hourly_rate,Services,Services,1,Managerial
18,0.002758945742326062,-0.0003142456782530825,0.005531425337161097,0.0008708423899154512,0.004450756446993908,hourly_rate,Services,Services,1,Managerial
19,-0.002461924582633577,-0.005814763873180603,0.0006785644895164903,-0.0043229492431438804,-0.0004610682838479636,hourly_rate,Services,Services,1,Managerial
20,-0.005418500552955221,-0.00931063350181748,-0.0015882181952059189,-0.007744477573648069,-0.003263412777208626,hourly_rate,Services,Services,1,Managerial
21,-0.0011205272831723205,-0.005207238516373852,0.0028199446630281346,-0.003407030437968809,0.0013336665277681105,hourly_rate,Services,Services,1,Managerial
22,-0.005392894075282463,-0.008587129285619484,-0.002013696023320002,-0.007327765198476613,-0.0030429583886206523,hourly_rate,Services,Services,1,Managerial
23,-0.0006395138806482441,-0.0037233820882733412,0.0028820626192903576,-0.002457699741383482,0.0014351002809496471,hourly_rate,Services,Services,1,Managerial
24,0.000828063559972006,-0.0034894096361965457,0.004516837435744004,-0.0015645897489480287,0.0030038251936240594,hourly_rate,Services,Services,1,Managerial
25,0.0039151830669917655,0.0008876601556306175,0.007464508420524275,0.001996142174737414,0.006042587137947052,hourly_rate,Services,Services,1,Managerial
26,0.00015011812249443693,-0.0028144075874936766,0.0034462645673830877,-0.001815121575413048,0.0020617812286059327,hourly_rate,Services,Services,1,Managerial
27,-0.0010983360281379083,-0.004634582602028706,0.0026793279521827927,-0.003221189176401841,0.0012490289474705969,hourly_rate,Services,Services,1,Managerial
28,-0.00216576979974749,-0.0055132188073651715,0.000938106237181215,-0.004151582231672545,-0.00035283520354567523,hourly_rate,Services,Services,1,Managerial
29,0.003197600942742211,-0.00012946440858621492,0.006507357637248032,0.001310462779528821,0.005468578180660813,hourly_rate,Services,Services,1,Managerial
30,0.0005261799641865973,-0.0022720690197722826,0.0034252371381462473,-0.0011745539533835215,0.002315518762598202,hourly_rate,Services,Services,1,Managerial
31,-0.00202055990493945,-0.005794522959725434,0.0017123001527426292,-0.0038871124056708115,0.0002079125916729387,hourly_rate,Services,Services,1,Managerial
32,0.0019159354490204345,-0.0018219231911339375,0.005869112043367945,-0.0003635045870157476,0.0042486599860375954,hourly_rate,Services,Services,1,Managerial
33,-0.0007832252676448234,-0.004177282507651365,0.0027174296756126634,-0.0029590788384462607,0.0014500642891154766,hourly_rate,Services,Services,1,Managerial
34,-0.0012103300243773282,-0.004586994192492094,0.002504014964499834,-0.003090886028450811,0.001059412081149611,hourly_rate,Services,Services,1,Managerial
35,-0.0001252693795872078,-0.0035825408059502227,0.0033764208634787895,-0.002238525231197372,0.0021026249938317317,hourly_rate,Services,Services,1,Managerial
36,-0.0022804661862219416,-0.005792346188529038,0.0014533913606106005,-0.00430840426222066,-8.225342922946926e-5,hourly_rate,Services,Services,1,Managerial
0,0.0005053305776596005,-0.0023698488570683997,0.0035570950705663103,-0.0011023688564915936,0.002194451093869034,hourly_rate,Services,Services,2,Professional specialty
1,0.0014143830589527873,-0.0009921376697953745,0.0037830962416169466,-0.0001484734076434486,0.0029348177499128377,hourly_rate,Services,Services,2,Professional specialty
2,-0.0029232426828240134,-0.0055757315176234515,0.00022186155656776741,-0.004419017532736042,-0.0012472243577980908,hourly_rate,Services,Services,2,Professional specialty
3,0.0010324635568754288,-0.001549018926583031,0.004187680026959035,-0.0007220478632727722,0.0026573034943416876,hourly_rate,Services,Services,2,Professional specialty
4,0.0036291424407235515,0.0004778002433071561,0.007210070713511579,0.0016887921537037218,0.0056468858219136265,hourly_rate,Services,Services,2,Professional specialty
5,0.002454630190380594,-0.0008771696231077036,0.005386926936470502,0.0006103439143003999,0.004386028103588115,hourly_rate,Services,Services,2,Professional specialty
6,4.769403813289254e-5,-0.0026118865189756484,0.002850052640316076,-0.0016368033223809772,0.0016996096047321649,hourly_rate,Services,Services,2,Professional specialty
7,0.0012019327936116798,-0.0020486291998332235,0.005117369753996471,-0.0009044406180042451,0.0037125939380932968,hourly_rate,Services,Services,2,Professional specialty
8,-0.0034709582541540248,-0.0063020056873898354,-0.0004382646060993971,-0.005090786020547091,-0.0014851750850759112,hourly_rate,Services,Services,2,Professional specialty
9,-0.0012539537006829445,-0.0042003171960871685,0.002705240921768261,-0.0031638516303198966,0.0011533127100141953,hourly_rate,Services,Services,2,Professional specialty
10,0.000301251751000316,-0.0028322457499270594,0.004135301631718891,-0.001874966958664511,0.0026805067452404943,hourly_rate,Services,Services,2,Professional specialty
11,-0.00044592554249506196,-0.003380209354658854,0.002990333694474631,-0.002286895235874823,0.0017733165509687045,hourly_rate,Services,Services,2,Professional specialty
12,-0.0027579946036360614,-0.005716669475481139,0.00041774218932593603,-0.004695074389678799,-0.0007661408104643998,hourly_rate,Services,Services,2,Professional specialty
13,0.00011241959996028688,-0.0027993265569686344,0.0026364113992997464,-0.0016806489416041036,0.0017346366311802187,hourly_rate,Services,Services,2,Professional specialty
14,-0.0024527145282693136,-0.006034078242955399,0.001011999442659273,-0.004624536201394596,-0.0002882675890602494,hourly_rate,Services,Services,2,Professional specialty
15,0.0004963447740375503,-0.003369658139590968,0.0037713363219773846,-0.0019412227390192423,0.0024661067215591337,hourly_rate,Services,Services,2,Professional specialty
16,0.002042066643293246,-0.0014197055025786452,0.005839519671690143,0.00021225891630856906,0.004400888284437762,hourly_rate,Services,Services,2,Professional specialty
17,-0.00029842354387428944,-0.004362978904659051,0.003597217657147139,-0.0027581500298360195,0.0019405001460834918,hourly_rate,Services,Services,2,Professional specialty
18,-0.0035279884639894776,-0.007947854190098125,0.00016391883646111336,-0.006043736605017428,-0.0013031122802833997,hourly_rate,Services,Services,2,Professional specialty
19,-0.0009593309693247426,-0.005428973213701159,0.0024313607977236636,-0.0034949222405939668,0.001065208236703668,hourly_rate,Services,Services,2,Professional specialty
20,-0.0030574990792926818,-0.006993460521808581,0.0008404128849835023,-0.0054877990469787375,-0.0007026020591077453,hourly_rate,Services,Services,2,Professional specialty
21,-0.0014508856180520775,-0.005295270239635456,0.0027094711640189475,-0.0038091691073105756,0.0011955251204834657,hourly_rate,Services,Services,2,Professional specialty
22,-0.0005800418182519938,-0.004106484252087794,0.002887885523681672,-0.002783991174453542,0.0014076902997150645,hourly_rate,Services,Services,2,Professional specialty
23,0.002852616645641828,-0.000690786808092001,0.007080411614918327,0.0006902650195435606,0.005321760957113478,hourly_rate,Services,Services,2,Professional specialty
24,0.002623339359207624,-0.0010631614864404513,0.007124774652206841,0.00018755377539058727,0.005494886703920831,hourly_rate,Services,Services,2,Professional specialty
25,0.004002122739685386,0.0003874854723688098,0.00851545061839086,0.0014820653502951578,0.006885154622841957,hourly_rate,Services,Services,2,Professional specialty
26,0.004836459885076276,0.00018614333529703552,0.00873319904119425,0.002182228545991291,0.007165757348736929,hourly_rate,Services,Services,2,Professional specialty
27,0.0018394506288770883,-0.0016796562758257727,0.005620903944743438,-0.0005370444918581293,0.004021321414593899,hourly_rate,Services,Services,2,Professional specialty
28,0.0002074848027823076,-0.0038348109235279496,0.0037444844372021865,-0.0023360082468604293,0.0023476866192603885,hourly_rate,Services,Services,2,Professional specialty
29,0.0019122408601940756,-0.0013758518131432988,0.005425013939970244,-0.0003596745006537185,0.004031762185791522,hourly_rate,Services,Services,2,Professional specialty
30,-0.0008423146536231786,-0.004562128096251761,0.002769175425875085,-0.0030015996093405873,0.0012269278861344044,hourly_rate,Services,Services,2,Professional specialty
31,0.0025142183914799686,-0.0009978483729014024,0.006657802038197072,0.0002814498764502978,0.005087383898810149,hourly_rate,Services,Services,2,Professional specialty
32,-0.0014531041627113413,-0.005473604919210029,0.0031578443241630956,-0.003772734176289468,0.001222266983123333,hourly_rate,Services,Services,2,Professional specialty
33,0.0023795688805862765,-0.0015930473960527876,0.006804937700005559,1.935528175486291e-5,0.0051016732705050465,hourly_rate,Services,Services,2,Professional specialty
34,0.0017432692351164872,-0.0015836678772000931,0.005315591515089823,-0.0003313741287857498,0.004001726475558243,hourly_rate,Services,Services,2,Professional specialty
35,0.000439445288522297,-0.0030929222271008296,0.004749342630435069,-0.0015435557650779357,0.002859230747716448,hourly_rate,Services,Services,2,Professional specialty
36,-0.0025809864436763343,-0.005813367755847756,0.0014830314853167405,-0.004534018783762762,-7.583769245418995e-5,hourly_rate,Services,Services,2,Professional specialty
0,-0.0012198290401816525,-0.0050123446000455004,0.002904612863896738,-0.003550178387559829,0.0012342058825734407,hourly_rate,Services,Services,3,High tech
1,0.004543011684997899,-0.0006774098793635198,0.009037682930138785,0.0012435457752509546,0.007285588244553735,hourly_rate,Services,Services,3,High tech
2,-0.005257458640560186,-0.00985271569037646,-0.0009907014396049341,-0.008179158278087392,-0.0027830581470976536,hourly_rate,Services,Services,3,High tech
3,0.002753733390910672,-0.0018047027540186084,0.007654406850824134,-0.00026715675206836565,0.005708890962172029,hourly_rate,Services,Services,3,High tech
4,0.003730855273007704,-0.0010837922064820989,0.008946787691463776,0.0004038440702584054,0.00653309820145782,hourly_rate,Services,Services,3,High tech
5,0.003424778828123923,-0.0016915514484479271,0.00883889702190404,0.000572968455229278,0.00664995340260521,hourly_rate,Services,Services,3,High tech
6,-0.00019488395747789016,-0.004162836358142498,0.0037989004062173115,-0.002563667920466185,0.002415731242642,hourly_rate,Services,Services,3,High tech
7,0.002978967369843856,-0.0015241114736887608,0.007244646129806697,0.0006361435086093378,0.005598662524979257,hourly_rate,Services,Services,3,High tech
8,0.0036440986875649482,-0.001331212424632779,0.009041745201247224,0.0007001453619438097,0.006921266679789243,hourly_rate,Services,Services,3,High tech
9,9.55785501460476e-5,-0.003989583810090141,0.0049374228024132065,-0.002333692174241975,0.002945053843783599,hourly_rate,Services,Services,3,High tech
10,0.00031563973363719043,-0.005739533948748324,0.006600504371679326,-0.003166022315725378,0.003970133531606293,hourly_rate,Services,Services,3,High tech
11,0.003572869276834564,-0.0012978831865952788,0.008192937492266454,0.0006255260106906974,0.006617868565616875,hourly_rate,Services,Services,3,High tech
12,0.0021056635136997887,-0.002414960952315127,0.0064510436910778166,-0.0008025173267562514,0.00496257233425519,hourly_rate,Services,Services,3,High tech
13,0.007293122955164946,0.0015175809285680195,0.01229360905872147,0.0037828050891234206,0.01011649274140362,hourly_rate,Services,Services,3,High tech
14,-0.005818264020302939,-0.00969439457732862,-0.0016443319001148687,-0.00819015543092108,-0.0033601253738955684,hourly_rate,Services,Services,3,High tech
15,-0.0018920246868953541,-0.00696380708660462,0.003471899118448343,-0.004874637678773732,0.0012197494655235483,hourly_rate,Services,Services,3,High tech
16,0.005468377947898777,0.0011829420943666787,0.010847522203531561,0.002761953161169513,0.00853560651704308,hourly_rate,Services,Services,3,High tech
17,0.0032245472630452257,-0.000259129396220983,0.007643394904112841,0.0010989877119423155,0.005516631619234272,hourly_rate,Services,Services,3,High tech
18,-0.003772272020028358,-0.00974281286148834,0.001213598740364925,-0.007584216065335738,-0.0010034058982735477,hourly_rate,Services,Services,3,High tech
19,0.00492148583103185,0.0008724415489486338,0.008998896046877026,0.0025233894302836416,0.007331110388014935,hourly_rate,Services,Services,3,High tech
20,0.0009684238902427412,-0.0038923843723665686,0.006974034564439085,-0.0021857266169931517,0.004436555728932369,hourly_rate,Services,Services,3,High tech
21,0.003935772398632369,-0.000318543357151313,0.008447289974205678,0.0013222442072102869,0.006570179859171978,hourly_rate,Services,Services,3,High tech
22,-0.006197976759933466,-0.011434402344416963,-0.0015935681415712288,-0.00924817311559183,-0.0035941773515510813,hourly_rate,Services,Services,3,High tech
23,0.002890844476185581,-0.0018342736946432366,0.0074194567994764395,0.00015106061444544478,0.005822567249226693,hourly_rate,Services,Services,3,High tech
24,0.003230913435011011,-0.0017740616919719732,0.008356805975629347,0.0001329042631357082,0.00599184677195558,hourly_rate,Services,Services,3,High tech
25,0.00399868370130363,0.00032422962843104124,0.008158169173620219,0.001580062746817212,0.006706248369218773,hourly_rate,Services,Services,3,High tech
26,0.004490817794543195,9.383327192365176e-6,0.008603971760705053,0.0018508473473036894,0.006932405517528578,hourly_rate,Services,Services,3,High tech
27,0.0007350411803451485,-0.0037432779446730335,0.005409279949972839,-0.00184445007731586,0.0035591188725638033,hourly_rate,Services,Services,3,High tech
28,0.002117123350174892,-0.0028279377314444215,0.007590669388442275,-0.0005838194668254439,0.005188653838973822,hourly_rate,Services,Services,3,High tech
29,0.001254782414304217,-0.0026414609258037067,0.006485225668647989,-0.001033085642634385,0.004323830809291315,hourly_rate,Services,Services,3,High tech
30,0.0022533472139904314,-0.0031991363066031266,0.006966180307914782,-0.0008174009223856369,0.005041773296208205,hourly_rate,Services,Services,3,High tech
31,-0.0012291811993164784,-0.005035977697894512,0.003679493624034944,-0.0032521396418090996,0.001509279502768851,hourly_rate,Services,Services,3,High tech
32,0.0027158259815419387,-0.002324441431687683,0.00895343877476331,-0.0006834606527136946,0.006396538723893552,hourly_rate,Services,Services,3,High tech
33,0.0002661399518008112,-0.0045009322057931985,0.005301993340906428,-0.00232293338459256,0.0031050850338451455,hourly_rate,Services,Services,3,High tech
34,-0.001050009142496625,-0.00623763617074021,0.004668285699600151,-0.00409531364479478,0.002209242977194002,hourly_rate,Services,Services,3,High tech
35,-0.006059258733923941,-0.010967912735069796,-0.0004948642619316875,-0.00905513977947368,-0.0029768005887327383,hourly_rate,Services,Services,3,High tech
36,-0.002391977426959373,-0.006312160614555844,0.0016580796863273407,-0.004918120003506622,0.0001984258999072454,hourly_rate,Services,Services,3,High tech
0,0.006231032762834225,0.0009369379631169236,0.011962149687582666,0.003252315639630318,0.009633541536139578,hourly_rate,Services,Services,4,Sales
1,0.0029302422887631232,-0.003799633042980417,0.009814438555420675,-0.001041729948686598,0.006514165386778528,hourly_rate,Services,Services,4,Sales
2,-0.006293443145962167,-0.011587180859648796,-0.001402548371945105,-0.009640307553306703,-0.0034867941511681753,hourly_rate,Services,Services,4,Sales
3,0.003299302071706022,-0.002471500770796299,0.008607599909354322,-0.00037587678818298354,0.006772346393490293,hourly_rate,Services,Services,4,Sales
4,0.000824123237951946,-0.004207735056367091,0.006357811673737008,-0.002177926662734906,0.004059224429943697,hourly_rate,Services,Services,4,Sales
5,0.0011015982003293502,-0.0037898264980543977,0.00787081619293415,-0.0018879003289596593,0.004851664444503612,hourly_rate,Services,Services,4,Sales
6,-0.007289727111259091,-0.012389279155255525,-0.002163009073083171,-0.010507388387844454,-0.004076762899142439,hourly_rate,Services,Services,4,Sales
7,-0.005822175178376701,-0.01269140653621123,0.0021455802941696377,-0.010536038724969145,-0.0014188441898048678,hourly_rate,Services,Services,4,Sales
8,0.005990250050925771,0.0015383205309517116,0.010646326891334002,0.002985711920800409,0.008475338054004723,hourly_rate,Services,Services,4,Sales
9,0.008906668018900396,0.002327104998806978,0.015188202135651783,0.005320981648770129,0.012917048279615215,hourly_rate,Services,Services,4,Sales
10,0.0013665176666880277,-0.0036303508465489282,0.008649120119666266,-0.0018682849306727448,0.0055459053837401285,hourly_rate,Services,Services,4,Sales
11,0.003235672077046437,-0.0024820373682126317,0.008886013996880564,8.304593352360208e-5,0.006773822768737132,hourly_rate,Services,Services,4,Sales
12,-0.0009028126120382956,-0.0072438098700794125,0.00480564329524729,-0.004660124448883226,0.0030125917804388583,hourly_rate,Services,Services,4,Sales
13,0.003124702779607248,-0.003193229424916339,0.011245634638837206,-0.0008580603382151602,0.007940151454149,hourly_rate,Services,Services,4,Sales
14,0.0031304304587724627,-0.001999452834417355,0.00866127380697369,0.0002500833358475879,0.006771896480126301,hourly_rate,Services,Services,4,Sales
15,0.0017351418777286276,-0.004698967774129969,0.009133788908011723,-0.0019298449769602978,0.006450169592842177,hourly_rate,Services,Services,4,Sales
16,0.002527447362827159,-0.0031653356376201316,0.0079551615915093,-0.0009192990923913113,0.005763175449483919,hourly_rate,Services,Services,4,Sales
17,-0.00544897923241289,-0.012171435365887003,0.0018100421450163344,-0.009525044843638853,-0.0010889137482337123,hourly_rate,Services,Services,4,Sales
18,0.010395271266875387,0.004791454375574614,0.01540592415287054,0.007277053930913446,0.013750869807943312,hourly_rate,Services,Services,4,Sales
19,-0.00015403504189604562,-0.006676926180883842,0.006372391166902909,-0.0043727648740266006,0.003759484539212934,hourly_rate,Services,Services,4,Sales
20,0.0007050409916214745,-0.004401552371547306,0.006728109440843822,-0.0023798100915223813,0.0045449621358200215,hourly_rate,Services,Services,4,Sales
21,0.0004066174531600469,-0.004575090924774946,0.006340916142939482,-0.0026232861882963545,0.003888649495422198,hourly_rate,Services,Services,4,Sales
22,-0.006213196194809398,-0.013155676216216161,0.0018348063467249652,-0.010365583347919644,-0.0013201646285778534,hourly_rate,Services,Services,4,Sales
23,-0.0013074883546748068,-0.007411223005145256,0.005045125778992348,-0.005259415315105469,0.0029126496372931087,hourly_rate,Services,Services,4,Sales
24,0.0032367827416690674,-0.0028429284709072396,0.00878452925471008,-0.0004097664682050023,0.006676178958804719,hourly_rate,Services,Services,4,Sales
25,0.0009479229421672024,-0.005292914685549057,0.007536426517301239,-0.0028802979308038394,0.004857420743286209,hourly_rate,Services,Services,4,Sales
26,0.0027193300422980837,-0.0046916245412940965,0.008747201895480415,-0.0008761721603101473,0.006228839610948387,hourly_rate,Services,Services,4,Sales
27,-0.004533628748265976,-0.010268867062966166,0.002189633926712839,-0.007723878110665599,-0.0006921952109393632,hourly_rate,Services,Services,4,Sales
28,0.0004344635443263156,-0.006794490381223921,0.0065291288652314355,-0.004187325215727017,0.004322581360919539,hourly_rate,Services,Services,4,Sales
29,0.001300835580960793,-0.006059527194271774,0.007099447328130115,-0.0027690227747357863,0.004526901977836235,hourly_rate,Services,Services,4,Sales
30,0.00047004374026186294,-0.0059633304518461,0.007552958608045605,-0.00321952094169111,0.004553718014258952,hourly_rate,Services,Services,4,Sales
31,-0.0024374659003911225,-0.008899431901759429,0.003986969169097086,-0.00682317033236461,0.0015444438838210376,hourly_rate,Services,Services,4,Sales
32,-0.0063873878421684335,-0.012831036114980463,0.0021106967669929436,-0.010132265482709991,-0.0011792256332839408,hourly_rate,Services,Services,4,Sales
33,-0.007320272954389339,-0.012911358383349347,-0.00035883063860917084,-0.010928056751983928,-0.002737368354307419,hourly_rate,Services,Services,4,Sales
34,0.007738569986030412,0.0004921053731087735,0.01610642009229708,0.0030614088741983316,0.012592599177127647,hourly_rate,Services,Services,4,Sales
35,-0.005233320719596255,-0.01165235192918127,0.0025356391865086897,-0.008999287765470345,-0.0011789186007429764,hourly_rate,Services,Services,4,Sales
36,-0.001362104866680088,-0.007259748609391141,0.00486064803441781,-0.005282941084765918,0.0022848737856083394,hourly_rate,Services,Services,4,Sales
0,0.0009781514680874959,-0.0022080031707271464,0.003911990307745454,-0.0010873730845651062,0.002742582206948907,hourly_rate,Services,Services,5,Administrative support
1,-0.0006458496267765394,-0.0036862969895959945,0.0019209262820578882,-0.002514650493148013,0.0011478706938924791,hourly_rate,Services,Services,5,Administrative support
2,-0.002891886482672883,-0.005919420383753098,8.742540000789781e-5,-0.004776643810445019,-0.001046423693672234,hourly_rate,Services,Services,5,Administrative support
3,0.0010464825560707245,-0.002200965470465285,0.0041141366036840325,-0.0009020331719240761,0.002895124038259469,hourly_rate,Services,Services,5,Administrative support
4,0.003120091973138496,-0.00034219939657321096,0.006511250115868164,0.0009762768421794333,0.0051911398851689355,hourly_rate,Services,Services,5,Administrative support
5,0.0024043094127216445,-0.00036499485450474517,0.005074815651844972,0.000646134017724502,0.003997198264451069,hourly_rate,Services,Services,5,Administrative support
6,-5.479758162597198e-5,-0.0034887545055517803,0.0035503349227168296,-0.002219659234604938,0.0023738572653068577,hourly_rate,Services,Services,5,Administrative support
7,0.002388615948621205,-0.0016002104347674273,0.0061671841871313235,0.0002972355251252036,0.004786706659156633,hourly_rate,Services,Services,5,Administrative support
8,0.0016279658520158256,-0.0024961958241164588,0.00561868046873306,-0.0010225556213646224,0.004112380097925599,hourly_rate,Services,Services,5,Administrative support
9,-0.0004816746509728981,-0.003948361749283104,0.0034352829464319493,-0.0026556337395637563,0.002001677509725338,hourly_rate,Services,Services,5,Administrative support
10,0.002396455190597486,-0.0009056752480464934,0.006467186251887053,0.00028931138767815476,0.004484954985996747,hourly_rate,Services,Services,5,Administrative support
11,-0.0010160324022696937,-0.003881889355849313,0.0021787661333335373,-0.0026742446443668594,0.0009002797950125201,hourly_rate,Services,Services,5,Administrative support
12,0.0010771384935600648,-0.0022870925134831086,0.003979919123309026,-0.00096439397360982,0.002751959553614453,hourly_rate,Services,Services,5,Administrative support
13,0.0008363408332492838,-0.0028223575232318053,0.004089722472176713,-0.00127569927520043,0.0025421313387606246,hourly_rate,Services,Services,5,Administrative support
14,0.001334358624759049,-0.0017757759158637397,0.004730325299911294,-0.0004332214010613804,0.0033976852659611404,hourly_rate,Services,Services,5,Administrative support
15,0.0025889383393503237,-0.0014617557878152162,0.0062532997430192,0.00015326531559177242,0.004787133978463834,hourly_rate,Services,Services,5,Administrative support
16,0.003305095135862539,0.0006888141181633661,0.006422520561595319,0.001709966940783107,0.005143368842179269,hourly_rate,Services,Services,5,Administrative support
17,0.0018418923689583694,-0.0015671110275015036,0.005434878402907939,-0.00032850655266322736,0.004121941479482066,hourly_rate,Services,Services,5,Administrative support
18,-6.643610795831129e-5,-0.003407150275765755,0.003827342269729793,-0.002129122002137153,0.0021518656805247843,hourly_rate,Services,Services,5,Administrative support
19,0.00032417990867355384,-0.003218016114730471,0.003629728707229517,-0.0017566517632055722,0.0024075927562446204,hourly_rate,Services,Services,5,Administrative support
20,0.002544016117734419,-0.002777263856585243,0.006873528822853106,-0.0005876041420156,0.005088393409129201,hourly_rate,Services,Services,5,Administrative support
21,0.0008724514543009634,-0.0031965771697615723,0.0045040508550564,-0.001218456792313994,0.0029160820696187443,hourly_rate,Services,Services,5,Administrative support
22,0.0016028168347767633,-0.0019419726695826989,0.0052260383308580256,-0.000545188230168693,0.0039681708204225095,hourly_rate,Services,Services,5,Administrative support
23,-0.0007127731477177107,-0.0037039632961168374,0.0024918934651080612,-0.0027003165578989904,0.0012625093562603894,hourly_rate,Services,Services,5,Administrative support
24,0.002243645387596716,-0.0006183464224855648,0.005587637245218513,0.0002890285571293758,0.004442473537869652,hourly_rate,Services,Services,5,Administrative support
25,0.002808175469891481,-0.0008658954781269696,0.006736454013703909,0.00045140550109076544,0.00538379190841827,hourly_rate,Services,Services,5,Administrative support
26,0.0005194343031713699,-0.0024829053731642817,0.0038134832755169204,-0.0012125537467049348,0.002571794241385208,hourly_rate,Services,Services,5,Administrative support
27,0.0019186877210653447,-0.0012461935652848064,0.00515592356780966,-0.00014650928359751176,0.003987325644090203,hourly_rate,Services,Services,5,Administrative support
28,0.0008675499716909606,-0.002869848065687565,0.004765650071510782,-0.0016980035536515688,0.0030342163798781022,hourly_rate,Services,Services,5,Administrative support
29,0.0017703231520607736,-0.0008529167791235478,0.004336396132998162,6.139441052657713e-5,0.0034977048523783293,hourly_rate,Services,Services,5,Administrative support
30,-0.002297321221192627,-0.005338633562302472,0.0010194081789359484,-0.004017044022463227,-0.00022648936618429368,hourly_rate,Services,Services,5,Administrative support
31,0.001347007915000945,-0.0011090987913461045,0.004399828086776233,-0.0002488670561761972,0.0032874174746126226,hourly_rate,Services,Services,5,Administrative support
32,0.0012874076115143528,-0.001896505077445144,0.004385922343782564,-0.000631572074775274,0.003248030810491906,hourly_rate,Services,Services,5,Administrative support
33,0.002630436154720335,-0.00037372388235548107,0.006309234877233536,0.0008343296683406966,0.004812919116463768,hourly_rate,Services,Services,5,Administrative support
34,0.0020860421138851567,-0.001000823510733254,0.004862703894664849,0.00021138259638411741,0.003828183859831468,hourly_rate,Services,Services,5,Administrative support
35,0.001609856332476584,-0.0010320241746248624,0.005057116870758345,-0.0002126859496874951,0.0035880576093933686,hourly_rate,Services,Services,5,Administrative support
36,0.0009984558372610132,-0.0031394915406543545,0.005131719224736726,-0.0015495220641414498,0.003496820536678815,hourly_rate,Services,Services,5,Administrative support
0,0.0017772068922180155,-0.0016235819322609085,0.004720950767965375,-0.000273081691148651,0.0036331192197652552,hourly_rate,Services,Services,6,Service
1,-0.0034483240133247107,-0.006679006822761728,-0.00042152018167557334,-0.0055494098563561725,-0.001753041519555717,hourly_rate,Services,Services,6,Service
2,-0.00025035504952959376,-0.003312044277822376,0.0027322938761784586,-0.0021487154001203165,0.0015191130825177766,hourly_rate,Services,Services,6,Service
3,0.0013736043728964841,-0.001090001542582852,0.003808680834407608,-0.0001757020227340421,0.0029180085207870434,hourly_rate,Services,Services,6,Service
4,0.001537540170578687,-0.0013750217099030826,0.004075407723818441,-0.00022201638029786613,0.0031153594488122415,hourly_rate,Services,Services,6,Service
5,0.003296999413708635,0.0006239741746064892,0.005982193926404637,0.001651309162537324,0.0049594343078397714,hourly_rate,Services,Services,6,Service
6,0.0035315342895637456,0.0006411821794720927,0.006551825055479685,0.0016171448971297763,0.005511649075159501,hourly_rate,Services,Services,6,Service
7,0.005201442878037572,0.0017039199251984074,0.008328630068943264,0.003045633039010676,0.007025252595500317,hourly_rate,Services,Services,6,Service
8,0.0024547766044734874,0.0002707956292859457,0.004846854946238701,0.001035203325462267,0.0039144136748046855,hourly_rate,Services,Services,6,Service
9,0.0010622138668580903,-0.001271858291571796,0.003660511659808322,-0.0004900973399491145,0.0027358400099848383,hourly_rate,Services,Services,6,Service
10,-0.0017023319726832535,-0.00405037486401646,0.0005307751691547729,-0.003111107156559977,-0.0002976848736685584,hourly_rate,Services,Services,6,Service
11,0.0011333093994751822,-0.0016370299275522266,0.003744719414725973,-0.0005069226679133326,0.0028193033459808716,hourly_rate,Services,Services,6,Service
12,-0.00013564968095580092,-0.002285094827502222,0.002331851485416578,-0.001467675188988638,0.0013446888423033388,hourly_rate,Services,Services,6,Service
13,0.00044670944030897905,-0.0025336735942577586,0.0031948948502459194,-0.0013674518918969049,0.002131510729691338,hourly_rate,Services,Services,6,Service
14,0.0015397198389390482,-0.0018964697615591899,0.004524637099262711,-0.0006621565387857592,0.0032397652624499536,hourly_rate,Services,Services,6,Service
15,0.0018529216352034523,-0.0008822036793525037,0.004488579214045359,7.864543513625387e-6,0.0034194854010060616,hourly_rate,Services,Services,6,Service
16,0.0027005035493309834,0.00047234890328856855,0.005201632907969694,0.001161851079949117,0.0042284060157751074,hourly_rate,Services,Services,6,Service
17,0.0033764973583401917,0.0012175680686229524,0.0060905755238565215,0.0020054579225863524,0.00489192369415053,hourly_rate,Services,Services,6,Service
18,0.001872020535938927,-0.001511963567476404,0.004460244691107916,-0.0001377741698551369,0.00329818176868856,hourly_rate,Services,Services,6,Service
19,0.0006158044682956393,-0.002201466232801059,0.003082220379671876,-0.000986813160554884,0.0022467724049582243,hourly_rate,Services,Services,6,Service
20,0.0014159070152479152,-0.0012402007698527715,0.003794311048477014,-3.795185005953951e-5,0.0026995547133799565,hourly_rate,Services,Services,6,Service
21,0.00017218395454580765,-0.0022207123692023776,0.0028345775385180167,-0.0013553889597965512,0.0018861982499842956,hourly_rate,Services,Services,6,Service
22,0.001443347644758893,-0.0007571162852255031,0.004107321884214353,2.8826699032417262e-5,0.003040051082604317,hourly_rate,Services,Services,6,Service
23,0.00011141301025636406,-0.002495818251285783,0.0027267601838749465,-0.0013528961115624877,0.001632582291297286,hourly_rate,Services,Services,6,Service
24,0.0016797785189096577,-0.0013773168993393417,0.0051159136724117996,-0.00019455746000508235,0.0038142838535242004,hourly_rate,Services,Services,6,Service
25,0.0015846315566035742,-0.0007634547337109783,0.004114338093427764,0.00021075517676387955,0.0032369561643049343,hourly_rate,Services,Services,6,Service
26,0.0020007274250055627,-0.0008147066685295161,0.004852988957573485,0.00043860500130477606,0.0038020613684705768,hourly_rate,Services,Services,6,Service
27,-0.00029796882250358127,-0.003182518613560111,0.0025066357631418528,-0.001769865126849554,0.001579191013518716,hourly_rate,Services,Services,6,Service
28,0.004712042098961759,0.001978391807660653,0.0073634361937823375,0.003279644586572876,0.006345521611464493,hourly_rate,Services,Services,6,Service
29,0.0008119774322576509,-0.0019131709343056485,0.003470240139018013,-0.0007841227510127029,0.0024207234217427853,hourly_rate,Services,Services,6,Service
30,4.8199747830623e-5,-0.0021991912921281364,0.0028572139857211214,-0.0014393226458128618,0.0016288861919895791,hourly_rate,Services,Services,6,Service
31,0.001198232705338761,-0.001144081075747116,0.004525446696786069,-0.0003024818962757939,0.0031511489616899754,hourly_rate,Services,Services,6,Service
32,-0.0002498043110330612,-0.0023694126566831263,0.00197075401716904,-0.0015533747635544822,0.0011631434003744696,hourly_rate,Services,Services,6,Service
33,0.004825028855604104,0.002308704419265358,0.007799988401578414,0.003283307029627822,0.0066339446115398736,hourly_rate,Services,Services,6,Service
34,0.001284727755436571,-0.0012817588365011394,0.0038994903651868723,-0.0005500389566636843,0.0029400932654271524,hourly_rate,Services,Services,6,Service
35,-0.0008231106595730297,-0.0035252999038803403,0.0019565068643571056,-0.0025102370903502063,0.0008252570945280257,hourly_rate,Services,Services,6,Service
36,-0.0027599571209485237,-0.005710964461454663,0.00010347939786399486,-0.0047845873943079716,-0.0009768725299687574,hourly_rate,Services,Services,6,Service
0,0.0042552901520670405,-5.7592534150731865e-5,0.008819822821796455,0.0016125678508737448,0.006939692779578907,hourly_rate,Services,Services,7,Farming/forestry/construction
1,-0.0016164617367400325,-0.008031944009579885,0.0038760766418747695,-0.005451658589553911,0.0018986349323821359,hourly_rate,Services,Services,7,Farming/forestry/construction
2,-0.008011480944540161,-0.013469075292028568,-0.002693174861593017,-0.01120999936383562,-0.004578269507724716,hourly_rate,Services,Services,7,Farming/forestry/construction
3,-0.004929611663569231,-0.01218597925138894,0.0018356527164731093,-0.009276799917730652,-0.0010473468589234838,hourly_rate,Services,Services,7,Farming/forestry/construction
4,0.0016443417299964486,-0.00465790691146508,0.007969456612247246,-0.0024094926512547065,0.005318089963210042,hourly_rate,Services,Services,7,Farming/forestry/construction
5,0.002428760711580921,-0.004864668208371793,0.010371085730358033,-0.0019392426452381128,0.0072898435485189445,hourly_rate,Services,Services,7,Farming/forestry/construction
6,0.004863213667018494,-0.0018925956333386267,0.011717567426937359,0.001080475629292236,0.008795358584151931,hourly_rate,Services,Services,7,Farming/forestry/construction
7,0.0059478932439685495,-0.0007150762763130187,0.013044441452035472,0.0019855699167746097,0.010005299507287374,hourly_rate,Services,Services,7,Farming/forestry/construction
8,0.003960895508997945,-0.0022135795663304507,0.009971974509779949,-0.00028537192461447567,0.007442459980464785,hourly_rate,Services,Services,7,Farming/forestry/construction
9,0.002172582011527121,-0.003299047300912275,0.007037405653393756,-0.0011844036472032737,0.0051463508335379635,hourly_rate,Services,Services,7,Farming/forestry/construction
10,-0.0018093344053166103,-0.007658300552632307,0.0041779696376100725,-0.005455970140193176,0.0016414793808616937,hourly_rate,Services,Services,7,Farming/forestry/construction
11,-0.005134206736892201,-0.011453533772206217,0.0010137830895208897,-0.008802643106373149,-0.0016623308337893371,hourly_rate,Services,Services,7,Farming/forestry/construction
12,-0.003231772266322172,-0.008765124657659787,0.002885032076990593,-0.0065326209855680484,0.0005709413202186907,hourly_rate,Services,Services,7,Farming/forestry/construction
13,-0.006776218937044779,-0.013442926099005277,-0.00038225535954817657,-0.010529676991037485,-0.0033090146440368476,hourly_rate,Services,Services,7,Farming/forestry/construction
14,-0.009566917657133866,-0.01691934520867225,-0.0038936464579449256,-0.013950856225965869,-0.006046896076245778,hourly_rate,Services,Services,7,Farming/forestry/construction
15,-0.0006276948150746966,-0.009033678735283147,0.007274502529047532,-0.005576416346764987,0.004051652130752098,hourly_rate,Services,Services,7,Farming/forestry/construction
16,0.0022589799197854396,-0.004604290976136948,0.00910076848234666,-0.0019403540359604096,0.006528801050770127,hourly_rate,Services,Services,7,Farming/forestry/construction
17,-0.003750759630573818,-0.009868998002014953,0.00378463252732049,-0.007626870702765623,0.0005226431099740842,hourly_rate,Services,Services,7,Farming/forestry/construction
18,0.0008012755485916646,-0.0053442222476409295,0.006634492113416761,-0.0029633974460312987,0.0045492178753403275,hourly_rate,Services,Services,7,Farming/forestry/construction
19,-0.007245187434151848,-0.013563290760252152,-0.0006846350842031664,-0.011276654847427344,-0.0031322055480288696,hourly_rate,Services,Services,7,Farming/forestry/construction
20,-0.0017419840259406134,-0.006599134518120618,0.003127561913969662,-0.004794957127150074,0.0010684489647875908,hourly_rate,Services,Services,7,Farming/forestry/construction
21,-0.003963695832230811,-0.010427466086045424,0.0030997704229746726,-0.0077362633843006305,0.00039093858940744425,hourly_rate,Services,Services,7,Farming/forestry/construction
22,5.61917562367599e-5,-0.0052090014977106795,0.005096778003406294,-0.0031716629060594167,0.0032697466925626045,hourly_rate,Services,Services,7,Farming/forestry/construction
23,-0.0023247715655804247,-0.008710837416391254,0.003676257983717206,-0.005933878576581172,0.0015357278616269362,hourly_rate,Services,Services,7,Farming/forestry/construction
24,0.000368431054924811,-0.005519435888812034,0.00685254421490604,-0.0031864276749470153,0.004428753002814397,hourly_rate,Services,Services,7,Farming/forestry/construction
25,-0.0027870250442452085,-0.008795960470278027,0.0029334440327173153,-0.006650885324438955,0.0009190332055708573,hourly_rate,Services,Services,7,Farming/forestry/construction
26,-0.0032501081933925435,-0.009180523066430519,0.0031609790630704715,-0.006963206712715807,0.0009755779515493528,hourly_rate,Services,Services,7,Farming/forestry/construction
27,-0.001855111449750624,-0.008053124508583344,0.004780906978958612,-0.005735063738414235,0.0017197332680341849,hourly_rate,Services,Services,7,Farming/forestry/construction
28,-0.003707605256427241,-0.008637534234853014,0.0019673092646250233,-0.0067793659577270755,0.00011189711613774017,hourly_rate,Services,Services,7,Farming/forestry/construction
29,-0.003875902720720676,-0.0118938113358916,0.0033953580597636053,-0.008694346913415394,0.0005893306313290874,hourly_rate,Services,Services,7,Farming/forestry/construction
30,0.0009587515510743807,-0.004620016219617881,0.008077534916682174,-0.002472241203205338,0.004903648780804597,hourly_rate,Services,Services,7,Farming/forestry/construction
31,-0.009132744103927722,-0.015793007421036998,-0.0029455232943492718,-0.012626099203728066,-0.005452036516427702,hourly_rate,Services,Services,7,Farming/forestry/construction
32,-0.003708714875904052,-0.009151723258069277,0.0017684790774841479,-0.00684205049132478,-0.0007310286832150309,hourly_rate,Services,Services,7,Farming/forestry/construction
33,0.006121258834749945,0.0011774335244222004,0.011612616338244161,0.003277719351865276,0.009239192248333134,hourly_rate,Services,Services,7,Farming/forestry/construction
34,-0.006409246934547287,-0.013278934903411397,0.0029269429401927363,-0.010748127704073894,-0.0012261445736980493,hourly_rate,Services,Services,7,Farming/forestry/construction
35,0.0001749311890882146,-0.00698925657029083,0.006888020063809316,-0.00417058420491727,0.004016163502070539,hourly_rate,Services,Services,7,Farming/forestry/construction
36,0.001757197411163344,-0.0034257786838471907,0.0061214024782214795,-0.000966215360995581,0.004483408781027649,hourly_rate,Services,Services,7,Farming/forestry/construction
0,-0.012882884890816428,-0.019035325087008486,-0.007446034674894954,-0.016107689543792884,-0.009411899673655109,hourly_rate,Services,Services,8,Precision production/repair
1,-0.00959542040345173,-0.017384616429250554,-0.0037706273541903736,-0.014253465928759472,-0.005780472328089691,hourly_rate,Services,Services,8,Precision production/repair
2,-0.007236640989654681,-0.011774974972002415,-0.002033935897292352,-0.009933463460399337,-0.0043149876880852304,hourly_rate,Services,Services,8,Precision production/repair
3,0.00226712527799034,-0.004741308670669534,0.008419921254069988,-0.0017527501051579717,0.005792177414705122,hourly_rate,Services,Services,8,Precision production/repair
4,-0.003588447258425523,-0.010172982146638308,0.002963218386839911,-0.007883721831292066,0.0002920618889407545,hourly_rate,Services,Services,8,Precision production/repair
5,-0.0033151985183433744,-0.01014396627887506,0.004461999592338799,-0.007662328399583225,0.0010216408975368772,hourly_rate,Services,Services,8,Precision production/repair
6,-0.001914102827934627,-0.00680801502821933,0.0029394833024615,-0.004934957200436494,0.0007733865146814295,hourly_rate,Services,Services,8,Precision production/repair
7,-0.0004643061761990683,-0.005393481989075374,0.004678668173553107,-0.003110421054045155,0.0027534621367915004,hourly_rate,Services,Services,8,Precision production/repair
8,-0.004455133854469756,-0.0105558730283788,0.0028899793083585748,-0.008081516345369152,0.0006716908594034138,hourly_rate,Services,Services,8,Precision production/repair
9,-0.003730374861993455,-0.009387165195415353,0.001505789118767952,-0.007195673080731735,-0.00037791179822234877,hourly_rate,Services,Services,8,Precision production/repair
10,-0.004359720342741123,-0.010008028058855398,0.0037631371034046995,-0.00767485974629569,0.0004251112156278712,hourly_rate,Services,Services,8,Precision production/repair
11,-0.008605793049717802,-0.013614026038615702,-0.004144417034334304,-0.011732484071480262,-0.005869316704337446,hourly_rate,Services,Services,8,Precision production/repair
12,-0.004987634249360862,-0.009767537478082958,0.00033676245382787025,-0.00789858628162779,-0.0021431869445836384,hourly_rate,Services,Services,8,Precision production/repair
13,-0.011299156825614037,-0.017019631558065084,-0.0057569179938321184,-0.01449029383904048,-0.008208796089425978,hourly_rate,Services,Services,8,Precision production/repair
14,-0.0031638486670300774,-0.007957641858450909,0.0022053584818658573,-0.00617104431385165,0.00010531341349763988,hourly_rate,Services,Services,8,Precision production/repair
15,-0.007156688338273206,-0.011719478290061244,-0.002259832651315562,-0.009802103764451077,-0.004139040659842722,hourly_rate,Services,Services,8,Precision production/repair
16,-0.0056263875388075455,-0.010398354524576266,-0.0006653418857015415,-0.008658221335936852,-0.002688225692500368,hourly_rate,Services,Services,8,Precision production/repair
17,-0.001877898045434396,-0.007313239238458568,0.003638950281959854,-0.005296937221017578,0.0012841241434638564,hourly_rate,Services,Services,8,Precision production/repair
18,0.0025775260547963785,-0.0025406578296745573,0.007672420885019077,-0.0001722000048755513,0.005587072296549536,hourly_rate,Services,Services,8,Precision production/repair
19,0.002122391538289696,-0.0031145861962013867,0.008509641834855511,-0.0012716722591409103,0.006054871044903393,hourly_rate,Services,Services,8,Precision production/repair
20,0.002523242850025001,-0.0030978174677836114,0.007890842595199045,-0.0007944123028212503,0.005702657750167978,hourly_rate,Services,Services,8,Precision production/repair
21,-0.006513870769700912,-0.012964373600123305,-0.0011323819247122512,-0.010342817115422037,-0.0032047567715729067,hourly_rate,Services,Services,8,Precision production/repair
22,0.0015313284971653473,-0.0031054013186914966,0.00627992629375679,-0.00106276462102038,0.00404913523238601,hourly_rate,Services,Services,8,Precision production/repair
23,-0.007100498238399369,-0.01331281320201394,-0.001038749383350997,-0.010569788502884177,-0.0034628529499593844,hourly_rate,Services,Services,8,Precision production/repair
24,0.004330275100219999,-0.00047390427935480647,0.009342161698612884,0.00121247548189474,0.006974846026131836,hourly_rate,Services,Services,8,Precision production/repair
25,-0.0007699553213501868,-0.006108007791063695,0.005493780263822558,-0.004064948088166472,0.0027482539400558734,hourly_rate,Services,Services,8,Precision production/repair
26,-0.0067224749376136,-0.011804508086777148,-0.0014996234104786245,-0.009724116153939883,-0.004152123078219547,hourly_rate,Services,Services,8,Precision production/repair
27,-0.005821656257371188,-0.010769289802604068,0.0006641911644282798,-0.009040172100335777,-0.0024470446281566484,hourly_rate,Services,Services,8,Precision production/repair
28,-0.009229255786944175,-0.014551303182516868,-0.004385737493459742,-0.01269318260839182,-0.006123911217310915,hourly_rate,Services,Services,8,Precision production/repair
29,0.0012862089056239823,-0.0018340942846587886,0.0048630603265088345,-0.0005226005955643138,0.0030903926101694254,hourly_rate,Services,Services,8,Precision production/repair
30,0.001960268163872636,-0.0033508934155188743,0.007327323992893005,-0.0013257807987537857,0.005318553336389681,hourly_rate,Services,Services,8,Precision production/repair
31,0.0027354567953548504,-0.0015118042347514694,0.007369727876306165,-8.161472728612047e-5,0.005628843860619357,hourly_rate,Services,Services,8,Precision production/repair
32,-0.002812470561893655,-0.008198327010370297,0.0020980924970422817,-0.006236941248826173,6.734799715257637e-5,hourly_rate,Services,Services,8,Precision production/repair
33,-0.006315774246030751,-0.011054549827834756,-0.0016044588814852915,-0.009168954377603353,-0.003745180984915886,hourly_rate,Services,Services,8,Precision production/repair
34,0.0012205718338880046,-0.0038967537949978707,0.005742914197653387,-0.002017359934927912,0.003964846538362073,hourly_rate,Services,Services,8,Precision production/repair
35,0.00036620068711585885,-0.004841241358670231,0.00596591989463862,-0.002858457495051318,0.003504205896484907,hourly_rate,Services,Services,8,Precision production/repair
36,-0.009080559418915278,-0.013405920728136116,-0.004131453679979064,-0.011528235264046682,-0.006081827182061324,hourly_rate,Services,Services,8,Precision production/repair
0,-0.001722843011490066,-0.009647769887297753,0.004816971320065498,-0.006439244505309649,0.0025891784164439324,hourly_rate,Services,Services,9,Machine operators/transport
1,-0.004079003855377203,-0.01095275982267098,0.0026473817690502817,-0.00845279613833256,-0.0002314873804514948,hourly_rate,Services,Services,9,Machine operators/transport
2,-0.0001900127435180443,-0.005381056448156711,0.005593767294178388,-0.0030604042336161664,0.0034173094992967206,hourly_rate,Services,Services,9,Machine operators/transport
3,0.007352666942576607,0.000756257299824762,0.01390094258686037,0.0031081699984679334,0.011608015011401037,hourly_rate,Services,Services,9,Machine operators/transport
4,-0.003131832688897797,-0.00898435924263338,0.002384074014733104,-0.006707653376986504,0.00031085658498155406,hourly_rate,Services,Services,9,Machine operators/transport
5,0.001108943137314492,-0.005176578619458921,0.007404276618527562,-0.002563229326859343,0.004827441890544576,hourly_rate,Services,Services,9,Machine operators/transport
6,0.008596765503713952,0.003687801252439302,0.013644949249123727,0.005812616166777091,0.0117255210631858,hourly_rate,Services,Services,9,Machine operators/transport
7,-0.005264736037808598,-0.013195445059083103,0.0020806251798162643,-0.010048378617199262,-0.0006458742423251645,hourly_rate,Services,Services,9,Machine operators/transport
8,0.00427270429947681,-0.002956692081214328,0.011865756032000999,0.00017329187393516805,0.0090425818706781,hourly_rate,Services,Services,9,Machine operators/transport
9,0.008237532565326984,-8.349229566406192e-5,0.01665954163227338,0.0032354907788909194,0.012627686793662508,hourly_rate,Services,Services,9,Machine operators/transport
10,-0.0013385040654050554,-0.007369690477559137,0.004715530622352122,-0.005120188795806455,0.0019702098108379936,hourly_rate,Services,Services,9,Machine operators/transport
11,-0.0028521400368366917,-0.009025527583019255,0.0030056166039790374,-0.006421327701628154,0.0007464152018943813,hourly_rate,Services,Services,9,Machine operators/transport
12,-0.00904177380523024,-0.015610516701895201,-0.0026338140090828126,-0.013120319363973638,-0.004910610871192969,hourly_rate,Services,Services,9,Machine operators/transport
13,0.0005227577066287863,-0.005230565507022529,0.005642432487392945,-0.002690136344463351,0.0033941784229254463,hourly_rate,Services,Services,9,Machine operators/transport
14,0.004536102919534344,-0.0015818515012137272,0.011685791695169475,0.0007559144811072446,0.008521357499697933,hourly_rate,Services,Services,9,Machine operators/transport
15,0.008727649036590191,0.0033892350092833015,0.014068748416893366,0.005341577709430923,0.012046976698002561,hourly_rate,Services,Services,9,Machine operators/transport
16,-0.011244529065574488,-0.017613636863887124,-0.0054543433756891885,-0.015072026915579215,-0.00788954153130799,hourly_rate,Services,Services,9,Machine operators/transport
17,0.0009509017427458949,-0.006373729498668964,0.007112638731252048,-0.003146248408847925,0.004346054575221373,hourly_rate,Services,Services,9,Machine operators/transport
18,0.006095904691415351,0.0006206702562164164,0.011750517411855583,0.0025625249690351803,0.009445711254498003,hourly_rate,Services,Services,9,Machine operators/transport
19,-0.0006753436997144512,-0.007354543566640885,0.006051927306125772,-0.004359300373327433,0.0035985740577947093,hourly_rate,Services,Services,9,Machine operators/transport
20,-0.002153843450669153,-0.007475612636373096,0.0038372238907432342,-0.005595907400549901,0.0016078286035000272,hourly_rate,Services,Services,9,Machine operators/transport
21,-0.0009392819861721844,-0.007930182498374088,0.006397871115291208,-0.005032083626733753,0.0035744550252365536,hourly_rate,Services,Services,9,Machine operators/transport
22,-0.005920257014532713,-0.011122889057661426,-0.00037920030844793267,-0.008881659235926702,-0.0027266281402409595,hourly_rate,Services,Services,9,Machine operators/transport
23,-0.007237613219513305,-0.013838911226571663,0.000993503567886152,-0.011471863358130243,-0.0027954520017271743,hourly_rate,Services,Services,9,Machine operators/transport
24,0.0019367811252366351,-0.005901090296747329,0.008291997639475931,-0.0028059529454844807,0.0061250086560196565,hourly_rate,Services,Services,9,Machine operators/transport
25,0.01007478997096035,0.003747499514516162,0.016668159863201283,0.006389062723255486,0.01412498142287023,hourly_rate,Services,Services,9,Machine operators/transport
26,-0.008641285332326793,-0.014749523382120266,-0.003073599513625202,-0.01273696978204173,-0.004880304767457551,hourly_rate,Services,Services,9,Machine operators/transport
27,-0.003978128538607551,-0.010363041481705595,0.003364726335190766,-0.007866280168458372,0.000406165453982232,hourly_rate,Services,Services,9,Machine operators/transport
28,-0.007103356493144479,-0.013593485845786117,-0.0016843413044391334,-0.01054878276509381,-0.0037912487819912405,hourly_rate,Services,Services,9,Machine operators/transport
29,2.7099862908320464e-5,-0.006318557644597123,0.0064223016290996734,-0.0038454084327893935,0.0035110332116438966,hourly_rate,Services,Services,9,Machine operators/transport
30,0.00462731478347019,-0.004543620818285519,0.012829819660955213,-0.0005492488021166106,0.00890497621306111,hourly_rate,Services,Services,9,Machine operators/transport
31,0.002423498144748059,-0.004851125246581314,0.008201084398035593,-0.0013826185246549657,0.006297097156987105,hourly_rate,Services,Services,9,Machine operators/transport
32,-0.011499688069607661,-0.02004612732642649,-0.00505443756711359,-0.015904100986569213,-0.007355291634841089,hourly_rate,Services,Services,9,Machine operators/transport
33,-0.006065083391274819,-0.013758394018309028,0.000586781655906205,-0.010984677822718631,-0.0022781832960544943,hourly_rate,Services,Services,9,Machine operators/transport
34,-0.007297441385445501,-0.01341650743369709,-0.002008304834985696,-0.010794745588334239,-0.0038690766698894928,hourly_rate,Services,Services,9,Machine operators/transport
35,-0.004656418138590845,-0.010736848722684631,0.001898193354237204,-0.008423902201140835,-0.0010109484706080788,hourly_rate,Services,Services,9,Machine operators/transport
36,0.0067691543767434605,-0.0013085549874159077,0.014062345724718869,0.0013754625435872412,0.011192881130094423,hourly_rate,Services,Services,9,Machine operators/transport
