horizon,coef_name,beta,se,ci_lo90,ci_hi90,ci_lo68,ci_hi68
0,shock_g1,-3.161662121242049e-5,0.002052126992761291,-0.002157946481945071,0.002774848295644014,-0.0013584578362888075,0.001573669810413562
0,shock_g2,-0.0002903200799990849,0.0014014191413401842,-0.002000138468208166,0.0013305918576106911,-0.0013576468484605693,0.0005564256419288908
0,shock_g3,0.002041196321308115,0.0014325584688532566,0.00037566563911030446,0.0045400732494924375,0.0009236224831878977,0.003433606446899544
0,shock_g4,0.0010122160770508221,0.0005087293235808763,0.0004053436371061319,0.0017863421708602734,0.0006550718346956864,0.0014801055609978716
0,shock_g5,0.0026803659345534694,0.001420129537729404,0.0013718714227390165,0.007005345994097498,0.00182430465760141,0.005042510150210482
0,shock_g6,0.0012198521319827858,0.0006552430441153365,0.0005915168373102832,0.002451221128253,0.0007991665298542295,0.002001227576344168
0,shock_g7,0.0006438005257979923,0.0007772734414397089,-0.00010705181341507362,0.0021692870890706686,0.00011098879158973432,0.001542088800733784
0,shock_g8,0.0030861315981369764,0.002000051882822124,0.0015466847246299053,0.01070474759419393,0.001972832800920366,0.008881743981162054
0,shock_g9,0.00035310970164097497,0.00042196502749024267,-0.00014014750192416588,0.0009426767364351463,6.413017276844362e-5,0.0006864586021695783
0,shock_g10,0.0014463300847048733,0.0009715793151440902,0.00041212340115507674,0.003328239991192683,0.0008304906099203665,0.002568771566411377
0,shock_g11,0.0056681570929924185,0.003895269118639444,0.0028034348012170723,0.028786323262170812,0.003550083185749046,0.024806643665875237
0,shock_g12,0.0006865019613842439,0.0007994831540561914,3.5388269263101854e-5,0.0023549853411544254,0.0002506791748262941,0.0018505892220215224
0,shock_lag1,-0.0023556089240946098,0.0010562027887894016,-0.005143236653732051,-0.0014563662890079102,-0.004522585750453795,-0.0017280541892388005
0,ylag1,0.8310911322902877,0.01669338245780928,0.8117800861774976,0.858391604070127,0.8199165075931956,0.8477186691920947
0,log_oil_lag1,0.0021207836791692736,0.0010338637183739943,0.0002652941583925752,0.0031834941103028704,0.0009770578264638495,0.0027748017274704345
0,ffr_lag1,-0.0010360645094830995,0.0003753660777279448,-0.001723816877214908,-0.0005142708822185813,-0.0014335785424969898,-0.0006913648547031354
0,cpi_lag1,-4.204028822026926e-5,1.3856056051053912e-5,-6.186127929589003e-5,-2.5534701815755504e-5,-5.239922161970537e-5,-3.2612385934370554e-5
0,indpro_lag1,-0.0002747356117255657,5.3461546393504736e-5,-0.0003614210584803572,-0.00020380165049129877,-0.0003251600505442401,-0.00023101028179552574
0,t10y3m_lag1,-0.0005455654523868495,0.0005672311683829108,-0.0015705721384718686,0.00030137609360575076,-0.0011152324085290568,-2.1041605166361756e-5
0,age_mean,0.0011479865725494494,0.00037212140712892096,0.0007843815196984872,0.0018172125738792082,0.0009140090671547179,0.0015435984299830452
0,female_share,-0.0022124663190846517,0.00839237029005079,-0.016514963005779898,0.006842409028274511,-0.011280583541828638,0.003694833220514066
1,shock_g1,-0.004150774510467747,0.002442519084898072,-0.006933294507923047,-0.0005004633792575499,-0.005657896938362887,-0.002146656252316383
1,shock_g2,-0.00232318404061128,0.001470946948343749,-0.004214616676913441,-0.00021946983912242077,-0.003430468880796691,-0.0010671689159474614
1,shock_g3,-0.0015882180965988589,0.0018412163876670138,-0.004099644209538435,0.0010551606925558042,-0.0030582198362576712,-3.290302515670108e-5
1,shock_g4,-0.00028227070334917273,0.0007877555331610266,-0.0015512919135750685,0.0005750743879298856,-0.0010303096826098268,0.00026262560441698315
1,shock_g5,0.0005519048795359138,0.0010441905039736664,-0.0009151567086536041,0.001931144582396174,-0.00038094592644911246,0.0014481488735701598
1,shock_g6,0.0003398413744070751,0.0008186266313971095,-0.0009000917216172701,0.0012830219654123138,-0.0004878838817956004,0.0009451366087013917
1,shock_g7,-0.001052864587271682,0.0006884736332134037,-0.00214534608165872,-0.00028233398144050423,-0.0016728052761755896,-0.0005461625158427496
1,shock_g8,-0.0005214102833862322,0.0011598166820367332,-0.002516331160703114,0.0005850398190213886,-0.0019879090319878862,0.0002655423165616353
1,shock_g9,-0.0003294799061973949,0.0005202619617216912,-0.0010052065713176124,0.0003497813512428738,-0.000776973497050918,7.750116365656177e-5
1,shock_g10,0.0006588254467533516,0.0007881177663640454,-0.00047113358116374917,0.001806967913513082,-7.98700342404435e-6,0.0013304635866007008
1,shock_g11,-0.0009634798193293144,0.0021347250483344632,-0.004277503613199077,0.0008882894120739659,-0.0036574482262859134,0.0002177886273012342
1,shock_g12,-0.0006820247461265438,0.0007711728574801225,-0.0018600598682448914,0.0001793547672152429,-0.0013210630079070777,-0.00015753852124511275
1,shock_lag1,-0.003564352875202423,0.0012952112275405059,-0.006776650438481,-0.0024316567721535775,-0.005553259324090971,-0.0027650751640590954
1,ylag1,0.6515576748979633,0.03162431906383139,0.6149896883921576,0.7011934195592747,0.6329602286936739,0.6803330033828352
1,log_oil_lag1,0.00598404295525311,0.0015788975326472812,0.0038699870028729867,0.007800795667443652,0.004644860350319685,0.007038987347728541
1,ffr_lag1,-0.002307051052436739,0.0008249803695992834,-0.004170767438886842,-0.0012924157098653803,-0.003350676840638893,-0.0016057586505500516
1,cpi_lag1,-8.611185302404252e-5,2.8653982291350312e-5,-0.00012844115416776379,-4.970588303441824e-5,-0.00011122361364912402,-6.520779579313869e-5
1,indpro_lag1,-0.0005124180616344763,0.00010011412771667732,-0.0006688054927617754,-0.00038310064559872296,-0.0006021167128005972,-0.0004328522452388574
1,t10y3m_lag1,-0.0013590178054964513,0.0013172778602230564,-0.00427514171111199,0.0003008290669638024,-0.0030924065396881646,-0.00022451254904490054
1,age_mean,0.0010457754473976182,0.0004946053189265648,0.0004673500115484554,0.0017459452412910712,0.0007177048186727846,0.0014716559091685483
1,female_share,-0.027630790169685275,0.013823037462890408,-0.052953610343146815,-0.01286162061931602,-0.04239334668585481,-0.018139881186964656
2,shock_g1,-0.006616674473949661,0.0032926016954763835,-0.011304208075625436,-0.0024738108757470694,-0.009187604666092029,-0.004222541913757755
2,shock_g2,-0.001741292059192678,0.001806872467764559,-0.00421417738872255,0.0011449635687214071,-0.0032711405219929034,0.00013075748985022636
2,shock_g3,-0.003687491217440672,0.002342618233773364,-0.006529750764316257,-0.0004802783426359628,-0.005444517442998367,-0.0017149026783318156
2,shock_g4,-0.0007082055401880789,0.0009145017333480943,-0.0023272384064434897,0.0004523709315612586,-0.00162332740666373,-6.51720177989978e-5
2,shock_g5,-0.0005713820886462562,0.001586511740737408,-0.0032467998560503676,0.0012577185165955581,-0.0023655647690215744,0.0007200761896467697
2,shock_g6,-0.00030468547525125145,0.0009585456628900796,-0.0018470571396825505,0.0007595533575821154,-0.001307121835086416,0.00042394928915810134
2,shock_g7,-0.001771305462603712,0.0007361462048380087,-0.003088131183234682,-0.000945553368250972,-0.002579576084797543,-0.0012199269665597813
2,shock_g8,-0.002179436266819838,0.0020131352811460297,-0.008658655464292436,-0.0005592276192171127,-0.006756119849728252,-0.000967790376855054
2,shock_g9,0.00015481672222065034,0.0005772874729771904,-0.0005957752015404817,0.0009968686021450328,-0.0003199730125683166,0.0006269041601237188
2,shock_g10,-0.0011129076010624455,0.0011098151502229217,-0.002745965190216488,0.0004271144962328798,-0.002119987247774618,-0.0001743903237616727
2,shock_g11,-0.0027822573205024273,0.0036926049352406258,-0.014921389192121992,-6.808882273193336e-5,-0.011302414718997462,-0.0007321830431678239
2,shock_g12,-0.0005578144138823915,0.0009788232533444107,-0.0022326766968775993,0.0005146562959370024,-0.001592717833117577,0.0001507540623585785
2,shock_lag1,-0.002500213381041603,0.0009702456707403201,-0.004078323689437724,-0.001282684070140453,-0.0035304166571408736,-0.0017013550809390635
2,ylag1,0.4715661306790598,0.045186752382812494,0.42438969950866956,0.5345365590617446,0.44440241429085364,0.5135605805355979
2,log_oil_lag1,0.010225625888171675,0.0021621033320883974,0.007306996556543894,0.012666554979608956,0.008432879607502202,0.011798786341740263
2,ffr_lag1,-0.003460476243501872,0.0011368924712751016,-0.005828607000572026,-0.00200340166832401,-0.0048244777218532575,-0.002533332226038478
2,cpi_lag1,-0.00012859647691691072,4.185180078091684e-5,-0.00019409523711511411,-8.117710178348207e-5,-0.00016332589943067406,-9.671364560392519e-5
2,indpro_lag1,-0.0007414323408799892,0.0001395031687291127,-0.0009494610123309481,-0.0005623006839670749,-0.0008537845207478593,-0.000635597471564314
2,t10y3m_lag1,-0.0019981655614338457,0.0018740013496606105,-0.005964075241657627,0.0002845339988736353,-0.004309348134118476,-0.00038419344040908
2,age_mean,0.0008620035834967438,0.0006190863657934079,0.0001934089265645698,0.0017114067785957785,0.00045780329338278655,0.0013579272695346655
2,female_share,-0.04503736355134288,0.014959845495386693,-0.06567949270341678,-0.02837763648609082,-0.05757256095983164,-0.03418514040925022
3,shock_g1,-0.005278370231951137,0.0042007084767195614,-0.012477799995864331,-0.0008743096958390532,-0.009770865528715277,-0.002649482756040459
3,shock_g2,-0.0028005937217618405,0.002210873612839095,-0.005660989419532219,-2.8200862759223365e-5,-0.004478223860275757,-0.0011093103946886345
3,shock_g3,-0.0014036715566709235,0.0026705679494182176,-0.005160223587376225,0.0017296018275312485,-0.0037976855607104835,0.0007168711503657691
3,shock_g4,0.0005291777583874702,0.0009901937923293995,-0.0009539621198621251,0.0019393018249822592,-0.00041788433567866616,0.001349935604547145
3,shock_g5,0.0012108858831595376,0.0013451871976277766,-0.0005522539320783053,0.0031008008116224037,7.336644309807218e-5,0.002474083442780152
3,shock_g6,0.001025612926232628,0.0008722636924386983,-0.00011197636432526414,0.002162417274656738,0.00027010517742330595,0.0017833979722802807
3,shock_g7,-0.0005352758209676671,0.0007216485764344999,-0.0015010498716112194,0.0004525479923292747,-0.0011558158409623446,3.0133830406308174e-5
3,shock_g8,0.00017626032822555207,0.0010454367334154157,-0.0010542733272062292,0.001685671201969765,-0.0006595175897967998,0.0011317977291965626
3,shock_g9,0.00032409362457744804,0.0005858416027785703,-0.000564844028580784,0.001184323469520411,-0.00021286889637641142,0.0008548484980667525
3,shock_g10,-0.00043375204742976154,0.0011061443579791523,-0.001921835777429594,0.0011032377007294827,-0.0014077710994369692,0.0004970650405680166
3,shock_g11,-0.00015147875113430653,0.001997688407422941,-0.002435138583858587,0.001982282500976342,-0.0017508524654692712,0.0014262203352737174
3,shock_g12,0.0008208021800067245,0.000757680824174288,4.662463923342205e-5,0.0017611513571162308,0.00033572296577253193,0.0014175120894472672
3,shock_lag1,-0.0012374881069111114,0.0011991531282583776,-0.003073880723797541,0.00026692767999672963,-0.002449277454841351,-0.000262270422175391
3,ylag1,0.33641376591655764,0.05661249473115005,0.2814392329767175,0.4210975601906752,0.30448398416035105,0.3862590271912291
3,log_oil_lag1,0.014071162050098432,0.002527871906152002,0.010822010115962018,0.017314758067211704,0.011891194623470287,0.01572402576542747
3,ffr_lag1,-0.004265285177831908,0.0013766025335026119,-0.006810434336860634,-0.0024948746212799418,-0.005908480693051858,-0.0031783579712739776
3,cpi_lag1,-0.0001571951717032024,5.151604269569571e-5,-0.00023175327544994954,-9.948519705816909e-5,-0.00020048593976766769,-0.00012224592945155467
3,indpro_lag1,-0.000880862548061705,0.0001667042916993793,-0.0011104181154319695,-0.0006644950996859012,-0.0010098244039823449,-0.0007503095370159283
3,t10y3m_lag1,-0.0023966347925318153,0.0023356362732933345,-0.007161743108503242,0.00041035397666371997,-0.005169207009741071,-0.0005218335032880115
3,age_mean,0.0001927373705587384,0.000646977456438887,-0.000485576786718441,0.0010940222586999764,-0.00020722412583723144,0.000723650933484091
3,female_share,-0.05439215368413447,0.015905487539549228,-0.07759649031956967,-0.03550073629750507,-0.06697695249175387,-0.043089299298052955
4,shock_g1,-0.003985310330993794,0.004203712810012558,-0.010785200729098868,0.0007111014482703796,-0.008152326396321194,-0.0012189656216735085
4,shock_g2,-0.002348362841124635,0.002153778750480759,-0.00564478938648209,0.00015510895859722172,-0.004204755077522842,-0.0009651259976885889
4,shock_g3,0.0018769973854961188,0.003277278591253893,-0.003090699999025205,0.00603796108414283,-0.001416635484877034,0.004467995866780803
4,shock_g4,0.0005162423753010408,0.0010301617975037659,-0.0011029906999131295,0.0019178848947060737,-0.0005493120140907242,0.0013701043385414956
4,shock_g5,0.003165282473763928,0.0015782990916645987,0.0010831999546413872,0.005434669064588752,0.0016868585098621673,0.004637306102847875
4,shock_g6,0.0009100893394399935,0.0009892468330924748,-0.0005509355466999934,0.0022397659656932796,2.8963645316262788e-5,0.001600890227483492
4,shock_g7,0.0011896355257064607,0.0008391649409067426,-6.137718483815047e-5,0.002210925864245897,0.00041020005656479885,0.0018241811452591398
4,shock_g8,0.0019463557953869452,0.0014114595256247947,0.0005749724425337299,0.004715160020581398,0.000955207712842955,0.0036499732383264575
4,shock_g9,0.0008080607228138795,0.000763764763464022,-0.00029583734698286623,0.0018301858493954641,8.194479050527064e-5,0.0014085560228825535
4,shock_g10,0.0015920254933949871,0.0012100885940195022,-0.00023487962393951237,0.0032412385653793146,0.0004943356604831931,0.002600903487462599
4,shock_g11,0.002743733111078792,0.0022846061937761225,0.0007641988763578854,0.0071900229978168525,0.001330822078562011,0.005612123952945854
4,shock_g12,0.001591759422802311,0.000726300880023184,0.0007041990680968068,0.0024549872322300625,0.0010920117519605831,0.002142974642388301
4,shock_lag1,-0.00036841085287509477,0.0014941896003187744,-0.0026736451359380734,0.0015752559449598946,-0.0018481625386255955,0.0009354200360137844
4,ylag1,0.26120156855078586,0.06323844661893992,0.20115854563665053,0.3507030671149563,0.2225823368382108,0.3166577724701263
4,log_oil_lag1,0.016658332506069594,0.0028231458978667363,0.013186257647327003,0.02056921167632162,0.014230254062489523,0.018684905169023568
4,ffr_lag1,-0.004666847784030787,0.001636922805936545,-0.007818568056482365,-0.0026318106240257075,-0.006595692386822268,-0.003444215171156268
4,cpi_lag1,-0.00016726567853736013,5.810578237227012e-5,-0.0002546243506927789,-0.00010306050019933695,-0.00021775790379256318,-0.00012602890682954893
4,indpro_lag1,-0.0009062711091879428,0.0001849333004081185,-0.0011603841449646618,-0.0006508277590419771,-0.0010497024252517876,-0.0007638004646707987
4,t10y3m_lag1,-0.002525549259150286,0.0027988733348461125,-0.008211435365474721,0.0007782479926849431,-0.0059544291006064475,-0.00042377339632861024
4,age_mean,-0.0009144485329361774,0.0006904811878933446,-0.00168796364283407,8.270846948567161e-7,-0.0013604611938748245,-0.0004172758259925278
4,female_share,-0.057744928152164254,0.015258417212119305,-0.07922486588955162,-0.040209360189300394,-0.07016617221004479,-0.0471598753176676
5,shock_g1,0.00046246738490474056,0.00404839136004286,-0.005046445407545591,0.0058682000098846145,-0.0030392523788307247,0.003348832786880907
5,shock_g2,-0.003949226032636125,0.002650720643265037,-0.00800434636641206,-0.000646323967262634,-0.006460486352488372,-0.0017910184243732272
5,shock_g3,0.0032789476884992957,0.003329433502358729,-0.0016375368967907478,0.007925574948223078,0.00020821894183410943,0.006006560625884574
5,shock_g4,0.002020146346432728,0.0012556317307080489,-7.273104872864214e-6,0.003667966900619377,0.0006672818502468569,0.0030353981235176526
5,shock_g5,0.003204992787755678,0.001814843159580167,0.0005455148083893888,0.005777623609089131,0.0013665608744519368,0.004927572238383196
5,shock_g6,0.0020494586045928867,0.0010491427118596939,0.0005322250182518157,0.003496182788188821,0.0011026365687039478,0.002890370607081364
5,shock_g7,0.001454001252964549,0.0008344572150468743,0.0004475739554718329,0.0026164156108872236,0.0008050918065301705,0.002176725052366188
5,shock_g8,0.002694392548445711,0.0014589191745416998,0.0010884305198752737,0.0053901409740988535,0.0016560155786881725,0.004399406654443397
5,shock_g9,0.0011634184843743868,0.0007695783507814604,4.78989652214878e-5,0.002220961926493394,0.0004613982327793065,0.001819738581330784
5,shock_g10,0.0020625791279582245,0.001440982561316116,7.282894257369492e-6,0.004047526109730384,0.000656788321720435,0.003325645083405511
5,shock_g11,0.004807627941700219,0.003196074225215671,0.0021072700681717934,0.01304508636195648,0.0028051791561571494,0.0103825329107845
5,shock_g12,0.0019299398074388119,0.0007751720804430983,0.0010185040922840551,0.00303760070200259,0.0013816424204936514,0.0025797977924611045
5,shock_lag1,-0.0005493447425906696,0.0013033056734213328,-0.0025332967706657903,0.0012948392714883924,-0.0017197742391288863,0.0006259637698524029
5,ylag1,0.22739322280816604,0.06594025621573256,0.1595959626152736,0.3260887043605021,0.18553176771827706,0.28739220961526546
5,log_oil_lag1,0.018322916720277853,0.003112966760674574,0.014756442054958227,0.02227819563810908,0.015919619944238086,0.020566830524956458
5,ffr_lag1,-0.004664502584758784,0.0018946117214254084,-0.00860002526220601,-0.002563434951505873,-0.006925243101167325,-0.003272092931751516
5,cpi_lag1,-0.00016193939646192668,6.311660865576157e-5,-0.00026022527969546465,-9.286723000675299e-5,-0.0002196986083656095,-0.00012384660651349984
5,indpro_lag1,-0.0008551336051003202,0.00020445667128354808,-0.0011559811219090071,-0.0005977927706499095,-0.0010264497866640245,-0.0006829509599139466
5,t10y3m_lag1,-0.0022555103527514167,0.0032545527598477238,-0.00859113748825017,0.001331197386856158,-0.006138978963415776,0.0001363856216688949
5,age_mean,-0.0021863501527430436,0.0007099347857141814,-0.0029840073199159044,-0.0012596721833028476,-0.002633023257910629,-0.001613224279343997
5,female_share,-0.05342875848997283,0.017150147847347526,-0.07808708249815649,-0.03314388317917587,-0.06773715963960213,-0.040876856085312024
6,shock_g1,0.002826661995558691,0.0033017928302869516,-0.0013301865317403992,0.0071674243982223565,0.000185342547571589,0.005506570528926367
6,shock_g2,-0.002111563229749375,0.0024086069976636203,-0.00587236170098398,0.0008660779951877549,-0.00416159470477265,-0.0003481539058603029
6,shock_g3,0.004356046595315957,0.003083579251955811,-0.00010030273950870257,0.008938476938266948,0.001759725045926057,0.0074766913763616785
6,shock_g4,0.0013109508046125816,0.0013004773309649718,-0.0009218337092764303,0.0028257391365688347,-0.00012960876472886598,0.002305595886215324
6,shock_g5,0.0029930677345764932,0.0016027048554732516,0.0006176200769438824,0.005257571021579286,0.0014842650785999304,0.004529556458819847
6,shock_g6,0.0017824859293259028,0.00100665919818702,0.0004224410724423099,0.0033051171695926227,0.0010064666801783315,0.0026624740153868517
6,shock_g7,0.00039408688289790917,0.0009718753609475204,-0.0008766001897431875,0.0016397943044829243,-0.00041917288262750753,0.0010972554715488552
6,shock_g8,0.0019209582280671077,0.001115546269025573,0.0005275999594183103,0.00364024647386899,0.0010046697698524979,0.0028581908168481157
6,shock_g9,0.001152667546449658,0.0007967087563287104,0.00015309073410107684,0.0023101328402715935,0.0004840734937374584,0.0018827639148491287
6,shock_g10,0.0015105512595118553,0.0013786605264110101,-0.0006411117396447836,0.0034036117888721837,0.0002339921374441994,0.002706001025438723
6,shock_g11,0.002639738146544888,0.0020704987079615397,0.0005901643623582044,0.006648213955432847,0.0012646000522389279,0.005108346456576127
6,shock_g12,0.0009598374462662642,0.0008197366361306452,-6.796485360692972e-5,0.0022259772554184634,0.00034646157538704915,0.0016607292387885813
6,shock_lag1,-0.0005983513085413449,0.0012770234932002731,-0.0023854615875618787,0.001416190798786696,-0.0016299863044546984,0.0006463269294645152
6,ylag1,0.2305564879689832,0.0667836918732046,0.1591565196038034,0.3337712939334715,0.18713428796555504,0.292627294714808
6,log_oil_lag1,0.019109600633386212,0.00345624420968629,0.015373101252771136,0.023427773231434055,0.016745975756574317,0.021754761376043406
6,ffr_lag1,-0.004327304609567691,0.0022041505833182134,-0.00899087330276925,-0.0020130318308013585,-0.00686565443779787,-0.0027339442037719736
6,cpi_lag1,-0.00014938852320825336,6.855841488559444e-5,-0.00026415675423737734,-7.572169789347789e-5,-0.00021490296784588639,-0.00010766617679920141
6,indpro_lag1,-0.0007466062945368723,0.00022463966658097,-0.0010768232638770354,-0.00047484705655443884,-0.000950885543335927,-0.0005709408379670455
6,t10y3m_lag1,-0.0018096618549289182,0.0038159703489548634,-0.010175231877083343,0.0023241801343738995,-0.006417110405870624,0.0007976532218812358
6,age_mean,-0.0033618083618157423,0.000752043286311973,-0.004245145448331966,-0.0024293447267113564,-0.0038447560568857734,-0.0027522470547527876
6,female_share,-0.053333785677697775,0.015983532387488085,-0.0743999323043853,-0.033062333379897654,-0.06624841028996409,-0.04123534569151304
7,shock_g1,0.003023454154470657,0.0032474228109878136,-0.000838405586865174,0.00774626169571389,0.0006168086788720809,0.005903299651629258
7,shock_g2,-0.0029111265725719968,0.0020890645956666972,-0.005719309942137145,0.0001300116540045534,-0.004697730009815921,-0.0009446008969216974
7,shock_g3,0.003870946057530832,0.002814074741458846,0.00015960268020218148,0.008495675602984587,0.0015683614732836687,0.00689147116483136
7,shock_g4,0.0015270041984981795,0.001155681176473522,-0.0004592722655816458,0.0030403151128837493,0.00035946891137926236,0.002598232399349052
7,shock_g5,0.002712573479287071,0.0016547274724957289,0.0003531983482576834,0.005193003717062383,0.0011511187506708263,0.004371373579209509
7,shock_g6,0.0023478828586995454,0.001065297524922816,0.0010767419902353746,0.004047507698796131,0.0015178558411943809,0.0034189422889809497
7,shock_g7,0.0006963262633503213,0.0010886422743843524,-0.000549872254929978,0.0022173388764337816,-1.7004202884333508e-5,0.0015663422737007854
7,shock_g8,0.0018677443556275094,0.0012311485354622922,0.0004571611173917157,0.004040845602680627,0.0009443308382159916,0.003272414018242256
7,shock_g9,0.0014034256535490328,0.0008166234524259125,0.00047689025849461124,0.002749147193317411,0.0008357067380063868,0.0021796846524992164
7,shock_g10,0.0011560738211162111,0.001448915084656737,-0.0008606222649854278,0.003296185198995277,-0.0001911276115487636,0.00249643488107184
7,shock_g11,0.0038513142366749394,0.0024504639652723676,0.001601322082169372,0.009792961763627709,0.002353074578914918,0.0074818216248175706
7,shock_g12,0.0001087884378837101,0.0008508813257890563,-0.0009017402994785507,0.001415238043104475,-0.00046271984079826234,0.0008758629365478408
7,shock_lag1,-0.000885961371797992,0.0010675339396683608,-0.002210899500071778,0.0008595249973131286,-0.0017384692736355147,0.00018367162279427074
7,ylag1,0.2735772605270365,0.06428913749939727,0.1925786151652184,0.36959651794247594,0.22967627658185102,0.3304282654236674
7,log_oil_lag1,0.0187225597605035,0.0037472427535144228,0.01481483520098954,0.02396793895841679,0.016251358284508268,0.021860770646534786
7,ffr_lag1,-0.003330195156473443,0.0024330155917492865,-0.00866937751154985,-0.0008836725294133277,-0.0061966837053038125,-0.0017383959222736784
7,cpi_lag1,-0.00013759143281704596,7.188457142740125e-5,-0.00025627049927694505,-6.775991672817736e-5,-0.0002084720846783807,-9.544541223856607e-5
7,indpro_lag1,-0.0006086953018742258,0.00024170329381804876,-0.0009577164044143492,-0.00031241717714409925,-0.0008262520850040792,-0.00042831292219703415
7,t10y3m_lag1,-0.0009006843301975347,0.004259787974540306,-0.009671694129931118,0.003281574863627002,-0.005982714884896193,0.0018679021293114963
7,age_mean,-0.003445256288884147,0.0007517342577959723,-0.004410602927078843,-0.0024959150435183027,-0.003930310100437598,-0.002853611931258511
7,female_share,-0.05434527271428431,0.014664073017357365,-0.07485520772886078,-0.03584814067558144,-0.06578372615995648,-0.04308670331725493
8,shock_g1,0.002200713572819005,0.003401256153877714,-0.0013381407438498344,0.007763448085847344,-0.00020431062193417612,0.0054605916805513036
8,shock_g2,-0.003057626831897428,0.0018820865421257358,-0.005702680951644374,-0.0006117376491137729,-0.004491023864356209,-0.001597984839333449
8,shock_g3,0.0030273559522141246,0.0027519611167878054,-0.000103706876691713,0.007887034781044907,0.0012200530673696364,0.005790883287316867
8,shock_g4,0.0023874043559306887,0.0010294151417308739,0.001089095002501609,0.0038493923614547993,0.0015571232028600984,0.003392958332471721
8,shock_g5,0.0020944692715104043,0.0014622761371471588,0.00019221687020100375,0.004308164824018274,0.000896755783499343,0.0035577530763166686
8,shock_g6,0.0015940401693231901,0.000981473545398477,0.0004716284749942295,0.0033545809416479075,0.0009042317726064551,0.0026550474598331765
8,shock_g7,0.001020242499957834,0.0009877067579650881,6.36638229586841e-6,0.0024419764832376645,0.00042750660799584206,0.0018541971040663104
8,shock_g8,0.0015084962089805102,0.0010310912320318174,0.0003532625766403978,0.003334578177763175,0.000859135093498982,0.002648134561025821
8,shock_g9,0.0015335891415555125,0.0008109699092477442,0.0006109144656239245,0.002983873624998621,0.001030146938859938,0.002308726739437302
8,shock_g10,0.0005358780074645489,0.0013368430834034893,-0.001055004207557132,0.0027138962379006986,-0.0003402518764645153,0.0019893969000190238
8,shock_g11,0.004121510555988267,0.0016324937158244098,0.002521059785854855,0.0071654095299664555,0.003040440234561563,0.006060076498805456
8,shock_g12,-0.00042362052990769367,0.0007089070564829348,-0.0012450377714845558,0.0007041867162042223,-0.0009530099369357546,0.0002730221848373589
8,shock_lag1,-0.0002560832178260918,0.0011259476799436285,-0.0016468538666617888,0.0016785785394074061,-0.0010612502450195378,0.0009583925468059215
8,ylag1,0.35524586572002764,0.0640166030495746,0.26981666907073976,0.4410437844930807,0.30476998093974245,0.4094440467473993
8,log_oil_lag1,0.017137001617149195,0.003926907539509218,0.013262325701561429,0.023341133245476074,0.01477214506345014,0.021025382424390934
8,ffr_lag1,-0.0017335959838170568,0.002460339364201502,-0.007538987045366824,0.0006916469539002231,-0.004512553720476397,-0.000260845898099614
8,cpi_lag1,-0.00012324436373116484,6.960392506965925e-5,-0.00023301012598788966,-5.628141517952226e-5,-0.00018879575429132635,-8.127564166746584e-5
8,indpro_lag1,-0.0004302992135983159,0.00024252482024539842,-0.0007852552910850425,-0.0001328566550357949,-0.0006521524663977563,-0.0002441995061901993
8,t10y3m_lag1,0.00039125573093144256,0.004329522915500439,-0.00856044720312409,0.0045120807303005465,-0.00447770092398002,0.003084893062129996
8,age_mean,-0.002703155048855642,0.0007485508373297539,-0.003615710398460534,-0.0017324605166813454,-0.003224011677276396,-0.00208597164063305
8,female_share,-0.06145307651581917,0.013132998012991393,-0.07866875073853857,-0.04498102878981465,-0.07197761162750015,-0.0516735136922121
9,shock_g1,0.0023220100057068215,0.0036243197768545776,-0.0015527419883662268,0.00847836572170118,0.00010785355160764518,0.006036360767392113
9,shock_g2,-0.002016817728039285,0.0020721589125755812,-0.004905391373301539,0.0006218538844632395,-0.0036021300804282776,-0.000218918003146456
9,shock_g3,0.003149296182727935,0.00289240162012564,0.00011926706402501592,0.008808526538783215,0.0012036362428886579,0.006335752765714115
9,shock_g4,0.002197363093252625,0.0010059249928631906,0.0011332295138097163,0.004064426422695841,0.0015075892802948016,0.00336181691932804
9,shock_g5,0.0030099408530522963,0.0014183788143418397,0.0013592636332628854,0.005313826315712471,0.001866668009120387,0.004615905293419066
9,shock_g6,0.001902140821485792,0.0008623628610313015,0.0009089860579263326,0.0034044610315652445,0.0012306971359083627,0.0028683082647448
9,shock_g7,0.002077281351676523,0.0008426190649383624,0.001167801452082832,0.003412269243817826,0.001539395170932622,0.0029480374388451136
9,shock_g8,0.002152927441559256,0.0010666632447680609,0.0009648518497288548,0.0041987072727830725,0.0014662996077050678,0.0033021049467144977
9,shock_g9,0.001994482353891776,0.0008139722537540847,0.0011616982715602626,0.003604985102228866,0.0015382591723496451,0.0028484617691396973
9,shock_g10,0.0023341782324478046,0.0013120265500120786,0.0009676886377005282,0.0047565529586242015,0.0014362706539063378,0.0037451064684927635
9,shock_g11,0.004405652453962608,0.0021535616449731903,0.0025452102901901913,0.00860944303143251,0.003296465433438,0.007141163192937379
9,shock_g12,0.00048274623159216357,0.0005897725708610797,-0.0002800239726097407,0.0013504933321431879,2.1474772607636943e-5,0.0010508946989434165
9,shock_lag1,-0.00012406855771782976,0.0010893656432908207,-0.0015561556924440134,0.0016756394681585697,-0.0010532129135368477,0.0010383396807680785
9,ylag1,0.45928354312837444,0.07749256962589418,0.32118038842170915,0.5477195697150443,0.37725053080110416,0.5090537472779834
9,log_oil_lag1,0.015735226331146934,0.004199082784881146,0.0117280376409478,0.023138167397384793,0.013260951124604355,0.020366337025432477
9,ffr_lag1,-0.00037852557414908916,0.002563432772392666,-0.00656690444993255,0.0020602912446114987,-0.0033078701372100654,0.0012693808268024265
9,cpi_lag1,-0.00012075715343285013,6.757584387631568e-5,-0.00022314000364601893,-5.992900025200187e-5,-0.00018294884081431541,-8.068869827658492e-5
9,indpro_lag1,-0.0002488048994366852,0.00024353219228472582,-0.0005979699788641961,5.832807465850818e-5,-0.0004560881226299712,-5.741665595708671e-5
9,t10y3m_lag1,0.0009458772672446709,0.004420050774841659,-0.008335253390801068,0.005146384092751854,-0.004100868023351369,0.0039104904354356545
9,age_mean,-0.0019135156018642693,0.0008876408433172887,-0.0031804930247073685,-0.0009373929367597042,-0.0027014505033924855,-0.0013072848155147206
9,female_share,-0.046129322160682606,0.01395840141429803,-0.0631288395136847,-0.028959736728065125,-0.05726260527132525,-0.03521720925368418
10,shock_g1,0.0035308904638178813,0.0030724686305763473,3.248974504847487e-5,0.009050602603604014,0.0015096755180608631,0.006774635028114654
10,shock_g2,-0.0011592444920069515,0.002603448890080729,-0.004107086591966836,0.002834006405325908,-0.0029792802090975934,0.0013586281145362132
10,shock_g3,0.004145666263435137,0.0026973108616617793,0.0012523992578587165,0.009200044221275435,0.002352239184448453,0.007253382804312845
10,shock_g4,0.00241597356502815,0.0011443176362232377,0.0012075771331525348,0.004632845521554284,0.001630741612758605,0.003781029863813786
10,shock_g5,0.0031928578363628747,0.001559768287995957,0.0014937319079778532,0.006007504631814053,0.0020179778853678435,0.005009213068882621
10,shock_g6,0.002237823668663111,0.0008991698000818296,0.0011971305262120687,0.0038012706746291106,0.001516562423184411,0.0031955932092710667
10,shock_g7,0.0014882886143092458,0.001080851565561742,0.00029941826623533984,0.003394156528534951,0.0008538212465458968,0.0026015923909564163
10,shock_g8,0.002105623507538573,0.0010420002828122428,0.0006897093702941857,0.003810260685743379,0.0012267095394575692,0.003065280208975496
10,shock_g9,0.0017146360326900372,0.0007382273649108217,0.0008576151453500477,0.002967865444171774,0.0011990522519051015,0.002503845719030265
10,shock_g10,0.00307699999398149,0.0013136795645425842,0.0016364939785858798,0.005604971103100813,0.0020927788511250637,0.004600753108957576
10,shock_g11,0.0019903290643913016,0.0018078931451406296,-0.00031405730845595345,0.004406764320663926,0.00045455400096887236,0.0037106261437500516
10,shock_g12,0.0008701498381570662,0.0005437740452210457,1.6281116357139353e-5,0.0016336063403672987,0.0004143445950165424,0.0013413189259723107
10,shock_lag1,-0.0010255667659116504,0.0011741899950810006,-0.0028511082807913257,0.000650588216025952,-0.002142933549107943,4.4645275023232544e-5
10,ylag1,0.5544529710827102,0.09686642830930774,0.3207555948207284,0.6418603550400681,0.4189967293013618,0.6101834294644641
10,log_oil_lag1,0.01485571800957974,0.004638520549614297,0.010616790336126376,0.02324466349365454,0.012178938554166767,0.020069049828089956
10,ffr_lag1,0.0008740685406684966,0.0025648439929216757,-0.00520096576928346,0.0034319760193635422,-0.0021621354128554668,0.002500305624548984
10,cpi_lag1,-0.00012028713550046715,7.000872142217453e-5,-0.00022014426635798414,-5.825280227156526e-5,-0.00018327004600981474,-8.041545698792162e-5
10,indpro_lag1,-8.531215820889888e-5,0.00024765262908600985,-0.00042281942768667986,0.00021832362454602474,-0.000276011218899253,0.00011066870322451659
10,t10y3m_lag1,0.0013867044372566045,0.004426207676902918,-0.007867563460571127,0.00588197098315551,-0.0037400745898303164,0.004354094592249178
10,age_mean,-0.0011843331173677595,0.0009320057313100784,-0.0027880358655644017,-0.00017403062657876819,-0.002079558789002096,-0.0005431527819246729
10,female_share,-0.02180905948936696,0.014299628789439028,-0.03951483698354234,-0.00394763161858357,-0.03278784253163796,-0.0116637264278802
11,shock_g1,0.0027338772889778542,0.002167668244253638,0.00042711011340965674,0.006438149159159044,0.0013698835408977855,0.0048781000575615335
11,shock_g2,-0.0016787231749390552,0.0027987762706215102,-0.005014215806680693,0.002863881022009287,-0.003778831693977044,0.0008240728565229261
11,shock_g3,0.0030166660732071004,0.002587960447933171,0.0003940708270760221,0.008276073003750054,0.0012671322068938356,0.006126941791390561
11,shock_g4,0.002798063979068081,0.0012112735829393124,0.0012219038734078346,0.004792865931426609,0.0017183518730854387,0.0042577004965385756
11,shock_g5,0.00181762397522458,0.001795225526416459,-0.00024003115224812072,0.00497634565770398,0.0004550601453176459,0.003949138147245249
11,shock_g6,0.0018895471404728127,0.0010218715517313242,0.0004655679087126191,0.003477094406400335,0.0010829414318799166,0.0028399070066991924
11,shock_g7,0.0003834038086594891,0.0011639854414818972,-0.0011918639391704357,0.0019508490204550037,-0.0005206944822923323,0.0014090051308917801
11,shock_g8,0.0013002833650163337,0.001573753184229458,-0.0014733641718234882,0.0031005977410159965,-0.0004555449036785543,0.002503246835910385
11,shock_g9,0.0011358711296842409,0.0007253516331850688,0.00022690680514580942,0.002265991463005349,0.0006470800059932772,0.001943156846819801
11,shock_g10,0.0018697694866895848,0.0015484900733875732,7.862773167360252e-5,0.004535629618475213,0.0007744489913330888,0.0035033361450267507
11,shock_g11,-0.00010731913054959329,0.002960846943524935,-0.006092592014331006,0.0030583221913218356,-0.00396688455857438,0.002094275920159573
11,shock_g12,0.0008665618061855718,0.0007427310204597712,-0.0002464482264977788,0.0017482104824276161,0.00025365573640871047,0.0014290574269615534
11,shock_lag1,-0.0008029498464309226,0.001085201747222383,-0.002395223689190231,0.0008148253370099446,-0.001790584266759371,0.00032667018763830056
11,ylag1,0.5918149134929717,0.10895610910632259,0.28245063424934813,0.6832954949267009,0.4343736853898825,0.6464238867184928
11,log_oil_lag1,0.014714474662001166,0.005040442586971585,0.009985727628500082,0.023481351867337276,0.011840337570947058,0.019994974806385887
11,ffr_lag1,0.0018257757521836068,0.0024806055384788087,-0.002923127798794024,0.004352560038641706,-0.0006940249570274763,0.003445308859634991
11,cpi_lag1,-0.00013024238400996492,7.501574570520284e-5,-0.0002241466204854273,-6.22274452281593e-5,-0.00018957985049566516,-9.240376796216385e-5
11,indpro_lag1,3.6384008696217e-6,0.00025462017363477013,-0.0003578110856892395,0.0003240993811563447,-0.0001852683924436505,0.00021701101117838263
11,t10y3m_lag1,0.0017856648690670507,0.004339277489769558,-0.00593851851423316,0.006338540722417026,-0.002635796698602672,0.004820423482238955
11,age_mean,-0.0003298359371329803,0.0007830594860303899,-0.0016589915640458273,0.00060769447612246,-0.0011084530088621202,0.00031705854082158966
11,female_share,-0.015696217134968927,0.014417427638749888,-0.036624573898222657,0.0017552034005652896,-0.02855362595923791,-0.004628061528729912
12,shock_g1,0.002879515571981641,0.002301292642113178,0.0002603828455919701,0.006211474502611355,0.0012735789929849773,0.005037896273045581
12,shock_g2,-0.003017770597671,0.002443390181655428,-0.006028212506664667,0.0011562999733283974,-0.004875329539211063,-0.00035104181120966397
12,shock_g3,0.004151688946722659,0.002593635262263535,0.0014808115032091426,0.00912657482723745,0.0023023471064755946,0.0070784767027527295
12,shock_g4,0.002343840999260018,0.0010859949705017858,0.0010515443259102122,0.0044968446120427115,0.001466528395824315,0.003695033115616902
12,shock_g5,0.0029293427998621593,0.0017479758502002972,0.0011840644151705478,0.0065079168872660634,0.0017722756152494564,0.005410450935303091
12,shock_g6,0.0019629612145731484,0.0010754164701581718,0.0008733589923566219,0.003786578815206619,0.0013601682741626758,0.0030108350275200426
12,shock_g7,-0.00014590622741127363,0.0010759772932563603,-0.0012598676534161146,0.0014884389991988195,-0.0008220487382935338,0.0009113276592958448
12,shock_g8,0.0023400386271301707,0.0011518060192784428,0.0008318006927511058,0.0041490795056982254,0.0015042600077498033,0.0035666334523032327
12,shock_g9,0.000984102020233268,0.0007536758580623022,7.693178543845584e-5,0.002327205560754995,0.000488647565180878,0.0018041016265316415
12,shock_g10,0.0031606618176529305,0.0016060498491278674,0.001421894518274433,0.006177347510837176,0.00207553438546303,0.005006495146039356
12,shock_g11,0.0020278467469235237,0.0018656456136117504,-0.0007026026624563993,0.0045981642527641205,0.00045488168957717083,0.0038321361509490656
12,shock_g12,0.0010580426728964644,0.0006962660236653279,0.0004319004344235372,0.0020393518160142935,0.0006498259073147235,0.0016668190503655099
12,shock_lag1,-0.0013367162210259197,0.001068015799548232,-0.0027105027625009418,0.0003653537470293426,-0.002168297256985679,-0.0001702593369551596
12,ylag1,0.5199933660254136,0.0967147560112496,0.28470617858624364,0.6044827746798249,0.3941206009368993,0.5730827228173907
12,log_oil_lag1,0.016509496643613175,0.005214617473028901,0.011452259554349772,0.02515563605355063,0.01346114901137135,0.02153076654484851
12,ffr_lag1,0.0017754513466174816,0.00234328214299259,-0.002300485859842776,0.004379494269209527,-0.0003141370315053924,0.0034517128925919023
12,cpi_lag1,-0.00016367020199666412,7.698327856361595e-5,-0.000248772558816136,-8.830977469487202e-5,-0.0002210599510934354,-0.0001227557607363004
12,indpro_lag1,-6.343132499140585e-5,0.0002526242067154103,-0.0003644208254443463,0.0002761815397829125,-0.00024483446690586893,0.00015943001671220566
12,t10y3m_lag1,0.0016631894999700604,0.004187966910628412,-0.004938999786794429,0.006362481196410773,-0.0019120777504237209,0.004838203403881596
12,age_mean,0.00035673191952273735,0.0007335992246021342,-0.000728713055271167,0.0012781836206605787,-0.00027297047406824905,0.0009523649273300802
12,female_share,-0.02040302271705457,0.01579983444815278,-0.0427659199574639,0.00016875733701399165,-0.032576589893252586,-0.007128995358489114
13,shock_g1,-0.0004878729887291697,0.002591193424346705,-0.003492164029066293,0.0035175794929562967,-0.002209102916864884,0.001961815866895674
13,shock_g2,-0.0012774980059461576,0.002569954313084002,-0.004518403335868542,0.0027045512427699937,-0.003178030576536552,0.0014455359032745296
13,shock_g3,0.002324445401416688,0.002903193614692454,-0.0010162151118265146,0.007821901908203952,0.00041906768632300317,0.005332885578003543
13,shock_g4,0.002006847723838106,0.0011129095653085025,0.0005822663668010068,0.003963247778874702,0.0011189656606526847,0.003336590325686887
13,shock_g5,0.0024565305938142666,0.0016817985397904987,0.0006557549785134033,0.006027511667465077,0.0012791049427338726,0.004784200668891409
13,shock_g6,0.0017649435367558283,0.001060700241628206,0.0005558104515789419,0.0034796326234624196,0.0011389353304407726,0.002801915796651136
13,shock_g7,0.0003809765349444246,0.0009141720536820252,-0.0007213973730805956,0.0018770651380953416,-0.00030296934877396267,0.0012590226138436617
13,shock_g8,0.0018998841781284897,0.00121117505494445,0.00046632807131419957,0.0038371159416408394,0.0010182675722208113,0.003122515629645106
13,shock_g9,0.0014882711962217847,0.0008344588808145928,0.0004639434596302892,0.002850247610266741,0.0008859064751530882,0.002321774142979783
13,shock_g10,0.0027417741857438797,0.0015081413761264646,0.0009943263167022565,0.005453646758296142,0.0016546600356695483,0.004394833211876388
13,shock_g11,0.00174630502462636,0.0019065626966250188,-0.0008572315537359412,0.0043555965499567,-3.1653350585232045e-5,0.0035291462520147983
13,shock_g12,0.0010401410809936017,0.0008637987113623944,0.00014785143863690203,0.0022659101574049626,0.000532039948146546,0.0017759318337216415
13,shock_lag1,-0.0011944938061569477,0.0011488150975085835,-0.002805442385239944,0.000614479167705053,-0.002112445434332991,2.3920610538870303e-5
13,ylag1,0.3899727097554923,0.07919624003118662,0.25407009157724836,0.46880702268298974,0.3074053712918735,0.436097212303685
13,log_oil_lag1,0.0193375106261994,0.005271077872143691,0.01358981175633276,0.02722504227013722,0.01594698622758222,0.02425307356997614
13,ffr_lag1,0.0012665626842396135,0.0022306884822551583,-0.0020559341608117955,0.0038060886256432213,-0.0004268232086765489,0.002873758401168898
13,cpi_lag1,-0.00019530938711762272,7.882502038961508e-5,-0.00028089378759596023,-0.0001079131597148366,-0.0002537750831119622,-0.00014895445037482838
13,indpro_lag1,-0.0001769809466761633,0.00025105446488228524,-0.00046559158764160986,0.00018695413937416612,-0.00035073285343622824,3.842836548160946e-5
13,t10y3m_lag1,0.0015283155473328441,0.004016380976703913,-0.004428862692949148,0.0062249126154030575,-0.0013232230843373662,0.0044871730195881875
13,age_mean,0.00032103949753513425,0.0007925030307892306,-0.0007795650558593273,0.0013280877261485067,-0.00031646517150339204,0.0009285850955142219
13,female_share,-0.02709918799552172,0.018526511273386084,-0.05430949510477279,-0.004287552292750706,-0.04144580588224036,-0.012880120711281882
14,shock_g1,-0.0020919558357157704,0.0030622165327642225,-0.006486543829572247,0.0021647166168712872,-0.0047776844731599235,0.0003080286255777399
14,shock_g2,0.001443217255412793,0.0025720965314350417,-0.001330978554830498,0.005704403747716379,-0.0002567385407257869,0.004083385500252385
14,shock_g3,0.0011098697206248242,0.0031309753735259743,-0.0027074585227233015,0.006233849676595099,-0.0014504358086344581,0.00405456577466912
14,shock_g4,0.0023971456852056507,0.0012098988043476452,0.001060838649918072,0.00443047701619605,0.0015441177941167507,0.0037719457786837924
14,shock_g5,0.0028937801464657387,0.0017731934477547924,0.0009904210334660012,0.006235440388493758,0.0015804921011158242,0.005087421166572188
14,shock_g6,0.0016373008149947344,0.0010355866852651114,0.00040871638496901364,0.003288031096076621,0.0009432300576705584,0.0026677043924008166
14,shock_g7,0.0017407520045118734,0.0011244941688347068,0.0004468311083924198,0.0035256391634434217,0.000962856095200771,0.002851120347852192
14,shock_g8,0.0018320094400611244,0.0011129693499867972,0.0003976096570766424,0.0037142399684349926,0.0010585945686242366,0.002978205000866127
14,shock_g9,0.0016262845292059627,0.000811224944757115,0.0006524012849393408,0.0030518527634863383,0.0010655348366297767,0.0024218736197101458
14,shock_g10,0.0027129974871984218,0.0015339938624641587,0.0010960287155532577,0.0055233938957403115,0.0016574947290073588,0.0043807747644600496
14,shock_g11,0.0024007248615412562,0.0015633326747303295,0.0006280021421063225,0.0050218998254525984,0.0012722655625726435,0.003979335814717887
14,shock_g12,0.0018071828047878343,0.0008262156127085767,0.0008585655306444366,0.003035309852212717,0.0012373639217060108,0.0025035809220275854
14,shock_lag1,-0.0011502352258688049,0.0013585570662753127,-0.003075707468235646,0.0008488762653332356,-0.002385422906797192,0.000154423468000366
14,ylag1,0.2525017107969685,0.06487436811239074,0.17487019140517304,0.32570951915733576,0.21053932478073828,0.29807296754562274
14,log_oil_lag1,0.02252942363790255,0.00538337667481961,0.016168552598939033,0.030034271173438445,0.01874863681026367,0.027043886811122977
14,ffr_lag1,0.0006746018709087616,0.002118813523357373,-0.002060916079028655,0.0031220202596893435,-0.0009639249106694841,0.0023008404315319796
14,cpi_lag1,-0.00022742255397547985,8.39898851675135e-5,-0.000313556624594724,-0.0001308217093907755,-0.0002896368553707303,-0.00017220981690134493
14,indpro_lag1,-0.0002831723094549485,0.0002541128815365202,-0.0005787322781316951,8.939077612841155e-5,-0.0004658407943142228,-5.580133150515386e-5
14,t10y3m_lag1,0.0013613770847574365,0.003857864361731261,-0.003591932573766745,0.006004893860892116,-0.0013934679479010524,0.0043142020784410545
14,age_mean,-3.899696131233225e-5,0.0008371370839036025,-0.0012249619115628507,0.0010126006857290027,-0.0007153105555100034,0.0005687583456015048
14,female_share,-0.04155095834616134,0.020484705781067526,-0.06920229639942715,-0.016970801469236893,-0.05809479482415028,-0.027189463312879712
15,shock_g1,-0.002597015690912692,0.003643077627996513,-0.00801815180781101,0.0022005585318767293,-0.0060706072617496,0.0004192368712075136
15,shock_g2,0.0016622237028811478,0.0023722873338113187,-0.0011652835633212421,0.005362132215724317,-0.00031283413182290644,0.003898578194508357
15,shock_g3,0.002187535508614925,0.0034574673052285175,-0.0025186437734863987,0.007312723804891523,-0.001022853116256398,0.0052249619854327755
15,shock_g4,0.0025833125749125815,0.001210047377489527,0.0010754829564416655,0.004606528075892366,0.0016661997224728994,0.0037671276675257065
15,shock_g5,0.0029884530437559115,0.001853973832210427,0.000660274473704842,0.006183700952745445,0.0014580675288770272,0.005075082736042505
15,shock_g6,0.0019780482080344304,0.0011041330617701935,0.00036435416036707086,0.003621927341561071,0.0010406657568524439,0.003090449997633645
15,shock_g7,0.0011689905185209375,0.001139982962236294,-0.0002155321028438587,0.002708281316190988,0.00039478662005722285,0.002094736757591389
15,shock_g8,0.0024541783337280213,0.0012319342595142036,0.0009066396708757238,0.004579373391675809,0.0014836396650453076,0.0036979885980332914
15,shock_g9,0.0015792516475484075,0.0008450466155585745,0.0005783341084275124,0.0029797835539746324,0.0010086921057889213,0.0024048998881337053
15,shock_g10,0.0025541896667191665,0.0015791232547556374,0.0006125407798881887,0.005359467661839532,0.001267641615199325,0.004135760091431958
15,shock_g11,0.0027594156510609515,0.0017392699835958748,0.0008386039112183732,0.006006374701036226,0.0015087110980300685,0.004831182077350263
15,shock_g12,0.0021774644717923843,0.0009001015703578562,0.0010116336560786817,0.0034444265790690006,0.001531267416916777,0.0029358901909492855
15,shock_lag1,-0.0004475909321593802,0.0013088460207682756,-0.0025516208340175687,0.0013492790831479498,-0.0018355491725881449,0.0007882573565254022
15,ylag1,0.14575297400523188,0.05845693300958856,0.08986173988002541,0.22049962642404664,0.11257860469375959,0.19283630084960685
15,log_oil_lag1,0.025202387941883942,0.00551291756222965,0.018212812517062152,0.03252513954270823,0.021144004508036003,0.029679947301220647
15,ffr_lag1,0.0003301135847652375,0.002014653657633316,-0.002251797244426367,0.0027105206005521025,-0.001151699013892744,0.0019182130989919258
15,cpi_lag1,-0.0002415770795528189,9.084162990841695e-5,-0.0003357546122520843,-0.00013078496660275883,-0.00030505946215774637,-0.0001792022143614643
15,indpro_lag1,-0.00032122236068847406,0.0002601966211479356,-0.000616221767515043,6.597481302368917e-5,-0.000511779624561392,-0.000115619891296068
15,t10y3m_lag1,0.0014403806124047226,0.003704302591434726,-0.0030891079774468043,0.005720984042465186,-0.0012089107902102632,0.004048178872167632
15,age_mean,-0.0008924304474770829,0.0007816874157734571,-0.0019019376050203544,4.97821439059225e-5,-0.001418137478288142,-0.0002832129091252677
15,female_share,-0.043564198294251816,0.019841498847364473,-0.07120804749359004,-0.020952227646749696,-0.06019981425405604,-0.02882079306381733
16,shock_g1,0.00017883669228606268,0.0038928068851624108,-0.0057125315152586065,0.00522681829593846,-0.0037244714121369847,0.0029749757393807237
16,shock_g2,0.0017548539562071133,0.002208586446258891,-0.0011828731948065824,0.0048960426721668966,-0.00029213714634021386,0.0035167606382216655
16,shock_g3,0.0038469247523772853,0.0037351275752390864,-0.00117349453099431,0.009334704493037665,0.00011078722395997534,0.007106419482724042
16,shock_g4,0.003067989544341529,0.001277979676211407,0.0015926780879584653,0.005173271837503362,0.0021260403975589424,0.004368177480462441
16,shock_g5,0.004085891325817658,0.00185030329343889,0.001961222494334829,0.007337768705821673,0.002512429685342276,0.006148432068477976
16,shock_g6,0.0024471121013397833,0.0010190905867873072,0.001074038854993056,0.004065340321881372,0.0016520497864850618,0.0034373890969528736
16,shock_g7,0.0023086874878653053,0.0010828416298328386,0.0009479348671452687,0.003773031326684294,0.0016255880989070857,0.0031934048675661152
16,shock_g8,0.0030884516189002773,0.001082472296728088,0.00174718822701024,0.0046926087369671965,0.002219289307871892,0.004143418074400651
16,shock_g9,0.001798403239423644,0.0009043000778961432,0.0006141532666714504,0.003247806016926842,0.001069444054734768,0.002703752361458484
16,shock_g10,0.0037180882753155542,0.0016424221866131695,0.0015515272812918982,0.006111965364917746,0.002329374030306604,0.005242584914103986
16,shock_g11,0.0023431825334079806,0.001318267111799814,0.0008457063561807007,0.004320151458060811,0.0014181511054489203,0.00354786302145934
16,shock_g12,0.0023424290710862814,0.0008691210026880386,0.0012879823699927133,0.0034781225328177666,0.0017582756755863496,0.0030637852144733482
16,shock_lag1,-0.0006617082461124945,0.0015634283650391963,-0.003352247419819169,0.0014314508605117117,-0.002530003179642656,0.0006231502484087147
16,ylag1,0.07568279815063483,0.0578119004904117,0.01922515529471007,0.152165094667226,0.04434110096580573,0.12297605795872456
16,log_oil_lag1,0.027063033420585633,0.005596760278062273,0.020038443821791534,0.03444314598983241,0.023172306849688726,0.03163356858678846
16,ffr_lag1,0.0005680971732710001,0.0019534521823962995,-0.0019154901296900818,0.0030762970449424677,-0.0008338341873360737,0.0022055270386529793
16,cpi_lag1,-0.00024339261124325912,9.834069315561565e-5,-0.0003420496819428343,-0.00011581676637847734,-0.00030869713541597344,-0.0001757037415523997
16,indpro_lag1,-0.00031305210293237825,0.00026405495756331846,-0.0006055799728345737,7.713909931184612e-5,-0.0005018561228701025,-0.00010366528530432223
16,t10y3m_lag1,0.002059659524081274,0.0035632307277949802,-0.002446721707405483,0.006323642195688963,-0.0004680648201651834,0.004631355372884144
16,age_mean,-0.0014307807278978431,0.0007872689185462889,-0.002462215215071493,-0.0004965287971687072,-0.0019884239081407267,-0.0008329423552665756
16,female_share,-0.05232555914615331,0.019314212033433947,-0.07662811677545321,-0.029177404282487412,-0.06809557287812641,-0.037877692776283424
17,shock_g1,0.002586547285198006,0.0031919566965725606,-0.0024206689199221796,0.006673092687973002,-0.00044698900741486827,0.005165992357679139
17,shock_g2,0.0030975240333134648,0.0022909571322665234,9.839053534411134e-5,0.0061045526784269015,0.0011442097899997,0.004946514971488543
17,shock_g3,0.006472218935840562,0.003908120345105742,0.0008845382017811359,0.012586612133651628,0.0028666022994592835,0.010409473038047169
17,shock_g4,0.0020805011190364354,0.0013130741314098817,0.0002098470141078683,0.004167284858822277,0.000887574429071343,0.0034550621423586336
17,shock_g5,0.003383987383258744,0.002206746267211512,1.1013539724192677e-5,0.006710611283363527,0.001257585947345386,0.005436920494523302
17,shock_g6,0.002141784455593804,0.001305326089425512,0.00011647553051443013,0.003957048865733285,0.0008661499073103994,0.003238462866850902
17,shock_g7,0.0015737245446245315,0.001272328260809283,-0.00010822015525005827,0.003171226512577591,0.0005016049797934542,0.0026118992113593606
17,shock_g8,0.001461754350439151,0.002286203354041402,-0.004013057999112637,0.0036249641028072146,-0.001573096103659653,0.002968481983019199
17,shock_g9,0.0017048053914355545,0.0009717188716151304,0.00042508370947074315,0.0034088176368288372,0.000932995195061408,0.00272885197068266
17,shock_g10,0.002815586202547958,0.0018318071086216102,-0.00018708396774876675,0.005423227584068675,0.0010115651355701999,0.004445058542692967
17,shock_g11,3.7052546057560934e-5,0.004172316253378171,-0.013306587097533823,0.003228341584050046,-0.009965133846918118,0.0023102180380802496
17,shock_g12,0.0018656740834699414,0.0012560976033734249,0.00019990620945686886,0.0033299947414652644,0.0008199339121809056,0.0028497217510499934
17,shock_lag1,0.0001244024531174852,0.001423041468763429,-0.0019183774554874234,0.002114644596074353,-0.0011644623596139237,0.0013577095621161008
17,ylag1,0.050989082056364765,0.05835901014782873,-0.010524264671676373,0.13410963223809658,0.018595591483232803,0.10308498668629537
17,log_oil_lag1,0.028051148969065586,0.0056308535901547765,0.021203189490056985,0.03543549875836087,0.024193379549132765,0.032475188511208036
17,ffr_lag1,0.001027144910270514,0.0019478305821059392,-0.0014263474291042412,0.0038638586860774878,-0.0005745055170553748,0.0027292780833667466
17,cpi_lag1,-0.0002247134142779844,0.00010647792737729124,-0.00033134620269267227,-8.947714159958359e-5,-0.00029726959266450207,-0.00015299207383544802
17,indpro_lag1,-0.0002056549923996138,0.00026670807874375104,-0.0005232359566741537,0.00018477860875807487,-0.000381556626346635,2.1053567680754363e-5
17,t10y3m_lag1,0.0028442467017599413,0.0034968961489556223,-0.0017371678923426936,0.007486456487909465,0.00017937776815368312,0.0054463503598037605
17,age_mean,-0.0027137602377838017,0.0007824144287526587,-0.003694224608996555,-0.0016506803326435844,-0.0033139281229343127,-0.002050833439779274
17,female_share,-0.0577853202074732,0.01924325418723341,-0.08244359814789698,-0.03765640737041016,-0.07258253994216766,-0.04566849116413923
18,shock_g1,0.006704164735709254,0.003054050639999623,0.002793928707753175,0.010863544901086842,0.004392903176974626,0.008840069963776486
18,shock_g2,0.002428609356229015,0.002275704257807752,-0.0003419253108080571,0.005308434409366401,0.0007933690766816319,0.004129440737873174
18,shock_g3,0.008206846289508109,0.0037748159850505675,0.003279938406558652,0.014458114881522061,0.005138525277344586,0.011859757728012678
18,shock_g4,0.004018372796224252,0.0013214482676485785,0.0021342512912352835,0.006383237007661087,0.002981571914288518,0.0053484832675781985
18,shock_g5,0.004031225637312761,0.002115136753593887,0.0014869273239030215,0.007818793421705023,0.0025119925984636166,0.006240936819774619
18,shock_g6,0.0029241642998409133,0.00120443635695712,0.001370151414721173,0.004637904722100396,0.001952185729616305,0.003964929454431838
18,shock_g7,0.002138853678816622,0.001268441494490336,0.0004838161309440206,0.0038559240861916217,0.00124038917382867,0.0032165823616774137
18,shock_g8,0.0019315049117106045,0.0018187192819015844,-0.0013359355305297045,0.003956737171594281,-8.607396837497882e-5,0.003266118330315815
18,shock_g9,0.0017740738967445642,0.0009696371369404059,0.0005654324293527702,0.0035377707596938716,0.0011256824372063456,0.0028177152971815096
18,shock_g10,0.0028187704196838827,0.0017557990916164698,7.429697356208572e-5,0.005509753620065208,0.0012612917622980722,0.004488162170831756
18,shock_g11,0.0013980812176022511,0.0033686973508848675,-0.007067697705350847,0.004044113077854538,-0.004597131690420738,0.0034178592906846045
18,shock_g12,0.0013693415986279125,0.001102414376484817,7.171762933799405e-5,0.002918229481614647,0.0005867947781525025,0.002360474002853918
18,shock_lag1,0.00010324832104062258,0.001306940827326818,-0.001488613582167183,0.002026222292892777,-0.0008146770159457927,0.0013736132187067097
18,ylag1,0.06466298159314007,0.05750184517788353,0.007774317779145133,0.14677922684723033,0.02896611729798136,0.11734119524783114
18,log_oil_lag1,0.028001266111108786,0.005536683850071368,0.021494754369453258,0.035065103594604345,0.02418063299258995,0.03255108146841186
18,ffr_lag1,0.0019563706832111897,0.001986656934293944,-0.0005583434511613385,0.004913685725730497,0.0003948250474850848,0.003628160842443406
18,cpi_lag1,-0.0001942852068198179,0.00011320108726175295,-0.00030616836265199107,-4.767829092368e-5,-0.0002704792876744242,-0.00011543140600235557
18,indpro_lag1,-5.167142265647006e-5,0.00027184232321058693,-0.00037032333726947806,0.0003520899955864698,-0.00023286221794939285,0.00017614423023212672
18,t10y3m_lag1,0.003974076985033102,0.003463193245075374,-0.0005631976077480104,0.008348086303705964,0.001314133874117304,0.0065650799708723345
18,age_mean,-0.003684700823579621,0.0008392726231837309,-0.004766509682146715,-0.002599130218002378,-0.004305985497426539,-0.0029857435665818924
18,female_share,-0.06840037461813318,0.017985676403614287,-0.09046394517389979,-0.04785382231451098,-0.08272916778761223,-0.05789464794117736
19,shock_g1,0.0046332112911679,0.0030999522056462513,0.0008485130090435246,0.008759463089439798,0.002347842868863154,0.007003517587751141
19,shock_g2,0.0027157198597847283,0.0023618031241122344,-0.00023978361380832007,0.005380574944462594,0.0009910226452110342,0.004431081719214652
19,shock_g3,0.007791983881825869,0.0035687488316567136,0.0036528216210475646,0.013904791461338085,0.005008135696298309,0.011231871102619157
19,shock_g4,0.0034640353712969505,0.0013643471855062687,0.0018752961877330514,0.005666697405694624,0.0024572390699282073,0.0048179494842505825
19,shock_g5,0.004646705029040799,0.0019915221018456863,0.002596391508071233,0.008176840167114124,0.0034169957651422143,0.006775908021230079
19,shock_g6,0.002557092203065912,0.0012050288683811742,0.001149755440610855,0.004311153671113654,0.0018485256720433257,0.003580894068892505
19,shock_g7,0.002416792753056172,0.001155111249707074,0.0009751012166013013,0.0040361926773279,0.0016934645869153254,0.0034658456217208926
19,shock_g8,0.0024467768901629047,0.0012284638649587398,0.0008299769972639379,0.004074770923665064,0.0015310991755142507,0.0035625435717828472
19,shock_g9,0.0024686318443921805,0.0010893503084009458,0.001305290583708216,0.004456095281951464,0.0017804924407607693,0.003661644098328901
19,shock_g10,0.0024514336634163868,0.0017241001480204619,0.00015531284355429055,0.005068297343540469,0.001105069409731771,0.0040458743952090145
19,shock_g11,0.00309488773692453,0.002151155224963478,-1.0678694353684435e-5,0.005247219231635582,0.0010870809888936595,0.004560431080812681
19,shock_g12,0.0008013243805179369,0.0010488296705674484,-0.00034137410994840485,0.002491089565626518,0.00016753146601682686,0.0018731017313196345
19,shock_lag1,-0.00015893016444257468,0.0013748874609619403,-0.0016919037640492933,0.0021480750305896044,-0.0011771356176369702,0.0012072664723316578
19,ylag1,0.11606633904503316,0.05545159633873183,0.06289946802799032,0.1962578638571043,0.07990264154846193,0.1672071514937873
19,log_oil_lag1,0.02690138833454506,0.0054049512866208155,0.02098750567342251,0.03424206074064068,0.023087090657270416,0.03140605004813913
19,ffr_lag1,0.0034006372519557056,0.0020173227820657145,0.0008586307269858552,0.006364398693800361,0.0017891525147223544,0.005231077765895932
19,cpi_lag1,-0.00016579046140783617,0.00011793210168607068,-0.00028203525744760304,-3.4485213949817124e-6,-0.00024365710322254286,-7.70422665328791e-5
19,indpro_lag1,9.899732980178166e-5,0.00027404555182927834,-0.00021982233941209717,0.0004883936697178012,-8.609092933836302e-5,0.0003266122851290788
19,t10y3m_lag1,0.005315908073125761,0.0033851629989614693,0.0008632187952055575,0.009911866117677817,0.0026200180852646556,0.007918624659157481
19,age_mean,-0.003443064827514859,0.0007954089320845836,-0.004493123923718586,-0.0023971712097262798,-0.004036235769191078,-0.002773672348503253
19,female_share,-0.06879153258818566,0.016366216940320713,-0.08834953787884856,-0.05031106885891542,-0.08200458663771405,-0.059026517867922
20,shock_g1,0.005188667699717847,0.003624835105347724,0.0013273869612887789,0.010303533986874183,0.0027802713141868414,0.008186576988831
20,shock_g2,-0.0008949839730750041,0.0019349629676708427,-0.00351829456226574,0.0018497065271345448,-0.0022800176722682242,0.0007553009957187193
20,shock_g3,0.007125904849110045,0.0037612587242300917,0.002951167345257082,0.013384952078134258,0.004525858739961722,0.011008087056929149
20,shock_g4,0.003367436622316702,0.001253454622299506,0.0018776576946160292,0.00551973490478275,0.0024064278072632814,0.0046680384007495666
20,shock_g5,0.0038985586254058594,0.0020204388479424817,0.001915802650601013,0.008118382154739975,0.0026352200620060285,0.006222305099059938
20,shock_g6,0.002132097447538011,0.001281195834115032,0.0006888152434489801,0.003972172709204521,0.0012428406411122911,0.0033252250474028627
20,shock_g7,0.002844302671080902,0.0012915721072607118,0.0013449644850748283,0.004754612703293566,0.0019797894575510483,0.0039911262270575145
20,shock_g8,0.0023582469962349644,0.0013411998642459204,0.000698978332457225,0.00437048605779701,0.0013738716274078109,0.003712909361996422
20,shock_g9,0.002756154042332662,0.0010960163442558146,0.0016593933322862138,0.004752021708944402,0.0021171200282967166,0.003972924030474392
20,shock_g10,0.002769377579461224,0.001694912839090802,0.0006368238639813816,0.005438573692651854,0.0015256275151967768,0.004519976165003605
20,shock_g11,0.004166872633595463,0.0022056531752056314,0.001063603327423418,0.0067018052675557015,0.002216407165177797,0.005925954491362474
20,shock_g12,0.0005462454379954643,0.0009639400550381908,-0.0005933955002800617,0.0020303930700089285,-0.0001186096432164933,0.0015002827995784453
20,shock_lag1,0.0007823305834699786,0.0013557768177255099,-0.0007865645668002537,0.0030634093648752242,-0.00024296839826242096,0.0021309436739478287
20,ylag1,0.20781652640052115,0.05724054496594473,0.1404505539195782,0.2907691750361239,0.16909057046856196,0.25708362599491685
20,log_oil_lag1,0.024587328386409528,0.005201538431685305,0.018874720418506945,0.03194804169723837,0.021033090961031054,0.02884278759628076
20,ffr_lag1,0.0053023472310667575,0.0020397638395619417,0.002786486363917509,0.008616205726979765,0.0036592251717400335,0.007188364329757479
20,cpi_lag1,-0.00012553355515863485,0.00012282598302047783,-0.0002449147655281645,4.279229535496991e-5,-0.00020343135899035888,-3.336806779939378e-5
20,indpro_lag1,0.0002928559436892867,0.0002770509121245729,-1.812249260668816e-5,0.000697457182841388,0.0001064477568029448,0.0005345229502614103
20,t10y3m_lag1,0.006839383443474644,0.0032626597422762854,0.0025564389692824116,0.011456492063320348,0.004301963349306867,0.00972831026109282
20,age_mean,-0.002780579748600414,0.000765894750792364,-0.003841961599199555,-0.001819153775323941,-0.003346410942917078,-0.0021112364451478217
20,female_share,-0.06644268328810451,0.014888720238839363,-0.0845673207921763,-0.049742246806353044,-0.07789248468029644,-0.056712356709023075
21,shock_g1,0.005240058146156404,0.003982082131652662,0.0009717555614513597,0.011221999237450944,0.0024288530454320877,0.008588489926101754
21,shock_g2,0.0027248427434044126,0.002227822987735308,0.00021606348147271094,0.006074500174981064,0.0012990053894185714,0.004757201586846128
21,shock_g3,0.007646379870724476,0.003640088660712691,0.0038650636260914575,0.01433959899213864,0.005232024437632283,0.01173036480522855
21,shock_g4,0.004252789710749322,0.0010773311372528607,0.002996794060625501,0.005962443992393362,0.00349115746761144,0.005428315346904274
21,shock_g5,0.004861967038145774,0.0019410435418007802,0.002909348920201315,0.008627839917811755,0.0036894950729435207,0.007077435105080667
21,shock_g6,0.002455830798220176,0.0011445602614501428,0.0011516992887296226,0.004249426761122306,0.001751073772876684,0.0036176547051733755
21,shock_g7,0.0025266829405198804,0.0012371467880851797,0.00114328035200271,0.004440889853164005,0.0017143143360399036,0.003719010531916413
21,shock_g8,0.003251047608118421,0.0012394331925902457,0.001732836222630798,0.005253361596904299,0.0023318296190036375,0.004527130368567753
21,shock_g9,0.0031703987359786526,0.001124350803380228,0.0020519746194070567,0.005168039810328066,0.0024781046343765926,0.004422781592562985
21,shock_g10,0.003403826510412549,0.0015607157224601235,0.001637755858095037,0.0059526123512980336,0.0022296567671445475,0.005099016677060162
21,shock_g11,0.005862466395953725,0.0021991250829265937,0.00354808408617735,0.009146743903328442,0.004404096902930171,0.00797452639587801
21,shock_g12,0.0016518180781446273,0.0009016506650965934,0.0006539462133754775,0.003140137394974125,0.0010326377668777318,0.0025302426444678014
21,shock_lag1,0.00042095558758626137,0.001202245419094604,-0.0009881457976799299,0.002405603986460593,-0.0004683037823819467,0.001653715337202601
21,ylag1,0.32732314047481215,0.07036562986986378,0.20709915962710213,0.40899344400669707,0.2643963900930019,0.37642911637751253
21,log_oil_lag1,0.022151992385426283,0.005028180377432023,0.016669054418876676,0.029133838244577794,0.018964651210102774,0.026279181923506905
21,ffr_lag1,0.007259550766137727,0.002080759622161864,0.004719947568775961,0.010640255208907596,0.005659631647334446,0.009374461650770459
21,cpi_lag1,-8.714836343687909e-5,0.0001284956394548652,-0.00021559380829202777,8.139910702100662e-5,-0.0001660799698844942,1.2189152297503887e-5
21,indpro_lag1,0.0004936694873310796,0.00028004859657192757,0.00018162781649950317,0.0009081139027233941,0.0003102100135926033,0.0007500450798488421
21,t10y3m_lag1,0.008030079850283232,0.003131413835334519,0.0038508377008639157,0.012392028678893385,0.0057468951891547085,0.010940872233402421
21,age_mean,-0.0019104914869226641,0.0007872731141695413,-0.002923788811039814,-0.0009056044586463847,-0.0024448216732107387,-0.0013057853037805845
21,female_share,-0.05094074282498624,0.015867224575913424,-0.0714081842651416,-0.03366769894178393,-0.06282004723681928,-0.04090328204670644
22,shock_g1,0.004820156774551119,0.0029843633928837657,0.0013907986468120566,0.009293293738709046,0.002547143232239438,0.007645517742507505
22,shock_g2,-0.00012800136087008637,0.001981964907085415,-0.0024679756040352748,0.002930056403714947,-0.001477104303470629,0.0016511837460430642
22,shock_g3,0.006882929896057834,0.0034212144962424756,0.003335177670443351,0.013633784576797807,0.00466693811029718,0.010583069258101029
22,shock_g4,0.0038062854059859566,0.001192161237913944,0.0024423857918517886,0.005804710542828355,0.0030824103350190818,0.005001536520421737
22,shock_g5,0.004759831701819038,0.001797053250429866,0.0029553704329063437,0.008286640632400697,0.0036600186176222087,0.006903487064879348
22,shock_g6,0.0040740654750709236,0.001209132791515757,0.002764871415215854,0.0059696464245543755,0.0033746258122884587,0.005222977128559215
22,shock_g7,0.0031172291066485585,0.0012454823718259548,0.0017638729896148184,0.005008124508061498,0.0023871557344263255,0.004202261345361651
22,shock_g8,0.0029070540539133404,0.0012562601139312264,0.001392109832579645,0.004931494803610098,0.002018586055498459,0.004127444988602936
22,shock_g9,0.002627385166177919,0.001054844598794323,0.0015338195595634044,0.004711037126977411,0.00199521775615239,0.003879508765274226
22,shock_g10,0.004734475557517271,0.001487381445805564,0.0030237939732409166,0.007541055819986978,0.0037326504480644125,0.006431538837796706
22,shock_g11,0.0027883363088846117,0.002327347520237138,-0.00038437088418044607,0.005592188465280367,0.0010274683422533128,0.0046382095547490045
22,shock_g12,0.002048383216329046,0.0009324429360580652,0.0009992105184631244,0.0033790403271535437,0.001410137220714227,0.0029275553182734892
22,shock_lag1,0.0007686040717772258,0.0011353764507604997,-0.0006235904932277897,0.0025974386558264206,-4.113322586291328e-5,0.0018706588976634083
22,ylag1,0.4291171527103489,0.08853620174146601,0.2423275095820823,0.519934799842038,0.32249970554946333,0.482675679952599
22,log_oil_lag1,0.020169424884460347,0.005098919678945194,0.014688285499419055,0.02722511462009386,0.01672864253690811,0.024287307194746692
22,ffr_lag1,0.008599182805706753,0.002167688996449696,0.006006353279996943,0.012114943612470362,0.007090629100489425,0.010828736233978935
22,cpi_lag1,-6.435165862735592e-5,0.00013423854711223777,-0.0002023911499449465,0.00011171843494308086,-0.0001466759999620642,3.863188911112979e-5
22,indpro_lag1,0.0006463390509443375,0.0002828651747687717,0.00032566763835510415,0.00106321491614585,0.00045809374531330957,0.0009014983552151907
22,t10y3m_lag1,0.008388671928037805,0.0030815905382319837,0.0043713354528443224,0.01315144568415804,0.006261919100828338,0.011416276971176554
22,age_mean,-0.0011708187183986699,0.0008079447382593885,-0.0021541674519919723,-0.0001950560815060637,-0.0017205952083560283,-0.000576755522294783
22,female_share,-0.03318419868346199,0.014596564506785991,-0.05116738363244713,-0.016568348511559382,-0.04444636823587428,-0.022721620105667386
23,shock_g1,0.005779896424561975,0.0024829853725259225,0.0028946782266024754,0.009206289980029132,0.003939590971586579,0.0080642486383538
23,shock_g2,0.0008870848681236318,0.002161784581190545,-0.0017301797311685186,0.003950144152329738,-0.0006224059641367753,0.0026552005759500896
23,shock_g3,0.007059329793702639,0.0030236257472088276,0.0038747196987683375,0.012925879427874563,0.005007932085715561,0.010511310495908525
23,shock_g4,0.003040158596208083,0.0010906381300574465,0.0015355800920649444,0.004894976490000646,0.002204275492747599,0.00411298551096484
23,shock_g5,0.004296296643172597,0.001641891053115246,0.002607418450524009,0.007362071130796552,0.0032656664339791547,0.006006513145027294
23,shock_g6,0.004107103707478084,0.0009852097540110042,0.003079105154249244,0.0057037576185244455,0.0035298754737802984,0.005062532044935611
23,shock_g7,0.002535696194880817,0.0010610479323263755,0.001359719786002317,0.0042199497365049,0.0018148728956611342,0.003502708742826171
23,shock_g8,0.003793030597715963,0.0012253198149363555,0.00239739313672778,0.006150515809452249,0.002927301949166304,0.005146470608528269
23,shock_g9,0.0028202787011813958,0.0009616127274011852,0.0018686764503960973,0.004616595901767592,0.00224584915106999,0.0038300741070015085
23,shock_g10,0.00510321873675418,0.0015516627042784297,0.003347785675565165,0.007697810486607168,0.0040725367805265165,0.006632686450110286
23,shock_g11,0.004573389183168891,0.002025951242284829,0.00256349300149126,0.008202509738581916,0.0031638505404465566,0.006901344220521001
23,shock_g12,0.0024995739449061548,0.0009755605947898193,0.001547115726007407,0.003952439738938777,0.0019311068025229128,0.003358590986162066
23,shock_lag1,0.00046730527154515794,0.00117064720385439,-0.000955152621975417,0.002508515066927675,-0.0003877480766616396,0.001693545369509463
23,ylag1,0.4755614538222315,0.09712687078071963,0.22907415890149674,0.5746685877204697,0.33876493127066565,0.5353935822001604
23,log_oil_lag1,0.019256335919398605,0.005233730641080978,0.013506813544817815,0.02642067764622098,0.015920578175130304,0.023255784113502015
23,ffr_lag1,0.009335662079333595,0.002239755745031259,0.006745383177737508,0.0129213688085527,0.007831304855551913,0.011435882210160613
23,cpi_lag1,-6.338980822873139e-5,0.00014052884553955946,-0.0002054899974393208,0.00011984411622569933,-0.0001531809148133891,5.67499414246201e-5
23,indpro_lag1,0.0007177553167916541,0.00028935491488247904,0.0003961859882006247,0.0011685390097547013,0.000524741605379514,0.000971441267229945
23,t10y3m_lag1,0.008353070194634332,0.0030634093997116713,0.004606047819812302,0.013166931349006806,0.00625472859511509,0.011390560702883232
23,age_mean,-0.0003765257629691077,0.0008444262912862678,-0.001402817555331669,0.0006195526586941105,-0.0009105976123625873,0.00024556902198295073
23,female_share,-0.018576908721367743,0.015625055085893562,-0.03691176136865383,-0.0005789779422777919,-0.029371810849531013,-0.0077532846167202695
24,shock_g1,0.0007169161306828384,0.002166043404109456,-0.0017661590784431407,0.003919528197775599,-0.0007477253555924367,0.002679608490048198
24,shock_g2,0.0006162750427767956,0.002503264091831464,-0.0026421873398458588,0.004002022962515529,-0.0011686802453930532,0.0026238424226044258
24,shock_g3,0.006349782866946947,0.0029737781379586044,0.0028841591976140153,0.011997519880695768,0.004318576247635378,0.010077010590287734
24,shock_g4,0.0032036143156560655,0.0011872135664608187,0.001809654846236154,0.005144330306758314,0.0024086858177263895,0.004387913705358702
24,shock_g5,0.004376644580933727,0.001609150843812463,0.00260851688568905,0.007356115960935248,0.003267671509473263,0.006210987074751514
24,shock_g6,0.0038387464229246346,0.0011910215874361115,0.002554220883718998,0.005744310883470959,0.0031660617748767955,0.004893572212906587
24,shock_g7,0.00267932467760941,0.0010867890823968366,0.001484058352862142,0.004692767531182739,0.0019395549903274297,0.00377701415979746
24,shock_g8,0.004753317060630672,0.0015121890463053044,0.0032167464034642624,0.007909954074032992,0.003786450250310182,0.006689758593410862
24,shock_g9,0.0029599826447871415,0.0010617430826201585,0.0019080599736817218,0.004985725238120823,0.002350918978116988,0.00416585574328604
24,shock_g10,0.004786652301425175,0.0015414831516312607,0.003045139291387405,0.007493228935748068,0.003710510034510672,0.006462708125806484
24,shock_g11,0.005483990125532842,0.0023817302654746972,0.0031719403262294183,0.010698217880194514,0.0038851190401303923,0.008736964330503362
24,shock_g12,0.0024805639613753585,0.0011595539945661927,0.0013760765347445366,0.004430142956584384,0.0018510687497593002,0.0035166253574615246
24,shock_lag1,-0.00074307377460249,0.0011107727349040427,-0.0021839513004942037,0.0011637113304434352,-0.0016093922979452042,0.0004250434702014414
24,ylag1,0.4227903680295171,0.08362539582815874,0.23648216501863376,0.511811549235683,0.32182343319822987,0.4742544725016421
24,log_oil_lag1,0.02070470423786052,0.005266622029432674,0.015135191086322483,0.02756111280881257,0.01736944008278352,0.02484436419623327
24,ffr_lag1,0.008603694419148378,0.002264948875039132,0.006140523230013056,0.01226711321475494,0.0070989631168569545,0.010827462305218603
24,cpi_lag1,-0.00010269923408671296,0.00014387172676563517,-0.00025079684361668244,0.00010445763230635865,-0.00019153996721113395,2.5779248923782667e-5
24,indpro_lag1,0.0006468016941967289,0.00029053724410287924,0.0003292211057890853,0.001095242109523211,0.00044770641050667414,0.0009278000429474454
24,t10y3m_lag1,0.007209608673880741,0.0030629084747164775,0.0035099555136704815,0.012367346273330217,0.005047443934108253,0.010248229681408882
24,age_mean,-0.00020414226280677259,0.0008176699109167175,-0.0011793958051298343,0.0007143776470423893,-0.0007503908408111505,0.0003736805752219427
24,female_share,-0.018446009199933902,0.016351138390945232,-0.039667392381632235,0.00046643916578476344,-0.03132012141284431,-0.006352617052885682
25,shock_g1,-0.0033216445849961044,0.0027516531229137176,-0.006499034553838581,0.0008319154555912344,-0.005179906640846035,-0.0007587543276847434
25,shock_g2,0.001163730411658735,0.002129992655043662,-0.0015508279926974382,0.004065242518254384,-0.0002017012356972331,0.002996898510396401
25,shock_g3,0.0031634607116615837,0.0031543602618249286,-0.0006512205695932147,0.008196836512890947,0.0009347052164822584,0.006348508884505293
25,shock_g4,0.0020138216975461023,0.0010884848589725108,0.0007252712978559335,0.0037387751962419976,0.001243270597352322,0.003137947013099002
25,shock_g5,0.003680359638185595,0.001433049057280226,0.0021602133490610893,0.006271199020213157,0.0026554230983022262,0.00516255322796138
25,shock_g6,0.0026593119454572426,0.0010463308835882631,0.0016321248766981446,0.0043666715794822,0.002008273695233172,0.003657394641551075
25,shock_g7,0.0023087771345873145,0.0010259005402852319,0.0010898400982749593,0.004080199868721684,0.0016111949367502228,0.003394372632729074
25,shock_g8,0.0034697424786452593,0.0013720344326079914,0.002066895470616438,0.005928773810509767,0.002620098086465245,0.0049353064061049045
25,shock_g9,0.0027972090985120684,0.0010014911573178143,0.0017189345214100454,0.00452017388376875,0.00215507448885151,0.003822354560156058
25,shock_g10,0.004384329817071156,0.0014596633308378282,0.0026635072416003615,0.006639270449644059,0.003344294904437369,0.005916101555194579
25,shock_g11,0.0039476649109873975,0.0019774969723474326,0.0018867175685359874,0.007642167146927874,0.0026533802953204047,0.006456075320554284
25,shock_g12,0.001774141010546044,0.0010941849483629006,0.0006052112773487974,0.0035612633474573913,0.001134001100059714,0.002649023909784905
25,shock_lag1,-0.0017561520886351383,0.0010472648314510836,-0.00333022793565211,-0.0002162622715273354,-0.002741373588324212,-0.0007118711435042022
25,ylag1,0.30683184018928195,0.062011279026273375,0.21284648899334,0.38530349193318547,0.24678991044241727,0.35236884607374847
25,log_oil_lag1,0.023429834507854165,0.005251867215792376,0.01770936431076673,0.03048237010299594,0.0200398981173997,0.027517074862788225
25,ffr_lag1,0.007316818572496427,0.002302265228600472,0.004763773719828881,0.011335084948143018,0.005751836402381227,0.00960494714633651
25,cpi_lag1,-0.00016100735005238827,0.00014627485967958127,-0.0003121336785873002,4.5981054237940615e-5,-0.00024741314733180917,-2.9227501698603014e-5
25,indpro_lag1,0.00048284515015703945,0.00029165689218148207,0.00015806194347808302,0.0009576669394835337,0.00029094024332997754,0.000760303561755107
25,t10y3m_lag1,0.0058001416595367715,0.0031296886306694115,0.0022300790005157466,0.010999519753589255,0.0035272941954389973,0.009048873205221877
25,age_mean,-5.511028119660771e-5,0.0007433619724933384,-0.0009887326254189796,0.0008493741954452038,-0.0005936013606769332,0.00047857872845493007
25,female_share,-0.03607388549032676,0.019894502055702878,-0.05870506029159399,-0.012585526536920216,-0.05168505299341116,-0.022070412110353363
26,shock_g1,-0.0038338608873992436,0.0032482531126929366,-0.008875233619076946,0.0005838768248807506,-0.006542208459054132,-0.001288757719175076
26,shock_g2,-0.001777189441919594,0.0016703758432435722,-0.00381562790131571,0.0007120267024082953,-0.0030247302245565216,-0.00038320263930572383
26,shock_g3,0.00024205672473186414,0.003350088970748551,-0.004219903342592394,0.005353598848024113,-0.0026789844299567804,0.0034206361705419446
26,shock_g4,0.002757509747805311,0.001160574994383508,0.00136811229833151,0.004832139019656548,0.0018804429061951029,0.003964476037925057
26,shock_g5,0.0025574191504361705,0.001465248850173204,0.0006907221632538028,0.005050782770086736,0.0015391329165549143,0.00419361112664649
26,shock_g6,0.0024351867771450265,0.0010693263806773878,0.0011048509737341967,0.004098515957126284,0.0016616214557409188,0.003547826904055343
26,shock_g7,0.002780883863842325,0.0009634341669249218,0.0016993663789918656,0.004332196369664757,0.0021066289413179933,0.0036973478138527306
26,shock_g8,0.0020667613682060076,0.0012732475568779712,0.00046238935849342213,0.003952174765687626,0.0011326372598999,0.003189397230758952
26,shock_g9,0.0020867164413059325,0.0009425587988548788,0.001073654967901964,0.003873277410138343,0.001406417156122914,0.0031120330750279614
26,shock_g10,0.003766941427250667,0.001532090594116903,0.0018924714433339249,0.006221231562189166,0.0026035883060154304,0.005322109769563207
26,shock_g11,0.001836094174199095,0.0016387787363890945,-0.00031556524545345624,0.0038329228359428626,0.0005140819004900348,0.003153463027686867
26,shock_g12,0.0022167152504263613,0.0011406743773265608,0.0008987328150240753,0.0037346202094856065,0.0014043846244235101,0.0031184776977532837
26,shock_lag1,-0.0012422592719860638,0.0012772892981493817,-0.0030164954971234744,0.0007369339762901121,-0.0023828161311079434,-3.600391195797566e-5
26,ylag1,0.1731645214637125,0.0462722470358159,0.12153842784384557,0.2381295241229191,0.1421845132926197,0.21220887199229072
26,log_oil_lag1,0.026677300560432788,0.005312798477745315,0.020705595788681933,0.03328226302441634,0.02302816467803801,0.03049370140613085
26,ffr_lag1,0.005712706510478658,0.002324054440232077,0.0029907116863695676,0.009680042714055447,0.004132014478940688,0.008033208599741904
26,cpi_lag1,-0.00022536192197852308,0.00015019048683856176,-0.0003812290760054929,-3.318727986318672e-6,-0.0003147952632317178,-9.442490891131493e-5
26,indpro_lag1,0.00030254467878772353,0.0002910456796358753,-2.6388494934617614e-5,0.0007697366491820257,0.00011540963187677784,0.000581538373871661
26,t10y3m_lag1,0.004128265213905686,0.003212724667557397,0.00013834668993770345,0.009707488407786133,0.0016760014706773277,0.00732150854219555
26,age_mean,-0.00022132167209148098,0.0007490983622718533,-0.0011477425073840289,0.0007997156221048569,-0.0007414732813320614,0.00034755310384068975
26,female_share,-0.05096745150939867,0.018106388725332823,-0.07458894121769827,-0.0296767371457234,-0.06513166741036115,-0.03835023624290354
27,shock_g1,-0.001962560020805187,0.003601597021666283,-0.007314936396790664,0.0025850372854802697,-0.0050566844284901675,0.0005517705399628293
27,shock_g2,-0.00024382361295702455,0.001623340466575185,-0.0028021253607350407,0.0014514893671163079,-0.001726608867076211,0.000713195128537057
27,shock_g3,0.0018379880373181662,0.003722137819767765,-0.0033622064204889314,0.006881685945169586,-0.0012895254130694922,0.005128447331548687
27,shock_g4,0.003354167592008565,0.0012150981910819334,0.0017865152774893464,0.005122241873547671,0.0023690694506454816,0.004437692725986473
27,shock_g5,0.003140776623886289,0.0016045535642963014,0.001233783552125705,0.005602997798116317,0.0020246908912728975,0.004704846661377396
27,shock_g6,0.0019633696814471417,0.0011287390141876256,0.0006430949472549994,0.003663362388818696,0.0011779288552412567,0.003032280492808027
27,shock_g7,0.0013017448352301353,0.0012404276625840283,-0.0001794247807942852,0.0030951323188162056,0.0004507126390029373,0.0023442952027613565
27,shock_g8,0.003147570763956331,0.0014325632630690865,0.001663805410792046,0.005781682243750516,0.002170212906739178,0.004555684693361822
27,shock_g9,0.0024260344940735695,0.0009277717036127316,0.0013308846069263612,0.003939898418647659,0.0016763862749982388,0.003416382142563796
27,shock_g10,0.0036420818402594585,0.0015712572974854455,0.0016383162253193516,0.0058926564708502525,0.002371501095042982,0.005050901121946935
27,shock_g11,0.0031404212303731646,0.002284685846152269,0.001065196682951135,0.007549082092337855,0.0017683566954959263,0.005416048568234126
27,shock_g12,0.00274175025258717,0.0011076947377713462,0.0014078867802285841,0.00423325257034,0.0019220652784622829,0.0036555870357431134
27,shock_lag1,0.00011196095197661424,0.0013380295465301522,-0.001959439076173107,0.0021185034388023624,-0.0012268851407934234,0.0013530943006628245
27,ylag1,0.07501184738805176,0.0473938122440426,0.025180752027358803,0.14005647721740494,0.04241424608143909,0.11495670697549071
27,log_oil_lag1,0.028942656994930305,0.005354726465959358,0.022569587090786065,0.03609779420841108,0.02537760492903432,0.032542939645057944
27,ffr_lag1,0.004575398638972311,0.002319995200653901,0.0017099154439868562,0.008543287643938082,0.002971114269297141,0.006963319791651042
27,cpi_lag1,-0.00025788268532349356,0.00015502368293791904,-0.0004249547352101819,-4.0426568602637775e-5,-0.0003558629695127348,-0.00012140229684544761
27,indpro_lag1,0.00019815886493557846,0.0002853882337748588,-0.00012200115072861945,0.0006386028569258171,9.855812837047555e-6,0.00046886910808070044
27,t10y3m_lag1,0.0028853607532346873,0.0032751256407067444,-0.0013245305000310834,0.00853743116739663,0.0001670206762370034,0.005949825442492264
27,age_mean,-0.0009065042594009311,0.0007561918893149188,-0.0018606304735784124,0.00011719130693951547,-0.0014657930768555549,-0.00034038303660611374
27,female_share,-0.06188441337449317,0.018786693279260046,-0.08754818842545671,-0.03971735974288002,-0.07738717526054964,-0.04938524215991051
28,shock_g1,0.0017314612967416767,0.004077696230263239,-0.004943220907274192,0.006838816025169854,-0.002532532397403947,0.004801160215745965
28,shock_g2,0.0034780943389680387,0.0013578693078127664,0.0014639434024845016,0.00514687071732297,0.0022542975515950055,0.00443428438223168
28,shock_g3,0.004332566575087874,0.0038303862063096064,-0.0011783161611945338,0.009784578061457855,0.0008949892204228381,0.007598734207688931
28,shock_g4,0.003980798829449778,0.0012436715108352044,0.0023844773474065994,0.005737820387409153,0.0030368250784801975,0.005162395275179381
28,shock_g5,0.0034591844755504147,0.001753325923410363,0.0010942082623299917,0.006022839809734452,0.0019267915754472063,0.005139763859591716
28,shock_g6,0.0031699194092970674,0.0010997234841566006,0.001589308209598738,0.004838834945527591,0.0022585652455166523,0.004108633469069994
28,shock_g7,0.0018468965022805548,0.001192259559862779,0.0002857012080913189,0.0035354854749850145,0.0009352053221855382,0.0027877147523540716
28,shock_g8,0.0038919948763109623,0.0013401995692935036,0.002395227318303878,0.006337335601132843,0.002916218755852568,0.0052143062011777335
28,shock_g9,0.002353381923106219,0.000920128011622541,0.0011971506970643647,0.003850768047460912,0.0016019996434680794,0.0032540705013783524
28,shock_g10,0.0047819978102766345,0.0017033357794573676,0.0025717254875462794,0.0072277877314977975,0.003448216257441072,0.006290590835148694
28,shock_g11,0.004333186414109283,0.001805455246117974,0.0023578484592910874,0.007086854592999066,0.0030441047855189612,0.006028241556911789
28,shock_g12,0.0031216869540981597,0.001094518058483369,0.0017082904755547266,0.00452870439999371,0.002313500952805795,0.003948648182236006
28,shock_lag1,0.0006853090383617089,0.0013722380932870422,-0.0014836633384379583,0.0027679451115374715,-0.0005680655817965015,0.001973452547171473
28,ylag1,0.012791731168951683,0.05651985497421007,-0.052409735181653316,0.08889530642287857,-0.02786958778844242,0.06199203271651657
28,log_oil_lag1,0.030151639979196947,0.005447763525016203,0.023556680393286115,0.03772664993066922,0.0263201534502185,0.033633789413227505
28,ffr_lag1,0.0038569916070196673,0.0023184447796780095,0.0009597866428783263,0.007805317108267049,0.002249241134366496,0.006349459272900497
28,cpi_lag1,-0.00027896960330328266,0.0001595826170805191,-0.0004518335460847432,-2.7751346530267384e-5,-0.0003833740036603725,-0.00013694855275631418
28,indpro_lag1,0.0001524405693118123,0.0002820568776367863,-0.00016993719985898372,0.0005713779302288674,-4.443165114782549e-5,0.0004286101077968515
28,t10y3m_lag1,0.0019984407306478666,0.003326039686063456,-0.002541629766686494,0.0074313159110830675,-0.0006330104332261262,0.005101748763475435
28,age_mean,-0.0014743548231492586,0.0007569524318633179,-0.0024918821300166987,-0.0004795626760266008,-0.0020487959062739478,-0.0008337290877750518
28,female_share,-0.08089735690231999,0.019149249800406835,-0.10791815808873326,-0.05999452974580248,-0.09683102887784899,-0.06903787393682417
29,shock_g1,0.003924087229901605,0.0032192373865102372,-0.0005349556064333828,0.008046128398319332,0.0013335424192332385,0.0064909551272985845
29,shock_g2,0.0050669321234603545,0.00174718045598859,0.002802761623850062,0.007146562656505194,0.0037795908178191624,0.0062874607394078335
29,shock_g3,0.006060994504733755,0.003848971866123975,0.0006553052322094801,0.012196707077134541,0.0026598764668397143,0.009685738852668352
29,shock_g4,0.003013191871238675,0.0012650159412115423,0.0011448664127370895,0.005019741999578802,0.0019942681644720185,0.004292952734149261
29,shock_g5,0.003339976772928994,0.0017498723542571939,0.0005755943426278497,0.005835422395010917,0.0018212795828054203,0.0050468853022342585
29,shock_g6,0.0028845912498111767,0.0010948481740557265,0.001242959262633408,0.004626033833260211,0.001871267987694607,0.0038393965166233467
29,shock_g7,0.0032449484113069153,0.0012037148862711685,0.0016664464778049796,0.0050724590688164435,0.0022243429813763116,0.0042304036650190405
29,shock_g8,0.003853548457287487,0.0013382361540883422,0.0022423038635587685,0.00633970980550526,0.002797336880328082,0.005291034632614014
29,shock_g9,0.0027415855756053016,0.0010295899459134585,0.001335366963208078,0.004652987698049163,0.0018371826312488216,0.003714889052288683
29,shock_g10,0.0038603136303016336,0.0016785253021227395,0.0015581682864642607,0.006502401778066998,0.002456950174054803,0.005556184835125504
29,shock_g11,0.005407351061500679,0.002067096640149993,0.003229236272478615,0.009368090444319474,0.003925273163954713,0.0074424078501324435
29,shock_g12,0.0029525923623671202,0.0011556382277375192,0.0015127237534197544,0.004670186879299668,0.0020117270000553993,0.0038783409287508038
29,shock_lag1,0.0007113886632038534,0.0013102523937361063,-0.0012794850704001414,0.002787161993269728,-0.00029527897380477645,0.002068333109232524
29,ylag1,-0.0010397576558480762,0.06050957585083602,-0.07246750608369566,0.07962049543638122,-0.03918944567180181,0.0544631292298986
29,log_oil_lag1,0.03002696494521826,0.005473860647689283,0.0232117410663028,0.03775306502672455,0.025831243483142075,0.03410199746751697
29,ffr_lag1,0.003782693346623471,0.002315059367440393,0.0010689312554815517,0.007547639904318622,0.0022142117378021672,0.006143082199450518
29,cpi_lag1,-0.0002518765380700991,0.00016380251871486414,-0.0004409336967126433,5.753164367811405e-6,-0.0003462259626469838,-0.00010618160367093597
29,indpro_lag1,0.00022805097897246008,0.00027919566607124616,-6.374265014153096e-5,0.0006312407688708987,4.749766316722938e-5,0.0004987151385746658
29,t10y3m_lag1,0.002005722163912305,0.0033186564553186536,-0.002322505960448863,0.006888317496510992,-0.00044809589667046306,0.0048452513538003
29,age_mean,-0.0029288080815963575,0.0008212022729163932,-0.004028102419557889,-0.0016956730961299722,-0.003610891917513905,-0.002173120541835072
29,female_share,-0.0785545125400646,0.02100185667344566,-0.10721288164171244,-0.05940726768084415,-0.09573726776636163,-0.06629769148693702
30,shock_g1,0.005894399124802147,0.0030428050273656653,0.001977096282114933,0.009908459061525677,0.003758768995486653,0.008310343552011105
30,shock_g2,0.004909395064167434,0.001986296175405248,0.0022010641879834617,0.007446047450836133,0.0034471766218410484,0.006384183605868384
30,shock_g3,0.006867139557193744,0.003580181370947643,0.002071805003250305,0.012057646796503643,0.004103599872802531,0.010168735153812537
30,shock_g4,0.003264735664317646,0.001357825302621186,0.0013838683691796846,0.005220879199301302,0.002196508848464574,0.004420901222264652
30,shock_g5,0.003300108563959335,0.001762118582402755,0.00048375140775003527,0.005834045232651715,0.0016962537586111852,0.004800431181457928
30,shock_g6,0.0029707654541803598,0.0011296339038029176,0.0016106312120657642,0.004616228680021232,0.002084678234407681,0.003989573246603359
30,shock_g7,0.002607688592863339,0.0012271572486550807,0.0011902444487025656,0.004180671577901455,0.0017216154592066533,0.0036192380705977823
30,shock_g8,0.0031258968254564774,0.001280111303470234,0.0015590540977656984,0.005253352383155085,0.002105638775502565,0.004410428409006887
30,shock_g9,0.00253430139252121,0.0009611699737241888,0.0013446971207562882,0.004171276557291018,0.0017783661128493672,0.003446598857380001
30,shock_g10,0.003631829884781657,0.0016726772637050595,0.0014197078259965859,0.006273529532948541,0.0022587892900690857,0.005325503659719656
30,shock_g11,0.0042134871087885105,0.0014743102043481041,0.00221462304819332,0.006340303538921009,0.003070607506265973,0.005512463365391165
30,shock_g12,0.00223056813693071,0.0011511747752201876,0.0007498348849977869,0.0038054597207950605,0.001341021205621727,0.003179632816818356
30,shock_lag1,-4.5711436971705486e-5,0.0013491973857549615,-0.0018273099593777234,0.002102878085613389,-0.001016171807110241,0.0012859710971166404
30,ylag1,0.015990519066502958,0.05891403203473866,-0.05400716405865127,0.09469144739672741,-0.020185903128468012,0.07063259317488757
30,log_oil_lag1,0.028776568012260324,0.005407781581427486,0.021945281131215442,0.03677844327127966,0.024649474855961532,0.03270338199254039
30,ffr_lag1,0.0044469067996937865,0.002269686573383001,0.0018898706700704146,0.008086161346252447,0.0028839693201545866,0.006672083963613289
30,cpi_lag1,-0.00020996037510623655,0.00016544691360043874,-0.0003978445293275093,2.8337447953724973e-5,-0.0003099740870932909,-7.126152931664434e-5
30,indpro_lag1,0.0003242293718985577,0.0002743527400164494,3.773782769310425e-5,0.0007375082001275261,0.00014103664946126313,0.0005732685406310527
30,t10y3m_lag1,0.0027301164482575833,0.0032233023154682166,-0.0015522375478359473,0.007386974527832286,0.0004172375912912425,0.005093801202086742
30,age_mean,-0.0035867423339520435,0.000815998284281259,-0.004619167958534852,-0.0023942523519122115,-0.00421259100220319,-0.0028620153481292796
30,female_share,-0.0861211843238061,0.020115568691212678,-0.11404281042684536,-0.0654076402233699,-0.1047782909635713,-0.07517381481036609
31,shock_g1,0.0033492237983799946,0.003350781738334956,-0.0007366065827638739,0.007989855320198917,0.0009138029425414698,0.005783247728026497
31,shock_g2,0.003658606049409278,0.0018554357271895663,0.0009324904310400325,0.005819173427668731,0.002114311834108374,0.005122479542882066
31,shock_g3,0.006413261235832422,0.0035435693478330847,0.002006501487737452,0.011918434941801174,0.0038609391096088223,0.009900804957867984
31,shock_g4,0.002269383857745002,0.001218587209029174,0.0006163443179209214,0.004135380505408627,0.001221810687482766,0.003425496680780702
31,shock_g5,0.0024011787081820958,0.0017520689762948703,-0.0002881435126166486,0.004797654146776658,0.0007302824832946919,0.0038197540481444215
31,shock_g6,0.0026479932023006554,0.0010905231433021604,0.001419226573330975,0.004004076216940484,0.0019167661736916918,0.003547614020597459
31,shock_g7,0.0021742125150566545,0.0012874635808813875,0.0007509310729469998,0.003961546095604792,0.0013055473630725987,0.003142194389744053
31,shock_g8,0.0019961455836278123,0.0012831182955899971,0.0005414640755165981,0.004079676191277179,0.0011249290660132589,0.003309045932186539
31,shock_g9,0.0023093145197934034,0.0008862179101828406,0.0012092736208322305,0.003655229871528133,0.0016699257433226433,0.0031260289587556256
31,shock_g10,0.002972715810431113,0.0017002827125283263,0.0008422894615232662,0.005675034199717993,0.0016845015268552224,0.0045925087116385505
31,shock_g11,0.003909584746038576,0.0015955090248680002,0.0021286572468163017,0.006369843576265398,0.0028825653162308095,0.005390746561436647
31,shock_g12,0.0011529472227003322,0.0011960775207880661,-0.00023316531356881937,0.0028470775911694436,0.00026358401572330035,0.002193640006948227
31,shock_lag1,-0.000546120001792927,0.0013942686372962136,-0.002532088343501229,0.0019521607785166362,-0.001790671682781486,0.0008587020436725236
31,ylag1,0.07136847752244208,0.05341368617749973,0.013616716956508526,0.14938182160422425,0.0387130053960027,0.1215259476992182
31,log_oil_lag1,0.026708810548022776,0.005331173976485865,0.019593411778655586,0.03451307813875955,0.02248264872370358,0.030928760872190163
31,ffr_lag1,0.005596063180314806,0.002217094646915243,0.0029682474061051146,0.008949035123495137,0.004084755024111154,0.007642980286825365
31,cpi_lag1,-0.0001609767241064158,0.00016377866526503648,-0.0003514763595169774,5.999212572435885e-5,-0.0002615911351718491,-1.8179839416913098e-5
31,indpro_lag1,0.00044555346298669646,0.0002693691098360172,0.00014915456988241532,0.000842198879764208,0.00026396949008375425,0.0007001637038056638
31,t10y3m_lag1,0.003723034480830812,0.0030867567586619874,-0.0002907420635926217,0.00811536213936862,0.0014535783015287617,0.00594579503201639
31,age_mean,-0.003642709571981071,0.0008029909069620581,-0.004595060106812835,-0.0024324241579519188,-0.004234933207057635,-0.0028997990588944243
31,female_share,-0.08826822994559679,0.018991672405779477,-0.11464671557034231,-0.06713565206159922,-0.10426846193316056,-0.07518468905921201
32,shock_g1,0.003381662133116699,0.0033654119706239805,-0.0007615145335076261,0.007774953152881613,0.000993429693539037,0.0061619925407706885
32,shock_g2,-0.0005335006412972489,0.0017454944887486546,-0.0032424726226602764,0.001716436560856213,-0.0018674782681115567,0.0009287494020287651
32,shock_g3,0.004660528761051281,0.003418296067808265,0.0003828417012670289,0.01053087128635503,0.002085045083423907,0.00802171269322418
32,shock_g4,0.001756929602993975,0.0012757235760371584,-7.906959089866851e-5,0.0035872493953945477,0.0006113522895114828,0.002857090596356456
32,shock_g5,0.0017920075177328043,0.0017069564845849411,-0.0010555621370315408,0.004087615378521342,0.0001217949384377272,0.0031383442937907486
32,shock_g6,0.0025869531910013466,0.0010532894018874107,0.001315257615571192,0.004231515990497431,0.0017774503126031789,0.0034772419006428882
32,shock_g7,0.0017480315313880084,0.0011701225935869493,0.0004081475260675725,0.00333375570242029,0.0009043183904031075,0.0027704631073105306
32,shock_g8,0.002609509826999999,0.0013191568675148427,0.0009500681469289526,0.004742379881769499,0.0015290009118643015,0.0039190731906705075
32,shock_g9,0.0019295239071775618,0.0008985242545114613,0.0007435972684882968,0.0034061749173217738,0.0012350976147319313,0.0027119660076549926
32,shock_g10,0.0020547358659854724,0.001746252591743849,-0.0004446291584680271,0.0047966180822291565,0.0006475360389639167,0.003705763964129081
32,shock_g11,0.005418856590397559,0.0017435932771194872,0.0033280362044855348,0.008101778467189217,0.004069899613264347,0.007121169917618626
32,shock_g12,0.000860434994532708,0.0010514601809458535,-0.0004307669951989277,0.0023019640230114127,5.385533362432132e-5,0.001696924379196843
32,shock_lag1,-3.858152823493621e-5,0.001354620000358768,-0.0020750973753770894,0.0020545180005951237,-0.0011442229398996057,0.0012534839917614047
32,ylag1,0.16435793984316932,0.05054878779803597,0.10989528689064137,0.2423129637016141,0.13453964095410142,0.21115777403731018
32,log_oil_lag1,0.023575821420827283,0.005247813898950917,0.016518843998820174,0.0313953033374383,0.019619772575339103,0.027835064038096793
32,ffr_lag1,0.007137277678719566,0.002171101686069499,0.0044841365938643185,0.010192685643025768,0.0056381966084841665,0.009037725312618814
32,cpi_lag1,-0.0001077154970239976,0.00015950140674471543,-0.00028514589424722005,0.00011265501771143429,-0.00020624472477713584,2.9250683553565048e-5
32,indpro_lag1,0.0005915774384626742,0.00026547229690671335,0.0002971819556060025,0.0009839820500548318,0.00041013220503243906,0.0008352874351002083
32,t10y3m_lag1,0.004772509140328692,0.002967091437652213,0.0007210033110568647,0.008609783592096725,0.0024626437699245556,0.0069944529263421835
32,age_mean,-0.003024960182204219,0.0007797251821585078,-0.00409380815679977,-0.0019300619950128927,-0.0035741821677884606,-0.002423083464462544
32,female_share,-0.0833480055558891,0.01800475347249174,-0.11121199879117333,-0.06234580150290554,-0.09914601673233261,-0.07151745792819664
33,shock_g1,0.002472634970699959,0.0035191525649847805,-0.001941398648452572,0.007233646816318733,-0.0003724553293210091,0.005536194900358806
33,shock_g2,0.0015408359509762781,0.0017699260254612594,-0.0010329771028023448,0.004104327330483698,0.00031056306032456764,0.0030862366194251414
33,shock_g3,0.0062764706069956275,0.0034749533022068,0.001606385261413876,0.011775911729733128,0.0035531495030020283,0.009735683393986828
33,shock_g4,0.001718810446407203,0.0009932489915185634,0.00028946344915724395,0.0032227394283944064,0.0008136590998998583,0.002645426567486169
33,shock_g5,0.0017225526726021847,0.0016739304437403063,-0.0009874280133135933,0.003921342863338958,-1.0587856736672327e-5,0.0030542280082680685
33,shock_g6,0.002642567032460336,0.0009557323045710774,0.0014796981837025638,0.0039521477603072005,0.0018722830568702218,0.003471968354409771
33,shock_g7,0.0026602845810247693,0.001095747652661865,0.0012865589456675965,0.004182853699103146,0.0017996286309401983,0.003546994363092302
33,shock_g8,0.0028330432963589954,0.0012008500400489297,0.0009870297403975845,0.004632279273358016,0.001747208961670331,0.004028923389113587
33,shock_g9,0.0018548630601830144,0.0009552104786169717,0.0006796421988217889,0.0034957825979993013,0.0011032401654470633,0.0027314971385615887
33,shock_g10,0.003668533484929152,0.00154569053076297,0.001309534891157062,0.006135120021553059,0.0022761215812580394,0.005052891360118215
33,shock_g11,0.0036937295059281056,0.0017560266979841817,0.0016588885076071658,0.006254748052796504,0.002352129416733715,0.005191328859785245
33,shock_g12,0.0015388116325802872,0.0010977354277641757,5.4642762716954844e-5,0.003128402056713381,0.0006349372686911813,0.0025396769397125337
33,shock_lag1,0.00021432967124020955,0.0012771229018546592,-0.0016689889576422135,0.0021600901234753514,-0.0010276689009440557,0.001296234866162126
33,ylag1,0.2785536055121769,0.06239119155987003,0.1719173451539499,0.3546189884445725,0.222183528442508,0.328140222928352
33,log_oil_lag1,0.02036751822653775,0.005329298775841462,0.013398841539476106,0.02785690571333717,0.016372717844542042,0.02480154498314557
33,ffr_lag1,0.008386910085375688,0.0021283467031103526,0.005828554848331481,0.01116723017991594,0.00685073146942952,0.010120768048657861
33,cpi_lag1,-7.379278157107824e-5,0.00015450498743507115,-0.0002337359569963926,0.00012921740902398655,-0.00017374722404326796,5.306733212572583e-5
33,indpro_lag1,0.0007404379006784456,0.0002600986300418554,0.00046291169396674907,0.0011271021603141977,0.0005626871613315014,0.0009811197989660974
33,t10y3m_lag1,0.005071034062925015,0.0028995457123101548,0.001391846893502708,0.008677250381963372,0.0028247126863345053,0.007339212478516151
33,age_mean,-0.002214336851720282,0.00083244827529637,-0.0032673657571614546,-0.001201152109894543,-0.0027411825638556423,-0.0015874032660026381
33,female_share,-0.0726302777615267,0.017686880524963377,-0.0981452448407497,-0.05402027381689379,-0.08844744543346868,-0.06150368527061091
34,shock_g1,0.003509646541255373,0.0030215672418480283,-0.0001862477965675624,0.007760029521893509,0.0011735748551596806,0.005765501777969728
34,shock_g2,0.003220952749113791,0.0020329006252337305,0.0007008796765660889,0.006303079718293171,0.0017873531819565071,0.00508980666529745
34,shock_g3,0.004581219429351615,0.0031949128403497124,0.0008321914077352387,0.009452197836415334,0.002129808136199794,0.0074359549146397145
34,shock_g4,0.0027376779676647383,0.0010304863292969562,0.0011679626205598806,0.0041931662881098865,0.0017617050423722135,0.0035715177351719534
34,shock_g5,0.001606843553018913,0.0015891334981428427,-0.0011054875552290607,0.0035033807585122196,6.08316216622782e-5,0.0028295223777614195
34,shock_g6,0.002593562007231184,0.0009766701378076334,0.0013422221086088321,0.004102504383709189,0.0018266109176110618,0.0034708918656790166
34,shock_g7,0.0025923264705059643,0.0009194643919114823,0.0014467628566195469,0.004139930663515839,0.0018706179843920433,0.0034651689724765657
34,shock_g8,0.0028272724230679214,0.0012896072075520874,0.0008799680149419067,0.004709859601432546,0.0016885721925668266,0.003927122666098932
34,shock_g9,0.0019587953216614203,0.0010087996762159317,0.0006887321762801216,0.003518560843733537,0.0012699482030353788,0.0027803566161042417
34,shock_g10,0.003785891350796896,0.0013804452443390936,0.0018836737405234008,0.005791435408581381,0.0025755461053960987,0.005121966181441647
34,shock_g11,0.00256747922820075,0.002063281360763265,-0.0006517049564973934,0.005569574356327395,0.0009243485612385274,0.004383528333199384
34,shock_g12,0.0018791941000820046,0.0011142632300196996,0.00038526952750781427,0.00350534268613158,0.000991408154740987,0.002778025099101279
34,shock_lag1,-0.000776376798829989,0.0013979488447141463,-0.0030494919597659964,0.001012334545837718,-0.002176412746503849,0.000324993185066883
34,ylag1,0.3826549801652369,0.08146991275847633,0.18828414114551137,0.46586354457980006,0.2759766182027033,0.43819913202367805
34,log_oil_lag1,0.018169713699984158,0.00549937604828846,0.01128257791887145,0.02619383801131775,0.014138745636570308,0.02278616311317977
34,ffr_lag1,0.009065672121403062,0.0021181217724329728,0.006233501576304241,0.011643525589516066,0.007464657531485421,0.010806191480787175
34,cpi_lag1,-6.362860486358536e-5,0.00015498724971618432,-0.0002273799474080744,0.00012264793836958376,-0.00016951532952579778,5.679049505318538e-5
34,indpro_lag1,0.0008646071988199287,0.00025807733410695115,0.0005600490453341565,0.001245715592514113,0.0006939182180371071,0.0011129331081522536
34,t10y3m_lag1,0.004736330626311882,0.0028931738536862096,0.0010845978578103046,0.008432544393084886,0.002343166765364138,0.0071300619139001665
34,age_mean,-0.001589579696925752,0.0008890285699246831,-0.0025324654389288735,-0.0005965135869812569,-0.002213337564343693,-0.0009886534547648327
34,female_share,-0.045912069275648164,0.016717282907942978,-0.07106904493867969,-0.02779822488318906,-0.05972233505425002,-0.035568840631765006
35,shock_g1,0.004294323013439214,0.0021583280366578583,0.0013196121233864373,0.007396170864905828,0.002651545933524581,0.00612524163856978
35,shock_g2,0.0018243874760807417,0.0021054954605293345,-0.0009604615162468906,0.004756160728185018,0.00031661900682195075,0.0037411826144839286
35,shock_g3,0.0037604091696845495,0.0031900204782347712,-0.0004263032348507702,0.008026239026379273,0.0012342327133632023,0.00632254836127602
35,shock_g4,0.0009205558553582076,0.0011478336306049548,-0.0005773854309739331,0.0024128055785269924,-1.582658803339187e-5,0.0018454844599533077
35,shock_g5,0.0009564955368436172,0.0018371810732913272,-0.0019723793357291713,0.00301475346821877,-0.0007157195488577983,0.002350594378430034
35,shock_g6,0.001695005853339988,0.001242522300499684,-0.0002513672652465211,0.0033033314266572595,0.0006372147919638507,0.00273303697999255
35,shock_g7,0.0008383608291503194,0.0012714182508885526,-0.0009915338532159802,0.002359392930320622,-8.619663564990801e-5,0.0018028651093888884
35,shock_g8,0.0012353909781466184,0.0019611660624331575,-0.002584028917670762,0.003229088751579381,-0.001091686866590852,0.002663432771138427
35,shock_g9,0.0015378110466246397,0.001033511133687056,0.000194763917907658,0.0030429360585191873,0.000809206696434076,0.00236739681702979
35,shock_g10,0.0024136151227251144,0.0015110598265708577,0.0004226743415531569,0.004515027639541349,0.0011241104777717672,0.0038603344674477263
35,shock_g11,0.0002854938972594907,0.003751673089066082,-0.008647608067038848,0.003682572346482444,-0.0057849324470846735,0.002624324991057097
35,shock_g12,0.001410257406220749,0.001267391531165342,-0.0004295864616870393,0.0030223056690716595,0.0004496533612495335,0.002369909419982715
35,shock_lag1,-0.0015579682177804938,0.0013671257936366263,-0.0036274269306970103,0.0001893444110046365,-0.0028346084379174625,-0.0005299201992748038
35,ylag1,0.4224046501439829,0.091098485033411,0.17987729048351195,0.5237602552056888,0.28833179984998725,0.4813886300070782
35,log_oil_lag1,0.017296106220228133,0.0057651164785089285,0.010653569063578219,0.02578482008771379,0.013127683464444909,0.022414161238742014
35,ffr_lag1,0.009059488330125128,0.0021128301457470386,0.006430381445222453,0.011878644071225557,0.0075178617016765014,0.010656845973488125
35,cpi_lag1,-8.788567691416567e-5,0.00015865114126015336,-0.0002697861032452428,0.0001112125420176112,-0.00020377475273590634,3.4320869885338034e-5
35,indpro_lag1,0.0008966149710305738,0.00025730688039596637,0.0005835023040293105,0.0012895888827813918,0.0007223505642768278,0.0011427718522851005
35,t10y3m_lag1,0.004006930876510987,0.0029051703647533108,0.00038974864598040294,0.007884929256649607,0.0017664511181462311,0.006337509868557302
35,age_mean,-0.0007733006471335099,0.0009605625509175457,-0.0019240315066050041,0.00029547602069826724,-0.0013813555289730554,-0.00010383123766938187
35,female_share,-0.03530888977717995,0.01618042754902836,-0.05717501130041197,-0.017602278421334397,-0.048636622245848124,-0.02398243631129668
36,shock_g1,0.0002299431190031481,0.0022917151654564642,-0.0025028483778588065,0.0037433719171976864,-0.001432352201645557,0.002292370778741254
36,shock_g2,-0.00168800639537827,0.0016899234247356554,-0.003996472933382514,0.00041535477517692953,-0.002843518935129655,-0.0003713627935018474
36,shock_g3,0.0017793750137456352,0.003319197094764631,-0.002676292533643567,0.0059338757604648525,-0.0008096968771846198,0.004502835084835658
36,shock_g4,0.0008387112011406144,0.0013695200456230652,-0.0009937278932423698,0.0025797391939561265,-0.00032630656763336474,0.0019333403806430795
36,shock_g5,0.0010815917069361936,0.0017793034405382193,-0.0016622314053836883,0.003092167553331134,-0.00042689281279677184,0.0023624006994530143
36,shock_g6,0.0014376222295423876,0.0013266702300837217,-0.0005946518146758631,0.0029605808438020543,0.0001966509771866255,0.002470373699914041
36,shock_g7,0.0007023989882737102,0.001257707758601672,-0.0008278580827263452,0.002325543718599594,-0.0003021988522160094,0.001709820523992057
36,shock_g8,0.0015684802023100235,0.0018472156484414615,-0.001408347785509643,0.003656337869341387,-0.0004188958325806436,0.0029092709888234114
36,shock_g9,0.001620131645185278,0.0010195059691841708,0.0002821204343997799,0.0031097426762833544,0.0007799494595202335,0.0024603309059682233
36,shock_g10,0.0017894461159453819,0.0016532262377867487,-0.00034404346573518006,0.004276444443060842,0.00042839733584941974,0.003295330438608828
36,shock_g11,0.000853472210875899,0.00310126090979929,-0.005370340956179934,0.0038664145806916435,-0.0032574651306037368,0.003039575525576453
36,shock_g12,0.00108496437338206,0.0013499910919120678,-0.0006252184969970766,0.0029196986657379813,5.126056128296999e-5,0.0021295059409166244
36,shock_lag1,-0.0036919340971960043,0.0019195650622294356,-0.007256304555262091,-0.001852901913131732,-0.005826197589500287,-0.002467260465454584
36,ylag1,0.3617405850613023,0.07618504815497769,0.1806465811051914,0.44534998515859575,0.2572383038440348,0.4163503217440938
36,log_oil_lag1,0.018905896126331905,0.0058708646239958055,0.012238861040656789,0.02680140829376175,0.014595715472301207,0.02361547975432116
36,ffr_lag1,0.007836469588900111,0.0022088149269180973,0.0051962605230673085,0.01066817585539284,0.0061953443700790865,0.009555425273410209
36,cpi_lag1,-0.00014267278739150827,0.00016910554693969087,-0.0003398813905611934,6.356240703674174e-5,-0.0002613818462705004,-1.09187473217277e-5
36,indpro_lag1,0.0007960084410202134,0.00025364280152203483,0.0004938207613842796,0.001165290386571977,0.0006319629730906046,0.0010288612055364028
36,t10y3m_lag1,0.0026535094570555176,0.0031357527113733555,-0.0017370624078203436,0.006692684751308719,0.00022108448233035694,0.005117819915928983
36,age_mean,-0.0005997987345596765,0.0009077332670620813,-0.0016191547053552916,0.00042349571165790304,-0.0011628455515543938,-2.154000230337094e-5
36,female_share,-0.03268677325130754,0.017175774570808114,-0.055325949632198446,-0.013753940929271902,-0.04559749370484772,-0.020726667018096962
