horizon,coef_name,beta,dk_se,boot_se,ci_lo95,ci_hi95,ci_lo90,ci_hi90,ci_lo68,ci_hi68,n_boot_valid
0,intercept,4.775931124360306e-8,0.0013131945850156804,0.0012139173247131033,-0.0020312553412644373,0.0025641735340433715,-0.0016933543506233906,0.0023562130714358284,-0.0009241946090390006,0.0014156303182958382,500
0,shock_x_ind1,-0.012674816241229223,0.006304828344924578,0.0066655755722933195,-0.025592382534443923,0.0008667109628652692,-0.023800103244397453,-0.0011946836165050603,-0.018704978207708157,-0.005737996261439219,500
0,shock_x_ind2,-0.015033385795915219,0.01258782599808106,0.011734934854969922,-0.03868887987594402,0.005769959825661566,-0.03463156485068851,0.00323822962242495,-0.026593903872055073,-0.0041619930701240265,500
0,shock_x_ind3,-0.0029015824239787065,0.004466022819379704,0.004329402012567603,-0.011224715898420251,0.005539682865901972,-0.010266860776348629,0.004164637229041749,-0.007318060419538024,0.0013188700805543683,500
0,shock_x_ind4,-0.002655032829508332,0.004636663096281048,0.004655581167006231,-0.011607018603515578,0.0061192645225683785,-0.010041141146260061,0.00538431156285439,-0.007129034090552233,0.002038071244466247,500
0,shock_x_ind5,0.0017804522470082258,0.0034601323668535704,0.0035787825118864924,-0.0047976984469132455,0.009588389071475856,-0.004082475515980375,0.007792085255865647,-0.0015526948785497912,0.005270587767432968,500
0,shock_x_ind6,-0.0024621891093757928,0.003882614986707249,0.003877569882638155,-0.010537910780899017,0.0050889221592457425,-0.008806677315753603,0.004362848204362207,-0.006253166086506729,0.0012614991130620932,500
0,shock_x_ind7,-0.0011910187901977988,0.004819054684906298,0.004908350063708717,-0.011320933806882557,0.007986937372395463,-0.008996569220733969,0.006724179572860633,-0.006040938861893975,0.0038109849467353094,500
0,shock_x_ind8,-0.0002740771336143905,0.00332074188861693,0.0031736617581034268,-0.005452118761063084,0.0061333707782347865,-0.004987517673840845,0.005118918120096259,-0.0034279444090814888,0.0031660603219673643,500
0,shock_x_ind9,-0.0036533585278027796,0.004590713295806669,0.004878308286775577,-0.012095695253395586,0.006130357623347594,-0.011123061038167386,0.0047005486664150895,-0.008205906109958666,0.0013538699578857947,500
0,shock_x_ind10,-0.0046675322078770926,0.005320365991687171,0.005261686072209137,-0.015401885772643347,0.005174526315913233,-0.01345858486088034,0.0033238673190666606,-0.010038263551924527,0.00033841381714885935,500
0,shock_x_ind11,0.0008989334500602906,0.005360226646083958,0.005521375339046084,-0.010297854666312252,0.011166909840464428,-0.008228880028978598,0.009702445457024058,-0.004208868188581666,0.006604460986304636,500
0,shock_x_ind12,-0.0010240099362075592,0.002773347438217776,0.002841961977243192,-0.005757275766521712,0.0050740865763056475,-0.0053816248472884866,0.003832613719639155,-0.0036170269449979243,0.002083491341841363,500
0,shock_x_ind13,-0.0030436917489388912,0.003847498272661337,0.00383441018006324,-0.0108497560943464,0.0038842424377336956,-0.009750294398744747,0.0032466434878447837,-0.007019971802912818,0.0008813109876113576,500
0,shock_lag1,-0.00041395019897173775,0.0019950211514714847,0.002162348882146425,-0.004781124669263962,0.003860395998545672,-0.004150939411472657,0.002946233565374589,-0.0023168860797591045,0.0017695883603370845,500
0,shock_lag2,0.0015792399271761053,0.0019731522227885052,0.0019708706016875856,-0.0017442437538966278,0.005788333582786947,-0.0013717910125266993,0.005225969737658797,-0.00030365488972286,0.0036260472478424183,500
0,shock_lag3,-0.00036232945099289943,0.0015691242742500897,0.0018573191257085975,-0.003982726638036377,0.0032134401906294256,-0.003259443003229147,0.002633814404231763,-0.0022105788596939353,0.001314994401683113,500
0,shock_lag4,0.0026044214851164735,0.001682467133187867,0.0018512608616148578,-0.0007165794843148229,0.006462393323324426,-0.00011935194675805397,0.005790450764848439,0.0009322517269273528,0.004449704247976636,500
0,shock_lag5,-0.001720869756023826,0.0018567062224752475,0.0018679603303496815,-0.0054260424573783946,0.0017994857052662286,-0.004765399899891524,0.0011856311937403882,-0.003387599378279505,0.0001549860058830275,500
0,shock_lag6,0.001042961265946787,0.0018332119646034665,0.001897866047662745,-0.002378650397425839,0.004972445251689491,-0.0019563421048577646,0.0044790025166397815,-0.0006693115931671013,0.003011589079328115,500
0,shock_lag7,0.0002743244377881759,0.0018609423204353182,0.002060095608824122,-0.0034495378186321394,0.004198799932757832,-0.0030532826850730825,0.003700854622620818,-0.0017201487574388748,0.0022874099910537536,500
0,shock_lag8,-0.0012208071800055057,0.0017105533299604638,0.001726213563081351,-0.00453080747938263,0.0021699345960868657,-0.004075905983175765,0.0016783061039535427,-0.0029027193329660755,0.00046726487832809803,500
0,shock_lag9,-0.003236068046749592,0.0015663709073356108,0.001699006850086443,-0.006428626545430466,3.6074188175123426e-5,-0.005960429585709474,-0.0003643440818341235,-0.004802012908561258,-0.0014617694306317264,500
0,shock_lag10,-0.0001083997015784557,0.0017351541903015252,0.0017997021592059707,-0.003796906931964077,0.003212998150676368,-0.0034196552593010144,0.002710459525578039,-0.0019677594109388094,0.001534033176836306,500
0,shock_lag11,0.0017749739670568324,0.002029199044943844,0.0020392256222219324,-0.00174401311888469,0.006229483877556449,-0.001256745255028907,0.005239583931754308,1.8312643978455776e-5,0.004103325663092145,500
0,shock_lag12,-0.003162900385881466,0.0014878546620144455,0.0017794927487719857,-0.00667485445150246,0.0002531492504225079,-0.006216324893500669,-0.00027877944601342725,-0.004941930690881887,-0.0014097935838729486,500
0,log_oil_lag1,-0.0025018644681293303,0.00384932210382836,0.003555856453531414,-0.010662763644090653,0.0034691999069431873,-0.009215880222027038,0.002418205542688885,-0.0067660608995001315,0.0001995399783644546,500
0,ffr_lag1,0.003291209419259017,0.0007368930261111605,0.0007340507332279007,0.0020564518925308183,0.004924730522635071,0.0022507070187936427,0.004675299551986863,0.002745673518786647,0.004175612437188036,500
0,log_rwage_p50,0.32188308701158885,0.027028497831060972,0.0251897506178591,0.27676625972128055,0.3782721120338426,0.2877294550000162,0.3686153903394287,0.30102896376424826,0.3494243266270117,500
0,age_mean,-0.0019151005088551031,0.0013821501999883204,0.0015574493591977503,-0.004632135889342063,0.0015061546458511217,-0.00424618346847332,0.0008596216401123889,-0.0032135155119239218,-9.369537536242204e-6,500
0,female_share,-0.09671942768899852,0.05113192252540674,0.04839948322819425,-0.1898829012053131,-0.0003002112851332577,-0.17351964170647374,-0.013793729576897151,-0.14443278229076606,-0.04786786191224673,500
0,married_share,0.19468581444626265,0.03796578720705861,0.041828547603288156,0.09779316728685476,0.2624029464716641,0.11101590220938129,0.24684317553249305,0.14007369142217044,0.22549538018761184,500
0,hours_mean,0.014155888753770274,0.0019596411701120363,0.001998250185124954,0.010264535916318537,0.018252011944880703,0.010780185356576303,0.01748250887792616,0.01239465891432739,0.016043021911102302,500
0,unemp_rate,0.14181489252798535,0.06965356489292462,0.06885619439862668,0.026453739973089706,0.29421434977090044,0.04809464818668374,0.2720333406817233,0.07826412259571201,0.22835460815174705,500
1,intercept,-3.506336318708217e-9,0.0007547906793813426,0.000876937042078622,-0.0018266027295414447,0.0016522897539167699,-0.0014760639513727296,0.0013145994518626964,-0.0009497983416974356,0.0007619839635029493,500
1,shock_x_ind1,-0.019410996242095878,0.007372096463508689,0.007454334614758254,-0.03405969512493277,-0.004927972422725711,-0.03184446884110516,-0.007128934949087181,-0.026899934411851924,-0.011715835359027744,500
1,shock_x_ind2,0.01725496627755032,0.013604672558191214,0.013643920380626152,-0.009030656583665881,0.04267837523995384,-0.005354099002780899,0.03980661816893464,0.0036974590930515623,0.03140208635529845,500
1,shock_x_ind3,-0.001612770796622486,0.004747005559880941,0.005258509689915079,-0.01154427710181197,0.009337443264158562,-0.010228189792534838,0.007800562835518706,-0.00678935262956838,0.00342565733402332,500
1,shock_x_ind4,-0.01088930993913326,0.005431913117928583,0.00515340637998372,-0.020551448690653087,-0.00021699673577068226,-0.019021117712574122,-0.00266767495426151,-0.015920476908831846,-0.005924257994511544,500
1,shock_x_ind5,0.0002839046084718613,0.004678046363444789,0.004697276613852145,-0.009122481505506843,0.009636035127909087,-0.007158599233921591,0.007880745935382467,-0.004230583264627484,0.004669195244776432,500
1,shock_x_ind6,-0.00247823442232651,0.0039951222189127215,0.003798419647206458,-0.010073061740424157,0.004515045764145952,-0.008406532271178763,0.0037817901787033587,-0.005947135850237434,0.0014999087757719175,500
1,shock_x_ind7,-0.007178299957766242,0.005637041506564013,0.005505210411565361,-0.01772768579432943,0.0034630100282604394,-0.01641015510513325,0.0014483855082024365,-0.012285730404256283,-0.0013304994906935027,500
1,shock_x_ind8,-0.007708832500160983,0.002948297460788963,0.003322967423727865,-0.013529907010740527,-0.0008637580956132402,-0.012893278491815222,-0.0021858957629358965,-0.01094013936065522,-0.004169262991440039,500
1,shock_x_ind9,-0.0074636463905651765,0.004291037656251828,0.004615727652315684,-0.016968002243775065,0.0009182827928152816,-0.01598338552490138,-0.0003229196704513092,-0.012336318386390183,-0.0031835395483666693,500
1,shock_x_ind10,-0.006702839629200272,0.005516116119939288,0.005726604307791305,-0.017066172827083368,0.00515502503094993,-0.015921252770349965,0.002913191773298613,-0.011935985160848112,-0.0008092780399839355,500
1,shock_x_ind11,-0.0038594142530392946,0.005653923037073767,0.0057093905796868506,-0.01453762223358011,0.007921752156791416,-0.013133841285182149,0.005685693386663226,-0.009570539416187643,0.0016409700144160893,500
1,shock_x_ind12,-0.00025757461332720423,0.002661774495171376,0.002761061447027449,-0.00569547359390548,0.005378000439578328,-0.004790029068561022,0.00435797697185369,-0.0028856159983151755,0.00261886415805301,500
1,shock_x_ind13,-0.007176173057149583,0.004412964557208992,0.004527680843560737,-0.015458987643674035,0.0023278877856366016,-0.014645366796041741,6.3116866787299e-5,-0.011609449444113509,-0.002757839691089025,500
1,shock_lag1,-0.00013694868132408004,0.001790070899350335,0.0020353964996696837,-0.003719947097796511,0.004040127744303909,-0.003193933813748662,0.0033649754671184083,-0.0019216202427649114,0.002184317982962853,500
1,shock_lag2,-0.0005689664298039562,0.001615609383903099,0.0018045923684905543,-0.003858495551905118,0.0032456506665076382,-0.00336034009128968,0.0025264494968969082,-0.0023572974468560664,0.0012917101062524855,500
1,shock_lag3,0.001482806523188683,0.00187809360561057,0.001867082989944284,-0.0021648638038468393,0.005230016863674077,-0.0015720243477376028,0.004814872412024567,-0.0003214840590353814,0.0033353814975171894,500
1,shock_lag4,0.0013582340557455768,0.0014841897403091407,0.0015716309558303516,-0.001823136411181956,0.004277949525349944,-0.0013293240884383745,0.003723279358746041,-0.0002398220337187176,0.0028551266382815486,500
1,shock_lag5,-2.8548455570251277e-5,0.0019125827982174645,0.0018591487320299613,-0.0035548600299594862,0.0037518796960888,-0.002956700503471013,0.003116071202276246,-0.0017622484455025581,0.001852314489615888,500
1,shock_lag6,0.0030142833386080825,0.0014443775415882319,0.0014423893467181014,0.0002864079095131131,0.005703206091369059,0.0006903363198954999,0.005362262486316233,0.0014895192731072477,0.004368827592960045,500
1,shock_lag7,0.0006147127048328835,0.0015692147310134472,0.0016976214328467912,-0.0030489879479339765,0.0038109200982125863,-0.0021795031079135906,0.003243529368435929,-0.001234878554068534,0.0022308323200078937,500
1,shock_lag8,-0.003199014773084711,0.0016356724402087316,0.0017879297310345965,-0.007011783085591449,0.0005683190184863198,-0.0062257573281816895,-0.00019515194595318892,-0.004977668456220766,-0.0016457571104624466,500
1,shock_lag9,-0.0021586612299533034,0.002086842600011758,0.0019190515691909743,-0.006123020604491656,0.0009563225471251509,-0.005625352312637664,0.000633745597008871,-0.004394184536338654,-0.0004224151683879136,500
1,shock_lag10,0.0037954571559820805,0.0015735966798469394,0.0017473057156009877,0.0005574510294497875,0.007384151560876816,0.0012288809856629765,0.00663104149869368,0.0020975951214698713,0.005757559287892961,500
1,shock_lag11,0.000576818997283673,0.00186588380632992,0.0018183155850719202,-0.0023047690488726836,0.0045656134700858084,-0.0020398610929842033,0.003852905769960715,-0.0009381415636583264,0.0027022726850012375,500
1,shock_lag12,-0.002758839370712161,0.0018469627864046742,0.0019032344831380154,-0.006156551206079726,0.0011685938433980867,-0.005747762517602209,0.0005042071092729491,-0.0044993839702984866,-0.0007190508124076836,500
1,log_oil_lag1,-0.0012932752722646034,0.0023848464185245526,0.002584084102874732,-0.0063604824669261616,0.003845886287467167,-0.005525044012666731,0.0027674821798084944,-0.003859347741751587,0.001094369680112482,500
1,ffr_lag1,0.0001341997337891602,0.000575989073303038,0.0006621901136463934,-0.0011082726705224696,0.0013215990449795818,-0.0009051907156896921,0.0011662689615037376,-0.0005690052650266281,0.0008021882126219948,500
1,log_rwage_p50,-0.020565691195356305,0.015726159294912192,0.016684523640598976,-0.054716942882868824,0.010529476888219095,-0.05034102566952193,0.005782272031510888,-0.03961064647320846,-0.007042242511246941,500
1,age_mean,0.002054087640356616,0.0013968542257087925,0.0014758331450164,-0.0007088793181682239,0.005127228474639988,-0.00026467560762899044,0.004409917770662047,0.0006298726725998565,0.0036213488228732447,500
1,female_share,-0.040581781467488406,0.0498789366613189,0.04772906546891042,-0.13620207094829648,0.05072584303103159,-0.11769812694444064,0.03554415911157207,-0.09217318883562389,0.0044889315720376514,500
1,married_share,0.06052126732939218,0.039043029448848604,0.03936352542443015,-0.014530549593321038,0.13490584258220525,-0.002597730776217435,0.12261724454510466,0.021940164939397322,0.10177732273518811,500
1,hours_mean,0.0009780504836138806,0.0016975370162931292,0.0018264512006050018,-0.0025272556403103472,0.004725420060646879,-0.0019533688008775184,0.004028731692640085,-0.0006359959595143841,0.0029359640029348634,500
1,unemp_rate,-0.07083252903772543,0.04088065384738816,0.04903946475402451,-0.17024807545849555,0.024790674261372728,-0.148022331254881,0.010385360527695673,-0.11997335601011529,-0.024253002012667352,500
2,intercept,-6.540616643650195e-9,0.0009948065229901176,0.0011688762118934007,-0.002254128703135639,0.002267283941436958,-0.0019001996044399655,0.001987226426306192,-0.0010579746687542691,0.001269262014737756,500
2,shock_x_ind1,-0.019833092975413906,0.008460694635975425,0.008403624763158243,-0.03542101861647237,-0.0025223865834171303,-0.032979231608645,-0.006135353340223339,-0.02784594482803587,-0.011702538225634418,500
2,shock_x_ind2,0.001062225797900304,0.012407715844187477,0.011704779815256739,-0.021685668549433525,0.024929586501627195,-0.017022073355858574,0.021298317748471796,-0.010484942592794281,0.013342600567007217,500
2,shock_x_ind3,0.003016877247385124,0.0038139207512686898,0.004176147501860678,-0.0059187816476787124,0.011163035065655495,-0.004290265766861355,0.009696811616934553,-0.0009663941318929866,0.0065747252260337855,500
2,shock_x_ind4,0.00023774489131707204,0.005234948030452738,0.004940222017744417,-0.008862526828161925,0.011249623089983991,-0.00705806347738707,0.009117249068299192,-0.004201842966103158,0.0057611172991746985,500
2,shock_x_ind5,-0.001972662073224642,0.003776300059647073,0.004336240970066453,-0.009949904421348934,0.00717885108207513,-0.008832444526105085,0.0057932948585133846,-0.006246343591805331,0.0024381315425053077,500
2,shock_x_ind6,-0.0009057734216473479,0.003747610923704224,0.003929594305075702,-0.008025456772118958,0.006788444789065817,-0.007437648472862243,0.005279355484506885,-0.004966568034227135,0.002709746437224978,500
2,shock_x_ind7,-0.002193797457689753,0.005862214273428511,0.00583260699629938,-0.012730829963428251,0.010271859990773447,-0.011242667900876496,0.0080020127407361,-0.007348307515195222,0.0035543139066821195,500
2,shock_x_ind8,-0.0038411630655951863,0.003549950430353635,0.003636729265510563,-0.010364900784123596,0.003713936180324797,-0.009041354020553708,0.0027017317678063686,-0.007010343537453166,0.0001270078021807377,500
2,shock_x_ind9,-0.005210807306779133,0.005115134864356793,0.005003956747433052,-0.01567804587157223,0.004239831794799425,-0.014046851518388088,0.0026786950734664617,-0.00994093844041972,1.635896002058583e-5,500
2,shock_x_ind10,-0.009471946858810278,0.005919068286263996,0.00606937265663347,-0.020270139567372204,0.0031161620301908494,-0.018105651149837126,0.001246089066012825,-0.014786960374751527,-0.0025666652778286946,500
2,shock_x_ind11,0.0010403878019235654,0.0055793686468196746,0.005981025258074277,-0.009453834489185558,0.013682428720464183,-0.007591831697226204,0.010735959518496757,-0.004208107437000406,0.0074060984508594885,500
2,shock_x_ind12,-0.00624740678457291,0.002666089810176199,0.0029239253284977147,-0.011914930194011478,-0.00047518934018683096,-0.011033571688588189,-0.0012706969896559197,-0.008918649230964129,-0.0031783856333269618,500
2,shock_x_ind13,-0.003674932692662902,0.0038452509953763848,0.003790873011120049,-0.010485568378030646,0.003376238226074255,-0.009526236504252748,0.002383618330216073,-0.007314827709601261,0.0005189733024769834,500
2,shock_lag1,-0.0011635331404702114,0.00197452013529318,0.0022691689604037216,-0.005146826117388871,0.00353949736299473,-0.0047236896875976,0.0028810085979279467,-0.0032335428289345367,0.001293132478322233,500
2,shock_lag2,0.002435374926651459,0.0016149122593923976,0.0016851544507713947,-0.0008683125312394105,0.0060291994517714985,-0.0004312886947263459,0.005261049243579942,0.0007919841164522549,0.0039032301656155705,500
2,shock_lag3,0.00010768390734898149,0.0017404316588321771,0.0018571406505614168,-0.0037056862270531243,0.0038275463801451175,-0.003167408828938873,0.0033357532791739846,-0.0015000941180565717,0.0020459885641299505,500
2,shock_lag4,0.0029829642315085296,0.001808764507445138,0.0018659009227786944,-0.0006228206785340244,0.006717096602363488,-0.00013483158947830452,0.0061557043519765466,0.0010731581868450182,0.004919802841161911,500
2,shock_lag5,0.0017337669139070222,0.001862389037760039,0.0018672829372084528,-0.0015741220146745264,0.005488081625961981,-0.0010488997369074676,0.005045183066492241,0.0001481529612191656,0.0037719401617959747,500
2,shock_lag6,0.0025193702514660324,0.0015537454392849,0.001774386681052527,-0.0008561171945813805,0.006013722729637072,-0.0003879671028408806,0.0054670427555901105,0.0008714753693196088,0.0043794108341394244,500
2,shock_lag7,-0.0016550473288897685,0.0018556096623306758,0.0019845284136430583,-0.005708822076017616,0.0016851170898109316,-0.005214038192329549,0.0012999505710790114,-0.003953091627997567,1.0499979038138092e-5,500
2,shock_lag8,-0.0026810451341866526,0.0025181025060503764,0.00227701264668251,-0.007282108479634631,0.00108317590934087,-0.006829356589757023,0.0008543082145068608,-0.00523424295657667,-0.0007133541847413462,500
2,shock_lag9,0.0011923025794867835,0.0016914279450730026,0.0018288155099169792,-0.0024004708657817467,0.004501322749646364,-0.0018483326220179645,0.004080105558367821,-0.0007671848755377039,0.0031013173610856424,500
2,shock_lag10,0.0014815550382966149,0.0013975665297470592,0.0016335994952035161,-0.0020248567322516,0.004425369837567066,-0.0014624173354899112,0.0038370703480569003,-0.0002659108749838472,0.0030547171365853366,500
2,shock_lag11,9.678450798229913e-5,0.002603460546564153,0.002415868241276783,-0.0040785768989681885,0.005183618143859327,-0.00367053176703486,0.004353613227355855,-0.002127373267462833,0.0028548012573126023,500
2,shock_lag12,-0.0013016507978625906,0.00177221291406947,0.0017861832425089272,-0.0044197024612293336,0.0027339228947128114,-0.003935373768677334,0.001743999221568327,-0.003002519316726148,0.0004672438697501923,500
2,log_oil_lag1,-0.0024423195820415383,0.002953037693578733,0.0032844121468679154,-0.008719006890248272,0.00389981650246573,-0.007647105566001533,0.0030506155405237013,-0.0057340191451930545,0.0010948352292685997,500
2,ffr_lag1,0.0005740442130204506,0.0007096593981942038,0.0008285944007319895,-0.0011044692230378658,0.0022817636468763754,-0.000730310241915005,0.002005178829579853,-0.0002088478566245182,0.0014293020223035934,500
2,log_rwage_p50,-0.019289825602446384,0.0186042993710115,0.021651414517889166,-0.05617025476989847,0.02617430414331774,-0.05242808781962527,0.0191078547040615,-0.03919119988160731,0.0014654642613435844,500
2,age_mean,0.002733073006160547,0.0016314315833880215,0.0018053308730404875,-0.0006764401187082588,0.006001201103045879,-0.00029916675028893863,0.005721249999623056,0.0008711402789107394,0.004616733501757295,500
2,female_share,-0.05110238548288189,0.05111460997246454,0.054127677428245355,-0.15736438724545226,0.046781953865058935,-0.14285275626409466,0.03212813912117057,-0.10911737657814548,0.00022445882581433214,500
2,married_share,0.03286576483386197,0.03847133103880375,0.039320148303763944,-0.04833127435728373,0.10698300613791775,-0.026720097373276925,0.0917341395581675,-0.0048546407616419165,0.07321392276611104,500
2,hours_mean,0.0004252290653535341,0.0019245224338592583,0.0019948508576344537,-0.0033817094736329424,0.004250405990067903,-0.0030143634019028885,0.003845733179797844,-0.0016551153700587623,0.002316070723139752,500
2,unemp_rate,-0.10453766772577401,0.04238775401420208,0.04761372617306303,-0.17950769449800996,0.0045458559639283405,-0.17381860111794958,-0.017396854644872714,-0.14664656892358932,-0.0549848317859534,500
3,intercept,-4.065960116281447e-11,0.0011981438057493854,0.0012222990695966668,-0.002318568017162049,0.0025231540421058515,-0.0019033645210353909,0.0021109627408787295,-0.001137072845108838,0.0012666736468095658,500
3,shock_x_ind1,-0.014881819254303687,0.007106187833823173,0.0068260101641958865,-0.02834681639067906,-0.0014187007983109054,-0.02627720624686118,-0.004088611559365979,-0.022183706997321938,-0.008634935176468692,500
3,shock_x_ind2,-0.021491416588938484,0.012156210836033734,0.013250835441580403,-0.04603441900477246,0.004353166217558557,-0.04244502499682367,0.0020036940031066854,-0.03342556474749319,-0.007976305202809696,500
3,shock_x_ind3,0.00031128657986091533,0.004649277894664395,0.0043297141528256715,-0.008273925013725291,0.009067664635510625,-0.006551371072359601,0.0071295895363407205,-0.004028231538846359,0.0041841496602922565,500
3,shock_x_ind4,-0.0015795604202232785,0.004672895687387478,0.005008907193784238,-0.011571524250036115,0.008202001483889153,-0.009718621121556716,0.006345097781864765,-0.006682807572887611,0.003101133880088456,500
3,shock_x_ind5,0.001101923195506334,0.0036522258417621147,0.003899259597982666,-0.006459465957147087,0.00792603494211458,-0.005506542628801497,0.007316300671028394,-0.0030581912886255636,0.0051001388485541425,500
3,shock_x_ind6,-0.00020301439316569022,0.003942763783928634,0.004131766227330227,-0.008365036455043677,0.007675510871980647,-0.007135043972730176,0.00649722485972532,-0.00437256722933076,0.003820052429312864,500
3,shock_x_ind7,-0.007563088505944565,0.00611547923083691,0.006381615326245012,-0.018792454713862445,0.005416150604231081,-0.01698833398674482,0.00305491605908537,-0.014505040943038172,-0.0012579022016305686,500
3,shock_x_ind8,-0.00245177067424607,0.0032451557921463633,0.003238066980520884,-0.008897416858938072,0.0037861321651843495,-0.007812318840970754,0.0025164865761783946,-0.0058883066411417615,0.0004026872723047885,500
3,shock_x_ind9,-0.0016082544076804319,0.00420534200938114,0.00430782866624311,-0.0094517974435787,0.00791347966865506,-0.008418588514862347,0.005838964003569078,-0.005832189758316904,0.002799046495447128,500
3,shock_x_ind10,-0.010338914318566421,0.00535687730433899,0.005776380028457377,-0.021489791623203705,0.0012791409778840981,-0.019899311703747768,-0.001327638750906641,-0.015918032361983355,-0.004645779121520036,500
3,shock_x_ind11,0.006925935661231207,0.005791959832421494,0.006473570249269683,-0.00546459338773955,0.019797449919404693,-0.0040215793476322875,0.017462363275104798,-1.1966649919691792e-5,0.013001328655750804,500
3,shock_x_ind12,-0.00204946259036495,0.0030129097769213556,0.003372615123241713,-0.008528678141783298,0.004414041329129583,-0.007263855501835994,0.0029135465728099695,-0.005406712982376872,0.0012272780659615104,500
3,shock_x_ind13,-0.008443589393794861,0.003855140316328323,0.004201711943986637,-0.016107981713926682,0.0003671292362836556,-0.015129036523618262,-0.0012743977538821408,-0.012378325457011306,-0.00409597598034485,500
3,shock_lag1,0.0016010320715307534,0.001719256343413608,0.0018448956332735226,-0.0018610697083320466,0.005442214123012741,-0.0012339940768318605,0.004460611338291771,-0.00032133976693153593,0.00348357283631832,500
3,shock_lag2,0.0008041883859707643,0.0020229224911409724,0.0021486396659172345,-0.0032407808382137427,0.005159031790708035,-0.0024815575293044524,0.00461449766710219,-0.0013407864723891988,0.003001886067255023,500
3,shock_lag3,0.0014135928538975611,0.0021510379445107137,0.002206430344620928,-0.003149921861078267,0.005552871087473859,-0.0025139134831236856,0.004905156373486326,-0.0008387862797312275,0.003395589162137853,500
3,shock_lag4,0.00430003463241549,0.0019692789213409346,0.001974185653389086,0.0004972034160916016,0.008287185142587375,0.0010132487634182026,0.007515575459446356,0.00249809859477618,0.006344733058886207,500
3,shock_lag5,0.0007873945469589785,0.0017379060921224874,0.0017096226097380283,-0.002756788797857984,0.00405109423984934,-0.00217505623954607,0.003289905410696551,-0.0008905480059893194,0.0023968893921889243,500
3,shock_lag6,9.181403388986215e-5,0.0017894617963660044,0.0018897038536129587,-0.0037584312623981223,0.003688633849386916,-0.0032696467768166745,0.003101098802459276,-0.0018298297660515163,0.0018013405434313373,500
3,shock_lag7,-0.0013313101881438703,0.002803919262547777,0.0025336721406675655,-0.007137428198373505,0.0030274906702638326,-0.006370613704823488,0.0021545574176258853,-0.004369806288149982,0.0006795658643776827,500
3,shock_lag8,0.0005165341107398352,0.0019072930096390177,0.0018757952541384765,-0.003326073014255414,0.004059736803504845,-0.0028501980633638233,0.0034518660220861476,-0.0015227141446980106,0.0020682575911900596,500
3,shock_lag9,-0.001459824527863147,0.0014874793053173358,0.0015753934888095694,-0.004531210340321555,0.0016466418735815488,-0.0038052149964978785,0.0011734589641093642,-0.0030564172918566956,0.0001281769218014535,500
3,shock_lag10,0.0007756958099717335,0.0016449689494381751,0.0016265753070605219,-0.00248216512997748,0.0041914764769084845,-0.0018354977550441532,0.003255948973255429,-0.0009019452263490382,0.0022898619253129493,500
3,shock_lag11,0.0012539010765057323,0.0022596659812897275,0.002164025442837787,-0.002644074337814331,0.005926962197499622,-0.0019486183296473936,0.005314092398624225,-0.0006101346546581588,0.0036167113464724396,500
3,shock_lag12,-0.004619702280623276,0.0018277345630575213,0.0019331563646639554,-0.008095057245681242,-0.00045059920592700807,-0.00746738959105691,-0.0012894489438890042,-0.006235612862873319,-0.0023581496596657573,500
3,log_oil_lag1,-0.0018922605495904831,0.003260907900008686,0.0034134105206228894,-0.008992040814109984,0.004981556525124811,-0.007646397922123532,0.003964489535192889,-0.005049092490241052,0.0017089235727963368,500
3,ffr_lag1,0.0006811517635347321,0.0008206024996976482,0.0008768598113283684,-0.0010212776328939386,0.002342618492647326,-0.00076166890169917,0.0020660891898535744,-0.00023983056802161096,0.0015662973859363503,500
3,log_rwage_p50,-0.018030686898586012,0.023363291636534802,0.022122691579740623,-0.05528236090910794,0.03392252926822538,-0.04935902498988875,0.023347562949248245,-0.037896041526890314,0.005292707600926593,500
3,age_mean,0.0025611050310573136,0.0016431126596432321,0.0016740882029963133,-0.0009347790817442799,0.005772882027839742,-0.0002898971824362998,0.0050429224388395975,0.0008009223081609468,0.004041547333498838,500
3,female_share,-0.05060978840063121,0.05387304601370572,0.05338215525450063,-0.1555035990989511,0.05107884983007748,-0.14123237120277995,0.034368005111396045,-0.10747167930436222,0.003172616569179846,500
3,married_share,0.015699752277304538,0.04581756895831924,0.04453189274524854,-0.06507289318508389,0.1119083959617723,-0.052638800837465194,0.0967069903511468,-0.027724369059709687,0.06005679043937209,500
3,hours_mean,0.0031725346417383264,0.0018941468684059747,0.0019208399203075614,-0.0006859517873618443,0.0067458631824918215,-8.738611870249805e-5,0.006071451021415001,0.0011719586239228993,0.004988750775577913,500
3,unemp_rate,-0.10006330517035282,0.050606977816540735,0.05335001785385761,-0.19188251795376238,0.009610127083084053,-0.17908063448512648,-0.004098445803152766,-0.15051942826276823,-0.04663477286669859,500
4,intercept,-3.818792320814508e-9,0.0013718531528428563,0.0013066949523145332,-0.002369434681172805,0.0025645152117212706,-0.001908337203711264,0.0022404012269295237,-0.0011609636039286995,0.001499073962855417,500
4,shock_x_ind1,0.0029015805830242534,0.007291001039887786,0.007278801420563519,-0.011286281353899072,0.016972156870356837,-0.008389611234706768,0.014896561676900321,-0.004159270040021691,0.010387579119176652,500
4,shock_x_ind2,-0.00831643709641136,0.014363834467024971,0.013490875462802816,-0.035144609463878804,0.01914547287426993,-0.03027115385182285,0.014755298226454631,-0.021813059450424162,0.004825360927042484,500
4,shock_x_ind3,-0.006072373330176681,0.005335043717214142,0.005548736460655474,-0.01639422122056444,0.004654600943398979,-0.014748772696640315,0.0031868258564301012,-0.01127176973005359,-0.00019234226890372713,500
4,shock_x_ind4,0.0017281621393906124,0.005094222824895505,0.005405085225716887,-0.008007256353596021,0.011827119430492949,-0.006594822592001977,0.010559924197640947,-0.003998190922112957,0.00779474404593852,500
4,shock_x_ind5,0.0037467370604050993,0.005041619170981331,0.0045511978228839935,-0.004929681660986638,0.0125800649057385,-0.0038082680122339023,0.011296940362410805,-0.0010163464992628602,0.008079458069085783,500
4,shock_x_ind6,-0.002888294124033249,0.003912046791971288,0.003967255197741675,-0.009835442584895618,0.0058286751494017255,-0.009055022115713457,0.003832726665012267,-0.006982058281346842,0.0010766601408766575,500
4,shock_x_ind7,-0.0009355044679790876,0.006185959974977253,0.005829229825652839,-0.011689849309960788,0.010886960666384865,-0.009557464890886743,0.009347697342422493,-0.006374122562388119,0.005500135937536659,500
4,shock_x_ind8,-0.004141335205229806,0.0036752416985611266,0.0038162329422989742,-0.011609143762807306,0.0031330512468739982,-0.010675185621016532,0.0013896693303088797,-0.007998058288079498,-0.00038701780842403054,500
4,shock_x_ind9,-0.008507647272293922,0.004155660559079813,0.004364899523437156,-0.017691089145014674,0.00015632228165913162,-0.015544600194973033,-0.0015563223531922313,-0.013020027980948552,-0.004408517402108777,500
4,shock_x_ind10,-0.001250927142152286,0.005798191334072947,0.005827655394395542,-0.012116438771053829,0.009836681702230864,-0.010660574907954818,0.008233007008576744,-0.006809191790623386,0.004530610271190222,500
4,shock_x_ind11,0.0037670491432818206,0.005538615149081748,0.005698712543372835,-0.008082669681379313,0.014135653389422926,-0.005939477961729962,0.012970539984833742,-0.0013926806380707476,0.009920714074937274,500
4,shock_x_ind12,0.0027798558536071697,0.0029521279157478635,0.00312660552694329,-0.0035670399099451554,0.009537496277059257,-0.0023668912319090747,0.008385750472731043,-0.00013322498017292303,0.005702642092613114,500
4,shock_x_ind13,-0.006112359552635188,0.004019684112453082,0.004270279836063612,-0.013915846070444044,0.0021047671072015653,-0.01298981705599605,0.0006422282384892671,-0.010779505333208357,-0.0021510922327999476,500
4,shock_lag1,-2.737616582619378e-5,0.0019738840979544436,0.002273473197630206,-0.004170855080196658,0.0047915534520166034,-0.0034604893252539785,0.003831040184317605,-0.002231986207264988,0.0022059093744520963,500
4,shock_lag2,0.0018252686689429179,0.002324995853543201,0.0025210618434576204,-0.0028490340818157584,0.007138985832082554,-0.001970482827540427,0.006127290036918611,-0.000485058042939143,0.004442094645009765,500
4,shock_lag3,0.002909000659217457,0.0021478056645822786,0.002114331567826136,-0.0013000333709412323,0.006754780177194383,-0.0006285771739514007,0.006340241761237126,0.0007661742430120355,0.004867253898276987,500
4,shock_lag4,0.003506865945070274,0.0016495536786787317,0.0018394978173915273,-4.100875278678294e-5,0.007015018971941671,0.0005882693311408366,0.006602756015044063,0.0017707517753576029,0.0054368352550991225,500
4,shock_lag5,-0.0012605703622031229,0.0018743446144840492,0.0019908745022958947,-0.0051811560211628685,0.0030469892643006967,-0.00442257732264951,0.0021338508638178593,-0.003192698083349215,0.0007525636836507877,500
4,shock_lag6,0.0004038253773448699,0.0023132678146622,0.002159094656369354,-0.00436433187928064,0.004321774236847594,-0.0036769673544474442,0.0035105388382017273,-0.0018189415428091513,0.002376479424192602,500
4,shock_lag7,0.002005810715311774,0.0020804119828500556,0.0021897707238121974,-0.002597260533008749,0.006193876340619383,-0.0018107684490879178,0.005478909178339122,-0.00040321353875249626,0.00402756037495678,500
4,shock_lag8,-0.0019104286781140565,0.0016514613665297472,0.0016532918498010927,-0.005143469455857013,0.0012476340091754612,-0.004596376057342826,0.0008530093878058548,-0.0035364947448149565,-0.0003065667698174151,500
4,shock_lag9,-0.0019298812173430325,0.0016391358544118125,0.001747112752268739,-0.004918012377469054,0.0017777001643915758,-0.0044883372975818,0.0012102571748251816,-0.0035798690443715007,-6.742763589346148e-5,500
4,shock_lag10,0.0022598323582061156,0.0016147221155227685,0.0017252052256283247,-0.0006751581451311166,0.005793563111404032,-0.0003918946508477694,0.0053290613580084575,0.0006025876473551697,0.004027803365577683,500
4,shock_lag11,-0.0019495348481943823,0.002270256593997536,0.002137785022782066,-0.005691157060531969,0.00266772065695427,-0.005154085925119478,0.0018555832962011266,-0.00390276358225444,0.0004187861078959836,500
4,shock_lag12,-0.001560410325325411,0.0015251306270685932,0.0016717280249684482,-0.004817131986591278,0.00170112529688999,-0.00416897904838514,0.0010551570835451087,-0.003052714754043858,0.00011292128575192474,500
4,log_oil_lag1,-0.001169404342287163,0.0035105847105767916,0.0035121233170072466,-0.007940304855899563,0.005955741563342677,-0.006977824852339832,0.00506308930538984,-0.00462263518558312,0.002397024892286712,500
4,ffr_lag1,0.00044708822115012425,0.0008735492653425638,0.0008994704173122354,-0.0012499088321188115,0.00229955313979621,-0.0009420780109359091,0.001896107053100882,-0.0004656266746640137,0.0013431454757069313,500
4,log_rwage_p50,-0.0415441574100713,0.023845689685759435,0.023348881668954897,-0.08504871121659915,0.0050162904778903936,-0.07777933868610253,-0.002434148750731147,-0.06364590835430756,-0.016942371849945376,500
4,age_mean,0.0017454914587949283,0.0017910407280419974,0.0017913315840853675,-0.001927601839327661,0.005051143853158803,-0.0013456549688318647,0.0046532460406763804,-0.00013170402276867712,0.0034173547146360925,500
4,female_share,-0.10932589454830671,0.053801337180479615,0.052427021585299924,-0.21518256478311448,-0.0061337925677042,-0.19724157417815408,-0.026100238122252796,-0.16369810337579951,-0.061110776696753896,500
4,married_share,-0.01762364382795055,0.042994156419465426,0.04296719942887818,-0.10342100656043002,0.06498171724781868,-0.09398319097693125,0.04831161097445204,-0.061052064187964245,0.024013552638068852,500
4,hours_mean,0.0017914585568069431,0.001938092362069339,0.0018972919515916388,-0.001973223834004221,0.005534925475826141,-0.0013612503894038553,0.005167995803788911,-2.0169447275408628e-5,0.003677811459431215,500
4,unemp_rate,-0.15148995258732792,0.048966534386943844,0.05410054793309529,-0.2445633710446834,-0.02856828907851612,-0.22878167940487742,-0.058468213146734976,-0.19667700101898677,-0.09326474802499854,500
5,intercept,-1.1340275978825604e-9,0.0014636101274617317,0.0014882985061192766,-0.002812873551324718,0.0029230460949553026,-0.0022888458397036524,0.0024502150018614064,-0.0015067911005918204,0.0014432462843777057,500
5,shock_x_ind1,-0.01462646104205652,0.006968274444223278,0.006645006170267538,-0.028866180019420477,-0.001984514570894557,-0.02574228254327281,-0.004086754775194053,-0.02184226586791065,-0.00875064032818651,500
5,shock_x_ind2,-0.0006682128268238149,0.013024113801192796,0.012353933979444095,-0.02453608809958864,0.02342670792272363,-0.022208361700009026,0.018822012766349327,-0.012806816570680139,0.011456692637758194,500
5,shock_x_ind3,-0.0006708826181549019,0.005109802410203418,0.005505873180602057,-0.011052545932321207,0.009997707948683206,-0.009772948146999486,0.009071952489303568,-0.006000762847697922,0.00456316039353562,500
5,shock_x_ind4,0.0003221329812192546,0.005251952850849203,0.005288295920001974,-0.010030338721897236,0.010523766600577224,-0.008230789740988982,0.009152151670051938,-0.004804900057446997,0.005735083674873653,500
5,shock_x_ind5,0.0020518450934091746,0.004528774206705203,0.0047622591407158925,-0.0059717341374915375,0.012376550313254821,-0.0053398100699917845,0.010466781506188348,-0.00201597220928079,0.007163872949961918,500
5,shock_x_ind6,-0.0012022108228462536,0.004230778508015572,0.0043869441166839536,-0.009108276764278101,0.0071766970459929205,-0.00829949274720456,0.00623735765394513,-0.005576353523434315,0.0032160400223635874,500
5,shock_x_ind7,-0.012780165379288397,0.006093164792187407,0.005940761720147186,-0.02523998946247164,-0.001119060239649684,-0.022835170767844054,-0.003077722325710547,-0.0181630062168279,-0.006703617607554513,500
5,shock_x_ind8,-0.00510005010173117,0.002876294707433537,0.003117588166620688,-0.011516664016285007,0.0003629463901802661,-0.010398762742294789,-0.0003780286561052768,-0.008223990462554762,-0.0020182559566379508,500
5,shock_x_ind9,-0.002400455377609044,0.005350091917214245,0.0054147926121381855,-0.012381278786687457,0.008500312199517869,-0.011190961846151775,0.006537348413887103,-0.008024323179106452,0.002704187131836803,500
5,shock_x_ind10,-0.00551430465724921,0.005597431894616624,0.005578038933111284,-0.016769310508608033,0.004930909397114146,-0.015263866795617715,0.00302725072654647,-0.011292012330719484,-0.00023913203450319102,500
5,shock_x_ind11,0.005386273019333191,0.006391635407709207,0.006543507916341819,-0.008334982186243766,0.01690968710366466,-0.005812691555966472,0.015383894774988286,-0.0013673791604639153,0.011690559706111308,500
5,shock_x_ind12,-0.0005476633066675939,0.00285045839508223,0.003157468831456662,-0.006468062761080447,0.00583866292886238,-0.005980248145637697,0.004790041978857799,-0.0038609640214038593,0.00236556293028159,500
5,shock_x_ind13,-0.008177662547419013,0.004032142066100837,0.004173827990564929,-0.016212469804080108,-8.299273483444113e-5,-0.014705751095421809,-0.0013309030525659562,-0.01256487847501756,-0.0040703299432876755,500
5,shock_lag1,0.0009990807759663004,0.0025847776223897044,0.002713969248501396,-0.0045285244902290855,0.00596875182312336,-0.0037787959246299184,0.005448702016282084,-0.0015777043812793489,0.003703505428563146,500
5,shock_lag2,0.0027177877916509823,0.0022357242657486853,0.002211687755975772,-0.0016394009641987864,0.0070500560261559505,-0.0009603804584808141,0.006231590260971563,0.0004929432389288877,0.004742832428568005,500
5,shock_lag3,0.0013757215801528048,0.0021362131489288507,0.0020960503038281704,-0.0026674427641134053,0.005556928701627016,-0.0019086803251878828,0.00489994551005647,-0.0006807559103068288,0.0034915329081615515,500
5,shock_lag4,0.000670738892823232,0.001830110624655315,0.0019487449458838327,-0.003145520728657823,0.004370070289685217,-0.0024872825612352813,0.003834781384517289,-0.0013779201417367,0.002549525694096689,500
5,shock_lag5,-0.0014755718850134926,0.0021724546504713186,0.0021551243523896643,-0.005428520503990639,0.002558496649240797,-0.004973050082619348,0.0018246081115835464,-0.0038936863339997362,0.0006057778149200125,500
5,shock_lag6,0.003191190024905241,0.0019064091664138653,0.00197329929346529,-0.0006047805494145451,0.006927380120190947,-3.068325448576707e-5,0.006203725557756747,0.0010644754277313278,0.004976390502787401,500
5,shock_lag7,-0.0011361751087572347,0.0017909550148893377,0.0018829915007168992,-0.004877330060520907,0.0025315822441780633,-0.00415519561039554,0.0017822044085948157,-0.0030886277111573986,0.0007557582699605364,500
5,shock_lag8,-0.002801270878268124,0.0016930559635636043,0.0017600193006725366,-0.006163329475430397,0.0007578825723630715,-0.005846560799687361,0.0003250361664678345,-0.004639141380013053,-0.0012701543441982674,500
5,shock_lag9,-0.0009135174983707858,0.0018063312815170506,0.0018913326908239424,-0.004784847655981098,0.0028048620331212457,-0.004063707100664973,0.002215342576172171,-0.00280912548359648,0.0008278946603834032,500
5,shock_lag10,-0.0012126163855087357,0.001629898362572606,0.0018107898159858192,-0.004566691844118442,0.002365016004929988,-0.004003468598163067,0.0019317761889272105,-0.0028619002466452547,0.0005241600475185509,500
5,shock_lag11,0.0007439110319892317,0.002032218334231573,0.002113519090636454,-0.003192242426634466,0.005059431783059198,-0.002703129555708153,0.004419135506990944,-0.0012440548833816375,0.0028728876572750523,500
5,shock_lag12,-0.0030185445469800777,0.0019216957580900362,0.0020766000618080405,-0.006988657370792201,0.0010552267147432668,-0.006577318270780066,0.00028141956741645674,-0.005039047754150663,-0.0010428351693519877,500
5,log_oil_lag1,0.0021468838724226454,0.00383008907279397,0.003986145511213874,-0.005377357962252522,0.010525077460501915,-0.0041607160629285374,0.009100552011996933,-0.0016902479199528905,0.006106212061739828,500
5,ffr_lag1,0.00024688964556701806,0.0009664936751065142,0.0009222303706072204,-0.0013428749572339635,0.002114109539238628,-0.001125978919075277,0.0018331434285628386,-0.0006015297161606408,0.0012817171953309848,500
5,log_rwage_p50,-0.01322029089404648,0.022921774977026844,0.02244243688740843,-0.05171511093414334,0.03464713417483305,-0.04681561786150224,0.027300161947737694,-0.03255438420600089,0.011148343239514144,500
5,age_mean,2.1322026637096964e-5,0.0017766034648435823,0.0018446508804061885,-0.0034820194975902522,0.003498940570352091,-0.0029892079937394985,0.0031299145397336928,-0.0017827445555970392,0.001952621868706017,500
5,female_share,-0.025989876712463892,0.05450127128613536,0.05394696008337256,-0.13237981112380864,0.08525049433226362,-0.11306213884630781,0.06543115140870182,-0.0746334214122071,0.029365870522761885,500
5,married_share,0.018368049697459008,0.04375004330088721,0.0409228548700524,-0.056622804196595836,0.10586839950770013,-0.04607576541662613,0.09044903447493985,-0.017662563193677164,0.06091056834630301,500
5,hours_mean,0.0007829485443378103,0.002060570062392736,0.0020664125579518337,-0.0032101002089062964,0.0051575640207591165,-0.002703176238732391,0.00416125288907314,-0.001243483918476239,0.002718569184957668,500
5,unemp_rate,-0.21913269581257494,0.050174988391827297,0.05143929477549233,-0.3118713487235051,-0.1149388631863713,-0.3018913247145359,-0.12956595113710723,-0.26936721137956604,-0.1661750443561042,500
6,intercept,-7.392160653130267e-9,0.0015047276419362051,0.0014160634754975215,-0.0024327004725710547,0.0028523471137288188,-0.0021590903491895187,0.0023791326613057068,-0.0013220453960545737,0.0015307485080081776,500
6,shock_x_ind1,-0.011804652096193607,0.007674002289947502,0.008069765195777389,-0.028458272882996898,0.0033818404741846123,-0.024849636484187202,0.0016242258678297345,-0.019373479196627644,-0.004366265674508462,500
6,shock_x_ind2,-0.0055368134295074155,0.014142495310018292,0.015029130730553102,-0.034083468918009036,0.02402310357859466,-0.03077676953098447,0.020351510057025443,-0.020493582416873487,0.010557062572726593,500
6,shock_x_ind3,0.005351571303459385,0.004557349254128633,0.004911011923557201,-0.003587401678520708,0.015365199107426987,-0.0023147930913063365,0.014026242720331698,0.0005314584186426618,0.010553613157963307,500
6,shock_x_ind4,0.002129702764674173,0.005422876698861112,0.005943675062452283,-0.009318948079120499,0.013387334062299106,-0.00754984164723422,0.011581387911811658,-0.004452297558145546,0.008138639907903408,500
6,shock_x_ind5,2.991050906937363e-5,0.0040902960713066336,0.003976242257802118,-0.007945183854712962,0.007737109033443943,-0.0064086061182891205,0.006505758676573,-0.003898123829185858,0.003861610081475386,500
6,shock_x_ind6,-0.0031784434618044,0.003975154509931695,0.004131794367468282,-0.011913409105246294,0.004093901833225264,-0.010400320301034166,0.0028500361033793695,-0.007926571466454493,0.00046433770734591106,500
6,shock_x_ind7,-0.005112152245080605,0.006119232851469859,0.006420045841533638,-0.017804958867501053,0.008446401982757094,-0.01563431280675331,0.005470007057082818,-0.011815520187668793,0.0008662605211446209,500
6,shock_x_ind8,-0.0026377228425097684,0.0030415830368460536,0.0034012889089014907,-0.009212699142023538,0.004134733087424408,-0.008218937257998656,0.0027837489140932546,-0.005889951899057236,0.0009265549968258172,500
6,shock_x_ind9,7.716925704714025e-6,0.0041762434702018215,0.00451236252413088,-0.008009979938109096,0.009106971703536961,-0.007001983970261437,0.007764339887593444,-0.00444117564186908,0.004654903548950106,500
6,shock_x_ind10,-0.0027406706764174673,0.005703706447242983,0.0056235193555125495,-0.014476530277793411,0.008836969376290317,-0.012587916744394145,0.006135728312243552,-0.008511880223431134,0.002487790305448763,500
6,shock_x_ind11,0.0062581582802077335,0.006072075688773714,0.006516502481254835,-0.0053917641127420755,0.018598225571538403,-0.004014836968910763,0.01703009805204441,-0.0007472179650690262,0.01274623990118081,500
6,shock_x_ind12,0.002697664626130499,0.0031752033309787758,0.0032541112887875755,-0.0032885066384876946,0.009310100062422413,-0.0024479525309445515,0.008415288530441205,-0.0005912716021917687,0.005996917035203299,500
6,shock_x_ind13,-0.007359322861706535,0.0035627501457584586,0.003733476486306186,-0.013960695223888476,7.448685631223942e-5,-0.01307878051507532,-0.0009031239900167447,-0.011169751220340217,-0.0038468816346799,500
6,shock_lag1,0.0023136907227582926,0.002204380456292707,0.0023178048088382296,-0.002315225257710331,0.006850727427662806,-0.001543369723250429,0.006266837851566367,-1.7177220168558235e-5,0.004572640061931288,500
6,shock_lag2,0.0016874103686434212,0.001893199416713227,0.0020854142364141945,-0.002411229224855287,0.005940267699093276,-0.0017428021127528863,0.005173681645464001,-0.00013719650891159463,0.0038207629860358286,500
6,shock_lag3,-0.000953258609012533,0.002005835739449628,0.002298015983139974,-0.0057231829083343715,0.003174143740420511,-0.004844275242379361,0.0025585921035240575,-0.0033493683678598426,0.0012236906293503237,500
6,shock_lag4,0.001175236786581791,0.0022446838263900206,0.0022832980765994963,-0.003741611514439254,0.005059049741986966,-0.0030573908311570448,0.0043784032005468035,-0.001593391003247528,0.0030320617221544005,500
6,shock_lag5,0.0022019075471501172,0.0019949626396767893,0.002038362727711909,-0.002187283661336745,0.006095758357799677,-0.0013240345230616814,0.00539649331352835,0.00026866358356884905,0.00411742002997686,500
6,shock_lag6,0.0005276041124445453,0.0016118164882750257,0.0017524155419972693,-0.0028730467591823027,0.0041763946035240675,-0.002247292328921922,0.0033899132369802775,-0.0013081261642119242,0.0021786002654948134,500
6,shock_lag7,-0.0013279720774477235,0.0018161720138634382,0.0020557802535496766,-0.005358488082907529,0.002361531502022784,-0.0049508179226386735,0.0018715455722558435,-0.003511087088735879,0.0005043988517919405,500
6,shock_lag8,-0.0012599183888768702,0.0018767992622687152,0.0018361754293758318,-0.005064783547120955,0.0022839716961755374,-0.004302910528664863,0.0016954598584208733,-0.003243310394443242,0.000421767995907273,500
6,shock_lag9,-0.0037924438116682543,0.0017281565733437293,0.0018748471290393458,-0.007603075919474644,-0.00033150023188591366,-0.007055120762064255,-0.0008849144017328454,-0.005672284737102348,-0.002057437375666438,500
6,shock_lag10,0.0018385467540398164,0.0013680360290203289,0.0016081448852909878,-0.001300833726201275,0.004759690145766908,-0.0010726977015561353,0.004231755893230178,6.966970546894165e-5,0.003218266726508449,500
6,shock_lag11,-0.00017177750328762294,0.002328173414141116,0.0022692926956119188,-0.004003377625728028,0.0048808579088441256,-0.003707074917711348,0.003756824010710208,-0.002211860384516991,0.0023073284321588846,500
6,shock_lag12,-0.0004184274022225089,0.0018282700139366766,0.0019435718211986636,-0.004196408741149327,0.0032585816955204043,-0.003694412049903008,0.002643409188472542,-0.0024669729584129033,0.0013487953362816818,500
6,log_oil_lag1,0.0013350156305537743,0.0039142864272402956,0.0039001388720613264,-0.00586689098201606,0.008934247009531413,-0.00489076585552699,0.008042329316123491,-0.002622610177733252,0.00502797910948633,500
6,ffr_lag1,0.0004722071884480587,0.0010042749110724786,0.0009626497367604732,-0.0014160132420513508,0.0023580080015125986,-0.0010756780187239903,0.0020856009223075367,-0.000370030551671258,0.0014512361889229373,500
6,log_rwage_p50,-0.04983578701177362,0.02502257675995035,0.02311052783155167,-0.0967001692055956,-0.006253345474547364,-0.08766466589703559,-0.012848664275340099,-0.07187029829767183,-0.027176212226608543,500
6,age_mean,0.0014404610377306735,0.0016982171498272775,0.0017389738938385273,-0.0016235366879237272,0.00483483968442104,-0.0013126794915993263,0.004392646434600596,-0.00026260869103867843,0.0032691845452970667,500
6,female_share,-0.054057921885053914,0.05394530040143201,0.055083686742252225,-0.16258821150611782,0.043912535026267935,-0.14151439142996272,0.033886294846809724,-0.11212201655882648,0.0010080722296378546,500
6,married_share,0.013468148048371839,0.04209254157914336,0.04166029317503448,-0.07327995497135545,0.0946249138872527,-0.06035622543069681,0.07935203128450781,-0.029655707926883334,0.051626152194839965,500
6,hours_mean,-0.001643011100692735,0.00202304572296397,0.0020322974913228684,-0.005834326512364551,0.0019905665142148114,-0.004965805078849894,0.0015334643559785873,-0.0036899576912657324,0.00030116649502360664,500
6,unemp_rate,-0.259973197666894,0.048796239028802056,0.053062549632843306,-0.3540399063668047,-0.14343034827792078,-0.34244359195103663,-0.16780070709452455,-0.3062687851735848,-0.20128478385163306,500
7,intercept,-7.256948706070998e-9,0.0015603346775648925,0.0014423000525787678,-0.0027734554676625777,0.002834825559607856,-0.0021647161492594235,0.00251766668165653,-0.0012842878654545716,0.0015799423084498967,500
7,shock_x_ind1,-0.008736531459203768,0.009815456570266671,0.00887158309334235,-0.02589117315449138,0.007716075385021448,-0.023048156773203293,0.00497800991949288,-0.018597494309550294,0.0002317489332723085,500
7,shock_x_ind2,-0.0016354718058187066,0.013186779562983328,0.011851874641033513,-0.025862726195379854,0.020783403010906636,-0.021161611287567623,0.01696613224416646,-0.013336352669735962,0.009183853706771123,500
7,shock_x_ind3,0.004237328173456618,0.004342114964371279,0.004584025709564294,-0.004651457044911423,0.01357060856657562,-0.0030727299511650505,0.01190027977290938,-0.0002638313234481618,0.008707783541402605,500
7,shock_x_ind4,-0.0007615165700247962,0.004002118778726282,0.004337618499087403,-0.009106034197490778,0.008184991724367749,-0.007270020524241486,0.006881857433262146,-0.00468110535806596,0.0036117794338397756,500
7,shock_x_ind5,0.0021470778109915693,0.0041817594790556105,0.0044025700944577755,-0.006588283446334646,0.011659888634554638,-0.00480215477506401,0.009673102474742111,-0.002163810991286877,0.006359268436707815,500
7,shock_x_ind6,-0.0005055704945088262,0.004169471902531303,0.0040810932001658735,-0.00783724143571367,0.007911529204855494,-0.006737955265382717,0.0061422645002473745,-0.004238674523514501,0.003775205208058858,500
7,shock_x_ind7,-0.006104437652037802,0.006259416204812142,0.006655784775327927,-0.017805951378348398,0.0074350592892761394,-0.01618403219846657,0.004681143454455107,-0.012588342699656942,0.00035567357629312003,500
7,shock_x_ind8,0.003998411465486131,0.0033554081288267095,0.003339447250724848,-0.0026007155944584477,0.010452296658673945,-0.0014236994645706906,0.009177998410980588,0.0008533955582684249,0.0073371118137495455,500
7,shock_x_ind9,-0.006519405462209742,0.003632207932315786,0.0036272691341414994,-0.014099222523491235,0.0007419237898386151,-0.012934327305442993,-0.00022482764525374785,-0.009746045920069538,-0.0031498286710533777,500
7,shock_x_ind10,0.0030245933324322,0.005827979352446631,0.005798026924283362,-0.0092172041674299,0.014221077303661692,-0.006028603214055819,0.011883772431786553,-0.0023300831646119423,0.009070769229243771,500
7,shock_x_ind11,0.013536797015294406,0.005829929546867365,0.006248233686798055,0.00035237118336539983,0.024353477796006398,0.0026011414273635312,0.02298569833349754,0.007182712611676548,0.019256479442798922,500
7,shock_x_ind12,0.002016388374610844,0.0032181387986385474,0.003400545403844142,-0.004419037628366107,0.008487664561118598,-0.0036118611634919947,0.007898719273610919,-0.0013470249104901963,0.0054170514974652565,500
7,shock_x_ind13,-0.009348918364931997,0.003972719918339342,0.004432940004113373,-0.017959676049329788,-0.00020501366208843387,-0.016054525072705574,-0.0014691427134953152,-0.01310612735006218,-0.0046395410659531245,500
7,shock_lag1,0.001564032301858171,0.002188367389186331,0.0022752095860893756,-0.002689627563136728,0.006206527372436328,-0.0020836553639607754,0.005433648693994152,-0.0006771180794373569,0.0038716277292669826,500
7,shock_lag2,-0.0002009255038048387,0.0021631246877983983,0.0021120124960046995,-0.004637442335367031,0.004022624048932809,-0.003809331969783651,0.003309860396866301,-0.00222461708058792,0.0020011876471570473,500
7,shock_lag3,-0.0005089347385695308,0.0024320444953516117,0.002269575624754082,-0.0051739830635048134,0.0035327029401556846,-0.004379348511692603,0.00277426891231821,-0.003069324768753697,0.0014898694880131067,500
7,shock_lag4,0.004520823270918403,0.0019765896770818445,0.002067396083285818,0.0004253392727945406,0.008563543630539822,0.0012767232498628583,0.007944762548791017,0.002513138447643156,0.0066241145811863035,500
7,shock_lag5,-0.00045195870757647714,0.001633750003776455,0.001693599344411388,-0.0034839670899781804,0.002870338683481773,-0.0031195010147149114,0.0022195682486387093,-0.0022248405368110297,0.0012913585539951582,500
7,shock_lag6,-7.806110143466844e-6,0.001962093174256841,0.0020089597426762545,-0.0035060247829613546,0.004092281832100857,-0.0031759235829701958,0.0034528995945141603,-0.0020476868248247597,0.0021311418579767765,500
7,shock_lag7,3.847497087213558e-5,0.002060579583575505,0.002179022268821911,-0.004161077917736773,0.003964059027787199,-0.00363668296813733,0.0033175977124901405,-0.00233277911537516,0.0021385013874998097,500
7,shock_lag8,-0.0044013771438829764,0.0020121734314465928,0.0020426537542201214,-0.008142898410400081,-0.0003922977211978131,-0.007708473837686972,-0.001024138253406971,-0.006438557495611796,-0.0023474116149371257,500
7,shock_lag9,-0.0007275859337895663,0.0016701987059454754,0.0017584139202959188,-0.004204268684083964,0.0024881730234805376,-0.003766338710793512,0.0021850220669942916,-0.002324671014465594,0.0008925324598501591,500
7,shock_lag10,0.0008905542333254044,0.0017064978867367252,0.0019050811655944727,-0.0031627097355728623,0.004326790603686247,-0.0023677437940676505,0.003766571134405668,-0.0010025259322060593,0.0026338436138179785,500
7,shock_lag11,0.001930085174512827,0.0023578632542217335,0.00230682328420151,-0.002469052700574354,0.006251985546556973,-0.001722850572541017,0.005512345092982917,-0.0003048215413750719,0.004368038540711012,500
7,shock_lag12,-0.0015045310194328368,0.0018501015058402096,0.0019284908466897903,-0.005128440909319087,0.0024982559234746895,-0.004595275731550971,0.001778607793152792,-0.0032814940739106816,0.0002857752365991632,500
7,log_oil_lag1,-9.786563427179505e-5,0.0040866800501759,0.004104111679812048,-0.007790357359318574,0.008655020947539501,-0.006785734326655627,0.006888948284284582,-0.0037742624144412457,0.004185862426639916,500
7,ffr_lag1,0.0010531918488492914,0.0011101024503188707,0.0010660718908241632,-0.0008179910343408371,0.00333749441490389,-0.0006063908223614895,0.002926425297688714,9.66954554331827e-5,0.0021533499700675824,500
7,log_rwage_p50,-0.038823184802222827,0.027445356991571968,0.024985567402029653,-0.08181272983822527,0.01536362066791638,-0.07595011827715191,0.007486161844936812,-0.06067002965061198,-0.010701797677482413,500
7,age_mean,0.002717141091865273,0.0017076781433100657,0.0017874930151701481,-0.0008134326504214282,0.006294217540476144,-0.0002454044124135502,0.00571379225743054,0.0008799052135730402,0.004449521006334102,500
7,female_share,-0.09737247547316136,0.049385323219994025,0.048023569012807764,-0.19449853218108573,-0.00287724178762072,-0.17450986761452442,-0.019993435576021467,-0.14450721044052356,-0.048142713791747824,500
7,married_share,0.031134723375170436,0.048837288837362845,0.04322421080653067,-0.06461900633013792,0.11184367081244069,-0.04319921941642468,0.10115810759773734,-0.010613528921540027,0.07289712975100503,500
7,hours_mean,0.0016985184037461231,0.0019588813880999202,0.0020200199044832752,-0.0022543049066957844,0.005483975290501529,-0.001539548369155093,0.00492349557552063,-0.00015596622967071908,0.0036446332452241496,500
7,unemp_rate,-0.24775810344915575,0.04650627659025789,0.0465553818108686,-0.3308941414936748,-0.15228967169818464,-0.31455595371871886,-0.16461866433091954,-0.2884838543435301,-0.19487181611329002,500
8,intercept,-3.137099563032214e-9,0.001618479293913074,0.001545582173135205,-0.0027852805341236535,0.003402350649198274,-0.0024895720230595445,0.0027135078037492624,-0.001397660403053253,0.0016123851034995785,500
8,shock_x_ind1,-0.007863988734972294,0.006234016076074649,0.00677842026327157,-0.021766180102195287,0.00492861713179691,-0.019249963779770906,0.003256523766311469,-0.013508887297482454,-0.0010555718597100704,500
8,shock_x_ind2,-0.009657521877533241,0.01258243269435869,0.01186974451322269,-0.032253005878253624,0.01500764137348828,-0.029725072397754432,0.009085411733032879,-0.0222064201848428,0.0011556825913073801,500
8,shock_x_ind3,0.004869981065457975,0.0050114667167891905,0.00493165782779138,-0.004441127766887702,0.014464452643572014,-0.003510258350356332,0.012724798864412816,-0.00027272400785496517,0.009368177232075685,500
8,shock_x_ind4,0.00016080303563676134,0.004945739024233376,0.005484302021767788,-0.009442822155959391,0.011788559010207575,-0.00797263431187536,0.010080376536137291,-0.004820222005987121,0.005767481351941701,500
8,shock_x_ind5,0.001691053606882745,0.003856110786997791,0.004065901392058259,-0.006218289358436142,0.009532377907740648,-0.004687603578169149,0.00863070901648172,-0.0020397090324021433,0.005733018327508896,500
8,shock_x_ind6,-0.005045127608013715,0.0038191595941331,0.003960542761764305,-0.012371873418235042,0.002508813297092144,-0.011444622762928637,0.0009586540835489059,-0.00873003360185327,-0.0011787686266498069,500
8,shock_x_ind7,-0.005127476256049069,0.0061125785561132046,0.0065066771344198015,-0.016935680145592526,0.007805792943878955,-0.015462226311981412,0.006282634306872165,-0.011624481587299354,0.001121640964068729,500
8,shock_x_ind8,-0.0037895012982341126,0.002781339320683863,0.003005943754161268,-0.009661642887427643,0.0022109456039760746,-0.008976569229630858,0.0009541043604143497,-0.00677394965293753,-0.0009362636283776368,500
8,shock_x_ind9,-0.0010624503819405397,0.004538296233627107,0.004903948330101387,-0.010914770100368223,0.008660948886180787,-0.009201250973967384,0.006759232248697189,-0.006158077065792983,0.0035608656203015114,500
8,shock_x_ind10,-0.0030431789176883013,0.005652589774125439,0.005407133265207755,-0.013325633824658265,0.006778556760214091,-0.012001342223620065,0.005658109099151853,-0.008847229927166144,0.0019943699935069783,500
8,shock_x_ind11,0.012371001140740358,0.005861760648124263,0.006249030903350367,-0.0003649234420062648,0.02358612668967813,0.0017266329038360907,0.02220242903736937,0.005790100789350882,0.01822632858160044,500
8,shock_x_ind12,-0.0018716728798197956,0.0033501895956782627,0.003603760013857251,-0.008537066423612813,0.005633345685644127,-0.007527498797057632,0.0035172527591775748,-0.005649758954630036,0.0014896124132297462,500
8,shock_x_ind13,-0.0005257987633145157,0.004401998631799753,0.004493544315638269,-0.009599170462448802,0.008584676928859468,-0.007843581187358098,0.006839291613603153,-0.004883095304974097,0.0037032753378519567,500
8,shock_lag1,-0.001079203618448235,0.002245121039499902,0.0024506014243955996,-0.006076174162236757,0.0035771199024705134,-0.004982252164053879,0.002628784130177051,-0.0034772052277798927,0.0013543370167578245,500
8,shock_lag2,-0.0004972799605903822,0.0023975462617489736,0.0024169040087439145,-0.005061680329998583,0.004138306344757011,-0.004529649997609241,0.0031653941620823404,-0.0029884460555882637,0.0018274778427857445,500
8,shock_lag3,0.0024196223544515117,0.0021980147177337104,0.002453453822224233,-0.002933393690425506,0.006906456956759141,-0.002070022905822584,0.005704255460542508,-0.00025974234470582533,0.004526764518966573,500
8,shock_lag4,0.0013277084462760898,0.0017003882895796324,0.0018675836196513083,-0.0025133070229457254,0.00478798369770365,-0.0019142805586377589,0.004242263282583457,-0.0006298421477843524,0.003059538940152475,500
8,shock_lag5,-0.0012058805123512796,0.0021490479765066514,0.0021123057077720524,-0.004749112069622646,0.0033136485651909776,-0.004442488341463115,0.0026258025421180583,-0.003188833074835568,0.0010730274919301106,500
8,shock_lag6,0.0011108420258636469,0.001956670221192839,0.0019275533418065525,-0.002394561009736112,0.00495151912147971,-0.0018110113660226629,0.004450417787844937,-0.0007969245756950335,0.002935747874455951,500
8,shock_lag7,-0.0033091420192754495,0.0020137239568631038,0.0022139552806154637,-0.0075650111517487,0.0009842151661167717,-0.006805552033391145,0.0002559623691732882,-0.005787315790715866,-0.001290033531119526,500
8,shock_lag8,-0.001698101808663912,0.0017115495662901803,0.00186305578452591,-0.005531150644877003,0.0018562134592956356,-0.004961938755837475,0.001011702115092267,-0.003807821428801136,-8.593100970401094e-5,500
8,shock_lag9,-0.0019975827030559784,0.0019589315816179956,0.0020200125185005817,-0.006175117613688914,0.0014699338505487097,-0.005558462415874635,0.0009730245010000065,-0.0041568064165526265,-0.00020680605938924292,500
8,shock_lag10,0.0030998015088310456,0.001720959655567777,0.0018959524070588758,-0.000373018412515664,0.007153675760000505,0.0001881302169756373,0.006445049446467581,0.0012611965083698584,0.005022936103662586,500
8,shock_lag11,0.0007208675909379241,0.002256433949661314,0.0022235299981050484,-0.0032022474663264532,0.0053727860520085425,-0.002461193224684049,0.00461786386103892,-0.0011898556764557955,0.0032388812393017536,500
8,shock_lag12,-0.0018914840253110206,0.0020331847315623697,0.0021515414141361315,-0.006250594077427833,0.0023417832163808985,-0.005425098315089536,0.001837033381970416,-0.004043342195272992,0.00010543810796240702,500
8,log_oil_lag1,0.0021108204857182094,0.004162594023688732,0.0038378006038610165,-0.004885030687028235,0.009904342964797103,-0.004188999228920596,0.00815707457221011,-0.0015553055889317847,0.005657688742801316,500
8,ffr_lag1,0.000968531357020558,0.0011773632010270406,0.0010520065990445495,-0.0008764742260753706,0.003169130461557412,-0.000597549105049892,0.0027749522998896884,7.376311312186506e-5,0.002044901629756895,500
8,log_rwage_p50,-0.027056050959904758,0.024540576056241308,0.023571116560000837,-0.06656650521165704,0.02121881915609198,-0.059236548231112233,0.015298316513193085,-0.04844401264643404,-0.0004161651672734712,500
8,age_mean,0.0008371180143082023,0.0017586013735766415,0.0016871478890239237,-0.0024201874947939557,0.004103833537112947,-0.002056804324006666,0.0036059392371696826,-0.000992778819211145,0.0025017105783739476,500
8,female_share,-0.15574336461809501,0.05208505337345099,0.05732522844096981,-0.26508136845835795,-0.043971143837915116,-0.24928955260596375,-0.061610723540322224,-0.21832545426801564,-0.10179031926180482,500
8,married_share,0.05079162779244252,0.04387932605857167,0.040688717065068145,-0.03326884964281595,0.12087383727070404,-0.01839697874974391,0.11164924281227726,0.007689286924484683,0.08991062519941519,500
8,hours_mean,-0.0002943453739823469,0.0018487866780077904,0.0019296720970488682,-0.0043607621586243105,0.0033696833843276123,-0.003514597721984146,0.0027407838027073673,-0.0023739551378118306,0.0015370055623924522,500
8,unemp_rate,-0.2789462852735668,0.04637564637251919,0.04658268879610946,-0.36615903077548506,-0.1796597538281114,-0.3494078084161285,-0.19052729235750435,-0.31367712811284437,-0.22425774130427317,500
9,intercept,-5.04760137684035e-9,0.0016611235113157875,0.0015204510327188573,-0.002685764378523931,0.0033263118963931682,-0.0023687453088256875,0.0027371327775387276,-0.001348015848901648,0.0015793742297227171,500
9,shock_x_ind1,-0.010882386553390964,0.007757445011481102,0.008150935335774098,-0.026522365907583084,0.005959956818163584,-0.024855836443179857,0.0021281331705140234,-0.01862363280350937,-0.003044126883210479,500
9,shock_x_ind2,-0.0069860378467152436,0.013058896178415446,0.013414091569874607,-0.03217142474411844,0.019712746019963492,-0.029280337667588318,0.01679520202026785,-0.021055084180224393,0.00515960950253686,500
9,shock_x_ind3,-0.004881724472056939,0.005269534075203822,0.005434187338121231,-0.013780538957430057,0.006583298724358947,-0.012835689145296016,0.004986736625789147,-0.009620871874084067,0.0009852333668073257,500
9,shock_x_ind4,-0.005513635949619895,0.005550275514869215,0.005620185654944357,-0.01616380226783611,0.005497275543960798,-0.014194191729285637,0.004078259939126936,-0.010709448323400123,0.0005124223243792235,500
9,shock_x_ind5,0.003986437804780999,0.004342420189659946,0.004474774084948742,-0.006051724961091648,0.012554775373784171,-0.004233657343337579,0.010964695630596079,-0.0006068436281398035,0.007951672284632727,500
9,shock_x_ind6,-0.003465596102093827,0.0037615619613629464,0.004204394807963869,-0.011152866360305668,0.004792574668540677,-0.010119408022104053,0.00380573037413659,-0.007429787421876322,0.0010598019076014141,500
9,shock_x_ind7,-0.0011179501723368502,0.006153600039831602,0.006130456430390078,-0.012150341080209206,0.011809602099224265,-0.010562680618706459,0.009622540834518701,-0.006458619871884457,0.005336772825852098,500
9,shock_x_ind8,-0.005331182679456563,0.0037973310744428457,0.003997539353032683,-0.013152103781923098,0.00271242260259851,-0.012171590978718116,0.0010105302383003963,-0.00936148601936622,-0.0013994292600473493,500
9,shock_x_ind9,-0.0015737177718023628,0.0045277355503909045,0.00478107068195158,-0.010628390815052284,0.0076612700103334645,-0.00858766415756553,0.006727792390072523,-0.006447134766248516,0.003338092591046231,500
9,shock_x_ind10,-0.0076911234868195025,0.006253758749629895,0.00633182415256838,-0.020098834346697556,0.0041654195315913595,-0.018175261948460433,0.001898726348749535,-0.014319314918633379,-0.0015468318285303039,500
9,shock_x_ind11,0.007836123810505562,0.005541479521464481,0.005669221079352057,-0.0037820916684626143,0.01820705067203282,-0.0016799634564810435,0.016971839655336992,0.0024999942762988724,0.013064347227622869,500
9,shock_x_ind12,-0.0014455554729994923,0.0032571482608401117,0.003340718069815762,-0.007548787892115839,0.006087740865782872,-0.006419708186736824,0.004253902051680816,-0.004252838613257499,0.002289411080136282,500
9,shock_x_ind13,-0.00983214720842206,0.0041223433444189895,0.004195480355740444,-0.016678094245563033,-0.0011138498397730175,-0.01603908306220483,-0.0026449477730711877,-0.013648219679549118,-0.005000078863869475,500
9,shock_lag1,-0.0007255098632617125,0.0024457977283198293,0.002354321146627084,-0.005552357365663852,0.003520599280186551,-0.004850857253908558,0.0029351431130301606,-0.0034747945299663996,0.0014085050708270701,500
9,shock_lag2,0.003220200655172927,0.002261326236825689,0.002294281997226594,-0.0012163917962562379,0.007635555070043746,-0.0005033202957012391,0.0069897551408059,0.0010359362264022126,0.00559798298927329,500
9,shock_lag3,-0.00013276900614148557,0.0018116641068188248,0.0018136836827619227,-0.0036304985078655467,0.003223746338435995,-0.003096798527669649,0.0028786596868359015,-0.002014988304964866,0.0016350566029534098,500
9,shock_lag4,0.0009826814042539671,0.001893981763687819,0.0020078536826923445,-0.002676700018492314,0.005455861398697982,-0.002390971688583277,0.004169641440188781,-0.0010925252385704308,0.002986249175169594,500
9,shock_lag5,0.0002079656522702015,0.002137270441277627,0.0020839204537699244,-0.0034891517222462197,0.004448255154815554,-0.0028387130533191946,0.0037743776953346334,-0.0018407973948922456,0.0025005407696110414,500
9,shock_lag6,-0.0019055006153769068,0.0018919733886641483,0.0019487457401403988,-0.00567857140497241,0.0019271667306963861,-0.004992663136870252,0.0012494418650651994,-0.0038544890305416387,0.00010332346194821976,500
9,shock_lag7,-0.00041234162378976614,0.001959798520039204,0.0021668298145311815,-0.005035559637376138,0.003636366731892874,-0.003819044665217961,0.0029992982041016788,-0.0027690685326707317,0.0015940116327688154,500
9,shock_lag8,-0.002715091507451117,0.001935694799205795,0.002096724935519172,-0.007175115805132818,0.001204349093251756,-0.006291558108097629,0.0005853455888431511,-0.004869624470785195,-0.0007882210032538422,500
9,shock_lag9,0.0002165592482944662,0.0020314846043835997,0.0020785944164535717,-0.0036296801051247194,0.004253901408921443,-0.003242639468731948,0.003456795936911186,-0.0020357322377847625,0.0020830686792865636,500
9,shock_lag10,0.0019265994331591958,0.0017702033582646724,0.001965680870136045,-0.001728799056235917,0.005591968671474519,-0.0012825942928227163,0.005208465228124645,-5.92467756527385e-5,0.003966410276172029,500
9,shock_lag11,0.0004999143892288672,0.0020888592096909133,0.0021649592607543905,-0.0036677999393313174,0.005110247660693967,-0.002779076043249014,0.004202983833899167,-0.0015675946216979107,0.002694191656670123,500
9,shock_lag12,-0.00300415035747808,0.0022402861553677644,0.002354002569196114,-0.007916289231508604,0.0017000691818529934,-0.007243279431398561,0.0007831046233679571,-0.005460899729899764,-0.0009380799553478007,500
9,log_oil_lag1,-5.719385741502507e-5,0.004474977507496559,0.0042777726174256245,-0.007930127568947514,0.009050046578770822,-0.006840164885855763,0.007079268416612354,-0.0043352694893305415,0.004290309458655931,500
9,ffr_lag1,0.0014537835166320119,0.001142009835748634,0.0010202285484320695,-0.0001970562972194353,0.00369145695390763,-2.412835919643151e-5,0.003196325545083971,0.0005385259268682318,0.0025399570468383815,500
9,log_rwage_p50,-0.04556534065426684,0.027014378025735496,0.0241683884949653,-0.08645627690737637,0.004183082431738738,-0.08013328294083354,-0.003551438974626257,-0.06782246112540996,-0.018800414094791083,500
9,age_mean,0.0033060152766822785,0.0015072281675036047,0.0015151042200101073,0.00038105290644193583,0.006181374024803182,0.0009615814818436127,0.005841747977564908,0.0018532827686784286,0.004927571133821921,500
9,female_share,-0.12196478688928399,0.04698687784063409,0.04861781188429292,-0.21407015453655998,-0.02906264951723713,-0.19855555229871516,-0.043941901513596004,-0.16970091187666764,-0.07187421038805623,500
9,married_share,0.04912648077449531,0.048650385884139266,0.0444971085315914,-0.03949969677465988,0.13036996164130957,-0.024351307844329286,0.12201018029886829,0.0005363393556320603,0.09099123150385795,500
9,hours_mean,0.0016115215639914162,0.0019423357837040172,0.0021793146873487533,-0.0021867282802760417,0.0059005222343016545,-0.0017209951162102614,0.00531114723805706,-0.0004838696225070773,0.003779229254964096,500
9,unemp_rate,-0.2503374264805719,0.04831671030457645,0.049635979545622835,-0.33942359803586497,-0.14855203662577887,-0.3262942983998926,-0.1635326686205423,-0.2981286698887246,-0.19541469437508038,500
10,intercept,1.1547221110421123e-9,0.0017299736035872133,0.0015321968929741514,-0.002903081299413081,0.0029922020841812603,-0.0025363706858602666,0.002439374309760297,-0.0016670980230888161,0.0015105018036746314,500
10,shock_x_ind1,-0.011314758820046745,0.00749425451316698,0.007448948594689055,-0.026187171011165834,0.0029855413579308486,-0.02402292941560093,0.0003429592779932557,-0.018535127341112394,-0.0037510469011107985,500
10,shock_x_ind2,-0.0003110464293118071,0.013024677500040618,0.012082621310234474,-0.026695613623412134,0.020318311102539847,-0.020598041699046665,0.018249056758445646,-0.012049985172973258,0.011932196297437473,500
10,shock_x_ind3,0.001644277407728495,0.004810808703628861,0.005432833932355378,-0.008761172752516705,0.012760305269595797,-0.007137393183225942,0.01066832271091972,-0.003451274122617644,0.007327908652213168,500
10,shock_x_ind4,-0.009810489233058902,0.005891180146941824,0.005508338377355815,-0.020521145728348823,0.00103623240393313,-0.019346030311278215,-0.0006829263816879211,-0.015407467054708756,-0.004725328421862852,500
10,shock_x_ind5,0.003939407494796253,0.004785701617881003,0.004518675656310166,-0.004577415423844435,0.013006897765638303,-0.003495747634501889,0.011361561451517054,-0.0003741939106687369,0.008359892896130153,500
10,shock_x_ind6,0.001306866579212642,0.0045535491712739235,0.004622402850532101,-0.007494634387833779,0.010276266438373339,-0.005851803813102038,0.008860593975231201,-0.003222374031921053,0.006126507934582007,500
10,shock_x_ind7,-0.004459210163740149,0.006391039681801404,0.006517560179479459,-0.016197812453867665,0.009721252694321142,-0.01488735522293362,0.007237664249515608,-0.010236629936912787,0.002043831359009629,500
10,shock_x_ind8,-0.005886577007262243,0.003502617404524447,0.003475024857659542,-0.01328408594647799,0.0005635360099946756,-0.012264801809820855,-0.0013338345075478105,-0.009373605669095423,-0.0027180449304186395,500
10,shock_x_ind9,0.0008055744699008976,0.004886731218196923,0.004999082178445478,-0.009692329592792535,0.01005648204267489,-0.008362142983722365,0.008299838761897684,-0.004127745736108801,0.005519904333125417,500
10,shock_x_ind10,-0.012891541383131037,0.006128387169328007,0.0058106950435254465,-0.025385825258631627,-0.0028625202333612213,-0.023346957915707376,-0.004129554273197246,-0.018974952907101425,-0.00728581773191954,500
10,shock_x_ind11,0.005867888841438445,0.0052466988613460285,0.0056060046476324185,-0.005653512977952363,0.017060614255713154,-0.0028640167313396378,0.014756323645890851,0.0007892841324245741,0.011511995043485322,500
10,shock_x_ind12,-0.003115413303439044,0.003165313251283118,0.003164762719745341,-0.008791964178006165,0.0033261728772798057,-0.00791885625556512,0.0023178065617536097,-0.005894295665752134,8.578337163695277e-5,500
10,shock_x_ind13,-0.010218852122987464,0.004380754282770608,0.004369125291055003,-0.019541209510579274,-0.001940925163213755,-0.017728075294088725,-0.003468433444097715,-0.014312126900213005,-0.00592297054788336,500
10,shock_lag1,0.002583239679629843,0.002217573167952039,0.002316897462582173,-0.0018831093367390759,0.006690973551323956,-0.001267235062221344,0.006285882045808609,0.0002598394275018322,0.00478940083094539,500
10,shock_lag2,0.00021383684886419906,0.0020346901841777846,0.002064432922351745,-0.003742729535066257,0.004417800977473082,-0.002891571209872772,0.0035580615880362217,-0.0018868309444287407,0.0023116975110003468,500
10,shock_lag3,-0.0008663806570233273,0.0020006667644559134,0.0021353593558290215,-0.005501660827657911,0.0033433161318233776,-0.004661549216013264,0.002416611448217669,-0.002839506064084435,0.001173560856950634,500
10,shock_lag4,0.002066102256083117,0.001833675785929861,0.0018939073453527542,-0.001744035516276057,0.005656493682050793,-0.0010170734913283793,0.005012375526004747,0.00021469996373618428,0.004075234314811934,500
10,shock_lag5,-0.0030455684029056336,0.0020453215551036797,0.001986309323884351,-0.006927326864164553,0.0006010482723607898,-0.00612759184826501,0.00033368904651770616,-0.004785341657114441,-0.0010214234569507598,500
10,shock_lag6,0.0006916822191890638,0.0017124450924954284,0.0019639053977044915,-0.003061623879429241,0.004294294643624852,-0.00262337003051731,0.0037955492894373908,-0.001140591485616793,0.002636147039768913,500
10,shock_lag7,-0.0015334262161461234,0.002217630745584016,0.0023934374968549955,-0.006349816972883247,0.002620730306635311,-0.005677036350009422,0.0018829202466541948,-0.003924702449733947,0.0007524473559965308,500
10,shock_lag8,-0.0005364442718412205,0.001993155534567688,0.0019952190996215067,-0.004713818281292009,0.0028116915660219254,-0.0040701900037178745,0.002328249899670037,-0.002774816888862499,0.0012019940990596555,500
10,shock_lag9,-0.0008756161650864623,0.002127128095697485,0.002096897976617324,-0.004796260510162766,0.0031959320278684895,-0.004079552319580048,0.0026294791297899788,-0.0028471330279147746,0.0011998226233454203,500
10,shock_lag10,0.0015261172426083243,0.001692029351508389,0.001814653032957895,-0.0018044373659932742,0.004726128342839888,-0.001470440403573522,0.004415925756831433,-0.00036812973862193426,0.0033566560131840714,500
10,shock_lag11,-0.000881322164519496,0.002110273377871918,0.0021091344166716706,-0.004819030995933489,0.003546305884515214,-0.0039455876167946765,0.0025252381892078707,-0.0027475476978078015,0.0014488099129286484,500
10,shock_lag12,-0.0021276652041768733,0.0019034240214762185,0.0019441527424787785,-0.005798311774989949,0.0015279975290862454,-0.005510097218910085,0.0009417261391973775,-0.004150866737411881,-0.0003104281181950425,500
10,log_oil_lag1,0.0017926659946490404,0.00455925570929591,0.0039633445096588825,-0.004938016003603147,0.009772161013343512,-0.004194411969579853,0.009012192090291622,-0.0020363519001610625,0.005740455774627265,500
10,ffr_lag1,0.0014255670695138736,0.0012074431126269205,0.001068447974886645,-0.0005661849958951239,0.0037805860172287938,-0.00033198222939128795,0.0032822370945529665,0.0004053746321952257,0.002491719029787422,500
10,log_rwage_p50,-0.03112409873840499,0.030100845397787106,0.027822356236872216,-0.08371116440254936,0.029659726025112958,-0.07496244201997043,0.017979060151664273,-0.05576396275255229,-0.002896787871481824,500
10,age_mean,0.0019058487498616532,0.0016309352474118718,0.0016780114784316193,-0.0013240431534148824,0.005121863777982343,-0.0008766854925686209,0.004628839544818848,0.00016695418093576848,0.0034873527305909206,500
10,female_share,-0.0680753832883626,0.05419071044395301,0.056564349662605595,-0.1794795262038853,0.054957064172223555,-0.15675110157529953,0.03105555235047522,-0.12097092015436504,-0.009690493229891739,500
10,married_share,0.03291755220640599,0.050101368382325075,0.04504153035756781,-0.060064646906297314,0.11393518598981833,-0.04165121736311296,0.10322951227921583,-0.014589217877954093,0.07708796724534138,500
10,hours_mean,0.0027218129302438838,0.001911697862151841,0.0018141014511599046,-0.0010347320897165153,0.006512216199319025,-6.92722581568383e-5,0.0058599285607843846,0.0011391302043880255,0.004514089917983669,500
10,unemp_rate,-0.24148321379881607,0.053513263740078545,0.056314392349258655,-0.3347747165632252,-0.11805438621554351,-0.31937591978298435,-0.1352099074738711,-0.2848707705280667,-0.1688811236802602,500
11,intercept,-4.274218661976541e-9,0.0017878246412485665,0.0016341150142227332,-0.0029033480419614426,0.003335281759815188,-0.0025649392023781446,0.002826267562048647,-0.001466182859710733,0.0016304254280611143,500
11,shock_x_ind1,-0.014076237285346058,0.0076602327671170135,0.007698241342832983,-0.029576740819458387,-3.8929548911508606e-5,-0.027422091705739657,-0.0016539876183330078,-0.021042844909830587,-0.006117424063042772,500
11,shock_x_ind2,0.012697096246825988,0.011642834387399232,0.011414793787085497,-0.008036371643813954,0.03490578885491514,-0.005586700766104272,0.031317244519414374,0.0012132541465126735,0.024051739258375403,500
11,shock_x_ind3,0.0037272073530141424,0.004558121670529044,0.004609681176865851,-0.00552611298230336,0.012302505038474389,-0.0036981104839324407,0.011130683057579532,-0.000989490158548402,0.008212473641103347,500
11,shock_x_ind4,0.0024642059667217037,0.0052666313770014855,0.004949273866601566,-0.0077064500881719004,0.011607782611129238,-0.005891237725499896,0.009977501731258534,-0.002388499057350457,0.007183861746858955,500
11,shock_x_ind5,-0.0017197287373385238,0.004569663969392689,0.004466932820977544,-0.010603282790121047,0.007453780714966008,-0.009115411868057458,0.006064964754513045,-0.0062548766539359,0.002476960475728136,500
11,shock_x_ind6,0.00619889766236829,0.0039007041498413555,0.003717288906732014,-0.00010068454070132624,0.01405105803908976,0.001150400551329395,0.012793678493574653,0.0028084923999254783,0.010291726566151472,500
11,shock_x_ind7,0.010937167532744955,0.006536484107094466,0.006689481304131529,-0.00022112033950489089,0.024899167475135608,0.0017086707191636707,0.022443454873328345,0.004853870632512239,0.01808066426540166,500
11,shock_x_ind8,-0.001743781690975611,0.003695748555727716,0.004000529303230247,-0.009153316247822813,0.006194145821774147,-0.008234268006201213,0.005057072847706951,-0.005721542640528624,0.0022744252932618433,500
11,shock_x_ind9,-0.0035867634031156435,0.003790042328938418,0.0038819323287392726,-0.011152075085410065,0.004054730032060071,-0.00992338162763142,0.002510267287822019,-0.007691073456402435,0.00017617314598896873,500
11,shock_x_ind10,-0.004465388711801722,0.005608170925334886,0.005493337812286165,-0.014734610865455092,0.00649461101574609,-0.013298052208342985,0.004735881721007675,-0.01027834556425064,0.0009144117270387436,500
11,shock_x_ind11,-0.0006848894374253036,0.004862107810139176,0.005013755950368444,-0.010612423937186678,0.008792990708365518,-0.008991563752897998,0.007285742375407157,-0.005452616934236814,0.004479410810758241,500
11,shock_x_ind12,-0.0029082550379512366,0.0029421736692023786,0.0031279797472089197,-0.009364129432426732,0.00307088575731672,-0.00764003621119119,0.0025437830777596112,-0.005624956319051355,0.0002841603441946953,500
11,shock_x_ind13,-0.0050665765099560675,0.004056018688675323,0.004199075802677921,-0.012928438899160198,0.003402674053103843,-0.011652591766813493,0.001877517823284836,-0.009205840199383858,-0.001101623104057403,500
11,shock_lag1,-0.0001734960404459891,0.0020412347276189185,0.0021252000105977734,-0.004197031295014473,0.0044097492785578314,-0.003370128195406522,0.003391104520258108,-0.002068622835527154,0.0019297788917002471,500
11,shock_lag2,-0.00022258486661186645,0.002215153156866284,0.002168193180504001,-0.00401197237354005,0.004286771905834535,-0.0034727697675354633,0.0034451138556497894,-0.0024996610564169096,0.0019983507500946603,500
11,shock_lag3,0.000446440481990755,0.0019152814642067703,0.0019134340378015458,-0.0035457378287869386,0.004184957192905743,-0.0028347782798859933,0.00349084056268816,-0.0016552149169212947,0.0021427064024561594,500
11,shock_lag4,-0.0010266003687458554,0.0017973461122183392,0.0019071505012558149,-0.0045148811531907,0.002617502537558842,-0.004070855435040484,0.0019268622477390765,-0.0029659139379030293,0.0007404956051401062,500
11,shock_lag5,-0.0002830087568473681,0.0018668014053015711,0.0020646481163420377,-0.004400801971798228,0.003943306320534402,-0.0038139496292540734,0.0032162543761737523,-0.0022647044352993384,0.001670734787998615,500
11,shock_lag6,-8.567027038621865e-5,0.002096291427428513,0.002093990491974098,-0.00435835746246729,0.00384669942004963,-0.0037125233600667634,0.003111848784261628,-0.0025536145110227875,0.0018505469125395726,500
11,shock_lag7,0.0007421345632843141,0.0020713226396264287,0.0022333265302855484,-0.0038471360733467125,0.004637776477129148,-0.003165640576025036,0.004066698697619076,-0.0017127338532869451,0.0027618064497057083,500
11,shock_lag8,-0.001553892001555943,0.0022530715214440873,0.0024139749990100367,-0.006257139326340234,0.0029829862614652817,-0.005708116833118018,0.0023660116883089267,-0.004121343756394721,0.0006484381401421979,500
11,shock_lag9,-0.0013053862761645881,0.0020449768697296143,0.0022581185911591303,-0.0061498280824623715,0.00295879434629696,-0.005100644325884571,0.0023636959288521127,-0.0036170013614772465,0.0007414413972989741,500
11,shock_lag10,0.00032349285563695716,0.0022573184452596424,0.002387396142534824,-0.00447890546556514,0.005021016670628374,-0.003784926624117795,0.004163294933769307,-0.0020689068246034347,0.0025542763549227278,500
11,shock_lag11,0.0003456214491095132,0.0023855083259634764,0.0023067860663865004,-0.003452361272823729,0.005338700216420559,-0.0031452757540299916,0.004526311761859686,-0.0016704751629703972,0.0028700184781574674,500
11,shock_lag12,-0.0049531863902737725,0.0019485634546486492,0.0021007443679927915,-0.008890596932612843,-0.000575852242807827,-0.008171217076906722,-0.0012203158110986666,-0.006728124652137712,-0.002771059892741784,500
11,log_oil_lag1,0.0013597248330879416,0.004668958362951062,0.004435886185164083,-0.007063864557449111,0.010190385482981519,-0.005579767706829571,0.008897105321728618,-0.0029671218008237936,0.005592199262411991,500
11,ffr_lag1,0.0021177552049433377,0.0012319670282514978,0.0011501478890775358,0.000168530150294719,0.004583308650454443,0.0004945209900004462,0.004264842670181965,0.0011430996459346828,0.0033297192490479473,500
11,log_rwage_p50,-0.03171405521982999,0.02641499586495039,0.024048543992532683,-0.07325729150600868,0.020235736499392955,-0.06728130745168116,0.011956947709890073,-0.053626285059994123,-0.004420197333916168,500
11,age_mean,0.0026579223827402384,0.0015542670945473621,0.0015606486407489805,-0.00024507644892613693,0.0057571358870614,0.00025569751322218945,0.0053395671783581814,0.0011544146725339882,0.004267504290704813,500
11,female_share,-0.05819687370458915,0.04588386857539662,0.04589416100169695,-0.14276360998690069,0.028465139484401825,-0.13180396976296754,0.019515076860142665,-0.10316411112292474,-0.00936785060267688,500
11,married_share,-0.010214124945651626,0.04879341693318655,0.04619358945676311,-0.10380764889255678,0.07897348035082838,-0.09056954229185506,0.06391890620478795,-0.058297141910635335,0.034386399086526506,500
11,hours_mean,0.00030823422129920363,0.001921760500954203,0.002120836217254818,-0.0038210584993469097,0.003987477224214012,-0.0033072276826211586,0.0036198855188762117,-0.0018472437995829052,0.0023616578492605977,500
11,unemp_rate,-0.25431303060668514,0.053513246027187995,0.05377994367161288,-0.34956983542205955,-0.1374706160491358,-0.33548743793432684,-0.16111519418769105,-0.29929955787609536,-0.19057433698084508,500
12,intercept,6.41869537145024e-9,0.001881404851570482,0.001619244013039819,-0.0030091672234898665,0.003554330408012074,-0.002508294567616154,0.0029079657825260385,-0.0013315659092287162,0.0017308352481672585,500
12,shock_x_ind1,-0.012038863259785834,0.007833344050705508,0.007799109475758759,-0.027467032840956702,0.0030245238335411145,-0.02475101824624341,0.0004454502256407599,-0.019580610648490936,-0.004920039540902342,500
12,shock_x_ind2,0.0033829005414020563,0.011399943045163634,0.011746487236726378,-0.017665168944261213,0.02555263832810849,-0.015341585671171845,0.023006502428971325,-0.008612697118783083,0.01600307477045346,500
12,shock_x_ind3,0.0013024342642024456,0.005248108935372011,0.005105927594879085,-0.008313610288253384,0.011875401156760605,-0.00681221015644556,0.0100636037933825,-0.0037684788936971224,0.006638933151680874,500
12,shock_x_ind4,-0.0019444018732649637,0.004971354026568855,0.005116273834272639,-0.011708400197727828,0.007932259328426255,-0.010492800547389726,0.006291701833905504,-0.006794806038741257,0.0033103665630851895,500
12,shock_x_ind5,-0.007510390375554413,0.004567406586289734,0.004677743943220649,-0.016213180729107594,0.0014437060747844676,-0.014653272572223514,0.000627132801799889,-0.012273724651647536,-0.00272032301393046,500
12,shock_x_ind6,0.002102531143801529,0.004005549707934749,0.004169781361446587,-0.006284190581184978,0.009707193360241706,-0.0052779672667349455,0.008689235279648308,-0.001928662356927728,0.006251726088828552,500
12,shock_x_ind7,-0.006154293348536381,0.006067923527625495,0.006283748465034335,-0.017564447489787804,0.005792263561719052,-0.015975067467299337,0.004127684542784914,-0.012429101935312947,0.00022287451017522349,500
12,shock_x_ind8,-0.006236155498704068,0.004413039673683066,0.004496808188834612,-0.016315213844522558,0.002283386912066863,-0.014364513047854487,0.0006754351111314216,-0.010919827848354727,-0.0020794247266483763,500
12,shock_x_ind9,0.002002496532739631,0.004008673790050778,0.0040535983099971645,-0.005611787004940444,0.009368801762116174,-0.004747183748604115,0.008263254565436804,-0.0023283866697893225,0.00596406108705512,500
12,shock_x_ind10,-0.003351030236914086,0.006747036367011613,0.007029740261895022,-0.015734651191093792,0.010265418894534008,-0.01385043476136047,0.008820302352223626,-0.010085338120045043,0.004014723525844336,500
12,shock_x_ind11,-0.0002983691318650111,0.005685284102345285,0.00579975014795512,-0.01276227447684917,0.009755486768219832,-0.010051407533200262,0.008405332227570315,-0.006450747674879478,0.005212072823130475,500
12,shock_x_ind12,-0.0006493436127090623,0.0031744478776433525,0.003083708335995358,-0.006472330855623969,0.005169305150020401,-0.005648698658105203,0.004278745655512023,-0.0037761837433507414,0.0024849653084128677,500
12,shock_x_ind13,-0.004540729549861764,0.003810384453381587,0.0039688150474243905,-0.01241861227762039,0.0029208824266773238,-0.010820103847468194,0.0020418381545694946,-0.00834563034300276,-0.0008744032363542651,500
12,shock_lag1,-0.0007020788532241122,0.0024591995775687728,0.0025643999437793778,-0.005207253575999091,0.004175169489030707,-0.0046761832257495965,0.00365385179481448,-0.0032163002513004094,0.0018873818025117904,500
12,shock_lag2,0.000818058021395069,0.002295179505429471,0.0022453343874748255,-0.003641449464806142,0.005272241265839925,-0.0026027299096283937,0.004688806791916864,-0.0012692057973008747,0.0031961076460668226,500
12,shock_lag3,-0.002657685192113202,0.002017007353480173,0.002263119351018907,-0.007066647831183621,0.0018008831508164627,-0.006536354949405057,0.0009037713503436133,-0.004957918744682787,-0.0003998914987577845,500
12,shock_lag4,0.0017597925647723502,0.0017625203642694395,0.002129622466088572,-0.002235914931483917,0.006010986641181094,-0.001567396311796747,0.005407351383162221,-0.00028769734094388424,0.003989469837847174,500
12,shock_lag5,-0.0007526998164368335,0.002065695206076921,0.002140322006271261,-0.004929166068126283,0.003869650412073815,-0.004143237606099074,0.002914170057549107,-0.0029218427905414713,0.0013098437834118332,500
12,shock_lag6,0.0015095969780756298,0.0022568441597630145,0.00237717663579866,-0.003382428656212769,0.006183960265331934,-0.0025569568632810816,0.0054797726234048685,-0.0008696646888276143,0.003712630719393633,500
12,shock_lag7,-0.0005599379389335597,0.0024715757801359625,0.0027297916337732124,-0.005984843271768649,0.004566200308566895,-0.005292467247772495,0.003836373322622117,-0.0033790698306533163,0.002020004293624752,500
12,shock_lag8,-0.0019734348427452317,0.0022696357315965562,0.002243191035970555,-0.006859657977677093,0.0022124840243459096,-0.006053305390205557,0.001540720825897891,-0.004450491247631905,-6.020402333053691e-5,500
12,shock_lag9,-0.0021276500022650428,0.002478745052831477,0.00259780099180026,-0.007686266423336277,0.0025827934315474726,-0.006619887803569287,0.0017228405172306574,-0.004839825948612234,0.00018635643959779866,500
12,shock_lag10,0.0013112221468672184,0.002182113358762121,0.002410332069116469,-0.003919217926272497,0.005647262139778741,-0.002485356778976323,0.005137700921845124,-0.0010470814929831361,0.0034326463445771087,500
12,shock_lag11,-0.0027615951827505794,0.002435843929858933,0.002397589369888897,-0.006979533353947716,0.002157601846791387,-0.006207500250975518,0.0014086212545503817,-0.005014180967117256,-0.00022950220177004325,500
12,shock_lag12,-0.001117119525488757,0.002235874366161194,0.002421466618316705,-0.0056809986754944725,0.0037428381578855185,-0.005076349692058667,0.003127750115060139,-0.003501732337125207,0.0014064864846025313,500
12,log_oil_lag1,0.0008406734862094876,0.0052588692541992435,0.004861396920509324,-0.007615273318878892,0.011616831481538303,-0.006396436983321034,0.009295692859113532,-0.0035872632010865804,0.006068950994351357,500
12,ffr_lag1,0.002458842506209813,0.0013629769447160655,0.0012179893943411832,0.00012230691691555396,0.0050199585426347745,0.0006348646359735915,0.004655858395716487,0.001459024100899533,0.0037144518431172445,500
12,log_rwage_p50,0.0037506197004936134,0.028759501419294117,0.025728799958163535,-0.04414021724614897,0.05767722397825011,-0.03637869605645954,0.04915000423355567,-0.01760355983993822,0.0327145360697828,500
12,age_mean,0.003186863883676271,0.002000006303521052,0.002047737950259377,-0.0004800641451180724,0.006943953035699512,0.000121487780176066,0.006551295842732701,0.0010767771330344187,0.0053339645206869745,500
12,female_share,-0.10379268085648903,0.05178261472775092,0.05401653353057145,-0.2038982928619817,0.00411655186194327,-0.19075526256137892,-0.012909738123158605,-0.16326475613099617,-0.05144059086392188,500
12,married_share,0.052428835439265034,0.05520707865260402,0.05069597516763683,-0.05099703527120661,0.14608308393876626,-0.03308693290299059,0.1303788465917376,-0.0025578646630333053,0.10219984462933154,500
12,hours_mean,0.004824659397753332,0.0017782347690469143,0.0018357482681625368,0.00132958628920371,0.008644099109061198,0.0017512963841593732,0.008002982760457918,0.0031711757251501236,0.006728621555003986,500
12,unemp_rate,-0.2737798824326585,0.0510904973997464,0.059003486826156935,-0.3698725885697486,-0.13996314437241797,-0.35864320730553295,-0.16161015649538812,-0.32030315856033786,-0.20333898267547107,500
13,intercept,-8.718508936906551e-9,0.0018591010299032979,0.001729759066534819,-0.003195652009686246,0.0034817544878238725,-0.0025767418156606887,0.0030370619255406213,-0.001518700598497005,0.0020015859717541205,500
13,shock_x_ind1,-0.02134162920908913,0.008329161492578846,0.008401927331940352,-0.035814029917064324,-0.0036610325025341257,-0.03379539134931317,-0.0064455131770570495,-0.028650972796351315,-0.012436507817106136,500
13,shock_x_ind2,0.0008914764378916964,0.012582632717306173,0.012398757373306035,-0.021862816625848252,0.02691396851041471,-0.0188772837456057,0.02260595124072945,-0.011679237931760914,0.012156452735635185,500
13,shock_x_ind3,0.0003617678346748857,0.005392965676804741,0.0054984598933267214,-0.011412277635780135,0.01138846828979852,-0.008429939250902428,0.009131812238918003,-0.005163565812629306,0.0055148325467182565,500
13,shock_x_ind4,-0.004545675992752621,0.005582838104570188,0.005575236933939628,-0.015513906957260426,0.005755172527788829,-0.014059822311334038,0.0044755340793913734,-0.010284614204541603,0.0007585962471625291,500
13,shock_x_ind5,0.002467953356727141,0.004657619833944151,0.004723832407507692,-0.006087215505080228,0.011967189431563493,-0.004783771073510159,0.01035833383932217,-0.0020759876057470333,0.007030328210483986,500
13,shock_x_ind6,0.006588492561287522,0.00430691281530711,0.004660545352887911,-0.0021103514901283484,0.01606897353881876,-0.0010671270893833711,0.01401869739875815,0.002117490834654913,0.011294581284194556,500
13,shock_x_ind7,0.00020313239847125463,0.005587614873128885,0.006066316864978147,-0.011543704379230246,0.011914649009886927,-0.009220724407884299,0.010064274387808011,-0.005842272018871722,0.005889924218445621,500
13,shock_x_ind8,-0.008168145580355382,0.0038385658984433613,0.0039866119237871155,-0.016026318556558,-0.0006414622025080812,-0.015044194131786412,-0.0017485908738619626,-0.012602264291975819,-0.004688573850509978,500
13,shock_x_ind9,-0.005766990328229694,0.004323435936361242,0.004617303360806471,-0.01499537210418218,0.00279321153798021,-0.013345120916104099,0.0012832654534481306,-0.010191398132951468,-0.0010988575231553705,500
13,shock_x_ind10,-0.006571018116477262,0.006014303161322811,0.005955674493678303,-0.01793907593924262,0.005748908913064248,-0.01616123589512718,0.0033493999789649437,-0.011954361446122521,-0.0005424386722759446,500
13,shock_x_ind11,0.005406925835205362,0.0059812359532010325,0.005964687517576116,-0.006305649935120035,0.01732902216928641,-0.004833730680919654,0.015663789394570648,-0.0005819267795135866,0.010879071616829288,500
13,shock_x_ind12,0.0003388004192300446,0.0029840985993072285,0.0031177649536406503,-0.005516812966988579,0.006551218759483363,-0.004884339851480098,0.005406781915162662,-0.0027857455805028056,0.0033453578545429093,500
13,shock_x_ind13,-0.006533678034346172,0.004880464552060215,0.005168637051850297,-0.01595614158336006,0.004527690743071369,-0.015147700391827657,0.0012413464441346793,-0.012080337336280037,-0.0019028943833857403,500
13,shock_lag1,0.0003347076090563248,0.00240009679967421,0.002389480821291587,-0.00436604541451953,0.00482076548772603,-0.0035777430182438496,0.003950550538390586,-0.0020621248511376255,0.0027367755184664654,500
13,shock_lag2,-0.0021140451032429326,0.002343652850768193,0.0023449949563094058,-0.006659773768816228,0.0021034364139161576,-0.0059240670778481,0.0015971113074326204,-0.004435770184036383,0.00027087385173658527,500
13,shock_lag3,6.358960400938167e-6,0.001851384863099366,0.0021005821215884526,-0.004030030378359665,0.004251304646037282,-0.0034515982599657062,0.0032946353595206105,-0.002191424642469545,0.0018612793107978408,500
13,shock_lag4,0.0013112667745488272,0.0020981146935374097,0.0022796308332065076,-0.003749631495509751,0.005353640002425932,-0.0031751650132001608,0.004939795744358202,-0.0010375694325762599,0.0033216298615447045,500
13,shock_lag5,0.001059437486171383,0.0021782642642009156,0.002219079927156516,-0.0035066782127091954,0.005413906639761308,-0.0027429495231183765,0.004490170774744262,-0.0012436636719227307,0.0030260930608256046,500
13,shock_lag6,0.0010811844315203251,0.002292597871869384,0.0024431923608320134,-0.003955568081029662,0.005517722550270136,-0.0030859974891414817,0.005012007172627734,-0.0012371139451854624,0.0034647966165937843,500
13,shock_lag7,-0.000823432544257691,0.0024344325035551475,0.002550617116451455,-0.006142874335572056,0.0040784287886724375,-0.0051464647619049895,0.002975102716380853,-0.003719024511352453,0.001466286223141398,500
13,shock_lag8,-0.0026470525117278268,0.002407213874889035,0.002475802251364484,-0.0079846550667473,0.001894756013150706,-0.007206009069757623,0.0010518181999528238,-0.00538032568118302,-0.0005333612034116709,500
13,shock_lag9,-0.0012068685533478227,0.0023503504361670623,0.0022731010255989843,-0.0057755215193090546,0.0032007406517623304,-0.0048879065368846635,0.0026193220970286268,-0.003350430443797543,0.0011248011425988858,500
13,shock_lag10,-0.001191342090960686,0.0021273946569782144,0.0021779107133539093,-0.005685761259103066,0.0031947158217126423,-0.004676760970448672,0.002416718821678207,-0.003396767419466738,0.0006772598119042506,500
13,shock_lag11,0.0012688060102035942,0.0028566878864518578,0.002704097200763474,-0.003515971057389493,0.007198471320659827,-0.0027941907707082084,0.00599893067766149,-0.0012664150397273396,0.004073598167798853,500
13,shock_lag12,-0.003844435522684964,0.002039061871685425,0.0021969301519256545,-0.008151709621228319,9.745542790650237e-5,-0.0075852169285821796,-0.0006357508286809415,-0.006180298043230316,-0.001868846018563398,500
13,log_oil_lag1,7.557017679415104e-5,0.0049965949043656,0.004702204919054585,-0.008870486914639495,0.009949987968515591,-0.007106818114300927,0.00818011519769249,-0.004478735861474848,0.004757913739203393,500
13,ffr_lag1,0.002359891311086149,0.0013360737187193081,0.001170160149657003,0.00029422452102868303,0.004896753226291108,0.0007072654497821099,0.004518073515073577,0.0013610445547140877,0.0036510844111426258,500
13,log_rwage_p50,-0.054081391425230135,0.02549847028755825,0.02264470342798286,-0.09653252223392608,-0.004718437335810939,-0.08837763408284885,-0.014472434080018099,-0.07263844202178037,-0.03035150228831974,500
13,age_mean,0.004531733101260913,0.0017975597778292825,0.0018105502254180447,0.001133219462112602,0.008093053341345835,0.0016350987050032532,0.007492185575540326,0.0028636742768428296,0.006492204334031311,500
13,female_share,-0.13839896240875865,0.052519865411388846,0.05383039640506214,-0.23421389218907912,-0.03305465835924795,-0.22036950797009625,-0.05303638736563092,-0.19054189870908117,-0.0820615249951276,500
13,married_share,0.014506190268080473,0.04521229137530637,0.04550945003058315,-0.07474163954190322,0.10448522167945343,-0.06239592967568046,0.08851379132509483,-0.032442289407442114,0.055151011193582795,500
13,hours_mean,0.0005333710988385668,0.0018065001641134374,0.001918720935646318,-0.003627697796809195,0.004473481318404467,-0.002703189562392629,0.0037018236545484735,-0.0012916294536832109,0.002251859313333437,500
13,unemp_rate,-0.3385601589988611,0.053847891970492674,0.06070463163829335,-0.4462087210732788,-0.2136042312217435,-0.4252523003874897,-0.23307939590103605,-0.38992005158527954,-0.27005929059960204,500
14,intercept,-6.998484731033955e-9,0.0019704390124214437,0.0017293009372170412,-0.0029168401096805975,0.0039197252233660424,-0.002534392017116995,0.003142202075825173,-0.001459672382295336,0.001879517724252182,500
14,shock_x_ind1,-0.013244699430292245,0.007885838801889644,0.007788015243679057,-0.02811312363475301,0.002297019232545025,-0.024544060906573094,0.0006629987166297064,-0.0208033548660844,-0.004722442101878142,500
14,shock_x_ind2,0.010451218790931036,0.012029905146377869,0.011650652722208965,-0.013301097472417759,0.0334514882275795,-0.00905888617054065,0.02952352223774973,-0.0011528497606170124,0.021351156462869763,500
14,shock_x_ind3,0.0003846765290896921,0.004321459535116454,0.0046969681984103066,-0.008314401136102196,0.010720943563745679,-0.006909105227779085,0.008588338632345024,-0.00382313351489238,0.0048135144846870835,500
14,shock_x_ind4,-0.0029463423432988423,0.005336154173943321,0.005393119426254387,-0.01274590388601552,0.00789550489743629,-0.011204520110590642,0.005888155927905047,-0.008024769138592375,0.0028439521303300643,500
14,shock_x_ind5,-0.00488903881550982,0.004487880073392932,0.004491026178938248,-0.013934694885647782,0.0038499144423123715,-0.012677190468328022,0.002548493810771908,-0.009404630483579113,-0.0008147734793113894,500
14,shock_x_ind6,0.005044765619099047,0.004797358160007283,0.0047324208695833665,-0.004351085359931044,0.013967720109319372,-0.0030958871139783453,0.01259359406408811,0.00033812238455592416,0.009623244521698096,500
14,shock_x_ind7,0.005674580394297302,0.006519768990999648,0.006470946277227993,-0.007500958593086776,0.0186457219848047,-0.005394802209256544,0.01675632099685314,-0.0009368898084537219,0.011724832842790255,500
14,shock_x_ind8,-0.004889565554249149,0.004150063791434407,0.0042423389826268705,-0.01352746443207108,0.0034245607260485625,-0.011943275944735406,0.0017688805091423156,-0.008777158799355197,-0.0007905411593382326,500
14,shock_x_ind9,-0.0069157111297308066,0.0045813818367122765,0.00497244134438078,-0.017283387855184396,0.0020982425905443636,-0.015178201440564053,0.00035906562123834743,-0.012234843451690298,-0.002217938443683902,500
14,shock_x_ind10,-0.007035655558818871,0.0061160474263894146,0.005997457610008576,-0.018780103177083764,0.004559693646851401,-0.017030613811978318,0.0028380570159512028,-0.013077617702715089,-0.0010054600649771102,500
14,shock_x_ind11,0.0050786065265264295,0.006046461480702867,0.0063018098043293135,-0.007800450872918259,0.01706194527390905,-0.006292509633127509,0.015023590775533039,-0.0009925682975180517,0.011305190628656307,500
14,shock_x_ind12,-0.0008224247892633308,0.0034341579102937832,0.0033468862015188887,-0.00680225849415636,0.00629866315780345,-0.005981200170312914,0.0051846685247388365,-0.0036705333199133824,0.002776883592764305,500
14,shock_x_ind13,-0.010741523244528704,0.004017494742318292,0.004471324704893464,-0.01907063742542013,-0.0017010502172466965,-0.017825231483695355,-0.0033029959824596483,-0.015438978484418598,-0.006368910404772795,500
14,shock_lag1,-0.0027950733199731833,0.002473338561689034,0.0026789309888666985,-0.007978932247798247,0.002275325107166968,-0.007171302323047401,0.0016200547510725949,-0.005385655003501014,-3.8162873025422284e-5,500
14,shock_lag2,0.00035882477175452974,0.002110883066924324,0.0021071529862876567,-0.00381244369919629,0.004098528991440625,-0.003250845965430054,0.0037194229374246067,-0.0018019702850413724,0.002452978055222205,500
14,shock_lag3,-0.00090803563016729,0.0022520361901029033,0.002341969870637495,-0.006135172195391147,0.003697819049490279,-0.004991754286360443,0.002465447677158441,-0.0033733973552305665,0.0009407679548589389,500
14,shock_lag4,0.0025574961860098827,0.0022454692902503966,0.002433969719567499,-0.0027442188451625533,0.006616616417009133,-0.0018737724368276707,0.006037800306815179,-0.00014371750191852952,0.004635211980268251,500
14,shock_lag5,3.970320691239046e-5,0.002408965509730605,0.0024010659481622037,-0.004665052549729274,0.004886890070112381,-0.004023222480335138,0.0042451863260360625,-0.0021826417667717836,0.0024645575052849892,500
14,shock_lag6,0.0003363568652483693,0.002346000263926333,0.002377987513945944,-0.004243986273829924,0.005014730343401687,-0.0035887898706475903,0.004212003653459301,-0.002058467291616289,0.0025996993263262,500
14,shock_lag7,-0.0019381724679964282,0.0028641557928091805,0.0027947590877697524,-0.007394848230493838,0.0034619899126152555,-0.006761306126659256,0.0022388990245461454,-0.004778417170865707,0.0007659181459635042,500
14,shock_lag8,-0.0021756739567332906,0.002496513615336178,0.002459724747630132,-0.0073395983515058705,0.0026168324450281362,-0.006469103893608234,0.001691967379266972,-0.004712893612398071,-0.00016753550777693212,500
14,shock_lag9,-0.004273110349857235,0.002266915252040138,0.0022486290445107374,-0.008724031012757644,-6.34149236566423e-5,-0.00778577088908176,-0.0004968435885555997,-0.006561110751076871,-0.0019881486548116575,500
14,shock_lag10,0.002279108626289386,0.0020698796978486957,0.0021947935649567615,-0.0017605529722479144,0.006471630805376976,-0.0013751897531461745,0.005564754392486484,-9.33394904220622e-5,0.004228367277335655,500
14,shock_lag11,-0.001831119862631373,0.0023380916712675164,0.00245727792864873,-0.00605166366215229,0.003214847110720698,-0.005445844970299733,0.0022318961615540164,-0.004136470262706367,0.0008811768722212412,500
14,shock_lag12,-0.004596387873092438,0.002063995394812835,0.0022802566591163674,-0.009077551319582999,-0.00039569066240071303,-0.008351961278503002,-0.000986049275965715,-0.0071869541004690495,-0.002377002671905933,500
14,log_oil_lag1,0.0018972501608853652,0.00519038372762234,0.005090621891298421,-0.006534627590322958,0.012761195406806243,-0.005740418619306234,0.011395683637964834,-0.0026393820984516535,0.0072532372494844115,500
14,ffr_lag1,0.0027319864507054296,0.0014396601825496236,0.0012953939645171844,0.0006834015453932307,0.00571533932047079,0.0009932735386998977,0.005242779339149426,0.0015777617231000425,0.004236098891146039,500
14,log_rwage_p50,-0.033182745350585546,0.02941979307211251,0.027431936878653706,-0.07783512308641413,0.026469288746472537,-0.07155545386899494,0.01934305695971623,-0.05400892826637197,-0.0008810699404275132,500
14,age_mean,0.00366401476859409,0.0018855615045167095,0.0018441778113884558,7.11041871087473e-6,0.007335776147276733,0.000530092965022918,0.006739177142493902,0.0018765052456011756,0.005369532906089422,500
14,female_share,-0.05253311644638683,0.051409294510452064,0.04865833429941475,-0.1484464719240017,0.043136239067861334,-0.1319911843735676,0.03294881505750516,-0.097986401798357,-0.00177226875305412,500
14,married_share,-0.007045802441333627,0.052145750115134476,0.051879737479497,-0.10053757681780326,0.09835774562505176,-0.09008919324499287,0.07339681676227246,-0.05910245170024016,0.039075732190165656,500
14,hours_mean,-0.00012861007124379998,0.002049610934775597,0.001989956054701789,-0.0036288047629073196,0.004095364135540016,-0.003084700711807605,0.0033481481186821184,-0.0018477279820113277,0.0020225814011206674,500
14,unemp_rate,-0.31707439502082546,0.05832222286510035,0.06158345411987241,-0.42047376303415784,-0.1866601804089126,-0.4050039857365861,-0.1988058211273244,-0.36403460450212266,-0.2406607540141717,500
15,intercept,-7.404394159450774e-9,0.0019907577351099396,0.0016942569414617095,-0.0031994277649678307,0.0034648584254803943,-0.0027099711148819965,0.0028731481454809657,-0.001589267305736203,0.001760940450380668,500
15,shock_x_ind1,-0.01801952444895154,0.007510695466690609,0.007610810908530142,-0.0329660126380123,-0.004263474902845992,-0.03094763890517673,-0.006036318796645101,-0.025552369809022785,-0.010269711248601284,500
15,shock_x_ind2,-0.027562533746963578,0.011021248746695427,0.010807384846927013,-0.04880461366105905,-0.0063196774963168,-0.04659418910878934,-0.009726462771248966,-0.03935153115490786,-0.018619660557573647,500
15,shock_x_ind3,-0.0035184628761273794,0.005135931312371554,0.005521010489500795,-0.014472880301333865,0.007792455109307777,-0.011953579273591938,0.006166333420344497,-0.009109885954980686,0.0017499777123135816,500
15,shock_x_ind4,-0.003764561047249054,0.004892736423834571,0.004989421881707248,-0.013235651509729614,0.005426526239622963,-0.012207430375115581,0.003830036994676374,-0.008948380090686412,0.00117960432335589,500
15,shock_x_ind5,-0.0003603071459207216,0.0041716951756632595,0.004201214114300942,-0.008106006027625087,0.008249502874784133,-0.006622686016135073,0.006811283533411171,-0.0045996782382723,0.003853276892130901,500
15,shock_x_ind6,0.0017063013482918235,0.004520090835337065,0.00473915288179982,-0.006792869801987801,0.011425000380051717,-0.005630944352711724,0.010036941500126803,-0.002888418239879467,0.006477675104135222,500
15,shock_x_ind7,0.007358411831671886,0.00671995633097338,0.006342413373130516,-0.0047418257269123895,0.0206765109511965,-0.002658513476393487,0.018173767872606262,0.0012907647233273405,0.013097246674312234,500
15,shock_x_ind8,-0.002628258570647964,0.003982309139811964,0.004411928208284791,-0.011693895468615198,0.0052147763432855865,-0.010783866344693227,0.0036375644024907996,-0.007353342141330798,0.0015471847173894136,500
15,shock_x_ind9,-0.007221414153548753,0.005100712184534034,0.004974312920421589,-0.016181677585352577,0.0027381063409961668,-0.015185151614452889,0.001574297689529269,-0.011978696029176632,-0.002746879840339058,500
15,shock_x_ind10,-0.009032020097897001,0.005765278702820038,0.005687021619628677,-0.021687413800647183,0.001382248087160813,-0.01936788214075697,7.412775932586936e-5,-0.01461288856852459,-0.0036423661574057366,500
15,shock_x_ind11,0.006846771103756183,0.006565287728106075,0.00654621269013062,-0.005427279573371033,0.020193429353478252,-0.004183190575855395,0.01728511300840383,-0.00017553342842319293,0.013106121023780563,500
15,shock_x_ind12,-0.00029138747288764017,0.003547827953639742,0.0034714054287880115,-0.006789843391652813,0.006101785113449635,-0.005287959354535216,0.00533701157228087,-0.003626516479479543,0.003609050646317561,500
15,shock_x_ind13,-0.010002767134273517,0.00458044595249783,0.004815802874801906,-0.018741120251323164,-0.000685222485151791,-0.01732054322707962,-0.0021878139009438697,-0.014779318317550232,-0.005154719749041656,500
15,shock_lag1,0.00010078827593339073,0.00206632979758901,0.002189678844099806,-0.003847485590939243,0.004651623686887802,-0.003358836881165151,0.003698055318981841,-0.0020738329875471823,0.0023171023164826874,500
15,shock_lag2,-8.278807056095943e-5,0.0022842425932276932,0.0021992021816123484,-0.004502767083451242,0.004224023657275355,-0.003942712481825497,0.003240258873235477,-0.002303747999617239,0.002105927214923156,500
15,shock_lag3,0.00044968679050687424,0.002321278444786642,0.0024181672163847657,-0.004727637467521587,0.004980677659780962,-0.003977637113235335,0.004374871028400441,-0.001827178194974269,0.002605917219356279,500
15,shock_lag4,0.0015288968323911348,0.0022326848423927454,0.002541202582307038,-0.003162590559086715,0.00648401838561968,-0.0027309488160008593,0.005549970916735012,-0.0012634341471167692,0.003888835920645541,500
15,shock_lag5,-0.00021601346629794677,0.002440042002761937,0.002419615588758159,-0.005224927167360421,0.00488488346653665,-0.004207512575563064,0.003583018252274054,-0.002582330431928513,0.002257652681548406,500
15,shock_lag6,-0.0005610241498825962,0.0025845120613537816,0.002648310111800025,-0.0059064576844080115,0.004622674994538303,-0.005095940041075961,0.0038262735367833307,-0.0032367913643920982,0.002006372165115087,500
15,shock_lag7,-0.0010769785831014425,0.0027323887635167495,0.0028369499922095685,-0.006616524526744385,0.004046750518862456,-0.006128218120511965,0.0032258144146838958,-0.004060134299423913,0.0016813403416073736,500
15,shock_lag8,-0.005105111927442146,0.002341978036247828,0.002337329010714514,-0.009957548704570598,-0.0005969169475399796,-0.008974332991054683,-0.0011373145350806614,-0.007369128087203188,-0.0028994169370405772,500
15,shock_lag9,-0.0004660602957812835,0.0022310600915290933,0.0022145541816118537,-0.0048639781547321174,0.0036077723729973955,-0.004261996133121879,0.0029016334302385772,-0.0028886321108353707,0.0016154249238306334,500
15,shock_lag10,-0.0006889273236107485,0.0019636835494468994,0.0020551632073386138,-0.004725683148079554,0.0031909275839338645,-0.004227835408799054,0.002739192912404775,-0.0026858018991973835,0.001209270179991833,500
15,shock_lag11,-0.0023573076576525066,0.0024599337919098603,0.002496414480119825,-0.0071766343547832855,0.0027083452611798373,-0.006279080558493152,0.001979492765619149,-0.004567676539168284,0.0003475711132029599,500
15,shock_lag12,-0.003583076602880934,0.0018282893800991497,0.0020396739058076386,-0.007606465073599786,0.0003497028987497574,-0.007018633679173921,-0.0004787652828428526,-0.005390424570027788,-0.0016503748943184503,500
15,log_oil_lag1,0.0010433931876681398,0.005103235866974494,0.004664367325218023,-0.007590064868277105,0.010780327835030743,-0.006181911567895374,0.009334435735399247,-0.003499349634090385,0.006025392033015876,500
15,ffr_lag1,0.002490381617719425,0.0014472599713182806,0.0012956363049882239,0.0002729587378682328,0.005173269127216705,0.0005128678945043811,0.004754265387875849,0.0013551001103522219,0.003977443654392143,500
15,log_rwage_p50,-0.0732874817387347,0.026988805298600337,0.026131901446697053,-0.11773485278535509,-0.0176667021620582,-0.11235412179746049,-0.025697462176350903,-0.09777601582071871,-0.04410845106517537,500
15,age_mean,0.004354122716359291,0.002073109602475547,0.002026363656872488,0.0003206728373106218,0.008375928980974662,0.0012766792616231127,0.007740130228290572,0.002254919676353947,0.006342131411669139,500
15,female_share,-0.06777676210403623,0.05086516381798654,0.053635578720897234,-0.175919132759501,0.03403571499116068,-0.1589213800748059,0.015272657152611814,-0.12294438814939074,-0.01845821386305376,500
15,married_share,-0.050439848169400524,0.052326557309551595,0.05026919950378934,-0.1552906562544425,0.041772405816525776,-0.13475587656745844,0.025576895491262415,-0.10225327550893896,-0.0010332721926306534,500
15,hours_mean,0.001963167438347094,0.0019032697571319571,0.0018892488701098718,-0.0015946264818812585,0.005664329708978986,-0.0012258308040523612,0.00512404683627411,0.00014786153560852937,0.003876076757401144,500
15,unemp_rate,-0.313707179184325,0.054538432544305813,0.055795651964278506,-0.39230158730111014,-0.18386883144410948,-0.37710932471803765,-0.19747386076575965,-0.35251437555344284,-0.24836101819883355,500
16,intercept,-7.126512699922945e-9,0.002044953153257008,0.001689420818682992,-0.0031242654400317773,0.003645100595321509,-0.0024568350364558393,0.0029875036905451526,-0.0014740229957860783,0.0018835842561378286,500
16,shock_x_ind1,-0.004303270292335586,0.0074238749053303,0.007327095787924522,-0.017909366756382855,0.010946699379923732,-0.015280063306110935,0.008404259443533232,-0.01115688869996137,0.0025093165962108118,500
16,shock_x_ind2,0.0014023960722036983,0.01231654473066145,0.012158758012832852,-0.023468745765939464,0.025426764841196964,-0.019747342662509562,0.021002114097210083,-0.009442326414129955,0.012699786498527474,500
16,shock_x_ind3,-0.003742530453983738,0.0054010947246260705,0.005856942580895105,-0.014511072619447271,0.00738406385773235,-0.012423462396520467,0.005615841591183326,-0.00933668943710135,0.0025356219695004687,500
16,shock_x_ind4,-0.00030406732498637477,0.0055789135945017235,0.005826388291423297,-0.010890652780067678,0.01168141295092578,-0.009173876780289985,0.009595090592496414,-0.005435540739040773,0.006138088149312819,500
16,shock_x_ind5,-0.004166277651657097,0.004883362693450697,0.004265629659408757,-0.012111764892021615,0.004435818522592958,-0.011088414408907421,0.0027502495700513136,-0.008413690594369198,5.69054024495176e-5,500
16,shock_x_ind6,-0.0017135499350251148,0.0045331505071394195,0.004564356155328249,-0.011473125623217862,0.0067494699073152725,-0.0089395384206737,0.005514030552405232,-0.006264709086438678,0.0024289649100555466,500
16,shock_x_ind7,-0.0060688171861741245,0.006262352200624383,0.006466489258935562,-0.01702443678312609,0.007858496318475051,-0.015079319034357844,0.005280564280687269,-0.012385129458977287,0.0008762568196059629,500
16,shock_x_ind8,-0.006635160995071947,0.004989375994688756,0.005449126587078297,-0.017427978263225424,0.0036350303416395626,-0.01580048894781913,0.0015204155522043244,-0.012595162403198728,-0.001399738394951535,500
16,shock_x_ind9,-0.006752350874454165,0.00505627749639218,0.005482269561603893,-0.017879983044847475,0.00498328493492524,-0.01608220159587547,0.0027247543998441762,-0.011805229819924922,-0.0017399938320722,500
16,shock_x_ind10,-0.00560609838674543,0.0063278938803444686,0.006189477921190531,-0.017576394350062093,0.004910451503340923,-0.015842457921848692,0.004065769898317331,-0.012186138561222037,0.0005517189390288247,500
16,shock_x_ind11,0.0068778238120359,0.006490803199977728,0.006848675699277569,-0.00808532589158079,0.019219500540563768,-0.005400643563240652,0.017246672420298714,-0.00033993147897428793,0.01288548888383852,500
16,shock_x_ind12,0.002983392218001812,0.003688888016311819,0.0038326248213999773,-0.0047058173764357,0.010709573108848387,-0.0032414056519889495,0.009612186972031759,-0.0008249477221200069,0.006712529612230503,500
16,shock_x_ind13,-0.0027995798504133773,0.003993180463768018,0.004099674650668572,-0.010360921797244325,0.00576110336553699,-0.009015458343443897,0.00444320686714502,-0.00657707407726854,0.001490253756536388,500
16,shock_lag1,-3.9319090249298514e-5,0.0021814425072855066,0.0023509915334758076,-0.004665299436946902,0.0041726158741747146,-0.003914428783262049,0.0034615892308508343,-0.0025904651569079997,0.0023336283480299962,500
16,shock_lag2,0.0020689371444799188,0.002377401411336462,0.0023691498015760613,-0.003022599585207014,0.006234527256853531,-0.0018954178775203651,0.005485921112540995,-0.00037836358054419615,0.004388733842495227,500
16,shock_lag3,0.00010978389237220838,0.002192320931145291,0.002450423958722447,-0.004883410318461914,0.00485170427170805,-0.004133809938821018,0.003799589193618495,-0.0026290197538277947,0.0021179284188381103,500
16,shock_lag4,0.00164740484806278,0.002298192775498799,0.002447894860526964,-0.0031619490876896427,0.006582851836406424,-0.002473958687586567,0.005585051932192617,-0.00105153892878935,0.0038219327399959466,500
16,shock_lag5,-0.0008961481722645518,0.0023819939154775525,0.002460058666638015,-0.005980362381268452,0.00385306442148164,-0.00515528208099667,0.0030753129234655664,-0.0035666284591149735,0.0011876878313327617,500
16,shock_lag6,0.0005954952400231999,0.0025241118675530206,0.0025334672048656767,-0.00431305555821596,0.005592359582941659,-0.0037184251463791996,0.004549110406847543,-0.0017968780391806102,0.0031272896618255424,500
16,shock_lag7,-0.0033841728948779603,0.0024710004925187624,0.002557865067587061,-0.008124900313181086,0.0015816142852155615,-0.0076822697056522825,0.0007232406781399594,-0.0060519755800242745,-0.0009053083877179221,500
16,shock_lag8,-0.001006399828486997,0.0020713707133728594,0.00223216770808104,-0.00518415956347206,0.0036904780377900424,-0.0044959757769040916,0.002966088143545922,-0.003030897395361204,0.0013901834703110565,500
16,shock_lag9,-0.0030851045226021325,0.002121786265557302,0.0022170210913121636,-0.00748622997141211,0.0015295768711837223,-0.006611256651718504,0.0009442369656752749,-0.0050114074908754,-0.0008198713703413546,500
16,shock_lag10,-0.0007807353945496749,0.001895408595802531,0.0018997479631646568,-0.004736684598569681,0.003003263841963674,-0.004001389529607829,0.002207704861167616,-0.002643961103909564,0.0010093251286995585,500
16,shock_lag11,-0.0014130321082951416,0.0022831096178264182,0.0022183984739479515,-0.004866276086134715,0.003562705362428482,-0.004427141134860635,0.002838113882924107,-0.003288086369900175,0.0010405498939231672,500
16,shock_lag12,-0.0013844104031141102,0.001969330510653727,0.001976390360849322,-0.005506124422511573,0.0024857371143442598,-0.004776963255380084,0.0017059485815464797,-0.0033521542160726476,0.0003175551806434289,500
16,log_oil_lag1,-0.0014051525309890485,0.00505416724313934,0.0044122603581126215,-0.008775878702688115,0.007696301556765812,-0.008093181475009918,0.006343166560977586,-0.005713161521589558,0.003401410378884988,500
16,ffr_lag1,0.003176361073564891,0.0014663742066238228,0.001332717924276263,0.0008803641302583881,0.0059569460264975865,0.0013017506968048826,0.005631579847647402,0.00196740571533229,0.004560190911466286,500
16,log_rwage_p50,-0.08041937763521943,0.0272003114168954,0.025369150334012953,-0.11987455013362375,-0.02281247522533485,-0.11529696220858013,-0.03343059007063743,-0.10209427464774383,-0.05143068433917888,500
16,age_mean,0.006302761194949176,0.0019238425951891337,0.001968107340453225,0.002730187904316043,0.009799689701558695,0.003101612276524018,0.00939186983179117,0.004259297407710927,0.008198695732366623,500
16,female_share,-0.0984505213519618,0.05144268914688819,0.05447824134828225,-0.2062170490097382,0.0022779001664258534,-0.1933764596019133,-0.011087491836317583,-0.15692072272648983,-0.047330135095172275,500
16,married_share,-0.07892634147703387,0.04496660029999882,0.04572373097269195,-0.16712778817129725,0.017220527264575344,-0.15041395647915656,-0.0012142795840010218,-0.1243999405308738,-0.02978136103614465,500
16,hours_mean,0.0028360344763967,0.002336050836122176,0.0023050158298839186,-0.0017743517648878618,0.007304811830083583,-0.0008707156797830126,0.006665045004974342,0.000562905667066144,0.005283877375556077,500
16,unemp_rate,-0.3038308008502982,0.055548410609044335,0.055920556966731615,-0.40379574140292784,-0.17946190832476908,-0.38274045675090596,-0.1997464958148393,-0.3507559451727419,-0.2395674534868262,500
17,intercept,-5.600618264310961e-9,0.0021280519034477734,0.0019349022449815716,-0.003995682099782682,0.0039238865562771785,-0.0032454636917993076,0.003274517538823984,-0.0017957567920218122,0.001905072095710367,500
17,shock_x_ind1,-0.013022426812025773,0.008876893569976271,0.008580624618637987,-0.029090434910961707,0.003585742468313835,-0.026472217598944466,0.0015714387768795792,-0.02216488466401517,-0.00432746822638696,500
17,shock_x_ind2,0.0036574822119030395,0.013700649377393266,0.01288092445101826,-0.020984606199719442,0.02635319978884773,-0.019129526693853077,0.022918449725643792,-0.010548099598242522,0.01613334729158566,500
17,shock_x_ind3,-0.005141661940145824,0.006518479514531872,0.00580669502844228,-0.016260889792845363,0.0058658584949666595,-0.014377865235864188,0.004196891970518869,-0.010876285195785136,0.0002216303997077178,500
17,shock_x_ind4,-0.004152891253439023,0.005364665215044976,0.005451555313449364,-0.01574723298594016,0.005656189730808272,-0.013543080020348016,0.0046884115620844345,-0.009992089276036103,0.0007976949338415996,500
17,shock_x_ind5,-0.0001355987536776148,0.003971742008753227,0.004288419666607649,-0.007744546556350625,0.009516179256873668,-0.00678669705445211,0.007428803267650117,-0.0041120552445944045,0.00418280213073447,500
17,shock_x_ind6,0.0003926567507398887,0.003972174559996574,0.003909482562596633,-0.006630613392474297,0.008393512231923328,-0.0055931000895511505,0.007073077771393454,-0.003267060236314156,0.00438747565564358,500
17,shock_x_ind7,-0.007397421738767732,0.00622388539009797,0.006380456573254923,-0.019583450507388467,0.005775597790486427,-0.017960993982084034,0.002992612717327465,-0.013108589192846881,-0.0004838604603154339,500
17,shock_x_ind8,-0.0023636555159808584,0.004548457408608346,0.004513600678681715,-0.0124409413331205,0.00576277932331044,-0.009897568765068369,0.004849849499187991,-0.006975044403603845,0.0019579656239545914,500
17,shock_x_ind9,-0.009148266702129712,0.004741910635857075,0.0047499885885665585,-0.018612142589253748,-0.0004067374016621899,-0.017448857806067992,-0.0017226418687712815,-0.013842233024336134,-0.004456128269244922,500
17,shock_x_ind10,-0.006233145200692528,0.006516985726669568,0.006120383527736465,-0.018890652119230585,0.005402135439146496,-0.01725137919628519,0.003119544158022627,-0.01230796937698728,-0.00038935374293033633,500
17,shock_x_ind11,0.012307441737343775,0.006954550414829047,0.006684108295765509,-0.0018782419599451226,0.024857526606648528,0.0010722109190433326,0.022954160065379016,0.006015887125350834,0.019171645064781393,500
17,shock_x_ind12,0.0015853088689825258,0.004214374219707097,0.004207101860711371,-0.006037393472457388,0.010730217962966138,-0.004986408592953945,0.009168799086076238,-0.002493995200826192,0.005756908440646139,500
17,shock_x_ind13,-0.008356891584436312,0.004045245904117486,0.00417713261373479,-0.017111736505319976,-0.0007565156149993812,-0.01563273722842093,-0.0018412217264041123,-0.01241433394781958,-0.004229835442833832,500
17,shock_lag1,0.0012275777070617235,0.002435106177014875,0.0024845604166119873,-0.0037539711482996764,0.00571083146171136,-0.003070669963113214,0.00497439908521083,-0.0013294139895471933,0.003755069953413916,500
17,shock_lag2,0.0006527077591697955,0.0026260883034142633,0.002687603836974594,-0.0044382541601751205,0.006018161446008065,-0.003408600272450923,0.005127089780758592,-0.0016972184348547777,0.0032813911937344888,500
17,shock_lag3,-0.0008956377121173048,0.002309275140906249,0.002547286251832936,-0.006292013753223917,0.003607212732814679,-0.005463650094364566,0.0030857074726093297,-0.0032575105834441137,0.001472167428252517,500
17,shock_lag4,-3.5872340358656384e-5,0.0024544159475971138,0.002357577457801145,-0.005381531735201576,0.004447452319170294,-0.004211955749144205,0.0036122274862060494,-0.0024471271205859985,0.0020909697164849302,500
17,shock_lag5,-0.00040733375167644386,0.002481727707066951,0.002597053621777751,-0.005079868322597294,0.004788545286479876,-0.004380429650109864,0.004165502761655442,-0.0029668494490458705,0.002213427680904609,500
17,shock_lag6,-0.002470161289259124,0.002388640111533875,0.002476540614817431,-0.007273615298877116,0.0021364662494450844,-0.006579765277977296,0.0011503557217934412,-0.0052963597858006065,-0.00021732514290526736,500
17,shock_lag7,-8.970362099615991e-5,0.002180255483912873,0.0022366229770852666,-0.004249540099785702,0.004063673880974548,-0.0035943825976201024,0.0036422259089482606,-0.0021052953974706238,0.002333969784150376,500
17,shock_lag8,-0.00437664080457897,0.002131950132768534,0.002103726589713531,-0.008789958388768919,-0.0005439277671153185,-0.008078647073473583,-0.0012054625935476553,-0.006722438861984228,-0.002581402888375695,500
17,shock_lag9,-0.003784538812171134,0.0022455616255307492,0.0024184419706722183,-0.008884983352501853,0.0006980748303540545,-0.008090382338940504,-8.95271160122241e-5,-0.006071096851423314,-0.0015305392064179262,500
17,shock_lag10,-0.000563504047321818,0.0018886066875896626,0.001963337865388416,-0.004386565418249632,0.003377060879077364,-0.0037970928285160294,0.0024360933457743344,-0.0025881969007052344,0.0014210345906944663,500
17,shock_lag11,0.00020754932472175455,0.002271731715822919,0.002283309520023547,-0.004006045489130719,0.0049857006231512,-0.003090799242602743,0.004423897537480213,-0.0018136400328340912,0.0026241603188499963,500
17,shock_lag12,-0.002466233618976883,0.0022144147019276276,0.002189848818015086,-0.006928744824332123,0.0013497067246373922,-0.006258576201159486,0.0006730552021160182,-0.004895707915710607,-0.00045621016085312837,500
17,log_oil_lag1,0.002694238162347651,0.005142463337480557,0.004763998949588798,-0.006514536123564382,0.012097682901591935,-0.004786624575414622,0.010854089381103915,-0.0018906137902090045,0.00765167569409634,500
17,ffr_lag1,0.002165420462852275,0.0014992051342621199,0.0013223941277777918,-0.0002788878067035973,0.0048300963481303655,0.00031223629819750144,0.004447680050723752,0.0010036201498585021,0.003527424290722692,500
17,log_rwage_p50,-0.07529625048408213,0.031011260422074256,0.027244037907774177,-0.12361809168758373,-0.021546206463271128,-0.11479374227841459,-0.027432917672590876,-0.09956341018701458,-0.0432734992406342,500
17,age_mean,0.003848438064887402,0.0018704440197145015,0.001902870256119867,-5.70127216884444e-6,0.007281831997212884,0.0006825149236363872,0.006845748405174837,0.00193180425406929,0.005547319558161157,500
17,female_share,-0.009324905144139202,0.05506248536732101,0.051720149983779565,-0.11158379852522718,0.09484120405329384,-0.09267943842465427,0.06972287589587214,-0.059047187555643275,0.038689768998419465,500
17,married_share,-0.011457479266012547,0.048153655869204434,0.04506450022677231,-0.09197449834098506,0.08245431133956373,-0.07875344979294831,0.06548009865013858,-0.051854052174946944,0.03933847685121673,500
17,hours_mean,0.0014822151442129101,0.0020622850474195918,0.002030906331948565,-0.002330010901103397,0.005625974719553239,-0.0018049490206616444,0.005001786638962381,-0.0003194718379385446,0.0035582141700780086,500
17,unemp_rate,-0.34937404514100334,0.061482630233123545,0.059189924380650356,-0.4518511753430315,-0.2223901115146022,-0.43686432911938233,-0.24057124327425305,-0.3959454024934166,-0.27616537532971575,500
18,intercept,-1.2366495262732865e-8,0.0021723119795184066,0.0018721798206655996,-0.0033623571988079916,0.0036241751799666383,-0.0027688807017855156,0.0031594223564914968,-0.0017150701720838606,0.002056666600141917,500
18,shock_x_ind1,-0.010971983867975231,0.008560496333214705,0.009281105303312952,-0.028049557916085245,0.007972721008686564,-0.025319961077858586,0.005983247684028916,-0.019999250126356356,-0.0023584948038233556,500
18,shock_x_ind2,0.005144474301913207,0.012909676367980023,0.01225524060249403,-0.018067501603278524,0.0274948395456865,-0.015275787435438965,0.024564290388174967,-0.0069358158530976296,0.017502938385289817,500
18,shock_x_ind3,0.005414478334477517,0.0048802295202709685,0.005288407159772708,-0.005154277252611434,0.015866230840864436,-0.002923806540410512,0.014103707221182876,8.822294103935412e-5,0.010554762890738336,500
18,shock_x_ind4,-0.001891009878917109,0.005787539309420112,0.005761514618820571,-0.012403144148755771,0.009467851544977254,-0.010833164752940775,0.007630427602851714,-0.007150354239764877,0.004315384081185875,500
18,shock_x_ind5,0.0014325189374460657,0.005077486624755977,0.005145059821166341,-0.00889815170077194,0.011694853447338931,-0.007067462013960457,0.010178378045430663,-0.0030318158736686827,0.006669500494756962,500
18,shock_x_ind6,0.001100009212930585,0.0048290575793899036,0.004960847136383284,-0.008676486799787077,0.010609556037433576,-0.007641734005823249,0.009469351932817796,-0.003981472762357732,0.005693181578996564,500
18,shock_x_ind7,0.0013829257735937686,0.006115749715573344,0.006270012279468458,-0.010606405996667664,0.012950132671413307,-0.009065565870609372,0.01147526949769789,-0.0050007200942211024,0.007792315483183838,500
18,shock_x_ind8,-0.0004302181637871047,0.0038372718097140317,0.004508644834043405,-0.00929606778190382,0.007822815098522456,-0.007993216622263674,0.006740054245503016,-0.0049752054212221855,0.003960320528419976,500
18,shock_x_ind9,-0.001453035558338121,0.004822789447801602,0.00496976463369731,-0.011232228225027825,0.008819909706551245,-0.009762589117254463,0.00661005762227232,-0.006227675381093266,0.0033368717232398265,500
18,shock_x_ind10,-0.004022635398000416,0.00617945366499071,0.006516177814718094,-0.0170258802831064,0.009162070186319204,-0.014374046809862519,0.0063628753954821085,-0.01025791943750738,0.0021553669267267666,500
18,shock_x_ind11,-0.0016063459800396427,0.005761879155073414,0.006215982810882902,-0.013926306067880232,0.009740595222727475,-0.012480455156335606,0.008647107572365002,-0.008127322504996868,0.004135953111760744,500
18,shock_x_ind12,-0.00195491512062146,0.0035847000332664826,0.0037414454280449436,-0.009072103387739306,0.005156431815291731,-0.008020408670229932,0.004447208729891262,-0.005545521050805601,0.0022066060768783143,500
18,shock_x_ind13,-0.0066780276221446696,0.0039606464754597375,0.004320024964185439,-0.015270186751222447,0.001930781645513149,-0.01318456328812998,0.00039450075046089275,-0.01062481337372619,-0.0023551079561591527,500
18,shock_lag1,0.0003236610125318058,0.002665483356416436,0.0026806426135758876,-0.0052484101629745455,0.005386236802995076,-0.004204246883248709,0.004638663628220162,-0.0021529616782659205,0.0031810074160765894,500
18,shock_lag2,0.0004682041117961831,0.002712196092400835,0.00258930359207792,-0.0048073272427236035,0.005010136164799325,-0.004131673433094599,0.00451241222010526,-0.0022717797362211438,0.00276484185397175,500
18,shock_lag3,-0.0019010907531610817,0.0027982702441457737,0.0029571945121972406,-0.00809649023176038,0.002971098322807158,-0.007212132950881739,0.002286590578405722,-0.005268943748517167,0.0006521211853410709,500
18,shock_lag4,0.000976728301783996,0.0026637347687505065,0.002769657266142884,-0.0039779375729522524,0.006317101687685428,-0.003320956377661844,0.005222902217280501,-0.0018403334002306902,0.0035353399697820734,500
18,shock_lag5,-0.002987444326434384,0.002746054800827214,0.0025917320219051667,-0.007742575283880563,0.0022968865476016617,-0.007184215826638267,0.00150094780960299,-0.005501803300417605,-0.00022799216770488462,500
18,shock_lag6,0.0016286427308362856,0.0025130294651279335,0.002363454583631426,-0.002520763970492273,0.006515998051428469,-0.002048519132915955,0.005623257532854718,-0.0007103182241380766,0.004143809798789015,500
18,shock_lag7,-0.003041579111687388,0.002572175072713459,0.0027037068830730424,-0.008633995439855362,0.001945727562206056,-0.007429936237544034,0.001203338293878857,-0.005871918409389543,-0.0004505734715053276,500
18,shock_lag8,-0.004467659021089461,0.0022799947718277415,0.0024227478563457207,-0.008932761081571521,0.0003945578723872751,-0.008173737132929224,-0.0004280669773159574,-0.0067301900297249,-0.002067220014421723,500
18,shock_lag9,-0.003185869965978387,0.0022957934580922993,0.0024989042067576077,-0.007796811495636703,0.0017918581081505433,-0.0071062410972277945,0.0008513599090992451,-0.0057592690870633114,-0.0006110911281719191,500
18,shock_lag10,0.001541152610217443,0.002250412633963903,0.002173201330956351,-0.0029746131587141426,0.005546948749273914,-0.001887725027660765,0.004834295270917901,-0.0005730553454521572,0.0033635960763105026,500
18,shock_lag11,-0.0002647067616513881,0.0024502484963093442,0.0023766753402493603,-0.004804687460248754,0.0042354852249273075,-0.0039477605114472784,0.0038336717458669674,-0.0025544101648355445,0.0021010505938222077,500
18,shock_lag12,-0.004962485016504338,0.002246031219608983,0.002351336473707647,-0.009289739507539398,-0.0006096865165329773,-0.008747751571546076,-0.0012564715451615636,-0.0073500700362405585,-0.0024934277796474103,500
18,log_oil_lag1,0.0015385472606681003,0.0057205308268342215,0.004968464049042132,-0.0074011906503597055,0.012079444987841463,-0.005931868804198385,0.010030844096548502,-0.0028699542842882267,0.0066304424578775105,500
18,ffr_lag1,0.0029200905390355434,0.0015690434841954522,0.0013761998434433172,0.0005470528379456943,0.005853490044854443,0.0009091843092267961,0.005365711301758299,0.0017682126047410523,0.004496338551546614,500
18,log_rwage_p50,-0.07299112860031237,0.030092555484406962,0.02880870800713667,-0.1245057346324206,-0.011820927057407176,-0.11610450123679711,-0.019675334398047268,-0.09349326064233907,-0.03811208683917898,500
18,age_mean,0.004691267015705909,0.0020816078982282917,0.0019175497062477182,0.0008725157189686517,0.008053008798491735,0.001430001006647597,0.0075122980822394814,0.002636877179388435,0.006633395776523285,500
18,female_share,-0.10812973265657463,0.054573078519351316,0.05472777251215801,-0.21917032209823675,-0.0031252182873129945,-0.20045891677069988,-0.01264855036602818,-0.15956490410286678,-0.053612907078857595,500
18,married_share,-0.04085987478104926,0.05551933731260912,0.05645708021532968,-0.15599230835329597,0.06545021821762832,-0.1387802440835074,0.04788903186209162,-0.09502851182795644,0.01628881444069113,500
18,hours_mean,-0.0013968373002799445,0.0018799958195126667,0.0018538678926969324,-0.0049045936647771834,0.001933527548144217,-0.004495615851336965,0.001419799072203571,-0.0033920813151973373,0.00036491156045079167,500
18,unemp_rate,-0.3709447284475817,0.0632943301014154,0.06464385119561959,-0.4883709809778822,-0.23534274842421873,-0.4678945708059917,-0.2495177009054251,-0.42629114982854444,-0.2977752033856028,500
19,intercept,-1.0776597231273972e-8,0.002221131724877788,0.0019990990976147174,-0.0036802981018098685,0.0038506551045814777,-0.00287591388179079,0.003306995643161967,-0.0018040953276826544,0.0022085205563140875,500
19,shock_x_ind1,-0.01095898454733646,0.007717261692157668,0.008118556241279485,-0.02631457019832293,0.0035827094777383653,-0.024102952862690964,0.0018169793017835595,-0.01919821078959148,-0.002745574908744405,500
19,shock_x_ind2,-0.010027579702227483,0.013318589344311004,0.012699082067162944,-0.035359624068334906,0.013925904647485238,-0.031905031373129736,0.00974696781562901,-0.022698067652677536,0.0017305622103203993,500
19,shock_x_ind3,0.0020773970038542836,0.005263012328968621,0.005525181554715133,-0.00829451364801278,0.012143835204577907,-0.006576022808326478,0.011428786904373895,-0.0032372067527378524,0.007680821329900751,500
19,shock_x_ind4,-0.0027563160725384943,0.006100632784392421,0.0060560348245879735,-0.014164948444756032,0.009406945298595523,-0.012579147120397568,0.006915315367699979,-0.008047232497425255,0.003622791366019628,500
19,shock_x_ind5,-0.0003217469293216709,0.004609181397481533,0.00477690115466995,-0.010092206953809617,0.009510309328263043,-0.008529467984416462,0.007484898002179975,-0.004937039831995701,0.0038082123353757767,500
19,shock_x_ind6,0.0005535689241594357,0.005141977935501636,0.0052783703836691495,-0.009761544330825708,0.01054487475279874,-0.00781598017002961,0.009586443902496094,-0.004897923673363165,0.006090631634995351,500
19,shock_x_ind7,-0.008020664852232491,0.006140314087127157,0.006038684136517654,-0.01896807367280899,0.0040239146613544234,-0.018110192151245038,0.0026167096842694805,-0.014019628402850284,-0.001925536710207983,500
19,shock_x_ind8,-0.0002238421030707917,0.004007484617600306,0.0048457742525146955,-0.00960649717985719,0.008299166808652655,-0.008574819699591934,0.006790466786146942,-0.005777094645535059,0.004296957982885875,500
19,shock_x_ind9,-0.00383689817043022,0.00439592192281866,0.005043055338465274,-0.013478707252865665,0.005873651372284423,-0.01199725281391881,0.004663364502462021,-0.008975203714516555,0.0013491072727849765,500
19,shock_x_ind10,-0.0038917489126297886,0.006598314466689754,0.006871185373904773,-0.017739043021327488,0.00930762075074451,-0.01609607843417989,0.006830999617589897,-0.010199728234100524,0.0030171111243615894,500
19,shock_x_ind11,0.015668901373809784,0.00599418064732395,0.006630532615989664,0.0014480943971534196,0.027954235475101688,0.0033192166761425064,0.025691001688488604,0.009041195212905863,0.021572107691448267,500
19,shock_x_ind12,0.0013780064272436029,0.0034792306907034908,0.003700778674251191,-0.0053437193691786705,0.009570603512485225,-0.004386206567551112,0.008188171433441221,-0.00230871748594414,0.005112489517493284,500
19,shock_x_ind13,-0.011354523855369966,0.004626925531338411,0.0048465587706425185,-0.020406415107927435,-0.0018724707259839897,-0.018715258987242807,-0.003251919301081559,-0.015822964051033245,-0.0062141193222928544,500
19,shock_lag1,-9.101503321114841e-5,0.002745962415101614,0.0028782425428752847,-0.0055027515095594365,0.0054128702431012286,-0.004809602751436609,0.00462371500437298,-0.002609352895687944,0.0027877683569826465,500
19,shock_lag2,-0.0010971553162289719,0.002545174900883841,0.0026101347512338074,-0.0064913473846576605,0.0040852077343483595,-0.005352415885687545,0.0031163740654425428,-0.0037786861372720894,0.0014467706680561128,500
19,shock_lag3,-0.0014497187735961902,0.0024738825481231646,0.002673340603158791,-0.00659884353989697,0.0035325931466666065,-0.005775172850826613,0.002738751015548756,-0.004102434980267482,0.001186829537518283,500
19,shock_lag4,-0.0021884879137787166,0.0024176025351268044,0.0023672750278047184,-0.006666964592143916,0.002446207236301936,-0.00613956560540648,0.0015737108870806046,-0.004606898218577479,7.190614766205182e-5,500
19,shock_lag5,0.0006296147350823263,0.0025616878478252614,0.002520911157109953,-0.0042027252559659065,0.006191971190889956,-0.0034368567873075983,0.005033871110042612,-0.0016696556232183408,0.0032332669647232703,500
19,shock_lag6,-0.0017880706506970367,0.002193450680855924,0.002196829562909722,-0.006067129485525925,0.0025938415735142816,-0.005294950930068077,0.0019316911520585688,-0.0039656952638682606,0.0004343958303493539,500
19,shock_lag7,-0.003596109395095798,0.002366361160403306,0.002522514897830699,-0.0084346430936031,0.00156559824176145,-0.007694703961930462,0.000605398348141496,-0.00599358423308819,-0.0009041323767678334,500
19,shock_lag8,-0.004167898123643323,0.0021621630663571064,0.0023236431604288094,-0.008871901602804783,0.0006282153646844863,-0.007863743201619151,-0.000367228497104182,-0.0065889112452698784,-0.001946772950087561,500
19,shock_lag9,-0.0013823018644980806,0.0022117683541728983,0.0023661726910791494,-0.005584401491207278,0.003445746077597558,-0.0048626858558323705,0.002788734141172966,-0.0035921086273136326,0.000999971837543765,500
19,shock_lag10,0.0007344851675503953,0.0023438896574250515,0.0025041843644245184,-0.0038826926061422285,0.005411971896403094,-0.0034217183196578044,0.0047383433403515775,-0.001917239265881214,0.00330396556394607,500
19,shock_lag11,-0.0030720841721698614,0.002120522351189982,0.00215478443733336,-0.007184914518690622,0.0011980294964335444,-0.006243892895167453,0.000798200035732476,-0.005123478641936479,-0.0009158985445845063,500
19,shock_lag12,-0.004915476152032564,0.0024752388439139997,0.0025724053396156974,-0.009542517672397714,1.4474279610485279e-5,-0.008755085553213965,-0.0005394560869683106,-0.00735451396439787,-0.002629186868188106,500
19,log_oil_lag1,0.002945818888834191,0.005750770309765328,0.005328285943311542,-0.006570444913391312,0.01407224790039452,-0.004993534668817492,0.012414671177411286,-0.0021195515008730513,0.008652717830626693,500
19,ffr_lag1,0.0026496344676983793,0.0016166095364968228,0.001449061509918667,8.559300074530972e-5,0.005686549460749327,0.0003461499255269072,0.005284846987835686,0.0015263037877310138,0.004345158570984584,500
19,log_rwage_p50,-0.07389772577326603,0.029580663072266648,0.02752933517611586,-0.11779157954350399,-0.011662411921563039,-0.11424082218457864,-0.022465582389876827,-0.0972126581014369,-0.04068137064378934,500
19,age_mean,0.003752951205677967,0.00208345499335532,0.0019043360128094043,0.00020417559072731425,0.007553823129828976,0.0007550102579328964,0.006850312684033897,0.0018749566580383735,0.005636441722991568,500
19,female_share,-0.09687149992584028,0.04814927182710451,0.04931252206696702,-0.19331452741125105,0.0027198280812390408,-0.17858044016989627,-0.014961550271437477,-0.14392381448115918,-0.047441300733093265,500
19,married_share,-0.04633068314530206,0.058821152778700175,0.0553448759252204,-0.1616626904324703,0.05568719340783182,-0.14176128522959405,0.0438495275653821,-0.102327735776653,0.012892508326728997,500
19,hours_mean,-0.0010541502577871003,0.0019767684263194483,0.0019326169974620557,-0.005176763329819072,0.0026807572143754243,-0.004465957773678744,0.0018386588053065115,-0.0029584189357817025,0.0006737625518816354,500
19,unemp_rate,-0.3761482725980484,0.06389034374592562,0.06229655524085685,-0.48576191459341334,-0.2439970891104592,-0.46910706736710545,-0.265780594582823,-0.42966260310152415,-0.29715461584145164,500
20,intercept,-4.815778519094449e-9,0.0022757694201038484,0.001990809168500455,-0.0037942478778189965,0.003982881904259559,-0.003162581851956833,0.003374435362654367,-0.0017731263278085742,0.0020963618942938444,500
20,shock_x_ind1,-0.00663983339752118,0.007928561207995961,0.007703628966571106,-0.021772676311028222,0.008021274433276337,-0.01931887163018512,0.0051205303011549195,-0.014323748740754991,0.001074363238461871,500
20,shock_x_ind2,-0.009812111867966178,0.012716795511304663,0.012788457320017307,-0.0381931578104769,0.015070477629907028,-0.030628042782793526,0.00983507444291776,-0.02302863303669393,0.001453573056703763,500
20,shock_x_ind3,0.009761693672926702,0.0057042083385229975,0.005568478460955936,-0.001338002292591659,0.019433036536985887,0.00021253559680646647,0.018152497629691733,0.003277158879659764,0.014864193785650305,500
20,shock_x_ind4,-0.005727850557968253,0.006097001862243209,0.005893414447033221,-0.01797874303900436,0.0050703636789448505,-0.015928100591845816,0.0034089244783630504,-0.01147788577481057,2.9458318940023058e-5,500
20,shock_x_ind5,0.0022772622315233295,0.004292202231790767,0.004583380711246244,-0.006227713573229741,0.011694203900077384,-0.0053294221130410074,0.010298210961591878,-0.0019332316865623604,0.007229613693410251,500
20,shock_x_ind6,0.0005100630296556346,0.004391959121037359,0.0047725319448130455,-0.008515970125816105,0.00994539006104649,-0.006968486668958156,0.008069107518159648,-0.003881006980023913,0.005285433558067925,500
20,shock_x_ind7,-0.0006652279956602385,0.006242900274042628,0.006386448854062631,-0.012529195641161743,0.011727967480354137,-0.011168263587181133,0.009285684404523608,-0.007053840235627131,0.005643375182908334,500
20,shock_x_ind8,-0.0057027856192208,0.004141731556325878,0.004300404481327391,-0.01432682365873465,0.0023944502855204773,-0.012959926889700142,0.0013999331546521267,-0.010116031817548481,-0.0016207780568572162,500
20,shock_x_ind9,-0.0044813751213028,0.0046195750194636285,0.004809204784713429,-0.013981832353535697,0.004317827925119077,-0.01240831531618677,0.0031537325519407026,-0.009140805816632363,0.0003929887571579579,500
20,shock_x_ind10,-0.015984348304222587,0.005707381647816203,0.005966912672510761,-0.02753255913103244,-0.003746094187981804,-0.025715556206080566,-0.005515268797403138,-0.02176395183803787,-0.010234067441065945,500
20,shock_x_ind11,0.011992498457907926,0.006256447979663828,0.0062630441295318815,-0.000910142292116365,0.02297115919179164,0.0011432775511339677,0.02176132061469953,0.005551935885142656,0.01773277869250016,500
20,shock_x_ind12,-0.004310296241569245,0.003926502139342648,0.0039019431231995527,-0.011100471694930962,0.0034267607650034855,-0.010325639020006971,0.0024414590088591473,-0.007856547091775077,-0.0002864277466171809,500
20,shock_x_ind13,-0.00693838718638353,0.004883776210340829,0.004899128288309711,-0.016354159987206286,0.0024339797563349224,-0.014950971097367306,0.001129364916179514,-0.012006909528066271,-0.0022960154452589844,500
20,shock_lag1,-0.0014227464759879263,0.002661587376773131,0.0028690464042789767,-0.006987823047153864,0.003941795504520768,-0.00627565159826032,0.0028543573608860707,-0.004586453851013254,0.0011675613898149777,500
20,shock_lag2,-0.0004704290104911814,0.002826583090773783,0.0028264973254720945,-0.0060119312923394425,0.005184028172303816,-0.005124295764684722,0.00410091604385007,-0.003226001812381059,0.002272578313114895,500
20,shock_lag3,-0.004618674471154618,0.002471404944712639,0.002382087718232979,-0.009754004805109226,-0.0004727242850313867,-0.008796245106597206,-0.0010788408836407408,-0.007257088243045873,-0.0024825987958303776,500
20,shock_lag4,0.0016508319728295703,0.0024675246347839806,0.0026148434934258656,-0.0036153636701154856,0.006254308324787915,-0.0029915427222333827,0.0055115806874147045,-0.0012490775411305916,0.004068524031914427,500
20,shock_lag5,-0.0027456774077303484,0.002400943756694389,0.0024334534885380905,-0.007576842709562343,0.0019093062998013191,-0.007089939452678472,0.0012188180740975265,-0.005199279197059986,-0.0004057563320557431,500
20,shock_lag6,-0.0024442270027331416,0.0023063204094676258,0.0024539412777675944,-0.0073126909594703245,0.001983887900659396,-0.00669526512873207,0.0013258480894592084,-0.005012819436115384,-7.680274928511133e-5,500
20,shock_lag7,-0.0029717318568175666,0.002567636573576403,0.0026865434998275327,-0.008173479200203834,0.0019634207649384394,-0.007665293500673755,0.0014280169624222739,-0.005880696950814674,-0.0004140596947808797,500
20,shock_lag8,-0.0021330506186680452,0.002547828117108803,0.0024656147410066164,-0.006820920327580686,0.00253065135505223,-0.006253282533296112,0.001965674817590049,-0.0047994839081870804,0.00018794977706045317,500
20,shock_lag9,-0.0017813570013399758,0.002625751641934472,0.0026185257819978194,-0.006759324976571467,0.003287879673131914,-0.0063884610184037904,0.002438542098321163,-0.004612470995267609,0.0006457302169468085,500
20,shock_lag10,-0.001878685634272271,0.0022128893558386823,0.0023587418378399542,-0.006752594009226746,0.0023615445837579675,-0.006133954767604688,0.0018195126363552507,-0.004470433160815016,0.00021034665463309516,500
20,shock_lag11,-0.002924332465741726,0.0030737294976866955,0.0028430496015969175,-0.007873631635456124,0.003063953311816421,-0.007290996774445782,0.0022464423073333406,-0.005575310305013659,4.684780732436924e-5,500
20,shock_lag12,-0.001720585564958757,0.002418271469843605,0.0024310793502799397,-0.006314383647594193,0.002731295035807288,-0.005866708253538073,0.0018221127906352809,-0.004560849225051351,0.0003714495497424608,500
20,log_oil_lag1,0.003834492206956732,0.005490077667921914,0.00543472848554369,-0.005169892378767458,0.015809222948536365,-0.003914547790090871,0.014011472644858379,-0.0009292345827701596,0.009839034933673583,500
20,ffr_lag1,0.0019637640119976835,0.0016117919609310624,0.001437048145357262,-0.0005236604181848753,0.004948080945709039,-0.00019124201019781243,0.004399738335692093,0.000634665234403563,0.00351438055417672,500
20,log_rwage_p50,-0.07696978821458955,0.029826099679750803,0.027723094239150668,-0.12188859205271657,-0.01808647050319207,-0.11465704952821563,-0.02292547146013317,-0.09966539103198067,-0.0443397213166891,500
20,age_mean,0.0023364969623759922,0.002196179338958173,0.0021902101776252623,-0.001797692850042402,0.006653624420209071,-0.001247566456505627,0.005854237788085882,0.0002472396513755135,0.004563671369806184,500
20,female_share,-0.15139831638930348,0.052911506696069824,0.05197683680312992,-0.25272276498632507,-0.042704518672871304,-0.2346467172312262,-0.06351445139091369,-0.20064869837212784,-0.09403083959314001,500
20,married_share,-0.024994176058289505,0.05027117649434533,0.04725934935855697,-0.1194620316600073,0.06837782103850576,-0.10257064651605877,0.05508889571129062,-0.07298400248679947,0.025162391712119703,500
20,hours_mean,0.0013253515470169972,0.0019672647473428237,0.0020800172350304174,-0.0025518498177754664,0.005748100788779379,-0.0017901052364969819,0.004948419042243655,-0.0006029836392091934,0.0033675277607666614,500
20,unemp_rate,-0.39403294331604655,0.06037351660435571,0.061475683469659835,-0.49718094090533316,-0.2555768656271002,-0.48087935889188427,-0.28492056952992867,-0.4432273669427546,-0.3212275562505427,500
21,intercept,-1.2014876442293663e-8,0.002308775837999956,0.0020687506257655785,-0.003689870417591882,0.00412631897361077,-0.003090125877863041,0.003582130813472143,-0.001952806774815117,0.0021999302862798346,500
21,shock_x_ind1,-0.016648597331363597,0.00890605226217648,0.008641851022097137,-0.032281099209019094,0.0012488291555747249,-0.02924806908300193,-0.0008567271453341135,-0.02478040214019428,-0.007117819976489031,500
21,shock_x_ind2,-0.015290219556740888,0.014321912776856276,0.013795736084873528,-0.041516912205501216,0.01324124112841248,-0.03845405395092593,0.007671442360727188,-0.030347077837911962,-0.0029540123391477205,500
21,shock_x_ind3,-0.0010916035300914573,0.0051074806543026825,0.0054063559312085945,-0.011652691964536091,0.009700565220007264,-0.009366886158643159,0.007513442105279023,-0.006364801827524672,0.004507157273187809,500
21,shock_x_ind4,-0.0062771088419172425,0.005389195650012473,0.005402879516876995,-0.016780330273253666,0.004039188620808456,-0.014684800191593116,0.0023855840992583035,-0.011115916665666456,-0.000842159915189263,500
21,shock_x_ind5,-0.001381281735486443,0.00491530807380946,0.00487304705578422,-0.01130722511081329,0.00847235231210709,-0.009784677472116438,0.006113829151717388,-0.006021408583906134,0.0029694984258226377,500
21,shock_x_ind6,-0.0026113146403374554,0.004484234343307042,0.004573950508145138,-0.011207843019967611,0.006462874947123281,-0.009901891221470695,0.004842504092985565,-0.007053915511244508,0.0021932568935933787,500
21,shock_x_ind7,0.00454291982509707,0.006445758076042272,0.006400914094271447,-0.00731454375317999,0.01713938813395556,-0.005473384099487752,0.0152006865181337,-0.0017996865790823003,0.011753134839124102,500
21,shock_x_ind8,-0.006961308112066215,0.005172511912120796,0.005743818513415726,-0.019272377088037466,0.003317478301384201,-0.016931673958802948,0.002376862357255268,-0.013154638279138972,-0.00208747140558236,500
21,shock_x_ind9,-0.0009746918165528065,0.005130814632103501,0.004997458253506019,-0.010707653224031024,0.008211243354689892,-0.009556303223985709,0.0065243628834750125,-0.006195183793946389,0.0037581635585260684,500
21,shock_x_ind10,-0.013980114781445736,0.006512077720956408,0.00650090635024109,-0.026208604348298675,-0.0015788723240512444,-0.024929205928261377,-0.0043585206174037005,-0.021123644906688117,-0.008422303991756901,500
21,shock_x_ind11,0.01248817036676099,0.006382726291641078,0.006200365980047442,0.0009105798462341209,0.02368367233927757,0.002632983776603375,0.022400606179263174,0.006094865318916336,0.01891631898378731,500
21,shock_x_ind12,0.0001747485680181214,0.0038426264230558864,0.003920172650528599,-0.0067223250481648605,0.008026447903409091,-0.00571733502234064,0.0068642846866066665,-0.0035528333829274988,0.004155942072604145,500
21,shock_x_ind13,-0.001634883039423305,0.004991058989070943,0.0050111061465984656,-0.012515555876336798,0.007356749082316146,-0.010067502001121297,0.006188732998515701,-0.00647468345627205,0.0030311134397851616,500
21,shock_lag1,-0.00048252765291331137,0.002460426332833238,0.0024950487885612637,-0.005363763195295602,0.004711069807143904,-0.00450644126423179,0.0039714018107386406,-0.0028218948376009306,0.0018957918569430547,500
21,shock_lag2,-0.0033121758506900537,0.0026072744645061832,0.0025345768709235696,-0.00832805317633517,0.001655951387145666,-0.007245964813723504,0.0011753026975570007,-0.005824434044805819,-0.0005945060681786378,500
21,shock_lag3,-0.0002786381820290055,0.0024489121586397733,0.0026750879063454506,-0.005435888111481406,0.004823292900465039,-0.004752921584896741,0.0040122422236400935,-0.002907067131771921,0.0025134872576548875,500
21,shock_lag4,-0.001383243190307246,0.002125075617075142,0.0023195483309697783,-0.005986946630678821,0.003079641303877717,-0.0052070770953476,0.002411357674185842,-0.003749316235840692,0.0008078046695889015,500
21,shock_lag5,-0.0030209946878314844,0.00241325863690232,0.002295800582401743,-0.007442996959947629,0.0015224115596653256,-0.0067006633253517845,0.0009591961164779076,-0.004997695858103592,-0.000574039409497738,500
21,shock_lag6,-0.0015715001500861202,0.0020984482872456437,0.0023954632855328287,-0.006100329964460041,0.003009912947603717,-0.0053708373459638485,0.0025141368632783877,-0.0039048626680692764,0.0009757572042613362,500
21,shock_lag7,-0.0009443819834299196,0.0025833548041633357,0.002538092010581031,-0.006350024840047741,0.0036934454536677176,-0.005524924076863106,0.002889664201525843,-0.0035649590021997668,0.0012492384693594523,500
21,shock_lag8,-0.0024223596834341368,0.0024084571234497688,0.0025539049411867926,-0.00756038947755608,0.002250724958843489,-0.006666868991462454,0.0017312061323381312,-0.0049959661936922195,6.756416342066352e-5,500
21,shock_lag9,-0.004423980239722088,0.0023787683408614596,0.0023498961810680444,-0.009218770091202642,-8.008569219813979e-5,-0.008458547137632246,-0.0007545523858779385,-0.006933000297128717,-0.0020985658605650456,500
21,shock_lag10,-0.0015104477770408568,0.0024585046719171476,0.0023140560468271607,-0.005713305756147336,0.003681211174891939,-0.00498505003827161,0.0025201208486703656,-0.003802224152749082,0.0007955010878203917,500
21,shock_lag11,0.0002905734816105653,0.002194571007910577,0.0022421204562023947,-0.0037877232819969672,0.0049125007355227766,-0.003352595607064423,0.004042284219994251,-0.002011990295063209,0.0025757888366922306,500
21,shock_lag12,-0.0023943881353093305,0.0022447015226527553,0.002309271919884762,-0.006720458574918231,0.0023729010075126565,-0.006071142375768172,0.0015044798764414662,-0.004684939637444949,-0.00017449749687459108,500
21,log_oil_lag1,0.002528804951116065,0.005451438936977819,0.00488744896540002,-0.006021105293903281,0.012349053412583605,-0.004909585547074694,0.010854475058738792,-0.0022851184235565046,0.00757407727404942,500
21,ffr_lag1,0.0022656845347280878,0.0015687966018050562,0.0014184010497276932,-0.00017112007298159866,0.005443402974163577,0.000166358740596703,0.004887588486101974,0.0009834206758690964,0.0038027404359765333,500
21,log_rwage_p50,-0.09160514413023389,0.03143201213045433,0.028364334695535783,-0.13837671454849987,-0.029997801246389462,-0.13121698690951242,-0.04118282808370382,-0.11727204851455411,-0.060141932622019875,500
21,age_mean,0.003159080598739341,0.001997129700694857,0.0019612434960497743,-0.0006440593374884137,0.0070472771020554156,0.00010249960820581816,0.006321444820580837,0.0012658754011574869,0.005124167323107685,500
21,female_share,-0.220608016722515,0.05689533235653362,0.05650459418750615,-0.3306944163204011,-0.10171069040083287,-0.31172253226703217,-0.11931239266634645,-0.274016510457468,-0.16149166178867058,500
21,married_share,-0.043775748822969675,0.06808269394148761,0.06174315435388983,-0.16986858002549318,0.07603069267631075,-0.14544168248517197,0.05123823475273368,-0.10366075961167524,0.016578026046291463,500
21,hours_mean,-0.001515767841640606,0.002051855099782465,0.002044869401767206,-0.005398636896987832,0.0021836757867997915,-0.00488850108974281,0.0016387667686541638,-0.003802239315901076,0.00035619103836578766,500
21,unemp_rate,-0.4111268409070671,0.06563674872782814,0.06229124361948336,-0.5107123292276079,-0.2564553699057877,-0.49465668843855776,-0.2924228700208516,-0.45831735616417923,-0.3393087856245638,500
22,intercept,-6.805341659272486e-9,0.002425884209539203,0.002188271220477385,-0.0037955342302214644,0.004541362503935489,-0.0031603409013039687,0.004118956541540556,-0.0017917065547233728,0.0026690649351499255,500
22,shock_x_ind1,-0.015873305075418655,0.008662035986620282,0.00908200948405339,-0.033030986739869206,0.002972786173702705,-0.029674784010938177,-0.0009172791814276931,-0.025108932332536558,-0.006964822593873007,500
22,shock_x_ind2,-0.0032938828561463154,0.013483645987166133,0.013110349528434437,-0.02969742916566105,0.022366298460046483,-0.023697188605012347,0.019754627541485884,-0.015203468955880605,0.010750568544537728,500
22,shock_x_ind3,0.002271652354791843,0.00559558491986638,0.0058399373063604786,-0.008913281506624673,0.014455661981920543,-0.0072537218998183165,0.012322623372887927,-0.003409308260962166,0.008183760084303462,500
22,shock_x_ind4,0.0010742692468221362,0.00530527451574062,0.005381431491872532,-0.00914471954527932,0.012563485959063491,-0.007081851572547024,0.01017856326371586,-0.003984310712598531,0.006522486916025541,500
22,shock_x_ind5,0.0014660080130471313,0.005817816095558897,0.005578991052264434,-0.008583758270573753,0.013277064469398536,-0.006925690264851702,0.011223092293927678,-0.003879014421225303,0.007434218673533926,500
22,shock_x_ind6,0.001389891762648929,0.004538406906034496,0.004938710829501537,-0.007764358005642468,0.01204889394076247,-0.0061459249315122125,0.009418695499785442,-0.0032816467523243166,0.0066480994388442745,500
22,shock_x_ind7,-0.0008489812349403696,0.007245436480527437,0.0072538949249564165,-0.013999128502341064,0.013837377913515386,-0.011037140471312882,0.012253900858583248,-0.007180211705884265,0.007048996278467528,500
22,shock_x_ind8,-0.009933074394006485,0.004749714390452166,0.0046367460269087606,-0.018148759892149473,-0.00038863115168589276,-0.017176452382259844,-0.0018881704475958644,-0.014742188489621524,-0.00533671690978969,500
22,shock_x_ind9,-0.0034499456757332175,0.0055720461530822055,0.005524622961859263,-0.013976823988819474,0.007638992490988955,-0.01216184647144571,0.006086491815511973,-0.008945802740445772,0.0020811107260762514,500
22,shock_x_ind10,-0.01273624082464747,0.0064949387308154,0.006628759289052553,-0.02678987479703858,-0.0006706090632222249,-0.023787269205212576,-0.002361543413536346,-0.01933727134963975,-0.006219325269309734,500
22,shock_x_ind11,0.0060302282477465875,0.00622765464777684,0.0070346591557962105,-0.00855378215629727,0.01986800353543883,-0.005530841899997698,0.017272667449974938,-0.0009447591300520983,0.012268759305755356,500
22,shock_x_ind12,-0.0007985135893516112,0.003614217571254452,0.003640049720102352,-0.0072547435281725,0.007035785793908852,-0.006312456104740751,0.005455146981776952,-0.004222461136966733,0.0025757962750721816,500
22,shock_x_ind13,-0.0062008513491612904,0.004130667154081721,0.004104894153048654,-0.014710015591689492,0.001350302767466401,-0.013512688961380644,0.0003471361227981406,-0.01023509520733736,-0.002275712576609691,500
22,shock_lag1,-0.0037187728660969498,0.0027702359391281787,0.0027576890324946374,-0.008641379190259015,0.0021257166970397633,-0.008144835978845057,0.0012420178487257138,-0.0061454221451487144,-0.0009538261939325532,500
22,shock_lag2,0.0007544236248312966,0.0028914549350159548,0.0028785142224895016,-0.004978999717550961,0.0066970130306953975,-0.004020981489883203,0.005680604247901493,-0.001637656706959835,0.003716258186051284,500
22,shock_lag3,-0.0039949949158850145,0.0022499516802262564,0.0025565794310956455,-0.00897351758815057,0.0012116987718760503,-0.00812846904478056,0.0005034018791414806,-0.006374793201391086,-0.0012872717441062918,500
22,shock_lag4,-0.0021891531153746184,0.002459171691917086,0.0025786090000843574,-0.0069504686215347885,0.003124524230855058,-0.006018690170917564,0.002268871000747977,-0.004476401356476425,0.0006353601348192033,500
22,shock_lag5,-0.002883820028918148,0.0022254799663285816,0.0024179678922100377,-0.007551736477940552,0.0018888773075046422,-0.006614428099178403,0.0011603795723416144,-0.0051812413296290945,-0.0004700648172429964,500
22,shock_lag6,-8.243032570701833e-5,0.0024091448140279308,0.0024955678630588177,-0.004641411921802311,0.004616454689415961,-0.004055026073402871,0.0039027642126424366,-0.00274492813670643,0.002378886196804994,500
22,shock_lag7,-0.001718364691116528,0.0029292238243906754,0.0030889803743979027,-0.00783045177935808,0.0038286197239017486,-0.006853232734622722,0.0031520239317338987,-0.005094583458617052,0.0011115118687419806,500
22,shock_lag8,-0.0056004418813827865,0.0025940728438047906,0.002641709368112577,-0.01088838687278075,-0.0006383130925736612,-0.00978237769376676,-0.0013084286098919776,-0.008070249657348734,-0.003229958212213882,500
22,shock_lag9,-0.004671931064067264,0.002774426737728338,0.002760102951765203,-0.009990231476179438,0.0007182600908955817,-0.009003024261195567,0.00017161152112591483,-0.007255783482844723,-0.0018171462072718724,500
22,shock_lag10,0.001164805812420346,0.0025086882991787254,0.0025689394120558123,-0.0037091922227400612,0.005938220174857874,-0.003068591823697564,0.005024793434465856,-0.001504981908933307,0.003833814780989214,500
22,shock_lag11,-0.0009189404323417707,0.002822691741577326,0.0029002814617483715,-0.0061840872570593005,0.0055661257148747305,-0.0052368361037115115,0.004584924237960434,-0.0034081529128607065,0.0022261310380378417,500
22,shock_lag12,-0.0033893808586174705,0.0024060215172657866,0.00267836448974067,-0.008646256584011915,0.001688061876428889,-0.0077256629140140705,0.000990338358349331,-0.00582581418555035,-0.00041166532100314407,500
22,log_oil_lag1,0.004903233282040331,0.0055969387708041975,0.00510915141910591,-0.004172060102974903,0.01619501277234887,-0.0026778715473271633,0.014397939324511007,0.0003821935653950043,0.010161770189457566,500
22,ffr_lag1,0.0019401280402434658,0.0016012449552240545,0.0013771495535992442,-0.0004483172649223029,0.004926015872981511,-0.0001704982863607446,0.004539555416751025,0.0007477868641608982,0.0034340011987206804,500
22,log_rwage_p50,-0.08334317768874673,0.030426459389208377,0.026809828374999765,-0.12410064011854229,-0.019040935740996946,-0.11787834858083332,-0.029137346705443986,-0.10385699748569836,-0.05113185924324239,500
22,age_mean,0.002330983393036003,0.0021486029620044083,0.0019640159583747276,-0.0018305411583586758,0.005914827614892024,-0.0009439494415901923,0.005419598944119563,0.00030441786652091185,0.0042046040603175424,500
22,female_share,-0.10451374576879234,0.062040382560868565,0.05772549606695118,-0.20234786339503796,0.014994825808374397,-0.19211058125179237,-0.011684414375266444,-0.156700183942364,-0.042682368611147666,500
22,married_share,0.0007153206065466681,0.06160658517292424,0.058010936311367736,-0.11816952135866188,0.11667576500631524,-0.10200781230148856,0.09517272893809314,-0.060451248407620416,0.0566130570294139,500
22,hours_mean,-0.0003257998723640239,0.0021346704322424514,0.0020275255008733515,-0.0040674372289134925,0.0034198619111293575,-0.003520414148708269,0.002887311251639325,-0.002359905860166826,0.0017463748296384252,500
22,unemp_rate,-0.39119097966787414,0.07038705509124821,0.0676987286077741,-0.5153886901711955,-0.2442674681511442,-0.4960187350351336,-0.2677970389955966,-0.44236833612947124,-0.3099824393094055,500
23,intercept,-1.3029589910668423e-8,0.002419433995592274,0.0021704934343122336,-0.003492430948322696,0.004769968472392606,-0.0030066332106320685,0.004079990497728641,-0.0018013979056794526,0.002623475512725126,500
23,shock_x_ind1,-0.022730687212218714,0.00753564474401702,0.007662826992899369,-0.037472663775100376,-0.007282205701398627,-0.03485219525854147,-0.010640975053350047,-0.030146192073241443,-0.015874094591331555,500
23,shock_x_ind2,-0.007923942398879898,0.012804984757827698,0.012809070250595831,-0.033230375954284304,0.016961893150506877,-0.028880470204217655,0.013281970319407033,-0.019515511181544917,0.0055696529479975845,500
23,shock_x_ind3,-0.003073708024462365,0.004855087109921599,0.005296565498321979,-0.012854549982491383,0.00739326510359275,-0.01161698929155996,0.005832714590526347,-0.008448960619490568,0.0020194026491951933,500
23,shock_x_ind4,-0.0036119871226225854,0.006365194074468507,0.006267669340750059,-0.015662444324965837,0.009761332774882647,-0.013595518800041402,0.007462496818319669,-0.009203471426543154,0.00237566310871122,500
23,shock_x_ind5,-0.0015474194032447707,0.005546471871701517,0.005265415094454145,-0.01081592550718695,0.009168192002105044,-0.009664351831449591,0.007748718501473302,-0.0064542374727594555,0.003971294896284211,500
23,shock_x_ind6,-0.0025542812346080073,0.0043493979146399485,0.004407705934471975,-0.011428658118711485,0.0051348669185969885,-0.009728101672499405,0.004443265214860948,-0.006945676200777359,0.001897701778405057,500
23,shock_x_ind7,-0.00987826296324031,0.00732647783179749,0.00733417956268953,-0.02279307396161344,0.004708350788374532,-0.02114306973843521,0.002641359648278898,-0.017109057008108466,-0.0017202393207254394,500
23,shock_x_ind8,-0.008335640487513684,0.0050112286415665746,0.004844601179961722,-0.018520522183076274,0.00036742087368775455,-0.017039374198772623,-0.00104070659338806,-0.013727737403389787,-0.004013080579660177,500
23,shock_x_ind9,-0.01012246456849326,0.004075310689804459,0.004257465478492208,-0.01851422456930457,-0.0021604659852107427,-0.01742929582954334,-0.0032653777210309132,-0.014480954404601246,-0.006324293548836016,500
23,shock_x_ind10,-0.0036862409344761366,0.006111371064952181,0.0060416650147300955,-0.015813006402260733,0.00853625832630341,-0.014373119806339457,0.00567076144406733,-0.009877255830375022,0.0020429792192602453,500
23,shock_x_ind11,0.002849682183612217,0.006182426923932121,0.005805573361674472,-0.008747968523176079,0.01319459653449768,-0.007282392079423728,0.011322986004412294,-0.0038445401920058388,0.00797137628141256,500
23,shock_x_ind12,0.0013663135162120916,0.0032109937442406588,0.003446362479548003,-0.0054733738052681405,0.008140491654575576,-0.004427262089131003,0.007069904268155025,-0.0019535112954828368,0.00460869922794674,500
23,shock_x_ind13,-0.007065012315791036,0.005301934239994744,0.0055456150268245645,-0.017942204027881423,0.004460477138754641,-0.016189295243337176,0.003147807228513179,-0.012472868085235888,-0.0018490476799434316,500
23,shock_lag1,0.0009731105267572178,0.0025995243397140657,0.002859221194731513,-0.004269533231887359,0.007073557363498495,-0.0034380974541936473,0.005910772363960147,-0.0017381261688569451,0.0037661981821521984,500
23,shock_lag2,-0.0020470827299051866,0.0023108639050197642,0.0023717658176713695,-0.006271589905068473,0.0027303394152611033,-0.005887098675411956,0.00183066577954256,-0.004451888709909965,0.0001802609490395421,500
23,shock_lag3,-0.003924580050306755,0.0020960755751765693,0.0022553417099333015,-0.008093784932924586,0.0003874473172504888,-0.007667839537492603,-0.00028963419520155147,-0.006182365066047816,-0.001720667806990803,500
23,shock_lag4,-0.0013214766907809355,0.002197530692678617,0.0024124243045221395,-0.006267657930122743,0.0035239441625410086,-0.0050966819183969935,0.002728013265476217,-0.0036393317593620606,0.0011229713950426327,500
23,shock_lag5,-0.0005530235449009904,0.002365069893757904,0.0023692071383335403,-0.004855861060305172,0.0044095404415073775,-0.004194495779438531,0.0035945341345601884,-0.0026881252595874886,0.0018945657337198249,500
23,shock_lag6,2.130958869680967e-5,0.0024344322689170846,0.0027425294252669758,-0.005569200257492974,0.00518786048912096,-0.004414960264182603,0.004379844043915821,-0.002773960675107725,0.0027218826007630904,500
23,shock_lag7,-0.004244318488854802,0.002657739267351961,0.002717331771156417,-0.009844064318515795,0.0009545312231569623,-0.008680958637687954,0.0001372932640042406,-0.006926022688516039,-0.0014888100392972934,500
23,shock_lag8,-0.005270115055904439,0.002353748650632717,0.0024042959907029384,-0.009676011906039957,-0.00046135134151809986,-0.009288173346978335,-0.0012022461845425767,-0.007616654358525662,-0.0027946380576994514,500
23,shock_lag9,-0.0014848429467580737,0.002651284437983334,0.0027071743217139278,-0.007683672561922777,0.0036609980277630795,-0.005755462148599048,0.0029563382106962055,-0.004092044099268662,0.0011498723489261117,500
23,shock_lag10,0.00047301471155654595,0.0023964367853310997,0.002553741764936422,-0.0050936968067106245,0.005264630691005119,-0.004046214458425106,0.004451096203738281,-0.001905324132182002,0.003037018361776385,500
23,shock_lag11,-0.0012977183947118815,0.002394251087334446,0.0024279584522761393,-0.005748504746695174,0.003909086184023515,-0.004907259438182065,0.0031149390119469453,-0.0035123840063658136,0.0013004089706663145,500
23,shock_lag12,-0.005978459766161121,0.00244225454382877,0.0027739777925559145,-0.011565362042757956,-0.0003561298236879807,-0.010570353751965567,-0.0015776620621484284,-0.008524974194691939,-0.0032886902197335325,500
23,log_oil_lag1,0.0014541167317134983,0.005551051559462027,0.005286321949858296,-0.007522796630444107,0.012328711653886826,-0.006109658855839206,0.01103918533503391,-0.003268530767886513,0.007574153949829971,500
23,ffr_lag1,0.0025492832935276838,0.0015625373292941684,0.0014076233244492329,0.0003819171418314631,0.0056521030819664635,0.0006604941367069342,0.005213562946626604,0.0013410242594153639,0.004233446471817166,500
23,log_rwage_p50,-0.0991008758675688,0.02934650285969422,0.026470156571559753,-0.14215353837002198,-0.04120331018113071,-0.1365019849338839,-0.049639973645040095,-0.1205874564862342,-0.06576975528901942,500
23,age_mean,0.0054641501643856545,0.0019109794946829245,0.0019133779877909467,0.001552576101910608,0.009176641075070904,0.0023424217112084918,0.008555236338546508,0.0035120795430706444,0.0073859576892809295,500
23,female_share,-0.08769565692997063,0.060373883710699176,0.06248739660561643,-0.21163157464945898,0.03747332089756016,-0.19108194674130105,0.015618377895461907,-0.1456313429250282,-0.028341217976934435,500
23,married_share,-0.033114716694248786,0.05874157273869187,0.05675235563115585,-0.1528107497731703,0.06917452253163187,-0.13667182285858,0.04824494802486181,-0.09158394601707837,0.020647702138695653,500
23,hours_mean,0.0003907886369475955,0.0021499796297467055,0.0020448174181640433,-0.003401667632158305,0.004727514176137719,-0.0027974120849043015,0.00412608365996408,-0.0014866899407251371,0.0023252061096869516,500
23,unemp_rate,-0.4018396383286885,0.06829035464793418,0.06425428071308179,-0.5158870826514945,-0.27045157033913847,-0.501420755861842,-0.28804968757251953,-0.45646609880303196,-0.32897888319679797,500
24,intercept,-1.2636134938717234e-8,0.002491547145100006,0.0021712906291276287,-0.0037371031025787626,0.004553149872343196,-0.003049814147427277,0.004049126514991985,-0.001818081594974492,0.002479065992158199,500
24,shock_x_ind1,-0.013644058940081184,0.008051247916821524,0.008217953219642263,-0.02895332173804932,0.0018623494650991715,-0.026884512414398352,-0.0003849418940231529,-0.022060373523063285,-0.005676809018625396,500
24,shock_x_ind2,-0.015353015109645684,0.013536791505180376,0.013488600439125429,-0.039134998187085324,0.012068657290359278,-0.034991654966126204,0.006689942368147299,-0.027983716729222927,-0.0017194445497300016,500
24,shock_x_ind3,0.005149790243025273,0.004769400209649562,0.005218994084050654,-0.005099290871600657,0.015229064048868039,-0.003551234111976776,0.013555608965037942,-0.0003905804342151765,0.01004997832394261,500
24,shock_x_ind4,0.0008247210561198797,0.005511415018454375,0.005778969566357092,-0.010567225982564838,0.01337193097541749,-0.008503455309606457,0.010599160400777336,-0.004688375561021578,0.006291002851981637,500
24,shock_x_ind5,-0.004034073729312373,0.00501470778254138,0.0052271671351111215,-0.014535978995742358,0.005594415483225957,-0.012752642013586073,0.003981662037379647,-0.009518187348163922,0.0009748358608598869,500
24,shock_x_ind6,0.006979519153578399,0.004264864819731834,0.004248678946829051,-0.0011148654369328348,0.01556787705828137,0.0006018938569328654,0.014152896110046845,0.002963288852310355,0.011308781465887315,500
24,shock_x_ind7,4.739329954422715e-5,0.007241490017425118,0.007112184325018972,-0.013465673025598084,0.013849667556733655,-0.011753110152895787,0.01124627676663775,-0.007342628897371322,0.006676294256687702,500
24,shock_x_ind8,-0.0051482629077231135,0.004735994269271252,0.004970318728653709,-0.014081776433906429,0.003691183022452478,-0.012552201472208816,0.0031385753337557225,-0.010117135179860893,-1.3947662241950704e-5,500
24,shock_x_ind9,-0.00015297963482361222,0.003499793422458101,0.003762343933527055,-0.0070873098143662844,0.007251712821929589,-0.005788144637898296,0.006153709831755925,-0.0034802115051290146,0.004181235309173965,500
24,shock_x_ind10,-0.0005265288609795266,0.007005073987086017,0.006849725213669083,-0.012809850760409615,0.014039201026023997,-0.010732794550563963,0.011030281700284018,-0.0068002952892250775,0.006793793227408789,500
24,shock_x_ind11,0.011088886832200075,0.007056130647451999,0.007202426307027341,-0.0033767302180688855,0.02503545409141867,-0.0005063121111074097,0.022217642534645376,0.003657209357887181,0.018005155217759805,500
24,shock_x_ind12,0.002254994382504704,0.0035373805342892193,0.00356973876333741,-0.004042667501496182,0.010213454972678882,-0.0032463584933717427,0.008542679661051985,-0.0013037290692799169,0.00579871183631177,500
24,shock_x_ind13,-0.007911930146621369,0.004359891427380091,0.004457200688564302,-0.015964870903893924,0.0013642139692834994,-0.014621370411355956,-0.00011876854363350688,-0.012239264275148579,-0.0032279107480882125,500
24,shock_lag1,-0.0021254440384345335,0.0024136948605655785,0.002665084751302685,-0.006911431041208381,0.0038110793773504263,-0.006141251836506031,0.0026208457916131723,-0.004537270874332614,0.0005891278172684127,500
24,shock_lag2,-0.0022739198922152887,0.002679468031180604,0.0027880840684422555,-0.007364897176743608,0.0032779646655294965,-0.006462621674247141,0.0028101903862847452,-0.004528281176933204,0.0011019808329871292,500
24,shock_lag3,-0.003412394867668651,0.001966555255366604,0.002195836132530704,-0.008267932354344025,0.00034472982734779574,-0.007544851123986893,-0.0004021090445551109,-0.005778428781248014,-0.0015042957617456738,500
24,shock_lag4,0.0008400471331092077,0.002338003718904204,0.002499219874651688,-0.004081497552116445,0.005713026106564292,-0.0032460473653970244,0.004757861573327856,-0.0015990347651754372,0.0033009504837594296,500
24,shock_lag5,-0.0007196307630967558,0.0023184343703620976,0.0025159808234818354,-0.005264297902193982,0.0044943499987312036,-0.004256517843325051,0.003699344262708302,-0.003007491213152411,0.001979881038882889,500
24,shock_lag6,-0.0027773967561513986,0.002395344358079459,0.0024928918980457143,-0.007300215523574474,0.0021316443338487076,-0.006496841055881356,0.0014584901199129513,-0.0051015948354151686,-9.019101140755377e-5,500
24,shock_lag7,-0.003749073041243758,0.0026410178290945233,0.0027729839028018057,-0.008579483669836775,0.0021083745968069924,-0.00777038747361985,0.0011142468315679186,-0.006070026607388852,-0.000577104591879941,500
24,shock_lag8,-0.0022306419366593913,0.0026055077180793373,0.0025617843953170435,-0.0073823502308808155,0.0021667984375492114,-0.006647411097804523,0.0014054959525573185,-0.005117722066115333,0.00014033770767924136,500
24,shock_lag9,-0.0021645139377379505,0.0027726481811324814,0.0029034098258526268,-0.0074985919084687574,0.0034982009490930567,-0.006868619611275296,0.0025724320250222242,-0.004841918456789656,0.0008901854226507509,500
24,shock_lag10,-1.7840002317404856e-5,0.002459266100292718,0.0027541473458261067,-0.006168591522774398,0.004914924866216124,-0.005239680023112331,0.004072042449082311,-0.0029426381872971366,0.002475802989382788,500
24,shock_lag11,-0.004137799788272575,0.00282793981203033,0.002866695918878461,-0.009404284946811746,0.0021954656654709073,-0.008558470048204637,0.0011806245260662517,-0.006460857572016321,-0.0010910740476984015,500
24,shock_lag12,-0.0025987927110711724,0.002474030619445044,0.0026997570598091274,-0.00829364329067413,0.0022141771696506203,-0.007475053575749604,0.001396355699755291,-0.005548799214591961,-0.0002787866699401934,500
24,log_oil_lag1,0.0014483219134337284,0.0055507285694482425,0.005428333222602994,-0.008249238389593207,0.013122652437126632,-0.006723491665131965,0.01089871105443859,-0.00377905751223372,0.006772068425608296,500
24,ffr_lag1,0.0026067436390748754,0.0015812794988734006,0.001460798547241894,8.9804284169288e-5,0.005635638156959121,0.0004627206008445044,0.005053045194838968,0.0012850314116809828,0.004102229134466783,500
24,log_rwage_p50,-0.09579571002125448,0.03218686885666813,0.02992843057105272,-0.14357264008215598,-0.03168942271826615,-0.13566587926547818,-0.03918347809160662,-0.12048447587388315,-0.06088051139257232,500
24,age_mean,0.005091533049604423,0.0020237190388176975,0.0020340819792885978,0.0008213057451293261,0.008849461380211188,0.0015520784262442328,0.008393189922293353,0.0029643427562304546,0.007054564309909721,500
24,female_share,-0.09788664201622074,0.06015217482747535,0.05794229235521935,-0.2152686237760297,0.0056918208992426875,-0.1981766351922869,-0.010208876608400759,-0.15421717033117394,-0.0380979392898255,500
24,married_share,-0.05467429244262572,0.061725229492629256,0.06196386421939171,-0.17390862686098824,0.0641181234540262,-0.15456836228412077,0.046654716395764774,-0.11573327170124947,0.0076571392255086225,500
24,hours_mean,0.00021750462884791621,0.00211192484473173,0.0021653748337054977,-0.004105784068424007,0.004247827855573802,-0.0035120482102001106,0.003818021935057396,-0.0018815686464188684,0.0023201709540092317,500
24,unemp_rate,-0.406987120462926,0.07373474765126048,0.06751186928890421,-0.5267951168272207,-0.25997557553032,-0.505407777142736,-0.2833696876293055,-0.4602618077110284,-0.3259039466515369,500
25,intercept,-5.1315367364686954e-9,0.0025213816224390734,0.0021998888379596397,-0.0038507365166556076,0.005096416293021173,-0.002851557449125098,0.004186806441187407,-0.0017213849911087884,0.002658752940600408,500
25,shock_x_ind1,-0.0169796204380196,0.007278253928232805,0.007539152628021544,-0.03136831124467564,-0.0033934135035770634,-0.029340458161665122,-0.0050033684601574185,-0.02419765539053355,-0.009303178091235525,500
25,shock_x_ind2,-0.011224503197007855,0.012215031378831065,0.012225350616287938,-0.03386362495814829,0.011592709950455506,-0.03143695861673473,0.009452414852920588,-0.024166129100588418,0.0017709212250201375,500
25,shock_x_ind3,-0.00747579702152303,0.005384579898934527,0.0058073925795642115,-0.018310801829263767,0.004033859600219396,-0.01691015878588373,0.0016021978104390423,-0.013435210503295431,-0.0015348467031072318,500
25,shock_x_ind4,-0.007477937890776378,0.005935815007987014,0.005335929372843038,-0.017144213965301844,0.0027149927082490985,-0.01628269429236166,0.0008268728601022108,-0.01292282304056668,-0.0020444022851900875,500
25,shock_x_ind5,0.004105489305216951,0.005461941624685669,0.005239080656635135,-0.005614477932264308,0.01431468754388927,-0.003978961235890987,0.01313653374570999,-0.0007620694863670442,0.009159695704450327,500
25,shock_x_ind6,0.004002297638629447,0.004208327480645185,0.004577492233016729,-0.003824611247664969,0.013584927812716873,-0.0029580694023196488,0.011734036557348804,-0.0005751450069735591,0.008537132352105013,500
25,shock_x_ind7,-0.003270428802492015,0.007146135390362109,0.0068964308632232475,-0.01585844858019981,0.010074886059458521,-0.013877694400024421,0.007859776857519485,-0.010422630711897788,0.003528118861059899,500
25,shock_x_ind8,-0.009313111763498931,0.004637766117122114,0.004856168114770422,-0.01928134995458605,-0.00027669364502943097,-0.017555824309164504,-0.0014053261418214634,-0.014431537115285857,-0.005038822288312502,500
25,shock_x_ind9,-4.1363162547574606e-5,0.004521888580456721,0.004847553539015012,-0.00972162831754169,0.008541021917889243,-0.008354399558830942,0.007276208338019367,-0.004811867913509333,0.004598112710748866,500
25,shock_x_ind10,-0.009139727079522481,0.005847072527348559,0.006224657290391403,-0.022260810966078206,0.0023753510497707383,-0.019920925712427626,0.0011158280693990017,-0.01515431435976725,-0.003062568562504385,500
25,shock_x_ind11,-0.002150372470590246,0.006772704845322907,0.0072930932104917036,-0.016624351396346906,0.011387264865575307,-0.014844784232279704,0.009417816512917242,-0.01014860400169123,0.004516653672236417,500
25,shock_x_ind12,0.005090684178398631,0.0030815283076648264,0.0033622948932295793,-0.0009806117683794394,0.012107096543551826,-0.00033145983748840614,0.010781763714862173,0.0017000756968770607,0.00829473639258903,500
25,shock_x_ind13,-0.00847997238205969,0.0045869843903726445,0.004768178394854564,-0.016608219392826463,0.0011844300137643844,-0.01556749412287953,-0.00034131184816369245,-0.012771549200108274,-0.003010793463438803,500
25,shock_lag1,-0.0027993241512141577,0.0025085512886904257,0.002550035934139729,-0.007597446076825229,0.0023246759071137665,-0.006966424778425455,0.0010478530320088735,-0.005296328029772767,-0.0004098271661964985,500
25,shock_lag2,-0.002496098460370897,0.0024293332949253763,0.002509624900592734,-0.0075886846105657855,0.0021342754494499258,-0.006729186772980822,0.0014077498534872236,-0.005024922528038033,-0.00014952860193114152,500
25,shock_lag3,-0.001482244525966498,0.002211971782984971,0.002502107143633118,-0.006927674595810486,0.0029004541952787326,-0.006117834489440371,0.001787709441936504,-0.004436063918887377,0.0004337425992440487,500
25,shock_lag4,1.1381128470918104e-5,0.002438796362068811,0.0027299887238442736,-0.005396335227292305,0.005217688281679126,-0.004651840273340684,0.004206370148007819,-0.002758541591260759,0.0027159826932495264,500
25,shock_lag5,-0.003830570683525666,0.0022921786889909795,0.002334830661462127,-0.008161098641335355,0.001036727479876285,-0.007719125092710084,-7.147518989536235e-5,-0.006308324052711751,-0.0017086082604788042,500
25,shock_lag6,-0.0026853508208471723,0.0025903314468014365,0.0026356717219363493,-0.007297533080376263,0.0027633473974672416,-0.0063497346089096745,0.0018753874574525397,-0.005002834746038602,0.00019678842611772218,500
25,shock_lag7,-0.001394762769005396,0.0028387478917319903,0.002925091939836961,-0.007198739018343331,0.004454497804489649,-0.005980779290414473,0.003536711597175638,-0.0041883278244244345,0.0014490793632829318,500
25,shock_lag8,-0.00313995454214553,0.002600506771333909,0.002710808494795244,-0.008718677284048305,0.0020290782002207342,-0.007918639629283965,0.0010354036055028278,-0.006023964055291347,-0.000590546269775037,500
25,shock_lag9,-0.0030920341310974237,0.002780243821306137,0.002932901586089541,-0.009257415194925078,0.0026048626627205636,-0.008061874491935664,0.0016456292771161033,-0.006166009761727911,-0.0004475567601054861,500
25,shock_lag10,-0.0030251099494613422,0.002484262455588292,0.002669782417042423,-0.008847968251357056,0.0017773613622661106,-0.007845401942726236,0.001052666588610575,-0.00573429837108122,-0.00042996211419315665,500
25,shock_lag11,-0.0008654368273143053,0.0025790174843297905,0.0026712346423315198,-0.006053760269903613,0.004118714943595104,-0.005123846772701752,0.0035066826539789913,-0.00329975861544981,0.0018773980020994284,500
25,shock_lag12,-0.0060578701617367454,0.0027367742109585926,0.0028799942367854514,-0.012667562629498787,-0.0007917736614007627,-0.010938184938107713,-0.0017338865833187948,-0.009011460849503926,-0.003383399924719558,500
25,log_oil_lag1,0.0019329352765622356,0.005717117528957819,0.005522751123321378,-0.007199489883520426,0.013644090174167796,-0.0061993042804288235,0.011766977456580407,-0.0029946430422469394,0.007981648026499004,500
25,ffr_lag1,0.0021992219445610994,0.0015173899527123214,0.0014030311907871104,-4.144160231526347e-5,0.005173025597041413,0.0002362616590508698,0.004852464348604855,0.0010204225260843861,0.0037708193479613246,500
25,log_rwage_p50,-0.11110643605851019,0.03108430370533558,0.030685858807089947,-0.1658461962680033,-0.04671193845174974,-0.15330299480790055,-0.05486819455892111,-0.13824543315217175,-0.07456083600105617,500
25,age_mean,0.004920593467383915,0.0021067215075046396,0.0021922103788132637,0.000463604390308012,0.008764089977603091,0.0010574174914413181,0.008280302157804391,0.0026093036875540487,0.006990793239825969,500
25,female_share,-0.14229858693857783,0.05764055564396303,0.05584664356787853,-0.24355806692483878,-0.029854642523805285,-0.2326675660013721,-0.04997298162560985,-0.1953242965273671,-0.08318625869248239,500
25,married_share,-0.02394562419341118,0.053012247061971086,0.051257159276007803,-0.11404791406770767,0.0813597512343709,-0.10312383386267156,0.06502383703829141,-0.07169951185010773,0.034314064516836225,500
25,hours_mean,0.0012865541883969054,0.002062803191061372,0.002073544273238816,-0.0030023251725371336,0.005520155388309752,-0.00220061714000794,0.0045208028255763685,-0.00070710986042529,0.0032461673453960008,500
25,unemp_rate,-0.4095568443524373,0.06823585011230028,0.06632685222409762,-0.5183454956455928,-0.2602262480736201,-0.5019202632756564,-0.2842533803506232,-0.46022703549488725,-0.33567701273276424,500
26,intercept,-4.535897376476973e-9,0.002588324793431944,0.00226175719437516,-0.0041071699352530355,0.004763897329748606,-0.0035574270586065594,0.004086912545360072,-0.0019551064376181703,0.0024643181712677735,500
26,shock_x_ind1,-0.017090406051203082,0.008326074381621244,0.008855900529309676,-0.03261705241874048,0.0013734009955908362,-0.030755969738021315,-0.002137273196409062,-0.024880583646927266,-0.007200481218085786,500
26,shock_x_ind2,-0.00233769284896253,0.011306733665847593,0.010936800912260564,-0.023027120110509756,0.018919569311059446,-0.021427988734886973,0.015443078680534262,-0.013043594175312074,0.00906229699913855,500
26,shock_x_ind3,-0.007412595094365183,0.004761440113080498,0.004993670165181118,-0.016573930760567148,0.0019101199455058837,-0.015636485298289787,0.0002886350891231404,-0.012658694975709366,-0.0021425856525436916,500
26,shock_x_ind4,-0.0027174580468094242,0.005230005544127905,0.005423562590583269,-0.012918112453002714,0.008017698252859046,-0.011136535055012753,0.005946407419732791,-0.007946589271511284,0.002535235116900654,500
26,shock_x_ind5,-0.001802691019248348,0.004462262306408619,0.0045541311429063884,-0.01039035844367115,0.008113894046945144,-0.008590052970151085,0.006451886484531771,-0.005694931714748378,0.003214374890413506,500
26,shock_x_ind6,-0.0017063283682291386,0.004041918474610605,0.00437428232588549,-0.0107016652012073,0.00683809738533441,-0.008699322422619442,0.005773674743113535,-0.005886057980947707,0.0026556266067092374,500
26,shock_x_ind7,-0.009340385780294096,0.00785280796072045,0.007491465720372528,-0.022420192559431205,0.00653360060384498,-0.020928337923845446,0.0033120442152357954,-0.016835227318871805,-0.0015210869297788607,500
26,shock_x_ind8,-0.007235055506856865,0.00492042793761335,0.0052511672347281615,-0.01815813933316355,0.0022747996113468226,-0.01644744218844065,0.000734734089566973,-0.012768655113942606,-0.0024457859877950296,500
26,shock_x_ind9,0.0014721803759964874,0.004495430030587814,0.0044073510538251166,-0.007212410088320135,0.010005714604105875,-0.005861214544712594,0.008245426516444923,-0.002914742542669895,0.005963026479590318,500
26,shock_x_ind10,-0.01022505216908473,0.006057873031208694,0.006090692764389004,-0.02209054478864912,0.002413293952568411,-0.020781965106078278,1.580493942721257e-5,-0.016013773392217507,-0.0045439628448322306,500
26,shock_x_ind11,-0.0013554509824658517,0.006207776125890988,0.007038613571292302,-0.014939590738303404,0.013377752899041008,-0.012954101842018315,0.010285376537138475,-0.008712927325701423,0.005704032002147722,500
26,shock_x_ind12,0.0023194828475533304,0.003005686160192067,0.0032768207856777786,-0.004473887176742004,0.009011913933272064,-0.00294649025641914,0.008196908012153743,-0.000530076006953521,0.005501036659303086,500
26,shock_x_ind13,-0.010333202343071638,0.004334519970769453,0.004467185723474491,-0.018321061163628714,-0.0014298683765397511,-0.0172130964828873,-0.002490409659715413,-0.01472833774999812,-0.005678795317457085,500
26,shock_lag1,-0.0027660297394288243,0.0022477298377464403,0.0024914653842852616,-0.007202076285313526,0.0022500970031654683,-0.006672840043492255,0.001392605961653966,-0.00538830182493634,-0.0003432192195983315,500
26,shock_lag2,-0.00020271173818482756,0.002592667848323384,0.002536209256788509,-0.004822951161442217,0.005119120025754093,-0.004287302506936593,0.004153528863317281,-0.0026245024468653866,0.0023759374905742304,500
26,shock_lag3,-0.002090672512768799,0.0022502364349407757,0.002353789771556772,-0.00695266547245342,0.0023962552792724436,-0.0059550581017034036,0.001492646051897696,-0.004428775785575639,0.00021003071810203546,500
26,shock_lag4,-0.0027899118799762407,0.002381402994794273,0.002630428800870529,-0.008268734152571563,0.002420708806407417,-0.007159837018648705,0.0015691237825997072,-0.005062948808560739,-0.0001984809981679008,500
26,shock_lag5,-0.003678784232259343,0.002824966278566496,0.002866236561560577,-0.009193440473595826,0.002037406827390284,-0.008431892651580532,0.0010782400998902667,-0.006404776959326532,-0.0007359293669249827,500
26,shock_lag6,9.984677366282977e-6,0.002431715725792134,0.002607333934965123,-0.005166791210952734,0.004626497611216905,-0.004209884591342806,0.004070921497391132,-0.002610999813929937,0.0024836088186827284,500
26,shock_lag7,-0.00213210916510618,0.002883282909313478,0.0031253478901394774,-0.008307402012808787,0.0037960890705134726,-0.007611583973361659,0.002557185338684306,-0.005647593377254106,0.0007828998215200458,500
26,shock_lag8,-0.0037907164695287145,0.002758825167059978,0.002951346271578411,-0.009910509149555935,0.0018332798056591138,-0.009157660201644522,0.0007453895572017221,-0.007095216278933127,-0.0012538104712496848,500
26,shock_lag9,-0.006177083743656484,0.0028200765780371363,0.002985984438939656,-0.012541899269256977,-0.0006038127216200862,-0.011239027934873481,-0.001750842871172443,-0.00921263745141577,-0.003450347422785889,500
26,shock_lag10,0.000171610925415941,0.0026464314095962223,0.0029060403862526557,-0.006293034293500686,0.005313265171025299,-0.004729178679989551,0.004557116323558362,-0.002979496442566084,0.0027296721758311823,500
26,shock_lag11,-0.0041187752490070215,0.002807237466728875,0.0028694309955655597,-0.0092229053663789,0.0016864305238311955,-0.008084753093898719,0.0009666884215681667,-0.006676535393617029,-0.001029574335268076,500
26,shock_lag12,-0.005722928776530567,0.0027344873029975596,0.003065060429746338,-0.012296458900467669,-0.0005964824794767285,-0.011252611384510837,-0.0010910572088615059,-0.009233558282934755,-0.0029598632248086856,500
26,log_oil_lag1,0.0024881015095373324,0.005604893127786358,0.005322991880558901,-0.006484243069190128,0.014267494985603563,-0.004687871649209477,0.012579954244199925,-0.0021496556613862187,0.008455915382544843,500
26,ffr_lag1,0.002017224939541521,0.0015020629077872336,0.0014668528026543961,-0.0003347547915321991,0.005333151278087796,2.3820065929304577e-5,0.004761505764480278,0.0008172223265454115,0.003630387661938998,500
26,log_rwage_p50,-0.10298524329295879,0.034213253501249506,0.030840977344474097,-0.15690674622385445,-0.031277065058487624,-0.14632752567931745,-0.04425892040406843,-0.12532031270897026,-0.06716589825910174,500
26,age_mean,0.00368397350427045,0.0019965483293479156,0.0018636089196823115,6.925248465022034e-5,0.007094587667573838,0.0005384541915469718,0.006521558709372091,0.0016001476656119958,0.005402059751289461,500
26,female_share,-0.14136473162445448,0.05865148938994001,0.05892070880412922,-0.2467586484292738,-0.022203323882733744,-0.23347652564533725,-0.03924476931793913,-0.1935207655839932,-0.08496779770735052,500
26,married_share,-0.05301185440426904,0.05130062685558252,0.04950391681950358,-0.13993451135597884,0.04404075049579871,-0.12462752115702266,0.03596814968141368,-0.09605127069848765,0.004078484123057771,500
26,hours_mean,0.0019642013291973955,0.0023213126711296725,0.0022404664469385864,-0.0024239936222760763,0.0062879196567465385,-0.001926573702363258,0.005717582896134069,-0.00033686487267277273,0.004158817514353414,500
26,unemp_rate,-0.392148515375059,0.06548830413612214,0.06654010536959812,-0.49511325817203145,-0.25142712867929123,-0.4808738419980058,-0.2652290244986347,-0.4396067358721669,-0.30241249204038145,500
27,intercept,-4.97810692613141e-10,0.002661410751408847,0.002326164376315596,-0.004265111367565975,0.005102839970683375,-0.0035682763366171894,0.003943174033884442,-0.001921907909230929,0.002623197766384993,500
27,shock_x_ind1,-0.020032445413460217,0.007837505496554981,0.00816323428999715,-0.035677189554694066,-0.004847564212561558,-0.033986313943697034,-0.006429155722392184,-0.028449453850594282,-0.012308227363490073,500
27,shock_x_ind2,-0.009346092573733865,0.012542548695958868,0.01332998083988576,-0.03673683487234772,0.015406102168850086,-0.03165152838312356,0.009278587911102074,-0.02324013365275427,0.0029661389056450313,500
27,shock_x_ind3,0.00020158588440314604,0.004934106909868755,0.004696551696717035,-0.008191070584647459,0.009354239240390265,-0.007217675617076715,0.00815564630565089,-0.004347262677790725,0.005192019811851986,500
27,shock_x_ind4,-6.801399626397178e-5,0.005292420586578867,0.005067638577497022,-0.01005585981748071,0.009411877411206448,-0.008108292073668658,0.008213558673949135,-0.005163995187815163,0.005486679279310199,500
27,shock_x_ind5,-8.825623140639385e-5,0.004897234011734169,0.004737352676521383,-0.009199348300445203,0.008857228963406757,-0.008187514394098231,0.007534323866364482,-0.004556315638273483,0.00453737354826845,500
27,shock_x_ind6,-0.001895660017348079,0.0044686551884709535,0.004312294343776771,-0.009962380027234126,0.007146917413211572,-0.008513524164061379,0.005721759776671827,-0.005786440230925686,0.0027920461610406455,500
27,shock_x_ind7,-0.0038931077131780633,0.0066022233528483685,0.006810679055511093,-0.0165870167386504,0.010113586806852147,-0.014880717294174705,0.008006452494052149,-0.010680401828839375,0.0028568787650472298,500
27,shock_x_ind8,-0.009600749008000438,0.004675985779451679,0.00499054331440554,-0.019940617219043014,-0.0011893215988860797,-0.01841043184666622,-0.0023514913477425876,-0.015363950200750185,-0.004945448094871137,500
27,shock_x_ind9,-0.005619380230014144,0.005279518087820587,0.005104979921513348,-0.01542839250837686,0.0035609259650248746,-0.01441910433587063,0.002391905610230728,-0.01081648284640678,-0.00046846656492548276,500
27,shock_x_ind10,-0.00855295289995873,0.006258742196396824,0.0062182366981811035,-0.021414974539566853,0.004138351341583408,-0.018880301531502823,0.002320883740229956,-0.013788396951212728,-0.002431495349989797,500
27,shock_x_ind11,0.0012444815360495062,0.0072244826550894375,0.007543028691741906,-0.015541710650518669,0.014411984813097798,-0.012848241956915637,0.012348159611280933,-0.007230571396978677,0.008104058438280241,500
27,shock_x_ind12,0.001542175907326959,0.0035693106641847185,0.003428815143310828,-0.004652338007676581,0.008626330738311474,-0.0035062444910832166,0.007084424051011081,-0.0016581567194052598,0.005055736244363545,500
27,shock_x_ind13,-0.011523963201615186,0.005014136982550431,0.005358827673648269,-0.02130145939802154,-0.000627872363906611,-0.0200396542301052,-0.0024296296602264724,-0.016842860477396623,-0.006213715941782133,500
27,shock_lag1,-0.000396062786834569,0.0024311780856709295,0.0026362157151324046,-0.005644832697748795,0.004950066422673502,-0.004154948491420968,0.0038597858953267295,-0.002925313249813471,0.0023466357114280555,500
27,shock_lag2,-0.0006463745582434412,0.0027624834734555513,0.0027781313504664285,-0.005769821691758048,0.004383717232039903,-0.0051289258212968885,0.003706150015612158,-0.0033912546436823425,0.002393050277738401,500
27,shock_lag3,-0.004909063030494234,0.0020843224426548785,0.0022898819048312404,-0.009815301568101432,-0.0008143225302870275,-0.008816819665157764,-0.0012681977803843082,-0.00725782442806183,-0.0026844612291320323,500
27,shock_lag4,-0.0026592603862097964,0.002759296377677105,0.002822486593523543,-0.00809804684566461,0.0028085754544128145,-0.007217275160525185,0.002157127486035359,-0.005312034988101687,0.0003110748882911503,500
27,shock_lag5,-0.0011123465529001577,0.0022939570788175706,0.002465739942808249,-0.0059621909918658456,0.0035032570461194174,-0.005364435090198328,0.0028867613598600873,-0.0037176581556979493,0.0011696702570297064,500
27,shock_lag6,-0.0008666459568590877,0.002629178648820501,0.002608279994232738,-0.005558811543390498,0.004478875654019644,-0.004709436593237922,0.003623753222813511,-0.003284320471763591,0.001893250060055791,500
27,shock_lag7,-0.0029235753133653656,0.0029753259795983946,0.003215611948180404,-0.009536265112733273,0.0033106099448640455,-0.008821219654809942,0.002218843018048702,-0.006230371880955644,-6.266428311815808e-5,500
27,shock_lag8,-0.0069454851400107525,0.0026957854131677383,0.0030592454959702513,-0.013023231639252588,-0.0010884783551757691,-0.012351849461535808,-0.002073359047067234,-0.009904576697431071,-0.003968390507249293,500
27,shock_lag9,-0.0027102079879979084,0.0029066629367199693,0.0029978523525107962,-0.008813841961494779,0.0028835535806253,-0.008002414302689926,0.002055768452821982,-0.005511246592582657,0.00023496187918114792,500
27,shock_lag10,-0.003407747548997641,0.0027328670721919373,0.003057939187204214,-0.010346376231672677,0.0020329528114313555,-0.008639453619119568,0.0011966932958523413,-0.006444036031490836,-0.0005472844158563389,500
27,shock_lag11,-0.003876754564102326,0.0027410112309074262,0.002903279273333247,-0.009052555246923569,0.0022921658100067068,-0.008111149466196402,0.001315944532137139,-0.006320557600432823,-0.0006070042612924539,500
27,shock_lag12,-0.005251890761535997,0.002799695220388183,0.0028965837686876065,-0.011139559299137118,0.00039542630010380795,-0.009965125999516298,-0.00030119521983069887,-0.00798934172100219,-0.002419391797650331,500
27,log_oil_lag1,0.0027462651992215645,0.0060271522750565505,0.0054998882035831274,-0.007222463525963357,0.01469945515921688,-0.005806928300501278,0.012544550022267661,-0.002214480224261263,0.008202779657588723,500
27,ffr_lag1,0.0018578357368814575,0.001527859451729113,0.0014455844707343376,-0.0006048227684328243,0.005123765221973183,-0.0002588956853444545,0.00439199345486088,0.0005850746964085073,0.00344255475983503,500
27,log_rwage_p50,-0.09026553582052244,0.03447381888395316,0.03177284487691444,-0.1489098232834637,-0.022556254161303028,-0.13765910306918475,-0.03225673758897092,-0.11553798237081953,-0.05397214793901936,500
27,age_mean,0.0033045478410600234,0.0019080190840681996,0.0018359597053353794,-0.0003095094177295191,0.006822066439805846,0.00012241089248296764,0.006216209145977713,0.001399423318878572,0.0048910190176537915,500
27,female_share,-0.04691023242019957,0.056912692150078756,0.05939525701362909,-0.1617586660705708,0.0666266730214659,-0.14036682755524343,0.04333049708428946,-0.10147739163766333,0.012313577309395113,500
27,married_share,-0.06939650102316108,0.05703486530555029,0.053214155378496386,-0.16777364287898638,0.03937090317324833,-0.14814093220882474,0.026795120849506315,-0.11929404206814763,-0.012088166595150447,500
27,hours_mean,0.0035818458489173793,0.0024268670583915716,0.002449455361309625,-0.001739691621774829,0.008219924413585298,-0.0007578590690027085,0.0075449344573956635,0.0012260850980815305,0.005802245856903551,500
27,unemp_rate,-0.37147678840299353,0.07000112126684298,0.07146109670538667,-0.505458153936411,-0.21425704521292577,-0.4736165922345472,-0.23552685735021514,-0.4239313551429029,-0.2865661990270255,500
28,intercept,-7.828316803432986e-9,0.002664045288705992,0.0024037558567985852,-0.004234010607781663,0.005101321535712267,-0.003552700702940988,0.0042260417784287735,-0.0020236589284082463,0.0029695661453046566,500
28,shock_x_ind1,-0.018238603363124044,0.00834669270946528,0.008516711526105654,-0.0340510409772453,-0.0014481898726029171,-0.032174214413977796,-0.004891045457600602,-0.02667129906837093,-0.009530153764847425,500
28,shock_x_ind2,0.007530988279259232,0.012260684049708662,0.01181271487992672,-0.013309256546511699,0.03300590218909247,-0.01028548806849348,0.028676354276195828,-0.0034034844933463937,0.02003392770962005,500
28,shock_x_ind3,-0.0019726158277572976,0.005581122947160664,0.006238941324853408,-0.014190142323558932,0.010031530591982802,-0.01250230615086152,0.00804956265130414,-0.008492105094417444,0.00429365221635656,500
28,shock_x_ind4,-0.0030764644822664704,0.005871547061497935,0.005672706044855374,-0.013948662188470073,0.008008178453132633,-0.01157944790425754,0.006880632706622305,-0.008273981590100102,0.002460479712159365,500
28,shock_x_ind5,0.0009046833417093343,0.0054980296165095055,0.005217885712170104,-0.009154191890246929,0.011803958134752175,-0.007004967712805486,0.00985348894708162,-0.004232696196302577,0.006038702294324134,500
28,shock_x_ind6,-0.002520378050890275,0.0049052624810463,0.004713082026595034,-0.011485291430374672,0.006808297251467427,-0.010012775603850648,0.005523079992202911,-0.00717267253511262,0.002127401077509751,500
28,shock_x_ind7,-0.003371971461274368,0.006320537511788201,0.006966482986650677,-0.016139420783120896,0.011117835958053997,-0.013603738444361092,0.008133576720971928,-0.009887356417551438,0.0034017480883604062,500
28,shock_x_ind8,-0.0011879058222132807,0.005519853719062176,0.0055920655371849955,-0.013036636573034124,0.008889488635681576,-0.01100347517996892,0.007248397355515756,-0.007377094091009044,0.003973646536577644,500
28,shock_x_ind9,-0.00859518935198396,0.0053596509171371515,0.005356858889069342,-0.0196859195532818,0.0007824647221169186,-0.01772040857033988,-0.0002378710097446407,-0.01356446490575937,-0.0027103795271712656,500
28,shock_x_ind10,-0.008972414742305885,0.006690090554647606,0.0066466730178126885,-0.021607850256488644,0.0035085460548642785,-0.0203612075409694,0.0017132240237833793,-0.015462435392574714,-0.0021942801565705177,500
28,shock_x_ind11,0.0045479314055764195,0.0070677638530164694,0.007325845370566782,-0.009168295163676583,0.018421469783877473,-0.007313526963024369,0.01662273604977617,-0.0030956043359452318,0.011603068350646723,500
28,shock_x_ind12,0.0053586572810354815,0.0034671740077543657,0.003377421518860382,-0.001092458415049781,0.01211478012171745,0.00021843254861604898,0.011119224682318449,0.0021769044136941786,0.008731849017826126,500
28,shock_x_ind13,-0.008578066614819515,0.004852373768748764,0.005415425820011794,-0.01826265530062222,0.002171517567798404,-0.01677821480497083,0.0005913825319052689,-0.013921575461962855,-0.0026818920207015433,500
28,shock_lag1,-0.0006675599226864604,0.002498898849459799,0.00264731846591346,-0.006191290886107724,0.004005566481526501,-0.005204404390923901,0.0034399416529791687,-0.0035654428095298917,0.0018422238788347951,500
28,shock_lag2,-0.003232058468970286,0.0026710389041891824,0.0025780192700833003,-0.00833961183243127,0.001805924895033929,-0.007416396527701928,0.0011717462328162444,-0.005514432463989575,-0.00041020371024360367,500
28,shock_lag3,-0.0044022991807704205,0.00238624322728725,0.002507017622510211,-0.009601661440058806,-6.754291251031217e-5,-0.008626582282931762,-0.0004610723642568605,-0.006933403775437571,-0.0018651112741324004,500
28,shock_lag4,0.00033147386266277475,0.002354335726804583,0.0026310206216907045,-0.004520625803873874,0.005505882870593673,-0.003838881150241372,0.0047112743375731245,-0.002239448704389446,0.0027802928605054336,500
28,shock_lag5,-0.001543300370294765,0.0027241918614485596,0.002891596992219087,-0.0070611538800837625,0.0038586478866476153,-0.006337816898588842,0.0032769049560996974,-0.004475325713423383,0.0015130047919240774,500
28,shock_lag6,-0.0013042514910021955,0.0026377107022782288,0.002951884253731023,-0.007982458487883506,0.0034112072245618204,-0.006598600965666877,0.002845971135961884,-0.0046487142187037955,0.001341669684292442,500
28,shock_lag7,-0.005633932315718117,0.0028811233491187623,0.0031587183755417666,-0.012247431620025687,-0.0001559327275371945,-0.011141149425092185,-0.0008772939505245168,-0.008916188965555674,-0.0027655166721647618,500
28,shock_lag8,-0.0031152645158118897,0.002719200867159504,0.0027887788190416717,-0.009053637624472397,0.0019396445594842004,-0.00784687728058963,0.0010828652924210716,-0.006234110365083723,-0.0006475320471037984,500
28,shock_lag9,-0.0061438425803406835,0.003060920892193923,0.0030789689138115356,-0.01262168425518981,-0.0004830957863341254,-0.011217975240306502,-0.0012311231601749531,-0.009430520652044617,-0.0033065845173338515,500
28,shock_lag10,-0.002855333618448597,0.0028654902375306415,0.0028983923124123643,-0.009054045357663602,0.0028122181807394833,-0.007473267078526942,0.001617794434532916,-0.005719603318409488,-0.00010132008890863177,500
28,shock_lag11,-0.0028286545810926505,0.0026119378057127053,0.0027693346292311976,-0.007839668327773667,0.0029999000670937782,-0.007198783168064845,0.0019529029137504642,-0.005268845911765812,0.00018750110789470366,500
28,shock_lag12,-0.004818540057540177,0.0024817231137189135,0.0026872113944277406,-0.010445185404498753,-9.243299720866133e-5,-0.009332029308814542,-0.0006961959147487472,-0.007382489051044925,-0.0020885845456597107,500
28,log_oil_lag1,-3.902834675679342e-5,0.0056831474863254785,0.005287908523817712,-0.009774168211667399,0.011700052786126312,-0.008063955842360832,0.008912732025682713,-0.004966010405212606,0.005466866818227655,500
28,ffr_lag1,0.0020905386998288137,0.0015649055080691554,0.0013969467753865454,-0.0004326870386032463,0.005307135523640967,-7.018005426927443e-5,0.004620856073352038,0.0008110088024912839,0.00348762598627141,500
28,log_rwage_p50,-0.12234142058749607,0.03911925922695915,0.034361271403468646,-0.18185506057809064,-0.05594078209734267,-0.17425891141072591,-0.06569001873492614,-0.15408726161216585,-0.08357047360324735,500
28,age_mean,0.005565446897018994,0.0020543555808621716,0.0020159353725750263,0.00201110643533234,0.009704881878750043,0.002366163893491734,0.00899754486552037,0.0035421888537570884,0.007314575707394029,500
28,female_share,-0.12194190704654671,0.06575184967008435,0.06299674742821593,-0.24294440272892626,0.009108162363993647,-0.22425019290204523,-0.015929070790304724,-0.1792001606780311,-0.05871310006433136,500
28,married_share,-0.05907423836722636,0.04779539432004877,0.05122838800454929,-0.14937923796177893,0.05177108776780679,-0.13934151270841758,0.032739902606454235,-0.10406418631823153,-0.003498459202572129,500
28,hours_mean,0.0010629420149694147,0.002286476473589033,0.0021596602938283183,-0.002995005295450808,0.0054137429796705105,-0.0022494771092538626,0.0045729697146827935,-0.0010047812468239447,0.0032502705989631057,500
28,unemp_rate,-0.38967847340832623,0.07339801564294103,0.07508778839010992,-0.528800549208011,-0.23422419419769225,-0.5000499245629756,-0.2560403227150322,-0.44145748643493654,-0.29590329140720156,500
29,intercept,3.389243752248421e-10,0.0027064187831403203,0.0022900170463341423,-0.00439485524576202,0.005016194986822818,-0.0033861566116196447,0.003976600573277045,-0.0017259589544415179,0.002561928522726583,500
29,shock_x_ind1,-0.009343245432697633,0.008633986503759482,0.008771476104400001,-0.025857568695405737,0.009121348993550037,-0.023352709057838216,0.005645150977306573,-0.017284809632653875,-0.00038866121356275293,500
29,shock_x_ind2,-0.006783524908921185,0.014329957514214385,0.014860886619501879,-0.03675595538080838,0.02038113031310428,-0.03176649056860996,0.01654496628244522,-0.022252522890529407,0.006863603114987652,500
29,shock_x_ind3,-0.0019056211958840396,0.005202418346595401,0.005448487496508411,-0.011625364656804027,0.009082482731117732,-0.010466028826022968,0.006934957454169883,-0.0071048477648998215,0.0039384381056938,500
29,shock_x_ind4,-0.0070177400073119164,0.004940589284886872,0.005055382934355144,-0.01632537446787279,0.00397836831980595,-0.015193751907027049,0.0015410155112239594,-0.011811583461058123,-0.002150855338432763,500
29,shock_x_ind5,-0.0032008396186156544,0.004350393243243018,0.0044080296446475705,-0.01114634396235692,0.005733322582152188,-0.010338010346993658,0.004527839398798175,-0.007369777524026032,0.0010543246926187635,500
29,shock_x_ind6,0.0009778893819230561,0.0038252195306322967,0.004166946314037796,-0.007175311077614523,0.00906651723098745,-0.006010657967330571,0.008047781979720128,-0.003102035933681907,0.005463704534580007,500
29,shock_x_ind7,0.007877916965177898,0.006980891593097669,0.007196163021890359,-0.005904601461181689,0.021678934688998522,-0.003977671465685965,0.01933288581347004,0.0006125398293555402,0.01533474521582558,500
29,shock_x_ind8,-0.010426667031852892,0.005606704513991702,0.005871354924610574,-0.021728111734211117,0.0012384623188309053,-0.020667880105034803,-0.000944014552501593,-0.016704713970613332,-0.004952026840262611,500
29,shock_x_ind9,-0.002477056611860568,0.005115248997745796,0.00510690300470285,-0.012594338870562459,0.008281530576233771,-0.011280858318629192,0.006384440870467577,-0.007020869844150203,0.0025032992832235185,500
29,shock_x_ind10,-0.012527616760092593,0.0063389688766005495,0.006316016558491366,-0.02449461591934764,0.00023874513013626088,-0.02320702886370694,-0.001817845182151665,-0.018359388733362236,-0.006636363202966359,500
29,shock_x_ind11,-0.003781508235139513,0.007341514714618609,0.007634736028251625,-0.01979892152166247,0.010477566624197205,-0.01766533165806707,0.009019196319384333,-0.011367201231127874,0.003339438356298267,500
29,shock_x_ind12,0.0026922491798116155,0.003723170981220319,0.004015485820345415,-0.0041875228342605295,0.010874123413109773,-0.003439347452354037,0.009582389854319596,-0.0009808758306171475,0.007075784550124414,500
29,shock_x_ind13,-0.00018457601871343468,0.004569778597170345,0.004618858507793397,-0.009540728701693013,0.008737324982936315,-0.007818167667360947,0.0073450656488652346,-0.004740175453389004,0.004516348057705215,500
29,shock_lag1,-0.0037278591819828815,0.002555727035964381,0.002598722697872974,-0.008627770004472405,0.0014581974856429734,-0.008090255791940226,0.0004389250367885874,-0.006361722760438377,-0.0012258117248489238,500
29,shock_lag2,-0.003406610205265193,0.002933913420239045,0.0029322701532368814,-0.009117137180187994,0.0018894881325865584,-0.008346322624644896,0.0013599619043755194,-0.00610116331443737,-0.0002777354649020362,500
29,shock_lag3,-0.001985850887734273,0.002309076518491531,0.0025733318204931607,-0.007816788929977619,0.002234018374891675,-0.0067431492305248105,0.0016119710131823409,-0.004906368256743068,0.0001379931783799553,500
29,shock_lag4,-0.0007516772292608714,0.0027023902805704634,0.002904783815035243,-0.006786274998375379,0.004755393829683889,-0.005594664207184239,0.003849148560363458,-0.0036412903263152783,0.0021869115285797136,500
29,shock_lag5,-0.0023329873664520552,0.0025881751528447445,0.0027942412771937834,-0.008295663705158388,0.002649692669302184,-0.007194248667028867,0.001906189201653256,-0.005430153105210842,0.0002888100206020992,500
29,shock_lag6,-0.004635203209110756,0.0029849657182636673,0.0029435731112264366,-0.010412243816638394,0.0008644729504143456,-0.009475389101262647,9.273094204988077e-6,-0.007647127207112765,-0.0017505148991475003,500
29,shock_lag7,-0.002379740247685243,0.003143554762027488,0.0033814656335540644,-0.009299996533003882,0.004136532386801069,-0.008539786675059979,0.002715055494488537,-0.0059067471319249375,0.0003944055109025958,500
29,shock_lag8,-0.006590455688933017,0.003064596174935578,0.003169272698872749,-0.013493256340676073,-0.0010802069747834911,-0.012412965813745964,-0.0021727290122285393,-0.010161483133104148,-0.003676043213982438,500
29,shock_lag9,-0.005736746635640969,0.003289286918067235,0.003179158146691027,-0.011914038068801045,0.0004430142325735383,-0.010973167784210659,-0.0007486619417598809,-0.009352808079337352,-0.00279259578931356,500
29,shock_lag10,-0.0023898481728958482,0.002813073267737727,0.002711740094149386,-0.008337963509834196,0.0024877809979725026,-0.00689951480042557,0.0016114317977796529,-0.0052592528742189055,0.00013833995598346277,500
29,shock_lag11,-0.0029829639345650425,0.0025414564601564226,0.0028275863987256024,-0.008298246107627038,0.0022630648304530774,-0.007564857347054493,0.0014442133253428084,-0.005863054279370963,-0.00010871385040415176,500
29,shock_lag12,-0.004657928645229764,0.002647716222379363,0.0028850867788997358,-0.010881636859167513,0.000664108831314776,-0.010087078058609507,-0.0005198085637617967,-0.00730659110676385,-0.0020175537282680752,500
29,log_oil_lag1,0.001063032687502998,0.0058542315603749145,0.005733411619771543,-0.008135543029479886,0.013854155475424953,-0.0067907734690422486,0.011722921011126012,-0.0037947269871141907,0.007770726803875593,500
29,ffr_lag1,0.0013337921933508424,0.001626554649369403,0.0014616552236093325,-0.0013588369210036618,0.00433680278937325,-0.000932426910017673,0.003810212581287771,5.211914890816332e-5,0.0029795273790636477,500
29,log_rwage_p50,-0.126740066577344,0.03764743010647513,0.033174749305565555,-0.1769348186327263,-0.051819312807914915,-0.17122833231446388,-0.05870330607781739,-0.1530238179355288,-0.08537932433121884,500
29,age_mean,0.004265644625803124,0.002076272822994715,0.0020414743282250996,-0.0001471605289323473,0.007815919439176257,0.00038506706834171163,0.00695269235079048,0.0017851325354147909,0.005794741115671227,500
29,female_share,-0.12694882972051563,0.059428638722135746,0.06011325462538785,-0.25345045049593795,-0.009792682351987578,-0.23120486915502642,-0.029546541394997888,-0.18700773167505325,-0.06700588370972058,500
29,married_share,-0.0353720781744256,0.045667385081241275,0.04993044677925415,-0.1244841164191081,0.0681110960677605,-0.1133305905560807,0.055086537988150074,-0.08245013783145728,0.018012654015918783,500
29,hours_mean,0.0034051632796164378,0.0025191983925769725,0.0025623992501740576,-0.0015331163651090616,0.00837669281317624,-0.000872922807463167,0.0074524033181339756,0.0006767635446718744,0.005950863701194924,500
29,unemp_rate,-0.390010555094379,0.0767404167856041,0.07470434678730266,-0.5187279053266605,-0.22836602984491586,-0.5036640575461008,-0.2515191889706799,-0.4477267081457707,-0.2956166541520717,500
30,intercept,-1.0463177069779055e-8,0.002713742683396203,0.002489792771971733,-0.004564096224019241,0.004959420026507461,-0.00401332319826006,0.004415499836556669,-0.0021214372925015984,0.0027239003020429284,500
30,shock_x_ind1,-0.014921600851303028,0.008830946546047888,0.009250798689527483,-0.031473219361525515,0.0043721076245716115,-0.02926093398015583,0.001156776753789227,-0.023655864391877966,-0.00524554505347574,500
30,shock_x_ind2,-0.022966457658039847,0.014347880134810576,0.015334171508225133,-0.04899332733587207,0.012854782390568639,-0.04477829857711054,0.0034607627447380868,-0.03813647430835426,-0.007840022852272973,500
30,shock_x_ind3,-0.0033150976918093354,0.005319645066643656,0.005422984999433615,-0.01415064477416126,0.00801456851313279,-0.01252377955791957,0.005779076654594952,-0.008604394901027221,0.0018617467807551,500
30,shock_x_ind4,-0.0035347877083083436,0.006424760051042269,0.006650763621613044,-0.0166233959214902,0.008609625924427808,-0.014532325931603595,0.006795856023340666,-0.010352070144491769,0.0029262215998890648,500
30,shock_x_ind5,0.003040802496595684,0.004697296482469877,0.004851332522424201,-0.005638220756537894,0.012403282062370692,-0.004420345835146905,0.011137556482353502,-0.0017172367691462968,0.00784106125271356,500
30,shock_x_ind6,-0.004579994012038476,0.003992370996832717,0.004440778438089671,-0.013170602219777464,0.0047716692547645975,-0.011506632042653241,0.0036614080282173582,-0.008593862992380208,3.083460665768337e-5,500
30,shock_x_ind7,-0.006177043003170379,0.0062363643627537085,0.006698092736854538,-0.019457179508222858,0.0064941916936465775,-0.0174283473062121,0.004485606627748194,-0.012816969695589063,0.0005415516645834813,500
30,shock_x_ind8,-0.0050589719687822625,0.00534920786868573,0.005940140906863465,-0.016346614006405108,0.006226346075255332,-0.014975601126941124,0.004129007630782206,-0.011009512529785178,0.0007776408121507601,500
30,shock_x_ind9,-0.005737389399351773,0.004559389382032757,0.004711996893201612,-0.0158041631296223,0.0028017361981696794,-0.014369051867984609,0.0018377710872405242,-0.009842590851957295,-0.0008670775022067208,500
30,shock_x_ind10,-0.010766987419085336,0.006555468502033209,0.006342429930246247,-0.0227726426230207,0.0015638327918333543,-0.021336459005590787,-0.0004737956730182829,-0.01735425577655333,-0.004505538806995735,500
30,shock_x_ind11,-0.0009956487044805408,0.006855579791788242,0.007168349837611742,-0.014891847502234724,0.012314102361936356,-0.01299935876008835,0.011200550703519965,-0.00774930430269008,0.006257658321927949,500
30,shock_x_ind12,-0.000623101718165223,0.0033228214807342784,0.00342386016985598,-0.006949904858374794,0.0064499916497280825,-0.0055592271503092025,0.005145255968851909,-0.003641610012998977,0.003080731294289105,500
30,shock_x_ind13,-0.006891428111486536,0.004786334351388386,0.0047556226646125405,-0.01579926585259251,0.002577006460883055,-0.014701380984032843,0.0004021314707673486,-0.011337216694644301,-0.0017522134760577773,500
30,shock_lag1,-0.0038621074022624,0.0028737140258134155,0.003058241753547271,-0.010004545748220593,0.0020257313435641288,-0.008689770005771615,0.0012667139083223403,-0.006562055716112761,-0.0006996195934040754,500
30,shock_lag2,-0.000911388747914578,0.002589373475559776,0.0027525242435221557,-0.006355262312705656,0.00415412033328468,-0.005463958069460566,0.0034077674415847205,-0.0036349856152049563,0.0018437653362652026,500
30,shock_lag3,-0.002817059513123314,0.0023423463224658803,0.002612626328011766,-0.008192704337864704,0.001990927733169947,-0.007351545501188479,0.001416342552978692,-0.005391851222979413,-0.0003813303256872817,500
30,shock_lag4,-0.0016330300429810577,0.0027257463290617403,0.0029776113253573927,-0.007896971298049185,0.004261576737250344,-0.006948629030462674,0.0029843483508338125,-0.0045086548507744075,0.0011819606792177195,500
30,shock_lag5,-0.005490619635391733,0.0027875754318197666,0.0026192952458706357,-0.01061262744447217,-0.00045021847646676134,-0.009521004548836125,-0.0014022837418576509,-0.008131640153502056,-0.003006297928032745,500
30,shock_lag6,-0.0006233690927971327,0.0028188191119916826,0.0028722957407317355,-0.0067312644743887685,0.00469924316034231,-0.005297475523670819,0.0040069071834826775,-0.0030690991957129012,0.002198476706227977,500
30,shock_lag7,-0.0062767831486515695,0.003213666233006915,0.003304794485174394,-0.013343918020967968,0.00041008255505025883,-0.011744646859254531,-0.0007026212524644708,-0.009040145000797023,-0.002853396055459979,500
30,shock_lag8,-0.006404483673009143,0.003108475763159691,0.003041375486429288,-0.012046600503882851,-0.0007132061350577651,-0.011447419674706973,-0.0013185058830133137,-0.00936500547914635,-0.003769686987465414,500
30,shock_lag9,-0.005272316027221761,0.0029641233350243745,0.0030531572155944047,-0.0112758872678843,0.0005376883028443568,-0.010359539132614318,-0.00015352012566538671,-0.008479513068744256,-0.0023039433319078013,500
30,shock_lag10,-0.0020884716268916104,0.0025859084926239404,0.00269795078517592,-0.00809502331712567,0.002488393322674953,-0.007087320265369814,0.001754579983156918,-0.0049521620274673855,0.0003396887606410169,500
30,shock_lag11,-0.002562809687491444,0.002687473362912352,0.002771698468469853,-0.0078124940079781265,0.002892893730005873,-0.00673168127126066,0.002370422787149098,-0.005106036936876937,0.000351273853470242,500
30,shock_lag12,-0.007977113947554786,0.0024966728064758008,0.002856254236630375,-0.013728436119928945,-0.0026063976236220844,-0.012776990045572093,-0.0032371003260830136,-0.010926208269431357,-0.005226365819979823,500
30,log_oil_lag1,0.0008124205010001423,0.0061647828123186825,0.005630366489957883,-0.008617135454462046,0.012896117136853603,-0.007435492471065995,0.01081389915175945,-0.004032755086092857,0.006823054173565475,500
30,ffr_lag1,0.0013404713590940115,0.0016734938203087323,0.0015227302719217554,-0.0014753142807023747,0.00456908121846637,-0.001052323537911303,0.0038851934300321127,1.2425784493583984e-5,0.002905061119879442,500
30,log_rwage_p50,-0.11968410444672155,0.03552408927628577,0.03413359226624096,-0.1748623256870796,-0.03985921141636454,-0.16894871981244022,-0.05636736289415614,-0.14573336934199607,-0.08045367670131842,500
30,age_mean,0.003673300691982531,0.0020838904688161713,0.0020578765177644014,-0.0008984564319912348,0.007396299958939568,9.903822234628527e-5,0.006502742840660212,0.001307155773907849,0.005393132258543548,500
30,female_share,-0.12443064144806742,0.056805692368852474,0.059546104973840885,-0.24026262670812992,0.0006978530981469872,-0.22366416299704256,-0.02348616771887572,-0.18091364771934043,-0.06536217152519715,500
30,married_share,-0.07959050558080244,0.0486487011567955,0.04928730604023798,-0.16233604415841452,0.025305892789463325,-0.1490399176212284,0.012299964975476665,-0.12261566793899886,-0.021048858939995026,500
30,hours_mean,0.0007930036227555386,0.002425523291389925,0.0021833994562855228,-0.0034215330693439386,0.005000899254502679,-0.002704926077426029,0.004058683900861577,-0.001519939359047063,0.0027741019194473648,500
30,unemp_rate,-0.3945214008899658,0.07689070837064983,0.07561095443387794,-0.5221531370420976,-0.2351369310865749,-0.5026930584450828,-0.2501288141398184,-0.44856138829245323,-0.2930974728948184,500
31,intercept,-2.0768907065921566e-8,0.002751048498345451,0.002262094112527111,-0.0036995340565684964,0.004849452380888873,-0.0031608823426528157,0.004145814819874173,-0.0016638919624397308,0.002645217496831875,500
31,shock_x_ind1,-0.03127945262989306,0.008525526309760861,0.008400887669008114,-0.0473548903800837,-0.014598022138317759,-0.0444923098940152,-0.01736353664496915,-0.039050554047240386,-0.022374806637434137,500
31,shock_x_ind2,-0.005718973628978148,0.013615374256322437,0.013441533435908749,-0.031480322865957644,0.021240881006325884,-0.02943890112141822,0.015238798544614185,-0.01982927665040664,0.006712047786403974,500
31,shock_x_ind3,-0.005519161428685985,0.005470308802528322,0.00599407043350376,-0.016523270664341963,0.007087786299349782,-0.01399498183083347,0.004799468400110532,-0.011168813573363426,0.0011196679284471902,500
31,shock_x_ind4,-0.006254671817144168,0.00555411775751559,0.00569153226752485,-0.01751030360919978,0.005680404172955416,-0.015324682854792727,0.002887739728570804,-0.01155188604357989,-0.0004285190394585492,500
31,shock_x_ind5,-0.00030439337277217296,0.004500459075946396,0.004306316419592988,-0.0081611390171915,0.008518785120519427,-0.007219546139419693,0.006906220423848516,-0.004304487807874904,0.003867767971537804,500
31,shock_x_ind6,0.0005418085631426146,0.004697801386081022,0.005000053611599101,-0.008972063541491663,0.01029720853844756,-0.00779419628144919,0.008530920135055754,-0.004543500954996081,0.005265526105409163,500
31,shock_x_ind7,-0.00840734094250209,0.00646006971435621,0.006682217137280805,-0.020952547853557685,0.0066137764600973405,-0.01914071556885961,0.0035207458321230914,-0.014519536192733877,-0.0019069229950505638,500
31,shock_x_ind8,-0.007366991036876734,0.005120199371110413,0.00554629428907176,-0.01833081747991933,0.0033546841798950833,-0.01647693540574724,0.001882083464174571,-0.012173473184879286,-0.001424323463255144,500
31,shock_x_ind9,-0.0068331388787289124,0.004339894141666599,0.004585222666828706,-0.015722231795430898,0.0017906251550682032,-0.0144404650449479,0.0010227444266563076,-0.011185577582745434,-0.002245564012094406,500
31,shock_x_ind10,-0.010606123655074134,0.006845442381833621,0.006919251476022342,-0.024017170973428575,0.002423224710881053,-0.021346023623082723,0.0011856076761082362,-0.017467133650341936,-0.0031684406802640923,500
31,shock_x_ind11,0.0075712836117872405,0.006853603384702119,0.007247415981991544,-0.006445947402743705,0.021123187801695104,-0.004570106425432061,0.01966364412883609,0.00018635279793767184,0.014685148612166347,500
31,shock_x_ind12,0.00016587370969804125,0.0032546582377860392,0.003497073312377324,-0.005469894602171333,0.008417544863539381,-0.004836973950929517,0.006863592865539437,-0.0027654578721944606,0.0038287425131484725,500
31,shock_x_ind13,-0.012677083776263537,0.005225419989485904,0.005032734866648999,-0.02179307167676861,-0.0026614249011014867,-0.02047013365689364,-0.004559639157559558,-0.01763760150815656,-0.007572468916708713,500
31,shock_lag1,-0.0008965005297669219,0.0025804468453428076,0.0028237465555805124,-0.006632948263058524,0.00462855918763691,-0.0054525726200519405,0.00349233650594366,-0.0035739272444790305,0.0017088356898803262,500
31,shock_lag2,-0.0011759551672756879,0.0029781978418211732,0.0031789417229390665,-0.008511596942711263,0.004452025060539017,-0.006293525785309765,0.003848766780229612,-0.004427021110023243,0.0018602883268092555,500
31,shock_lag3,-0.003642000788491268,0.002556147531578181,0.0027944934376429357,-0.010115706670470594,0.0009563816797448418,-0.009036224881671657,-7.046997165121906e-5,-0.006757688775018538,-0.0013477068382530136,500
31,shock_lag4,-0.004143801335031277,0.002949403791114459,0.0030141666200711836,-0.01123329042843458,0.0008205802686483831,-0.009545910794471122,3.400085746365019e-5,-0.007394793725340426,-0.001658201017725598,500
31,shock_lag5,-0.0010879234291307396,0.0026501164466976165,0.002820538926526557,-0.007243996829836227,0.004078990632760253,-0.006041941163797237,0.0033828143457988566,-0.0041859054040545695,0.0013981876171886775,500
31,shock_lag6,-0.004497896639555102,0.00314196415278109,0.0034240342794018036,-0.011181569584433285,0.0020915228974336822,-0.010280229162290941,0.0010675799094523955,-0.00805455109063324,-0.0012842523021753785,500
31,shock_lag7,-0.005659646594138178,0.003420443551528643,0.00356804516146751,-0.012804446868196737,0.0005475493946876916,-0.01178529571409876,-0.00016957462428580206,-0.009673679753954958,-0.002472904308796364,500
31,shock_lag8,-0.005505819767983311,0.0029292528405612927,0.003086668402138501,-0.012115380943812846,0.0005494507124762348,-0.010635070110869373,-0.000639553125838004,-0.008711338914471898,-0.0028296874070603507,500
31,shock_lag9,-0.004517172760645204,0.002845922748451793,0.0031241717460326578,-0.010754772432018143,0.0009103279512345978,-0.010040186105811394,0.0002004605566369188,-0.0077088925855388025,-0.0014304244175407923,500
31,shock_lag10,-0.0016329867885194976,0.0027278960452825907,0.0030437492177565408,-0.007998539094681036,0.00388906947423403,-0.00693389030992936,0.002977399329839398,-0.004633065333570041,0.0012332147573611016,500
31,shock_lag11,-0.005543042326552791,0.0030195741123128957,0.002998968083083282,-0.010687761696431748,0.000573024921577698,-0.009943288691699364,-0.00042834460768261245,-0.008434768245893546,-0.0022911547761510337,500
31,shock_lag12,-0.00455700801709127,0.0027651635162728103,0.0027718403180579517,-0.009752440908490694,0.0018551325884240556,-0.008560766833238607,0.0005011353209803215,-0.006758160199807591,-0.0015346788996515735,500
31,log_oil_lag1,-0.0010549167017937261,0.006507932830852262,0.00599916165359664,-0.011756655132971307,0.011519885128922696,-0.009980487373647222,0.00957784846977215,-0.006516040300799947,0.005921157913892045,500
31,ffr_lag1,0.0015361038070150286,0.0016318441230608839,0.0014631820350499457,-0.000998080095199885,0.00447525875218,-0.0004907412716954534,0.003878794714487376,0.00031507579049243567,0.003137013002882389,500
31,log_rwage_p50,-0.10301473165390253,0.036648049331616056,0.03342654839540902,-0.1678326791532467,-0.023666083236027313,-0.15458610979789522,-0.04483064292723993,-0.12863749233831864,-0.06559815245944253,500
31,age_mean,0.004323010654784445,0.001972150183481225,0.0018331394271508977,0.0005640687034670068,0.007710797951883396,0.0011202690140747803,0.007154675218896016,0.0023433367206723305,0.006092538066808121,500
31,female_share,-0.11928865261485683,0.06018650024677665,0.060936080708493996,-0.23457366889739462,0.005219698857371084,-0.2145751588014524,-0.015104544114509998,-0.17780840221449498,-0.05875020548353556,500
31,married_share,-0.09674499445266403,0.05225622712009039,0.05085456918162839,-0.19473669521550296,0.00127329674803434,-0.17814966682099792,-0.014850477492229733,-0.1461135336891598,-0.04715015322485035,500
31,hours_mean,-0.0009993922839042135,0.0023650825476181857,0.002385024304872736,-0.005809874024155435,0.0036039430056733768,-0.0047419408822092085,0.0026396497265862265,-0.003420682222937322,0.0012471551502090065,500
31,unemp_rate,-0.426012911124016,0.07351442501179185,0.07251386168629892,-0.5466099810923692,-0.2622413980453513,-0.5205212591468626,-0.28469832999531,-0.4751127125170871,-0.3319574394816024,500
32,intercept,-1.3374189236554356e-8,0.002793277998986773,0.0023005680023800833,-0.004067889325759935,0.004960832469289482,-0.003596123540784653,0.004154716078749086,-0.0020137080489506095,0.002481141151705995,500
32,shock_x_ind1,-0.013356904124567028,0.009272446403311875,0.009681631082957883,-0.0315878813547199,0.007181486964562758,-0.028760303445839904,0.0031144840304872315,-0.022463362084950155,-0.0034711331278249997,500
32,shock_x_ind2,-0.009023180200801997,0.014109335819688774,0.013737929300753687,-0.03714337759483308,0.015272941431516782,-0.031599235592692836,0.012653311655578625,-0.02377445388414605,0.004321734407997679,500
32,shock_x_ind3,0.0012946711361484984,0.0043793994308673105,0.00489926341546457,-0.008322001208854563,0.01095006669580685,-0.006698220597071149,0.009470665834775582,-0.003467937375656577,0.006115177433698712,500
32,shock_x_ind4,-0.0025027990942095577,0.005051010898989285,0.005063523202829065,-0.012118116455982837,0.006968785356621015,-0.010912413953565918,0.005792906784956304,-0.007702088463738774,0.0025696337930911574,500
32,shock_x_ind5,0.0018291509683134623,0.004391467999023588,0.004513316255637167,-0.006890263095969056,0.010273470166791254,-0.005520437647997412,0.009204176730564364,-0.002353562329911557,0.00651849734750316,500
32,shock_x_ind6,0.0007065342012293082,0.003843978673259746,0.004316897935864814,-0.007816999130340344,0.009070745895209297,-0.0058365524078245155,0.007162786011241749,-0.003400416311936706,0.005025005578982375,500
32,shock_x_ind7,0.0025012466481875058,0.006464199118645478,0.006746559911706898,-0.008827387149031892,0.015865346560104063,-0.007404377747411256,0.013843956011819319,-0.003294438780292853,0.010009388881518599,500
32,shock_x_ind8,-0.00599651699154412,0.0059956207297542615,0.0059778372631782446,-0.01846543519636057,0.004902275542746991,-0.015779036809327233,0.003486823427622442,-0.012331738465764179,-0.0005865054741310601,500
32,shock_x_ind9,-0.009006303391052448,0.0054302729624827305,0.005668942052958739,-0.0196584696889663,0.0022917379261301798,-0.018152221206171954,-1.9266621821174848e-5,-0.014039290527216725,-0.003291412679971652,500
32,shock_x_ind10,-0.01556259583370391,0.006489530884459283,0.006525872811075445,-0.028477849391830345,-0.004366896126422786,-0.026556788771104255,-0.005968499758454494,-0.022487552123158214,-0.009062187720217735,500
32,shock_x_ind11,0.014765558701602855,0.007519273764008889,0.007248428460810566,-0.0003848777969159881,0.027977486842902577,0.0022649025707723643,0.02611513767058902,0.00761042982976797,0.022060888756495797,500
32,shock_x_ind12,-0.0040591521580438114,0.002827361634498842,0.0032422390108503545,-0.010116963594956703,0.002440469624346087,-0.009150534921497986,0.0011750093857762524,-0.007238618644861838,-0.0006548630981657705,500
32,shock_x_ind13,-0.012339186723407647,0.005426367329279479,0.005261815453972216,-0.021590151076737493,-0.0012191775875520293,-0.019915224157017932,-0.003029071627997219,-0.016516151451883152,-0.006329434315921181,500
32,shock_lag1,-0.0015027968282917265,0.002696695097660544,0.0028527258122926767,-0.00672360495879736,0.004149949933743084,-0.006106015141230454,0.003323009269505621,-0.004279081913504873,0.001492452181230276,500
32,shock_lag2,-0.002085582257392818,0.0032143725662271785,0.0031266874190064237,-0.007580727545657167,0.004213979318570666,-0.006889292752547434,0.0027687593565090306,-0.005029121072618018,0.0012579393554613787,500
32,shock_lag3,-0.006553187621512852,0.0027480838124901725,0.002802765458951845,-0.012463700258635028,-0.0013499770716216598,-0.011701697669536708,-0.0021910268594573516,-0.009368668531645408,-0.003903055046187657,500
32,shock_lag4,-0.000642205673786112,0.0029271752720017694,0.003069021357655229,-0.007598715203921311,0.004509937885122335,-0.006587055738061359,0.0038227218640437153,-0.00396781560090529,0.0019971408647309116,500
32,shock_lag5,-0.004850437870257896,0.0027741354609564215,0.00291364934022347,-0.010389462242358892,0.0008026248633614245,-0.00938212996812458,-0.00013959316541144396,-0.007660484446395054,-0.0017756455294788422,500
32,shock_lag6,-0.003895062729356543,0.0031197276229572523,0.003203310073629497,-0.010502891992698745,0.0024185245197393774,-0.009064003896794227,0.0011596715060431502,-0.006822460432022193,-0.0005631610837325955,500
32,shock_lag7,-0.005212241289860471,0.0031624538335310657,0.003565108546682135,-0.012407614471394776,0.0012753269496296072,-0.010966958717061126,0.00040469315158036563,-0.008930319144473217,-0.0020232709268534063,500
32,shock_lag8,-0.004900560610552489,0.0029678375599612177,0.0030602857666953706,-0.010996414777508512,0.0005404465575069746,-0.010273178421539048,-0.0004285965148143172,-0.00830601828914529,-0.002024072981653424,500
32,shock_lag9,-0.004266297942445668,0.0029492980976309245,0.003365859055969154,-0.011666145562290307,0.0013535418618674392,-0.010304834215179236,0.00048423573832052046,-0.007967735504846711,-0.0011881056238661316,500
32,shock_lag10,-0.00501362943321075,0.0023649304378867545,0.0026440472129863044,-0.010086923391918686,-3.3208175729558005e-5,-0.009300065230540965,-0.0008241163693318183,-0.00788880207340886,-0.0024845480965425474,500
32,shock_lag11,-0.002670047048739918,0.0032344862822883498,0.0033098308852218586,-0.008481916986090885,0.004933139694939619,-0.007231147248137717,0.003420401159293134,-0.005627509293505605,0.000533196254997066,500
32,shock_lag12,-0.004096369427881007,0.00259063318955953,0.002795946795675209,-0.009382332893640695,0.0012736568236621222,-0.008453839386387824,0.00039264075187429994,-0.007027895910070305,-0.0013626164717306117,500
32,log_oil_lag1,-0.0008622280693622403,0.006290167062781506,0.006114927001311544,-0.013012218573495316,0.011675690931040279,-0.010236474535461665,0.009793436732757612,-0.0064195379411195455,0.005794846568551923,500
32,ffr_lag1,0.0009215311075769538,0.0017098062023557198,0.0015191388753884704,-0.001675544607757914,0.004264805159447001,-0.001128814234350029,0.003868008691615991,-0.00041943618415764234,0.0025859744872035024,500
32,log_rwage_p50,-0.13251978552435204,0.03729820496573373,0.03408642122819757,-0.18957186925604336,-0.05962224072907476,-0.18053428009832992,-0.06759753284524023,-0.16053423429186536,-0.09333728996241562,500
32,age_mean,0.0035247139584888548,0.00237308964402361,0.0022253010167997893,-0.0008817903992315423,0.007461173414124089,-0.0001059611150216951,0.006909039882977949,0.0013048031362196768,0.005747882610529499,500
32,female_share,-0.12403464067087724,0.06151081388864362,0.0631628185903172,-0.2373319392144699,0.0016642275314860371,-0.22276869643290717,-0.007242162201771774,-0.17757246124466497,-0.055494357897082444,500
32,married_share,-0.12256876168114797,0.04870303259940081,0.04860677150410934,-0.20938616021931855,-0.013220432237295538,-0.1885851197720271,-0.026880789786782544,-0.16008317355330212,-0.07052676942626933,500
32,hours_mean,0.001148482364123757,0.0023530156772897013,0.0021864741834885185,-0.00243639734176656,0.006135387202460382,-0.0018590119811382779,0.005473031476487496,-0.0005893073657041766,0.00362434178428296,500
32,unemp_rate,-0.3776144053366785,0.08129389763871073,0.07244564459323685,-0.48951328949178885,-0.2068073901575544,-0.46901054820075666,-0.22682025660326782,-0.42686284522905155,-0.28095530311400174,500
33,intercept,-1.549732807128742e-8,0.0028408420592258682,0.002377447135502853,-0.004624327918446027,0.004802179814089506,-0.00366873870130326,0.004202949598099322,-0.0018533345769927122,0.0027395833544166916,500
33,shock_x_ind1,-0.009658028972198156,0.010465037636683166,0.010396230458256038,-0.02786543766255574,0.011152999942467302,-0.024759089328488363,0.007114867852454899,-0.019925940117366505,0.001394264888205358,500
33,shock_x_ind2,-0.02658905465952835,0.012651355270680295,0.01305271865898155,-0.05120997332256865,-0.0008607868856959854,-0.04711029674897625,-0.004201682734823955,-0.03806664538410323,-0.012498146498435688,500
33,shock_x_ind3,-0.003378672390703325,0.005288564308991945,0.00598123415874222,-0.015877408202503336,0.007269905261248898,-0.01322795288683042,0.0059395897813841955,-0.009246027206065313,0.002087482995539745,500
33,shock_x_ind4,0.0024739023743342746,0.006007826726143887,0.00640928023125585,-0.009336439733218831,0.015679243702678404,-0.007411160118377143,0.012959018858002378,-0.003712972390417699,0.009197361584371884,500
33,shock_x_ind5,-0.001995342125261376,0.00461123958274748,0.004573532715442311,-0.010477172647106896,0.007233184112117987,-0.008935860635289086,0.006072686945679969,-0.006085149153318194,0.0025802662413209505,500
33,shock_x_ind6,0.002890260766698675,0.004389546476576045,0.004846251384181925,-0.007287268876673788,0.013175280436044785,-0.005177094237884047,0.010498053397228528,-0.001825495461418739,0.007415853045259455,500
33,shock_x_ind7,-0.007340806425067649,0.007247454312006504,0.007206636149749759,-0.021742487496553276,0.006038010683762659,-0.01944981684099786,0.004602887201401524,-0.013976268590661716,0.0004445283858120624,500
33,shock_x_ind8,-0.007428067612534643,0.0058508045339065885,0.006277582948183021,-0.01958927816001724,0.004890686108134495,-0.01732392622159956,0.002760138273073055,-0.013456482208019479,-0.0009383790828176596,500
33,shock_x_ind9,-0.0012896318035334217,0.0054105168414248905,0.00567893509546129,-0.012931006257235051,0.009630597160312164,-0.0105627067111624,0.007284753960025159,-0.0072735014335686445,0.004207317672561881,500
33,shock_x_ind10,-0.008396723110304883,0.006759834659069306,0.006700086338756751,-0.020138329967608386,0.00474707000323852,-0.018918705229675495,0.0032269730210043638,-0.014327565746812616,-0.0006637052719074767,500
33,shock_x_ind11,0.007097908296199728,0.0074905659057810286,0.007597963919321585,-0.010478797907160671,0.020195977083425437,-0.006903889897117876,0.01778847581030575,-0.0017607832026011786,0.013625323770899776,500
33,shock_x_ind12,-0.0032340500187926623,0.0027428327099792474,0.003031732455761103,-0.008913367010374545,0.003402409084546398,-0.00793092655691136,0.0019687571852244836,-0.005792869543783903,5.828764183013931e-5,500
33,shock_x_ind13,-0.002107928176064909,0.00451872739362885,0.004698149493885646,-0.010642778504387714,0.007895957451197103,-0.009285122594543574,0.00639747325671475,-0.006374057136025294,0.002663777370031502,500
33,shock_lag1,-0.0023678209109367905,0.003029999807085358,0.0032384290584394747,-0.008544387554323223,0.004131770520165229,-0.007688305761074991,0.0031336052937859095,-0.0057475605159414064,0.0005992766047994058,500
33,shock_lag2,-0.004858794761759969,0.0031734844113677856,0.0031516195973355487,-0.011222087689090901,0.0010811704568937648,-0.010349961809733334,0.0001253166087832321,-0.00815489417936169,-0.001734837685876529,500
33,shock_lag3,-0.0023603972628946086,0.002754801089048503,0.0029555813934636806,-0.008604326240763375,0.002803279935629196,-0.007619326482579306,0.0017990231692929961,-0.00568960754278161,0.00027581179246271176,500
33,shock_lag4,-0.00422192779810469,0.003175048952448075,0.0032292151576949197,-0.010563124626627368,0.0017092231523947745,-0.00950277447930169,0.0006710699291230431,-0.007920475912718942,-0.0013975468838029548,500
33,shock_lag5,-0.0038126830040595334,0.002893252910023552,0.002877230429490424,-0.009523349151189587,0.0014707814976705653,-0.008895514259831032,0.0005247470427437202,-0.006756805115009006,-0.0011384393703506644,500
33,shock_lag6,-0.0034749384334229563,0.0029102936251146844,0.0029876968718812996,-0.009593619392776708,0.0017990180423170055,-0.008721683953790492,0.0008003503523114029,-0.006797190933131276,-0.00091962294811088,500
33,shock_lag7,-0.004655608402861156,0.0032043767435939166,0.003383043900798236,-0.011492204990391384,0.0015657805476634334,-0.010656359610659893,0.0003356114063419469,-0.008198558981636904,-0.0016980428453063259,500
33,shock_lag8,-0.004629520061739139,0.0030286933544525687,0.003148792954658705,-0.011100253703861246,0.0009614168035412096,-0.010047467723641563,0.00029671315678964126,-0.007568676165696596,-0.0013187280456835452,500
33,shock_lag9,-0.007375912402221419,0.0026487568291155483,0.002982309307039937,-0.01342126457341223,-0.0012017010876184215,-0.011981023544340637,-0.0024641384465061487,-0.009882243076019927,-0.004325987637209372,500
33,shock_lag10,-0.001873024102673042,0.0025834927523157155,0.0028495599937897603,-0.0071800681370628155,0.0040414177168380935,-0.005969748937000521,0.0029514322451633553,-0.004366966154638182,0.0011464037204776602,500
33,shock_lag11,-0.001866902881783178,0.003117403728818226,0.003122724490029291,-0.00711932314533532,0.0050907197311144264,-0.006338813625510377,0.003998413356000262,-0.004232936394175802,0.0018426906712753373,500
33,shock_lag12,-0.0027256233243736507,0.0028904421036613707,0.0029007577850317405,-0.00881810678120632,0.002584863513536508,-0.00782407331146263,0.0015445053385535886,-0.005792507748173999,-0.00019838166470319184,500
33,log_oil_lag1,-0.003986920723028584,0.00645467707373409,0.006189432993594891,-0.01552227421470588,0.00859619481600425,-0.013707564853440476,0.005976286240541065,-0.01051984077377166,0.0020638330126691155,500
33,ffr_lag1,0.001177091705138738,0.0017542350418669975,0.0016332124151051024,-0.0016376482234578672,0.004299142674644513,-0.001244246179463556,0.0038714475084814706,-0.00035107434150793775,0.002880671085222294,500
33,log_rwage_p50,-0.12373707344887212,0.036864330104840116,0.030763941121261462,-0.18052746540583403,-0.057746744613505666,-0.16972124655231272,-0.06456793840946393,-0.14658560459590245,-0.08929978788299836,500
33,age_mean,0.005429930976425248,0.0022631222131249047,0.002223318123410936,0.0009279299088382092,0.00953455484923773,0.0015413606454813165,0.009056002537068909,0.003041636019935154,0.00752232335361328,500
33,female_share,-0.10364930105825286,0.06052416083998254,0.06080089205552425,-0.22327191674976823,0.01544062731584021,-0.18780295060989888,-0.006889031429705893,-0.16308845644921752,-0.04536557532297341,500
33,married_share,-0.09879383917011268,0.0563865397133158,0.054699211822892495,-0.19412116305444127,0.011711110708057127,-0.18556908420758875,-0.005939465153609426,-0.14938931698001895,-0.041229320985138936,500
33,hours_mean,0.000499577749824401,0.0026896140073120697,0.0026688505773934273,-0.005442138993352997,0.0049686131214436175,-0.004279572570682546,0.004346659330167185,-0.0024663622085977404,0.002929294506793345,500
33,unemp_rate,-0.37533807776515254,0.07902241428728851,0.07855720899938652,-0.5113363153153972,-0.21394165196009907,-0.48351488294216516,-0.2352700379095033,-0.43557111790091363,-0.27688072006118725,500
34,intercept,-2.2738412175541345e-8,0.0028897286105447734,0.0024332308697660784,-0.004235221767434981,0.0054546370857127165,-0.003673915372778388,0.004537271974675205,-0.001994195020502956,0.0026965920563722778,500
34,shock_x_ind1,-0.014762101168608476,0.008633947451700633,0.008754587777033007,-0.03238931088628649,0.0019692658171725865,-0.02945554349059527,-0.0004699562067763464,-0.023153569786508545,-0.006277268908491708,500
34,shock_x_ind2,-0.002850565129734176,0.012669048572510788,0.013572828172231126,-0.028570185931965836,0.022696357963061214,-0.024110111394691353,0.02051747976366677,-0.015279550263422466,0.011158191725524486,500
34,shock_x_ind3,-0.0031791349482287947,0.004808853204322921,0.0055337169050478415,-0.014160718506846304,0.007662396084314816,-0.012199663392557394,0.006260414543898767,-0.00853720085583315,0.002301311652860778,500
34,shock_x_ind4,-0.008884798159695785,0.0064516691326551075,0.006058776892871705,-0.02015357670724375,0.0030450000163078322,-0.018855392538288083,0.0012849844311479724,-0.01468117778544536,-0.002827255963092305,500
34,shock_x_ind5,-0.005477520968120941,0.00417014955148035,0.004530712913601337,-0.014528715166104749,0.003627077146866168,-0.012728218494679514,0.0022343499519036016,-0.00976094712830284,-0.0010407416728434396,500
34,shock_x_ind6,-0.001967645374162723,0.004164803159083686,0.0049493266038163905,-0.011863038212595562,0.008120854564173535,-0.00995967393660849,0.006485060243698565,-0.006736466299075395,0.0032124478051556134,500
34,shock_x_ind7,-0.004842659818434704,0.007846188877754902,0.008002920303095006,-0.020429095517107164,0.011629531417643849,-0.017049335201663053,0.008948521410590578,-0.011787550880436825,0.00391232818632618,500
34,shock_x_ind8,-0.009834904739283648,0.005653515147736323,0.005970888210093983,-0.022366272011217367,0.0015629618634663708,-0.01989987812596763,-5.7830699224142366e-5,-0.016103936139478577,-0.004321168934650478,500
34,shock_x_ind9,-0.007055462361016286,0.005987358946983308,0.005787346421093262,-0.01904159429406793,0.0031138169915582666,-0.017170659473434345,0.0022744563099450577,-0.012554853779822543,-0.0009836016295544181,500
34,shock_x_ind10,-0.006602692684732159,0.006534041404412768,0.0067877112176958606,-0.018655934155350842,0.006293513897798499,-0.01688820228932065,0.004456534476018413,-0.013240265198210303,0.00040848506113315495,500
34,shock_x_ind11,0.000951892497953591,0.007209319780389268,0.007012159912982224,-0.013420808441862301,0.013365070528675353,-0.01167817137141708,0.012005163885406645,-0.006266359311884073,0.007354963211793489,500
34,shock_x_ind12,-0.003913974260115359,0.003210758047154338,0.003594906778186423,-0.011226465508818735,0.0032956350129611967,-0.009881536510376194,0.0017003604529573788,-0.007371215773139349,-0.0002914239337761432,500
34,shock_x_ind13,-0.010211400890849834,0.0038927968925552615,0.004151488660546153,-0.018857065940042012,-0.002705589426889957,-0.01743603803026516,-0.0037020083950023027,-0.014341725085156538,-0.005951677163309929,500
34,shock_lag1,-0.005249665488820301,0.0029248640237563017,0.00303082119646368,-0.011407365667405887,0.000911194886139245,-0.010175712385243958,-0.0004312898515322824,-0.008080147628111248,-0.002224332572879524,500
34,shock_lag2,-0.0006441777474416968,0.003123964704972167,0.002989917478749363,-0.006617617112870781,0.004485832057338658,-0.005432141895321243,0.00378027282598453,-0.0038596267262630086,0.0018571902826557325,500
34,shock_lag3,-0.006542726620617457,0.002821204456266371,0.002888448087905361,-0.013371360371933197,-0.0010647979797547037,-0.0119013900565467,-0.002172139046111325,-0.009350263716822235,-0.003918952122749493,500
34,shock_lag4,-0.0033425248398039893,0.003258216151581686,0.003548060235198358,-0.010850540360768789,0.003361946355696965,-0.0094490439168336,0.0022257578568891947,-0.007018835943530111,-7.452922767101914e-5,500
34,shock_lag5,-0.0033739455594456284,0.002504381508790601,0.0025675720752841055,-0.00877630888580369,0.0012197585110543504,-0.00781440279768324,0.0007497012872259745,-0.006102899091428397,-0.001145710679621851,500
34,shock_lag6,-0.0028158319298412456,0.0028447154046689687,0.0029346255040684855,-0.00891869816608161,0.002621143954155719,-0.007708646473317045,0.0017049950964902728,-0.005899956021335204,-0.00016782842611158148,500
34,shock_lag7,-0.004235660825082491,0.0033774840585474356,0.003443314791566204,-0.01164798861257736,0.0021795624745991034,-0.010411845629295672,0.0012837628564481044,-0.007800009158218555,-0.0012624345599631449,500
34,shock_lag8,-0.0077730092802471675,0.0026512053232720916,0.002608997779874407,-0.013188817624293539,-0.002353542288285047,-0.011907371971866336,-0.003385280500853782,-0.01025229351533059,-0.005425691218496049,500
34,shock_lag9,-0.0043015319207632165,0.00272157833971959,0.0029180027522490745,-0.00977893378905238,0.0016306568800978436,-0.0086592742690867,0.0008125455773029484,-0.006988778308109898,-0.0010782137349895306,500
34,shock_lag10,-0.001249106394341271,0.0024169292841774684,0.0028546520569635,-0.006423728380728178,0.005178564822570683,-0.0057696500613494996,0.0035994644321780092,-0.0038725132389248957,0.0016372061232168408,500
34,shock_lag11,-0.000613419933472979,0.002915244716617455,0.002985688779672186,-0.006015665084407584,0.005996857847499907,-0.004926196792724937,0.005038010953380541,-0.0031837426773271213,0.0026582834178996407,500
34,shock_lag12,-0.0023155611622519036,0.0028801932358142163,0.002965251181084864,-0.00824248614886925,0.0033963657985342397,-0.007331722712708754,0.0024826252325295998,-0.005223731479833862,0.00038426961016507105,500
34,log_oil_lag1,-0.004840444653321307,0.0062731394444009245,0.006051814893455929,-0.014436019643646799,0.007729134943770279,-0.013603366234759176,0.005729461077400333,-0.010464052503896034,0.0015385406270727866,500
34,ffr_lag1,0.0008653133325005588,0.0017441302947006489,0.0015441498167811914,-0.0020726342174364728,0.003990435037686638,-0.001536305811663073,0.0035718633988754784,-0.0005506451662696614,0.0025351343531918743,500
34,log_rwage_p50,-0.1219584699724289,0.03428314574001529,0.03181073615268353,-0.1833084090814034,-0.05684531916342185,-0.1690351859137382,-0.06951503830014957,-0.14950056455911032,-0.08516121058033559,500
34,age_mean,0.004659937683631217,0.002242185309471559,0.002079335116636344,0.00048353840699230785,0.008506248600397797,0.0010305025269931635,0.007942080201997465,0.0023793906937205657,0.0064358166473061935,500
34,female_share,-0.15310065553618746,0.06679587937712023,0.059368603492492296,-0.26481172713034884,-0.04119984549817239,-0.24470081617453146,-0.053706901661998645,-0.2090912636870289,-0.08918577408324423,500
34,married_share,-0.09243887789327158,0.052516512140740525,0.051451576941865605,-0.1892197643207643,0.011179853001937226,-0.17124415727839584,-0.0022932830722408593,-0.13638411403995757,-0.034755261542377694,500
34,hours_mean,-0.00217742495781,0.0024924731359968967,0.0024568929323214904,-0.006809301287912079,0.0024682008632632988,-0.006187307885447411,0.0017820668588066119,-0.004726198516101943,0.00027975282307605715,500
34,unemp_rate,-0.37425964361583897,0.08738809769310954,0.07878425839496586,-0.5000460326306835,-0.19975816736502122,-0.48579250104900196,-0.22719631631254267,-0.4342982716953739,-0.27341157707073677,500
35,intercept,-2.1453120644991944e-8,0.002879642636569648,0.002438635326312268,-0.004584551589733237,0.005113295763442861,-0.0035061098785795744,0.00459928498936783,-0.0019489481564282395,0.002915411340033336,500
35,shock_x_ind1,-0.012178612893023175,0.008938013255679726,0.00880136147324436,-0.028949938657964358,0.004982622144983732,-0.02555646231143985,0.0021547534708915555,-0.021039356543784467,-0.003107859285045236,500
35,shock_x_ind2,-0.017185856184343096,0.015219547634176071,0.015099304246382558,-0.0439556869873034,0.015927343910061634,-0.03998764218315867,0.010900946454543668,-0.032342974657002935,-0.0021820255773297094,500
35,shock_x_ind3,-0.007552402791306856,0.005042582346069773,0.00537007427650807,-0.017186120867495172,0.003212090130725856,-0.016159066441725205,0.0013137774598045706,-0.012360434636134942,-0.0017405312514181582,500
35,shock_x_ind4,-0.012121203872316825,0.006642548558137006,0.006440680089164158,-0.023506477158870987,0.001485287416789825,-0.02189185977353731,2.0430571121485224e-5,-0.017863467683242554,-0.00460135166404846,500
35,shock_x_ind5,-0.0059303215745280125,0.003944509494564472,0.004255855331174312,-0.013436957711059717,0.0027763481851670662,-0.012438183557367212,0.001303676940099253,-0.010288354572717153,-0.00173724792837232,500
35,shock_x_ind6,-0.0060550149503758545,0.00374436606210025,0.004234420216569096,-0.013308536903678846,0.0029880735583206293,-0.012273096518151118,0.0015873681618991395,-0.009924658078352428,-0.0015732109520988735,500
35,shock_x_ind7,-0.005893634528494041,0.007209851078315124,0.007187846203251318,-0.019157676417813907,0.008377219184427768,-0.016952441709168924,0.005188493963471284,-0.011844999043214784,0.001388324892106351,500
35,shock_x_ind8,-0.01021108340936257,0.006634485775387414,0.00665690681411409,-0.02320936018058579,0.0017991584640844522,-0.021924813921697175,0.0007628709643226297,-0.017408083667708577,-0.003671757693247067,500
35,shock_x_ind9,-0.013557831111786808,0.004619259488041778,0.004939496163607442,-0.023412199359007263,-0.0036295925411314943,-0.021983359044522473,-0.005451985716850319,-0.018219249540977422,-0.00893604772835386,500
35,shock_x_ind10,-0.012479550085748428,0.006940068250279881,0.007259309338250459,-0.02693925899683658,0.0009100388674890393,-0.0243890790608339,-0.0008804148141614923,-0.020675301540714494,-0.005335534651427884,500
35,shock_x_ind11,-0.000989130790632281,0.006897228293253846,0.00695978412272955,-0.01573100993762489,0.011076960712756947,-0.012553702818109785,0.00949802445011229,-0.007902993073632061,0.005828178734794568,500
35,shock_x_ind12,-0.002866351261177116,0.003523605936286103,0.003928758223554555,-0.009841194541844973,0.0052935531118760495,-0.008822964462937401,0.00418534040583808,-0.0062885052232278206,0.0014610928075999463,500
35,shock_x_ind13,-0.006653781436869504,0.005035168633211606,0.004912506389853569,-0.015305707206103351,0.002969454261774279,-0.014359436849147792,0.0014732262245442348,-0.011176920484607954,-0.0014760624403881682,500
35,shock_lag1,-0.0006796951151309527,0.002663131463777787,0.0028357100472569934,-0.0069439858898566196,0.004572038138366739,-0.005524761205529692,0.0037002270340005727,-0.003464980460454716,0.002027246333964328,500
35,shock_lag2,-0.0042177400973220786,0.0032568827926637706,0.0033220631529639858,-0.011625431364047499,0.0015287852185471387,-0.010095134285979246,0.0009151999321200331,-0.007514591573026792,-0.0010117588167608835,500
35,shock_lag3,-0.004796873614281005,0.0026901228728214775,0.002893440019930864,-0.011345431164232766,0.00021188819976061492,-0.009965841820712935,-0.0005898281898694711,-0.007891014109275642,-0.0025591758023319902,500
35,shock_lag4,-0.0023757594260107673,0.0029084447776531594,0.003255299179303075,-0.009187051226992787,0.003954020743677746,-0.007885493665057522,0.002611425475059763,-0.005740374257570849,0.0005792417530997614,500
35,shock_lag5,-0.002139589743461812,0.0023096027485132323,0.002684374794150737,-0.00813770669142182,0.0026758976040924913,-0.007127235362278176,0.0018034361344070298,-0.005017336900255582,0.00021964740977087566,500
35,shock_lag6,-0.001701345240587731,0.0029836670730856514,0.003125293453122286,-0.007985803336752976,0.003935820487419744,-0.00723105832666279,0.0032513577825264484,-0.00516767640941534,0.0012063791568082737,500
35,shock_lag7,-0.007065541167961524,0.0029976737527754012,0.0032336313538096806,-0.013440207246178615,-0.0008608480468973603,-0.012554581171445868,-0.002014873219863737,-0.010464440774614989,-0.004064840789520984,500
35,shock_lag8,-0.00422203585397044,0.0027655857076335825,0.002766112461870462,-0.009420122525034522,0.0011793893076610877,-0.00871623313603279,0.00033900431463642684,-0.007007355092938362,-0.0011847454344104643,500
35,shock_lag9,-0.0035543295305465396,0.0028057497989644217,0.0029042279704151143,-0.008646032363433656,0.0027452697410154216,-0.0076469971181723235,0.0016114138222173707,-0.0060573620094866495,-0.0004598271619623819,500
35,shock_lag10,0.00026569940015623035,0.0026100275040525766,0.002957569262515406,-0.005764281422740815,0.005739376938248124,-0.004550785948171012,0.004955662781917841,-0.0026317943394370967,0.0032258579205241907,500
35,shock_lag11,0.00028344345604065617,0.0029817133514886836,0.0030248485484392637,-0.005000877466113344,0.006818127346058293,-0.004394291850142798,0.005664150594264668,-0.0021554811813784304,0.0037846169076006042,500
35,shock_lag12,-0.002924403759785922,0.0025515717876526877,0.0028482232682686755,-0.008876105384857742,0.0026497543582301867,-0.007518164398171728,0.0019680952228140233,-0.005595808255010484,8.265273606657443e-5,500
35,log_oil_lag1,-0.010614479358204622,0.00585430949547842,0.005148947072135416,-0.01970960697736871,0.0014194409653397323,-0.017809700963086282,-0.0007415811533767472,-0.014855092417216404,-0.0050612827001257675,500
35,ffr_lag1,0.0009706276712259943,0.0017166046769253969,0.0015824611105791483,-0.002091423142623766,0.004383555233749718,-0.0015366926564794718,0.0036426586829570594,-0.0004487530164606637,0.0025196095689409294,500
35,log_rwage_p50,-0.12888264829298265,0.03440549913724542,0.030300867726480843,-0.17985884107603917,-0.0646142957299091,-0.17229228797673346,-0.07340434163997646,-0.15351906429657836,-0.09328655171698885,500
35,age_mean,0.007312740767824504,0.002162440825690938,0.0021253063999626875,0.0031027952355253846,0.011117295253583358,0.0037340050787301226,0.010723963137093825,0.004975634210411606,0.009145373618013167,500
35,female_share,-0.12211731998755532,0.06230216570774233,0.0628207087824381,-0.23878618157519924,0.005297316103972417,-0.22216849848022877,-0.01887956024731753,-0.18566898146630975,-0.061888797347692745,500
35,married_share,-0.12288415539378203,0.05042294157939799,0.047462812635184426,-0.2039293615165204,-0.02699989914643542,-0.1924158953003309,-0.03607481906433318,-0.16148252920012993,-0.06937973794700168,500
35,hours_mean,-0.0027891837029192777,0.0024018685594028523,0.002509777253607123,-0.0076407048689663155,0.0016040252234440558,-0.007159272672651605,0.0010514677642849525,-0.00530915678325494,-0.0003278069156855042,500
35,unemp_rate,-0.37174685721323775,0.09385158594460126,0.08597138857195508,-0.5195108131669756,-0.20111578884866554,-0.493988557368223,-0.21975423708435202,-0.443638024955181,-0.26465371374044466,500
36,intercept,-1.141153408213674e-8,0.0029826898193717386,0.002510077837767002,-0.0042940090064296065,0.004882418136286577,-0.0038151766857927806,0.004488242462711715,-0.002236943806338335,0.002928927284843343,500
36,shock_x_ind1,-0.007167568215565493,0.007902445326122576,0.008149638335523929,-0.021175180510576895,0.008376876381945609,-0.01947544118528863,0.00609516000408756,-0.015272684218010507,0.0012145476602555044,500
36,shock_x_ind2,-0.013777128868064318,0.012555185497876634,0.012991138518967656,-0.0405987571458111,0.01329853489176831,-0.03478290408444262,0.0077653672903462536,-0.027177952990018753,-0.00255360600410253,500
36,shock_x_ind3,-0.005270032372997371,0.005751084057869528,0.006002862168595344,-0.01716873503372547,0.0055352864429243955,-0.01526096577548265,0.0038305853224290037,-0.011717848410177738,0.00040645818511614046,500
36,shock_x_ind4,-0.007317320569641513,0.006059155540172745,0.005886809807665352,-0.017275115400579272,0.006314985739810168,-0.014983693548686821,0.004500147794778949,-0.012516867814074295,-0.0009115349768359637,500
36,shock_x_ind5,-0.008381908729136621,0.004526722438842273,0.004889611155515087,-0.017752764900033004,0.0009253514953322737,-0.016339089696139186,-0.0004216470484297883,-0.012968306400270978,-0.0038163931208172706,500
36,shock_x_ind6,-0.004855148678818711,0.004515000329148026,0.00460348149130412,-0.013409335256973978,0.004101885877818852,-0.012048581159168206,0.0032678626670267067,-0.009354666188182151,0.00016060534056352662,500
36,shock_x_ind7,0.003363692249730496,0.00524720267272688,0.00604168382856221,-0.008561919605113988,0.014631047780254603,-0.006152787287684959,0.012880492966062512,-0.0027542603746000672,0.009286471912988465,500
36,shock_x_ind8,-0.008733373937313908,0.005813291076651124,0.006060284071541341,-0.01992533209388403,0.0032843294258488916,-0.018536366788359595,0.0013904371283562824,-0.015081995792921462,-0.002760790674370773,500
36,shock_x_ind9,0.0037960490422121254,0.005904956066917783,0.005899400430367594,-0.007869077787342662,0.014808022526771356,-0.006294793441787154,0.01332225052693602,-0.002118361468402467,0.009986035408035207,500
36,shock_x_ind10,-0.012695702435016522,0.0068647894413743586,0.006792239086140584,-0.026395847787168605,0.0009561607617672997,-0.023484309636034584,-0.0018197287625516061,-0.019401410596764982,-0.0056276115156650005,500
36,shock_x_ind11,-0.0007581455838543501,0.007140093466154856,0.007099497219451941,-0.015722701597163054,0.012442059517979696,-0.012844376547531256,0.010783532783094059,-0.007990435240670033,0.006221656629432902,500
36,shock_x_ind12,-0.007455143530372755,0.0033227418448075895,0.0036129515136535135,-0.014327397388916592,-0.00018489054103581034,-0.01356075209631212,-0.0021430803863719226,-0.011083343615048518,-0.004090845447217419,500
36,shock_x_ind13,-0.0050003864462815455,0.004339362332024232,0.004512286481169659,-0.013507700710659319,0.0038039891346450597,-0.012126715547633865,0.0027075142046696847,-0.008852468149201471,-0.000563295895163365,500
36,shock_lag1,-0.004186225740556326,0.0027811064597338896,0.0029921227852254683,-0.010814200737895876,0.0011846195130366683,-0.00927270824410319,0.0004554078707776612,-0.0069888565164295926,-0.0014725770182784851,500
36,shock_lag2,-0.0024708348927459122,0.003182973237344047,0.0032914925508724796,-0.008959667496948334,0.0038045398326950297,-0.007883017825946918,0.0028712347003475845,-0.0057471593257300045,0.0008005990701028709,500
36,shock_lag3,-0.005421499975744406,0.0025683125771915065,0.0026105004502189177,-0.01100326176810491,-0.0011624499142972745,-0.010319711409302542,-0.0017464973765826178,-0.008268685833864524,-0.0032119810845644275,500
36,shock_lag4,-0.0019682271053046607,0.0030408904809296946,0.003070791991956633,-0.008158968265751469,0.003983076975557741,-0.007462810358913194,0.0030622673015553653,-0.00533228425761364,0.000743265059357331,500
36,shock_lag5,-0.002137783448744067,0.0026517974561419567,0.002871309219805207,-0.007797398269217217,0.0034809570011492506,-0.007175513741502864,0.0023468641568932204,-0.0050049324232805965,0.0007194083588759588,500
36,shock_lag6,-0.00498022277396863,0.0026912619799659143,0.0029297798550090813,-0.010541004225346921,0.0003525623258722546,-0.009946824137949041,-0.0003486142014330924,-0.007917089076706681,-0.002031926178366157,500
36,shock_lag7,-0.004153346443772673,0.003128498468934397,0.0033391113201911202,-0.010653732068234632,0.002240441368847438,-0.00971196281056467,0.0009188803311532431,-0.007738615664347863,-0.0009928461633327134,500
36,shock_lag8,-0.003813490260890938,0.002751323718637277,0.0027923604264115057,-0.008874814765775584,0.0019607764240264984,-0.008176353575711264,0.0009084306788390052,-0.006344386198642573,-0.0010258714586365298,500
36,shock_lag9,-0.0024893260791589208,0.0029989621798526453,0.003003032054970759,-0.00845137945575258,0.003099576283465638,-0.007549577825348075,0.0025345469271188976,-0.005398275413762102,0.0004913770160199171,500
36,shock_lag10,0.0008301895327968156,0.0024593708484440414,0.002754783910264655,-0.004930928937686899,0.006126023622866565,-0.003649222076181887,0.005283907333959934,-0.002091662727571647,0.0033056686282752767,500
36,shock_lag11,-0.0007137688053128188,0.002825819273352961,0.0028266148816912273,-0.005802481267167096,0.005060257290765388,-0.005144140692989419,0.004019367342694897,-0.003272803395905615,0.002327178381008461,500
36,shock_lag12,-0.0030377681373445742,0.0024253853598264277,0.0024738445098969777,-0.007543429979678629,0.0015947372787296914,-0.007018597803740475,0.0010500781950745356,-0.005500774413834963,-0.0004412132621867145,500
36,log_oil_lag1,-0.009985612005472787,0.006562475699416212,0.006039636999560908,-0.020668016151933838,0.0026266499140258507,-0.01912101974116995,0.0009647310283051416,-0.015375772362784389,-0.003166214453799998,500
36,ffr_lag1,8.098689158139321e-5,0.0018374712102784498,0.0016007680721645805,-0.0028054454299909597,0.0034337136217118813,-0.002405201682463149,0.0028257578358608175,-0.0015491261927153273,0.0016527879169479156,500
36,log_rwage_p50,-0.1281460327781815,0.03725422466168012,0.03485308833174872,-0.18469813557061474,-0.04845776835197871,-0.17718492991203896,-0.059849091623381104,-0.15513690686076465,-0.08428758923505145,500
36,age_mean,0.006589704936511642,0.0022784383727373334,0.002053579352265506,0.0024429439170539314,0.010518954967236576,0.0030063604459212674,0.00987771999944194,0.004382112942415178,0.008356322482623526,500
36,female_share,-0.11889194656008306,0.062163161857907566,0.06300810458706464,-0.22791975949046758,0.0035585230823390866,-0.2208417654808246,-0.01334787775210647,-0.1775302318058401,-0.05139698852260437,500
36,married_share,-0.039423314459974795,0.060160850587820155,0.056294319504586646,-0.14516251701439592,0.0791425858444112,-0.12593127480722507,0.047104116219180085,-0.08884105243578526,0.018531154412044316,500
36,hours_mean,0.0005123157443855183,0.0022937003133145515,0.0022965768177814192,-0.004355342252417217,0.005124614113049281,-0.0032644944835706746,0.004040842984747063,-0.0017376385701359533,0.002559048468109812,500
36,unemp_rate,-0.4055467900590604,0.09575081428245939,0.08954909256361084,-0.5416237499808181,-0.20395125186488783,-0.5219743794457629,-0.2293216581353371,-0.4712355497349534,-0.28674030826118546,500
