horizon,coef_name,beta,dk_se,boot_se,ci_lo95,ci_hi95,ci_lo90,ci_hi90,ci_lo68,ci_hi68,n_boot_valid
0,intercept,6.088971525359371e-8,0.0012768036853197005,0.0011621555377205168,-0.0020589347795946862,0.0024140417632826545,-0.0015514268867992036,0.002061513296682623,-0.0009984787338649275,0.0013579690141827419,500
0,shock_x_ind1,-0.014133863396185397,0.005588851808650311,0.005840064300679174,-0.025142749237364377,-0.002070400340465835,-0.023941890562457796,-0.005355343934802955,-0.020226055538296935,-0.00837449708267902,500
0,shock_x_ind2,-0.006347246024349241,0.009088433766414356,0.008578553789727368,-0.023782883050103523,0.009015907457960035,-0.02171739252017599,0.00632892009923826,-0.015923364205279997,0.0007423119208503013,500
0,shock_x_ind3,-0.0008096410756774603,0.00344738300029468,0.003451481510534194,-0.007615650874797777,0.006225933812899846,-0.006367511948661518,0.004997391336716059,-0.004220564729985776,0.0024229148672776373,500
0,shock_x_ind4,-0.005300254784317655,0.0042331888500993,0.0040348522049664624,-0.012886529343318406,0.002868385596470429,-0.011590689190220434,0.0013637268577142046,-0.00904929392161278,-0.001130069422522352,500
0,shock_x_ind5,-0.0019371550213774479,0.003058419869956973,0.003062398929665418,-0.007928434623218322,0.00416309371561314,-0.0066999524777133,0.0031266852981632442,-0.00515374713750204,0.0010265354415977417,500
0,shock_x_ind6,0.0019701757416930405,0.0037677558156160103,0.003983750327897943,-0.005348133090041465,0.010100525236995563,-0.004185456648765114,0.008905429486573972,-0.001710216894946551,0.006323745893656754,500
0,shock_x_ind7,-0.001373924230286925,0.004203686050995616,0.004188718622976651,-0.009653802941534863,0.007432533864311653,-0.008235540056895602,0.005315955683185605,-0.005361311948969005,0.0027732596058807407,500
0,shock_x_ind8,-0.003444744188871488,0.003316460979426012,0.003066158059034039,-0.008887172222831922,0.003229912519872066,-0.008113113455216012,0.0022151615906401516,-0.006419706398870683,-0.0005856509594908567,500
0,shock_x_ind9,-0.006693795490969357,0.0040410467488294684,0.003968890267440479,-0.01434406453521931,0.0009582638019856287,-0.01261378338186071,-0.00010152403830095246,-0.010409472070728407,-0.0023273066869522875,500
0,shock_x_ind10,-0.008724110637598245,0.004177325357285767,0.004132907772961928,-0.016470576981667286,-0.0008230602962964308,-0.015612682890919207,-0.002464015826897657,-0.01297370915832131,-0.004821764475996634,500
0,shock_x_ind11,0.0021453683534834703,0.004290210804815613,0.004225910713420224,-0.0066922459291055185,0.009726456393948448,-0.005735541446591535,0.008738686934405965,-0.0021876801298035754,0.006029885889350467,500
0,shock_x_ind12,-0.0007873096437137424,0.0023859406092402156,0.002382293985725134,-0.005439931743675939,0.003569672276801516,-0.0044968956136484444,0.003142350153850471,-0.003206371543549192,0.0016928048940140583,500
0,shock_x_ind13,-0.0030415854030213436,0.0031995825058561077,0.0031004620612584645,-0.009052728626010632,0.002928721745532572,-0.007683789782536028,0.0022421030648113924,-0.0060930648195244635,0.0003304327916736245,500
0,shock_lag1,-0.003161907831611276,0.0015426615203822706,0.0016567191782512842,-0.00634183826949647,7.848018046404748e-5,-0.005683837309903783,-0.0005048848478524374,-0.004701934702061765,-0.0013580259688532226,500
0,shock_lag2,-0.004391372042078934,0.0017165860464161873,0.0017823066929192372,-0.007744053125176993,-0.0009947092783033626,-0.007207613970904141,-0.0012774215330703176,-0.006054699674290674,-0.0022810293397430865,500
0,shock_lag3,-0.0013515789101418174,0.0015421681952073976,0.0016777353357322934,-0.004547226814479914,0.002073750600996022,-0.004117882873209511,0.0016625211898784694,-0.0030706950183261496,0.00014044982836503692,500
0,shock_lag4,-0.0020057132356396615,0.0016229405171310006,0.0016280216256342273,-0.0050149819312825476,0.0014533612737569535,-0.004382838331284329,0.0007996991156894697,-0.0034533837512173075,-0.0002894819715876624,500
0,shock_lag5,-0.0028683448131620855,0.0016445829095735386,0.00170978592079658,-0.006229635270914356,0.0005894310616891529,-0.0054668164362295405,-0.00011659630044077837,-0.004450244291272007,-0.0009443200506385032,500
0,shock_lag6,-0.0027600149774962652,0.0015202418483719316,0.0016314820698795905,-0.00576011681558252,0.0005353826776090535,-0.005361471310864349,9.444435784042382e-5,-0.004196999388085985,-0.0010755370086890134,500
0,shock_lag7,-0.0026083124596677724,0.00174857269811146,0.001885676915186,-0.006212187564574219,0.0009362226633188207,-0.005685217374973638,0.0005389616068956436,-0.004527912660178852,-0.0006240652009748286,500
0,shock_lag8,-0.00427870622096423,0.0016144135871073882,0.0017439179501516262,-0.007824688251224649,-0.0011385700340142942,-0.007124869971345664,-0.0015854250969390275,-0.006102472383421226,-0.0026370313509444026,500
0,shock_lag9,-0.0023633864199653514,0.0016541624288351783,0.0016878945569857803,-0.005766845070136277,0.0008311443037683908,-0.005052689406741871,0.00036732443291250905,-0.004102382386162019,-0.0006799822896477725,500
0,shock_lag10,-0.0007781277627087801,0.0015725797992910476,0.0015366560360411544,-0.0036540763145161857,0.002163942733140281,-0.0034143394842560187,0.001627311072780064,-0.002316426439963519,0.000682005196076833,500
0,shock_lag11,-0.0010189468019364456,0.0015710147728673323,0.0016615231306289953,-0.0040151361376645,0.0023564133485179956,-0.0034711674480548947,0.001985240596727073,-0.0025976901235181763,0.0008082615139513097,500
0,shock_lag12,-0.003615403341774905,0.0016444368186991432,0.0017789575243728874,-0.007059641806914844,-0.0004955868945058665,-0.006778075848890388,-0.0010509317075084,-0.00567780263694035,-0.002176160800655779,500
0,log_oil_lag1,0.0264201917127031,0.004495300547783954,0.004311559714406417,0.0179451493683347,0.03502368114907478,0.01900608854802669,0.03358535861668887,0.022187032697855512,0.030554738569991434,500
0,ffr_lag1,0.00138380184713985,0.0008287006586530294,0.000769058692339022,-0.00010191787864364784,0.0029468908978992157,0.00012551211622963468,0.0026770275714707815,0.0006868466788042776,0.0022089547812368616,500
0,cpi_lag1,-0.0006845592452609453,8.434701219740652e-5,7.901242697372114e-5,-0.0008501247718553814,-0.0005331759093593705,-0.0008077972798010107,-0.000558934823288772,-0.0007608518084987407,-0.0006040240582557355,500
0,indpro_lag1,-0.0017045239071437194,0.00021619264912750571,0.00019641286047949105,-0.0020856910467573746,-0.0013574896425275881,-0.0020366494367995607,-0.0013994429286104814,-0.00191459261204685,-0.0015294249686257234,500
0,log_rwage,0.5227454933171156,0.028921917215147162,0.025636598237716458,0.47777795619265917,0.5806154829429095,0.4872453543328412,0.5714084060317619,0.50107962506844,0.5503109729996507,500
0,age_mean,0.0016914459243984185,0.001192736384938559,0.001265488705482693,-0.0007600729747956796,0.0042705494740484734,-0.00029391030569896363,0.003925062174350105,0.0005369991566135767,0.002984564569906722,500
0,female_share,-0.08719135776357076,0.03957400583994125,0.03674825871042109,-0.1615642053652624,-0.014018011754478137,-0.14472494357351995,-0.02484867741872795,-0.12061985220792111,-0.0483863118761266,500
0,married_share,0.004686503143143771,0.032955599227745165,0.0337506815877248,-0.0629825835878619,0.067686072694901,-0.05186615794536611,0.05787533655512933,-0.029130951987196257,0.03939318175451228,500
0,hours_mean,0.018037107068090717,0.0014399874421507563,0.0014643855228959292,0.015324253017567369,0.020814136618768568,0.01564319393819815,0.020321675236589055,0.01654785355505688,0.019407399240046554,500
0,unemp_rate,-0.05414865546828415,0.04410032738916833,0.04631908035630678,-0.12565797013493957,0.049077876446823904,-0.11664767730081865,0.0398174417722494,-0.08329394564251075,0.005514921766638645,500
1,intercept,-1.4525164614050124e-9,0.0006777533731609296,0.0008016337708625106,-0.001555062884078128,0.0014511429024072673,-0.0014029309382221277,0.001301650110714441,-0.0008698818145510398,0.0007471737800110862,500
1,shock_x_ind1,-0.015029982748573896,0.0063077816519566616,0.006012788206529302,-0.025772852257099212,-0.002447959508588709,-0.024681862880197733,-0.005892997571311355,-0.021646746288905807,-0.009249903835085593,500
1,shock_x_ind2,0.01842860495911728,0.011081833145159018,0.010967986409949988,-0.0034504388251139608,0.038024568453368275,-0.0013550491791232424,0.034320020023994556,0.005981382533048059,0.027922185593511204,500
1,shock_x_ind3,-0.0026576290577897395,0.003475823731538558,0.003930135046821106,-0.009931085370569713,0.005480107068156045,-0.008927166301331137,0.004074381029465653,-0.006741428243232116,0.0009153572990140822,500
1,shock_x_ind4,-0.006891832814808322,0.006000681311441701,0.005342575043571854,-0.016969137945918922,0.0037443312794966004,-0.015204758998846423,0.001987667181105788,-0.01185864817089148,-0.0012980964462538892,500
1,shock_x_ind5,-0.0020996697640127304,0.0037277323334561495,0.003776400993861018,-0.009786856434014127,0.005507992855439885,-0.007577398858933964,0.00446069082548001,-0.005751095300463901,0.0017539810428693786,500
1,shock_x_ind6,-0.00018871890102501327,0.0036740568209353884,0.003551237862235565,-0.0069320479140858315,0.006745537192846808,-0.005784888406514246,0.005734098054807962,-0.0035464069018797603,0.0036218184864249257,500
1,shock_x_ind7,-0.008272735970291226,0.004377627765401599,0.004413781882331618,-0.016400514462964935,0.0005146106658336257,-0.015476689271761851,-0.0007877223972685113,-0.012342131393797447,-0.003568593794345426,500
1,shock_x_ind8,-0.005734769508199333,0.0029595026723392183,0.003224810456990572,-0.011976951461896153,0.00043361626145490244,-0.010948390236123045,-0.00032268006284702413,-0.009148852993025187,-0.002605026118288462,500
1,shock_x_ind9,-0.006121064270561942,0.0038848226212063303,0.0039364216709393786,-0.01420658878133214,0.001324331066973235,-0.013179587575919065,0.00027657960168169285,-0.010089717232519106,-0.0022964167883863865,500
1,shock_x_ind10,-0.00954581506730742,0.003477539014786795,0.0039225369742307,-0.016678166475072462,-0.0019039206273522595,-0.01601280187827921,-0.0032548242399586856,-0.013451730590296041,-0.005466029274706925,500
1,shock_x_ind11,-0.004932241628809477,0.0051207132048711095,0.005091428672225375,-0.0147684116012908,0.0050460263378938495,-0.013776445598803639,0.0036130426838786103,-0.01015424025949513,-1.975289106068252e-6,500
1,shock_x_ind12,0.0007634160273649294,0.0026884036258464417,0.0028245363928196534,-0.004600361808330613,0.006287733735468544,-0.0037401429616636464,0.005453829101557768,-0.0022826133925372715,0.0035150591093527747,500
1,shock_x_ind13,-0.004079998084912785,0.0034645057219347187,0.0034298323615323902,-0.010342745902330714,0.002717114698035118,-0.009702049610080211,0.001668726572427481,-0.007331946573565406,-0.0006342906188053111,500
1,shock_lag1,-0.0013268537275064108,0.0014817484136534585,0.0016574687609234853,-0.004163010728886272,0.002321957833445288,-0.0038013658097238666,0.0016571370002909285,-0.002850779296077239,0.0005317284893554606,500
1,shock_lag2,3.6996628931354224e-5,0.0014933270709758767,0.0015974797508069088,-0.0027303198088329374,0.003229982181401799,-0.0024344147354255176,0.0028431135727765462,-0.001418586675387396,0.0017951743347476797,500
1,shock_lag3,0.00287780953756526,0.001766038323680642,0.0018221570790340868,-0.00038295339880871923,0.006582917382214091,4.363848444678464e-5,0.005908858501012627,0.0012015022103499793,0.004742673640320429,500
1,shock_lag4,0.0016020158298932002,0.0014818762933359237,0.001502792956286078,-0.001418523136250331,0.004462369525681073,-0.0008326806176161878,0.004102111480862794,6.044657275607771e-5,0.0030914181146212256,500
1,shock_lag5,0.0006719589569092133,0.0014669838316048026,0.00148402426840083,-0.0019959574415078095,0.0037436874793354783,-0.0017839695935651363,0.003014571382760087,-0.0006527607126563108,0.0021319584383972575,500
1,shock_lag6,0.001467158054508273,0.001311496470266258,0.0014907402078603003,-0.0016960632679736427,0.0045571587677694,-0.0009854599563880137,0.003985104760790409,8.421423648565988e-5,0.0028542034873104516,500
1,shock_lag7,-0.001172510087241773,0.0015636109944856527,0.001511057105919374,-0.003976377499992233,0.0017691896477513996,-0.0034885009061018275,0.0012213054373052493,-0.0026503380150084354,0.0004233267453585165,500
1,shock_lag8,-0.002891836682955903,0.0014060685546417177,0.0015413633589872987,-0.006012154349656828,-8.062380468403871e-5,-0.005527370973564142,-0.0004181677141070141,-0.00444983848897405,-0.001349256720608277,500
1,shock_lag9,-0.0007965743436513078,0.0015444882904450663,0.0014692153007004577,-0.0038449973225522897,0.001891606858597367,-0.0035610430850857135,0.0014360409459759117,-0.002386486119785732,0.0004912438671225345,500
1,shock_lag10,0.0027493814552036803,0.0017905045614672545,0.001769054331899519,-0.0005172312639187828,0.006452532271718698,-4.788031249093815e-5,0.005806781363573049,0.0010634045565025196,0.004650410158815178,500
1,shock_lag11,-0.00016116235350587804,0.0013283359752884018,0.0014102431368011568,-0.0026866282578448695,0.0026774583527147846,-0.0023056097490438427,0.002283517866569515,-0.0014584815635224615,0.0013754459597580036,500
1,shock_lag12,-0.0021461920771773772,0.0015406659922608363,0.0016066295185253661,-0.005388895869396512,0.0009567026420040186,-0.004777981835995064,0.00033240559368805653,-0.003820133327964335,-0.0005040911680160113,500
1,log_oil_lag1,-0.003801200301790685,0.002816309626514824,0.0033612400141248525,-0.010936666245172108,0.0026315871378203132,-0.009309204463417245,0.0017877318704081315,-0.007299759950886724,-0.0008658230572759422,500
1,ffr_lag1,-8.70133826324217e-5,0.0005591686553671587,0.0006294057095957475,-0.00133374462794087,0.0010424326271220416,-0.001173495227908578,0.0008949426229814423,-0.0007783746533145421,0.0004956674061544961,500
1,cpi_lag1,6.47966449017757e-5,5.395605294676781e-5,5.864627583419409e-5,-4.225940800128424e-5,0.00017732616807656482,-2.6159762606308846e-5,0.0001617836249362215,6.728151457747169e-6,0.00012599006919979176,500
1,indpro_lag1,0.0002470013623937977,0.00014912253791205213,0.0001928749775341926,-9.433406715084906e-5,0.0006487562406586915,-5.337171648282949e-5,0.0005772492300395004,5.384433367711329e-5,0.0004480931663683025,500
1,log_rwage,-0.02272883506922761,0.017067361431289722,0.018356888823412527,-0.06073036828057102,0.010701417297322522,-0.05470817619152905,0.005913031117865399,-0.04221496903231717,-0.006124464959384559,500
1,age_mean,-0.00023897096874806687,0.0014083593620928668,0.001509202251901275,-0.0032354247537547303,0.0025539180063115247,-0.0027305041105440803,0.0021509848853901972,-0.0018366140780024394,0.0012125519578870688,500
1,female_share,-0.04803719556761319,0.04773025912314413,0.04354306269855456,-0.1299076777685662,0.042352257018675656,-0.11952571370874346,0.024325966308074376,-0.09057451372676384,-0.0041647413462923616,500
1,married_share,0.08571687819300622,0.0416929628489217,0.04146302443342972,0.00972779823507321,0.16467701799059692,0.0208573354658928,0.1557965334623486,0.04521879713396296,0.12832664122530954,500
1,hours_mean,0.0006895777342529041,0.0015487554272735073,0.0016417117240498586,-0.002392203052054663,0.004139057945475287,-0.0018360903737277277,0.003560089669227116,-0.0007496444195834076,0.0024254536899241015,500
1,unemp_rate,-0.061222506954353585,0.0469457541180737,0.05304913885913563,-0.169081895869255,0.04284125628067602,-0.1534106737932938,0.0176272392451502,-0.11855443488401696,-0.017524614951912983,500
2,intercept,-9.656813870169154e-9,0.0008908042216399251,0.0010474327440883491,-0.0019869235110873498,0.0020172846602748086,-0.0017317126311939286,0.0017503075946521305,-0.0010086165418939975,0.0010531876578511719,500
2,shock_x_ind1,-0.018679969320721825,0.006647368059954266,0.0062825949106408915,-0.031211747555581502,-0.007400375256675502,-0.029753075998300915,-0.008709822218459704,-0.0254647737868755,-0.013227195491161489,500
2,shock_x_ind2,-0.0030617770816046097,0.010914401718123056,0.010828959472223216,-0.02427844881896896,0.017523723330742397,-0.0205729243841338,0.015796297129844556,-0.01374462877541993,0.007885832654725554,500
2,shock_x_ind3,0.0010181198058074323,0.003583171583655842,0.00357639007183345,-0.005890889082237964,0.008228464139485595,-0.004843262820149314,0.006385654833544442,-0.0025013534007864782,0.00435061881771689,500
2,shock_x_ind4,-0.0023523367632328368,0.0045362221163371755,0.004489196277833715,-0.010726777649781763,0.007517363864701111,-0.009259778676879656,0.0052482752014094925,-0.006581236982306845,0.001999230031827716,500
2,shock_x_ind5,-0.0021054547510948626,0.003911688140141612,0.004226766049100944,-0.009764606920193403,0.006419650242078289,-0.00870985625568919,0.0049919878249551465,-0.006161621017888441,0.002322212799393257,500
2,shock_x_ind6,1.6811118074695463e-5,0.0030631262765072062,0.0033308552883057068,-0.005959353862389242,0.006876056105174571,-0.005132252621079831,0.005738325712295969,-0.003157980104898335,0.0034506452451556553,500
2,shock_x_ind7,-0.0012927403661866757,0.005336513993609416,0.00509413293791053,-0.01091905651635388,0.008482601408182336,-0.009698757128952292,0.006886911980418404,-0.006177439801461214,0.004081491483862963,500
2,shock_x_ind8,-0.004524419807080718,0.0034557993277872724,0.0036547843174855816,-0.011256746289382061,0.0026578065962145833,-0.010561369287554367,0.0017064290989280582,-0.007635094545463562,-0.0005549732832243902,500
2,shock_x_ind9,-0.008484592864532669,0.003667807755484682,0.0038150616226968353,-0.01607506337945897,-0.0014134191355601542,-0.01464698023855082,-0.0023783342187337912,-0.011960697878234436,-0.004623220114651285,500
2,shock_x_ind10,-0.014619589338600695,0.0036498721927391816,0.003873093268833527,-0.02189890751130153,-0.007320267004375753,-0.020708024600535703,-0.008420603947290703,-0.018192754763724617,-0.01014059056184382,500
2,shock_x_ind11,-0.0051013511505422025,0.004802000134605727,0.005160210111766759,-0.014931507691281399,0.004487063982231507,-0.0132173956986563,0.0033685144953395285,-0.009853302320700894,0.0005800449070877625,500
2,shock_x_ind12,-0.003618538713845708,0.002948485585411203,0.003110901985056932,-0.009507101208082562,0.002590595807678623,-0.008745419721547304,0.0014227322930008852,-0.006645579155015125,-0.0005822170512168463,500
2,shock_x_ind13,-0.005399810996200246,0.0034375643149684243,0.00327369584397818,-0.011781662904779501,0.00046937094618288013,-0.010948708114172647,-0.0002654053753519402,-0.008884797521711962,-0.0023676531955532324,500
2,shock_lag1,0.00014516653396375826,0.0015659457557529721,0.0017645657084915962,-0.003167267351291047,0.0036791029964600153,-0.0027849634595488704,0.003124939742177727,-0.001603273882447999,0.0019096663684712635,500
2,shock_lag2,0.0008948585066434719,0.0016294089135614426,0.0016005605811621557,-0.0022074957408476327,0.004079170570896511,-0.0018703417732311603,0.0034101061424726075,-0.0007881249700031202,0.0023984633241047864,500
2,shock_lag3,0.003142028470315422,0.0016901293227520988,0.001870354045307578,-0.0005941065664190014,0.006942785916591359,2.7899760990525635e-5,0.006155441585760861,0.001437915192321418,0.005075230064621813,500
2,shock_lag4,0.0018581914205181465,0.0015147667886201849,0.0015931851984594782,-0.0015366829395227675,0.00477439532856372,-0.0009335812530021846,0.004360657751953013,0.00021846619991442326,0.00340878126727049,500
2,shock_lag5,0.0017203430057752386,0.0015541847225987657,0.0016408216344173656,-0.0013304022364001985,0.0048827828833147265,-0.0008140908967676551,0.004438345661450446,6.791310425160047e-5,0.003330127234037586,500
2,shock_lag6,-0.0005693260093227445,0.0013045132176952557,0.0014697419880639248,-0.003431591148725227,0.0022817333655512483,-0.003023975112234935,0.0017929647739209212,-0.0019882488835821317,0.0009637546229957748,500
2,shock_lag7,-0.0022025317325947676,0.0014405504035045244,0.0015836508897794136,-0.005443340323773645,0.0007560511120668654,-0.004944865250760779,0.00019215478252093807,-0.004085425097889158,-0.000801622820819171,500
2,shock_lag8,-0.0026045656766488633,0.0017373136110592018,0.001834511803659335,-0.0063682044297628726,0.0006145737799706388,-0.005940151390279848,6.244302658362468e-5,-0.004684222564967034,-0.0010264114506292569,500
2,shock_lag9,0.001589942396471103,0.00159112711501068,0.0016424192832748014,-0.0014336497437602807,0.0046417274402881185,-0.0010361636044936414,0.004213994528532288,-8.45961254538715e-7,0.003281950237233679,500
2,shock_lag10,0.00031735984205828656,0.0015276985764845958,0.0016227164103024886,-0.0032251654659806554,0.0031342688364311986,-0.0026544169650129174,0.0027056367409875595,-0.001482805976597887,0.0017016994202781262,500
2,shock_lag11,9.917657930323906e-5,0.0016813265501718735,0.001675700988520243,-0.0029589634885088933,0.0035318222977731195,-0.0023744633835653603,0.0031129459548283117,-0.0014004048551954148,0.0019959987630205856,500
2,shock_lag12,-0.0014664892824458966,0.0015625754649877487,0.0016018404224758392,-0.0046117691907874,0.001418760739358749,-0.004102154758998959,0.0011179372003218507,-0.0031408636128078095,-4.916646584339251e-6,500
2,log_oil_lag1,-0.0031404629115348607,0.00352858045114314,0.004010860907000588,-0.010369990937854241,0.004699319504445916,-0.009489786333934276,0.003618942177894721,-0.006919905019052925,0.0009596236576378671,500
2,ffr_lag1,5.487801389700599e-5,0.0006541768836867048,0.0007626148975314985,-0.0014858598444659782,0.0015515206262111225,-0.001105183272633587,0.0013716333212620711,-0.0007098030081636112,0.0007945007801650806,500
2,cpi_lag1,-1.8801673694275335e-5,7.14675670324977e-5,7.534751942154681e-5,-0.00016131576878870743,0.00013474648830949553,-0.0001478338092743356,0.00010128665133392808,-0.00010127218910333056,5.05132526238787e-5,500
2,indpro_lag1,0.00012217219099204776,0.00018107283173591186,0.00020884257011631464,-0.00025846495734239424,0.0005155431402398855,-0.00021459043234860632,0.0004805554924695214,-9.726487666498462e-5,0.0003222583951531417,500
2,log_rwage,-0.019135426733520186,0.026241898580343207,0.027124638986420774,-0.07540703204537386,0.03288830078945451,-0.06196435222781158,0.024674913543434013,-0.044571412317236714,0.009377416458192787,500
2,age_mean,0.0017329855514055775,0.0015696431230569144,0.0017578639760553593,-0.0017037542487169858,0.005065901159413659,-0.0011439808700448879,0.004674400923942903,5.178387291815769e-5,0.003486762161519575,500
2,female_share,-0.06229050343995823,0.04920930536908752,0.04794138693698357,-0.15578293853722314,0.033088022019058735,-0.14041028535311312,0.016037881024894486,-0.11183371394851864,-0.017518330349503557,500
2,married_share,0.023236662667353167,0.04167681299272143,0.04013207013557503,-0.05677656531156132,0.09668676894327899,-0.04241511020455819,0.08736227348599178,-0.018300951044882482,0.06264727839722946,500
2,hours_mean,-0.0010120304500621455,0.001597154655311613,0.0017243270931861616,-0.004428790969232608,0.0021794754287175707,-0.004087015489390926,0.00174493407152042,-0.0027173998049523783,0.0007050557647781368,500
2,unemp_rate,-0.1289796069151481,0.044710654818064445,0.04664804934377145,-0.22568006692610612,-0.046292437580817955,-0.21135230383842366,-0.057417355825578706,-0.18202958997727411,-0.08494914997520518,500
3,intercept,-3.128870619828632e-9,0.0010854082911520724,0.0011329479277610874,-0.002078486228668167,0.0024184059833176185,-0.00179932816393876,0.001868981834506924,-0.001026251099945817,0.0011292701619474508,500
3,shock_x_ind1,-0.020563996564453284,0.005930852728411309,0.006123712788727804,-0.03297709497624732,-0.009474392877083394,-0.031018866662834307,-0.011655689215443537,-0.027808299100575456,-0.015151050160423915,500
3,shock_x_ind2,-0.00792657978796824,0.010559086254178833,0.01144964026050576,-0.02950797574574115,0.013589614438760588,-0.027556159973070433,0.009926657323373866,-0.01957959941301203,0.003855167378746507,500
3,shock_x_ind3,-0.00030655545353769576,0.0036000337671524283,0.0037410195862851063,-0.007091009487423598,0.006951834329716106,-0.006059809032668315,0.006278128751586199,-0.004110459052528394,0.0032014316138505366,500
3,shock_x_ind4,-0.00022841933376394324,0.003985011880525786,0.004405546083255221,-0.009139795448541625,0.007706189311677826,-0.008215525713949824,0.006132679469908766,-0.004944773454219469,0.0036094140182903823,500
3,shock_x_ind5,0.0009256969880670812,0.003870233302637664,0.004058736726481635,-0.007317939120328764,0.009208270951224083,-0.005822934037461873,0.007553932989676587,-0.0029923314976223873,0.004780972274173806,500
3,shock_x_ind6,-0.001407096343100566,0.003904783195550106,0.0038863956555106795,-0.00901696555063956,0.0056585474640349805,-0.008339660209967233,0.004657296529161389,-0.005189626991225794,0.002252032909589251,500
3,shock_x_ind7,-0.010505565130994595,0.005600038049986334,0.005981477373542467,-0.021634461157251914,0.0007627565142284992,-0.02018427599393183,-0.0012718383648420914,-0.017276254320708572,-0.005057587700505325,500
3,shock_x_ind8,-0.001493433756256806,0.003419427686682464,0.003416183729091676,-0.00851102305947805,0.0051670835368732675,-0.0072420927301824305,0.0041280131531448916,-0.00506458910864728,0.0015452963126597555,500
3,shock_x_ind9,-0.0031383212953912196,0.003849553589670242,0.0039577653358332686,-0.010598604817855496,0.004239319245029412,-0.009507925275472711,0.003571720202098164,-0.007107827078447921,0.0011134853652703767,500
3,shock_x_ind10,-0.010037213688696705,0.003847410688117353,0.004267087736884364,-0.017861822786932345,-0.001114994533323027,-0.016781374927515365,-0.0027378165843624964,-0.014125334284695326,-0.005473574722608381,500
3,shock_x_ind11,0.007944543316240848,0.005047541789721894,0.005482979633359778,-0.003863887934147783,0.019128334093341526,-0.0010365865756446994,0.017172214810176705,0.0026107475981738066,0.012812772108631265,500
3,shock_x_ind12,0.00031397579501313196,0.003333828875313756,0.003691318576275881,-0.00719215481358281,0.0073945378303656465,-0.005824104250435748,0.005565868510008998,-0.0035336701686056603,0.0036448782185821743,500
3,shock_x_ind13,-0.0011964408618244952,0.003569619134902993,0.0038706411388408596,-0.008566740379159917,0.006576043631163865,-0.007129926499770664,0.005368468544088935,-0.004781826388559363,0.002657591410141745,500
3,shock_lag1,0.0014899033228848073,0.001415473727168007,0.0016034539848124127,-0.0013924184460072007,0.004883336511107187,-0.0008890065186976437,0.004200537344547211,-5.605223130738736e-5,0.003186811752187054,500
3,shock_lag2,0.0016355271628092061,0.0018380716637974412,0.0018840015183882173,-0.001997601908720063,0.005487442045988724,-0.0014125085487125366,0.0046743682031930005,-0.00017008303575917822,0.0036896081075529687,500
3,shock_lag3,0.003449065454892007,0.0020646788414364825,0.0020117049633293724,-0.0005842681953911585,0.007288118965746631,8.271183119755385e-5,0.006646643550809527,0.0013074524669020604,0.00527014765263588,500
3,shock_lag4,0.0030029701028778904,0.0018512148128093239,0.0018153259415498782,-0.00029523705947431594,0.006492429596689709,0.00019389501432042264,0.006071965815250323,0.0011760997643520774,0.004882053880894267,500
3,shock_lag5,-0.00037609812979828833,0.001717142504135802,0.001673833912523604,-0.003729302116225346,0.0028551577596816436,-0.0032929976030934035,0.00213357591488432,-0.002243337576357828,0.0010862974870237442,500
3,shock_lag6,-0.0013746681712333904,0.0016382459872105266,0.0017761525437438933,-0.004577465818444029,0.0021246836204905006,-0.00429225797308669,0.0013324706901418448,-0.003255113120111363,0.0003274289776784175,500
3,shock_lag7,-0.0016735256443932854,0.0019408983192709967,0.0019461848140446352,-0.005963521702549516,0.0017195600236438147,-0.005314671588442946,0.001034673367837876,-0.003959613878246354,-0.00020089934778166392,500
3,shock_lag8,-0.00013952527180495535,0.001826980294019302,0.0018038305132627708,-0.003784847606325423,0.0031926737299288344,-0.0032630225263784716,0.002813653113509845,-0.001908688951347391,0.0016824423989965419,500
3,shock_lag9,-0.0009034662395833356,0.0015962857477788473,0.0016622131703245492,-0.004144041683194372,0.0021040676820091465,-0.0037825432094166253,0.0017536732183458877,-0.002601095150463809,0.0007752268261373896,500
3,shock_lag10,0.0004938187690947497,0.001487368126121201,0.0015038948066254873,-0.0024793482021678768,0.0034124172854305915,-0.0018971308671408946,0.0029731671780679056,-0.001125409198115772,0.0018516944391953206,500
3,shock_lag11,0.0006831816950796126,0.0015544008929935038,0.001607056570336386,-0.0022814314567468808,0.003941539416282411,-0.0017783194584038164,0.003440298522364237,-0.000832503595332215,0.0023551808986079807,500
3,shock_lag12,-0.002838827535091497,0.0016318078128469379,0.0018888789312948564,-0.00650370623152112,0.0008715054822821848,-0.005990519033818054,0.0002957609986324184,-0.004556766252064955,-0.000941972151077777,500
3,log_oil_lag1,-0.005001263086797641,0.003977384928421614,0.003996334941285818,-0.013030002893151187,0.002836710084636589,-0.01142605391159094,0.0015521919265116763,-0.008726344690854832,-0.0011346328941885656,500
3,ffr_lag1,7.33395527706026e-5,0.0008026102629165512,0.0008133905078417234,-0.0016757026876203294,0.0017154234264778435,-0.0013736753332127096,0.0013937378096174255,-0.0006965081738368774,0.0008290692523215281,500
3,cpi_lag1,3.997384446841336e-5,7.735344029468354e-5,8.017469390512014e-5,-0.0001068379189844907,0.0001989503780901491,-8.769786895176189e-5,0.00017454608945209146,-3.6651967507417076e-5,0.00012269152583788535,500
3,indpro_lag1,0.00024965255648939146,0.00019307341720852084,0.00022491787835133734,-0.00021196956918656824,0.0006786635053977815,-0.00011866468142273589,0.000585059757983156,2.8319004934217603e-5,0.0004564313689912013,500
3,log_rwage,-0.050156395819794225,0.025741981770655016,0.02507933892738977,-0.0918876879179428,0.0005241057002077062,-0.08722256525110757,-0.0064402843757446525,-0.07467026693315568,-0.024392776258350134,500
3,age_mean,0.0016093524930181425,0.0015677733963200863,0.0016137147392871188,-0.0019656091335095048,0.004262709337231493,-0.0013838540946529963,0.0038684008347137826,-0.00020847740678893749,0.0030412554625574603,500
3,female_share,-0.05001127491170469,0.0471702850682754,0.04686377637785101,-0.13966894838878482,0.04375052401507708,-0.12365350735539267,0.02928380737273069,-0.10018489101581263,-0.002963519944745755,500
3,married_share,0.04184602273595086,0.049267581113433385,0.04919403580139469,-0.05272112060865658,0.13594991274622814,-0.04002591578604913,0.12517341063680368,-0.009799578030041063,0.09050743266212156,500
3,hours_mean,0.0018325484245015043,0.0015746663745724915,0.0017370568394621112,-0.0018788131195922875,0.0048248435661963525,-0.0013962414906693186,0.004447543570086494,8.186632251902328e-5,0.003316562074105912,500
3,unemp_rate,-0.11902400025570017,0.04588709347871833,0.05316278518545773,-0.22588053219391843,-0.024836641101449744,-0.21074427873890222,-0.03690393272616503,-0.17542360658155987,-0.06951432856288366,500
4,intercept,-1.1451047759855932e-8,0.0012419341996455432,0.0012008622373471227,-0.0021464737864036938,0.002538306625992288,-0.0018708045926259843,0.002195876368845003,-0.0011161096185197219,0.0012286074134916125,500
4,shock_x_ind1,-0.004315786087964432,0.007059420654217321,0.006960656258595359,-0.017035540548581963,0.01029908451808537,-0.015995728410675314,0.007481446398033562,-0.011168969397231965,0.002574165681220356,500
4,shock_x_ind2,-0.006054568940288412,0.010652209236810926,0.010557484043685826,-0.02644414767091366,0.014357136968832312,-0.023251236907927082,0.011509017898457714,-0.016874554290684414,0.004554789396263281,500
4,shock_x_ind3,-0.005653288018084647,0.00410315725930149,0.004483471932224678,-0.01376501745405566,0.0035921299545226618,-0.012584090780196894,0.002550102693473631,-0.009774540957160805,-0.0006604193951027549,500
4,shock_x_ind4,-0.0026947513987840405,0.004024414769731354,0.0042368177580869824,-0.01117521680612047,0.005497358253913514,-0.009801479522417228,0.004697540916496855,-0.006978598617942699,0.001467816111670526,500
4,shock_x_ind5,0.0006424391278848447,0.004180812325573422,0.003953377446319249,-0.007026647792401904,0.008417374098353256,-0.005326249978545376,0.007408978467957217,-0.0032604834420062673,0.004634687636476669,500
4,shock_x_ind6,-0.003650098615957736,0.003592394726973159,0.003639398201105864,-0.009878355195980707,0.004117092169566544,-0.009114845091630023,0.002867102990460232,-0.00723237456035003,-3.2461375348947595e-5,500
4,shock_x_ind7,0.0015149050759120065,0.005716667124417268,0.005535784034934462,-0.00986053287980082,0.011515340491901154,-0.008499821113591,0.010077111837256614,-0.004081657119304926,0.00692926207917525,500
4,shock_x_ind8,-0.000815148759352632,0.0036907940335661016,0.003910195738705273,-0.0086832478029337,0.006923646819696372,-0.007650161664569894,0.004950591280403762,-0.004995085126528206,0.002793465391898558,500
4,shock_x_ind9,-0.009348337416364753,0.004011518502001414,0.004029623632240832,-0.017286935798665578,-0.0010532174321616627,-0.015895298802598826,-0.003127742739854025,-0.013732223995695193,-0.005451440685189473,500
4,shock_x_ind10,-0.008890921678453116,0.003893423525628223,0.0037064193599488544,-0.016057990962403238,-0.0017221324385625623,-0.014903022447623484,-0.002577047916174379,-0.0124348195974034,-0.005452670792086773,500
4,shock_x_ind11,0.007100820213790597,0.005669991086859512,0.005428186021846599,-0.003744695614010752,0.016872281701543826,-0.002101638281198524,0.01574647568566145,0.0012994916083292594,0.012480898810545631,500
4,shock_x_ind12,0.004880476489977138,0.0035296238358189253,0.003606250761378457,-0.0026340334946749495,0.011889033771097412,-0.001357751856577937,0.010775354765852625,0.001455151614238435,0.008433227263453708,500
4,shock_x_ind13,-0.0059255158819830804,0.003254341879330183,0.003610740536843057,-0.013073902891956164,0.0007496693642040071,-0.011964559189011735,-0.00028676605499183626,-0.009941080730831988,-0.0026448684970888417,500
4,shock_lag1,0.0019491629533602577,0.0017479344023330532,0.002047975042728068,-0.001979450696608476,0.006019675589455079,-0.0012082595975560666,0.005451956707668014,-6.320498535929572e-5,0.00402408866155593,500
4,shock_lag2,0.0011950231519114133,0.0020499044688578505,0.0020704132295045006,-0.0028379415205818047,0.005516843429491349,-0.001865334868391706,0.004804191341550253,-0.0004904216555585276,0.003337082280763853,500
4,shock_lag3,0.004440953469400942,0.0018804555789428195,0.0019457723196992076,0.0004961631997865394,0.008359298585704982,0.0013314631103611392,0.00743004948842689,0.0024400253190378315,0.006115986546959883,500
4,shock_lag4,0.0007857100293579651,0.0017834903701065738,0.0019334476611263785,-0.002569637808358662,0.00480426861515383,-0.0021153516420707977,0.0042856249262892086,-0.0010464567925400684,0.0027615068986542274,500
4,shock_lag5,-0.0009549199780836292,0.0014726203199008831,0.0015248845025619471,-0.003844629363169098,0.002060403629639944,-0.0034040013368187997,0.0016132670205377434,-0.002424572607899628,0.0004879547388921658,500
4,shock_lag6,-0.0011833008857542343,0.0018134750559247544,0.0019004127203088804,-0.004935501877533264,0.0023616425477046054,-0.004469361587768627,0.0018341327565212207,-0.002986723779195746,0.0006252898195113457,500
4,shock_lag7,0.0006058540494069441,0.0018065669352517512,0.001837890920273869,-0.003008368483341099,0.004143731038139428,-0.002320646670371028,0.0034247863482880425,-0.001136194782326513,0.002528356564436988,500
4,shock_lag8,-0.0027067283233706925,0.001725599779212878,0.0017430099504861921,-0.006084074678416589,0.0006559411129774871,-0.005692407399690644,0.00024318648219663302,-0.004305187070324741,-0.0009579459196745808,500
4,shock_lag9,-0.0006816242258509712,0.001532026386633046,0.0015753281121962093,-0.003499192988057271,0.002501022810017241,-0.003164011004122912,0.0018613666185672971,-0.002251654233758091,0.0009442233039174978,500
4,shock_lag10,0.0011506537578070493,0.0016938203581400987,0.0016531632254835032,-0.0020983008249413305,0.004443933362330875,-0.0014897106981343869,0.003948013819290174,-0.00042887767748683793,0.00273632030882255,500
4,shock_lag11,-0.0007166989859315292,0.0017062887154319494,0.0017159606778845414,-0.003990710176392709,0.0027301647898752886,-0.0034220153563013687,0.002202662985589521,-0.0023042914400026085,0.0010696070238371993,500
4,shock_lag12,-0.00019715295380629049,0.00167840292012553,0.0017900607762366834,-0.0038941065652616986,0.003256354250577762,-0.0033665145574833955,0.0025847419221007913,-0.0018636637180574637,0.0015653674286551192,500
4,log_oil_lag1,-0.003855483121407258,0.004102396033399874,0.004167994690475213,-0.012443380603887218,0.004349243888322137,-0.010699257227312464,0.003260165057551873,-0.007907211401239926,0.0003182428162160306,500
4,ffr_lag1,8.846015067607579e-5,0.0008533041729294825,0.0008331563498143846,-0.0014596147665336043,0.0017579664288903804,-0.001252885904558603,0.001359410471305411,-0.0007081246022465305,0.0009384065350462309,500
4,cpi_lag1,-3.228408778120593e-5,8.676948844451644e-5,8.444874802937667e-5,-0.00017390182833378211,0.0001705678358171073,-0.00015248225674755533,0.00012056902801968933,-0.0001033568357010693,4.9824319247424384e-5,500
4,indpro_lag1,0.00029502812111863224,0.00021014543517731054,0.00023173311789594447,-0.00016755540993407882,0.0007052966625921728,-0.00010325202051198146,0.0006427928773359245,6.423864372332706e-5,0.0004910879006072552,500
4,log_rwage,-0.04076761131469155,0.028461382323484025,0.026297212503107802,-0.08809652214755757,0.013714500735959525,-0.07919496858045712,0.004167895809379237,-0.0670121907501939,-0.01166516284880135,500
4,age_mean,0.0012183144744082914,0.0016595425316237003,0.001759421701104016,-0.0026264312843241305,0.004310331061751327,-0.0018229908123502537,0.0038941810913905523,-0.0006760746913096391,0.0027695976053349193,500
4,female_share,-0.10929330684034615,0.047488051845565676,0.04529893096147787,-0.19804528455112494,-0.01848564573437548,-0.18405448388334722,-0.036725425050717096,-0.15555292467546744,-0.06838615711222519,500
4,married_share,-0.010866060369179326,0.048851341966699394,0.04648603520151551,-0.09940456866337648,0.08142383031199957,-0.09457139440908059,0.06573951985338676,-0.05836418831319251,0.03327111085532019,500
4,hours_mean,-0.0013446965260205874,0.0017303403150586132,0.0018115726637702508,-0.004731198061392362,0.0024049639787319266,-0.004301883655188522,0.001795941773408114,-0.0031096759548352964,0.00040790519053769464,500
4,unemp_rate,-0.16907750961864762,0.04780462581153697,0.05359796548334736,-0.2689699676544236,-0.05648653332755641,-0.2555744296365371,-0.08068318367111714,-0.21382512701401987,-0.1127264539144382,500
5,intercept,-4.792152049637754e-9,0.0013161739240925025,0.0012809931225134577,-0.0025241244634043557,0.002300530211088091,-0.0021905097330385138,0.002126459129946417,-0.0012315349831290771,0.0012102643573732126,500
5,shock_x_ind1,-0.011775063908308188,0.006244831353791352,0.0063103153032737,-0.023946435876479575,-0.0002216520553262461,-0.022434573396899655,-0.0019331507926120266,-0.018556265147974406,-0.005473091937116892,500
5,shock_x_ind2,0.001476140142340621,0.009606754019990496,0.009828704350616215,-0.019068435892432872,0.019334135134048955,-0.01498593875320692,0.016949811702905875,-0.009293096624890158,0.01050356260328891,500
5,shock_x_ind3,0.001430197247468547,0.004492989352085002,0.004722449539284772,-0.007383315283560628,0.011351696313441339,-0.006147704633067269,0.009959182709244483,-0.0030925739111148814,0.006326453767593565,500
5,shock_x_ind4,-0.003276999824750808,0.00574470360828936,0.005456236609006493,-0.014008328376427022,0.007916258693893289,-0.012248098502018233,0.005763243238734894,-0.00851002577393417,0.0019151338749574633,500
5,shock_x_ind5,-0.000610223282532352,0.004432778977360252,0.004555932846610267,-0.009605022155014555,0.009178369252169692,-0.007797143990959805,0.007489515092642038,-0.00474473252142615,0.004103002666851512,500
5,shock_x_ind6,0.0003952630311040833,0.004187971371129427,0.0042447564427988225,-0.007927049651800501,0.008988048176101205,-0.006408640184562117,0.007942625986202746,-0.0035357034586052482,0.004785202758224534,500
5,shock_x_ind7,-0.005245072389805317,0.0052391683535913825,0.005175554212538525,-0.015357998404242956,0.004814519101765491,-0.013815769719075862,0.0032543759564596353,-0.010124393693084434,6.057025696456174e-5,500
5,shock_x_ind8,-0.003385548933362941,0.003477290448744937,0.0035297469121016232,-0.010537687987490288,0.0026389288804454514,-0.009353352619510414,0.001979604393168113,-0.006868408778819838,0.00013906069958059914,500
5,shock_x_ind9,-0.005219710577206727,0.004363354998084672,0.004477847769734817,-0.014289501789010946,0.003327715075499611,-0.012646211816031289,0.0021204542550629112,-0.009547907486451023,-0.0009514104145442804,500
5,shock_x_ind10,-0.007051171405405708,0.003855746150660795,0.004121964402484475,-0.015792273455573803,8.97208813246362e-5,-0.014300193454942923,-0.000928856116632562,-0.011456197672075587,-0.0029691001173963775,500
5,shock_x_ind11,0.005828110669362811,0.005291531445510871,0.005324519568646241,-0.005369471826174907,0.015439702010929535,-0.003799847302031894,0.013692585725054246,0.0002585194303978694,0.010553244713239231,500
5,shock_x_ind12,0.0045780711381144595,0.0032610800500705033,0.0035765165791802286,-0.002707913453287288,0.011497866702635147,-0.0013471862467595032,0.010148849687871402,0.0009780955726469212,0.008047202075378925,500
5,shock_x_ind13,-0.00342563700289767,0.0036954842620927847,0.0037098370424895177,-0.011062632393674495,0.004196131642832623,-0.009709347337812028,0.002726749845484457,-0.0071829286929486315,-0.00012833592512207005,500
5,shock_lag1,0.0018266125726193445,0.0018611973305483664,0.0019065918689273533,-0.0015767935117034354,0.005749207025839305,-0.001105683442814016,0.005236993241326408,7.78836707221382e-5,0.003852844233270929,500
5,shock_lag2,0.0022056693200814582,0.0019626632785790196,0.0019978168921491652,-0.0012113498527113026,0.006245815099770629,-0.0006977682429992285,0.005683910557699669,4.031371148923993e-5,0.004076910681968626,500
5,shock_lag3,0.001821690268397249,0.001959839244400122,0.0019499435775884254,-0.0018335878367289823,0.005599832732884255,-0.0016128164705140103,0.005073905499601356,-0.0002610799534838903,0.003791666046290004,500
5,shock_lag4,-0.0002471192645600264,0.0016332483844086554,0.0016866486657167914,-0.0036208089376704717,0.0029993373113845214,-0.002895632880146457,0.002658301260362551,-0.0018600109529934195,0.0014904553599300674,500
5,shock_lag5,-0.0011532023229267674,0.001813120315337152,0.0018129217243038444,-0.00500786801403637,0.002133092141480466,-0.004200442796306806,0.0015685702224242498,-0.0030007414342963085,0.0004591020403622876,500
5,shock_lag6,0.001033700923273058,0.0015723559836776097,0.0016826922545132362,-0.002170070432464471,0.00443517368196263,-0.0017337198177337055,0.003609351496623497,-0.0007317379446419891,0.002750756872934412,500
5,shock_lag7,-0.0022728459258316873,0.0016137505036464969,0.0016822259737615491,-0.005860271908501302,0.0008696110838503528,-0.005395705576968445,0.000389399451490517,-0.003952825276862516,-0.0006979333164914259,500
5,shock_lag8,-0.0025665927821743274,0.001581442910726725,0.001586672320090672,-0.005632097254982878,0.00041448861249604506,-0.005402442751334987,-0.00011406838622640282,-0.004203055048173767,-0.0011122283986382128,500
5,shock_lag9,-0.000405451687483275,0.0016356314341603824,0.0017172380942600345,-0.0037489031663353383,0.003036843952861913,-0.0032971327553374553,0.002556710208576565,-0.0022250478489787354,0.0011656374279264724,500
5,shock_lag10,-0.0004483010799875697,0.0016078061837285476,0.0017932470625055853,-0.0038883455176933913,0.003017025234545322,-0.003324057343720066,0.0025665452610680347,-0.002204651614994032,0.0014216076322259089,500
5,shock_lag11,0.0016971739535484383,0.0016268662837973387,0.0018356678239059327,-0.0018079221348725355,0.005189896132279985,-0.0013375829497055207,0.004629947044299302,-6.25765518702948e-5,0.0036445062150912443,500
5,shock_lag12,-0.0034151212278864494,0.001942100806414244,0.001995247550593149,-0.007394988051722383,0.0002301817120220695,-0.006896020639704119,-0.000314190068699612,-0.005465086716663188,-0.0016844369036909947,500
5,log_oil_lag1,-0.0033573868951708875,0.004243555053327012,0.004553443248880507,-0.011687410820545583,0.006135446997491462,-0.01037700276744542,0.004393141013718948,-0.0077455632766963425,0.001327196950920558,500
5,ffr_lag1,-0.00015189950337174307,0.0009136440688115148,0.0008975050965997405,-0.0020113456387435024,0.0017458374125462737,-0.0016013966769608298,0.0014739192799662218,-0.0009299471536148628,0.0007581337637773494,500
5,cpi_lag1,8.54440654525085e-6,9.42059582274467e-5,8.879569948815688e-5,-0.0001562920619868056,0.00018806214172505082,-0.00013810802305000026,0.00015374557512390258,-7.966198369538366e-5,0.0001024507574546621,500
5,indpro_lag1,0.0003836475843304225,0.00022894564519526097,0.00023712448010741592,-7.705145359184379e-5,0.0008614941097778025,-8.656384206817021e-6,0.0007700474814244774,0.00015296248942646556,0.000597211299531259,500
5,log_rwage,-0.049818977983731756,0.025545250071104503,0.02539394621197098,-0.09253240080218572,0.00621181269563467,-0.08381662374456984,-0.0020852803728653732,-0.071020764395753,-0.021142150905202654,500
5,age_mean,0.00033933059558963023,0.0016814294059199634,0.0017625354484415254,-0.003239590012936621,0.003975849291701158,-0.0027794694446840085,0.003351831154905311,-0.0013882128329834183,0.002000911885493992,500
5,female_share,-0.0329303281675924,0.04761407519044057,0.04714855309200332,-0.12423308538350397,0.06591748864310842,-0.10467506705847836,0.04859460809316936,-0.07672158617510298,0.013066049327007667,500
5,married_share,0.028358660661593812,0.04102354880316698,0.039572260325953935,-0.047755918183823694,0.10076217078123972,-0.036830883846807265,0.09107706953306566,-0.010340078861695074,0.06859184595949198,500
5,hours_mean,0.0003536069756631806,0.0016132420626303213,0.0017529746958305638,-0.0030170836384375557,0.0036077589084956225,-0.002615646132280739,0.003220964638159131,-0.0012960153069316689,0.002257116270036502,500
5,unemp_rate,-0.18960014296740646,0.046531185351029944,0.04931302401948733,-0.2751929104242441,-0.08738519459738817,-0.2643602558263847,-0.10428540733772995,-0.23694330467272887,-0.1369297731536094,500
6,intercept,-6.0501802830625836e-9,0.0013573536686544,0.001300190471594421,-0.002250924056567515,0.0027258287886314818,-0.002035355169818485,0.0022686734738791726,-0.0012743116994460815,0.0014235481284270899,500
6,shock_x_ind1,-0.01573199280811246,0.006920758144996803,0.007485146297745728,-0.031103415326215997,-0.0017138666286852385,-0.027529948033219138,-0.004082195463101696,-0.02329610042664401,-0.008660839342941167,500
6,shock_x_ind2,-0.0024528415671580253,0.01151031706025582,0.011991468261197577,-0.024927270943063767,0.02070140600859604,-0.02106305759779996,0.017258424914875413,-0.014996203782218545,0.009607951431078468,500
6,shock_x_ind3,0.004795455978552084,0.003626802019049103,0.0038735888149107308,-0.00251695571576957,0.012233053859985478,-0.0009569622633709632,0.011368697587662815,0.001129188640377983,0.008857993313636263,500
6,shock_x_ind4,0.0007760452488246025,0.003932909020893158,0.004278190458034623,-0.00696149959279771,0.009156319860352508,-0.005886372855478129,0.007834275286538055,-0.003527371929206327,0.005301534363093968,500
6,shock_x_ind5,-0.0009052618081039002,0.004602146956495432,0.004303383290594927,-0.009349399254371938,0.0074300454642324525,-0.008316937823166599,0.006219274279033701,-0.005401702501234994,0.0032821077367194825,500
6,shock_x_ind6,-0.001853304737041972,0.0038240414155052602,0.003854113628789155,-0.009216909050537691,0.006497336128067518,-0.0079934383740927,0.004611514083155952,-0.005606985101737852,0.001977567798767949,500
6,shock_x_ind7,0.002285694872637525,0.005601240075548802,0.005755366916047306,-0.008619739961355937,0.013573678701691818,-0.007819811059927432,0.011568134534376698,-0.0032433562151849256,0.008310308622614133,500
6,shock_x_ind8,-0.004038656733357667,0.003224788344088086,0.003414538514329473,-0.010722027774946321,0.002392620562256398,-0.00976009037936601,0.0016961581140879484,-0.007650920849714555,-0.0006878688935896378,500
6,shock_x_ind9,-0.005074929437521493,0.004079744121638516,0.004364961224531245,-0.013510252259451936,0.003037521740579604,-0.01265801661138478,0.0018396261152126697,-0.009620958955976817,-0.0009477944765268773,500
6,shock_x_ind10,-0.005942883542081568,0.004518275107887414,0.0045639527984218985,-0.014916840257935129,0.0029555146912631923,-0.01297585167363238,0.001791375677417591,-0.010560034313525918,-0.0015005714825251546,500
6,shock_x_ind11,0.007447121337589406,0.0057521963846517326,0.005888835379715497,-0.0034818575702590636,0.019883390305398572,-0.0016868985094329275,0.017502036258229756,0.0018467998968701108,0.01339534771424301,500
6,shock_x_ind12,-0.0004163365668184595,0.0035891041407377458,0.003790746320515851,-0.007924465436365857,0.007207364287424432,-0.006808731737770978,0.0058961202342364604,-0.004088481672550421,0.0032733501079823366,500
6,shock_x_ind13,-0.004457305284312034,0.0033934801867438716,0.003622736990976529,-0.011238084531396526,0.0031123876004785513,-0.01022783721535517,0.0018027626741317002,-0.007875570671075324,-0.0007185922080571515,500
6,shock_lag1,0.002777093757676141,0.001781061425898543,0.002025208387714177,-0.0011783662719541338,0.006924592988716697,-0.00043251141254786784,0.00628936761960245,0.0009416147209778139,0.004794918228273396,500
6,shock_lag2,-0.0006116543942344452,0.0018500187904076765,0.0019144286055305655,-0.0041467597760602255,0.003204165208791308,-0.0038505133791919967,0.0024138333008187525,-0.002421806816824157,0.0014939210208093465,500
6,shock_lag3,0.0007521082891860637,0.0019127628324637008,0.002020840722898056,-0.0034144135817434705,0.004679309454032364,-0.002720547265009771,0.004167168997978887,-0.0013346749587214647,0.0025891676131687773,500
6,shock_lag4,-0.00023303604530976207,0.0018150941428468656,0.0017603627967786857,-0.003605066500028704,0.0029591320749755867,-0.003243308913174358,0.002484928134535397,-0.002216426540967418,0.001476424600809912,500
6,shock_lag5,0.0015014975264108416,0.0019537437778052854,0.0019637736812541766,-0.0025343326036161235,0.00511602383396151,-0.0016145575795527372,0.00466864645066236,-0.0003448115679112263,0.0034368424004385585,500
6,shock_lag6,-0.002030858102185797,0.0016265409933858398,0.0017762134126789383,-0.005276803513868878,0.0014302651503953748,-0.004862814734407264,0.0008081214194389457,-0.0037448553488611193,-0.0002930280254386009,500
6,shock_lag7,-0.0019936521247216734,0.0016512063674836049,0.0018188571689880138,-0.005740373940833993,0.0014708613284120527,-0.005141708886047459,0.000833309067728678,-0.003940794047033955,-0.0003995776452517595,500
6,shock_lag8,-0.002260139645918936,0.0017530080139005688,0.0017793149785962819,-0.006066386026068637,0.0008213237954897546,-0.005373631136424277,0.0003069263556451507,-0.004167413754830444,-0.0008624179910516692,500
6,shock_lag9,-0.0016834490038006205,0.0016516194137385222,0.0017567917183140345,-0.0050726364853586085,0.0015899264373411674,-0.004454066095774646,0.0010582919497440883,-0.00351808905612978,6.121157177662242e-5,500
6,shock_lag10,0.0020643374124088842,0.0014661840663072981,0.0016503113373532432,-0.0011896197947141424,0.005094760691397474,-0.0007142680944005141,0.0044934526364799185,0.000393575100508908,0.003546625631702976,500
6,shock_lag11,-0.0012765012879898845,0.0017536660631054396,0.001868133855242688,-0.004688533527474528,0.0024265974708565416,-0.00402356609389404,0.001967453990188316,-0.0030313396366121433,0.0007785515312474978,500
6,shock_lag12,0.0002209234169019629,0.002040402668942395,0.002151441793025139,-0.004312326405913326,0.0037052949512571013,-0.003600185040302297,0.003222218459936544,-0.0021427946284507116,0.0021414775498604026,500
6,log_oil_lag1,-0.0030285461653012887,0.004230724406792724,0.004451188952894568,-0.011539035138274808,0.005541380538501055,-0.010822064635610905,0.0042768659228041685,-0.007621560081717701,0.0011320690823541934,500
6,ffr_lag1,0.00024602081439735165,0.0009612511331148546,0.0009020064963307451,-0.0013548017972708163,0.002108563819044976,-0.0010858378642203351,0.001767860997236212,-0.0005816922148538766,0.001282526045519006,500
6,cpi_lag1,3.069063829594533e-5,0.00010377336171026997,9.747002952588475e-5,-0.00014323358283979313,0.00025250585360458034,-0.00011848608751047027,0.00020867226276930932,-4.741313187232111e-5,0.0001340953960365447,500
6,indpro_lag1,0.00045014935036405087,0.0002371254387596278,0.00024876471012880174,-5.1815459823887765e-5,0.0008748651950983231,1.1442105497713626e-5,0.0008326704781460464,0.00018482792724579112,0.0006916099171297147,500
6,log_rwage,-0.04695555650507015,0.026819529608199673,0.026575812941671707,-0.10098927761033785,0.002993824004409111,-0.09152993127666201,-0.005845926642329177,-0.07146859699340834,-0.023948350662193807,500
6,age_mean,-0.000436079428498288,0.0015220976754319658,0.001559095525136054,-0.003227187561102978,0.0026574540837551773,-0.0028018911669713577,0.002175768605695622,-0.0019546457842513198,0.0011665313164336047,500
6,female_share,-0.04943202265291856,0.04639033348701403,0.049072735783645405,-0.14550217786817615,0.044797112867770716,-0.12834592410763088,0.028224201721022964,-0.10023685296660084,0.0018107169115472775,500
6,married_share,0.060786722644085564,0.04988441054649687,0.0467582624355234,-0.03344880239871198,0.14343378252749317,-0.020601685005058885,0.13590723470010757,0.011710348904769565,0.1053130202359192,500
6,hours_mean,-0.004393867454091873,0.0018519980749677047,0.0018602948837288112,-0.00796651177421391,-0.0009337441941523869,-0.00741795669964553,-0.0013699885055561067,-0.006248601863345421,-0.00242217019328481,500
6,unemp_rate,-0.2340290138143525,0.04787549384059996,0.05222708221305399,-0.33992556731800333,-0.1274432413616248,-0.31941325317842784,-0.1455563091890601,-0.2783803943790089,-0.17927908356687583,500
7,intercept,-9.131791597962497e-9,0.0013955588994843983,0.0013533779270194766,-0.0024073486033253134,0.00272596204028597,-0.0020030681560077863,0.002329999546702646,-0.0012520126172217666,0.0013191418776974772,500
7,shock_x_ind1,-0.013741518936473787,0.006644276759092491,0.006863374846774354,-0.026158714852486983,0.0006568036697780642,-0.02491585656401793,-0.002103232561582407,-0.020652667905565532,-0.007276211808795194,500
7,shock_x_ind2,0.01359971030451464,0.011150158901538296,0.009904231729287746,-0.006592683730211593,0.03210997417786366,-0.003639011583113209,0.029319606902894094,0.003673409211515948,0.02289825254843292,500
7,shock_x_ind3,0.0009551787717004918,0.0037509642169681343,0.004290201416851603,-0.007572317780950879,0.00924380681916084,-0.006013431407690655,0.008154392315450416,-0.003349257991902438,0.005155737523110388,500
7,shock_x_ind4,-0.004186522519295456,0.004299474187181242,0.004435718510746446,-0.011969011106928645,0.005628904148616939,-0.010539024541984028,0.0035319686692364244,-0.008410902265607444,7.936789664442223e-5,500
7,shock_x_ind5,2.9410045490236447e-5,0.004028935958344153,0.004190481373833592,-0.007951895887459742,0.008499716807550706,-0.006589993825563509,0.007088781736077323,-0.004320194424480356,0.004106428091573985,500
7,shock_x_ind6,-0.0008870516196301824,0.004025430535424049,0.003915718494110171,-0.009070420740504358,0.00682855987874159,-0.007501593269388243,0.005189598402749765,-0.004819901334536648,0.0028010514133959986,500
7,shock_x_ind7,-0.0014261527517219963,0.005161638854201457,0.005710039217676604,-0.011698832208021929,0.010269185809398323,-0.01020002802709858,0.008082331538105938,-0.007095080654100368,0.004432469179561839,500
7,shock_x_ind8,3.6391465050562185e-5,0.004046012216816785,0.003884063517498781,-0.007888393686981084,0.007373261735861067,-0.006651851029521444,0.006256373816296053,-0.004021022490742848,0.003671075588261634,500
7,shock_x_ind9,-0.00622004122930435,0.0036163153172876585,0.0036326091211114162,-0.013765541593985882,0.00045244110868900657,-0.012191898279799,-0.0004886437731522065,-0.009548980369518177,-0.0024974739349865297,500
7,shock_x_ind10,-0.003809659993625378,0.003628667475538025,0.0036677448124447405,-0.010712274815067032,0.0038625907299054416,-0.009773543056283444,0.0025236386247822354,-0.007185581595471013,-7.371018483241962e-5,500
7,shock_x_ind11,0.010704128294745785,0.00512301616126855,0.005212817514927577,4.904132856497302e-5,0.019889505742272884,0.0014417421287121087,0.01875180734641373,0.005308190548815839,0.015372738980388802,500
7,shock_x_ind12,-0.0015935666177164017,0.003411200191086254,0.003617303734326202,-0.008834177587208007,0.005326364055249568,-0.007772742340555896,0.0041289703844040754,-0.005038543510024958,0.002127091276449668,500
7,shock_x_ind13,-0.004992439821677019,0.004162440309189034,0.0043921718150598905,-0.014085496165062033,0.0037119585755583614,-0.012014694797192419,0.0026169412933248364,-0.00876565768055248,-2.7081279963825615e-5,500
7,shock_lag1,0.0003463411635472818,0.0018343294283849623,0.0018367261481525936,-0.003089483965871255,0.0043263630134552054,-0.0025146843248723388,0.0034387701343213005,-0.0013713113828819053,0.002187124930048855,500
7,shock_lag2,-0.0010320705248704322,0.0017638929621763939,0.001697041336195512,-0.004221282374268066,0.0023131552611266194,-0.0037560084900479557,0.0018799353535846465,-0.002536858254776056,0.0008848618242276751,500
7,shock_lag3,0.0009039339653996112,0.0017163235570410594,0.0018186083250785739,-0.0030484556021872864,0.004401752445777162,-0.002252796847485503,0.0037650000247046594,-0.000939839584293513,0.0026073499735541445,500
7,shock_lag4,0.0024635456080978686,0.0019108567297578523,0.0018497286896764149,-0.000986121842880096,0.006335415900373033,-0.0004045496356636993,0.005786046354844956,0.0007634347060244979,0.004381239321257034,500
7,shock_lag5,-0.00147312813114674,0.0014588823913388182,0.001488468862001113,-0.004704218147752907,0.0013747848957413236,-0.004088919554018683,0.0010526807285988833,-0.0031100237335170947,-0.00028290368579421524,500
7,shock_lag6,-0.001540542281465051,0.0017187037786351518,0.0018291758395464915,-0.005267727871690617,0.002063870916943032,-0.004556033484505914,0.001314465895080988,-0.0032447407865229374,0.0004114317919826352,500
7,shock_lag7,-0.0015842323623622362,0.0018661432517085024,0.0019520933128199945,-0.005348033030900036,0.001980024258859671,-0.004989249911471824,0.0016116108441038112,-0.003514648618918226,0.00021419914224527666,500
7,shock_lag8,-0.0034711791455242936,0.0017514873828241783,0.0018318911984539043,-0.0072740566766598125,0.00026804222402438364,-0.006402198696184376,-0.00046528933721145025,-0.005172506676587147,-0.001585544234548079,500
7,shock_lag9,0.0008420729670828527,0.0017040007372597266,0.0018620340181756219,-0.0026392556393512213,0.004791067107483263,-0.0019840508496003686,0.0038980378432718447,-0.0009142094576068885,0.002642510166743415,500
7,shock_lag10,-0.0009154669697732694,0.0015600487705478305,0.001673672665679559,-0.004425108950828619,0.002164528357351577,-0.003677812346749368,0.0017175066620531525,-0.002552547989909576,0.0007160577670151291,500
7,shock_lag11,0.0022357548019331284,0.0017384647396714937,0.0018145528432015239,-0.0011153289213613922,0.005966676778927578,-0.0006279209082040857,0.005520759352405023,0.00038754106058449953,0.004200104068793998,500
7,shock_lag12,-0.0020975146746435034,0.0018414851390340045,0.0018643104052243798,-0.005600102594071395,0.0017229014996984955,-0.005192064494217306,0.001029882822194243,-0.003891524511611252,-0.00027290226648737464,500
7,log_oil_lag1,-0.0037872446897387686,0.004209115027701511,0.004486046152674928,-0.012098591982642995,0.0053568957997795685,-0.01109361403927074,0.00368074339562669,-0.008039791866775255,0.0007545726066525763,500
7,ffr_lag1,0.0006456415054126506,0.0010525668975378951,0.0009726805256985956,-0.0011363930353021565,0.002928107967631397,-0.0008386574579104808,0.002505116155214978,-0.00011331436256606152,0.0016748746265242045,500
7,cpi_lag1,-4.60801975681919e-6,9.495625567048209e-5,9.312574701610208e-5,-0.00016207431284819956,0.00019406605670842686,-0.00014184545489494846,0.0001590895958544313,-8.60679800826059e-5,8.831581079862323e-5,500
7,indpro_lag1,0.00042773973369074217,0.00023660748838793747,0.0002465998566253107,-3.488074570104844e-5,0.0008811215980679779,1.288285284594516e-5,0.0008124557861901667,0.00015958489780707407,0.0006518848280880087,500
7,log_rwage,-0.050221728888400166,0.027510103649186334,0.025793883935145614,-0.09936653603602456,-0.0026594041413690074,-0.09258779357610053,-0.00919718812890454,-0.07395520978546072,-0.021826558929250634,500
7,age_mean,0.0018188071272193145,0.0015622140317242724,0.001661286275922572,-0.0014402462998802461,0.005034413368483223,-0.0009324013607618603,0.004600256511913929,0.00020492580638865703,0.0035705085726523795,500
7,female_share,-0.04544888047432864,0.04035728590403702,0.03883849787866567,-0.12379436075347347,0.023926752226491377,-0.11221685018497382,0.018692216019980355,-0.08667835263513947,-0.007750000991920568,500
7,married_share,0.043319935840999496,0.04056992054209751,0.04123999750469772,-0.033027164283081584,0.11882112649261746,-0.021027722214021445,0.10930264882011802,0.0011591549268114884,0.08261150962506604,500
7,hours_mean,-0.0010360417812537532,0.0015384007630221998,0.0017073019235679786,-0.0045056768518982205,0.0024022895860495576,-0.00385855437998573,0.0018275515904318117,-0.0026748286021585537,0.000576710251456081,500
7,unemp_rate,-0.2275138789686165,0.04263192478129629,0.04194241983846395,-0.30321164667495815,-0.14166345633106614,-0.28664421853874067,-0.15694577840913151,-0.2660897294232811,-0.18422450075005117,500
8,intercept,-5.295320018319373e-9,0.0014219888482541478,0.0013331124698204408,-0.002546025912659916,0.0026647875073195636,-0.0022111327424474483,0.002242409612358089,-0.0012509168113148759,0.0014325426081983497,500
8,shock_x_ind1,-0.013386396984114136,0.006636113405414122,0.006728792569610751,-0.026433155008859902,-0.0005934327403052239,-0.024547879969357655,-0.002718990523143167,-0.020213753206373357,-0.006897321163391918,500
8,shock_x_ind2,0.0024408690916710492,0.011837251877185314,0.012014932776707787,-0.021718338840244964,0.025457050160330265,-0.01847585315125073,0.02241100363365365,-0.010216012175245124,0.013284042375991208,500
8,shock_x_ind3,0.003060854143110064,0.0038357377151625955,0.0037354366292878007,-0.004194405585597556,0.010361008558672218,-0.0031088538313579143,0.009127960431050488,-0.0011360749528823858,0.00666332189433723,500
8,shock_x_ind4,-0.003803885830232867,0.00426351734617029,0.004698813901136699,-0.012050361265777108,0.006134587902370751,-0.010625740394635269,0.004196626628464898,-0.008043512163589037,0.0017711804383682339,500
8,shock_x_ind5,-0.0006744602308706903,0.0038237197467207683,0.0038844750386817675,-0.008044016681931044,0.006968201950774842,-0.006611888365498255,0.005847959914955354,-0.004492056088268343,0.003651663553158057,500
8,shock_x_ind6,-0.005905670933783975,0.004094960217815634,0.004123787600102958,-0.013475290553100285,0.002508295647204858,-0.01259160955781283,0.0013595149978264324,-0.009851680105719228,-0.0016380664110997932,500
8,shock_x_ind7,-0.005692114261239843,0.005467657531077912,0.00576793523124922,-0.01666013977273522,0.00511242472509712,-0.01477493136585941,0.0035684060219417497,-0.01182567442159154,-0.0001383977624670343,500
8,shock_x_ind8,-0.00827902004645777,0.0034639641726698714,0.0033080827084628886,-0.014771462980546294,-0.001493176136774522,-0.013444314462292252,-0.002675348128054821,-0.011586358982625979,-0.004776388891027069,500
8,shock_x_ind9,-0.0037954078569699475,0.003911521663501962,0.003930045914488143,-0.011980618314345194,0.0032181535870204215,-0.010245970916700127,0.00256146836529685,-0.007705181137780013,0.0001000171084914586,500
8,shock_x_ind10,-0.008012739888693986,0.0037249472471922967,0.004141532133219128,-0.016665581786999978,-0.0003662204987819039,-0.015185668294938498,-0.0015762670204202457,-0.012419158564002952,-0.004218715424596963,500
8,shock_x_ind11,0.007207005385787222,0.005045479980484785,0.005347647740691771,-0.0035151465057783188,0.0173678049956376,-0.0018518822974000404,0.015507456249439527,0.0014908430704464815,0.012602051197884056,500
8,shock_x_ind12,-0.006075024971834328,0.003583603107554899,0.003481250073157303,-0.012568533344011219,0.001325005439084062,-0.011817294443390141,-0.0005748256806571388,-0.009510584972462197,-0.00274362018806218,500
8,shock_x_ind13,-0.002231012797863076,0.0037808777137198187,0.003672778037484987,-0.009524674029075248,0.005110614007495056,-0.008484058293446358,0.003835904998562308,-0.0057831589182913284,0.0013809061931401867,500
8,shock_lag1,-0.00017709922756780773,0.0016916698559359096,0.0018595223576527947,-0.003991059598248687,0.0036719667955238105,-0.0032567625717936644,0.0030097502540222514,-0.001912774071191027,0.0017099707233285781,500
8,shock_lag2,-0.0012205595979309016,0.00179828152000803,0.0018395516470886247,-0.004724663763634667,0.00227188908827055,-0.0042650108276392285,0.001689088302980927,-0.003114866080278017,0.0005624577872607605,500
8,shock_lag3,0.003560058072935943,0.001872091262317887,0.002006623373340127,-0.0004826264983942511,0.007283713769868629,0.0001690388930003947,0.006659619509184359,0.0014851054621477875,0.005566684421564386,500
8,shock_lag4,-0.0006959501601088733,0.0015236069111682477,0.0016371113354229812,-0.004123595819182071,0.002383470583648896,-0.0036017540806372876,0.0018315469243484555,-0.0023249886695957647,0.0008817602917676646,500
8,shock_lag5,-0.0010316574386400367,0.0018987399251513017,0.0019525048577033956,-0.004629724288605971,0.0027599891074857425,-0.004067543822937206,0.0022917171885887015,-0.0031625468641402602,0.000989080042481986,500
8,shock_lag6,-0.0011808065491544862,0.0018135841953324278,0.0017785146909721063,-0.004891513115041641,0.0018352604367070963,-0.004205080626326242,0.0014049103074310586,-0.0030777474501415525,0.0004960436723083621,500
8,shock_lag7,-0.002924991515754866,0.0016203576098413695,0.0017216281019121777,-0.006431263931319084,0.0002760127705453389,-0.005796671624523121,-0.00011019901744482132,-0.004624866927499742,-0.0013280099834654328,500
8,shock_lag8,-0.0009773719843971305,0.001668818510453815,0.0017875378535040795,-0.004354121981491522,0.002300931463358996,-0.003991458871427954,0.0018396568331106318,-0.0028771256828626717,0.0007673878085073051,500
8,shock_lag9,-0.002197626161916207,0.0018296236691943209,0.0018790215733505429,-0.006027675830145089,0.0012444849018929576,-0.005285013077406447,0.0006310930396464989,-0.0040994000331040096,-0.00035586547378102924,500
8,shock_lag10,0.0026443425141849507,0.001797805436860216,0.0018006248027391224,-0.0008235264857677715,0.0060205224371099215,-0.0004221440048121934,0.0056718902685307495,0.0008756181745869765,0.00437600579795172,500
8,shock_lag11,-0.00020561563386780273,0.0016528376219828572,0.0017433281580953308,-0.0034783763874806743,0.0032223124788367382,-0.003058309267093234,0.0026793869746655472,-0.0016745749940029306,0.0017729614665295914,500
8,shock_lag12,-0.0025499598225975956,0.0019916279346810987,0.0021206631454110877,-0.007078315014497214,0.0014989362824696635,-0.006438215446738391,0.0005345595405403775,-0.004872995550040848,-0.0006935341234283568,500
8,log_oil_lag1,-0.005082841940986926,0.004265898390883543,0.004391574402352063,-0.014137067981765603,0.003188386836634181,-0.012680353140384926,0.0013204481771806975,-0.00925929676127192,-0.0008472087450480076,500
8,ffr_lag1,0.0009392263575795967,0.0011002088388853272,0.0010343699064855987,-0.000883986266335929,0.003179105073058448,-0.0005725475278463175,0.0026891249162411743,-2.5238626580200388e-5,0.001986253858544599,500
8,cpi_lag1,3.354526403159693e-5,0.00011539868149893496,0.00010778076756552953,-0.00015086318012191185,0.00026464555021655275,-0.00012188029376189338,0.0002273641299246172,-6.757808289567006e-5,0.00014750723087732868,500
8,indpro_lag1,0.0005606486600939303,0.00022949196951769393,0.00023110586005557028,7.918479921048579e-5,0.0010331932157346673,0.00014348956711833014,0.0009300317709557259,0.00032033036954987786,0.0007516732247077563,500
8,log_rwage,-0.055561633203924224,0.024520955614028794,0.025702555426619214,-0.10109004541064084,-0.001319744895378529,-0.09411405472041588,-0.010240917006729505,-0.07899330329729135,-0.025928890634688964,500
8,age_mean,0.0007823145261316029,0.0015062228882662212,0.001503296974917934,-0.0020716023809800336,0.0037054987739938653,-0.0017505018326067733,0.003327517897324338,-0.0007972702266812015,0.002193736299956628,500
8,female_share,-0.10990700354135553,0.049436061835732834,0.0508983504920617,-0.21032365764934763,-0.013599876576224176,-0.1928373407688876,-0.02741422901087781,-0.16226210809360933,-0.05981847768804688,500
8,married_share,0.0660177297583635,0.04196743716871432,0.042921169975964554,-0.02108532173965599,0.14739890604269196,-0.001711816223053198,0.13470945459365757,0.020776945342651662,0.10737785752886783,500
8,hours_mean,-0.002007218439966028,0.0017185147392737986,0.0018536466812442978,-0.005291682656382274,0.001809588767768967,-0.004866596676543919,0.0012075121076889632,-0.003833887815541992,-6.45243065963949e-5,500
8,unemp_rate,-0.2148170128704073,0.04006948256280588,0.04487821467410347,-0.29725724011797194,-0.1278436415323347,-0.2844054482655896,-0.14342767648101062,-0.25815497369698825,-0.1679639834407058,500
9,intercept,-3.679668291544616e-9,0.0014479628491461892,0.0013584506418800031,-0.0024560149017367255,0.0028027441121990905,-0.0019827707897029736,0.0023829653269249094,-0.001211167527717173,0.0016556757734295996,500
9,shock_x_ind1,-0.010573694923526809,0.0075582234433043596,0.007462001161491053,-0.02421481335162193,0.004424078730055589,-0.022575254510756634,0.0021420739648373086,-0.01852443267983345,-0.0033598168973635375,500
9,shock_x_ind2,-0.006016475245639022,0.010304184759933372,0.010644208604606908,-0.025663487566083453,0.014279766391473804,-0.02394582309282199,0.011316507765640115,-0.017333852675221063,0.004028376591780385,500
9,shock_x_ind3,-0.0033006451233138384,0.003970865090703542,0.004227606871466452,-0.010909295026375209,0.005383185740535876,-0.009651888305682524,0.004031367775614326,-0.006904369250800121,0.0012499944401200846,500
9,shock_x_ind4,-0.006861363885997298,0.0048064728497900526,0.004738050794518206,-0.015855774522171642,0.0020855621864988142,-0.014158099083525314,0.0009689727534447242,-0.011209798128181389,-0.0020912241316880173,500
9,shock_x_ind5,0.0004468553180958047,0.003844308295524372,0.00391767002260687,-0.007585386822759815,0.00812788853736314,-0.006125052504150903,0.0069792860331753,-0.0036094277057642254,0.0042475413167394,500
9,shock_x_ind6,-0.0021965425212482174,0.0036618877600617917,0.0039058630956713145,-0.009632588690434615,0.005024585048443147,-0.008468508236836435,0.004159352947431939,-0.0062071694670571866,0.0018485994558006065,500
9,shock_x_ind7,0.0024610810409884352,0.005812131444271664,0.006171335986840338,-0.00885053942024645,0.015053572889237974,-0.0073821770298394315,0.012786278876237022,-0.003127356404989837,0.009034423754762846,500
9,shock_x_ind8,-0.008130659041413787,0.00298241634696372,0.0032141609862368463,-0.014837277811944083,-0.002709884579982583,-0.013708977677900467,-0.0033531582674689777,-0.01153013343500187,-0.004975963044634481,500
9,shock_x_ind9,-0.007901011159955488,0.0040879833675001665,0.004082250672064444,-0.01650621254485732,-0.00031729627323264507,-0.015344770433120151,-0.0013388472681821085,-0.012299067147566456,-0.004118541290920595,500
9,shock_x_ind10,-0.011931275423876625,0.005351855085622921,0.0055077459403916765,-0.023584572211702584,-0.0015083382596200263,-0.021866394298448836,-0.0032710502540512485,-0.017867660166567,-0.006726753770636432,500
9,shock_x_ind11,0.007275370656811582,0.005514621036442623,0.0051712450187198535,-0.00337452769038939,0.017317873996234127,-0.0012544030058139577,0.015606230257671301,0.0021889477062162683,0.012635042054410881,500
9,shock_x_ind12,-0.004716996222006236,0.003327488088273175,0.0032629682642804953,-0.011007117452805814,0.002131551598631108,-0.010048613506602806,0.0007260627103750487,-0.007717797459245136,-0.001337487041558647,500
9,shock_x_ind13,-0.0025193389500640356,0.004422455449871694,0.0044056617468949824,-0.010606613362443871,0.006141232577205273,-0.00944879069130395,0.004545105003317109,-0.007129369850203677,0.002008443784994623,500
9,shock_lag1,-0.0001597364509587361,0.0017764272200086798,0.001830804980993157,-0.00400670886377022,0.003192521540699381,-0.003341255052210372,0.002678616150219901,-0.0020495243061763725,0.0015886124333425184,500
9,shock_lag2,0.0019652961028688016,0.0020149161543698097,0.0020101669009319786,-0.0016726983402382616,0.006253110813778606,-0.0010781397752313074,0.005468884547260574,-5.866525521629448e-5,0.004062310201437115,500
9,shock_lag3,0.0005839196634197136,0.001683773127776751,0.0017740336330407044,-0.0029741437361929376,0.0043261013609570634,-0.002348645365767932,0.003499060825695801,-0.0011903755841799369,0.002191196562657551,500
9,shock_lag4,1.6118577267984493e-5,0.0017220605687022028,0.0018800646872962057,-0.0039059334652776258,0.003678519326812551,-0.0030583111580726407,0.003155380529200999,-0.001882365562537398,0.001829582490945757,500
9,shock_lag5,-0.0006566742562508869,0.0020101325311167833,0.0019556778481659895,-0.004521081129644203,0.003498663767106225,-0.003912662764334703,0.0029536783353625723,-0.0025020572359580654,0.0012065840064965014,500
9,shock_lag6,-0.0023150678629525433,0.0016770355323168864,0.0017951498850843897,-0.005858407046326805,0.0012876535210735638,-0.0053047473165962825,0.000658929328369131,-0.004013859269436216,-0.0005678903428061869,500
9,shock_lag7,-0.0004731033893938579,0.0016699789163956429,0.0018697578653499702,-0.004379133209625585,0.0028938222761009844,-0.003665903141547618,0.002249565052271081,-0.0023750489740762097,0.0011709434982824206,500
9,shock_lag8,-0.004020003074837395,0.0018998052914755857,0.0020220147167447147,-0.00826267182400919,-0.00015445960208899047,-0.007288636942197682,-0.000760341242369482,-0.006148312814824598,-0.0021768894996318016,500
9,shock_lag9,0.0013645603960300802,0.0017324390285576334,0.0017117730817722038,-0.002049630079473803,0.0042776762187437135,-0.001714942870940656,0.0038995808511158767,-0.00044113614441753984,0.0030655720595383334,500
9,shock_lag10,0.00021441700631686286,0.0019336324941820447,0.002010757771418081,-0.004018505414447512,0.004092755955262655,-0.003012951803762627,0.0034259660523963784,-0.0019505823887233913,0.0021174708155147375,500
9,shock_lag11,-0.0007620224568791996,0.0016230234801177838,0.001817090002310277,-0.004299284207214359,0.0026402612228095083,-0.0036998194720023743,0.0020617420848988333,-0.0027449128922104158,0.0009370237251983575,500
9,shock_lag12,-0.0026558042377620903,0.0021384305582222143,0.002171282882088756,-0.0069123639730312705,0.0018800727064034461,-0.006339675696053041,0.0009380025135456757,-0.00491147611045864,-0.0008485510955396423,500
9,log_oil_lag1,-0.0072002014435214815,0.004234055910356326,0.004339263578896798,-0.015913688251289363,0.001591690756150527,-0.014455528875827366,-0.0003344719632112875,-0.011845609041241937,-0.0031103227965947394,500
9,ffr_lag1,0.0014116774640947842,0.0011494920917623393,0.001057369546493195,-0.00048182590888864497,0.0036468083537607187,-0.00011950325648363416,0.0033498536068622548,0.0005435992047088491,0.0026249844283553346,500
9,cpi_lag1,9.036918201006358e-5,0.00011272358942220657,0.00011597040648845371,-0.00010063880037661874,0.0003722032603162622,-7.629782389754495e-5,0.00030554052130363105,-3.6255621420962405e-6,0.0002204456856124173,500
9,indpro_lag1,0.0006222229826806955,0.00023834023717769038,0.00024542608888603257,0.00013656341526564758,0.0011026189331762933,0.00021509286973493588,0.001006421051492914,0.00037909699322887273,0.0008714673939370152,500
9,log_rwage,-0.07846143517982804,0.026263869325634463,0.024300434980390712,-0.12088044953115246,-0.0269095479222861,-0.11482983699062153,-0.035237419194762,-0.10099245629304332,-0.053432204878761345,500
9,age_mean,0.002023629116345361,0.001435183529724902,0.0015593066977706844,-0.0010587741454161832,0.0050682773683629195,-0.0006800087464757343,0.00434975460791393,0.00044326804873597996,0.003509787085714135,500
9,female_share,-0.04147472091799665,0.0464287182336682,0.04518780258302624,-0.12593193238225373,0.05454942189376219,-0.11333166254666835,0.03190070794925894,-0.08415135304513695,0.006093672993256059,500
9,married_share,0.09878576340693151,0.04332004965820242,0.04263906506926572,0.01612704381928113,0.17843175025462646,0.029360847135902736,0.1673041635833783,0.05469292561915297,0.14007468448857305,500
9,hours_mean,0.00023942148738956948,0.0017311954473903726,0.0018581822358581788,-0.003341028509500875,0.003915751379410155,-0.002663467705892861,0.003340948677316097,-0.0014216935649434444,0.00231302897505806,500
9,unemp_rate,-0.17869037737323104,0.046743222742484436,0.047758332888175686,-0.2652514853712251,-0.07958163106337146,-0.2555684854346171,-0.09425865706774242,-0.21891858807120912,-0.12715779132233948,500
10,intercept,3.746152216899253e-9,0.0015191399683316849,0.0013879856022203931,-0.0025212800640775877,0.002716497561358686,-0.0022008010943695517,0.0023066769199824506,-0.0013956793252460486,0.0013693055020634996,500
10,shock_x_ind1,-0.012223537753979873,0.007194801209732371,0.0075626119087635855,-0.02696204296059769,0.003112433886222296,-0.024477130670871285,0.0006611296602694807,-0.018925826754892038,-0.0039037758974818136,500
10,shock_x_ind2,0.0016083016286986078,0.01159712386461921,0.011095251915460588,-0.022618657160032453,0.022548819945896484,-0.017327296337473444,0.018739154357975966,-0.008990460762977678,0.012631467244655432,500
10,shock_x_ind3,-0.00048552946818656645,0.0035154211719980234,0.004222034703470434,-0.008986510816405627,0.008202395158363976,-0.00760655707402684,0.006740549473610255,-0.004271742202484724,0.004000734221752358,500
10,shock_x_ind4,-0.011084366484129525,0.005635241613962615,0.0052339340710545424,-0.021158009743677958,-0.0005980716839078669,-0.01998280083496596,-0.0027107629050552016,-0.016276745062864497,-0.005431791540321931,500
10,shock_x_ind5,0.001596426343295592,0.004111449945360138,0.004192403697910526,-0.005913906324777575,0.01025855127000072,-0.005044195208130507,0.008801828562871962,-0.002271613336704694,0.005841765100984084,500
10,shock_x_ind6,0.0023065610885669406,0.004287098517697858,0.0043563431441704875,-0.005415579732698706,0.01093384188117766,-0.004404142319793953,0.009675785962602525,-0.0016672888602405332,0.007256264389387274,500
10,shock_x_ind7,-0.002217359762890728,0.005612025004922373,0.005905586898444993,-0.014424583822522359,0.010106574610323705,-0.01168761305636762,0.007640889078009965,-0.007693434862444523,0.0032775736711753937,500
10,shock_x_ind8,-0.007657073902329999,0.003381658681991073,0.003258205170765942,-0.014912513679411012,-0.0021317094279284642,-0.013918630430956895,-0.0028987097962977887,-0.010882607648556432,-0.0047174096441890525,500
10,shock_x_ind9,-0.0056732719169728316,0.0043074110429163264,0.004364902915617006,-0.014443579019017577,0.002699443840485141,-0.013491944014519893,0.00176193940910306,-0.009748716703383236,-0.0012793036649519339,500
10,shock_x_ind10,-0.013512661361758067,0.004380819535100455,0.004339976916043248,-0.02327810315356282,-0.005801163423658278,-0.021257037345333993,-0.007151457716348551,-0.01795822080026898,-0.009470334346973247,500
10,shock_x_ind11,-7.838024935262086e-5,0.004589948706263208,0.004861567145771662,-0.009164467148956908,0.010104049230314504,-0.00764334952164015,0.00865167074602923,-0.004725977962996369,0.004915886589456436,500
10,shock_x_ind12,-0.002618690362894315,0.002629914490507585,0.0026503497926174775,-0.007654895764689832,0.0027567444647434497,-0.007019735332672877,0.001906624369014117,-0.0049366775205843955,-9.881876568435453e-6,500
10,shock_x_ind13,-0.007911039399895731,0.0037900801699566177,0.0038107372822648714,-0.015208785722859561,-0.0009685964669905213,-0.013996070872094464,-0.0015930427281116012,-0.011208389879839699,-0.003985581592670825,500
10,shock_lag1,0.002585086244212872,0.0018096775328418047,0.0018050296476540071,-0.0010971296042223515,0.005909103873939538,-0.0007224626208023032,0.005316004834731206,0.0006565099465799253,0.0043190667032895185,500
10,shock_lag2,-0.0013005230052863831,0.0017683279162744533,0.0017773674593397,-0.004551841610582896,0.002049892191084823,-0.004133112370197209,0.0018407427084690096,-0.0029472649489513266,0.0006375230705527096,500
10,shock_lag3,0.0009288913820373074,0.0019229310782717594,0.001992944593523123,-0.003145245174868628,0.004792764031648573,-0.002510328833307139,0.004187852638288514,-0.0008787036740447165,0.0028504436463009696,500
10,shock_lag4,0.00013983726946891267,0.002031065873332994,0.002030752403953069,-0.0038242843092833627,0.0041829967881709205,-0.003074403595241059,0.003556275087857425,-0.0017667656542247837,0.002285329292655937,500
10,shock_lag5,-0.0019911662666902566,0.0019105994261530161,0.0019254688614687057,-0.005719017864890947,0.0018018397878831187,-0.004965648827254476,0.001312094750512328,-0.003692632935888392,-4.381545224330809e-5,500
10,shock_lag6,-5.932190154330205e-5,0.0016631463104122349,0.0018317478701733194,-0.0031909457782770168,0.0035939320172446,-0.002851127212775382,0.0032239901000704852,-0.0018332998530964976,0.0017450903767959696,500
10,shock_lag7,-0.0034103995852395545,0.0017826767727377754,0.0019208102370072467,-0.007250178440646207,0.0002036488216273077,-0.006829033277163055,-0.0003596327360160125,-0.005201774132218479,-0.0014111851985723187,500
10,shock_lag8,-0.0005046431922131981,0.0019321370201566162,0.0019847690157568016,-0.004791633587907698,0.003352064741970716,-0.003995727331147568,0.002496408772159244,-0.0025576757020623086,0.001317175894906758,500
10,shock_lag9,-0.0009457126002418307,0.0018875016795513306,0.0019066857306094577,-0.004581296561156965,0.002878859297742873,-0.004211747154098995,0.0022487007194548587,-0.0030233268326777243,0.0008277626213190783,500
10,shock_lag10,-0.000368461048719214,0.0019222387425915136,0.0019889841691580206,-0.004247572539050364,0.0036257559941402237,-0.00362168972816652,0.002867257884191959,-0.0023990272682396572,0.0014485914492880139,500
10,shock_lag11,-0.0010036969413453403,0.0020277280231787978,0.0020344479639370938,-0.0044980363813767665,0.0034101281591014552,-0.003992337193289531,0.0025248701809830066,-0.0028126394317734595,0.0011449762276177866,500
10,shock_lag12,-0.0011842768128596168,0.0018627137287163297,0.0019486519810409358,-0.004959188468259929,0.0026989653545129687,-0.004365677695555494,0.0021316378664434686,-0.0030626136147899378,0.0007335793386972751,500
10,log_oil_lag1,-0.006197525877770763,0.0045957798152660686,0.004271373112759854,-0.014786542767544866,0.001589835731707514,-0.013981993035705496,9.871748138208525e-5,-0.010593948217026136,-0.0021764614814287673,500
10,ffr_lag1,0.0015437943336323104,0.0012268442995125753,0.0010822115237550869,-0.0002836451424983918,0.004016352868129321,-4.6355591046310045e-5,0.0035133760508931715,0.0005526521995178957,0.002670787533890861,500
10,cpi_lag1,8.451428173925757e-5,0.00012628032564073727,0.00011160764238107808,-0.00010387373375556964,0.00031931051384681845,-8.595443980177781e-5,0.0002768855126362991,-9.040299746696792e-6,0.0001914589361726234,500
10,indpro_lag1,0.0006790313536049361,0.00025260343657159583,0.00025831220367590504,0.0001955579742674153,0.0012068454664038723,0.0002779447594359216,0.0011420171572346332,0.00045548196169730104,0.0009502969959818135,500
10,log_rwage,-0.06278698604178894,0.027325768833580268,0.027194321500856697,-0.11367825721159905,-0.008650146632399937,-0.10347997589239512,-0.015663211949924184,-0.08640179954672367,-0.03410647812868928,500
10,age_mean,0.000512440506533967,0.0015020124410123085,0.001655444525748459,-0.003049956561534648,0.0033386416907283086,-0.0024498565325197863,0.002924132730913547,-0.0010285435204655873,0.0022383382805631277,500
10,female_share,-0.030359621952805924,0.04890395487098058,0.047334854141974414,-0.11898027223391777,0.06724422875024116,-0.10224014396209852,0.05004001957465745,-0.07573828259992153,0.018754673896861713,500
10,married_share,0.07274753309794835,0.044165209899572386,0.044161779283243156,-0.01908660989339071,0.1532414262543546,0.00042528281359475133,0.14435479970557402,0.029731927021528534,0.11682021103897045,500
10,hours_mean,0.0021838544710128865,0.001584087165378935,0.0016479884481665245,-0.0008855397154241018,0.005155986860726195,-0.0004056662782255706,0.004892144696921471,0.0005832047307187903,0.0038696476257347357,500
10,unemp_rate,-0.14798493780674538,0.05442262718763428,0.05521906498012296,-0.24237465783212778,-0.01992454719070582,-0.22810907147813117,-0.04254518789485106,-0.1901541537206153,-0.08595601436494234,500
11,intercept,-7.585427426368023e-10,0.0015828712756879026,0.0014358374383407046,-0.0024267535668570906,0.003183585157038888,-0.002103813031329134,0.0026348268053712396,-0.001196841434839716,0.0015769209154307684,500
11,shock_x_ind1,-0.022566832093470848,0.00650115910163594,0.006950850541767157,-0.035482544981002964,-0.009138188227113247,-0.03392525727985868,-0.011195978900952423,-0.029601801139118134,-0.015416964880429379,500
11,shock_x_ind2,0.02360287702091681,0.009122315052113188,0.009384858694835714,0.006280134914571377,0.04185283577477875,0.008280382154940686,0.039578477902890825,0.014698079603200173,0.03304322006612044,500
11,shock_x_ind3,0.0023736306914212612,0.003667650782834062,0.00367273261207102,-0.004582837871435635,0.008956844174576989,-0.0035474272860906157,0.0081325387741976,-0.0013452038657667685,0.006062760920950232,500
11,shock_x_ind4,-0.001256669737460638,0.004252369846574114,0.004182754675607792,-0.010369866080306095,0.005733551085934457,-0.00854686302178542,0.004983864561723069,-0.005377534885661422,0.002543347229133903,500
11,shock_x_ind5,-0.002649507919696978,0.00369374651671291,0.0036724130446546942,-0.009585421347130772,0.004614928984470702,-0.008706830600799298,0.003415021822766746,-0.006004864984517945,0.0014111237244134205,500
11,shock_x_ind6,0.0003935590199560837,0.0034764118531531046,0.0033910201241648774,-0.005368363708003054,0.007195667779664265,-0.004824318803186511,0.006339195769975794,-0.00271186520830974,0.00408007201794804,500
11,shock_x_ind7,0.005355477792287322,0.004638004582706484,0.005087482907820561,-0.0036153385282472303,0.015956962963821084,-0.002475791900368727,0.014165483034527351,0.0006124320785920129,0.010976659058178363,500
11,shock_x_ind8,-0.0046974425226790975,0.0036896353567934257,0.003739574926545208,-0.012175088796577787,0.0017848819074230858,-0.011166061166864577,0.0005956315192116667,-0.008467005598483774,-0.0011577968090177707,500
11,shock_x_ind9,-0.0047442753616268015,0.0036206738896349742,0.0036686605996269443,-0.01172502064040322,0.0022754721968658055,-0.010693999935102087,0.0012948962590854998,-0.008665099940244392,-0.0011649243034059554,500
11,shock_x_ind10,-0.007648648789429991,0.004023332709040406,0.004155338683741672,-0.01574614230398598,0.0005015294710671572,-0.014520027047955969,-0.00033098190349676384,-0.012179090847563783,-0.004008048225831676,500
11,shock_x_ind11,-0.0008461144790345014,0.004470482814737068,0.004740551075163557,-0.010002645467448185,0.008006812287770396,-0.008955566290333023,0.006781050352609717,-0.005599110963936506,0.0040075636782562745,500
11,shock_x_ind12,-0.002316435891993747,0.0023411446708770218,0.002384036351536701,-0.007210002671577566,0.0017351980139450078,-0.006694362066396565,0.0013126192008388847,-0.0046849123539686715,-4.7969666510774626e-5,500
11,shock_x_ind13,-0.0047817969765392,0.003541777224770903,0.0035548806487895887,-0.011613555548473958,0.0016291371868984894,-0.010819384197808318,0.0007826306718804009,-0.008504750435484822,-0.0015311630650443587,500
11,shock_lag1,-0.0007348874225627282,0.0016271726975448045,0.001726087420509912,-0.004080632490425624,0.002478872656001189,-0.0035593105461999516,0.00200785281064658,-0.002235830561719705,0.0009076852469641678,500
11,shock_lag2,-0.0009694670924618674,0.0019536769612554282,0.0019240664945417696,-0.004404074345330593,0.00292177780510095,-0.004142855297800946,0.002318406512776656,-0.002847659725780102,0.0010443881536808409,500
11,shock_lag3,0.0010845999340663274,0.0017824438131449525,0.0017092265887627893,-0.0024346165690493243,0.00437612611579111,-0.0017220367398082309,0.0038215552583172195,-0.0006916539982281098,0.002713936073301413,500
11,shock_lag4,-0.001159116934808316,0.0016969906970755013,0.001786875776337064,-0.004623197378483388,0.002374505492316781,-0.0038902818567490144,0.0018641589204863728,-0.002865985380596245,0.000447639207125615,500
11,shock_lag5,0.0002471906694719079,0.0017144901002468537,0.0017786815978538607,-0.0033893279543353453,0.0036257827460164,-0.0027595629737314203,0.002910931331205205,-0.0016333457129936648,0.0020503506129754367,500
11,shock_lag6,-0.0028830906207864097,0.0020227641729726555,0.001986211319156268,-0.00669987093035713,0.0011066082994645881,-0.006239066671494264,0.0003759412891444451,-0.004816350899998349,-0.000928054418889295,500
11,shock_lag7,3.189650284852023e-5,0.0017142165653728331,0.0018391008811328461,-0.003774481311238224,0.0035538892246257422,-0.0032923840033407645,0.0029953934128572513,-0.0018421271482098284,0.0017671218981954052,500
11,shock_lag8,-0.00289748939533681,0.0019328863769950248,0.0021096509032036376,-0.0074294876165945005,0.000956249728819823,-0.006720344395068845,0.00031825251184232036,-0.00511499131695243,-0.0010055443621311921,500
11,shock_lag9,-0.0016669847823499063,0.0017420011349999038,0.0019079690587602333,-0.0056371080112081065,0.0015388328974046592,-0.005014448034426016,0.0012136617757074655,-0.003720970670051196,0.00012191052695542437,500
11,shock_lag10,-0.0004925068814592798,0.0017264156434757833,0.0019046936336289992,-0.0039852442658671935,0.0032970209960336613,-0.003475764948075828,0.002843348805591187,-0.0023280024794572578,0.0014821478719805917,500
11,shock_lag11,0.000619504983299536,0.001857016480692427,0.0018379734328591638,-0.002644799457111395,0.004785252356628291,-0.0019447555507193404,0.0041035513438410125,-0.000913384784671934,0.0025724077718254027,500
11,shock_lag12,-0.0030318461096035232,0.0018311673414657162,0.002026332827915038,-0.006743278964466443,0.001208197569994504,-0.00615736034669966,0.0006787178676698872,-0.004818185116397456,-0.0007980538682282168,500
11,log_oil_lag1,-0.004904792919425339,0.0046369773236101365,0.004718821398894424,-0.014330906927819567,0.0034639746355310864,-0.013419222620008685,0.0020581067599144574,-0.010279718215387089,-0.0007945377334488233,500
11,ffr_lag1,0.001944767055059299,0.0012838278085313029,0.0011612381080689802,-9.668347916951087e-5,0.004445509076398099,0.0003757521091700966,0.0041441253689079235,0.0009759481095554598,0.0032104831378239828,500
11,cpi_lag1,2.521122284366864e-5,0.00013761609350249694,0.00012622733071633843,-0.00017903590297378987,0.0003403504840583415,-0.00014799888539741436,0.00025450674542468475,-7.545734154745718e-5,0.00016265573482120307,500
11,indpro_lag1,0.0005860852240598551,0.0002574678303889836,0.00025469775938594493,6.536678015866484e-5,0.0010697475591122975,0.00015058006193306568,0.000997360057917411,0.00032748692280159695,0.0008417738349573353,500
11,log_rwage,-0.05586032818799806,0.024854690038199977,0.024795901437647695,-0.09879143887265646,-0.002415580131363522,-0.09433145717075304,-0.013728967412580353,-0.07894278502152267,-0.026692359456465115,500
11,age_mean,0.0015477584807150717,0.0013262519431626605,0.0012924786381815637,-0.0009596141769918186,0.003950080517709131,-0.0005752183442344839,0.0037018768524903246,0.00021600033752762853,0.0027702505353610248,500
11,female_share,-0.03520417658699171,0.046734608916140626,0.04616765129402585,-0.12097054640224103,0.054635421357820485,-0.11059649228119475,0.04005649559473306,-0.08371904310621553,0.008463906797664587,500
11,married_share,0.016039136242242718,0.03838306575687536,0.03901573282905175,-0.05591642805938384,0.09292374351713342,-0.048970261614772526,0.08268405572945206,-0.021654672374727735,0.056027663077401105,500
11,hours_mean,-0.00051947760901578,0.001674295839620428,0.0018258199907851779,-0.0039046978842788064,0.002865313809935585,-0.003499686214719212,0.0025373315655252745,-0.002337237497347889,0.0013389102118983541,500
11,unemp_rate,-0.18257813836993114,0.05043599321006923,0.05476372577112113,-0.279760298840691,-0.06562732465425478,-0.262257972965699,-0.0815907660693448,-0.2312915335714879,-0.125112306948617,500
12,intercept,4.231069188722938e-9,0.0017193776867631047,0.0014775022561080405,-0.002483186253578573,0.0028504047077928573,-0.002147054954800301,0.0025419452299675145,-0.0013466017303955286,0.0016010040096491839,500
12,shock_x_ind1,-0.015774865571608364,0.007963966291379531,0.007890711070182651,-0.03151336823279833,-0.0008298527448319466,-0.028971889883096406,-0.0028632725388941403,-0.023349097510113808,-0.008064631959863233,500
12,shock_x_ind2,-0.0007411788600932047,0.011023896751543735,0.01107261094549219,-0.021192799042318147,0.019914440233970775,-0.01892948095583798,0.01669220538073646,-0.011743631024946865,0.01090612941474198,500
12,shock_x_ind3,-0.0024922152682801068,0.0043680006865954735,0.00441996022484595,-0.011174027672398409,0.0058042450283977125,-0.009635190956696392,0.004853529402923652,-0.0067459027420235865,0.001702838369227713,500
12,shock_x_ind4,-0.0024499096606024335,0.005089579642169218,0.005054501288669648,-0.01248590695018531,0.0065986335562221235,-0.010852175703299249,0.005371097792147849,-0.007538432649366303,0.0027669900606006837,500
12,shock_x_ind5,-0.007758930740671895,0.004615472675288619,0.004806412032740564,-0.016932143823973282,0.000830659292624094,-0.0158054791953535,0.00010320704941816745,-0.012801511939620943,-0.002534072655140439,500
12,shock_x_ind6,0.0006476291417969799,0.0040280848280410805,0.004130074719322309,-0.007287795417209585,0.00903972994310912,-0.005558704576912797,0.007647150790013458,-0.003151543919413627,0.004922686779916531,500
12,shock_x_ind7,-0.00514145450269865,0.0062625681157093055,0.006176577262409752,-0.016138564514160895,0.007198656663658513,-0.014284656505345524,0.005870972040941411,-0.011481790971705296,0.0010688008302676827,500
12,shock_x_ind8,-0.00791321759721234,0.0036738243402838,0.0036938603926989495,-0.01563982970130503,-0.0004000161967730734,-0.014282478568868225,-0.0023491353912593643,-0.011794358406787652,-0.0046973246347000695,500
12,shock_x_ind9,-0.0035140445752276936,0.0039582590959461915,0.003932137754986053,-0.011761745989558701,0.002812429552794751,-0.010507028557319695,0.0021521476203386104,-0.007728385647053089,0.00012378121093933642,500
12,shock_x_ind10,-0.007390248024578071,0.0049676276917593075,0.005123680322770867,-0.01759175149030652,0.002125265861340677,-0.015876474645180973,0.00043154971297751,-0.012543147499820365,-0.0021897205993468044,500
12,shock_x_ind11,-0.0028144325432128336,0.005301028634407145,0.005615832177407879,-0.014722729557033756,0.007332624268876219,-0.012299466234701687,0.006208156315974046,-0.007728231375956731,0.0024952741611375152,500
12,shock_x_ind12,-0.00431117476473412,0.002639730566723674,0.0026496995358975197,-0.009855829448747655,0.0008576225074352791,-0.008956724553732526,-0.00012886994982130878,-0.006806880257142434,-0.0017270607465687563,500
12,shock_x_ind13,-0.0007566179912448996,0.0039330538220194375,0.0038299654708928445,-0.00838039336966532,0.006646764012734888,-0.0070088262106583095,0.005538535357339141,-0.004812375438431691,0.0026579570927549915,500
12,shock_lag1,-0.00061904993946664,0.0019545549439080865,0.0020482586174636825,-0.004253470450830738,0.0035812930838621127,-0.003679233405367459,0.0031032637566752327,-0.0026035356348139017,0.0014202323103832436,500
12,shock_lag2,-0.0012072941305066444,0.0022206307776249734,0.0021791296661930254,-0.005359701428210583,0.003204645066766148,-0.004435024232908031,0.0023772412077009237,-0.003204597324914518,0.0011398853990311005,500
12,shock_lag3,-0.0004505791519092674,0.0020332535147235733,0.0022188132339331975,-0.0046101531850257825,0.004057571768172449,-0.004296685112645653,0.0032380741889386157,-0.0026187979552133238,0.001780957680139898,500
12,shock_lag4,0.0008538983542657414,0.0017548398675443391,0.002081985822447444,-0.003399185016168437,0.005052940625335766,-0.0024970101242536838,0.004269143594486265,-0.0011014922618208358,0.0028954179042161173,500
12,shock_lag5,-0.0025193143260696356,0.0019983241908826574,0.002034588156754336,-0.006275351598430815,0.001327356974997979,-0.005776843672183587,0.0007264853243220373,-0.004605992471004866,-0.0005620648422299752,500
12,shock_lag6,-0.00012876979814644356,0.001974819740952001,0.002125330367725814,-0.0043309879637978424,0.003955228301228336,-0.0036722710289916736,0.003296623580918581,-0.0021935501709329755,0.0019604210871266136,500
12,shock_lag7,-0.0027261836435567392,0.0021026886652475442,0.002233493825946718,-0.00759872096959769,0.001195205802271621,-0.00678600487618066,0.00031096581919911015,-0.005218243728822377,-0.0007883989493020525,500
12,shock_lag8,-0.0037411672324316274,0.0020296647137840766,0.002055131692793909,-0.008005545867310622,-0.00010895371696435752,-0.007298056117058637,-0.0007175117061518476,-0.00607428674038025,-0.0019161682807598127,500
12,shock_lag9,-0.0016033560628393579,0.0021581084207024383,0.0022068640652059632,-0.006384120311348052,0.002609916831504846,-0.005486762290987544,0.0016919087152978988,-0.0038810932063138162,0.00030938008245703794,500
12,shock_lag10,0.0008727537391145526,0.0019972371210048643,0.002105892654696235,-0.003222532862197482,0.004710180990886428,-0.0025446467579445207,0.004278086127078554,-0.001295083658472241,0.0028949441784030584,500
12,shock_lag11,-0.0016276361561372743,0.0020423316831142675,0.0020496853722642783,-0.005557054204327852,0.0024906956742484112,-0.004639924879894432,0.0019870278834675796,-0.00361182646767094,0.0006593987646305451,500
12,shock_lag12,-0.000561318205967553,0.0020125825963912217,0.0021151558608056764,-0.0050618978922217645,0.0033162869456714187,-0.004328135104509837,0.0026427377309142697,-0.0026429147086826856,0.0014718385910683389,500
12,log_oil_lag1,-0.0023778400148631953,0.005178027286632717,0.005277896453302343,-0.01217799682219148,0.008989763889174709,-0.010480657657479665,0.006357943332694003,-0.00729755352725674,0.0027057107863604035,500
12,ffr_lag1,0.0020320207799548588,0.0014082212943221954,0.0012430964505627776,-0.00019243954916473976,0.0046710109326223576,0.00026522068016335813,0.004106404003266457,0.0009098460564106266,0.003315086952596192,500
12,cpi_lag1,-7.650992484726809e-5,0.0001456016880216846,0.00012341679422649344,-0.00029662451540743396,0.00018096566027632716,-0.0002615824772432784,0.00013102522735213736,-0.00018705302854360342,3.6214025201905656e-5,500
12,indpro_lag1,0.0004423022697259725,0.0002956762858699783,0.00029305909225307673,-0.0001753645189618255,0.0009966781310265969,-6.221791230131373e-5,0.0009173526081683428,0.00017406972763574295,0.0007339056664103151,500
12,log_rwage,-0.0027552141152170817,0.02887416348099056,0.027475710198183644,-0.052831527281174705,0.05539085121384181,-0.04536568765729898,0.04699280750532424,-0.02593613214973379,0.028444567897689572,500
12,age_mean,0.0021637652973332667,0.0018012968528801775,0.0018498533537461932,-0.0012525742097889963,0.005859597509683841,-0.00079183419900272,0.005235384964355774,0.00030976715989913784,0.003903476651552089,500
12,female_share,-0.05199001681220405,0.04737481305812201,0.047991549063830505,-0.14205236389632317,0.036779889621027365,-0.1345264864632884,0.027547039985226257,-0.10547149148023534,-0.006726503639173513,500
12,married_share,0.001268218640195766,0.049225447274981696,0.04863183402121883,-0.09576719464141255,0.09749104389323984,-0.08372714484801229,0.07794427307788007,-0.0461896429006735,0.04888125305384691,500
12,hours_mean,0.00366611135921975,0.0016040462779818064,0.0017535121154279663,0.000426421255436784,0.007016549757973412,0.0007930572321486737,0.006662644756447233,0.0020674153103252373,0.005554632356267209,500
12,unemp_rate,-0.19365958632654337,0.05743177948762869,0.06572992316401279,-0.3120710325823659,-0.053965251540342485,-0.2840542918369357,-0.0755919069556232,-0.24524015919953443,-0.11895533700948055,500
13,intercept,-9.35270563491333e-10,0.0016663407416352297,0.0015998632673965391,-0.002941367741829305,0.003409673218508917,-0.002366562007454541,0.0028469353725451654,-0.0014191499805467024,0.0017695842019936764,500
13,shock_x_ind1,-0.023572509752277822,0.007003258900715202,0.007042316322970835,-0.036618115187091065,-0.008558454449599765,-0.035054072597452135,-0.011104151903772622,-0.029604678204177785,-0.016882087373146896,500
13,shock_x_ind2,0.0017514202470857207,0.00938190145494158,0.009622279264524958,-0.015564863267881285,0.02121042577285843,-0.013631975171665514,0.018260372075790964,-0.007630330326941281,0.011374828566508151,500
13,shock_x_ind3,-0.002302604803723771,0.004170835474325427,0.004207227897882809,-0.010500271876734992,0.005442517013316309,-0.00950637176238824,0.004188625773670673,-0.006683096117032752,0.0018078860575457428,500
13,shock_x_ind4,-0.003864912375673436,0.005391550822342765,0.005234883218159731,-0.013831524523851078,0.006895934549657636,-0.012348362633475886,0.005212419734687022,-0.00905951604427815,0.0013588141045806658,500
13,shock_x_ind5,-0.0010344235201445804,0.004026679816796899,0.004131179027610498,-0.00887480003981424,0.006897629696430487,-0.007309182696265803,0.005768870152156306,-0.0048546644082693435,0.003382128296602738,500
13,shock_x_ind6,0.005422880979424298,0.00386489284694293,0.003954926196139324,-0.0021254420058130444,0.01323736163120405,-0.0008860198793260489,0.01210465644042071,0.0016570311422865135,0.009359052298940013,500
13,shock_x_ind7,-0.0031776061736644443,0.005705603505191326,0.005915985559538,-0.014817612721257584,0.007607066480494015,-0.013023116976581543,0.00630073887028817,-0.0090551000361819,0.0023016580314529373,500
13,shock_x_ind8,-0.007488212008040823,0.003419845385742284,0.0035745143100560477,-0.014449685207497093,-0.001020632781521605,-0.013770605143022013,-0.0018923039701214282,-0.011702274796805587,-0.004701123880778037,500
13,shock_x_ind9,-0.00799480618129031,0.004274199957838297,0.004470332389741419,-0.015762471945879875,0.0007050813648271593,-0.014865529474700243,-0.0004631179509232459,-0.012710829371677194,-0.003543938588093048,500
13,shock_x_ind10,-0.0073274992052382495,0.004329824604307298,0.004478114708059015,-0.016518757836527485,0.001254207262845056,-0.014547817991393257,5.6685359262906e-5,-0.01171696103623943,-0.0030760801405852415,500
13,shock_x_ind11,0.002913218568460522,0.0052206259840598965,0.00505823891000076,-0.006858778766147811,0.013452804208798746,-0.005678682072770041,0.011241046698029247,-0.002230035233146114,0.007578438509599905,500
13,shock_x_ind12,0.00046659384060749166,0.0030866977533631048,0.0033965527330346995,-0.006475114656947726,0.00617584863799649,-0.00512678720792652,0.0051599185196623525,-0.003311308713095723,0.0038094233534154334,500
13,shock_x_ind13,-0.0035521418030128615,0.004036791397783463,0.004118285807873722,-0.011999095772055003,0.0038350943545982594,-0.010636529395649344,0.0025788073051069933,-0.008046794009540467,0.00023498455556947813,500
13,shock_lag1,6.807089939612206e-5,0.0020764164738558103,0.002075963941455807,-0.004168789749356899,0.004100048958478639,-0.003478810161489148,0.003321238705311249,-0.001970662774524994,0.0021737218394814475,500
13,shock_lag2,-0.0015740181097620254,0.002009914917950968,0.002066328236936946,-0.0055476303422263085,0.002262526919341177,-0.005054962259354466,0.0016391678270038662,-0.0036165711862256207,0.0004940865743251484,500
13,shock_lag3,0.0022839604586210663,0.0019116939799563033,0.002097087053463114,-0.0020411579874449774,0.006156171092417029,-0.001279974845662242,0.005825481734730819,0.00018628927558359768,0.00430470660255748,500
13,shock_lag4,-0.0011828585693876889,0.0019193004533203768,0.002061304758174443,-0.005579932786536479,0.0024073073402065054,-0.00471713354402298,0.001993586736962534,-0.0034097071538173158,0.0007895304788768791,500
13,shock_lag5,0.0011657649083333566,0.0019705150055849565,0.0020419361835148837,-0.003125969420179226,0.004989983818506192,-0.00219413138592383,0.0045129828632967,-0.0009204973006857389,0.003253635089842951,500
13,shock_lag6,-0.001334720490922085,0.0020251993599447213,0.002198888258420733,-0.005816541075811376,0.002900480659786992,-0.00496175409086882,0.0023739461853375696,-0.0034447056642528794,0.0009041129377801327,500
13,shock_lag7,-0.002739268313737417,0.0022456306247161414,0.00228027275536316,-0.007562157134081449,0.001795273686107445,-0.006850626122729522,0.0011160897075798595,-0.005024024528720017,-0.0008156704971495856,500
13,shock_lag8,-0.002950791251095561,0.002127452735024147,0.002132684688243254,-0.006925058234212512,0.0013781062252452157,-0.006338276034587008,0.0003992820072448586,-0.005324711605251559,-0.0010599828778456754,500
13,shock_lag9,0.0002492818149940354,0.0021027447262295415,0.00207540491997525,-0.003412589386662802,0.004561297219081217,-0.003051880382619494,0.003970051344141368,-0.0017101120473463694,0.0023263711913912386,500
13,shock_lag10,-0.00025775325280388964,0.0022430322871890766,0.0021902905609049394,-0.003967553472815607,0.004218139177350958,-0.0034201861791509887,0.0036224794321363437,-0.0023401140500761376,0.002056889191820398,500
13,shock_lag11,0.0017196526047255243,0.0020656108257285227,0.002182289321201941,-0.0022960868697151134,0.0060044955346272,-0.0016920776030284026,0.005421795705625896,-0.00034518695467431414,0.004000359937573045,500
13,shock_lag12,-0.002097718820655238,0.00212161953209238,0.0022468778893413375,-0.006938503205612094,0.0021612066312705945,-0.005982429665689008,0.0013911752636932382,-0.004420430118228814,-8.94403142158267e-5,500
13,log_oil_lag1,-0.00749722606852427,0.005255277555691264,0.005361192767708124,-0.017764037091651128,0.002443800603753088,-0.01620534884517684,0.0011102935631777553,-0.013399481556880912,-0.0022566883684355553,500
13,ffr_lag1,0.002050940597473719,0.0013668934365891224,0.0012700581316291892,-5.461274537610047e-5,0.004647776070232038,0.00026057922501521066,0.004415617279756903,0.0010049336536322895,0.0034574186625124536,500
13,cpi_lag1,8.707523454518197e-5,0.00015328271786913686,0.0001426282644379456,-0.0001480513592645195,0.00040996310103802143,-0.00011476218138091717,0.0003453750477151574,-3.269370525529452e-5,0.00024428658922711407,500
13,indpro_lag1,0.0006690444975364804,0.0002903728447078489,0.0002789719523744594,0.0001207382806237307,0.0011929896002545455,0.0002038125793254194,0.0011056605027017856,0.00038274864614053775,0.0009484602640871142,500
13,log_rwage,-0.10301193629181737,0.029139964423114402,0.02837202632906982,-0.15466244750742653,-0.039647808798379966,-0.14669610250991585,-0.05099968189277369,-0.1260289684712226,-0.07437019836554161,500
13,age_mean,0.002131876817475467,0.0016410352317113113,0.001611076760635848,-0.001174603570894489,0.005290880563495555,-0.0005721736552282001,0.004762665838942026,0.0005119923140376824,0.0037522503768676694,500
13,female_share,-0.11283353967160124,0.051055546228183285,0.05067216912452641,-0.20739899411051765,-0.014473450273567348,-0.19222773816531868,-0.02803687314304579,-0.16156758754875222,-0.06082563970647888,500
13,married_share,0.03172413427039948,0.04732927720732922,0.046644048511164216,-0.05305443317752924,0.1231377757046177,-0.04032028461871166,0.10809534135541396,-0.01768446162706404,0.07773442967876196,500
13,hours_mean,0.00032493707045032854,0.001513071451120714,0.0015767644685623138,-0.002942683820590764,0.0031435241103080916,-0.002494787127609189,0.002787568991195059,-0.0012387431280995666,0.0018343036944393487,500
13,unemp_rate,-0.24291921678515552,0.05575343550196293,0.06356259851230618,-0.3383679959896164,-0.09448095839551078,-0.3214237595657666,-0.12182067393456641,-0.2946802156764722,-0.16914812448914365,500
14,intercept,-1.5175379479493794e-8,0.001727467247827027,0.0015569354801794498,-0.002711204599599811,0.003537615294154606,-0.002354564790164585,0.0028108691484188385,-0.0012279069828938453,0.0016929551989660083,500
14,shock_x_ind1,-0.015541111393633948,0.007499901695696701,0.007679039231593715,-0.030002481213096635,-0.0009193334354500138,-0.027508182173907932,-0.0027186175651757725,-0.02257801714359362,-0.007339296654901999,500
14,shock_x_ind2,0.0001619218951621997,0.009934448434724737,0.010785474479583957,-0.022255965767049177,0.01977235224053734,-0.019577451990854523,0.016067741429407038,-0.010457020300213615,0.009307217931659366,500
14,shock_x_ind3,-0.004122470614917187,0.003769268674395614,0.004067536300596225,-0.011651229189467396,0.004833476560071924,-0.010411114297714883,0.0029466434944215953,-0.007489391458149503,-0.00010215307850363219,500
14,shock_x_ind4,-0.0014587008341941077,0.0052702974149730145,0.00520957820064693,-0.01156985593084756,0.00882791305353869,-0.010096407311818864,0.00724177372057695,-0.006603416478641042,0.0038706442589454874,500
14,shock_x_ind5,-0.001981311865887803,0.004915233393811679,0.00492724986430125,-0.011951007398299868,0.006762428740604854,-0.01015533749075268,0.005695479441402934,-0.006625833184568991,0.0031750986578609557,500
14,shock_x_ind6,0.003911007336186897,0.004255292482181471,0.00414851506133379,-0.003928284826338286,0.0126149123427454,-0.0029838416169377683,0.010913070248913779,0.00011632768505209345,0.007801234887443735,500
14,shock_x_ind7,0.001444307667501097,0.005861236617618472,0.0061084003997222925,-0.01044713958820559,0.013781025201031184,-0.008353937593922256,0.011284567411989884,-0.004254627029797934,0.007323272716746251,500
14,shock_x_ind8,-0.006178074811880606,0.0038302836237307162,0.003887896137193757,-0.013950103921039275,0.0012435537019195152,-0.012955034561667408,-1.954299024172131e-5,-0.009957323598119593,-0.0025265330122040894,500
14,shock_x_ind9,-0.007052574993085615,0.003916449783979393,0.004350811379909664,-0.01563431412608028,0.0010393483931290131,-0.014283159060379495,-0.0006720230133577618,-0.011834505851072248,-0.0029595779054617877,500
14,shock_x_ind10,-0.01111577272990665,0.00497139762399347,0.00473497899797761,-0.020606930274285576,-0.002393024861376252,-0.019123042055132485,-0.00420432528069598,-0.01588806243711701,-0.006707444505284284,500
14,shock_x_ind11,-0.0008198890406315581,0.005116039022640344,0.0058030763123265985,-0.012346361636431661,0.010048491491231907,-0.010139167425317572,0.007996122607052056,-0.006719338102444773,0.0048164856022877,500
14,shock_x_ind12,-0.0012850499768446452,0.003414606968194707,0.0033278305776719475,-0.007435773641609887,0.0055647163471990845,-0.006271625589616673,0.004742351136493414,-0.004294854125036052,0.0019665861389364468,500
14,shock_x_ind13,-0.005176857676289006,0.0042091026737453,0.004302382532961156,-0.01430855024025573,0.0026517423089036036,-0.012498203279121857,0.0014963057218033895,-0.009278158735293238,-0.0006106500308313014,500
14,shock_lag1,-0.0007674492094910488,0.0019365800220852614,0.002105111184442575,-0.004511259410408685,0.0033752304542894714,-0.003999243064876691,0.0025530749127926546,-0.0029009872790950854,0.0013673411584117106,500
14,shock_lag2,0.0004137265607768104,0.001960658513081857,0.0019959187482768643,-0.0038825974534909035,0.004248017732124512,-0.002687720864311861,0.003536373795316753,-0.0017319009338799165,0.0023299444950017735,500
14,shock_lag3,-0.0003918172319114603,0.002089036659953449,0.0022075928452177595,-0.004989015382638946,0.003399072663805781,-0.004499777877978455,0.002745031766735802,-0.0026458894225104713,0.0014957275373962769,500
14,shock_lag4,0.001876430307292442,0.0018636598447677745,0.001971016703441476,-0.0021382624037273898,0.005304095622332305,-0.0015849113334896843,0.004874607045747976,-9.348838495760647e-5,0.00391123897102858,500
14,shock_lag5,-0.0006395729371822751,0.00216360836430128,0.002189100318218519,-0.004934015525140612,0.003723422305131851,-0.004309037991744342,0.0030095850500459595,-0.0027409924744128253,0.001550147084869603,500
14,shock_lag6,-0.0020354676332740907,0.0021148523563514266,0.002192231010020323,-0.0064613595274170535,0.0022176740373536456,-0.00597416028470638,0.0016013237566979027,-0.004334817575073814,-9.489003353365313e-5,500
14,shock_lag7,-0.0024803486108867113,0.002096306002731922,0.002129079505214831,-0.006685652256540941,0.0015968431024471546,-0.006151573558588508,0.0007485562329721202,-0.0047745843238181885,-0.0004902379594711145,500
14,shock_lag8,-0.0015946736185810013,0.0021046228977269653,0.0021024078110145504,-0.005584628001663891,0.0026891957263138902,-0.005125647506931425,0.0018039450058022987,-0.0036947046651248285,0.00046135723665814964,500
14,shock_lag9,-0.0013022023542590443,0.0020728414653753556,0.0020888683165425255,-0.005545732390881906,0.002482167898911004,-0.00483043167446665,0.001982137666206599,-0.00318173915352875,0.0007880484067272493,500
14,shock_lag10,0.0024258617268825104,0.001858539188576138,0.0018754549717865765,-0.0015340664100303926,0.005707447732844062,-0.000918527392440477,0.005077620494423444,0.0003844022977162936,0.00413794982679915,500
14,shock_lag11,-4.595924324801039e-5,0.001945802273282218,0.002019983325466266,-0.0036805952169402505,0.004081265239148065,-0.0030923422246637283,0.0033848654354371424,-0.001892639869026667,0.0021255323363533955,500
14,shock_lag12,-0.000733116022989658,0.0019047248507963526,0.00220091264716857,-0.005236785190048313,0.003490327520670855,-0.004412330852915488,0.003126503862734857,-0.002926056453994683,0.0013967918985620528,500
14,log_oil_lag1,-0.007269721114775965,0.005234367953661841,0.005122685170814473,-0.017419348211413402,0.003585154162133572,-0.0150836326696775,0.0013619666322169462,-0.012375910948615948,-0.0025294473981375977,500
14,ffr_lag1,0.002290044423262009,0.0013597162135037702,0.0012365444361821772,5.251189707573288e-5,0.004999140544130786,0.0004325411448554683,0.004384437333843518,0.001162719617252198,0.0036018597684337734,500
14,cpi_lag1,0.00010425384792889013,0.00015952115354863863,0.00013519378179848563,-0.00014738796925966937,0.0003761897879962082,-0.00011486015823771665,0.00032888031106422254,-3.153015573630632e-5,0.000244258676749772,500
14,indpro_lag1,0.0006708164933877566,0.00028691118385171255,0.00027374328255071477,0.00011167565369549838,0.0012019638374865895,0.00018092643372160232,0.0011254679234162493,0.00040171525163154977,0.0009200545287854193,500
14,log_rwage,-0.11505383459201163,0.029097406976997316,0.028538706133525854,-0.16643774595289462,-0.05415514743721149,-0.15594877453987524,-0.06009987618201156,-0.13934848896904775,-0.0807423046994699,500
14,age_mean,0.001897012385122197,0.0016031146256316232,0.0016788760107613457,-0.0014468212145749859,0.0051974894799982786,-0.001096423993431345,0.004791379879065674,0.00029262894685725565,0.00350007965402131,500
14,female_share,-0.07903046927095991,0.046112930535402386,0.042102675886433766,-0.15653702367405656,0.009715225343459671,-0.1463731483381039,-0.0031339929885474006,-0.11514418134806628,-0.03440250331102045,500
14,married_share,0.009414601881644809,0.04517532198252242,0.04362021172528455,-0.07247767541381189,0.09927298302061482,-0.060790912924409586,0.07717985609915953,-0.032166784561835096,0.0523951852296564,500
14,hours_mean,-0.0034223596521271516,0.0015322017747404339,0.001616367904098443,-0.006635379208338947,-0.00012825980548312636,-0.0058837953372054014,-0.0006378426142812736,-0.004906126419800353,-0.0017303983165160462,500
14,unemp_rate,-0.27109272500385684,0.052208992978255334,0.05765045007654984,-0.36573685635515435,-0.15130855709300067,-0.3553009651811315,-0.1666471258404997,-0.3225985005836777,-0.20393430761373516,500
15,intercept,-1.6610201622787401e-9,0.001805102300353363,0.0015527587929966167,-0.0024997560163638305,0.0034007975028181136,-0.00208538223880485,0.0026932338503455047,-0.001367733888955265,0.001856487491755269,500
15,shock_x_ind1,-0.023905063274250307,0.00708893957243016,0.007413255660590286,-0.03778177494320344,-0.009217536522906147,-0.03585754954331156,-0.011845148895335045,-0.03178104523507163,-0.01675095608668121,500
15,shock_x_ind2,-0.021621050309851234,0.009914550880049972,0.01039313949567241,-0.043035203499022415,-0.0028167106417013718,-0.04014405774997221,-0.006486185711930283,-0.03231628547828459,-0.01167730958099713,500
15,shock_x_ind3,-0.002788577435678991,0.004206870804376387,0.0042874021111239955,-0.010736218103557162,0.005584740804874326,-0.009715761270441835,0.00429313297815795,-0.0070793106973456605,0.001928851747294885,500
15,shock_x_ind4,-0.005340676734980211,0.003932416669108606,0.004079342369080762,-0.01301467686432613,0.0022842658968639006,-0.011932986474483081,0.0007370154374231803,-0.009757100535976851,-0.0014129943818536207,500
15,shock_x_ind5,0.0004494983408075758,0.004087134524173888,0.0041392962086434625,-0.006630669493062503,0.00909307612060878,-0.005692142407508837,0.007632001300558763,-0.003429439648287554,0.0049289367675741875,500
15,shock_x_ind6,0.00014142358245637038,0.004102324847359641,0.004141886957200746,-0.007060016611782108,0.008586322760566315,-0.006288622616105936,0.00709354597535784,-0.004062586767125875,0.003934593812936734,500
15,shock_x_ind7,0.006481499899712324,0.005777394994916064,0.005345929412334249,-0.003976760960439815,0.018266730876879227,-0.0017827222881307953,0.015435630233783538,0.0015953345536815363,0.012023073402176468,500
15,shock_x_ind8,-0.0018089372465664463,0.0041291607490565405,0.004367540884270721,-0.01066809192251086,0.007064656362917395,-0.009380738571272475,0.0052634348395160235,-0.00652615947235061,0.002279104853156883,500
15,shock_x_ind9,-0.005155616944942959,0.004994141144339806,0.004739991714618173,-0.014643724269893185,0.00430652181820923,-0.01293769816358196,0.002657597027623183,-0.00965069573906149,-0.00045498071541947037,500
15,shock_x_ind10,-0.010965964560006862,0.004596278724463343,0.0047118474354068685,-0.020380084200371594,-0.0021518361536921457,-0.019091073403739455,-0.003169323964938233,-0.016008461506012255,-0.006823230902780912,500
15,shock_x_ind11,0.006582087288139577,0.005033183589354461,0.0049434061610433115,-0.003289125650125002,0.016000186220988883,-0.00182468662826531,0.01411401729823238,0.0014989004887265905,0.011063008380659555,500
15,shock_x_ind12,0.001207013377133947,0.0036622380017544216,0.0035737882228433896,-0.00622138627633622,0.007988281095446161,-0.004774269626377459,0.007264277125183307,-0.0022185637674166972,0.004728838980440652,500
15,shock_x_ind13,-0.004050293376484874,0.004580799298693696,0.0045215069269889845,-0.012519977812072595,0.0047040297966792315,-0.011168269685397018,0.00356294114939622,-0.008402648005008017,0.00042374418435542805,500
15,shock_lag1,0.0014162009664775736,0.0019292637607915971,0.0020033595208512503,-0.0023445438132112468,0.005355642645248543,-0.0018095256313601174,0.004759338893944979,-0.0004877721989604874,0.0032992636582818706,500
15,shock_lag2,-0.0019177311073960701,0.002053274479271926,0.0019743305116539985,-0.006292529633316356,0.0015982437400730535,-0.005321191882751778,0.001107309428782882,-0.0037738706723923782,-7.834180580636551e-5,500
15,shock_lag3,0.0025225242607830878,0.0021034592874367834,0.0022705746162552925,-0.0027903632995553243,0.006949685290228926,-0.0016213391465253056,0.005990887402925565,0.0003808715202956782,0.0046134817532916825,500
15,shock_lag4,-0.0002892655836784171,0.002293819109848987,0.0023756803399275434,-0.005094046319533185,0.0041050532789969185,-0.004251493249462778,0.0036985713911574444,-0.002917476068835515,0.001781972863230851,500
15,shock_lag5,-0.0013945122067887934,0.002235618843224099,0.0022690639645505683,-0.006033289210842256,0.002736496767988514,-0.0053959537229625095,0.0020103445190234417,-0.0038513038584146015,0.0008187894485419485,500
15,shock_lag6,-0.0018002076609615605,0.0022368430869526717,0.0023352382753144873,-0.006346181149083279,0.002760426062762003,-0.005661819260049343,0.0020832154963237566,-0.004082681042758234,0.00045938102679348364,500
15,shock_lag7,-0.001132325586009541,0.0021131938414526894,0.0021688138566319953,-0.005449181146105754,0.0032148114243261017,-0.004963266437291524,0.0023111758730554764,-0.0034054608988822997,0.0009422981071684259,500
15,shock_lag8,-0.0032203084134055575,0.0022727665775148617,0.002326798528446485,-0.007761961643278111,0.001540745462384546,-0.007017317105511193,0.0006501097479600022,-0.005369426906123604,-0.0010021433750799901,500
15,shock_lag9,0.0012788895952175396,0.002185519340638901,0.00210392393113895,-0.0025992194764562966,0.005170534203838381,-0.0021698858068841956,0.004515109317523018,-0.0009459419150865089,0.003282857011723414,500
15,shock_lag10,0.0004230865717302639,0.0019807811758150292,0.0019431899167001961,-0.00356945077588551,0.004049635552538939,-0.002814843336175775,0.003501743333402027,-0.0016464934030726438,0.002210379434109575,500
15,shock_lag11,0.0011375492733141641,0.00207368360024518,0.0021440865292981985,-0.002976012235163185,0.005470741442155532,-0.002471312174680786,0.004749103811773633,-0.0009306320549040173,0.0031903781852994422,500
15,shock_lag12,-0.0021062849690173515,0.0018185098345927264,0.0021563137902654538,-0.006442206126061162,0.001896041540391314,-0.005874759743093963,0.0009737504074675601,-0.004341025910380157,-0.000173599049978683,500
15,log_oil_lag1,-0.007741686100728143,0.005450237391377006,0.005263691543773776,-0.018318811481663325,0.0033974525414268452,-0.016801090184241307,0.0007366082248506981,-0.012333707682883908,-0.002592432317814113,500
15,ffr_lag1,0.0021136052547745207,0.001429266467255289,0.0012823830259924666,-0.0003642817139695798,0.0044710085608453375,-6.106310864528557e-5,0.004224494741965437,0.0009790609304143973,0.0035837955374827058,500
15,cpi_lag1,0.00011052481566116609,0.00015602647277377748,0.00014022276713435752,-0.00013225570457392125,0.00041083142257447884,-0.00010687788422117032,0.0003645787218320254,-2.8915592897239737e-5,0.00025601109601156556,500
15,indpro_lag1,0.0006251214572610926,0.0003067189000213622,0.00029826735904376906,1.83890015054066e-5,0.0011879916622286992,0.00011012491424608282,0.001073251339499331,0.00029628965485766336,0.0008933659785070654,500
15,log_rwage,-0.12142430955342792,0.030657379428278,0.029972602549556738,-0.17430282697571875,-0.05863479408429592,-0.16745622852693484,-0.06560872145238565,-0.14711105121263882,-0.08775508665611602,500
15,age_mean,0.002194731081390594,0.0016594840472782355,0.0017593252656043262,-0.0014070075250077717,0.005504857935283694,-0.0008637979571074469,0.00501195955185603,0.00040621530352054645,0.0039751503238378595,500
15,female_share,-0.06747939166457109,0.050599917588725014,0.05162088704846713,-0.1740595569325099,0.027742589348546464,-0.15765629208313864,0.010786700720396286,-0.12464581691108731,-0.019779516806446833,500
15,married_share,0.0004098507482619932,0.045345509768785604,0.04582552941274087,-0.09458386601083815,0.0855088532617191,-0.0828766749650353,0.06955284535271573,-0.048079184883431214,0.04286918992853535,500
15,hours_mean,0.0006657244133192386,0.0017058476168044685,0.0017464687746811492,-0.002730286448006924,0.0037804438432083353,-0.0022477330490505475,0.0034124877776673056,-0.0010037860584697536,0.002352309985107325,500
15,unemp_rate,-0.2800072604830634,0.049195888511903284,0.05175248518809402,-0.36084441189905947,-0.16861959667604934,-0.3462801834687993,-0.18274960789495587,-0.32054239231238746,-0.2182219506701952,500
16,intercept,-4.0408830338477785e-9,0.0018679329997207548,0.0015807466627271278,-0.002824080111113543,0.003375256311835823,-0.002190754801336705,0.002814088614975357,-0.001249271912082794,0.0018250881992012936,500
16,shock_x_ind1,-0.008093880930745817,0.006687031263517421,0.007025063909007168,-0.02080366603214425,0.007370013376323908,-0.018848344837165906,0.00421871946001348,-0.014698120095658756,-0.0009884674733027705,500
16,shock_x_ind2,0.013053595401989578,0.012806097403485801,0.011737227052794058,-0.00915222303659707,0.035940886506808156,-0.007258606503031231,0.03169311390284581,0.0021403464856518,0.024290533989593417,500
16,shock_x_ind3,-0.004461961568424845,0.004382713868354551,0.004688873816121569,-0.013153728581525397,0.005408189064515645,-0.011932327753058502,0.0034059999369597006,-0.008876848184971087,0.0003510988348621996,500
16,shock_x_ind4,-0.006492808487542408,0.0046631157112843715,0.00486389121347299,-0.016439638872014873,0.002471278778817367,-0.014390038237071212,0.0015187217580857474,-0.010824994082965878,-0.001465352436789573,500
16,shock_x_ind5,-0.006314459642812981,0.004283544223341713,0.003966461835848982,-0.013970466912584904,0.0014306823997017595,-0.013123785253289303,-2.1064092534291217e-5,-0.010315426486992504,-0.0022435050750950246,500
16,shock_x_ind6,-0.000764254989814276,0.0039519427284104795,0.0038831139154812287,-0.008643524820455158,0.006821857761279876,-0.007165956536186364,0.005439205341099173,-0.004831466763813469,0.0028744789727279192,500
16,shock_x_ind7,-0.006955058868074375,0.005917165902794515,0.0060842027272753054,-0.017990686997209775,0.005624859191365787,-0.016137124172400152,0.0041971480508764605,-0.012522458061875973,-0.00025071897468391884,500
16,shock_x_ind8,-0.004827487831708212,0.004815475567594286,0.005044969293609253,-0.015132595892939882,0.0036371939561515307,-0.013821362201901237,0.0026541985210383834,-0.01041515259556297,-0.0003174000672441259,500
16,shock_x_ind9,-0.007862668218934827,0.004465102122303722,0.00471336265363365,-0.01763184081020614,0.0007561569477321083,-0.015754864191505784,-0.00047992312037232343,-0.012594085145410857,-0.003008919759537192,500
16,shock_x_ind10,-0.009559937349517975,0.0052176498773062,0.005283298508651869,-0.02036010932642831,7.332543560815803e-5,-0.01822511621366417,-0.0016419620512949616,-0.015225899953488829,-0.004530499611897976,500
16,shock_x_ind11,0.006538588295142926,0.0063429408667392976,0.006225028639694582,-0.006839201244603292,0.018170862947459954,-0.005009680165384716,0.016135736818912616,-5.2095195526089726e-5,0.012112285353799353,500
16,shock_x_ind12,0.0026967606905007875,0.004047262967226022,0.004228549441283645,-0.006108857948111066,0.010520538951920858,-0.004178285479422045,0.009004602008032644,-0.0019004289650985,0.0066530027639895625,500
16,shock_x_ind13,-0.001689043439677083,0.003719339687677016,0.0036751695983210965,-0.008502254555252543,0.005519666496138582,-0.00753276011067382,0.00441094981664097,-0.0051776302959020415,0.0018628530679915478,500
16,shock_lag1,-0.0007469216640762467,0.0019403765092030393,0.002140914840283697,-0.0051737335557686705,0.0033025800528160808,-0.0041896305676217445,0.002798186952576824,-0.002777888627684976,0.0014075511867967798,500
16,shock_lag2,0.0013933402634253374,0.0019871858587087936,0.002038821823930409,-0.003282230951419488,0.004986294793142021,-0.0020272846850833692,0.004454894287594647,-0.0006442333790040837,0.0033074983045398424,500
16,shock_lag3,0.0008843192466449206,0.0020559839129490687,0.0022401508950454616,-0.0033717128126902894,0.005262485352128409,-0.0026088599228598144,0.004464738867296587,-0.0014792946315964968,0.00291364967596503,500
16,shock_lag4,-0.0008107365075325979,0.002270249951396727,0.0024852171927417536,-0.005965245954568599,0.003870275124482548,-0.004826125499150489,0.0028980466767457623,-0.00334345279017736,0.0016065668303823712,500
16,shock_lag5,-0.0008474821080372143,0.002126240747472853,0.002198235573618777,-0.004903275060013165,0.0033856281886186146,-0.004349904407987714,0.002727336771808049,-0.003045958644248708,0.0012716483892672218,500
16,shock_lag6,-0.00029118830589326596,0.0022098529337216412,0.002272059354149994,-0.004723760361637886,0.004196340943681147,-0.003873185111313835,0.003467196100854556,-0.0023428038009288814,0.001973119355003711,500
16,shock_lag7,-0.0023293472251996955,0.00221500894222805,0.0023110510740350235,-0.006936931856547842,0.0018780778230188303,-0.0062273567011818295,0.001325130457846418,-0.004605484040965627,-2.006038298258189e-5,500
16,shock_lag8,-0.0005648792745508267,0.0020612178741060356,0.0021179016439503338,-0.004537792960153917,0.0038178087558534213,-0.004019105200016458,0.003051104034133486,-0.0023985317333969523,0.0017084668646777249,500
16,shock_lag9,-0.0004607125657938103,0.0019886133992796516,0.0020707680711421475,-0.004362251848367344,0.003925894219565826,-0.003610193242673366,0.0032821048572956573,-0.0022574441541329004,0.0018163200450933645,500
16,shock_lag10,0.0019385895405799097,0.001917532050009468,0.0019680625314102513,-0.0019597306344366515,0.005617335662583142,-0.0012134237451270529,0.005050302591735533,7.281134642720474e-5,0.003990311547761117,500
16,shock_lag11,-0.00022160055122136385,0.0019565694764169237,0.0020385973447657633,-0.004062057094730774,0.0040702905124090335,-0.003468158116326894,0.0033487284990382066,-0.002023390937710429,0.0019246440910165616,500
16,shock_lag12,0.0001912290884624953,0.0020062843282291124,0.002011460756455001,-0.004262672459327959,0.0038905043459349356,-0.003237106209622986,0.0030534119893478205,-0.0020140736806832844,0.0019329006719678433,500
16,log_oil_lag1,-0.009456239007904899,0.0054493504609088965,0.0052385431135642604,-0.020139788012439666,0.0008050456671402107,-0.017829400949214882,-0.0008229678513025114,-0.014274903104255176,-0.004114785084001051,500
16,ffr_lag1,0.0025534465813741762,0.001420895579121059,0.001244646330286233,5.9415806992656015e-5,0.005101370350989313,0.0006121903730342073,0.004659251155459509,0.0014906164603427706,0.0038783845002526036,500
16,cpi_lag1,0.00011438292747461678,0.00017482160926897303,0.0001463862923338608,-0.00013740302966872058,0.0004273337608853601,-0.00010433167585265036,0.00037152656502795233,-2.0288571994085512e-5,0.0002694699171870453,500
16,indpro_lag1,0.0007085224458239534,0.0003052452927207805,0.00029763037237285267,0.00011108677788637675,0.0012759148455091162,0.0001951621681608388,0.0011944057985046846,0.00039689952722054373,0.0009694557364846376,500
16,log_rwage,-0.1332001264292449,0.02816153826333297,0.02538716285842072,-0.17966526745830808,-0.07559774122727553,-0.16808086882414258,-0.08602358266587494,-0.15209210349439437,-0.10163930534265302,500
16,age_mean,0.0030148324687692134,0.0017209296064975704,0.0018422464100935883,-0.000746111022125582,0.006266014519164431,-0.0003159657226115574,0.005694856649861265,0.0009160759153733228,0.0047790892964090234,500
16,female_share,-0.058970707871466875,0.04897018120871369,0.04869815330220813,-0.14832125328586726,0.03043144553146529,-0.14010667770739502,0.017226442368977517,-0.10918111146044861,-0.010132110313425733,500
16,married_share,-0.020516459706026117,0.04086369482728935,0.04294460891078972,-0.09972777576234407,0.06321442099927488,-0.08456266588517299,0.052442948946032936,-0.05962970116079984,0.024961668692998595,500
16,hours_mean,-0.0001456726826265092,0.001912390877723935,0.0018915608511755376,-0.003471548366699272,0.003680746482252792,-0.003144040662554386,0.002985968384191624,-0.001963490258171199,0.001867009387512713,500
16,unemp_rate,-0.26563941341278713,0.050748768315759925,0.054943920942602066,-0.36711362823804117,-0.16436284816365193,-0.35830115963829684,-0.18161059087682538,-0.3205894786841463,-0.20904733294357525,500
17,intercept,3.674883740007693e-10,0.0018748433849158906,0.001693387939309981,-0.0033203430314447764,0.003429768633856703,-0.002865964736888023,0.0027495363878942674,-0.0016386037845424852,0.0016612439527814674,500
17,shock_x_ind1,-0.01978450898449033,0.007987942285466907,0.0073801898871874265,-0.03450700332130448,-0.006148506936428665,-0.031938685404262375,-0.007811855848616519,-0.027536337227343284,-0.012437632997314617,500
17,shock_x_ind2,-0.00013154018830079594,0.011936609807659185,0.011533899241566687,-0.0244371871858325,0.02015506559190084,-0.019668860665622866,0.017254679883430584,-0.012660803987618994,0.010374626387151507,500
17,shock_x_ind3,-0.004793983103358703,0.004625290940400051,0.004537557512598257,-0.013501370599369273,0.004218775593368708,-0.01225856380101539,0.0023493759587967567,-0.009724290046007446,-0.0002869419768107297,500
17,shock_x_ind4,-0.008606589080873741,0.0050196778948629174,0.004866087490984321,-0.018895828514654663,0.00022884577888611878,-0.01740941324559257,-0.0014346509464508116,-0.013831301579527914,-0.0037715184528774163,500
17,shock_x_ind5,-0.002865351998817152,0.00436065633999379,0.004500908827033388,-0.011596571683212303,0.006548279006653436,-0.009914153473301976,0.00482531899136579,-0.007349342841447694,0.0016140781525587878,500
17,shock_x_ind6,-0.000391295489191294,0.004327170738483032,0.0041615172954880915,-0.00848051260796506,0.00784321008614543,-0.007233638381511225,0.006506543584602683,-0.004505154891186942,0.003685032504737859,500
17,shock_x_ind7,-0.006776931188974582,0.006767401610549676,0.006758301542932416,-0.018466289140455464,0.007592566496316941,-0.01724986470422799,0.005089992520861423,-0.013353974237108315,1.7417657608586413e-5,500
17,shock_x_ind8,-0.005282986291593728,0.004684680334134731,0.004631744597064759,-0.015836002613410255,0.0027853280109335302,-0.013114839835504022,0.001672376990814533,-0.009905902102789578,-0.0010312363107982596,500
17,shock_x_ind9,-0.009725550793080625,0.004248933315690718,0.004247155670868936,-0.01881626030230079,-0.002038878220646744,-0.01667448657646829,-0.0032793094938876957,-0.01381377484038655,-0.005298771042801213,500
17,shock_x_ind10,-0.00997995661378271,0.005531750298846241,0.005467243386460958,-0.021261989606943258,0.00016219155039282502,-0.01939696262503847,-0.0014463389530749026,-0.015638223623691085,-0.004487775241931677,500
17,shock_x_ind11,0.007096607906199932,0.0061175182095943555,0.006064143288908832,-0.005039151280886821,0.017623181334239294,-0.0033036334572093423,0.016319925294407612,0.0007168726611047822,0.012986610796346608,500
17,shock_x_ind12,0.002108570037043908,0.0039728190041665975,0.003935356982358647,-0.005490116404626574,0.009069885999595656,-0.004652819571750925,0.007832649408255411,-0.001867634126126879,0.00583719202319154,500
17,shock_x_ind13,-0.008059069060845267,0.004112903711347861,0.004033952503331429,-0.016144916513616915,-0.0004958239895033412,-0.015346434519932372,-0.0016968564449418816,-0.012132508440482432,-0.004292186782249592,500
17,shock_lag1,0.0027581549082364505,0.002004154103300121,0.002073126589840085,-0.0014385171097526452,0.00654172495662589,-0.0005931523328561551,0.006106102437019549,0.000660213147682715,0.004606800777564599,500
17,shock_lag2,-8.550346442944313e-5,0.0023081061645526487,0.002337505755459811,-0.00469376306211939,0.0043090412650982676,-0.0038777427609496,0.0037262979964512105,-0.002331608350843917,0.0022643569922486343,500
17,shock_lag3,0.0005006062829755278,0.00215060387484016,0.002359162689805505,-0.004816957522658491,0.0046974093041790375,-0.003665208738302074,0.004166027017389955,-0.001723547494400038,0.00262694486107998,500
17,shock_lag4,-0.00019564417234207198,0.001980449247728036,0.002040310025198929,-0.004489782250557744,0.0036303200938667965,-0.0038693443090663435,0.0028590381608383448,-0.0023370032016555298,0.0016537268779202464,500
17,shock_lag5,0.0009106793400472271,0.0022488817177261458,0.0023932511937024745,-0.0038649849697365074,0.0060771645708809306,-0.002787155977666686,0.00496607421701096,-0.0012658911083064206,0.0032414179851107438,500
17,shock_lag6,-0.001383865240417926,0.0020730318792934635,0.002284517552008493,-0.00575277058245503,0.0031392861240475724,-0.005025389245155082,0.002498615658871829,-0.0036789355532857422,0.0006715176004329733,500
17,shock_lag7,0.00044439301896324483,0.0019488047367021114,0.0021110053686961765,-0.0036615251439321888,0.004550406803312481,-0.0030058931924611377,0.003922052460379871,-0.0016816936570770795,0.0024860399411660533,500
17,shock_lag8,-0.00217463089593603,0.0020264942293100707,0.002077641020775555,-0.006090253397652236,0.001374209560565079,-0.005700081922905048,0.0008148654941936148,-0.004404403614051875,-0.00025205197839234527,500
17,shock_lag9,0.0011998492150403187,0.0021159520413304603,0.002133763236110193,-0.003541728934082603,0.005230036371908839,-0.002388929319247138,0.00453920536760734,-0.0009963832063332513,0.003169654229898217,500
17,shock_lag10,0.000465427113854371,0.001917816411379711,0.001936461909163906,-0.0032522098347829865,0.004081028896830034,-0.0027962893594808145,0.0036205180246270314,-0.0017442742014688976,0.0022939284799856022,500
17,shock_lag11,0.0022872317531281248,0.002072619170318328,0.002102985967392335,-0.001504367669712068,0.006662146154708578,-0.0010611936899539872,0.006065073369583082,0.0003099014394682036,0.004347956495315733,500
17,shock_lag12,0.000352128680740111,0.0019973540064144625,0.0020555145159010086,-0.004186099421841241,0.003769790099630972,-0.00347892535629661,0.003261544422255193,-0.0019900644632055865,0.0021413853164676203,500
17,log_oil_lag1,-0.013324430784226252,0.005678524533127979,0.005647613720022214,-0.023769517400861435,-0.0015880561931351511,-0.022548739936486338,-0.0038486404233947975,-0.018916397089000656,-0.007810226103168701,500
17,ffr_lag1,0.0027994012364192015,0.0013730717882449782,0.0012385148312289438,0.00041373657493626797,0.005458438591704305,0.0008431541044629517,0.004931683526832438,0.0016864580410275044,0.004159476264562275,500
17,cpi_lag1,0.00024279022481524403,0.00017696624981430992,0.0001568947270785701,-3.577404158059881e-5,0.0005518677079328221,4.853698903735877e-6,0.0004987530326998638,9.145357802689725e-5,0.00039602979328574265,500
17,indpro_lag1,0.0009372963578724222,0.00031970867320768934,0.00032327738111459953,0.00025385229744643526,0.0015265144793746928,0.0003784387555482904,0.0014226464223835286,0.0006097993810545519,0.0012523820275547914,500
17,log_rwage,-0.17707435584310374,0.03146483021170533,0.029345121947992433,-0.23318419586660755,-0.1139448004591648,-0.22116891773081182,-0.12349921468477437,-0.19836534503782285,-0.14139064963297954,500
17,age_mean,0.002557804458251439,0.001703983788343699,0.001715365333426982,-0.0010944172209351464,0.005593029382803072,-0.0006336000562046326,0.004998223004129841,0.0006920906807894238,0.004092292444960936,500
17,female_share,-0.050278924774645746,0.050992867732881135,0.045888999211005574,-0.13906751286940405,0.039816875924248374,-0.12908630020028575,0.026257653070839375,-0.09882457411326047,-0.009539554679711479,500
17,married_share,0.05035923192823408,0.04777285413834793,0.04538377304957532,-0.04602127874396533,0.14073097034213392,-0.028617877387584523,0.12052913907095858,0.0055346631330133065,0.09179401228082446,500
17,hours_mean,-0.0004901012110779533,0.0016167111101878812,0.0017026081505606074,-0.0035995981569711295,0.0029924672562655474,-0.0030645428898140245,0.00257377010885425,-0.0020361432392936875,0.0012966624800877535,500
17,unemp_rate,-0.24887725474279065,0.056677718923493076,0.058232089059672434,-0.35606563267021685,-0.12416759471232981,-0.33294114379064343,-0.14193346216325936,-0.2968250651884418,-0.18228743928182042,500
18,intercept,-5.236572078529025e-10,0.001977955602928393,0.0017636537116782478,-0.0032087363674798836,0.0036503922266685283,-0.00255468798060547,0.0030453852513550794,-0.0016424730255485864,0.0020863368533625666,500
18,shock_x_ind1,-0.018906322491620515,0.007107391209773782,0.007557815860489393,-0.03365128356211878,-0.003573297167872384,-0.031131387176858778,-0.00577972970274805,-0.02637536746940857,-0.01140407429743005,500
18,shock_x_ind2,0.01232470985879459,0.010538514047047282,0.0107961211741323,-0.007355449629197566,0.03278116531132077,-0.004734243936482519,0.032024310069093134,0.001663679999241923,0.023177757693534827,500
18,shock_x_ind3,-0.0006756296594790788,0.0036527682773979135,0.0036635677041018137,-0.007822863666381056,0.006504644945178748,-0.006536136013909222,0.005778943981043362,-0.0044260684973684485,0.0031325265689569697,500
18,shock_x_ind4,-0.001697476161535748,0.00521680271573932,0.005277447549111719,-0.011149625110658092,0.009580316542991942,-0.01008663755818551,0.007309294659845528,-0.006905938247610084,0.0034266117522166275,500
18,shock_x_ind5,0.0009973119991362738,0.0043942064386959965,0.004525924073049982,-0.007462732660809783,0.009878909020921683,-0.00590168407094216,0.008485367521102617,-0.003263655526163042,0.005499440661150807,500
18,shock_x_ind6,9.71208284792845e-5,0.004409277587448055,0.004333578118335413,-0.008170874062383253,0.008542053712124655,-0.007148212957715209,0.007179557751093932,-0.00393022165646715,0.0047532717515206945,500
18,shock_x_ind7,0.00035231288932028893,0.006558131010819926,0.00605677670804838,-0.010889299430400824,0.013392816947518314,-0.00911774262137027,0.010327747784314703,-0.00552845422490457,0.006351031375968864,500
18,shock_x_ind8,-0.003629683209899528,0.004214211142703932,0.0043612740083579645,-0.012230705363537745,0.004481381057189435,-0.011191913729001086,0.0030580427352541093,-0.00815111031157613,0.00033969256635247636,500
18,shock_x_ind9,-0.0025652796805818276,0.004205897813231251,0.004537462889796874,-0.010691754116947673,0.00612664083362725,-0.009383918448624816,0.004787920328420674,-0.007086773070290414,0.002112831338819982,500
18,shock_x_ind10,-0.009809276333875154,0.004481987572742554,0.0050467690506186685,-0.019890138483975722,-1.9207600276115362e-5,-0.018253603495520406,-0.0020226465086259087,-0.014582319529733804,-0.004892781299571615,500
18,shock_x_ind11,0.003724412080125125,0.005277268285281551,0.005317283927989556,-0.007189553372519619,0.0127714782157736,-0.005509999690222874,0.01147809163007882,-0.002302170322266434,0.00855480963076061,500
18,shock_x_ind12,-0.002720909605414094,0.003658532167101616,0.0036430721371541876,-0.009963932807458277,0.004037992902731666,-0.0087744100859782,0.0028889772863734927,-0.006235266451471056,0.0008772306462494598,500
18,shock_x_ind13,-0.0038022103675474915,0.004098927648471505,0.004267242945814267,-0.012267488565832853,0.004947023770451548,-0.010879477704890386,0.003372183302412586,-0.007908404264003912,0.0002613386534819496,500
18,shock_lag1,0.0004041277014247855,0.0024068483539089925,0.002474276573230105,-0.005064714317331869,0.004823212227150671,-0.0037981321590505913,0.004143859492076946,-0.0020221058998279914,0.0027210091811075195,500
18,shock_lag2,-0.0011098998078778368,0.002397571477580659,0.0024045818304647207,-0.006104613095639931,0.0035713520521928905,-0.005362816569795444,0.0024722059640351077,-0.003864558277281135,0.0011348834332553948,500
18,shock_lag3,0.0002530402915383087,0.002438306240009368,0.002603768716805264,-0.005334024556195816,0.005265813399789978,-0.004492220522168094,0.004196538949811267,-0.0026192224980585476,0.0026032323348842775,500
18,shock_lag4,0.0009134536817890173,0.0023993746551830377,0.002349411887754779,-0.0035019447672569315,0.0053833743898550925,-0.0030252982948849516,0.004515598428404547,-0.0015411771382373525,0.003163970795093721,500
18,shock_lag5,-0.001073733969486945,0.002617641398554497,0.0024694878598544635,-0.005474225597680592,0.004281706315310631,-0.004652636456235827,0.0034144348898856474,-0.003468562247251776,0.0014120607971856859,500
18,shock_lag6,0.00110531793808255,0.0021067944815333565,0.0022240874808411013,-0.002924520550250726,0.005758316096077861,-0.002156933547499107,0.004945646162510934,-0.0010861611879960235,0.003429766540099289,500
18,shock_lag7,-0.0017805463310081033,0.0022692699612300916,0.002259361585669501,-0.006128523143328159,0.002487485003753353,-0.00555696671972197,0.0016076015786596403,-0.004048039544504802,0.0003287824497882055,500
18,shock_lag8,-0.0008571669420916142,0.0021274067470536547,0.0023560666741127873,-0.005304844693042113,0.0036651329592878572,-0.004464211461411993,0.003103978126842225,-0.003203330714214525,0.0014868983805614334,500
18,shock_lag9,-0.0009289635208839884,0.002139254116148544,0.0021992648886979527,-0.005327659178097181,0.003578442110619847,-0.004528541762284747,0.0026876355686716877,-0.0031249166976140717,0.0012298584892454418,500
18,shock_lag10,0.0026084366552861244,0.0022114692185128894,0.0021607689329906886,-0.0016669226670569576,0.0069197217686556445,-0.0009499282760347486,0.005995185340469723,0.00034375272050447543,0.004629492788527027,500
18,shock_lag11,0.0019785448029335357,0.002004328376850502,0.0021746655317048556,-0.002080795435041482,0.006373555409661251,-0.001432143270331589,0.0054341184097972065,-8.824226979868869e-5,0.00414737462198314,500
18,shock_lag12,-0.003021668647455316,0.002286793547767693,0.0022101682976286216,-0.007171147986873786,0.0010700863454460585,-0.006622525086085259,0.00042735161644387546,-0.005414421439374093,-0.0009351622574939232,500
18,log_oil_lag1,-0.010525785216747576,0.006194662274127799,0.0058522099663648455,-0.021995392126862266,0.00036704848479844144,-0.020428130746023645,-0.0009540040172728435,-0.015304902291733192,-0.003958623844140569,500
18,ffr_lag1,0.0030195343945777276,0.0014610285914770382,0.0012855633953185027,0.0005441639576185743,0.005658815467327303,0.001085221122927293,0.005293999497321628,0.0019401605948468966,0.00443044400459717,500
18,cpi_lag1,0.00021310961283537035,0.0001850118643935572,0.00016711724737714616,-6.262865461861596e-5,0.0005348480252428693,-3.3292518973831106e-5,0.0004802607418657775,5.323861204157589e-5,0.0003758602893639151,500
18,indpro_lag1,0.0008200165715978295,0.000343558383068152,0.00033544750968860003,4.39710335797431e-5,0.0013489842825855274,0.00014709376782129924,0.0012510597468968281,0.0004126035894214058,0.0010691860007026159,500
18,log_rwage,-0.1479472577606206,0.033768698767703345,0.03312366507691876,-0.2065924555552206,-0.07726321122002854,-0.19353474973306672,-0.08386037376852955,-0.1723032291134629,-0.10607815771804946,500
18,age_mean,0.0020821426820586443,0.0019014525199748532,0.001837043061957671,-0.0015333599884299336,0.005339655174831019,-0.0008744749357242763,0.004796094655286833,0.0001254644786633858,0.003856026936371899,500
18,female_share,-0.10021858495614949,0.057810369187326884,0.058233010699317876,-0.2168062465117886,0.010237756630477126,-0.1975686605054024,-0.009916096167642401,-0.15920029211689,-0.041699986467704175,500
18,married_share,0.0743001607504235,0.0516588346904195,0.04937992549898798,-0.018783235538999132,0.19241663450011973,-0.0011145599303950295,0.16038789082999066,0.02389245478038967,0.12252001719643511,500
18,hours_mean,-0.003794871691808876,0.001775571179369917,0.0017966090999539013,-0.007264057272220207,-0.0002478408557762986,-0.0066601052136311244,-0.0009086189759685908,-0.005614191130183228,-0.0019452822918751447,500
18,unemp_rate,-0.3069994287860123,0.05322292629519307,0.05769721714906289,-0.4192080846824503,-0.19302097653646488,-0.4057283481528605,-0.21190685984621016,-0.3619109561021425,-0.24893907523299175,500
19,intercept,8.974805466405007e-10,0.0020020331138297753,0.0018045778476051286,-0.0032760567726569014,0.0038655248114337236,-0.0028256821581200534,0.002952506606245183,-0.001594113530690224,0.0019859315162638106,500
19,shock_x_ind1,-0.012456980553617297,0.007857926210727863,0.007683750832622554,-0.027583220772793272,0.002672899379143831,-0.025401641375690516,-0.0007266525618989753,-0.02080742047693915,-0.006106469883657855,500
19,shock_x_ind2,-0.00774952695815394,0.010887955879775686,0.010671198803552375,-0.029065129205481603,0.012517682012287625,-0.024737220026004855,0.010040165968238327,-0.018279194947684096,0.0024291850692733864,500
19,shock_x_ind3,-0.0012680166103679474,0.003854787133690873,0.004052957764146662,-0.00861142031533894,0.006715641386444614,-0.008007818880731338,0.005341521946413969,-0.005701554129399513,0.0026047081265859746,500
19,shock_x_ind4,-0.00360428706562675,0.004589823572099132,0.004863799403479114,-0.014425773713131453,0.004824585852820183,-0.01246814477567471,0.0032090227302432398,-0.00853859865330561,0.0010084065244887598,500
19,shock_x_ind5,-0.0021668565636888074,0.0041991825143000705,0.004288501439677921,-0.01133867870663139,0.0067167331815651925,-0.009234885398270458,0.004631521249270792,-0.006506397707212386,0.0014143143966980016,500
19,shock_x_ind6,0.0010399498593507718,0.004660505084108566,0.004571939291247651,-0.007129729353665865,0.01020552624034398,-0.005774394512757495,0.009039740817509698,-0.003458449314817625,0.00572174466653562,500
19,shock_x_ind7,-0.004800531472122766,0.005445608945790134,0.005474501833846475,-0.014636743600425783,0.0063740310201212125,-0.013303261182739029,0.004103251913841096,-0.010075913909391415,0.0007789517760528259,500
19,shock_x_ind8,-0.004123500628323289,0.003997565616102822,0.004279506169603385,-0.013343092963304935,0.003472144183735996,-0.012286675897708406,0.001774054478300925,-0.009044269752993758,-0.0003864873722075355,500
19,shock_x_ind9,-0.0070930930485351385,0.0041290064635650225,0.004793605474240866,-0.016474532336177516,0.0024856048062659487,-0.015139657459356772,0.0006967694913090581,-0.011933132270654718,-0.0022885878453855544,500
19,shock_x_ind10,-0.007622495096322719,0.0049885239991773805,0.0053714216680756915,-0.018471542896632227,0.0020558714727264213,-0.016679018417928876,0.0007912861713441694,-0.013330081774057678,-0.0023959929186003256,500
19,shock_x_ind11,0.0020799420974042856,0.004516318996464666,0.004677531520772916,-0.007605241816947996,0.010550943115101123,-0.005959251767191294,0.009695293179697508,-0.0026660774257458767,0.006368066546943822,500
19,shock_x_ind12,-0.0007313587967910803,0.003845740776366487,0.00389576807102289,-0.008700645869078419,0.006778398739877437,-0.007097987328144748,0.005350914373325027,-0.004917350623545511,0.0029089229470077023,500
19,shock_x_ind13,-0.005674397076959459,0.003819496810999659,0.003961316377362143,-0.013130391717306603,0.0019163266486442762,-0.01214022380301727,0.0007323831548333026,-0.009560180192588032,-0.0017140773581783202,500
19,shock_lag1,-0.000156019670625516,0.002482693986397333,0.0026108462494690986,-0.005646148302388216,0.0048230616140962825,-0.0046725925706829164,0.003998021896685645,-0.0026682987552544076,0.002340178606599965,500
19,shock_lag2,-0.0011395969421479988,0.0021718434500889775,0.0022294690492227565,-0.005779488564276788,0.003208816339560989,-0.004926615651264752,0.0025631531272064523,-0.0033238896894212683,0.0012122083198288654,500
19,shock_lag3,0.0015973008837237798,0.0021936949021091794,0.002298835201852559,-0.002562356764591633,0.0062187572316090255,-0.0019831947614737176,0.005511446068640262,-0.000631781695938478,0.003866441532294853,500
19,shock_lag4,-0.001020267323843254,0.0022825003289441924,0.0022009520209848713,-0.004983686329206806,0.003678172274687577,-0.004404698774092652,0.0028993496218134842,-0.002976351636471688,0.0013084755721404458,500
19,shock_lag5,0.001779827871509906,0.0020980677444610795,0.002149468526120473,-0.0019906692992855825,0.006349778099231942,-0.0013349223080680146,0.005485878306360753,-0.0002307447562298162,0.003938348691471513,500
19,shock_lag6,-0.0010024920366757699,0.002087867072597838,0.0022145309206157895,-0.005217233268907433,0.0037444780779305985,-0.004339343052359985,0.0027444347156512904,-0.003006025439179204,0.0012824744026017246,500
19,shock_lag7,-0.0003456375365542879,0.0020023977167683347,0.002087498263889003,-0.0043372537606093985,0.0037870205177443317,-0.0037284321837765203,0.0031220376040655773,-0.0024334295340240506,0.0018333903246043318,500
19,shock_lag8,-0.0028401492534837727,0.002144404444169127,0.0022422013817082844,-0.007028218236087546,0.0016421333350216572,-0.006316603185814425,0.000941150702380631,-0.005005769267487376,-0.0007200768505139564,500
19,shock_lag9,0.0014158603897996799,0.0020993679815328467,0.002110583644771915,-0.002357871249768996,0.005831819905769121,-0.0018102455868650607,0.005205520676666547,-0.0006029008570339543,0.0036906264984603895,500
19,shock_lag10,0.0023427193868528116,0.0019983959599176484,0.0021069127302923425,-0.0016635972108958851,0.006899061303608702,-0.0008479871622356471,0.0055170604693842926,0.00014534439859793406,0.004319314410043112,500
19,shock_lag11,-0.0012689027598785597,0.0019186966083208352,0.001968930280904041,-0.004805338043006677,0.002521097340883045,-0.0043584208063800626,0.0021116764665239937,-0.00323579614954467,0.0006773810246881351,500
19,shock_lag12,-0.0026310939666937434,0.0019155855848232253,0.001980605956708251,-0.006761401744369427,0.0008284110786526161,-0.006022747416301708,0.0003224627816758153,-0.004887723650231414,-0.0009150483323121235,500
19,log_oil_lag1,-0.010709666883269148,0.006343774697108857,0.005926503134862062,-0.022770010538017763,0.0015042838277574912,-0.020123557502035243,-0.001141562737052082,-0.01648445548777438,-0.005040146000150609,500
19,ffr_lag1,0.0028178781305608957,0.0014581178128722414,0.0013228878546224872,0.0006274462270730542,0.005644773576646566,0.0009438804280335687,0.005201328258841133,0.0017270243219450437,0.0044748060318045985,500
19,cpi_lag1,0.00021287961135819228,0.00018586853924042166,0.0001635214956990508,-6.185041412863516e-5,0.0005565805119965944,-5.533347284211773e-6,0.000511818361506018,6.756312268429155e-5,0.00039678103576069315,500
19,indpro_lag1,0.0008489805266751094,0.0003574625668304469,0.00033989044850851394,0.00014058224193025997,0.0014032550217213027,0.00019836167650436003,0.001354179429838303,0.0004653886824060874,0.001154857961280265,500
19,log_rwage,-0.16948410627230392,0.02897820575315043,0.027292678072571692,-0.212470629804786,-0.10229407401101279,-0.20359825131705261,-0.11440387390885887,-0.1878413212907804,-0.13403177761136173,500
19,age_mean,0.002314050752527398,0.0018294114996863873,0.0018432041436496065,-0.0012876544033831234,0.0056377554957482805,-0.0009212617516048073,0.005175946264905349,0.0004071707340733439,0.004004924508826696,500
19,female_share,-0.04635308736531121,0.049447220692180605,0.04703398841323025,-0.1432705119554898,0.04490572188461592,-0.12895495102783713,0.02733715091432471,-0.09249941491388426,-0.005972589992932104,500
19,married_share,0.03006018633579661,0.046657921558417186,0.04805431143803691,-0.06582561810046539,0.12191863434807196,-0.0496159591107934,0.10463383533008774,-0.021143794355988912,0.07618369225616091,500
19,hours_mean,-0.0015064172777084787,0.0015757629933355049,0.0017555217213368203,-0.004812258589191775,0.0020079093946300253,-0.004338901897600935,0.0013103649687611972,-0.0032749880731252116,0.00016444992585495517,500
19,unemp_rate,-0.2832982346098809,0.05199916291947939,0.05493418983279462,-0.3717252482097634,-0.14978678386301464,-0.3578855246735376,-0.17817574259432767,-0.3259622778769402,-0.22019095396633112,500
20,intercept,1.0054744422471744e-8,0.0020749489410250258,0.0018504541419485654,-0.003383697132439549,0.003600929936900573,-0.0027595819187928826,0.0031907684162701252,-0.0015941961099692086,0.002176402481957584,500
20,shock_x_ind1,-0.009517005299062527,0.007497391897096697,0.006971769596622238,-0.0233854379872719,0.0038505173548066046,-0.021154866758415075,0.0021752021927090265,-0.016151446148085717,-0.002163967433344124,500
20,shock_x_ind2,-0.004160129006564139,0.011836301867091094,0.01151764874004935,-0.026087936790185413,0.01690686532152508,-0.023346347171217988,0.013834545331326643,-0.017407627660266566,0.006776145133240967,500
20,shock_x_ind3,0.0058659110526994695,0.0042473088713683785,0.0043414577379155385,-0.0025967068247025903,0.013711420457328434,-0.0015691508216321979,0.012450902965852072,0.0011537715730911978,0.009922138366553708,500
20,shock_x_ind4,-0.010528892512709644,0.006132734642747596,0.005795131908230053,-0.0216786249480231,0.0009223918332266309,-0.02074105831002188,-0.0007347243817973899,-0.016111774008101206,-0.004804741295994067,500
20,shock_x_ind5,-0.00169914029292833,0.0043769144689343965,0.004595134525573509,-0.010255588235640902,0.007531603421763352,-0.009180464885842066,0.006691084842574214,-0.005948813158056452,0.0030649659864560494,500
20,shock_x_ind6,0.0017474426766455513,0.004344102562087376,0.004519431765235508,-0.007274211600565849,0.010462442325059412,-0.005106037126107955,0.009131122770339738,-0.002886911300555361,0.006265541090465855,500
20,shock_x_ind7,-0.0017287111997305146,0.005405373135270137,0.005574963145017775,-0.01395724589141879,0.00806668698830936,-0.011457282884750453,0.006626680008312877,-0.0076833669898891755,0.003559496150867515,500
20,shock_x_ind8,-0.00794969479516357,0.004564609318582248,0.00428275170657899,-0.016083369250882315,0.0003361403516428911,-0.014803314863062819,-0.0009394837815971214,-0.012251904248309877,-0.004050452959068313,500
20,shock_x_ind9,-0.007658661179262556,0.003822634517588901,0.003997121577990159,-0.015459067790911312,-0.00025548891960742743,-0.013754432567224273,-0.00111303165520977,-0.011535712456004368,-0.0036981399214613426,500
20,shock_x_ind10,-0.015902078684808994,0.004782305983421011,0.004733764495338562,-0.02566722391968126,-0.00692764746880415,-0.02418873092429256,-0.008518065018989805,-0.020593937001157407,-0.011750466028171841,500
20,shock_x_ind11,0.0015674329502331124,0.005832652550938169,0.0059046314516487146,-0.010421913138720724,0.012890460414386457,-0.00826674627672894,0.011057010147869152,-0.004698848840903465,0.00701220964969825,500
20,shock_x_ind12,-0.006560625749632173,0.0038311750872199375,0.003865873692797478,-0.01436467697450213,0.000988474776105783,-0.01283512363449049,-0.0001026652229761728,-0.010011511070042025,-0.0026211711950571057,500
20,shock_x_ind13,-0.0038617894136696047,0.004275558418562626,0.004443098009221239,-0.013322225311496516,0.004455849020407727,-0.010658734081756837,0.003430605210945814,-0.00814321004614136,0.0005466908124973887,500
20,shock_lag1,-0.00030110819634179635,0.002257597430618091,0.0025073734580024582,-0.005071263957913758,0.004654988098640201,-0.0043998099224735856,0.003946831341805272,-0.0027441806327996856,0.001960866069259841,500
20,shock_lag2,0.00026766193263584413,0.0024679167505206445,0.002422852492834372,-0.003867796344113748,0.005378721961362043,-0.0031532405586385498,0.004597303341471639,-0.0020270233207886437,0.0028246809800108077,500
20,shock_lag3,-0.0003815520700734068,0.0024446768521388636,0.0023920853807881154,-0.005220698432981457,0.0038751869913057966,-0.004517473625353584,0.0032858477796733508,-0.0028727357359195336,0.0018636018142430353,500
20,shock_lag4,0.0018237349605065695,0.0021356903881097626,0.0022761102367312674,-0.002699057765425136,0.00627688019149992,-0.0019364819529662785,0.005419515416280465,-0.00030423562099303697,0.00403492613696428,500
20,shock_lag5,-0.0005582031492184155,0.0024099698749897626,0.0023640666572914706,-0.005046629764624238,0.004108697352817858,-0.004541163082031206,0.003566183812438854,-0.002925510104276109,0.0019428222706923124,500
20,shock_lag6,0.0003473063659560135,0.0022131753701780913,0.0023763645665512436,-0.004694116280764216,0.004983316755319347,-0.003920190316220821,0.004096029929521034,-0.001879651461930644,0.002708199096202995,500
20,shock_lag7,-0.0022414839866471206,0.002253812472955561,0.002370026048341938,-0.006793714399431194,0.00242401231354934,-0.006308843218759834,0.0015968994007004,-0.004580935125953321,0.00014287666583928416,500
20,shock_lag8,-0.0004228581069035627,0.00244674944190021,0.0025303192902998697,-0.005052215253104796,0.004565000660556356,-0.004618385526185083,0.0037919736667269104,-0.003128971891355039,0.002071662883447344,500
20,shock_lag9,0.00125724330126571,0.0023791089112552774,0.002375490554203744,-0.0034771495111455874,0.005766126209758192,-0.0029381197727480473,0.005006194246346898,-0.0012976420234805137,0.0032237596789807233,500
20,shock_lag10,-0.0008757465436074549,0.0024757680715799314,0.0023718026267577005,-0.005801005677222392,0.0033940009556149404,-0.0048728061574387065,0.0030125061796033746,-0.003293704663534792,0.0013399355082465354,500
20,shock_lag11,-0.0009353186159764791,0.0022572346207021168,0.002276589967255239,-0.0050151763850074344,0.0034554335875750736,-0.004572821705321825,0.0029590453458070176,-0.00321131308918343,0.001427558792436686,500
20,shock_lag12,-0.002546178414504127,0.002309471591257627,0.002353983650579187,-0.0075442966359446795,0.00147985485939936,-0.006698793607834804,0.0008965457895734871,-0.005240774091379563,-0.0004959780849859492,500
20,log_oil_lag1,-0.009945727852926436,0.006577402382473168,0.006288700264022485,-0.022375864808749042,0.0017711914765417404,-0.020764993959187652,0.000123241761461233,-0.0161255522331158,-0.003995414629282256,500
20,ffr_lag1,0.002578113357059911,0.001505480654179732,0.0013612363539296302,0.00022895741237226653,0.005488657071716338,0.0006183317704502814,0.005088584199505238,0.0014580879769079966,0.004181395355216725,500
20,cpi_lag1,0.00027015453963368733,0.00019895151446970143,0.00018071402717240035,-3.452404479484845e-5,0.0006720451435877064,1.7858826592856666e-5,0.0005764872884343361,0.00011596081396040711,0.0004689914420337495,500
20,indpro_lag1,0.0007857110409863549,0.0003760403551885941,0.0003578020755650356,6.914119263429568e-5,0.0014568632682767269,0.0001717077915070331,0.001334237676342547,0.0004321137527538868,0.0011313144361049703,500
20,log_rwage,-0.16444023520195342,0.03100624891261299,0.029293091724648567,-0.21663358558935358,-0.09971854935522095,-0.20550899864757477,-0.10948916844667607,-0.18515091887493623,-0.12674021783505993,500
20,age_mean,0.0007033746788872246,0.0019587605270468106,0.0018894699155266976,-0.0031353617815459353,0.004527759685567923,-0.0024727831128226814,0.003536753481758759,-0.0012277455204408698,0.0026375669967483974,500
20,female_share,-0.06291063134123391,0.053636908222343946,0.050274788566852364,-0.15684702655212962,0.044425362554139876,-0.1462757036054179,0.0329534071631786,-0.11059593169391013,-0.016311624363537766,500
20,married_share,0.06403927808018936,0.04612042253385484,0.045145074794877296,-0.022466966099628855,0.14897959056537052,-0.012493989737123647,0.13981924187301292,0.016928841396878853,0.10741844993572962,500
20,hours_mean,0.0009988297913092273,0.0018050904726803685,0.0019285397332794772,-0.0025268418461234406,0.004845613673549121,-0.001968883766334834,0.004334817146524336,-0.000728807748383136,0.002905457084990481,500
20,unemp_rate,-0.2963029829628935,0.04816869885924292,0.05239420769253306,-0.3794739115258421,-0.17538175284623708,-0.3630924952429867,-0.19545975569962062,-0.3326105140961443,-0.22715315747801373,500
21,intercept,5.944716499290618e-9,0.002151334037120911,0.0019342883860368673,-0.0034081153969750676,0.004028905367632083,-0.002769792068292224,0.003456649422463535,-0.0016570512055460193,0.002011628345839427,500
21,shock_x_ind1,-0.013518785638724773,0.0073227936264938865,0.007243810379773502,-0.026575814355352397,0.0026644454834912302,-0.024267954557619854,-0.0015053666796629658,-0.02056486103117205,-0.006106632682193938,500
21,shock_x_ind2,-0.006131783162774924,0.012873688976908881,0.012693888245387693,-0.031103344262956856,0.01927406219795413,-0.027535980441837492,0.015714179261413844,-0.018152185638042075,0.006628899513755299,500
21,shock_x_ind3,-0.0005335757905381561,0.004166071317149796,0.004458097226333342,-0.009481529391306457,0.008190170936975001,-0.007877878933021838,0.007100211306563166,-0.004733981531051115,0.0036630420911099824,500
21,shock_x_ind4,-0.01096724178209718,0.005456202094638763,0.005493378421672421,-0.022004791500563683,-0.0002227117822477235,-0.019801436360504007,-0.0018458059690121984,-0.01633284259183878,-0.005397613659542491,500
21,shock_x_ind5,-0.0030758937017071287,0.004660618748237777,0.004335429533162689,-0.011205446035483731,0.0055192614554598575,-0.009768973754261591,0.00433563519437862,-0.007123662549449299,0.001520697982281703,500
21,shock_x_ind6,-0.0022573071922809477,0.004125967071847346,0.004264313664160848,-0.010010965205519931,0.007006858155786992,-0.008380759606720942,0.004909216523282767,-0.006176160598493129,0.002114564737363172,500
21,shock_x_ind7,0.007736841315455276,0.005926674347810912,0.005787098329979454,-0.0031930275759630383,0.018929267293169273,-0.0011292146640613542,0.017310621614586876,0.0019949956664709243,0.012890330481151662,500
21,shock_x_ind8,-0.009012807908531928,0.004877250529167902,0.004913498344846776,-0.019903010919541376,-0.00043703828061693296,-0.017851245673416397,-0.0021139978069159506,-0.014268236400339694,-0.004772167785738923,500
21,shock_x_ind9,-0.006344000422255168,0.004546033466822566,0.004404524808478072,-0.014550872880613951,0.002098655090103048,-0.013419098024878425,0.0005802804425370959,-0.011003044644367434,-0.001980736760529204,500
21,shock_x_ind10,-0.015927625360120684,0.004891088935531293,0.004800429431818559,-0.02546247932008834,-0.006824334144558564,-0.02417633167456194,-0.008243221988363202,-0.020974908474102827,-0.011701906414809057,500
21,shock_x_ind11,0.0005890740296590468,0.006050712285298951,0.005756666397618474,-0.011093151841196226,0.011751385074903559,-0.008906544095030795,0.00976490331875974,-0.005334956017392469,0.0059184669940121545,500
21,shock_x_ind12,-0.0037445958494556116,0.003516731006829833,0.0032969513305258426,-0.009641529034295285,0.0031708717849095657,-0.008927618795409518,0.0016113354979502197,-0.0068639562212202306,-0.0005307980440637493,500
21,shock_x_ind13,0.0022950741763713947,0.004001836024194195,0.004027170198626755,-0.006295961497624396,0.010127862950784113,-0.004288689769668546,0.008618483790207656,-0.0019534645204202245,0.006048456294623935,500
21,shock_lag1,0.0011959075299290882,0.002267464092307503,0.0023187202113261426,-0.0031859029680636553,0.005958842580921722,-0.002719815254928636,0.004959484186492818,-0.0011879209585168044,0.003352953639997647,500
21,shock_lag2,-0.0017128876295819109,0.0025310825583601962,0.0025183057498660414,-0.00656287464705564,0.0033681327411050235,-0.005796550937570451,0.0023699575555689097,-0.004154390467488531,0.0008334265042255326,500
21,shock_lag3,0.002616147313738204,0.002150720247275626,0.00238472221601316,-0.002226290254990479,0.007208119560941694,-0.0013310672974084106,0.006438764087933847,0.0002291270687481626,0.004830925591168147,500
21,shock_lag4,-0.00035441372675136274,0.002107537251693943,0.0022211634654208416,-0.004585215226614524,0.0037879002414395705,-0.003975090333293918,0.0032748805938363507,-0.0027432158348554355,0.001649445760123197,500
21,shock_lag5,0.0008816546717089601,0.0023298206262710505,0.002386542249179457,-0.004068537950236128,0.005883820755557076,-0.002786082247351008,0.004756719986962477,-0.0013171296485268687,0.0030483927607929144,500
21,shock_lag6,-0.0014343867249619992,0.0020808359376915933,0.0023447518101291508,-0.006258590203369115,0.0031362793329929133,-0.005442017276642619,0.0023096870138773515,-0.0037171931755280766,0.0007959554069070854,500
21,shock_lag7,5.572917516676683e-5,0.002293009470292887,0.0023246616413670337,-0.004951495770535286,0.004439641907846832,-0.004164224658863099,0.00354627325425392,-0.0023461915373526165,0.002221009750764184,500
21,shock_lag8,-0.0006143624834851604,0.002341907875683964,0.0026050144449016066,-0.005807219361037494,0.004394802767277339,-0.0050361043419441965,0.0036364292241797265,-0.0031883971235066953,0.0019452832376689127,500
21,shock_lag9,-0.0019859606453611284,0.0023417309892471796,0.002214254745540109,-0.00641237599859751,0.0019352872882797897,-0.005905038903173247,0.0014735279503759558,-0.004321212120054559,0.000151076583063532,500
21,shock_lag10,-0.0003586100694191509,0.002158849534717067,0.0020128190139368147,-0.004210784958902165,0.003579236104172336,-0.0035117250823773903,0.002950421293478981,-0.0023409546610821605,0.0017600486476889068,500
21,shock_lag11,-0.0008065734117696598,0.001889293744568697,0.0020430871322518612,-0.004890376631283587,0.002724833753500579,-0.004349113635646288,0.002210294418562963,-0.002988804199186849,0.0010832409429369387,500
21,shock_lag12,-0.0020822003615456925,0.0019872776601362655,0.0020406831388560644,-0.005882036626614167,0.0016140776548578062,-0.005351807336103383,0.0008999481911554695,-0.004241419166196925,-0.00026517772067705266,500
21,log_oil_lag1,-0.01004715439582306,0.006121995000982451,0.0059851920421798155,-0.022399467897122313,0.0013293873006578797,-0.02034584814134241,-0.0004621103235606097,-0.01569048814680828,-0.003983578097529484,500
21,ffr_lag1,0.00304209103065513,0.0015049779403982918,0.0013621431238037217,0.0006803005060850452,0.005876205015165991,0.0010348561677491937,0.005497692138133178,0.002004977870987786,0.0046254986774877825,500
21,cpi_lag1,0.0002637828092280755,0.000190635860726225,0.00017267732520866814,-3.811058302864695e-5,0.0006213622182205195,1.8508334635025347e-5,0.0005686789814549913,9.53562319692173e-5,0.00044835094036442487,500
21,indpro_lag1,0.0007583370177801919,0.00039963291304587125,0.0003769623067768668,-5.785867637151964e-5,0.0014510416783303645,7.805684343879802e-5,0.0013337964134207533,0.00033441436325516293,0.0010648022746639302,500
21,log_rwage,-0.16487974059794622,0.030466946444068416,0.028603395267461845,-0.2098365378188153,-0.10053001391587288,-0.20242343413506778,-0.11172762461253193,-0.18300174349986897,-0.12882466075277238,500
21,age_mean,0.0012349069319677064,0.0016818629872219096,0.001775686324804444,-0.0023197780533141523,0.004541413383318059,-0.0018458420424643021,0.004044520292334734,-0.0004884822478262882,0.0028432385189845893,500
21,female_share,-0.13912468077173362,0.050072441885482454,0.048164353890518076,-0.22827516705539624,-0.04105653702768238,-0.21832792788287111,-0.06300043004854819,-0.18953321818785654,-0.09356193138730652,500
21,married_share,0.06716809722097518,0.051078840303194865,0.04981306684140157,-0.033451424908336025,0.16386962298225388,-0.011986249984542717,0.14524777608746425,0.014627010243938636,0.11062787260609001,500
21,hours_mean,-0.0012392176741535064,0.0017671635414303918,0.0017651068842725074,-0.004972137850916393,0.0019116474214002348,-0.004256290539124154,0.0014441603810112923,-0.0031641326252483315,0.0003150647267627199,500
21,unemp_rate,-0.3008945178683295,0.050152964450707715,0.053765275505826514,-0.3838233955312509,-0.18205248577987782,-0.36921335232724856,-0.19506656868972577,-0.33832278125633336,-0.23232965163610386,500
22,intercept,8.66127300567877e-9,0.0022180242872488196,0.0020372787911819845,-0.003438820174586259,0.0044306264301668535,-0.0028979510938454997,0.003628130408765166,-0.001707329605701745,0.002488007680937061,500
22,shock_x_ind1,-0.01484731591760009,0.008304336853009209,0.008921789838421242,-0.030876842733791654,0.0037814514446480796,-0.029167461928052637,0.0013591280822028162,-0.02331728088081829,-0.006002525293427995,500
22,shock_x_ind2,-0.00027596740113012554,0.011002530039101023,0.01152520007066619,-0.022296697049674012,0.02146993848590721,-0.019425632912827045,0.019360192108215147,-0.011334771963056172,0.012029188744295729,500
22,shock_x_ind3,0.0029315393646865214,0.003994780267754383,0.00427206779870125,-0.005715567812575946,0.011298221878458789,-0.004098655105746277,0.010026878746264801,-0.0012606569410957644,0.007527608252599419,500
22,shock_x_ind4,-0.0006118508799074989,0.005316859570418025,0.005052218480570142,-0.010154232739799585,0.009080641579522358,-0.008603713426550221,0.007237504385721053,-0.00536596380894485,0.004770924618237301,500
22,shock_x_ind5,0.0016048448052754898,0.004271525318611949,0.004274761750667503,-0.0065875774002471035,0.010425538211891412,-0.00522210438184611,0.00894343084515521,-0.002740651825661395,0.005771225884225062,500
22,shock_x_ind6,0.004367510420306262,0.004187213632075948,0.004403251696823808,-0.0039896719407347455,0.013936877899159587,-0.0025995637327047207,0.012213556462380483,0.0003857441447958088,0.008915306979186128,500
22,shock_x_ind7,-0.00012539163705958684,0.005901464008294059,0.005968230242189946,-0.011184189449954418,0.011131070949844602,-0.009621188376256572,0.009894626887330728,-0.005568246017321202,0.006260410186091151,500
22,shock_x_ind8,-0.01312067980386835,0.004042627709327833,0.004006966900937556,-0.020412446489425196,-0.005435678700627682,-0.01961075781884992,-0.006375191398797723,-0.017051780827716207,-0.009136350422496496,500
22,shock_x_ind9,-0.007387429180792778,0.00535698282537467,0.005479464085550801,-0.01791146568785367,0.0027283182196749132,-0.01622109556098264,0.0020109177079118312,-0.012764404303451106,-0.0016459254114042643,500
22,shock_x_ind10,-0.018109312476323657,0.005789890052265902,0.006113386394911656,-0.029476994485057646,-0.006623422035195648,-0.028102800478590657,-0.008099937206153887,-0.02443339859230477,-0.012335186843688721,500
22,shock_x_ind11,0.007336654146573183,0.005636221151543387,0.005859178376354551,-0.003909299312872792,0.018785584939751014,-0.002539672457008003,0.016343093242199517,0.0010329131694024683,0.012731537838069204,500
22,shock_x_ind12,-0.0023311363152221684,0.0030908737381274043,0.0030399486833462344,-0.008282983124689678,0.0031739358929961242,-0.0073738395933256335,0.0023544583333943436,-0.005513990953266267,0.0007491921810346866,500
22,shock_x_ind13,-0.0007424810410475202,0.003951078081817491,0.0038919776220369302,-0.008326904757620105,0.006813896665258661,-0.007108131015428992,0.005840849874900255,-0.004650196992844112,0.003159368313343636,500
22,shock_lag1,-0.000626748335197244,0.002682246518251163,0.0026416040753327167,-0.0049461496683070585,0.004804868779514757,-0.004318258584260228,0.003938628725463977,-0.0028748799039648204,0.002299292562520713,500
22,shock_lag2,0.001429120422303765,0.0024625899075571773,0.002436377841826831,-0.0030757892464899914,0.0069097744198674226,-0.002192985053563409,0.005976910768980917,-0.0004836098009132669,0.0043178316132395506,500
22,shock_lag3,0.0004342197401492125,0.002279406313741875,0.002448750104537641,-0.0035280131846649565,0.005576768861262753,-0.0030501374758837747,0.004900265431765352,-0.0016591478659311798,0.003091290228090961,500
22,shock_lag4,0.0011104640712383393,0.0023824116617217964,0.0025416342481665763,-0.0037654947683558463,0.006619491612449813,-0.0025491286623296194,0.0057716077197638785,-0.0009030086143965776,0.003760042101984801,500
22,shock_lag5,-0.0010021188539163586,0.002382153044893374,0.002473720756768086,-0.0054183681572945435,0.004085206717909795,-0.00481063566468171,0.0031270385443316565,-0.003392044159091568,0.0016754289275984855,500
22,shock_lag6,0.0008503722602154269,0.002357649136130656,0.002493089579949927,-0.003582976683773738,0.005978938099407616,-0.0027368670774151928,0.005070788989624944,-0.0014098477061796249,0.003765328938910587,500
22,shock_lag7,-0.00010188225089151276,0.002510379856435105,0.0027574251087733263,-0.0052735046154210085,0.005127114265878172,-0.004640497003563157,0.004184472533237687,-0.002999510256725748,0.0025320983464186594,500
22,shock_lag8,-0.0038498611504179155,0.002553434870755918,0.002634302519922138,-0.008971975755945393,0.001136664657174258,-0.007932894093593375,0.0006905992131838467,-0.006436800144710122,-0.001052404705250814,500
22,shock_lag9,-0.0015030691314328118,0.002334654035777216,0.002344686173270545,-0.005732920976209701,0.00287107263212743,-0.005400447237651033,0.0024511828320683067,-0.003824605816939052,0.0010797375874317813,500
22,shock_lag10,-0.00034349373921588593,0.002241967876729451,0.002184692489854857,-0.00458561610316338,0.004157952683458683,-0.003522646369627977,0.003285667495875076,-0.002510572912403986,0.0018631561067063629,500
22,shock_lag11,-0.0004454034742760586,0.0022901987847024543,0.0023070060635647397,-0.004760956829245818,0.004586688354721556,-0.003942792602969675,0.0036769057834013137,-0.00229548295349446,0.0021627776623244703,500
22,shock_lag12,-0.0018397897396021238,0.00217976801513793,0.0023489700089445553,-0.006512978610554162,0.002469192211207577,-0.0055058473785664875,0.0019607286843358693,-0.0040296495647234075,0.0006361751245822961,500
22,log_oil_lag1,-0.010314873244604046,0.006620796335741022,0.0066964800810979845,-0.02492457460263344,0.0011245636717903181,-0.02241536720748398,-7.540966134771636e-5,-0.01734040284861061,-0.004502168893615841,500
22,ffr_lag1,0.003157733566797842,0.0015195353611312306,0.0013915031454742332,0.0009707094897415563,0.00621346900097733,0.0012073538288189965,0.005791647630522486,0.002124388051099933,0.0048902001846830405,500
22,cpi_lag1,0.00031495414198698266,0.00020462566105566157,0.00018736089230342518,1.6726443988736905e-5,0.0007449890246835954,7.021272110735628e-5,0.000651787116216443,0.00016984558208136625,0.0005273228650451603,500
22,indpro_lag1,0.0007629092798560774,0.00040959357982728946,0.00038566592974590823,-3.286558313741125e-5,0.001404738587563467,5.783754664713849e-5,0.001324748301792284,0.00034556559381791177,0.0010934363128176654,500
22,log_rwage,-0.1769660981502411,0.033211979996816104,0.03205158022550035,-0.22596702778586375,-0.10736216873137706,-0.22026058603286178,-0.11521645238027016,-0.1999699884949693,-0.13598321936929894,500
22,age_mean,0.0009159303795053548,0.0017556969283891162,0.0017254129757135533,-0.002493875848720158,0.004316475854717863,-0.0020618230622726557,0.0038079488232628687,-0.0008270859445845452,0.002569208713334941,500
22,female_share,-0.09376127885739266,0.05616585895778999,0.0499583994822399,-0.1909673826680957,0.0089157849057726,-0.1704888698730367,-0.012906112440216791,-0.14229957212403804,-0.04204811712291886,500
22,married_share,0.07905350548930164,0.04326208380015627,0.0424737744204241,-0.0016062936448762448,0.16096611059550575,0.01068027134733892,0.14967533953239526,0.03519035359168798,0.11903598982153232,500
22,hours_mean,0.0005223656447451326,0.0019088952238565824,0.001821285653382927,-0.0028638368187149377,0.0038872470077963876,-0.002377014627558177,0.003414646756291081,-0.0013378939192839453,0.002378018816305693,500
22,unemp_rate,-0.27501085937909275,0.05311880667518889,0.057589680716471595,-0.36449449510465004,-0.12966233786184994,-0.34253054526167104,-0.1579032605053849,-0.3053482997015995,-0.20245775473097483,500
23,intercept,-3.74549305733812e-9,0.002306380515424641,0.002086027787077679,-0.0030964617032569527,0.00479873057669648,-0.0026828280453277805,0.0038314126806964464,-0.00156176227450285,0.0026649920965122723,500
23,shock_x_ind1,-0.024576407651632194,0.007277228176183776,0.006850380551517467,-0.03712582367141893,-0.010121755337568275,-0.03585436897916964,-0.012668584212629695,-0.03195982719171074,-0.01844083621328441,500
23,shock_x_ind2,0.0017231476459588701,0.01032290308219185,0.010869741246252373,-0.01937687440499413,0.024902286507649658,-0.015631488512527644,0.019997813574260323,-0.008779543746115356,0.01183298197003196,500
23,shock_x_ind3,-0.0034972703692078256,0.00406225358892373,0.004280095259855035,-0.011444209307592731,0.00425505241688722,-0.010606171017486652,0.0033683804922015627,-0.008256704256089114,0.0005585297418108507,500
23,shock_x_ind4,-0.001738814198672075,0.006125014215321575,0.005973501555642818,-0.012948396612314159,0.010666918813472127,-0.010532282900697474,0.009124240540312935,-0.006969042120700162,0.004808671854465556,500
23,shock_x_ind5,-0.0011433447266137188,0.0037667952924587645,0.0036391527438941213,-0.007865758417534192,0.006012698289017371,-0.0069419091129448865,0.005355144069534509,-0.004619289492799003,0.002603167307342076,500
23,shock_x_ind6,-0.0011538823890348848,0.003745105012995955,0.0038904967887331793,-0.008048272725727574,0.006276866423752254,-0.007210307562231651,0.005425187100190444,-0.005101935563709177,0.0030218392182842215,500
23,shock_x_ind7,-0.0067863897930897565,0.005802918739231264,0.006261921497526815,-0.017847363362098224,0.005427492772275627,-0.016904337967664582,0.003729920723689192,-0.012683214618903253,1.5728227079534303e-6,500
23,shock_x_ind8,-0.006369936850594742,0.004400007497837852,0.004278834245449039,-0.014977079997398054,0.00165496177865473,-0.01398922163246973,0.0004615251397755459,-0.010942528170315682,-0.002357790905044821,500
23,shock_x_ind9,-0.006783089858728652,0.003879244277040182,0.0039584652154181135,-0.014789833481446149,0.0011708714882553099,-0.013277649423072744,-0.0005017214272138516,-0.010726319325587015,-0.00266070395531099,500
23,shock_x_ind10,-0.00868423753545095,0.00470456251054121,0.004724603908537671,-0.017696833924918033,0.0014032372584314862,-0.01629768676710943,-0.0008177180413836608,-0.013304217565152755,-0.004212730276687452,500
23,shock_x_ind11,-0.0008868555670522564,0.00495268863709201,0.0050755012324066925,-0.011765350938796954,0.007814749446013819,-0.009703680996366171,0.006006031976808285,-0.0062580383209793295,0.003705146949396429,500
23,shock_x_ind12,-0.00034697293737508757,0.0025527790639014434,0.0027715345178378776,-0.005871961888743437,0.0049656739606406125,-0.0046368323319321125,0.00422711277858865,-0.003215108857894071,0.0022581352995471532,500
23,shock_x_ind13,-0.001721776523866591,0.0049026540054676595,0.004919819004853277,-0.011120892460646882,0.008491537823699116,-0.0095509837657049,0.006983888539665783,-0.006286007202354815,0.0032369985724067358,500
23,shock_lag1,0.0020299994363453,0.002422543891104098,0.0026512718070669725,-0.002518023832217943,0.007724618650602879,-0.00201383432329509,0.006627400893985257,-0.0003208751926599304,0.004947291099232348,500
23,shock_lag2,-0.0011792791203755833,0.0023139900687760236,0.0023995141376703367,-0.005540713475683795,0.003671397374517132,-0.0049093747528048265,0.0029294332550593312,-0.0034061848533005895,0.0012134307672922277,500
23,shock_lag3,0.0016706192266303893,0.00214355941540386,0.0022871425528945407,-0.0024289955736639317,0.006652454602134483,-0.0017805584382902286,0.005444160353056558,-0.00032093273550374814,0.004004033400704924,500
23,shock_lag4,-0.0012390101021820862,0.0022126212669503595,0.0023387402209314374,-0.005763368034770686,0.003703273856604358,-0.004876177974098977,0.0027368611480410587,-0.0034130633262501207,0.0012112857897213824,500
23,shock_lag5,0.0010946731966302672,0.0024662405571105753,0.0024726505631234947,-0.0033193711385160435,0.0061048838177434235,-0.0029279546612347796,0.005401906989255255,-0.0010824182932443849,0.0038059303537889017,500
23,shock_lag6,0.0004255340276839764,0.002411886589910858,0.0027423042641502647,-0.004937217639762837,0.005708191394896783,-0.003947248373747869,0.004755525241828827,-0.002449314072811526,0.003194421491930964,500
23,shock_lag7,-0.0037730477460602325,0.002626247039965036,0.0026412153303600793,-0.008415350020039047,0.001654835066835859,-0.007851678252643277,0.0008247404330648815,-0.006207093057244385,-0.0009669787428739459,500
23,shock_lag8,-0.0038701517912815156,0.0023125959234189804,0.002293298711007062,-0.007978407612016476,0.000581512344049784,-0.007486196572604055,7.014820203975588e-5,-0.006035295271901013,-0.0014876085743848204,500
23,shock_lag9,-0.0018900289899872968,0.002428039504806734,0.0024516122161037978,-0.00715709449660599,0.002769268552829546,-0.006219016581103527,0.001999762994426512,-0.004435846405897275,0.00027329272535623304,500
23,shock_lag10,-0.0002708840366242229,0.002147970280504006,0.0022077582376689307,-0.0045254447755437,0.003997957185636329,-0.0037126657965645144,0.0034358518307785295,-0.0024891376717828604,0.0020876877010526803,500
23,shock_lag11,-0.00041308821408512456,0.0022063385702555264,0.0022356002759256737,-0.004915669159531479,0.003949533364024449,-0.0038329498494613146,0.0034284732335770492,-0.0024329446434683552,0.0020576284421903956,500
23,shock_lag12,-0.004563330215027942,0.0022878563970665233,0.0025322462552118917,-0.009718110621006987,0.0004351848254112536,-0.009298636257391654,-0.000542909098325134,-0.007222645347959428,-0.0023196659202812044,500
23,log_oil_lag1,-0.007304774841387985,0.006798269743576706,0.006875458285285208,-0.022410402629788127,0.0051111794528994284,-0.019329048592398028,0.003700176016279657,-0.014446278183605079,-0.0008997191437668721,500
23,ffr_lag1,0.0032740130039860685,0.00153888798026889,0.0013800841190928844,0.0011376423209173742,0.006444100364417002,0.0016179420166742542,0.0060808164179762475,0.002225166687204599,0.005071557443702149,500
23,cpi_lag1,0.00021699061856709438,0.00022713684044194072,0.00021280124965003433,-0.00010554792579820101,0.0007530305003129714,-6.0783916905565034e-5,0.000641175318763294,3.454997205291331e-5,0.0004342036008200972,500
23,indpro_lag1,0.00048740133905603096,0.00042340786886117706,0.0004109485796870439,-0.0004496314953239774,0.0011584613787318306,-0.0002538963435566946,0.0010410657025103321,6.531074949264351e-5,0.0008169382632834083,500
23,log_rwage,-0.15609876701498784,0.030205020447252633,0.028556114899367758,-0.19950468605717017,-0.09062840089389068,-0.1919683398962231,-0.09985836863094437,-0.17473649404915073,-0.11932112760893948,500
23,age_mean,0.003108382875108052,0.001875962416650174,0.0018605000857352912,-0.00043342112593613264,0.006673550302144974,4.1729591677202025e-5,0.006153660291238046,0.0011069404586110327,0.004937126759953413,500
23,female_share,0.009474535446449139,0.047718446498489206,0.04840175860392201,-0.08649339472825002,0.1019697736749822,-0.06901832712572807,0.09174123787074251,-0.03653938717251978,0.055475894198572726,500
23,married_share,6.454185514141337e-5,0.05210807164912642,0.05182199451533606,-0.10301250179025956,0.09253580238767617,-0.08893367345741791,0.07906016493748569,-0.0560199215143013,0.047436964490529074,500
23,hours_mean,-0.00021399547814727858,0.0019237593445542696,0.001932740017075507,-0.0034347552189814,0.0037572513542845514,-0.003113602200062334,0.0030901415199871204,-0.0020693438976494187,0.0018172942341879083,500
23,unemp_rate,-0.29678562412639226,0.05103711588652938,0.05384071156320628,-0.3769443725042767,-0.15957358300249075,-0.35864055353288465,-0.1854835432416134,-0.3274049446744679,-0.2257804496051315,500
24,intercept,1.250716371518974e-9,0.0023605960816795416,0.002079303657941821,-0.003223724352613616,0.0045700121457963195,-0.002543125337259487,0.003992179414726572,-0.0016222925344014628,0.0025796041004648453,500
24,shock_x_ind1,-0.018119593831626844,0.009167957437873868,0.008019159989460923,-0.03270973571948209,-0.0018468166599449188,-0.031326641965109876,-0.0042889906032425726,-0.02622741503298515,-0.009646351442074852,500
24,shock_x_ind2,-0.006420813078952611,0.011414990848362111,0.011813146675829393,-0.028965490525558434,0.015386710291829458,-0.024794362556294688,0.012825638763722601,-0.018250839937432015,0.005502713578985645,500
24,shock_x_ind3,0.0007885473967022491,0.00424189168123289,0.0045499368998235395,-0.0075327946805131005,0.009781872863890298,-0.006952961665131675,0.008068060378206017,-0.0037103692595556394,0.0052309891521566875,500
24,shock_x_ind4,0.0020984832645760012,0.0048794832947708705,0.005013212994226377,-0.008037448610026737,0.011688514238447387,-0.006301427147316204,0.010295988705294414,-0.002949802742542436,0.006803938399178511,500
24,shock_x_ind5,-0.004003605683608348,0.003837416382612183,0.00395356951721297,-0.011780821733047626,0.0038037408677873003,-0.01065718662309173,0.0026600993911354027,-0.007773102874198545,-3.834327652021005e-5,500
24,shock_x_ind6,0.006163156613803017,0.0038887138512279443,0.004090887459572508,-0.001781553680703457,0.013816052410699053,-4.6311077213489316e-5,0.013005567800705496,0.0022994782796244805,0.01049240552711682,500
24,shock_x_ind7,0.0012306515709928022,0.005938296712009319,0.006303980112147973,-0.010919955397821427,0.013484496363217783,-0.009274100040118078,0.01159651741515648,-0.004727043405807246,0.007444223429547176,500
24,shock_x_ind8,-0.004615374683189076,0.004610716291461469,0.004513712542486616,-0.013330855464698225,0.00478043074444889,-0.011756860237027635,0.0028558192399074926,-0.008881767195539441,-5.393724987101886e-5,500
24,shock_x_ind9,-0.0021876213880061054,0.003674208983945182,0.0038025299377234213,-0.00960425691091876,0.005959345263407097,-0.008048497187844136,0.0043539914155651515,-0.005672157591979493,0.0018070797789761454,500
24,shock_x_ind10,-0.007658097289281753,0.005466789951761196,0.005549599639211604,-0.017944179337641503,0.004174284661679023,-0.016251920193272512,0.001870031546407385,-0.012593201804239649,-0.0022040954890671996,500
24,shock_x_ind11,0.009912186208543113,0.006144740245196408,0.006281477855731129,-0.002054118707748937,0.02260951338397068,-0.0006407181313232957,0.020562272947262226,0.0037628005080514093,0.01621367308345589,500
24,shock_x_ind12,0.00056121978937937,0.0026966654040637005,0.0027959690730761174,-0.0047165322863451115,0.0057398653916313075,-0.004233603364877127,0.004995212352315225,-0.001994799445016103,0.0034080318862102447,500
24,shock_x_ind13,-0.0022525575053676363,0.004152205032365859,0.0043501078740056315,-0.010064181504276504,0.006171803266130583,-0.00902637945935606,0.004911549482164498,-0.006851309141529288,0.002248469517875443,500
24,shock_lag1,-2.421991795849273e-5,0.002401316573824802,0.002558236253299321,-0.004431987260303983,0.005182543544080681,-0.0038564433833366365,0.004009543080464737,-0.0023424329409873395,0.0028188701530206476,500
24,shock_lag2,0.0005684894694662274,0.0024679744199017023,0.002544775853669481,-0.0039045259661699035,0.005856249417577522,-0.0031005893416587624,0.0049256913668712845,-0.0015907124357872598,0.0035957502761883985,500
24,shock_lag3,-0.00020655517270524757,0.0020514794548016184,0.0021798483174892253,-0.004409332836749739,0.003836467802323767,-0.003995880970554707,0.0033678405553885537,-0.002616547268115652,0.0016560557050409263,500
24,shock_lag4,0.00135207693599951,0.0025086077982246144,0.0025581217878186363,-0.003427250576744219,0.0066450758139417546,-0.002885366938333208,0.005768328706427047,-0.0012045301856022208,0.003896679278417403,500
24,shock_lag5,0.0010935680276929567,0.0024345513870319972,0.0026198217053236884,-0.0035593508158722224,0.006355030229860357,-0.002778304197055504,0.0057751140056158555,-0.0012861588111425016,0.004028505598508956,500
24,shock_lag6,-0.0028519104000292736,0.002487632959015234,0.0026050220817272055,-0.007713355666130191,0.002356396067968515,-0.0067571732433995375,0.001567059632359358,-0.005254522536499526,4.465616439147295e-5,500
24,shock_lag7,-0.0029084949302336776,0.0025303323203265675,0.0024773552180842773,-0.0075089856361884415,0.002336558185867415,-0.007045429136764664,0.0014020329075618832,-0.005222828673219457,-0.0003605741963712323,500
24,shock_lag8,-0.003665409821650021,0.002420114008414144,0.0023671340973423238,-0.00843577699458617,0.0007162965610639372,-0.007693612485040272,-2.6397486094717434e-5,-0.0062387990395474735,-0.0013989383812766903,500
24,shock_lag9,-0.001216336303613519,0.002447143586937217,0.0024935896477252207,-0.006050807567776687,0.0038947800432414734,-0.0050313407832887945,0.0030830503425542635,-0.003448194862178451,0.0014612872687448295,500
24,shock_lag10,0.0002140132925140468,0.0023550730182806436,0.0023346675266638184,-0.0049328166761760436,0.00425181147259394,-0.004152405927441641,0.003591489522551076,-0.002331402087890632,0.002158545089818433,500
24,shock_lag11,-0.0027127288907455955,0.002320023881285696,0.002423008265453884,-0.007510449790425221,0.002269557935572055,-0.006592569774563075,0.0015518302525746508,-0.004849684994437881,-0.00045658263797317437,500
24,shock_lag12,-0.0017528558932893036,0.0023174405337506687,0.0025815989118338953,-0.007813502391421985,0.00279188733039395,-0.006380453701276282,0.0018811275627148073,-0.004661618217303336,0.0002546375810357796,500
24,log_oil_lag1,-0.008519696621175089,0.006864970458218292,0.006695786719686671,-0.022587267711752554,0.0035005138627052083,-0.019917711673758397,0.001506620361822099,-0.015088293303538827,-0.002306270383538865,500
24,ffr_lag1,0.0032101169835339386,0.0015624689008828492,0.0013861368991162227,0.0008335576822701529,0.00610566647048205,0.0011533771993241211,0.005766090656167969,0.001986281892575603,0.004820805486410225,500
24,cpi_lag1,0.00029210167911597836,0.00022288476032319575,0.00019859053816423614,-4.746700088439925e-5,0.0007126208540327633,-1.185101333015678e-6,0.0006631958294788616,0.0001220590015103256,0.0005041300738644263,500
24,indpro_lag1,0.0005215730002956912,0.0004350872959016332,0.00042938875067369763,-0.0005317767520383235,0.0012578599812264502,-0.00029851217776390924,0.0011029846432408467,4.2770588461543185e-5,0.0008643671068702321,500
24,log_rwage,-0.17659913286622803,0.028458724542286394,0.030448990725101238,-0.22037370158607678,-0.10880739826587428,-0.21385253923085001,-0.1159787916422839,-0.19554639174524632,-0.13564695613719624,500
24,age_mean,0.0019467617036634081,0.0020054402691048684,0.002007650585778725,-0.002040050468689587,0.005811456217910415,-0.0015002059663323795,0.005201410602629398,-0.00013995183353339896,0.003921006220968326,500
24,female_share,-0.012039953449087573,0.05404814624299002,0.05097335526913966,-0.11305389583185374,0.07815581157399357,-0.1007482469967913,0.06856025023538508,-0.06578246427862097,0.037924519831539015,500
24,married_share,0.010136652119558408,0.04738712457935079,0.04687192104746089,-0.08246298924561352,0.09521658645787583,-0.06630732294289751,0.0819989885829982,-0.0368441325052323,0.05645917278811066,500
24,hours_mean,0.00047830597650257893,0.0020568731621326683,0.0020518964741521686,-0.003314490465411794,0.004757314259919604,-0.0026979795159739967,0.0038016967454280884,-0.0015108745180292195,0.0026153949599657914,500
24,unemp_rate,-0.28735296966215623,0.05790793462361424,0.06127887441914964,-0.38975043647072916,-0.14097129941707126,-0.37226142934390216,-0.17104217795204144,-0.33546397221329327,-0.21675604003023144,500
25,intercept,3.807738023843097e-9,0.002364521025053533,0.0020670233319577632,-0.0036766377869507567,0.00435075264427064,-0.002911620904639382,0.003969303282814175,-0.0015951933622444913,0.0024582579425086776,500
25,shock_x_ind1,-0.017557709957214743,0.007291956149134452,0.007564910727519133,-0.03157858633368779,-0.0025004733968408115,-0.029806018702972628,-0.005055466664326562,-0.025295943036559645,-0.009757679090504123,500
25,shock_x_ind2,-0.00854144552539502,0.010004834681451356,0.01014636211116415,-0.027360326802734772,0.011473014512374261,-0.024548006075807063,0.008596233496392009,-0.018209045289119496,0.0012191494748266204,500
25,shock_x_ind3,-0.007672388139500442,0.004853408870285,0.004612788293359475,-0.016423112566768344,0.0013016298675191367,-0.014527111351698352,-0.00023263939843290882,-0.012236505800461168,-0.0029186396242668754,500
25,shock_x_ind4,-0.010364822443882342,0.005508271634356308,0.0051037703676145565,-0.020261264864301992,-0.0012987702474890356,-0.018580329637213237,-0.0022032140784639886,-0.015319771228566217,-0.005187718656115715,500
25,shock_x_ind5,0.003065594299018513,0.004428167086576661,0.004558426561795641,-0.006652042008157779,0.01193236024993616,-0.004238433593100833,0.010388872312656953,-0.001618438014817108,0.007475966104034172,500
25,shock_x_ind6,0.005025827348906512,0.004477945561154827,0.004574726518923579,-0.0029217168897622578,0.01397844820875544,-0.0014861733622447203,0.01253842945618087,0.0003681582758018764,0.009602792804415313,500
25,shock_x_ind7,5.1769527898124345e-6,0.005785743829502049,0.005372654137606791,-0.009403027272082969,0.011475806345580833,-0.008373440345959368,0.009373774481255417,-0.005293285136891855,0.005271489072067712,500
25,shock_x_ind8,-0.006096059112655767,0.004243838896004326,0.004308321178984453,-0.01452262232763574,0.001848948836184752,-0.013465902689553059,0.0007199338425525912,-0.010958865317452266,-0.002096352344116104,500
25,shock_x_ind9,-0.002572809900568601,0.004606489852264699,0.004535438620887164,-0.012032796487415218,0.005796394431228209,-0.01018958311551216,0.004539108372593644,-0.007306130804642558,0.0015383589242897943,500
25,shock_x_ind10,-0.010659035653445836,0.005137119549183576,0.005546543861664158,-0.021710883129971548,0.0008737498192613294,-0.020079639939053543,-0.0019260766698407723,-0.015754824957152455,-0.005075381753832785,500
25,shock_x_ind11,-0.003063894838805836,0.005040738293232108,0.0050626831528981925,-0.013049282101082279,0.0058106056554103214,-0.01156196380179704,0.004067198519524626,-0.008687881096033937,0.0013282613188681789,500
25,shock_x_ind12,0.004728782940138947,0.002905418744539724,0.0030266523456876663,-0.0007507606400909843,0.010853941731327144,-0.0001431129830831826,0.010106948043371495,0.0017677791930552373,0.007810741488930602,500
25,shock_x_ind13,0.0007277050967722493,0.004263201421711835,0.004210748234741306,-0.0065817800463418025,0.010439585293326465,-0.005539601880436446,0.008689051088720607,-0.0024837143689679787,0.005501380005062719,500
25,shock_lag1,0.0015118981099802385,0.002454938620114605,0.0025225384698475814,-0.0028968111754296465,0.006463828346914469,-0.002345026504922333,0.00580348154125872,-0.0008188733728821649,0.004163733196499514,500
25,shock_lag2,-0.0018254614622170862,0.002280346977277938,0.0024562111707991667,-0.006596919880744477,0.0032938447358954537,-0.005626909803456958,0.002238670447037014,-0.004157160936650641,0.0005687303030304882,500
25,shock_lag3,0.002409805510230743,0.002255752279227394,0.002476484023303896,-0.0027463157875277297,0.007252328079252276,-0.0016370371311998032,0.006234271171103797,-0.00024495637884962377,0.0046051247824338455,500
25,shock_lag4,0.0009831482450124375,0.002536057115416373,0.0026951397505131356,-0.004150426359952941,0.006062551560326035,-0.0035449586096793625,0.005317057628452188,-0.0015437053147504911,0.0038647104273292813,500
25,shock_lag5,-0.002400154659219133,0.0026317633244687852,0.002601776186199726,-0.006980228027710082,0.0028106461736807434,-0.006384525522899426,0.002008071223493607,-0.005016192332422038,0.00031673659695051265,500
25,shock_lag6,-0.0021874886727097443,0.0023354286794961747,0.002461336812363374,-0.006643139764008675,0.002921910174622758,-0.006009697090468141,0.002264788319022786,-0.004154819801703315,0.0005334064466178613,500
25,shock_lag7,-0.0032951693552396226,0.0023434403814420485,0.0025017710826126063,-0.007945805931211069,0.001802901775127464,-0.007430600976727457,0.0008991832014308146,-0.005804397909143262,-0.0009133065759163383,500
25,shock_lag8,-0.0030617212291513957,0.002370693783826056,0.002518247936330348,-0.00851908584419547,0.0015801567381865933,-0.00729426370106217,0.0008845045391680206,-0.0056019992332180125,-0.0005962733588832414,500
25,shock_lag9,-0.001187478501595214,0.0024977706182998174,0.0025025555902105697,-0.006408009864842776,0.003456843769257957,-0.005316494367877861,0.002877505800167233,-0.0035896071014685322,0.0012806661756516783,500
25,shock_lag10,-0.002077579160260351,0.0022035629930487024,0.0023344587731652534,-0.006779101995712786,0.0022650058628084554,-0.0056898178413225834,0.0018471023392358991,-0.004475756703233449,0.00024210423972760773,500
25,shock_lag11,0.00034494341390606156,0.002381676851185536,0.0024218144985477994,-0.0046430735396384894,0.004620370715566972,-0.0038955917479077547,0.004011456379320197,-0.0019157321095724948,0.002800433895200592,500
25,shock_lag12,-0.005051927930913797,0.002548477445477603,0.002726611550349275,-0.01098150986118097,-0.0001121201856682476,-0.010074872533641976,-0.0011450311720953197,-0.00799445234316425,-0.002605458710439432,500
25,log_oil_lag1,-0.010321961766741659,0.006909876183380796,0.006937477694792979,-0.02372013135039097,0.003808430135317656,-0.02172427855997211,0.0013080151996533226,-0.016413563454474867,-0.0035799033121766,500
25,ffr_lag1,0.0030930688188353507,0.0015302346558383395,0.0014554911445080895,0.0006822274305737886,0.006295752369370368,0.0010299340349301121,0.005840282112050339,0.0020346138793404557,0.004923010894297444,500
25,cpi_lag1,0.0003872575230007238,0.00022368592297403365,0.00020143657246524932,4.8328841792502134e-5,0.0008354301329771064,8.94554605821917e-5,0.0007790842743375862,0.00021145493994997124,0.000618595666040312,500
25,indpro_lag1,0.0005742271572156237,0.00045285305278034197,0.00041184279517079574,-0.00037642960825284074,0.0012070886237880412,-0.0001657856691033773,0.0010813982104198414,7.841372315797558e-5,0.0009053023453641461,500
25,log_rwage,-0.2148225002571987,0.029392752470317023,0.03023968979425915,-0.2638206861431283,-0.14368697762913868,-0.2540208536008343,-0.1559645921168091,-0.23545562404286166,-0.1744990883243314,500
25,age_mean,0.0013313494082704148,0.0018333671318509145,0.0019213438573314862,-0.0025202099900219913,0.004774632365846255,-0.0019089514012500027,0.004255006265952884,-0.0006551356483893971,0.003237020844812711,500
25,female_share,-0.08018443472404607,0.05020098637935368,0.047224919465629234,-0.1715508029257172,0.008851476697006396,-0.15843055359824734,-0.003903623907090614,-0.1235054357759081,-0.029924568789778366,500
25,married_share,0.06616580083162735,0.048911908031619857,0.048014798119424024,-0.03014736703352354,0.1579746494047081,-0.013553839367427075,0.1419365548917596,0.01826553585111281,0.1129006060494226,500
25,hours_mean,-0.0001410711102392512,0.0017518259444663268,0.0017756516207077188,-0.003615625207812321,0.0033711229713960745,-0.0031383164507980317,0.002785687839013781,-0.0020334368785107425,0.0016435110904167894,500
25,unemp_rate,-0.28948681880006855,0.05608240035598984,0.060926972660460314,-0.4047121174203646,-0.15606845402850114,-0.37651263907105614,-0.174436879019911,-0.3306994869044328,-0.21657542664876844,500
26,intercept,2.6485247843067035e-9,0.002468566430063832,0.002199931441764219,-0.0038216866758312472,0.004920560076459971,-0.0032321519199722953,0.003973042655493032,-0.0018202927414332425,0.002463918107530084,500
26,shock_x_ind1,-0.006364773462343891,0.008098386633286572,0.008574432596147725,-0.02335731341187683,0.011138483363154861,-0.01935252820088376,0.007752434262674177,-0.013351868762863065,0.0029139168704423258,500
26,shock_x_ind2,0.006443773356969758,0.009578481915913567,0.009069269984679424,-0.009587251965228322,0.02467292702236168,-0.0064509797077391354,0.022450716007260504,-0.001990300321870663,0.016212784781731087,500
26,shock_x_ind3,-0.005287323088096665,0.004305902138763315,0.004415726658963814,-0.013859850887065595,0.002864707187890322,-0.012874315071274445,0.0017127847415132568,-0.009922551374913212,-0.0012134597854191055,500
26,shock_x_ind4,-0.00401022394277168,0.005420239231063859,0.005553313398045006,-0.014965483075444564,0.006903011720225949,-0.013024848189728008,0.004883242401895674,-0.009412756900144828,0.0018635227823006555,500
26,shock_x_ind5,-0.002558486543167689,0.003858707675457799,0.003891409060675339,-0.009342342988846172,0.005797247999985041,-0.008289596678972808,0.00435327567352308,-0.006030165218417963,0.0015951467673403523,500
26,shock_x_ind6,-0.0001628336539203456,0.003548556251013126,0.0038722908227457947,-0.008714577940616884,0.007294545514673313,-0.006659706774055387,0.0059665137417085805,-0.0037232974969367214,0.0038871800946979973,500
26,shock_x_ind7,-0.00346526610213879,0.006858423418470357,0.006328978236696583,-0.0147822615829544,0.010279273947609508,-0.012815283725910082,0.007033709952330869,-0.009340267414348232,0.003103542985221623,500
26,shock_x_ind8,-0.006864351378699066,0.004768088526674425,0.004862562901674618,-0.016308627747125572,0.0020463855683736073,-0.015558273179128456,0.0008500617271336691,-0.011663354445939411,-0.0022967040464360105,500
26,shock_x_ind9,-0.0010890903015553807,0.0038003953595399645,0.003986345899415707,-0.009639966471844494,0.006615362102991154,-0.00786653523737471,0.00511749175707213,-0.0049004868178385,0.0025470006435528254,500
26,shock_x_ind10,-0.0130657822500401,0.004563873803297012,0.004652561638078188,-0.0225013059624458,-0.003644888059236452,-0.020413069528342667,-0.0056747833676595565,-0.018058961466946622,-0.008803250898027727,500
26,shock_x_ind11,0.005835188242635224,0.005191725026402134,0.00584086577789684,-0.00593938734457862,0.01796338445751799,-0.003218581106538422,0.016338959380927033,0.00043907864906101037,0.011621671813887888,500
26,shock_x_ind12,0.002848882696413577,0.003303101737039313,0.00348971356136566,-0.004308231238391399,0.00939834421451093,-0.003438249788808931,0.008870570819095746,-0.00038017613099078514,0.0063952212880387365,500
26,shock_x_ind13,-0.004870160062587955,0.004005582705931353,0.004076665556853356,-0.012383012404882402,0.004071365646992514,-0.011359944071859737,0.0018960705523871206,-0.008875969439823711,-0.0010231106242075821,500
26,shock_lag1,-0.0010893776430766747,0.0024101561914014005,0.002544342866184523,-0.005986806382328004,0.004159398213514742,-0.0050402826626503635,0.0029720930835405645,-0.0036802078787083834,0.0014842849399306242,500
26,shock_lag2,0.0005736219247951583,0.0025295340741873723,0.00253763112134926,-0.004306574358342625,0.005467932702014818,-0.00349852096036109,0.00466619757998615,-0.0017710207230957212,0.0032798188311666844,500
26,shock_lag3,0.0017789626561733002,0.002083598645690444,0.0022019330206049484,-0.0024791065202873584,0.006036320686097104,-0.0020725405383557618,0.005612066189932948,-0.00021579892060020567,0.003847035345828178,500
26,shock_lag4,-0.0026190007834686027,0.002716946349081213,0.0028195625244445445,-0.008162603852264015,0.0029680592226462316,-0.007140531706760417,0.0018496653382050231,-0.005215613716609616,0.0001432621342563691,500
26,shock_lag5,-0.00204808234802788,0.0026225997053824493,0.0026683228328927312,-0.007128010005381861,0.003074274657037772,-0.006281835886041871,0.0023642950277036503,-0.00438950927941852,0.0006630363409468184,500
26,shock_lag6,-0.0026801077340672594,0.002438658414455916,0.0026455223193882025,-0.008221728842239179,0.0024418766245112924,-0.006986144684979856,0.0013850255790764947,-0.005313327819751989,-0.00012268163002641944,500
26,shock_lag7,-0.0028874523622864,0.0024942089784454934,0.00271702303578124,-0.008029233248315339,0.002349227259088253,-0.007267083959785096,0.0014204386644255025,-0.005762094942430879,-0.00030283901677748305,500
26,shock_lag8,-0.003029305128638104,0.0025515156855113446,0.002707438166705789,-0.00863660726020413,0.0013432998094799965,-0.007640526661525886,0.0009170368306679919,-0.005897752545656495,-0.00018032399900830463,500
26,shock_lag9,-0.00367007629192526,0.0025742575243167,0.0026611272008413432,-0.009440393491425522,0.00147952528039701,-0.008337647763953572,0.0004344296996588796,-0.006310855943252321,-0.0013926245933276991,500
26,shock_lag10,0.0006837850056365587,0.0025826089120761647,0.0027090980374543877,-0.0050222808565925,0.005333903367796133,-0.003871435535621277,0.0047674466431059884,-0.002087390099601031,0.0033155901995182827,500
26,shock_lag11,-0.003064318185244225,0.002647051008992583,0.0028082964108574362,-0.008450742885473884,0.0024457852857858427,-0.007081848379073952,0.0015910803108443374,-0.005616007572985766,4.5042851944396086e-5,500
26,shock_lag12,-0.004445369381760411,0.0024546854927632996,0.0027555676919655313,-0.010288300335631516,0.00021873947022433776,-0.009640001167537028,-0.0007396321446737355,-0.007546525228095757,-0.002062968916085727,500
26,log_oil_lag1,-0.008114398272974358,0.00716282259904358,0.0069598118928736324,-0.021023495216178512,0.006758857796767085,-0.01861181843939844,0.004525622393570663,-0.014044006542306505,-0.0012136011053645386,500
26,ffr_lag1,0.0029013291166296753,0.0015603042778155145,0.001584507794764075,0.0002309818002005917,0.006279263069892475,0.0005594956386909668,0.00592610212413606,0.0016717008424249147,0.004725927452929495,500
26,cpi_lag1,0.00036124633039876967,0.0002372882436584816,0.00022016428790878288,-3.7485882065107687e-6,0.000824367208885126,3.1706882581479116e-5,0.0007603921373994508,0.00014709854552192683,0.0005900100967148206,500
26,indpro_lag1,0.0003492487566752041,0.00047792032088395087,0.00045178826114314623,-0.0005958115377771771,0.001073204947904844,-0.0004375002733052916,0.0009643087767779204,-0.0001340054093888399,0.0007594137161329198,500
26,log_rwage,-0.1878870189112232,0.030811581116558785,0.030539553891201932,-0.23726288838612075,-0.11863062554984236,-0.22664542362711756,-0.12626639441401527,-0.20737980833302205,-0.1463308410827403,500
26,age_mean,0.0005616057884506227,0.00193298303119321,0.0020181565613936474,-0.0036517218975510943,0.00417201496713596,-0.002948340291942991,0.0036688838819990883,-0.0014916843718697842,0.002531255707469316,500
26,female_share,-0.11027795192228544,0.05442558769720665,0.05501441427525557,-0.2162860696656721,-0.002173437960275377,-0.19840584636178615,-0.015189106428380974,-0.16278661423379825,-0.05311923658567011,500
26,married_share,0.029583528667638623,0.043296724080306624,0.04408450880290777,-0.05479541444495033,0.11444847618920032,-0.04192863567504222,0.0981210543647366,-0.01554612905564233,0.07367508514095723,500
26,hours_mean,0.0005063193731129975,0.0020757507133695604,0.0020527177573841805,-0.003485934506821494,0.004509167386139665,-0.002727502871305285,0.00410609216154243,-0.0015321671184383803,0.002469605687924295,500
26,unemp_rate,-0.30605500937005314,0.056579709163062784,0.05722506600535567,-0.4053650912719473,-0.17914796082163542,-0.38639545979071377,-0.19814061494914056,-0.3447231424507274,-0.2257314032321449,500
27,intercept,6.368021215890316e-9,0.0024857432440775645,0.002260878116983411,-0.0038138152525533774,0.004896866567963225,-0.0030586660537005738,0.0040799441535135485,-0.0018099301830559297,0.002645395302532134,500
27,shock_x_ind1,-0.011706540129099214,0.007673895526684876,0.007788646686382435,-0.02744660780696762,0.004235001557228883,-0.02412543033413612,0.0016013136471387949,-0.019815581681630844,-0.003953785105870563,500
27,shock_x_ind2,-0.0033938378834168803,0.012938955938233918,0.012895987147984775,-0.02869002740321086,0.020510520345999372,-0.026202960012496015,0.018667365566663617,-0.015153892045517174,0.009332794005816375,500
27,shock_x_ind3,-0.0027803983142216846,0.004264122115511536,0.004022995015338506,-0.009759770515324095,0.0049141218137273845,-0.008893116584292697,0.004124357561482095,-0.006878244772859937,0.0012982068475761734,500
27,shock_x_ind4,-0.0031074817081258805,0.005123547419128668,0.004926970962527881,-0.012624924634328696,0.006414594118062528,-0.0111167842956227,0.0049399655654389155,-0.00839386373061919,0.0016226487778514727,500
27,shock_x_ind5,-0.0016773361149351454,0.004016218915826335,0.0037658998525449193,-0.009447247576095406,0.005716390312526061,-0.007616925615093344,0.004765054801072165,-0.005279024326517008,0.002343138500221216,500
27,shock_x_ind6,3.417840373624437e-5,0.00450346043315435,0.004640512752629214,-0.00870172557580373,0.00914050844133542,-0.007162872471218565,0.008144370335049346,-0.004318043935854683,0.004870009634917093,500
27,shock_x_ind7,-0.0031889014978273597,0.005222564294113236,0.005619619032367857,-0.01273808754423197,0.009022922720199692,-0.011816227818377888,0.006965513938688081,-0.008303778793597363,0.0025552195505990005,500
27,shock_x_ind8,-0.008723207351741548,0.004380925922534826,0.004308808568244999,-0.01822848903603061,-0.0007432941557323376,-0.015959004059548167,-0.001811660399114287,-0.013364141485861212,-0.004661569889316678,500
27,shock_x_ind9,-0.006936601867540428,0.004348572172299395,0.004004566323114724,-0.015057227865322823,-0.0006257572673475167,-0.013825156732857011,-0.0011533347892848586,-0.01130675623032062,-0.0031419664412147296,500
27,shock_x_ind10,-0.012444572837371826,0.005565664553154324,0.0054195587746913,-0.02284595380254667,-0.002295264241943116,-0.021557483441559906,-0.003566673493794438,-0.01771801190967897,-0.00702871118812263,500
27,shock_x_ind11,-0.002101557969526551,0.005166705669198269,0.005747871078839734,-0.014008636596125761,0.00772227630911696,-0.012827030949781212,0.006548862555705321,-0.008381296169576972,0.0028930453248124867,500
27,shock_x_ind12,0.00029672437041090963,0.00382646254096444,0.0037067439358617377,-0.0070470935400103185,0.0074292766041252475,-0.005941326589675087,0.006389744439211686,-0.0031972721613032235,0.0038879791551027333,500
27,shock_x_ind13,-0.005935948009149532,0.004506498799975104,0.004651982219712748,-0.014749627270353956,0.0027040873422051167,-0.013828900023186727,0.0019369766872163348,-0.010483790447611415,-0.0016441235277890646,500
27,shock_lag1,0.0016075351640802637,0.002493307247085102,0.002584547299220569,-0.0032239192706385272,0.006921907984380765,-0.0024497930457254764,0.005731447253589664,-0.0008150556900085933,0.004276133928147842,500
27,shock_lag2,0.00026136653607524877,0.0024686423768557975,0.002505476905241396,-0.004291706809773693,0.005347217517084317,-0.0036151452765736244,0.004702154356065267,-0.0021491695990267737,0.0028330041292789813,500
27,shock_lag3,-0.0012495719943237476,0.002244861908823318,0.002307064445487968,-0.005916940794302312,0.0034729394270016584,-0.005250049654057887,0.002474285593344187,-0.0034779992095474756,0.0006702460923278819,500
27,shock_lag4,-0.0019463069359073107,0.002620336997753246,0.002696951188700261,-0.007300323185117311,0.003358522933745634,-0.006364433552905506,0.0025884774196411266,-0.004439876401438869,0.0007543563162425017,500
27,shock_lag5,-0.001996677138626608,0.002271330867841394,0.0023668564921364033,-0.0069428323693339405,0.002254383853975458,-0.0062695873211289195,0.0017760304859358433,-0.004346416480650062,0.0002742874909506498,500
27,shock_lag6,-0.002130845806621425,0.0024824086221383475,0.0025193432350491844,-0.006921759019952513,0.0025810845037336104,-0.006190766166050524,0.0019140983015705597,-0.004337360016971941,0.0006442688221245044,500
27,shock_lag7,-0.0025543936820175833,0.0024540760867304994,0.0025503781483090238,-0.0080868957728574,0.002084196473952637,-0.0072665996266369675,0.0012164497070285974,-0.005391648231699752,-0.00026455007612855036,500
27,shock_lag8,-0.005452671950233536,0.002521439026501979,0.002845610234494996,-0.011531000964425744,0.0003279383041737343,-0.010145738521462958,-0.0010291352149195123,-0.008077436522930708,-0.0025993535917095173,500
27,shock_lag9,-0.0008189899536776826,0.0027296804685094395,0.002861011014800963,-0.006822324530576344,0.004639300200240589,-0.005363961948886683,0.0035859709915213524,-0.003625466248227883,0.002025195139773412,500
27,shock_lag10,-0.0023888513922313633,0.002621207771120546,0.0028851212695913567,-0.008171978191253745,0.0029004883717142363,-0.007503184474857457,0.0019711624358738538,-0.005282044573492864,0.00029968129034792983,500
27,shock_lag11,-0.0020850642169000823,0.002564674013680298,0.002652433368074499,-0.0072161736503786565,0.0034917375590112765,-0.006378631147999716,0.002310717200699842,-0.004668012821371915,0.0005386883187395419,500
27,shock_lag12,-0.0035475628325901346,0.0026522403103169732,0.002695010992853262,-0.00903473719575094,0.0014640598707637473,-0.008296733584027634,0.000433361403706191,-0.006358538259381944,-0.0010793218234222215,500
27,log_oil_lag1,-0.010078123969471671,0.007239325818227173,0.006584777400744083,-0.021963975052577654,0.0035705266271334056,-0.020865499197928516,0.0014182625117167044,-0.016116205317769586,-0.0033461981464158108,500
27,ffr_lag1,0.002551637275119752,0.00154413715774525,0.001495219091979674,-0.0002400024282931104,0.005712452766930847,0.0002867710208435222,0.005282141966477995,0.0012265759431959165,0.004305554419586957,500
27,cpi_lag1,0.0004092973478280886,0.00023855375828570944,0.0002049269945623017,6.185747417491753e-5,0.0008685996094368224,0.00010480727257826405,0.0007980569952920506,0.00022804685975930978,0.0006178573750229971,500
27,indpro_lag1,0.000304953105920139,0.0004822511561811493,0.0004439444650198449,-0.0007161045111228953,0.0010162471789724704,-0.0005029436352822604,0.0008846016310856972,-0.00024182431514467503,0.0006592679611589291,500
27,log_rwage,-0.21878361388206843,0.030502761997416018,0.029844387460434024,-0.2621550520281154,-0.14807135564966234,-0.2556375403678651,-0.15677062651532617,-0.2358771002024992,-0.17774460797592959,500
27,age_mean,0.0015852858816362096,0.0019867379067723522,0.0019369680143806406,-0.0023423572039198825,0.005126562275670078,-0.001588132582323112,0.0047839096979882525,-0.0002613112474772087,0.0034832958316841542,500
27,female_share,-0.030338564443423473,0.052221997157481284,0.05451158020170062,-0.12620726067638463,0.08536253998547602,-0.11162670852831508,0.0665023083617129,-0.07724821684482461,0.02806356407285263,500
27,married_share,0.04731698179292548,0.051483574693010736,0.05142423040101951,-0.053617425851492484,0.14644413561898548,-0.040026538894016424,0.12864518830053187,-0.009725729735988191,0.09083949470979955,500
27,hours_mean,0.0026074211362271046,0.0019367184263639023,0.002152038494793388,-0.0016988267937312381,0.0067956740970119885,-0.0010664946771285159,0.006049835720709781,0.0005244692771214816,0.004692994601241488,500
27,unemp_rate,-0.30483214393785607,0.05862547402264162,0.06429988507210248,-0.4273596591665569,-0.17607141528355535,-0.40694425030782005,-0.18799370987516723,-0.35640607280414266,-0.23126509422709374,500
28,intercept,3.030627593215847e-10,0.002531594953438736,0.002339064556463846,-0.0043142356461411905,0.004918944467450477,-0.0034415932876511804,0.0042764576151841545,-0.0016598854528992882,0.002941915429670903,500
28,shock_x_ind1,-0.01853797722978451,0.008019426690515039,0.007906051555924757,-0.03251464477820383,-0.0038943157458175143,-0.03018122941137312,-0.005254569460637659,-0.02669830202788585,-0.01072127137520892,500
28,shock_x_ind2,0.012099410239872169,0.012842471220479146,0.01207287812393393,-0.011004187144414994,0.03718916900483309,-0.006200746514655024,0.03259942002922342,0.0008600771547511948,0.0249915651912334,500
28,shock_x_ind3,-0.0016765582872902524,0.004758334360142386,0.0051121594964137675,-0.010761170701926412,0.008399533311685713,-0.00972952756860154,0.006798364306215166,-0.006423508518953434,0.003808955155240674,500
28,shock_x_ind4,-0.006856103396024907,0.0046946362627557645,0.004440608140331146,-0.01512263926318893,0.0025196894836266555,-0.013917327994983538,0.0006398869641113886,-0.011081853897763849,-0.0024476640305171413,500
28,shock_x_ind5,-0.0004328865106435703,0.004735056164970617,0.004488179034032938,-0.008641329010178379,0.008908799024451193,-0.007398916382766471,0.007831385131462237,-0.004389582936636698,0.004298952044939746,500
28,shock_x_ind6,0.0005094158369476944,0.003984602480201124,0.004434693834302343,-0.007642286618696054,0.009636375691024336,-0.006252320608118045,0.008243213615146051,-0.0038178760396052917,0.005046998797070073,500
28,shock_x_ind7,-0.000541391631313101,0.006029863575810285,0.006284593100454828,-0.01203623465301707,0.01328571867100371,-0.009913930290325022,0.01030348804467741,-0.006239355208682725,0.005550389210845406,500
28,shock_x_ind8,-0.0003395550811601217,0.004914072290774213,0.005000821253524517,-0.010736981844333176,0.008530516649406773,-0.009180199582865568,0.007331310208358324,-0.005695555875694814,0.004517658932946584,500
28,shock_x_ind9,-0.008263740662250364,0.004228315418444274,0.0044040559813049605,-0.01676681636963579,4.623169464696397e-5,-0.015108830923624972,-0.0009073087334294923,-0.012354590834669922,-0.0033864978215079632,500
28,shock_x_ind10,-0.014861962524683437,0.005333430716343385,0.005414598669458213,-0.02495082686648227,-0.004484896808410877,-0.023450471306015006,-0.005780643350406608,-0.020226135568126764,-0.009398360614867492,500
28,shock_x_ind11,0.008384720295477077,0.005631605802287372,0.005726723619806875,-0.0035468964500366728,0.01843491500598509,-0.0016229277525026127,0.017398926475098647,0.002520655324404352,0.014011347829259302,500
28,shock_x_ind12,0.0029303359447667345,0.0037634145200069204,0.0036827727711613418,-0.004076778187370498,0.01027911474488502,-0.0027511858365522647,0.00897309870130558,-0.0005908761551961607,0.00675285809293945,500
28,shock_x_ind13,-0.0004560813253119193,0.004141905971875678,0.004295787138260245,-0.00847993729556279,0.008588902514275805,-0.0070319656152982,0.007130714444547518,-0.004817731928774857,0.004128692474885694,500
28,shock_lag1,0.0012725087030134481,0.002575147019004396,0.0026884169790293705,-0.0039659513743616984,0.006030404045300914,-0.0034272887106144715,0.005381142382658418,-0.001541831800407626,0.0037844915686043672,500
28,shock_lag2,-0.0027300460358011076,0.0025984495194809995,0.0024667354987717898,-0.007427440245860072,0.002094271531829332,-0.0068755920110907765,0.0012815011645429407,-0.0050186962685043034,1.0832742676505064e-5,500
28,shock_lag3,-0.000544921950913174,0.0021824172161452617,0.0023608602023789905,-0.005046019270883547,0.004082959394748653,-0.004262582067635268,0.003386886808817458,-0.003055345228368391,0.0017394401998288057,500
28,shock_lag4,-0.001702862488684549,0.0022949975369020974,0.002508095364033183,-0.00655527935342314,0.0034331638048315464,-0.005760149837547725,0.0027730175302794493,-0.0036720842316216667,0.0009175756766919937,500
28,shock_lag5,-0.0013864487500792203,0.002600856358867797,0.002741993226710842,-0.006762018514779623,0.003774067788963248,-0.005931235928855595,0.003318935292220917,-0.003949539275528189,0.0015191303993383907,500
28,shock_lag6,-0.0017402053969584159,0.0023629166779795875,0.002661928264584376,-0.0072402845089985166,0.0029570166002074573,-0.00625598620478946,0.0024962029277495693,-0.004498328637574812,0.0008862364808622468,500
28,shock_lag7,-0.004702821720827348,0.0024865740230961084,0.002622647635328789,-0.010288225914869855,0.0003066330599254835,-0.009056890310508735,-0.000769178076081544,-0.007266221484580163,-0.0022114687458897795,500
28,shock_lag8,-0.0024164048879718094,0.002617737486850503,0.0027319386871024263,-0.008113735121499037,0.0029324960260540675,-0.0071503160174822885,0.00218122065662081,-0.0050868456332962,-0.00014783661793690234,500
28,shock_lag9,-0.0038597884300849983,0.0028128309831451388,0.002926031455419033,-0.009990540787824662,0.001530049552715317,-0.00901291388537379,0.0007517975807337159,-0.006604677604915864,-0.000971118458125923,500
28,shock_lag10,-0.0014233218402348537,0.0025987623188204016,0.0026769403378028166,-0.006875324524882699,0.003278073461327154,-0.005904385821558875,0.0026582932497346327,-0.004223077760811602,0.0011469805026958326,500
28,shock_lag11,-0.0009799185941105984,0.0023878896438847747,0.002486232318452711,-0.006082223990395895,0.003687389970519297,-0.005106664938315106,0.003086396656163212,-0.0032606383008874284,0.0014918414891318648,500
28,shock_lag12,-0.0020952378549046733,0.0025452699610706143,0.002774891475286272,-0.008212508786678473,0.0030974630599981687,-0.006910023924603726,0.002239808022333893,-0.005163238661884478,0.0005061978047866348,500
28,log_oil_lag1,-0.011448828902848433,0.006829769546276057,0.0066357202941362044,-0.023791645324839388,0.0023578646359625065,-0.02189231904303474,-5.770458640328141e-5,-0.01768006943872328,-0.004054406402950874,500
28,ffr_lag1,0.002680842764465352,0.0015699637095440949,0.0013816280539338842,0.0001613377569855757,0.005806946084121252,0.000645666199044176,0.0050347839516675505,0.0014379342365046172,0.00419577736696127,500
28,cpi_lag1,0.0004097288514189472,0.00024385081278990468,0.00020293878295634958,0.00010456460106295057,0.000874540156107119,0.00014143507797920345,0.0007989270983658698,0.0002313753850817387,0.0006424955503856629,500
28,indpro_lag1,0.0002200154505002816,0.0005056979071283976,0.0004283494049066019,-0.000746576878515397,0.0008768845326621702,-0.0006229625944623986,0.0007948928481958107,-0.00029887670586272315,0.0005621332017857965,500
28,log_rwage,-0.22724279951685702,0.03131303494219059,0.02895375506455607,-0.2731340456524343,-0.15745809645716757,-0.26465377495179726,-0.16965044070683,-0.24741697009802224,-0.1880321043822476,500
28,age_mean,0.0027747121341451264,0.0019086014244020445,0.0018181736983029228,-0.0008658497884897771,0.006420267318117297,-0.00010560940820393074,0.005903032665233146,0.0008807703549575292,0.004480535877947884,500
28,female_share,-0.08270963850938746,0.0551370526458963,0.04957774494046437,-0.18710041050579718,0.015365977847201527,-0.1609353308783036,-0.0014012336724535134,-0.12902936274125468,-0.03560887827991127,500
28,married_share,0.05117192692847034,0.05196525086040552,0.049925069897668435,-0.051536428067495185,0.1481259265138929,-0.03711439903828867,0.13156334616490833,0.0005672161162877383,0.10069768757546796,500
28,hours_mean,0.0004632030608027972,0.001953285856373321,0.0019987543221289088,-0.0034168335009622333,0.004418421204412084,-0.0027059129093467637,0.003880219687087756,-0.0012679065120162812,0.002788462575112606,500
28,unemp_rate,-0.3344092865357971,0.06467046690349611,0.07031570459252663,-0.46979772573362444,-0.1836079319105185,-0.44798299115584933,-0.21018249245940548,-0.39139332719283454,-0.25587745051482724,500
29,intercept,3.3253942109810244e-9,0.00253190487580539,0.002169246517157007,-0.0039033532738245113,0.005264495559359535,-0.0030433227408321255,0.0040536881467348445,-0.0016017139621555035,0.0023053248210645836,500
29,shock_x_ind1,-0.014231764971694365,0.008854662643010745,0.009157615597574722,-0.030265806420459743,0.004405176563472715,-0.027856073475074482,0.0019685628092777326,-0.02288569092107589,-0.004478962752264282,500
29,shock_x_ind2,0.0010348874262866529,0.012090724238001447,0.011511762483325276,-0.023908591489415966,0.022805013017976508,-0.018793661827200124,0.018971106918874603,-0.009868163911386486,0.012082603936738871,500
29,shock_x_ind3,-0.0037664590608115214,0.004283585980437713,0.004723224779914457,-0.012685588276096723,0.005114819155401879,-0.011338570149057602,0.003648336929195443,-0.008477010808224834,0.0010538632931474784,500
29,shock_x_ind4,-0.005924255242995381,0.00531770504625113,0.005444516458513692,-0.01581258335989328,0.0045398927887768045,-0.014427561233783377,0.002929275803378721,-0.011640854923477401,-0.00044622906500487824,500
29,shock_x_ind5,-0.0022749230740327806,0.0034933118722399394,0.0037684042734547067,-0.009234113116354449,0.00524227027674019,-0.008096423854519317,0.004069652461884205,-0.005761016326065048,0.0014298063141755073,500
29,shock_x_ind6,0.001987209498405241,0.00379924730698172,0.003986073269522852,-0.005696739479078335,0.009666921633940433,-0.004889502937288945,0.008820796495596687,-0.001783023050788266,0.006108755258136202,500
29,shock_x_ind7,0.003940647347073458,0.006073860357626539,0.006563039609307311,-0.009206990918332787,0.017195223201803177,-0.006918942764055051,0.014980516880428387,-0.002384368493928331,0.01028514679669483,500
29,shock_x_ind8,-0.005931418618644778,0.005435412887492391,0.005682319051479697,-0.01727715419228667,0.004652909155394208,-0.014949177783444692,0.003258645965507912,-0.011699731883694789,0.00018816004241345614,500
29,shock_x_ind9,-0.005790639777165433,0.004385772370518184,0.004335352160143956,-0.014285848005967399,0.00227689150934717,-0.012573571650389966,0.0013488411611876528,-0.009606794754221024,-0.0011373437016787002,500
29,shock_x_ind10,-0.010463223311011731,0.005742001591399197,0.005802026460417249,-0.02250484876400894,-0.000383496314462015,-0.02045535240489722,-0.0014190930498094686,-0.0167082312238046,-0.004955038401672915,500
29,shock_x_ind11,-0.004491491544055443,0.007068400658705881,0.007286701327518274,-0.019654321143932903,0.008874241699094235,-0.017086007662825784,0.007543788331711618,-0.012061411034238407,0.0026271132877585036,500
29,shock_x_ind12,0.0052098172091486344,0.0037862482641507172,0.004056777038283758,-0.0022675159336173452,0.013064564387724461,-0.0011570039928379284,0.012305162164421958,0.0014391996237252502,0.009308425381257599,500
29,shock_x_ind13,0.0034885549335480835,0.004125823227082799,0.004104567437479537,-0.004085110425363079,0.011758483192510324,-0.0027075781726072566,0.010639880517466579,-0.00039887106612272066,0.00800033934058147,500
29,shock_lag1,-0.0016297625788383888,0.0027381860030581597,0.00281804780564846,-0.00657250069434566,0.0041456894879430325,-0.0060535338910557655,0.0036252859789501946,-0.004025154671026977,0.001394071330506643,500
29,shock_lag2,-0.0021741048034847085,0.002661361022850027,0.0026018584566601236,-0.006708047907655278,0.003117979727251972,-0.006034146940897813,0.0023775806826173288,-0.004589289608688861,0.0007587801329100746,500
29,shock_lag3,-0.00048470258981341143,0.0020868961150379618,0.002228717059431635,-0.00494164734254989,0.0036728854994331674,-0.004376264192595997,0.0029075018999596834,-0.002846474808037593,0.0016260848404913773,500
29,shock_lag4,-0.0011764022011689049,0.0025520641053203828,0.0027980465672984706,-0.006611214473206073,0.004473852447052087,-0.005559789459769719,0.003559015263075483,-0.0036879665980678053,0.0017118434989070383,500
29,shock_lag5,-0.0010990206668241315,0.002695708694298873,0.002719348760084477,-0.0067185866376482705,0.0035077711327672467,-0.0060621907010185465,0.0030404877529357083,-0.0037648156900716213,0.0016507290878167743,500
29,shock_lag6,-0.003834588272022683,0.002560737037908723,0.0026803554674464493,-0.009000113663700602,0.0010776152053204088,-0.007929314555593987,0.0006551725346811341,-0.0064259246446882095,-0.0008879973474990735,500
29,shock_lag7,-0.0013304346473875287,0.0028576290402331245,0.003130533502601914,-0.008005470312541688,0.00429932180236599,-0.0069053223622119846,0.0034666163454588382,-0.004379940270095382,0.0015481403670594613,500
29,shock_lag8,-0.005675553513510582,0.0028848429981033594,0.00309018770754639,-0.0121434104687131,-0.00032852992581230956,-0.010968495068313069,-0.001258811670928711,-0.008989542009008748,-0.002780114060223685,500
29,shock_lag9,-0.0030774192828368764,0.002981980182052307,0.002936566694685112,-0.00877320372034138,0.0024657673059092396,-0.008133714990937051,0.001539691131565817,-0.006209412063887823,-0.0002171000050800397,500
29,shock_lag10,-0.00014907972735945358,0.0026204246072735315,0.002618554037774391,-0.005581121144071697,0.004073425408834588,-0.0049468162759819115,0.0037604623146547185,-0.0029792457180939235,0.0022154939146807016,500
29,shock_lag11,0.0005907221160432106,0.0023277611697956166,0.0025826680906076427,-0.004571350125794824,0.00598303396403776,-0.00398087042995228,0.004475651005207503,-0.001721844134054157,0.003096055391158613,500
29,shock_lag12,-0.0022218828157006256,0.0027819842852168522,0.0029134594972685833,-0.00848142363196521,0.0026338090182359995,-0.007422393503066436,0.0019717486343271647,-0.005117827580817082,0.000586121570537139,500
29,log_oil_lag1,-0.014132297535181724,0.00708349287503333,0.007241779300629361,-0.02797383257519689,-0.00013304536852208525,-0.025287286040845167,-0.0021835586275806554,-0.02077764570212372,-0.006325890553740292,500
29,ffr_lag1,0.002602113040053545,0.0015810094020696646,0.001448509537575621,0.0001807542518798988,0.005868313070118706,0.0005631687868414482,0.00532499705122798,0.001472236180256478,0.004222803822259978,500
29,cpi_lag1,0.0005175549077119765,0.0002396954225664226,0.00021015923115667235,0.0001841080444631484,0.0009847929825445773,0.0002380873190701904,0.0009228346244462165,0.0003337323294259501,0.000733297191124467,500
29,indpro_lag1,0.00031741084577860043,0.0005419311265303971,0.000532744851717875,-0.0008995888358870073,0.0011893944355518566,-0.0006722252492448756,0.001060559168472656,-0.0002538413166892106,0.0007523336514633462,500
29,log_rwage,-0.25804982580452146,0.03533409189637222,0.03323531849726239,-0.3029442611421701,-0.18171109213185144,-0.29888744308429593,-0.19274207623084547,-0.2789504871211728,-0.21284654716338047,500
29,age_mean,0.001980084507310552,0.0019393589861037746,0.0018784572984742148,-0.0019254057070709992,0.0052057373007478765,-0.0012932207358444768,0.004569587968249848,-0.00015892811565701393,0.0036824968407002316,500
29,female_share,-0.09082329042161431,0.05237129571220942,0.050985003994371246,-0.18905321288664817,0.010086297487928348,-0.1741451838030965,-0.008599220240174744,-0.14471386304717265,-0.04801245169290775,500
29,married_share,0.10987264194199498,0.04751873182354608,0.04849146201828777,0.014228831512355912,0.2041698628016379,0.029413390344503187,0.18691532338482117,0.0573144304751603,0.15673243545773427,500
29,hours_mean,0.0002279418326455696,0.0020466285925718874,0.0021415307259144275,-0.003739931788648153,0.004364614003035382,-0.0031188679169885805,0.003573836078557725,-0.0019556196636512325,0.0023417107723408145,500
29,unemp_rate,-0.3293749966525102,0.06959775720534979,0.0701623817170816,-0.4582496866727128,-0.18837452611405012,-0.42957696764426473,-0.20749338329394823,-0.38675856789427143,-0.24931114458082657,500
30,intercept,-2.8727688552408814e-9,0.0025687578248262187,0.002458072691736539,-0.004572523788706528,0.005817623656973756,-0.0033790565174584538,0.004731689938034521,-0.0020246945047488274,0.0028238081852650426,500
30,shock_x_ind1,-0.013499893437791522,0.008330866436956323,0.00855377603042221,-0.02923140316092862,0.0025043127278944668,-0.027270283754125282,0.0006333954332878207,-0.021926044539413204,-0.004041691170307681,500
30,shock_x_ind2,-0.017849882885294342,0.011738065867706204,0.012284164640187775,-0.03978982601105753,0.009138669958746813,-0.0366156359749865,0.005141725988362154,-0.029066018649481183,-0.005931323863760224,500
30,shock_x_ind3,-0.0020988106075071826,0.004388117609640025,0.004675737572742438,-0.01057888838199093,0.007235736589266567,-0.009663188168520338,0.005731346408199093,-0.006568221026904507,0.002585476443223147,500
30,shock_x_ind4,-0.007505396466381108,0.00679496474007347,0.00685329582877824,-0.02126949301599479,0.00517845194363662,-0.019031514970119567,0.0036344992647954614,-0.014243393906790795,-0.00033411865724738813,500
30,shock_x_ind5,-0.0012324779597079072,0.004122519022523814,0.004157562640969867,-0.008513761244042885,0.00665857922928313,-0.0076517752482471255,0.0055352933430667835,-0.005539302604487472,0.002973402524807191,500
30,shock_x_ind6,-0.001903812775890022,0.004417097218632135,0.004652769427070499,-0.010832389396856807,0.007702728016067452,-0.009318729310775717,0.006407219343929873,-0.006295791680655784,0.00280804092327022,500
30,shock_x_ind7,-0.0035013821775794107,0.006766076535304001,0.006930421857472042,-0.01684018030395539,0.009794827357091761,-0.014704854505809203,0.0076437460224689675,-0.010744974584571743,0.0029293513933931186,500
30,shock_x_ind8,-0.004487441553085751,0.004837287942465604,0.005239133638633562,-0.015102729454383143,0.0051226296685882595,-0.013058026993522296,0.004044938646648544,-0.00952811952393505,0.0009336484429093673,500
30,shock_x_ind9,-0.010744298443184988,0.004588347901227994,0.004615671582069455,-0.020476416349631925,-0.0023714108930768516,-0.018661603653800263,-0.0034240973890714123,-0.01494518253232968,-0.006223421743139068,500
30,shock_x_ind10,-0.013536658227977602,0.005121005302196491,0.005237213961101594,-0.024459594613810445,-0.0031586527112142325,-0.02234126953059009,-0.005235337224029418,-0.018247382734816686,-0.008399422952982225,500
30,shock_x_ind11,0.004590839579143073,0.005384240792741967,0.0060950700728193445,-0.008057536673316917,0.0155892091354098,-0.006252303968312143,0.01468279572622388,-0.0014036289724238746,0.010176234235546408,500
30,shock_x_ind12,-0.00233500348253546,0.0037737066113803478,0.0038705361422533605,-0.00997904336958597,0.004735761590257083,-0.008884393959352758,0.0037966951217972074,-0.005769742810328836,0.001792177638524895,500
30,shock_x_ind13,-0.0006662338389533739,0.004520888881726975,0.004671641223772758,-0.009394953920422753,0.00827202035327793,-0.00812390206292577,0.007034607574095185,-0.004816253353869053,0.004441310943122913,500
30,shock_lag1,-0.0016130441076270903,0.002736181274671686,0.002882052056390388,-0.006983748288783925,0.00409944297524661,-0.006357314122328756,0.003019327193704624,-0.004355240112092926,0.0013663980021384528,500
30,shock_lag2,-0.0025864118317648717,0.0023455644334497414,0.002554896446538321,-0.007528941537849854,0.002654611513484696,-0.0065516937506430615,0.0019161072228253662,-0.0047541931665843465,-0.00010879992024628454,500
30,shock_lag3,-0.00035753493089046357,0.002294868384179602,0.0025298108898516203,-0.005082088807589264,0.004757165098181778,-0.004620042261386638,0.003890498709003862,-0.0024955340585460757,0.002411136783232245,500
30,shock_lag4,-0.0012701162937067984,0.002594540497085863,0.0027173817529796635,-0.006354915867011356,0.004589752486107985,-0.005256080273053653,0.0033685940303618137,-0.0037849242496484008,0.0017242522371423955,500
30,shock_lag5,-0.003709513612287476,0.0025056331946353267,0.002465632050682161,-0.00812669716186271,0.0015207612728951358,-0.0076398059900526895,0.00032824196225489464,-0.005765292652000434,-0.0010212825359803902,500
30,shock_lag6,-0.0008409453491440058,0.0026596737002965738,0.0028063626055393203,-0.0063250256694608155,0.0046810149082700744,-0.005310974538984296,0.0037226675960156984,-0.0031361848466205274,0.002086274783631598,500
30,shock_lag7,-0.004863386179479719,0.0028649890162457613,0.0028905112463986442,-0.01066741889655572,0.0013192668557461497,-0.009613609929373369,0.00016616525229449475,-0.00731142542332875,-0.0017957378506440608,500
30,shock_lag8,-0.005057949084230403,0.0028682787352302163,0.002846577798828351,-0.010599603748872552,0.0006088258129808452,-0.009426948070133136,-0.0002382998191553006,-0.007597780660198874,-0.0019351223042959522,500
30,shock_lag9,-0.0024152148017935297,0.0027263323356856123,0.002823352505270871,-0.007797151480285543,0.002651717765364639,-0.007002627038864802,0.0019819215435962563,-0.005132842189684868,0.00040734055189477853,500
30,shock_lag10,0.001190564289317126,0.0024490742173340747,0.002546298090688916,-0.00447048420003964,0.005339752622173693,-0.0031227504045435147,0.004600706309913924,-0.0016157729202416562,0.0033997221375183834,500
30,shock_lag11,0.0001899497017173443,0.0023527693295769614,0.002584064703663546,-0.005115499179852715,0.004907894982813742,-0.004033082626843211,0.004453614859232567,-0.0022841451370128425,0.002885740017826497,500
30,shock_lag12,-0.004346796016304129,0.0021960367516721075,0.0025030163886350463,-0.00904337618424815,0.0006157012929327492,-0.008437117726824699,-0.0002252801762933532,-0.00692362609107997,-0.002135888644499114,500
30,log_oil_lag1,-0.012453181458788537,0.007582554193745723,0.007271363852022119,-0.026351572355976363,0.0012990504550758233,-0.02362483297421348,-0.000673191924534049,-0.018891056631929217,-0.004913922398283067,500
30,ffr_lag1,0.0023309841878018742,0.0016421014976871645,0.0015297333018444042,-0.00030306157802182114,0.005723542846759816,0.00015553721981028634,0.005169231415308075,0.0011650641068555066,0.003993515505982509,500
30,cpi_lag1,0.000521971438052733,0.00025645430141874265,0.00023830107149956127,0.0001410823623060033,0.001046483562989677,0.0002118684271853962,0.0009653561376401103,0.000321832078804072,0.0007797225330652924,500
30,indpro_lag1,0.00016543597666999414,0.000542378692983404,0.0004821644511686058,-0.0009225045978849606,0.0009540475213206243,-0.000749818918512201,0.0007685482459440324,-0.00044763913201722316,0.0005059791103643086,500
30,log_rwage,-0.24500381009809322,0.036917752894847514,0.03593451673670484,-0.2989928140915776,-0.15972804316548475,-0.2853533494368502,-0.16833192147273837,-0.267424733280354,-0.1938718175474883,500
30,age_mean,0.0009946872051706899,0.001945754044572377,0.001954796402395053,-0.003307734843273004,0.0044237077157382315,-0.0026034890633832245,0.003869393014445591,-0.001092440168097894,0.0025071984220385026,500
30,female_share,-0.08225669240302023,0.04734765632178354,0.048676899126086866,-0.17253978184620108,0.012108261596809968,-0.15666065462349762,0.0027765875364681018,-0.12905443281234066,-0.02982941963919269,500
30,married_share,0.09527441819416749,0.04469123898483949,0.046058925717157945,0.0036284072553516493,0.1769755928085106,0.02007481623862746,0.16631584913698852,0.04837532127769224,0.14161916173809935,500
30,hours_mean,-0.001175064882855218,0.0018113946581512141,0.0017373646806828206,-0.0042218550417175045,0.002557298715494512,-0.0038432591038483808,0.001824505309261017,-0.0029441873024237137,0.0005342712415940019,500
30,unemp_rate,-0.3584022265963693,0.06780557594936845,0.07345312411859038,-0.4761541157603246,-0.18996316352811382,-0.4543168541790978,-0.20968245561243407,-0.412337251248872,-0.2671906733797612,500
31,intercept,-1.266991664830167e-8,0.002610032309679822,0.0021977412144386504,-0.00374441499485527,0.004967056189519207,-0.002892000437101382,0.004075213909251704,-0.0015840140910554172,0.002700589459222809,500
31,shock_x_ind1,-0.027814839734790018,0.00797781613226962,0.008258545784264555,-0.04243150455893187,-0.010527833003812832,-0.04073517009443068,-0.012971155168110622,-0.035414419885983324,-0.018901086645753795,500
31,shock_x_ind2,0.0029254281662456213,0.011459667582816512,0.011731572959894108,-0.020465325969331566,0.025168205753265185,-0.017208107807892028,0.020735715653305977,-0.009330702480692248,0.01434488644041247,500
31,shock_x_ind3,-0.003355997712665362,0.004591118094449965,0.00499228059694983,-0.013224770765749325,0.006515899659727521,-0.011165915069862475,0.00533115441715156,-0.008160710056863042,0.001959759447436126,500
31,shock_x_ind4,-0.005565322062532683,0.005391824271141631,0.005468750125934697,-0.015535945409876413,0.005536403335874504,-0.013676064235703968,0.00391602153782437,-0.01051869551720915,0.00010636128371366421,500
31,shock_x_ind5,0.0004981547665824288,0.0035015295253121637,0.0036678390097156406,-0.00632985576604689,0.00822585225496719,-0.005514346005689236,0.006531930532911639,-0.0031116658622911443,0.004074886841280146,500
31,shock_x_ind6,0.002653183526980796,0.0038527292105690904,0.004211848685106509,-0.005574680251141152,0.011377976638387676,-0.004373441674093314,0.00962804707328494,-0.0014034245288822463,0.006670779098781129,500
31,shock_x_ind7,-0.010311120469093578,0.006221257646086623,0.006414852222457338,-0.022353272586447946,0.0028237309148741543,-0.020410090177351996,0.001386889573043453,-0.01674377858528205,-0.003956741503106306,500
31,shock_x_ind8,-0.009251770068829124,0.0049932216814581746,0.005034303262854271,-0.019337246798625043,0.0005377616732362134,-0.018099280159291117,-0.0008470979844667212,-0.013968796619754649,-0.0040546895832232095,500
31,shock_x_ind9,-0.003375609951273849,0.004256690771646584,0.004293581725879884,-0.012176039320486932,0.004388567252323097,-0.010787951162338641,0.003850236057347222,-0.007533332359845324,0.0010231694674529862,500
31,shock_x_ind10,-0.013198031120694724,0.0060577859307279405,0.006346629932563316,-0.025682245315600812,-0.0007530697007962796,-0.023903671204317446,-0.0025160860377330067,-0.019619865336669727,-0.006929054954843273,500
31,shock_x_ind11,0.001622586678515602,0.00489034993140831,0.0051762788673439634,-0.008720194248244918,0.01170869953877006,-0.007211180765604233,0.010196383734350407,-0.003148888593647347,0.007009693303145612,500
31,shock_x_ind12,-0.0004694032385439331,0.0030840284157218813,0.003503455017840168,-0.006703896305342314,0.006751318287094311,-0.005923957838580818,0.0055609586055550666,-0.003638420501547071,0.003234069280209434,500
31,shock_x_ind13,-0.005636144408029133,0.004193323541947651,0.00420777713633074,-0.013965810082805459,0.0025222470183296616,-0.012453390094973123,0.00099498287013432,-0.009192935836388631,-0.0012630051143156403,500
31,shock_lag1,-0.001904935288922719,0.0025479985091748547,0.0027408216127316953,-0.006894348948643464,0.0034662269190379935,-0.006066583552648573,0.00292079235882496,-0.004217343718485972,0.000938201091895089,500
31,shock_lag2,-0.0020688238124088178,0.002813951501084187,0.002947356225430528,-0.007965307056213055,0.003623975663569818,-0.006954544343197767,0.0029781599063171404,-0.004625169075775419,0.0009745002793025155,500
31,shock_lag3,-0.0006431677311576851,0.0023572487712833954,0.0025304977733491066,-0.00538607519266328,0.004220184051793679,-0.004757139458164192,0.0036603624406908253,-0.0032377952392428997,0.0017011302264722356,500
31,shock_lag4,-0.0033381903430755294,0.002549048643650773,0.0027419961387509673,-0.008876858830261361,0.0014575757033608795,-0.008099070263663551,0.0007694694175942993,-0.006379125959046201,-0.0007071302685879242,500
31,shock_lag5,-5.7342054138422255e-5,0.002690970007802087,0.002902967956909434,-0.005525799048191308,0.005757935014860791,-0.0047976107246334235,0.004907467010691032,-0.002876522772866287,0.0026842468233691783,500
31,shock_lag6,-0.0047331755106233735,0.0029834419780406835,0.0031295693708693504,-0.010785747097430978,0.0009098258566555238,-0.009925708450080842,0.0003011651355517751,-0.00798884700564313,-0.0018488821980750482,500
31,shock_lag7,-0.004244030763881982,0.0029918511159705533,0.003070922140931786,-0.010690392932365407,0.001567994823479535,-0.00977631789537015,0.00026161850822342973,-0.007713810271376194,-0.0015122362958404228,500
31,shock_lag8,-0.003808738294372785,0.002714287760934263,0.0028244060954167546,-0.009605197607719832,0.0013758252309936615,-0.008909951659098359,0.000590330089834238,-0.006645560616163484,-0.0012566255244290281,500
31,shock_lag9,-0.0007333872251235219,0.0026130394726699086,0.0029987848403946332,-0.00675506372790418,0.004735180364143261,-0.005560744886250147,0.0040263143128946985,-0.003886978520278498,0.002314309567318619,500
31,shock_lag10,0.0010234748105819,0.0027247402058650275,0.003034461565981943,-0.005498286917398515,0.006690874702405741,-0.004354500593335615,0.0057590025696094005,-0.0017908956624120309,0.0038013873765326677,500
31,shock_lag11,-0.0019166498849022308,0.002404804672168246,0.0024783118445555487,-0.006309907467796154,0.002965037545953759,-0.00567278895442903,0.001995595476417734,-0.004223887120378013,0.000589665501701604,500
31,shock_lag12,-0.0033818093297008993,0.0023223152018304757,0.0024307010749806276,-0.008037735422929293,0.001910429500909697,-0.007029961654279756,0.0008679036467062492,-0.005598978993874774,-0.000920176091340902,500
31,log_oil_lag1,-0.011108223641056384,0.008031897028221444,0.007638985061493074,-0.025988714801662573,0.003999799105252788,-0.024076247609018216,0.0012842399520395702,-0.018537435516108803,-0.0035830346779301488,500
31,ffr_lag1,0.0024353296687154584,0.0016810473021651685,0.001521606603055239,-9.495637394015403e-5,0.005814799489578996,0.0003078738740529083,0.005326241918254559,0.0013371183347244805,0.0042416712956164565,500
31,cpi_lag1,0.00047338544260687123,0.0002577651435233783,0.00022541999364697287,0.00011978334994376098,0.0010036147509162251,0.00017494833836754277,0.0008928514189422767,0.0002930441089536315,0.0007154299852290933,500
31,indpro_lag1,-0.0001994254235102713,0.0005641965231287959,0.0005492661320653844,-0.0014837102844527032,0.0006915097387713248,-0.0011717788640961703,0.0005791767038457766,-0.000812015163847147,0.00024427984099911065,500
31,log_rwage,-0.21710868809475511,0.033569286967341135,0.03263808518479854,-0.2711189046549574,-0.1450271345355323,-0.26258485243062935,-0.1559551734364739,-0.23694983453371143,-0.1751229393402613,500
31,age_mean,0.002653844298118954,0.0019795138036582272,0.001838681098076977,-0.001293567503637795,0.005900090381362643,-0.0005722369987285877,0.005452511134240506,0.0006224287041777543,0.004282126819964611,500
31,female_share,-0.07571736540172633,0.05767477336133844,0.05696990044324291,-0.1905170688755563,0.03430688171430787,-0.17531164969156524,0.015512594689393047,-0.12833624052667317,-0.02072432688055614,500
31,married_share,0.02882699195361947,0.051851081006731636,0.047963647983722824,-0.07081016804865442,0.11788180277375765,-0.05117783426596843,0.1042158409919841,-0.017830336095548734,0.07635648231773728,500
31,hours_mean,-0.0015751801527544333,0.0018369724576309497,0.0019863928542497135,-0.005465206375735526,0.002243719876487807,-0.0048603061562776904,0.0016361646951055951,-0.0036671608859636996,0.0004003804008396243,500
31,unemp_rate,-0.40495384604615714,0.06823165058704164,0.0715319566363367,-0.517551064270229,-0.22865674784330747,-0.4879839615866419,-0.25781877064482467,-0.4461355969795961,-0.313509681664071,500
32,intercept,5.300402646536737e-10,0.0025508435256534107,0.002249130369596215,-0.003830316739374606,0.005033080927418842,-0.003007063515536629,0.0042910897869502486,-0.0016942013317405168,0.0027372118469919282,500
32,shock_x_ind1,-0.019879748995790328,0.007767768619230279,0.007712944732686846,-0.03348346592699417,-0.003986537560133892,-0.0313255963479302,-0.006009647504145069,-0.026491883681158998,-0.011677957670871054,500
32,shock_x_ind2,-0.009779643665264702,0.012418786834156242,0.011669313801504218,-0.031918840882693804,0.013948263076474697,-0.029047781785668463,0.009200459385124773,-0.020764859636017843,0.0023167090980816315,500
32,shock_x_ind3,-0.0006157537646700456,0.0038252063828217594,0.0042548772406924154,-0.00813177728156127,0.00854295000140945,-0.006961027719560376,0.00705310716170963,-0.00445960515291793,0.0037136887790721043,500
32,shock_x_ind4,-0.005589706055231856,0.005348341482386997,0.005306605470591992,-0.01504445866572264,0.005041254782555982,-0.013595876447827423,0.0034031647595448213,-0.01065738312991923,-9.180729061028205e-5,500
32,shock_x_ind5,0.003581777872351577,0.0040301888175026885,0.004080369906457843,-0.004263711145287848,0.010894181281948134,-0.003238646754798587,0.010304117651788106,-0.0006035266862348748,0.008231994665918443,500
32,shock_x_ind6,0.0023653027672584166,0.0036797991792289026,0.003897146364354846,-0.0049082816126461235,0.010082326675451725,-0.003849685331023356,0.008794507609272095,-0.0012354954295193334,0.006189246439020199,500
32,shock_x_ind7,-0.003347855216119153,0.0054993200642009165,0.006155290545454098,-0.015082991978825698,0.009907214809882596,-0.013005210426148384,0.007727885200812731,-0.008433755968077872,0.0029706289854810166,500
32,shock_x_ind8,-0.007973836408147281,0.005329960978778449,0.005170223340750449,-0.01862432775142748,0.0011929282981295187,-0.01724010404194429,-9.292572715337398e-5,-0.013223896977156622,-0.003107740139659195,500
32,shock_x_ind9,-0.006840999928327755,0.004898218815914631,0.004882821056665607,-0.015548256425728558,0.002674389592205363,-0.0145514041424377,0.0008373652932998235,-0.011601193596242863,-0.001699458028681412,500
32,shock_x_ind10,-0.01901447738302705,0.005909739623942928,0.005842498074431089,-0.03008701351051626,-0.007330728997541831,-0.028148402456084586,-0.00894425952073989,-0.02503140907415642,-0.013359932217152568,500
32,shock_x_ind11,0.008026004720817182,0.007306570008972091,0.007067591902633533,-0.005049582499887342,0.02063312171932711,-0.0036752191191608214,0.019195259986741937,0.00043666933855856854,0.014936873632646923,500
32,shock_x_ind12,-0.006549229702138887,0.0033027195996777623,0.003520172122840763,-0.0133048307361164,4.700994536072777e-5,-0.012491043483499957,-0.00079443154371015,-0.009964952388790903,-0.002888540964625845,500
32,shock_x_ind13,-0.007103949045631551,0.004914513153364379,0.0049150899789267965,-0.015986425006531,0.0028856260964673195,-0.014194951262793638,0.0017181414586916676,-0.011362505412761415,-0.0013804956843340365,500
32,shock_lag1,-0.0007761782754993002,0.00271519145499652,0.002865962711261152,-0.006048937652734453,0.005527769754250091,-0.004889920191577404,0.004026829618065724,-0.0032828775704042204,0.0023548599666841654,500
32,shock_lag2,-0.001532825018105279,0.002792751820225183,0.0026933479690907113,-0.006072428121947899,0.004232609372304144,-0.0052098640524695095,0.003506620772633608,-0.003971297585736978,0.0014413514911500672,500
32,shock_lag3,-0.002261305379685917,0.0023968346081471178,0.0024452042069223624,-0.007280552409520524,0.0022225328143532846,-0.006426295004978049,0.0016184071731084558,-0.004541613643902304,0.0002335762555380853,500
32,shock_lag4,0.0001330892821217678,0.0027548302679069945,0.002791418015307725,-0.005590798401219348,0.004931001945795204,-0.004701053743854979,0.0044036166374612894,-0.0025805808311318754,0.0029024425807771823,500
32,shock_lag5,-0.00316412117063215,0.0027011319899688533,0.0028711562168425592,-0.008689690203649097,0.0024114867212543132,-0.00779162188448659,0.0015934885615492352,-0.005980569575307725,-0.0001963825003692848,500
32,shock_lag6,-0.003470307429659236,0.0028981040095913263,0.003021233200272519,-0.00964541478475698,0.0028284567433543347,-0.008151152895362708,0.0014624789232024486,-0.006227041485743658,-0.0004853034146264651,500
32,shock_lag7,-0.002881875545391413,0.002618218440435054,0.0029660341315002597,-0.008904276468913386,0.0026600862889391156,-0.007535781101764834,0.0018620838719714515,-0.005667279347785069,9.927484224295798e-5,500
32,shock_lag8,-0.0019082617975542692,0.0025119768885062924,0.002728872918118489,-0.0075834907395547,0.00309608149792048,-0.006352957272599547,0.0025298379674633907,-0.004713021502061158,0.0006390651083746189,500
32,shock_lag9,-0.0008393484196076969,0.0028668374226233726,0.00316124559218141,-0.007249932024577646,0.004777920578335598,-0.006321807310883648,0.003982039289636596,-0.0038882787625267507,0.002024573159840076,500
32,shock_lag10,-0.000925963995184802,0.002098763776462039,0.0023142414206028875,-0.0056770792059989295,0.0032259855828519366,-0.004586261606400162,0.0027092527635607685,-0.0035379794317611925,0.0014209851529224512,500
32,shock_lag11,-0.0009112370863253774,0.0024746786615838646,0.0026012300273194336,-0.0057041017365508945,0.004828629879208025,-0.0050465573426059255,0.0037738424558493014,-0.0032559769085630953,0.0014111590830982684,500
32,shock_lag12,-0.0038940257206629253,0.002355803433657916,0.002573436836274026,-0.009096454027149774,0.0011325509917276496,-0.00816052082553205,0.00029438197394869624,-0.006619952445677731,-0.0015659767490991468,500
32,log_oil_lag1,-0.015896453541509852,0.007605869801529075,0.007843994045845305,-0.0324611729857713,-0.0023623364726165713,-0.030181363679415058,-0.004261913109885771,-0.024205053863494284,-0.008791157603135244,500
32,ffr_lag1,0.0023526934494536187,0.0016674227088712148,0.0015535094440616932,-0.00015544295142831828,0.005768188939453471,0.0002525533614288675,0.005155077244336241,0.001144054706061867,0.004220641939766961,500
32,cpi_lag1,0.0006639958016244393,0.00025489672323339224,0.00024241783316759764,0.00029371996269274595,0.0012341065840631368,0.0003333594845411333,0.0011271970896725406,0.0004681987378532255,0.0009521129632884664,500
32,indpro_lag1,3.8486348672650746e-5,0.0005462461295589874,0.00048147173133144644,-0.0009796828915971238,0.0008441826838168731,-0.0008769994075520244,0.0006969953509040257,-0.0005177991210153451,0.0004534953588653701,500
32,log_rwage,-0.2843335411727293,0.03436897436512064,0.033497580913084656,-0.3358980021612311,-0.20533684836291208,-0.32547456596851637,-0.21569150074474577,-0.30471047729556144,-0.23846367364826404,500
32,age_mean,0.000850487931496221,0.0019179447432814546,0.0018659083659979274,-0.0030644805818296986,0.0042306012881951245,-0.0025240322407451936,0.003854263847922975,-0.001040405545828732,0.002436096084950119,500
32,female_share,-0.04571334204498718,0.060883911940227804,0.059848915529353494,-0.16008639947890463,0.0684841945128524,-0.14645305355210214,0.05116067377191537,-0.09757966277300362,0.019159027272926732,500
32,married_share,0.07194395257215867,0.05413131029353164,0.05082222824870651,-0.01595345936881285,0.1651061814097861,-0.005736617514059252,0.1534607847979964,0.019410216858485378,0.12212580660869049,500
32,hours_mean,1.9435147918716734e-5,0.001941992712587963,0.002060503172091345,-0.0035320707991070752,0.004596529635041233,-0.002865264549708323,0.003768360270165554,-0.0017354291568209886,0.0023312635786078605,500
32,unemp_rate,-0.32876424796596565,0.0641558017016424,0.07060888578202104,-0.42666300186140693,-0.15115611284624936,-0.40533949065098845,-0.18576447195908274,-0.3664977842768713,-0.23278895897512514,500
33,intercept,-8.879186643930738e-9,0.0026372557411688084,0.0023304969942593845,-0.004305894222081184,0.004852206184611001,-0.003113791513641498,0.004283205940570616,-0.0018434947567230056,0.0027093031058969754,500
33,shock_x_ind1,-0.010694931611585289,0.008949061867019489,0.009092341838329179,-0.027522305493753063,0.007594057254139624,-0.02443156245360964,0.005726177180023048,-0.01819773117350412,-0.0005623479956252278,500
33,shock_x_ind2,-0.008460096874415117,0.011830756588911268,0.012278626367606519,-0.03109684659514597,0.01616682608229114,-0.025941157756742744,0.013616120525137155,-0.019212299305989916,0.00536372899072133,500
33,shock_x_ind3,-0.0029970326303355253,0.004355635723463622,0.004755288115957709,-0.012580988876236918,0.006073685542704257,-0.010662409134390653,0.00465130571052773,-0.007122982043527246,0.002113509823640812,500
33,shock_x_ind4,-0.002880823047790343,0.00586675937516587,0.005638603864003596,-0.013234882708358015,0.008829101101332637,-0.01134005291989949,0.006677171783769857,-0.008159448342471492,0.0031691850741765743,500
33,shock_x_ind5,-0.005339468635231121,0.0043502229961004096,0.0041385525993244765,-0.013032053563749285,0.0038212388701465306,-0.011576566588965154,0.001696660506081631,-0.009061409529041116,-0.0009994997367985905,500
33,shock_x_ind6,0.0017502016293806234,0.0035850225724165874,0.00391749196117837,-0.006067230891875573,0.008839759117850659,-0.004608843967834848,0.008084528692989148,-0.0019931960449912057,0.005820247451871063,500
33,shock_x_ind7,-0.00786590687830918,0.006055530414196076,0.006051369903478832,-0.01872907998998692,0.0036956102147448515,-0.017251236319650736,0.0025499287016272298,-0.013227407839321515,-0.0010466964117382804,500
33,shock_x_ind8,-0.006819879117288684,0.004722953229763004,0.005043246739078059,-0.01615497771477843,0.002733682600712141,-0.01484505391393835,0.001267767421061163,-0.011940048232145116,-0.001504009284891822,500
33,shock_x_ind9,-0.003896096351760923,0.0049277079600843895,0.004862153089764869,-0.01343583561556994,0.004730969250045924,-0.011810980994890554,0.0038097224784802985,-0.008753743613091888,0.001235093316357855,500
33,shock_x_ind10,-0.013586645291699421,0.0057496253816738145,0.00564186163657747,-0.025021229117425912,-0.002469359182473153,-0.022905479264975104,-0.0042958721609671,-0.018426257060176424,-0.007854741532415983,500
33,shock_x_ind11,0.00076036170436926,0.006655478104756291,0.006660352654719284,-0.013148888381696817,0.013454455483955855,-0.010789925875110549,0.010842389251987411,-0.006501016962964654,0.006040231778181049,500
33,shock_x_ind12,-0.0022103383809492835,0.0031041172467043765,0.0033402344310085505,-0.008132607199545524,0.004575672597749588,-0.007306446955603368,0.0035553383708365714,-0.005305859058097942,0.0015448539356116159,500
33,shock_x_ind13,0.0004935738213374411,0.004064703912116929,0.004236831922141479,-0.006979646334567612,0.00962407056737984,-0.0061980104262309875,0.007760808306110412,-0.003208552380457715,0.004974532780146895,500
33,shock_lag1,-0.0012736103027502865,0.003031743538709625,0.0030843516573251365,-0.007100401293731989,0.004991698895440971,-0.006084667237393919,0.0038875573276467563,-0.0043158333712745665,0.0017826422272646818,500
33,shock_lag2,-0.003984889997202587,0.0027568322856091217,0.0028271665645953755,-0.009058678311419564,0.001882832295539745,-0.008226170974729519,0.0010078966538841943,-0.006616006833095419,-0.0011151043950993762,500
33,shock_lag3,0.0009224585488641198,0.0025357187718524025,0.0026687971499117463,-0.004531043719703593,0.005935215181411418,-0.0034388583736005974,0.005179796140007671,-0.0019341512479412613,0.0034534295049199687,500
33,shock_lag4,-0.0035357293702014104,0.003068025282920571,0.0032600766023446383,-0.009784019883699084,0.0026063573049476332,-0.008717186047757418,0.0016108139548185617,-0.007040926435999249,-0.0003311065520894297,500
33,shock_lag5,-0.002338012109657795,0.0028774778252840675,0.002941045438725121,-0.008301491338231718,0.003327503508577876,-0.007295599814556284,0.002271905478438967,-0.005193011026150185,0.0006397309076085706,500
33,shock_lag6,-0.0027600349046032146,0.0027493730371485415,0.002880289961668267,-0.008631663231898828,0.0025348287457582375,-0.007529012902966423,0.0018088810079237528,-0.005770517780128604,-7.093242058803278e-5,500
33,shock_lag7,-0.0016085600423168926,0.0029295392053093902,0.003125504282269355,-0.007461100866384152,0.0043439861942697194,-0.006864195734686048,0.0032517009044904033,-0.0049241435003086805,0.0013770191579620251,500
33,shock_lag8,-0.002461276823000659,0.0028140542486317227,0.003024544738232625,-0.008698847405084188,0.003146104124729983,-0.007466455896872749,0.0025160456650973402,-0.005177286854115503,0.0007964530467885588,500
33,shock_lag9,-0.0029295316131988415,0.0024805382631963363,0.002737614901043638,-0.008172582546588668,0.002662890918887649,-0.007017689272148616,0.0018608600330088302,-0.005312842111813817,-4.537308080725267e-5,500
33,shock_lag10,-0.00024605801787142917,0.0025017022267538767,0.0027352437981953033,-0.005591095398465168,0.005348083304326337,-0.004570430970718375,0.00410606350060744,-0.0027880608175987324,0.0026299088587029705,500
33,shock_lag11,-0.0016480042979627988,0.002746813542343175,0.002815540986678309,-0.006399878635721303,0.004151147587635212,-0.005749458490610763,0.0037572188149315113,-0.0038764330940851887,0.0017005133056349105,500
33,shock_lag12,-0.0024864788099888406,0.002550318690201815,0.002717951040648791,-0.008605676870600846,0.002209497438991099,-0.0075436031220707574,0.0015190669501765593,-0.00554628715459617,-8.128998590482832e-5,500
33,log_oil_lag1,-0.01390497342049989,0.007997713314121748,0.007602150155683366,-0.030475618473251004,0.00039599375671417746,-0.02776521598202483,-0.0024202076127172443,-0.021954074300563384,-0.007042596782337846,500
33,ffr_lag1,0.00269917203341401,0.0017264317453876208,0.0015909310110618234,-2.5456842789840207e-5,0.006106679869514882,0.00035523038272631705,0.005492498116673162,0.001207967447863665,0.004496599522313202,500
33,cpi_lag1,0.0005663582094215237,0.00026037397264621617,0.0002365729321583335,0.00017051063893405445,0.0010902508696748097,0.00021467019296099335,0.0010103607628903345,0.00036710813921412476,0.0008358066445043671,500
33,indpro_lag1,-0.00038584780965553335,0.0005514849743431402,0.0005303707392547867,-0.00170898915309214,0.0004507544931102779,-0.0014276491826626214,0.00028421622188858786,-0.0010287872224831198,1.5462680020605817e-5,500
33,log_rwage,-0.2357771660494737,0.03843489554520609,0.03403124855373067,-0.28759617955240807,-0.15614159017302465,-0.27807256538955044,-0.1671880275055063,-0.2564098497934358,-0.1895064867594798,500
33,age_mean,0.00340284393280245,0.001981799124574103,0.0020090060711269175,-0.0005967608465898783,0.007241164181485871,9.32707228445288e-5,0.0065669759798206336,0.0011306673630557132,0.005229592489431699,500
33,female_share,-0.05114010322115404,0.05752542697822317,0.05199008651569488,-0.15443136766645932,0.05735092808132668,-0.1313584044227069,0.04137471544548508,-0.10235116349701957,-0.0017167680958523116,500
33,married_share,0.016265721784134917,0.047995130728182886,0.04970823185191854,-0.07725967602291108,0.11162302478361984,-0.06946566090182778,0.09556230657767956,-0.034722334369418184,0.0652826185746914,500
33,hours_mean,-0.0013148250062683532,0.002179128999698309,0.002373698833083694,-0.006364314873392337,0.00293520350926601,-0.005492652488175415,0.0022588350755507244,-0.0036278631944171693,0.0008434519487510585,500
33,unemp_rate,-0.36921719220095556,0.06268599105701869,0.06913645554459827,-0.4782325735788364,-0.20553315072991724,-0.4574448141518498,-0.23387289828757774,-0.4121405970888894,-0.28122444926605106,500
34,intercept,-9.431404052625978e-9,0.002662848765904608,0.002401739306392775,-0.003922879378555369,0.005556833154434905,-0.00323013325876191,0.004835418285504772,-0.001687312889778171,0.0028523593955206384,500
34,shock_x_ind1,-0.01415657186065351,0.007424971921840276,0.007205156750158209,-0.02804188487641161,3.342554975123154e-5,-0.02575598594028757,-0.0030224191276529027,-0.021973382419836457,-0.007158116763482788,500
34,shock_x_ind2,-0.005690350519343519,0.010682692983530391,0.011075210633987606,-0.02671987785644375,0.016614034428427356,-0.023115993162294745,0.012872311642962108,-0.015435065552637881,0.006110455173489203,500
34,shock_x_ind3,-0.005212080300988892,0.004136361824966054,0.004767310635801379,-0.013624190474587333,0.00450846185278584,-0.012281785794593646,0.0027306108845927776,-0.009938929279628302,-0.0004763018291925063,500
34,shock_x_ind4,-0.0061581611481621255,0.005786442147117146,0.005962545216149602,-0.01775218187122894,0.0058448665320470555,-0.015468401675649298,0.004339042510923441,-0.01131393383845198,0.0005990424128724957,500
34,shock_x_ind5,-0.006326936627557173,0.004056902206268876,0.004283233213699049,-0.014012483911781982,0.0028608478904312146,-0.012705699860593153,0.0014775453607249582,-0.009832107453320338,-0.0018379922392626038,500
34,shock_x_ind6,0.0026186718555218226,0.003760430495565192,0.004449980754175829,-0.005489156435707954,0.011715897901718099,-0.004322659930762784,0.01024009221795602,-0.0012461343756197615,0.007194180418946653,500
34,shock_x_ind7,-0.0048680774409255,0.006436419115423988,0.006417822962374403,-0.016841252932350323,0.0070198837863390505,-0.014867177589770261,0.0052831890869956205,-0.011449913506611039,0.0018529515881246694,500
34,shock_x_ind8,-0.010152844375989836,0.004758333743863325,0.004922080709039278,-0.020765580785780578,-0.00047784829293425466,-0.018676957107102495,-0.0023653097652327143,-0.015148051109531515,-0.005361900273488035,500
34,shock_x_ind9,-0.007140744614321909,0.004893992645616396,0.004925411422653791,-0.017470857757401294,0.002469253037285412,-0.01609747176433961,0.0009843800830706111,-0.011344779590470633,-0.002058151803938832,500
34,shock_x_ind10,-0.010035320135793288,0.005550200444325132,0.005736256979657491,-0.021522141876424986,0.0007257577978749988,-0.0195312836881764,-0.0009355739872794516,-0.015862477215723286,-0.004304919312586598,500
34,shock_x_ind11,-0.0010289396509482597,0.005885782747419373,0.00588164899200591,-0.014168020866787224,0.009001806227099623,-0.011661300124996872,0.0073573334592164745,-0.007061793904113312,0.004141413590130884,500
34,shock_x_ind12,-0.0023837264508138312,0.003028349780808254,0.00324231263499486,-0.00877549167315894,0.003845248765363945,-0.007784191328134883,0.0028961538310690103,-0.005220110160054035,0.0009206936518763107,500
34,shock_x_ind13,-0.001607630818475182,0.003787754354053042,0.004227675477310422,-0.010017695899789375,0.005889838438221079,-0.008950420905421147,0.005257608477830437,-0.005886385355952211,0.0025771530263122024,500
34,shock_lag1,-0.002873972616530828,0.0027900286781983334,0.00280053549509325,-0.008191662609609272,0.0028521515628837537,-0.007409834272842034,0.002078807503852911,-0.005322427841494131,0.00019291395028096282,500
34,shock_lag2,0.0002905124109774433,0.0029601454295091916,0.0029903149844095716,-0.005539579436889595,0.006093169577829818,-0.004843465205344983,0.004648530168197352,-0.002668430060895344,0.0030978789459558866,500
34,shock_lag3,-0.0026969902070620197,0.002694889427168978,0.0026912201015657825,-0.007902012772204512,0.0028009036055539308,-0.007026426781665073,0.001936733601299804,-0.005085145440513288,0.00023320743304051922,500
34,shock_lag4,-0.002400317353413376,0.003232963723944143,0.0033350492799800583,-0.008638155305877285,0.004436350360495218,-0.007485791494894357,0.00336864736372868,-0.005689046628328731,0.0010444760448343985,500
34,shock_lag5,-0.0009589924428899002,0.002609191846606659,0.0026324550689087118,-0.006026313880125216,0.0040375907391232615,-0.0053835787964527475,0.0035414717932398788,-0.0035915305535192885,0.0016706138130579795,500
34,shock_lag6,-0.0009076748712182591,0.0027454917622807516,0.0027653746361236925,-0.006140134428995591,0.0042879103116722495,-0.005328795798794268,0.00369583211638914,-0.003853609455521648,0.0018140363498004603,500
34,shock_lag7,-0.0014911473337643618,0.0029637217631370994,0.0030618739615264623,-0.0077760176831547,0.004558130816138965,-0.006649231723700224,0.003221333769830003,-0.004412959098269962,0.0012590278693597897,500
34,shock_lag8,-0.004223793314030681,0.002454694972628376,0.002538736800249783,-0.008699896236191256,0.0012617250231733781,-0.008194886872178953,-6.452103130261724e-5,-0.006453816736560351,-0.0017685148478729664,500
34,shock_lag9,-0.0018301669412385457,0.0026040232094236265,0.0028522583482522208,-0.007016714791881444,0.004044745790241453,-0.0063190475753976336,0.003011278997040059,-0.004453954879231625,0.001295458873117533,500
34,shock_lag10,-0.0008188286104356624,0.0022472031532967903,0.0026717000856889364,-0.005775678586811381,0.0046177049737568705,-0.005030362154052468,0.0036207503177714687,-0.0032852509253025897,0.0018952797889138645,500
34,shock_lag11,7.028526850197386e-5,0.0025003055213352805,0.0026749844127197863,-0.005026372735969778,0.005177431020356272,-0.0041896011160444295,0.004575285263092513,-0.002426795540252502,0.0029301673022197193,500
34,shock_lag12,-0.0016138024018629111,0.0024936811956892727,0.0025771266640243194,-0.006363625185238439,0.0033184957006066962,-0.005360190276037423,0.002728955878793337,-0.004004827632601364,0.0009577858689961383,500
34,log_oil_lag1,-0.017784904618073222,0.008317994656067782,0.008034075299895738,-0.03301441251758003,-0.002304148471849732,-0.031051118726918795,-0.005173043926498893,-0.025707589687838383,-0.010856252816558316,500
34,ffr_lag1,0.0031349988031185547,0.0017866809574256504,0.001652632861720661,0.0002665357434699682,0.006673674258152615,0.0007314581079620563,0.006182827448752661,0.0017891136418341528,0.005035604717273095,500
34,cpi_lag1,0.0007293559624703365,0.00026419534518044944,0.00025248636822225527,0.0003131880257259103,0.0013054095137790878,0.00037326123533213096,0.001188749617240233,0.000519846907879971,0.0010181159840911467,500
34,indpro_lag1,-0.00038372445170972464,0.0005300393441895643,0.0005079537463788917,-0.0014686034406501188,0.00040175861877878125,-0.0013071839365207984,0.00031631596448053657,-0.0009794465368525365,5.550801231993457e-5,500
34,log_rwage,-0.24074976110904978,0.033433642942285215,0.032560934052833904,-0.2923112533671965,-0.1600987997656823,-0.28242295391670813,-0.17376955091415838,-0.2604221131993271,-0.1949601309782127,500
34,age_mean,0.001476967728047162,0.001942738313583616,0.0020482727876531175,-0.0025908505253253427,0.005165376404885957,-0.002192894198209466,0.004577064169680147,-0.0006765282053652435,0.003359916903677731,500
34,female_share,-0.047779830040724204,0.05544646076059448,0.051640786655010554,-0.1496052664590635,0.05380364825444817,-0.135474375439775,0.03724635601604855,-0.10000504399441414,0.0020576749896559425,500
34,married_share,0.03967196745649616,0.057122784932407904,0.05235393751796031,-0.05505191223161039,0.15520857551544326,-0.037213881834552535,0.13470523669757115,-0.009563671762040423,0.09604674813868302,500
34,hours_mean,-0.0022963698216505045,0.0019681651175729674,0.002019391798710533,-0.006214110309877259,0.0017734024535514454,-0.005615278929254437,0.0008920693462015887,-0.004372732642889199,-0.0004567452593412684,500
34,unemp_rate,-0.29299554957259444,0.07073467584493072,0.07434910352446876,-0.3804166321373112,-0.08029125461669764,-0.3636919491317583,-0.12382728756000208,-0.33716389181492973,-0.20099226426262895,500
35,intercept,4.317406485938402e-9,0.0026458085608211785,0.002342417593737071,-0.0041513277744971286,0.004944609378969756,-0.003150034738342072,0.004442426609013948,-0.0017542240756005518,0.0030146373708296254,500
35,shock_x_ind1,-0.012307061494000036,0.007720102539667077,0.007318617697589035,-0.02602140842993863,0.002143140144149583,-0.024347002971307076,2.394272548901982e-5,-0.01904364854568532,-0.004951641245048762,500
35,shock_x_ind2,-0.005409673612648258,0.012115286697606972,0.013380997863006743,-0.029075941000626028,0.022222874748970833,-0.02582891060912885,0.01752370862586156,-0.019103907343635217,0.008542127940446693,500
35,shock_x_ind3,-0.009396033400875867,0.004006228206760995,0.004330448095836624,-0.017755524056928478,-0.00042975186168487474,-0.016353115533927487,-0.001331199427286868,-0.0129369000620617,-0.004533075350418155,500
35,shock_x_ind4,-0.006156751159476726,0.005700107371818406,0.005543135742594244,-0.016574374859717377,0.005889739342326844,-0.014474755778371476,0.0033944828331914922,-0.01084996839590074,0.00020375376392194983,500
35,shock_x_ind5,-0.005581815342999662,0.00394493881180913,0.004118740164029275,-0.013118899441040385,0.002785659034753249,-0.012378822879211868,0.0015474816396516262,-0.009474098729382645,-0.0011499639246142417,500
35,shock_x_ind6,-0.004449351668288567,0.003313025337416977,0.003655940450719706,-0.011004900869152725,0.002842945978361074,-0.009769510219031467,0.0019217472723623476,-0.0076555695426874905,-0.0004351773806784034,500
35,shock_x_ind7,-0.0022017960797500293,0.005087045133940523,0.005576882748095513,-0.012794883702831704,0.009192343930872954,-0.011010599620103785,0.007682838328466498,-0.007327088170814534,0.0038516198630298626,500
35,shock_x_ind8,-0.007038779713021694,0.005397789614407662,0.005321386742653789,-0.017687585210261897,0.0026758552324369954,-0.01572737651597069,0.0007533386718973023,-0.012951848130189075,-0.0018117970039951442,500
35,shock_x_ind9,-0.011598239722239312,0.0045796112408178205,0.004668918389382262,-0.020920095070467798,-0.002992638458923849,-0.020146877781975058,-0.004315192597792778,-0.01644394939082173,-0.007168531331333846,500
35,shock_x_ind10,-0.016680601529373916,0.004792635019161237,0.0052701859505694315,-0.027103316373789366,-0.007257533219830013,-0.02514770739943854,-0.00841462254125046,-0.021997697120143416,-0.011245682461565513,500
35,shock_x_ind11,-0.005424656373171061,0.006872718185959478,0.007059399307508833,-0.01966195009565765,0.006860323305421294,-0.017602828174514987,0.005456230384618892,-0.012782790279839053,0.0013508829688301746,500
35,shock_x_ind12,-0.002086171192118829,0.0030497248357284493,0.0033713726984533226,-0.009114681254471473,0.004319591058585718,-0.007539253100649249,0.0033043142980286205,-0.005014412553934019,0.001503093099302818,500
35,shock_x_ind13,-0.004115228037523177,0.00463439548834452,0.0043629964381291875,-0.01212153900187673,0.00504846134651519,-0.01056293208193198,0.0034058460241051004,-0.00791111867103902,0.0006783858416023435,500
35,shock_lag1,0.0014285454961601772,0.0027246161202399205,0.002895177814333237,-0.004202204541866317,0.0065416376937283,-0.0033507344229665235,0.005951266536325602,-0.0014050900390775373,0.004530189780154636,500
35,shock_lag2,-0.003310456379875022,0.0030404521624271402,0.003085554860854811,-0.009310304862781848,0.0029162885559290913,-0.008655719643083504,0.0017509238287011825,-0.0060839523986668574,-0.00020866158062909457,500
35,shock_lag3,-0.0009620734407203349,0.0026891933445890416,0.002782877172535638,-0.006861556976268194,0.004421946065383759,-0.005662457354913293,0.003439138860898234,-0.003692187189093096,0.0017814534917871504,500
35,shock_lag4,-0.0006025125480544535,0.0029281008569993112,0.0031905338263186135,-0.007111439293382206,0.005652412760927265,-0.006117481901112937,0.004705605671135113,-0.003685421891141139,0.002548004265718193,500
35,shock_lag5,0.0012721578454202645,0.0025345811505100993,0.0028454940257748402,-0.004751763189103938,0.006780230672557203,-0.003868657354218962,0.005637910850167281,-0.0013114799767964252,0.004039297405101627,500
35,shock_lag6,-0.00036717871612822574,0.0029632735181953787,0.0031105096077853407,-0.006609851218209532,0.005558305274566107,-0.0058885332004046005,0.004587296170380563,-0.0033874125447711607,0.0023690617388652155,500
35,shock_lag7,-0.0032239951712401027,0.002538496666661529,0.0030158873928328735,-0.008854108499680989,0.002794254811980006,-0.008237979282868211,0.0017780169348039932,-0.0063812238964211536,-0.00040359796507310396,500
35,shock_lag8,-0.0027490526139997656,0.0027302618891939068,0.0027201269212508926,-0.007820826798303553,0.002667249430744781,-0.006956268754048569,0.002034611779541745,-0.005266180311422695,0.00030847957492597685,500
35,shock_lag9,-0.00234773222562363,0.0028459786427646764,0.002835465304343923,-0.007123600508590932,0.004177011467285579,-0.0063546381206607385,0.0028847583307116983,-0.0046450737895468155,0.0007878423959723898,500
35,shock_lag10,0.0009569357099797059,0.002341773733565179,0.0027249397149203347,-0.00415592586122358,0.006711766792977995,-0.003331343706814827,0.005591731745158846,-0.0016654232372382144,0.0035899784718878463,500
35,shock_lag11,0.001075622465672624,0.002708787761767583,0.002786258043437337,-0.004085144735243209,0.006986979303908503,-0.0029266107657478168,0.005991834408899295,-0.0012306306512519728,0.004416396381101963,500
35,shock_lag12,-0.0028713624655262045,0.0027241650029081383,0.0028243108311901627,-0.00845253939079376,0.0027405880258615295,-0.007276909117533658,0.0020494387904681634,-0.005624892984455555,-0.00013648742079447665,500
35,log_oil_lag1,-0.023425223561097757,0.007820945512894336,0.007324851405314833,-0.03805496136894436,-0.009024873218125947,-0.03583699839178407,-0.012227274351594304,-0.03027974468460891,-0.016572211510574607,500
35,ffr_lag1,0.0034943672449880324,0.0017146699665551175,0.0016219026454271119,0.0007056793863213086,0.007058144250340305,0.0011788853715428821,0.006712576877141553,0.0021646901303213105,0.005193085645269391,500
35,cpi_lag1,0.0008313433530094891,0.00026793242245406877,0.00024467257256023564,0.0004181879469158849,0.0014115965775521725,0.0004967354190825082,0.0013225613386346517,0.0006353185053971598,0.0010823653575628845,500
35,indpro_lag1,-0.0006550369697664953,0.000524887584194919,0.00048607634179529687,-0.0017467029547200814,0.00012977182672203674,-0.001544144162524244,-1.4016976662247116e-6,-0.001243869862141451,-0.00026852945535955864,500
35,log_rwage,-0.25624385151463186,0.032880737370858455,0.03275986989706226,-0.30418027289807925,-0.18053138727626114,-0.2970330768663434,-0.1900675007161693,-0.2775056936223288,-0.2114751611812112,500
35,age_mean,0.003681122372596918,0.002029683867082629,0.002066534623746698,-0.0005831093655250348,0.00752335755598285,0.00020282753794261462,0.0068470333047961265,0.0014920698024099093,0.005541037375807425,500
35,female_share,-0.013777264024835477,0.05518260202622048,0.05498042629599765,-0.11752549261866285,0.08797078281413881,-0.10437768222140936,0.07089053944456837,-0.07226384264167257,0.04031900130018985,500
35,married_share,0.004348018977775896,0.050463470070597746,0.05069829121321866,-0.08436050737623096,0.11055413448496876,-0.07523260996391747,0.09411641183225763,-0.045768475062279226,0.05165249796935002,500
35,hours_mean,0.00037876459489398885,0.001844679814101526,0.002014873755028439,-0.003455585844312343,0.004098298891831689,-0.0031262979728829622,0.003486055056496005,-0.001684540959830427,0.0023004166082159,500
35,unemp_rate,-0.23678783410950396,0.06965395551798138,0.07599973192565898,-0.35424094639696874,-0.05015454563678527,-0.3345454709857955,-0.08752279152853444,-0.2916291857983665,-0.15061431294234298,500
36,intercept,1.0217305706041846e-8,0.002703877301028978,0.002269365001551599,-0.0036686539465636174,0.004638364348094819,-0.0032522808842871064,0.003981785823109897,-0.0018403758917055325,0.0027171978169764754,500
36,shock_x_ind1,-0.00983745428537013,0.0073029160020177605,0.0070693983698067306,-0.021480031132449784,0.005108356460162298,-0.01996736338237225,0.0031784560425006767,-0.016011951934751256,-0.0011817184612365078,500
36,shock_x_ind2,-0.008112981567671365,0.010224099126218956,0.01136248086007651,-0.030305645223005488,0.012137450944330079,-0.02666583036892646,0.008708725844531376,-0.02011079278587884,0.0028655855302177364,500
36,shock_x_ind3,-0.003564118003516589,0.005072691030412662,0.00534077932558666,-0.014300730579049577,0.006330389627826226,-0.012315422272291456,0.0051005947404040766,-0.008921707487617718,0.001879386283039838,500
36,shock_x_ind4,-0.0035570493208019424,0.00520977620560163,0.005304438110344079,-0.013600549243482463,0.00812357160808459,-0.011920138754108823,0.005648044325188537,-0.007978634161257875,0.0023637857359443547,500
36,shock_x_ind5,-0.007364533909530329,0.00363176658887652,0.003794865996608348,-0.015274457897627824,-0.00029850613732956756,-0.0135037311214795,-0.0014742671726676452,-0.011159758149601125,-0.0037505727988849684,500
36,shock_x_ind6,-0.0001236591886018005,0.004134164772847592,0.004451786533882101,-0.008195816671984078,0.008520781909754051,-0.007252938255969664,0.007417330668857839,-0.004168500968821101,0.004653183192869126,500
36,shock_x_ind7,0.007221304205125317,0.005266738917812899,0.005568873255980281,-0.004304424625230114,0.016854947673673886,-0.0018991139188573012,0.015311672149653758,0.0017563263413116243,0.01270567491482934,500
36,shock_x_ind8,-0.010059929457825679,0.005131014565569502,0.005175925395236017,-0.020414884591418596,-0.0007952091531859863,-0.018930202058806963,-0.0019618508172593654,-0.015750585758671838,-0.005025877586068513,500
36,shock_x_ind9,-0.002890455135272686,0.0049927951111280585,0.005239894328138721,-0.014299412284435539,0.006549017313037776,-0.011671679755778933,0.005436226379693416,-0.008213592820201216,0.0023640155381322247,500
36,shock_x_ind10,-0.01399217445323962,0.006161475897650114,0.006151208106265802,-0.026323871615093752,-0.0021971554356701624,-0.02404173985487585,-0.004272026016152389,-0.01980629397003544,-0.007465694840137197,500
36,shock_x_ind11,-0.0012733340447660772,0.005906803752448235,0.006424597235173966,-0.013646889686441229,0.010424614410410198,-0.012231175581339685,0.009015967911755095,-0.008054618088245771,0.004724826452724935,500
36,shock_x_ind12,-0.006049559308130809,0.002829350864452344,0.0033113085766962817,-0.013741055437926888,-0.00024044258395733447,-0.011884569113164718,-0.0009556858301031899,-0.009422041756805244,-0.0028408994736942206,500
36,shock_x_ind13,0.0025103204193624414,0.0036146173082155573,0.0038769694162937743,-0.004682126713451776,0.010064259768895857,-0.003670896436987539,0.009007575530294885,-0.0010828381184294653,0.0063270128062031545,500
36,shock_lag1,-0.0019752033256080683,0.002753125617688559,0.002973606824349533,-0.007864031068602928,0.003734076115225425,-0.006672812716850667,0.0029199920324289104,-0.0047032166849074065,0.0012476743867077637,500
36,shock_lag2,-0.001604020196406359,0.0030556337902767736,0.0030917629315139116,-0.007325947608081546,0.004472873447544795,-0.006134770327150504,0.0036138073369829165,-0.0043086238862920885,0.0019664929635799374,500
36,shock_lag3,-0.0006443608786929563,0.002417277981738608,0.0024780601259633407,-0.005538749008453891,0.003948414440357034,-0.005072908255800963,0.003301611631483952,-0.002920066746699462,0.001817885321592444,500
36,shock_lag4,0.0009895065802997096,0.0031071832327570132,0.003164145743534023,-0.004831994230233358,0.006967028681263154,-0.004197154576288623,0.0062081835180320954,-0.00214744707208815,0.003989759543347408,500
36,shock_lag5,0.0010297305561051706,0.002671546891620829,0.002787123091298466,-0.004465671961307462,0.0065077466350485485,-0.003866556010878031,0.005537444496325712,-0.0017066105624577838,0.0037050983601790086,500
36,shock_lag6,-0.002484648129637946,0.0025962865188603654,0.0028987065701882573,-0.007659357477904384,0.0032846716074479095,-0.007010589423613158,0.002411499477955223,-0.005309215812286626,0.0005176142250062274,500
36,shock_lag7,-0.0022315535710065054,0.003048655035929437,0.0031102611904427263,-0.008296727389198233,0.003757876098423033,-0.007631300448968218,0.0026955095867974834,-0.005467740480179901,0.0007390918428132581,500
36,shock_lag8,-0.0033738272664697484,0.0027154064452986544,0.0026637899295402583,-0.008407871474680358,0.0023376887593332027,-0.007142978298919392,0.0013139569137824072,-0.005798243612678726,-0.0004280801206354137,500
36,shock_lag9,-0.0006305731622462884,0.002885458494939838,0.0031457266655347737,-0.006820968314887868,0.0055496035840922955,-0.00573924953130371,0.004581692823425085,-0.003597669343482701,0.002705846463398319,500
36,shock_lag10,0.0019312561835532133,0.0022718005878356036,0.002586203897063172,-0.0033915910925625807,0.0071205622140219655,-0.0021730715614197206,0.006101806101298526,-0.0005109015149515032,0.004463737441265879,500
36,shock_lag11,-8.751254875140761e-5,0.002773867504368573,0.002822410590729987,-0.005718325806431961,0.005311193481684975,-0.004546413201507304,0.004509063130639262,-0.0025953736830796425,0.0029205732507959713,500
36,shock_lag12,-0.0007376463821003879,0.0023681451285293607,0.0024983979712098294,-0.0055201727635955,0.004275107487472587,-0.0049628714433350134,0.0036439336207653348,-0.003067076709972038,0.001957755724693203,500
36,log_oil_lag1,-0.024036059374677985,0.008114961116022668,0.007504697077188748,-0.038278193852091774,-0.010215108856392284,-0.03647697263388471,-0.01192379610209501,-0.031839855932772235,-0.01627641321032844,500
36,ffr_lag1,0.0030178417142645454,0.0018303594012803327,0.0015096692763198886,0.00016506457452825942,0.006012745948520284,0.0007317832246815524,0.005584237862851946,0.0016792928849018677,0.004673702189259284,500
36,cpi_lag1,0.0010116905481749978,0.00027218893677451205,0.0002273281025528505,0.0006294039279169474,0.0015048321959153918,0.0006761091145459394,0.0014095826780968746,0.0008044376412917394,0.001269898690450091,500
36,indpro_lag1,-0.0006835872528182202,0.0005479226986721645,0.0005173807361983236,-0.0018731285646932901,0.00016622232270828687,-0.001674573279032872,2.668183472886971e-5,-0.0012531487618122697,-0.00025986878802335215,500
36,log_rwage,-0.25105226334149444,0.03494506791415029,0.034667585076874716,-0.30463850723725244,-0.17063812040115883,-0.2945836562943961,-0.18039251237118537,-0.271980759297765,-0.20470650539758878,500
36,age_mean,-0.0004336409524087858,0.001993121360418099,0.0020077391182282754,-0.0043386492329653414,0.0033934446572880064,-0.0038314815384998405,0.0026723075401608692,-0.0025851117071115487,0.0015584462758571824,500
36,female_share,0.0043552788600197895,0.05990910887746809,0.05926862390293905,-0.10166570441061207,0.12949336421529645,-0.0867789494698167,0.09959662547794305,-0.05141072783121291,0.06523609407460115,500
36,married_share,0.11459483203276286,0.047994877829422376,0.05187006053679753,0.016763129326941302,0.2212798267337383,0.0315627425471514,0.2050516295112289,0.06080051649239781,0.16446452713429197,500
36,hours_mean,0.000276048100849965,0.0018906091818086247,0.001999710386584032,-0.003536327482480647,0.004386499333028987,-0.0027661802391748635,0.0036791413353315402,-0.0014547753293034508,0.0022620526073378056,500
36,unemp_rate,-0.2614069148785747,0.08706992233836079,0.08765573373235797,-0.4022489463134763,-0.06695685599874752,-0.3771173140757788,-0.08832234970205945,-0.3241820163699539,-0.1470752888240069,500
