outcome,industry,occupation,n_obs,n_horizons,cum_irf,abs_cum_irf,peak_abs,peak_horizon,peak_share,mean_abs_beta,median_abs_beta,sign_switch_count,sig_count90,sig_share90,consecutive_sig90_max,sig_count68,sig_share68,mean_ci_width90,max_ci_width90,candidate_score,score_cutoff,candidate_type,robust_candidate
by_occupation,hours,Farming/forestry/construction,,148,NaN,NaN,NaN,0,NaN,NaN,NaN,60,46,0.3108108108108108,5,74,0.5,NaN,NaN,0.9680555555555554,0.7229166666666667,Strong Net Effect,false
by_occupation,inequality,Farming/forestry/construction,,148,NaN,NaN,NaN,0,NaN,NaN,NaN,97,33,0.22297297297297297,3,62,0.4189189189189189,NaN,NaN,0.9576388888888889,0.7229166666666667,Strong Net Effect,false
by_occupation,income,Farming/forestry/construction,,148,NaN,NaN,NaN,0,NaN,NaN,NaN,76,36,0.24324324324324326,4,62,0.4189189189189189,NaN,NaN,0.9444444444444442,0.7229166666666667,Strong Net Effect,false
by_occupation,median,Farming/forestry/construction,,148,NaN,NaN,NaN,0,NaN,NaN,NaN,78,27,0.18243243243243243,3,64,0.43243243243243246,NaN,NaN,0.9381944444444443,0.7229166666666667,Strong Net Effect,false
by_occupation,income share var,Farming/forestry/construction,,148,NaN,NaN,NaN,0,NaN,NaN,NaN,77,14,0.0945945945945946,2,48,0.32432432432432434,NaN,NaN,0.8875,0.7229166666666667,Strong Net Effect,false
by_occupation,hourly rate,Farming/forestry/construction,,148,NaN,NaN,NaN,0,NaN,NaN,NaN,88,22,0.14864864864864866,2,45,0.30405405405405406,NaN,NaN,0.8708333333333332,0.7229166666666667,Strong Net Effect,false
by_occupation,hourly rate,High tech,,132,3.307823403372193,5.757404214537599,2.418189216898748,2,0.4200137990646472,0.04361669859498182,0.005866862273729916,55,43,0.32575757575757575,6,68,0.5151515151515151,0.11758913730187483,6.284918087449506,0.8583333333333334,0.7229166666666667,Strong Net Effect,true
by_occupation,median,High tech,,132,3.737527400083263,6.088930655845332,2.0494819965275424,2,0.33659144969241084,0.04612826254428278,0.00638098868655995,61,38,0.2878787878787879,6,65,0.49242424242424243,0.12169782007046355,8.161854642601833,0.8416666666666666,0.7229166666666667,Strong Net Effect,true
by_occupation,income,High tech,,132,3.069390479253437,5.699335906313161,2.6906298532036526,2,0.4720953278474495,0.04317678716903912,0.0068317303421512095,59,41,0.3106060606060606,6,68,0.5151515151515151,0.18156513870860708,8.749348069305706,0.8409722222222222,0.7229166666666667,Strong Net Effect,true
by_occupation,inequality,High tech,,132,3.0835090874231206,7.976216834099768,3.2506878055607875,2,0.4075475721351393,0.06042588510681641,0.007587772046224302,53,31,0.23484848484848486,6,57,0.4318181818181818,0.18679332086752148,5.61520843076163,0.8194444444444444,0.7229166666666667,Strong Net Effect,true
by_occupation,employment,Sales,,148,-0.6806010346789491,1.050447936090316,0.03615137550252535,5,0.034415199707162926,0.007097621189799434,0.006240849740639853,30,66,0.44594594594594594,34,87,0.5878378378378378,0.01973401971581698,0.055537649918286774,0.7736111111111111,0.7229166666666667,Strong Net Effect,true
by_occupation,employment,Farming/forestry/construction,,148,-1.4200648134071594,3.071101016238711,0.14356302512728217,16,0.0467464353559783,0.020750682542153457,0.008527327896202912,21,28,0.1891891891891892,4,66,0.44594594594594594,0.07806334716859398,0.5371040307524629,0.7555555555555556,0.7229166666666667,Strong Net Effect,true
by_occupation,income,Sales,,148,-0.5014558559280908,1.3420924721729475,0.03884737320360259,21,0.028945377467698485,0.009068192379546942,0.006853272259054623,41,51,0.34459459459459457,10,81,0.5472972972972973,0.023746963765291274,0.0690503204740632,0.7555555555555556,0.7229166666666667,Strong Net Effect,true
by_occupation,hourly rate,Service,,148,0.46525972969184576,1.614875123712839,0.05868107539645266,24,0.036337840948058024,0.010911318403465129,0.0037613997235377197,69,40,0.2702702702702703,4,69,0.46621621621621623,0.033388196157413355,0.10285672648053903,0.7340277777777777,0.7229166666666667,Strong Net Effect,true
by_occupation,inequality,Service,,148,0.5975743070536083,2.433325241616634,0.08507098176896002,23,0.0349607936966294,0.01644138676767996,0.007785111066588428,63,28,0.1891891891891892,3,69,0.46621621621621623,0.055650390074533866,0.17245503780322408,0.7243055555555555,0.7229166666666667,Strong Net Effect,true
by_occupation,median,Sales,,148,-0.41619519715490705,1.3662782320183045,0.06200637008910059,2,0.04538341359468419,0.009231609675799356,0.005599018605087311,58,42,0.28378378378378377,6,70,0.47297297297297297,0.02818823524360353,0.08897887062092665,0.7173611111111111,0.7229166666666667,Other,false
by_occupation,employment,Machine operators/transport,,148,-0.7243007351987127,0.8561240562284238,0.014524850970424252,32,0.01696582506326496,0.005784622001543403,0.005655580220665838,18,55,0.3716216216216216,6,97,0.6554054054054054,0.014608496301569693,0.02049856436407733,0.7069444444444445,0.7229166666666667,Persistent Significant Response,false
by_occupation,income,Precision production/repair,,148,-0.6699801923015769,0.814631345994371,0.019304756131670986,27,0.023697536593201975,0.00550426585131332,0.004604624699278109,36,52,0.35135135135135137,9,96,0.6486486486486487,0.012322576277361226,0.01984156060610441,0.7034722222222223,0.7229166666666667,Persistent Significant Response,false
by_occupation,employment,High tech,,148,-0.4544226364346592,3.3531949242093844,0.23531726119162724,12,0.0701770301191513,0.022656722460874208,0.004782294668404139,34,20,0.13513513513513514,3,49,0.3310810810810811,0.15185979550182935,0.8036720814306969,0.6930555555555555,0.7229166666666667,Strong Dynamic Movement,false
by_occupation,median,Service,,148,0.33680230784638776,2.050142836622339,0.06558917182236082,7,0.03199248884064127,0.01385231646366445,0.0058032644165518996,67,33,0.22297297297297297,3,68,0.4594594594594595,0.04883022932462523,0.17655070923599958,0.6909722222222222,0.7229166666666667,Strong Dynamic Movement,false
by_occupation,hours,High tech,,132,-0.2342101588098599,1.843077223671701,0.24876946351253929,16,0.1349750625299092,0.013962706239937131,0.0030698829407005907,64,46,0.3484848484848485,7,71,0.5378787878787878,0.0788270905409521,3.512829319939843,0.6861111111111111,0.7229166666666667,Sharp Peak Response,false
by_occupation,employment,Managerial,,148,-0.7043792258293252,0.7839897859489311,0.014031235313617762,33,0.017897216985594443,0.0052972282834387275,0.0054121047273042,16,51,0.34459459459459457,9,96,0.6486486486486487,0.01368816094405945,0.01899049443907011,0.6763888888888889,0.7229166666666667,Persistent Significant Response,false
by_occupation,hours,Service,,148,-0.32565983902376083,1.0378444368877693,0.04114424878661311,34,0.03964394597517352,0.007012462411403848,0.00399942698755818,45,43,0.2905405405405405,5,77,0.5202702702702703,0.027331055625922314,0.1865877495962193,0.6645833333333333,0.7229166666666667,Other,false
by_occupation,median,Precision production/repair,,148,-0.4625570589530571,0.7638972593471988,0.019772635744680744,21,0.025883894074417525,0.005161467968562154,0.004496982779300633,58,48,0.32432432432432434,4,80,0.5405405405405406,0.013728457423636292,0.02241042184028276,0.6611111111111112,0.7229166666666667,Other,false
by_occupation,unemployment,Farming/forestry/construction,,148,0.2523824185539786,0.7523992931492436,0.0316264344337054,13,0.04203410970965928,0.005083779007765158,0.003774683780640864,26,46,0.3108108108108108,7,86,0.581081081081081,0.01924887113622876,0.0878020802036738,0.5958333333333332,0.7229166666666667,Other,false
by_occupation,income,Service,,148,0.1320192931808974,1.8749518654096045,0.06410951790861436,3,0.034192620670082594,0.012668593685200034,0.0073872945075626004,57,39,0.2635135135135135,8,78,0.527027027027027,0.043644969842911635,0.21425909992187653,0.5951388888888889,0.7229166666666667,Strong Dynamic Movement,false
by_occupation,hourly rate,Precision production/repair,,148,-0.41704400544947595,0.63058675165265,0.012882884890816428,0,0.020429996121949588,0.004260721294950339,0.0036280424679570196,52,51,0.34459459459459457,4,82,0.5540540540540541,0.010685538074176094,0.018510049310630335,0.5826388888888889,0.7229166666666667,Persistent Significant Response,false
by_occupation,hours,Sales,,148,-0.3017737240786734,0.5905325153806499,0.020479401269056063,21,0.0346795489421193,0.003990084563382767,0.0030713036584914836,47,53,0.3581081081081081,6,88,0.5945945945945946,0.010439068939200585,0.026067712554859103,0.5819444444444445,0.7229166666666667,Persistent Significant Response,false
by_occupation,unemployment,Service,,148,0.47308302937457936,0.527472693561468,0.011469103943764837,21,0.02174350271352636,0.0035640046862261366,0.002752552149963783,22,78,0.527027027027027,15,107,0.722972972972973,0.008886183752745046,0.028263548920991564,0.575,0.7229166666666667,Persistent Significant Response,false
by_occupation,employment,Precision production/repair,,148,-0.3266781334152953,0.7338904557546923,0.01721591347721528,25,0.023458423995324194,0.00495871929563981,0.003983140064563391,38,40,0.2702702702702703,10,69,0.46621621621621623,0.014441662213165757,0.021951971234898643,0.5694444444444444,0.7229166666666667,Other,false
by_occupation,hourly rate,Sales,,148,-0.17266356518258283,1.0317840129735774,0.04387080704793016,2,0.04251937081433887,0.0069715136011728185,0.005195450080412185,45,39,0.2635135135135135,3,81,0.5472972972972973,0.019952755746231215,0.071883626610884,0.5659722222222222,0.7229166666666667,Other,false
by_occupation,employment,Professional specialty,,148,-0.39147878961576993,0.7632986920915686,0.02323499875275343,31,0.030440244420025884,0.005157423595213303,0.004126114904375384,34,30,0.20270270270270271,7,74,0.5,0.015631293056702834,0.02723178591207988,0.5659722222222221,0.7229166666666667,Other,false
by_occupation,inequality,Precision production/repair,,148,-0.23389008229884972,0.838340582446896,0.02096678858917072,11,0.025009869530560204,0.005664463394911458,0.0047424254963814244,68,37,0.25,3,72,0.4864864864864865,0.016652641866746833,0.0311147966450812,0.5493055555555555,0.7229166666666667,Other,false
by_occupation,inequality,Sales,,148,-0.1408854701346676,1.6180608489071995,0.04686821234957308,33,0.02896566737970749,0.0109328435736973,0.007072850799119138,73,30,0.20270270270270271,3,64,0.43243243243243246,0.03676356572759479,0.12124812520410996,0.5395833333333333,0.7229166666666667,Other,false
by_occupation,unemployment,Sales,,148,0.4008819776232693,0.42896134351527154,0.009079413530753798,25,0.02116604134150974,0.0028983874561842667,0.002477205547825838,8,99,0.668918918918919,16,123,0.831081081081081,0.004936985418014791,0.010323773145255524,0.5208333333333334,0.7229166666666667,Persistent Significant Response,false
by_occupation,income,Professional specialty,,148,-0.3017232058330858,0.6788366895387316,0.023468973005411013,10,0.03457234025072826,0.00458673438877521,0.003568962001476261,61,26,0.17567567567567569,3,61,0.41216216216216217,0.01566281901878864,0.03444504305268218,0.5104166666666666,0.7229166666666667,Other,false
by_occupation,income,Machine operators/transport,,148,-0.24676333971334927,0.6031966363977262,0.016697909195335845,32,0.02768236456863437,0.004075652948633286,0.003367596077360497,57,40,0.2702702702702703,3,72,0.4864864864864865,0.011700222442735895,0.021338530903837048,0.5027777777777778,0.7229166666666667,Other,false
by_occupation,unemployment,Machine operators/transport,,148,0.38944026233442613,0.41710999219027073,0.007304713674829724,21,0.017512679656682916,0.0028183107580423707,0.0026985812353628796,8,79,0.5337837837837838,8,115,0.777027027027027,0.005518366162405043,0.009728633896738479,0.4951388888888889,0.7229166666666667,Persistent Significant Response,false
by_occupation,employment,Service,,148,-0.0854053515028932,1.1907727801497638,0.03494540165986226,2,0.0293468260632118,0.008045762028038944,0.005378480257521736,32,31,0.20945945945945946,4,75,0.5067567567567568,0.028129108967735638,0.0742558035336037,0.49027777777777776,0.7229166666666667,Other,false
by_occupation,inequality,Professional specialty,,148,-0.05492733067019474,1.0263997258756719,0.0266408162793196,18,0.025955595668725472,0.0069351332829437305,0.005275729011614329,65,33,0.22297297297297297,3,73,0.49324324324324326,0.021962564056695198,0.0593597316950706,0.45625,0.7229166666666667,Other,false
by_occupation,unemployment,High tech,,148,0.19315533912525687,0.402317279693406,0.015333073804903634,34,0.03811189471301981,0.002718359997928417,0.0018366521890296056,31,54,0.36486486486486486,10,84,0.5675675675675675,0.00915346630811556,0.07059359585193288,0.44791666666666663,0.7229166666666667,Persistent Significant Response,false
by_occupation,unemployment,Administrative support,,148,0.28790296824091,0.2977922704495047,0.004352494518187945,29,0.01461587472239639,0.002012109935469626,0.001951469689782891,8,102,0.6891891891891891,20,120,0.8108108108108109,0.003539756637102556,0.0059891368796378425,0.43125,0.7229166666666667,Persistent Significant Response,false
by_occupation,unemployment,Precision production/repair,,148,0.28452242123691324,0.3057496540565536,0.004553599827160645,16,0.01489322969542389,0.0020658760409226597,0.0019131771485879283,8,88,0.5945945945945946,19,125,0.8445945945945946,0.003742240790753114,0.005958772858745964,0.43124999999999997,0.7229166666666667,Persistent Significant Response,false
by_occupation,median,Professional specialty,,148,-0.15829945935529274,0.7342999765402826,0.030398670657734075,16,0.041398163732702296,0.004961486327974883,0.0031096797593615933,65,19,0.12837837837837837,2,61,0.41216216216216217,0.0177495429539817,0.04098383815521264,0.4208333333333333,0.7229166666666667,Other,false
by_occupation,median,Machine operators/transport,,148,-0.1952108860068072,0.5721280854665686,0.012819027579196195,16,0.022405870127389954,0.0038657303072065457,0.0032180946268706954,57,36,0.24324324324324326,3,67,0.4527027027027027,0.012204517710569985,0.022342243418606966,0.4208333333333333,0.7229166666666667,Other,false
by_occupation,hours,Machine operators/transport,,148,-0.24817577573986024,0.34524578445574,0.010197593132969012,25,0.029537198112483624,0.0023327417868631087,0.0018679483674068765,44,48,0.32432432432432434,5,86,0.581081081081081,0.006012752876533891,0.011400328675487306,0.4159722222222222,0.7229166666666667,Other,false
by_occupation,inequality,Machine operators/transport,,148,-0.05662909214206458,0.7676571087093459,0.017233872842590495,17,0.02244996189974145,0.0051868723561442264,0.004079822760108287,69,31,0.20945945945945946,3,67,0.4527027027027027,0.015736505723271284,0.02592542942803719,0.4076388888888889,0.7229166666666667,Other,false
by_occupation,hours,Professional specialty,,148,-0.19014602452988225,0.3534746478063819,0.008993030244244863,30,0.02544179702859724,0.002388342214907984,0.0020711965429505872,63,53,0.3581081081081081,6,86,0.581081081081081,0.006158212617407981,0.015838771480705307,0.38819444444444445,0.7229166666666667,Persistent Significant Response,false
by_occupation,hours,Precision production/repair,,148,-0.24504978761335405,0.30536180744195407,0.007044721217687402,33,0.02307007964323281,0.002063255455688879,0.0016088494332736646,52,48,0.32432432432432434,6,85,0.5743243243243243,0.005067037266762014,0.009453846600645053,0.38402777777777775,0.7229166666666667,Other,false
by_occupation,unemployment,Managerial,,148,0.20332566853520245,0.22173695389811773,0.0032386973967106526,23,0.014606033589686401,0.0014982226614737688,0.0014914738780793329,13,96,0.6486486486486487,24,122,0.8243243243243243,0.0025338138430170583,0.004098870700459915,0.37430555555555556,0.7229166666666667,Persistent Significant Response,false
by_occupation,inequality,Managerial,,148,-0.12097394300930311,0.6517231994809282,0.015841529318993675,20,0.024307143479947974,0.004403535131627889,0.003576001368349105,73,26,0.17567567567567569,2,62,0.4189189189189189,0.01602536362735176,0.028698910298651795,0.3715277777777778,0.7229166666666667,Other,false
by_occupation,inequality,Administrative support,,148,-0.04099895522695767,0.6780706840085969,0.016165302743728464,22,0.023840143992309083,0.004581558675733763,0.003981711049125942,75,35,0.23648648648648649,2,75,0.5067567567567568,0.013693755594233905,0.025810193151458223,0.3673611111111111,0.7229166666666667,Other,false
by_occupation,median,Managerial,,148,0.0708178242639291,0.6242426608339025,0.01494426926551949,31,0.023939839750067703,0.0042178558164452885,0.0032558053671205003,70,31,0.20945945945945946,2,66,0.44594594594594594,0.01314812017296308,0.024620605226242032,0.35138888888888886,0.7229166666666667,Other,false
by_occupation,hourly rate,Professional specialty,,148,-0.1174070171448527,0.5566883496545427,0.017659346053047222,16,0.031722140519028046,0.0037614077679360993,0.0029221590783074253,69,20,0.13513513513513514,3,60,0.40540540540540543,0.01393946596434134,0.03293787289106982,0.34375,0.7229166666666667,Other,false
by_occupation,employment,Administrative support,,148,-0.19011466350738435,0.5272078858298552,0.013501017795106728,30,0.025608527789479776,0.0035622154447963175,0.002842540731894957,26,21,0.14189189189189189,5,59,0.39864864864864863,0.013863367103133245,0.021630201896772935,0.34097222222222223,0.7229166666666667,Other,false
by_occupation,unemployment,Professional specialty,,148,0.15985632886307855,0.19971326642610557,0.003908571836537898,27,0.019570917378110585,0.001349413962338551,0.0012359948280367896,35,69,0.46621621621621623,14,97,0.6554054054054054,0.0028787933231128986,0.0055707996957934745,0.32638888888888884,0.7229166666666667,Persistent Significant Response,false
by_occupation,hours,Administrative support,,148,-0.18893367004286646,0.27708141060316643,0.006570583130297046,33,0.02371354727837508,0.0018721716932646377,0.0015860860440310093,56,39,0.2635135135135135,8,76,0.5135135135135135,0.005349481161157753,0.008320489329656356,0.30277777777777776,0.7229166666666667,Other,false
by_occupation,hourly rate,Managerial,,148,0.05094868974529207,0.504248805568558,0.016122106577604677,23,0.03197252308694404,0.00340708652411188,0.0025972928447445262,65,29,0.19594594594594594,3,69,0.46621621621621623,0.010103584572099438,0.017902400907923804,0.29236111111111107,0.7229166666666667,Other,false
by_occupation,income,Managerial,,148,-0.015759283525792336,0.5480101559125329,0.013911404339876227,23,0.025385303884945896,0.00370277132373333,0.0028565991840635153,69,33,0.22297297297297297,3,64,0.43243243243243246,0.010870509688031823,0.02083716715325844,0.28402777777777777,0.7229166666666667,Other,false
by_occupation,median,Administrative support,,148,0.02280738215097382,0.49106111781816536,0.012471808327734675,28,0.025397670219031374,0.003317980525798416,0.002622122217865984,66,31,0.20945945945945946,3,58,0.3918918918918919,0.011082535957593054,0.018742777616633358,0.25069444444444444,0.7229166666666667,Other,false
by_occupation,income,Administrative support,,148,-0.09134952885048597,0.45005811591046824,0.011989716495975473,22,0.0266403739253102,0.0030409332156112723,0.0028943464475178074,70,15,0.10135135135135136,2,61,0.41216216216216217,0.011212698498080622,0.016911861555818808,0.24930555555555559,0.7229166666666667,Other,false
by_occupation,income share var,Professional specialty,,148,0.05305852606076737,0.07268918940812265,0.002891517473758994,7,0.039779195466387765,0.0004911431716765044,0.0002263662943746501,55,60,0.40540540540540543,5,92,0.6216216216216216,0.0009220956950763422,0.0029720889489249468,0.24930555555555556,0.7229166666666667,Persistent Significant Response,false
by_occupation,hourly rate,Administrative support,,148,0.10979004342529626,0.3637381612501356,0.01122587787991465,24,0.030862524408580914,0.0024576902787171325,0.0019600062972223347,68,21,0.14189189189189189,2,56,0.3783783783783784,0.008995913021320814,0.013485508053810387,0.24166666666666667,0.7229166666666667,Other,false
by_occupation,hourly rate,Machine operators/transport,,148,0.002015919220985908,0.4672831795960746,0.011499688069607661,32,0.024609676897739255,0.0031573187810545597,0.0023837618702647807,64,35,0.23648648648648649,5,71,0.4797297297297297,0.009359684011455063,0.017373440479240734,0.23055555555555557,0.7229166666666667,Other,false
by_occupation,hours,Managerial,,148,-0.0829597642884774,0.20481474575212555,0.007151473563500476,7,0.0349167904744293,0.001383883417244092,0.0010724774630582333,60,32,0.21621621621621623,4,68,0.4594594594594595,0.004412589228607841,0.008045469932185108,0.2152777777777778,0.7229166666666667,Other,false
by_occupation,income share var,High tech,,132,0.025983813752394513,0.04835439293081707,0.012189319566196684,2,0.2520829820702438,0.000366321158566796,0.00014136011956707623,53,35,0.26515151515151514,5,67,0.5075757575757576,0.0005844353354945821,0.0066104356902341455,0.20347222222222222,0.7229166666666667,Other,false
by_occupation,income share var,Sales,,148,-0.029517001544304006,0.03848117796114261,0.0009577266393610814,6,0.02488818404488998,0.0002600079591969096,0.00018134738214346075,40,47,0.31756756756756754,8,89,0.6013513513513513,0.0005877261785987278,0.0009904421435358753,0.19583333333333333,0.7229166666666667,Other,false
by_occupation,income share var,Administrative support,,148,0.008161756944049846,0.026631633016361095,0.0006107692588373017,0,0.022933976991274876,0.00017994346632676413,0.00014597260130834195,50,45,0.30405405405405406,7,72,0.4864864864864865,0.0005352403855395307,0.0011701347234762327,0.14444444444444443,0.7229166666666667,Other,false
by_occupation,income share var,Machine operators/transport,,148,-0.009399862739880246,0.026128920473047608,0.000721854102565919,6,0.02762663322851485,0.00017654675995302436,0.00015480768506931006,51,39,0.2635135135135135,7,71,0.4797297297297297,0.0005399800944953493,0.0012465821013244453,0.13125,0.7229166666666667,Other,false
by_occupation,income share var,Managerial,,148,-0.02372859618844684,0.03748901167742479,0.001126206153014255,2,0.0300409667425945,0.0002533041329555731,0.0001835046750556384,59,22,0.14864864864864866,4,70,0.47297297297297297,0.000875116144579734,0.0022695543676060055,0.09722222222222221,0.7229166666666667,Other,false
by_occupation,income share var,Precision production/repair,,148,-0.0037819822948171175,0.018144244660887394,0.00043448385834525543,28,0.02394609786550386,0.00012259624770869862,9.886791081284088e-5,57,25,0.16891891891891891,2,64,0.43243243243243246,0.0004166901908803563,0.0007926908290689524,0.044444444444444446,0.7229166666666667,Other,false
by_occupation,income share var,Service,,148,0.00031628780219845377,0.020239278175996214,0.0005404465701271502,35,0.026702857949159466,0.00013675187956754204,0.00010844068278194022,62,20,0.13513513513513514,2,46,0.3108108108108108,0.000561343783833138,0.0012554993423454096,0.03125,0.7229166666666667,Other,false
employment,Trade,Farming/forestry/construction,,37,-1.7331477223553704,2.2318645145174294,0.14356302512728217,16,0.06432425633073124,0.06032066255452512,0.0598141457246392,6,8,0.21621621621621623,4,15,0.40540540540540543,0.23988583824569945,0.5371040307524629,0.9216666666666666,0.7908333333333334,Strong Net Effect,true
employment,Trade,Farming forestry construction,,37,-1.7331477223553704,2.2318645145174294,0.14356302512728217,16,0.06432425633073124,0.06032066255452512,0.0598141457246392,6,8,0.21621621621621623,4,15,0.40540540540540543,0.23988583824569945,0.5371040307524629,0.9216666666666666,0.7908333333333334,Strong Net Effect,true
employment,Services,Sales,,74,-0.8015709618591513,0.8015709618591513,0.016686316865939566,25,0.020817017656474954,0.010832040025123666,0.010419375179797265,0,72,0.972972972972973,36,74,1.0,0.0121720560988357,0.015633879887109035,0.9008333333333333,0.7908333333333334,Strong Net Effect,true
employment,Trade,Professional specialty,,74,-0.3215757717572136,0.5555516482531605,0.02323499875275343,31,0.0418232919042037,0.007507454706123791,0.006217172030020448,23,24,0.32432432432432434,7,40,0.5405405405405406,0.019646650409997978,0.02723178591207988,0.8825,0.7908333333333334,Strong Net Effect,true
employment,Trade,High tech,,74,-0.9818412523281052,5.384577269110252,0.23531726119162724,12,0.04370208642776355,0.07276455769067906,0.08779585469035683,12,4,0.05405405405405406,2,18,0.24324324324324326,0.5418712126306777,0.8036720814306969,0.8733333333333334,0.7908333333333334,Strong Net Effect,false
employment,Energy_intensive,Farming/forestry/construction,,37,0.3917906527786307,0.4082439072924283,0.02653119584716135,26,0.06498858984356341,0.011033619116011577,0.009644723221609823,5,15,0.40540540540540543,4,25,0.6756756756756757,0.02450466023477937,0.030311065691074383,0.8541666666666666,0.7908333333333334,Strong Net Effect,true
employment,Energy intensive,Farming forestry construction,,37,0.3917906527786307,0.4082439072924283,0.02653119584716135,26,0.06498858984356341,0.011033619116011577,0.009644723221609823,5,15,0.40540540540540543,4,25,0.6756756756756757,0.02450466023477937,0.030311065691074383,0.8541666666666666,0.7908333333333334,Strong Net Effect,true
employment,Energy_intensive,Service,,37,-0.23100165943821047,0.4846583886678874,0.031095372502725278,7,0.0641593609639003,0.013098875369402362,0.013060001653348285,5,9,0.24324324324324326,2,22,0.5945945945945946,0.04197812588675214,0.06269969135046013,0.7983333333333332,0.7908333333333334,Strong Net Effect,true
employment,Energy intensive,Service,,37,-0.23100165943821047,0.4846583886678874,0.031095372502725278,7,0.0641593609639003,0.013098875369402362,0.013060001653348285,5,9,0.24324324324324326,2,22,0.5945945945945946,0.04197812588675214,0.06269969135046013,0.7983333333333332,0.7908333333333334,Strong Net Effect,true
employment,Manufacturing_Construction,Precision production/repair,,37,-0.3011421405384051,0.3011421405384051,0.01721591347721528,25,0.05716872918029787,0.008138976771308246,0.007980835181747706,0,22,0.5945945945945946,10,30,0.8108108108108109,0.013191208085100043,0.01808552043869527,0.7925000000000001,0.7908333333333334,Strong Net Effect,true
employment,Manufacturing Construction,Precision production repair,,37,-0.3011421405384051,0.3011421405384051,0.01721591347721528,25,0.05716872918029787,0.008138976771308246,0.007980835181747706,0,22,0.5945945945945946,10,30,0.8108108108108109,0.013191208085100043,0.01808552043869527,0.7925000000000001,0.7908333333333334,Strong Net Effect,true
employment,Manufacturing_Construction,Service,,37,0.31379593098634223,0.4360815307319441,0.03494540165986226,2,0.080135018791573,0.011785987317079572,0.00998204548872354,8,5,0.13513513513513514,2,14,0.3783783783783784,0.04684642387069675,0.0742558035336037,0.7908333333333334,0.7908333333333334,Strong Net Effect,true
employment,Manufacturing Construction,Service,,37,0.31379593098634223,0.4360815307319441,0.03494540165986226,2,0.080135018791573,0.011785987317079572,0.00998204548872354,8,5,0.13513513513513514,2,14,0.3783783783783784,0.04684642387069675,0.0742558035336037,0.7908333333333334,0.7908333333333334,Strong Net Effect,true
employment,Services,Managerial,,74,-0.4425803354017398,0.4425803354017398,0.009571905320578195,28,0.021627498004152326,0.005980815343266754,0.006201642016495807,0,46,0.6216216216216216,9,68,0.918918918918919,0.011322228937876492,0.015192124911352918,0.7724999999999999,0.7908333333333334,Persistent Significant Response,false
employment,Trade,Sales,,74,-0.3532186333480011,0.3536069813102071,0.01250182563475589,24,0.03535514369211074,0.004778472720408205,0.005028149009188459,4,42,0.5675675675675675,6,52,0.7027027027027027,0.009776240522584544,0.015505881978872135,0.7475,0.7908333333333334,Persistent Significant Response,false
employment,Manufacturing_Construction,Machine operators/transport,,37,-0.2507827340804375,0.25223710612044464,0.014524850970424252,32,0.057584116761506744,0.006817219084336342,0.007225205692957945,2,16,0.43243243243243246,6,25,0.6756756756756757,0.014533365539704376,0.01961137938052092,0.7008333333333333,0.7908333333333334,Persistent Significant Response,false
employment,Manufacturing Construction,Machine operators transport,,37,-0.2507827340804375,0.25223710612044464,0.014524850970424252,32,0.057584116761506744,0.006817219084336342,0.007225205692957945,2,16,0.43243243243243246,6,25,0.6756756756756757,0.014533365539704376,0.01961137938052092,0.7008333333333333,0.7908333333333334,Persistent Significant Response,false
employment,Energy_intensive,High tech,,37,-0.18907486861533762,0.3570520892411064,0.0293049901403208,31,0.08207483172163162,0.009650056465975849,0.007840051890946843,12,7,0.1891891891891892,3,14,0.3783783783783784,0.033170213758556284,0.04467179686201986,0.6841666666666666,0.7908333333333334,Strong Dynamic Movement,false
employment,Energy intensive,High tech,,37,-0.18907486861533762,0.3570520892411064,0.0293049901403208,31,0.08207483172163162,0.009650056465975849,0.007840051890946843,12,7,0.1891891891891892,3,14,0.3783783783783784,0.033170213758556284,0.04467179686201986,0.6841666666666666,0.7908333333333334,Strong Dynamic Movement,false
employment,Trade,Service,,74,-0.2427778279883262,0.3230892758354187,0.011802381083100853,31,0.03652978283659583,0.004366071295073224,0.004002363759989098,16,22,0.2972972972972973,4,40,0.5405405405405406,0.013763159530327158,0.02308170872243632,0.6808333333333333,0.7908333333333334,Persistent Significant Response,false
employment,Trade,Managerial,,74,-0.22093805681668321,0.28019637256563207,0.009238162416068818,24,0.032970314110347405,0.0037864374671031367,0.003255272026468042,20,18,0.24324324324324326,3,28,0.3783783783783784,0.01381118802269282,0.01899049443907011,0.6008333333333332,0.7908333333333334,Persistent Significant Response,false
employment,Manufacturing_Construction,Managerial,,37,-0.21966024489832914,0.24262492472825198,0.012500489808318527,33,0.051521869908128744,0.006557430398060862,0.007020914702060015,2,12,0.32432432432432434,5,28,0.7567567567567568,0.015171576678536965,0.018688329490623677,0.5841666666666667,0.7908333333333334,Other,false
employment,Manufacturing Construction,Managerial,,37,-0.21966024489832914,0.24262492472825198,0.012500489808318527,33,0.051521869908128744,0.006557430398060862,0.007020914702060015,2,12,0.32432432432432434,5,28,0.7567567567567568,0.015171576678536965,0.018688329490623677,0.5841666666666667,0.7908333333333334,Other,false
employment,Manufacturing_Construction,Professional specialty,,37,-0.18445469980669893,0.2259087338636619,0.01611563369876994,21,0.07133692187614082,0.006105641455774646,0.0054200477875244665,6,11,0.2972972972972973,4,26,0.7027027027027027,0.014133151025888245,0.018169163778664635,0.5800000000000001,0.7908333333333334,Other,false
employment,Manufacturing Construction,Professional specialty,,37,-0.18445469980669893,0.2259087338636619,0.01611563369876994,21,0.07133692187614082,0.006105641455774646,0.0054200477875244665,6,11,0.2972972972972973,4,26,0.7027027027027027,0.014133151025888245,0.018169163778664635,0.5800000000000001,0.7908333333333334,Other,false
employment,Trade,Machine operators/transport,,37,-0.20692294503264147,0.23292207388343023,0.011111529563670683,13,0.04770492284570519,0.006295191186038654,0.006823497969983683,2,15,0.40540540540540543,6,26,0.7027027027027027,0.016329071448918257,0.020455417330139565,0.5625,0.7908333333333334,Persistent Significant Response,false
employment,Trade,Machine operators transport,,37,-0.20692294503264147,0.23292207388343023,0.011111529563670683,13,0.04770492284570519,0.006295191186038654,0.006823497969983683,2,15,0.40540540540540543,6,26,0.7027027027027027,0.016329071448918257,0.020455417330139565,0.5625,0.7908333333333334,Persistent Significant Response,false
employment,Energy_intensive,Machine operators/transport,,37,-0.20375161344755502,0.21107401846064613,0.013202784320481989,22,0.06255049492481042,0.005704703201639084,0.005420413930184173,4,17,0.4594594594594595,5,27,0.7297297297297297,0.01322360717706802,0.016247851775492747,0.5591666666666667,0.7908333333333334,Persistent Significant Response,false
employment,Energy intensive,Machine operators transport,,37,-0.20375161344755502,0.21107401846064613,0.013202784320481989,22,0.06255049492481042,0.005704703201639084,0.005420413930184173,4,17,0.4594594594594595,5,27,0.7297297297297297,0.01322360717706802,0.016247851775492747,0.5591666666666667,0.7908333333333334,Persistent Significant Response,false
employment,Energy_intensive,Sales,,37,-0.0948594814243316,0.297515880366602,0.03615137550252535,5,0.1215107424113942,0.008040969739637895,0.006137722801135601,14,4,0.10810810810810811,3,11,0.2972972972972973,0.0380573468518967,0.055537649918286774,0.5575,0.7908333333333334,Sharp Peak Response,false
employment,Energy intensive,Sales,,37,-0.0948594814243316,0.297515880366602,0.03615137550252535,5,0.1215107424113942,0.008040969739637895,0.006137722801135601,14,4,0.10810810810810811,3,11,0.2972972972972973,0.0380573468518967,0.055537649918286774,0.5575,0.7908333333333334,Sharp Peak Response,false
employment,Manufacturing_Construction,High tech,,37,0.15036773467060804,0.21761937180628332,0.016720989197093358,6,0.07683594092890665,0.005881604643413062,0.004242017678071645,6,8,0.21621621621621623,3,16,0.43243243243243246,0.022112163361057247,0.030638664297972712,0.5283333333333333,0.7908333333333334,Other,false
employment,Manufacturing Construction,High tech,,37,0.15036773467060804,0.21761937180628332,0.016720989197093358,6,0.07683594092890665,0.005881604643413062,0.004242017678071645,6,8,0.21621621621621623,3,16,0.43243243243243246,0.022112163361057247,0.030638664297972712,0.5283333333333333,0.7908333333333334,Other,false
employment,Energy_intensive,Managerial,,37,-0.15295978482178488,0.17997650723699377,0.014031235313617762,33,0.07796148246804999,0.004864229925324157,0.004843948994386463,4,7,0.1891891891891892,4,20,0.5405405405405406,0.014447650137131517,0.01813849506906027,0.45083333333333336,0.7908333333333334,Other,false
employment,Energy intensive,Managerial,,37,-0.15295978482178488,0.17997650723699377,0.014031235313617762,33,0.07796148246804999,0.004864229925324157,0.004843948994386463,4,7,0.1891891891891892,4,20,0.5405405405405406,0.014447650137131517,0.01813849506906027,0.45083333333333336,0.7908333333333334,Other,false
employment,Services,Farming/forestry/construction,,37,0.02622419928441371,0.2690168100924841,0.018501432841844665,19,0.06877426297443694,0.007270724597094164,0.008271914634506463,7,3,0.08108108108108109,1,16,0.43243243243243246,0.02847432166958619,0.04434646170373614,0.40750000000000003,0.7908333333333334,Other,false
employment,Services,Farming forestry construction,,37,0.02622419928441371,0.2690168100924841,0.018501432841844665,19,0.06877426297443694,0.007270724597094164,0.008271914634506463,7,3,0.08108108108108109,1,16,0.43243243243243246,0.02847432166958619,0.04434646170373614,0.40750000000000003,0.7908333333333334,Other,false
employment,Manufacturing_Construction,Administrative support,,37,-0.040826963955342604,0.2024665127029833,0.013501017795106728,30,0.06668272009461934,0.00547206791089144,0.005586791528530521,3,11,0.2972972972972973,3,22,0.5945945945945946,0.014146572014854421,0.019945175989383133,0.3725,0.7908333333333334,Other,false
employment,Manufacturing Construction,Administrative support,,37,-0.040826963955342604,0.2024665127029833,0.013501017795106728,30,0.06668272009461934,0.00547206791089144,0.005586791528530521,3,11,0.2972972972972973,3,22,0.5945945945945946,0.014146572014854421,0.019945175989383133,0.3725,0.7908333333333334,Other,false
employment,Services,Service,,74,-0.09362141811372372,0.21697644566444532,0.006913169048602499,20,0.03186138028684336,0.002932114130600612,0.0029992631586686276,19,12,0.16216216216216217,3,38,0.5135135135135135,0.00992872658316653,0.013606925226295322,0.36583333333333334,0.7908333333333334,Other,false
employment,Energy_intensive,Precision production/repair,,37,-0.014633114451298007,0.20200823994620454,0.014882204010637052,31,0.07367127209563447,0.005459682160708229,0.005360518173914894,8,9,0.24324324324324326,4,17,0.4594594594594595,0.01859842626925053,0.021951971234898643,0.3416666666666667,0.7908333333333334,Other,false
employment,Energy intensive,Precision production repair,,37,-0.014633114451298007,0.20200823994620454,0.014882204010637052,31,0.07367127209563447,0.005459682160708229,0.005360518173914894,8,9,0.24324324324324326,4,17,0.4594594594594595,0.01859842626925053,0.021951971234898643,0.3416666666666667,0.7908333333333334,Other,false
employment,Services,High tech,,74,0.15041024734824568,0.17246965721373417,0.006626093431913687,7,0.03841889372866473,0.0023306710434288407,0.0020852611534646743,16,6,0.08108108108108109,2,20,0.2702702702702703,0.010285592257026107,0.013227684246619926,0.3008333333333333,0.7908333333333334,Other,false
employment,Services,Administrative support,,74,-0.12191175902001235,0.16110965469275274,0.007979761385751466,24,0.049530001171993215,0.002177157495848011,0.0014848424539981172,20,10,0.13513513513513514,5,22,0.2972972972972973,0.010028561973679512,0.014220242379673322,0.29083333333333333,0.7908333333333334,Other,false
employment,Services,Machine operators/transport,,37,-0.06284344263807902,0.15989085776390274,0.012722262420251705,23,0.07956841684493049,0.004321374534159534,0.004305148217120098,9,7,0.1891891891891892,2,19,0.5135135135135135,0.014347941040588107,0.02049856436407733,0.2791666666666667,0.7908333333333334,Other,false
employment,Services,Machine operators transport,,37,-0.06284344263807902,0.15989085776390274,0.012722262420251705,23,0.07956841684493049,0.004321374534159534,0.004305148217120098,9,7,0.1891891891891892,2,19,0.5135135135135135,0.014347941040588107,0.02049856436407733,0.2791666666666667,0.7908333333333334,Other,false
employment,Trade,Administrative support,,74,0.09059028425441336,0.20541427513536978,0.009657010006839809,6,0.04701236075475162,0.0027758685829104035,0.002581954590350594,15,2,0.02702702702702703,1,22,0.2972972972972973,0.016073992160439258,0.021630201896772935,0.26916666666666667,0.7908333333333334,Other,false
employment,Energy_intensive,Administrative support,,37,-0.13362696216924216,0.14147940821281038,0.009534949874542549,34,0.06739461236790216,0.003823767789535416,0.003525654926867898,4,4,0.10810810810810811,4,15,0.40540540540540543,0.01520434226355979,0.019885348349598216,0.24666666666666667,0.7908333333333334,Other,false
employment,Energy intensive,Administrative support,,37,-0.13362696216924216,0.14147940821281038,0.009534949874542549,34,0.06739461236790216,0.003823767789535416,0.003525654926867898,4,4,0.10810810810810811,4,15,0.40540540540540543,0.01520434226355979,0.019885348349598216,0.24666666666666667,0.7908333333333334,Other,false
employment,Manufacturing_Construction,Farming/forestry/construction,,37,-0.10493194311483367,0.16197578433636992,0.009813149311677193,20,0.0605840518191197,0.0043777239009829706,0.004165113724328213,2,2,0.05405405405405406,1,10,0.2702702702702703,0.019388568524310888,0.02702842518080037,0.24,0.7908333333333334,Other,false
employment,Manufacturing Construction,Farming forestry construction,,37,-0.10493194311483367,0.16197578433636992,0.009813149311677193,20,0.0605840518191197,0.0043777239009829706,0.004165113724328213,2,2,0.05405405405405406,1,10,0.2702702702702703,0.019388568524310888,0.02702842518080037,0.24,0.7908333333333334,Other,false
employment,Energy_intensive,Professional specialty,,37,-0.022225464226440436,0.16836747727905707,0.013675979014336837,5,0.08122696399180394,0.004550472358893434,0.003870001030487714,10,4,0.10810810810810811,1,11,0.2972972972972973,0.018893377588005616,0.025584023517554927,0.23833333333333337,0.7908333333333334,Other,false
employment,Energy intensive,Professional specialty,,37,-0.022225464226440436,0.16836747727905707,0.013675979014336837,5,0.08122696399180394,0.004550472358893434,0.003870001030487714,10,4,0.10810810810810811,1,11,0.2972972972972973,0.018893377588005616,0.025584023517554927,0.23833333333333337,0.7908333333333334,Other,false
employment,Trade,Precision production/repair,,37,-0.05620479462076751,0.11920545888119778,0.013482604765729978,3,0.11310392067838919,0.0032217691589512916,0.0020312511239146533,14,4,0.10810810810810811,2,9,0.24324324324324326,0.014035569707625668,0.017412598048327562,0.2325,0.7908333333333334,Other,false
employment,Trade,Precision production repair,,37,-0.05620479462076751,0.11920545888119778,0.013482604765729978,3,0.11310392067838919,0.0032217691589512916,0.0020312511239146533,14,4,0.10810810810810811,2,9,0.24324324324324326,0.014035569707625668,0.017412598048327562,0.2325,0.7908333333333334,Other,false
employment,Services,Professional specialty,,74,-0.048021479408047324,0.18249331364453913,0.006273294509929487,29,0.03437547592646941,0.0024661258600613403,0.002208232630909115,15,6,0.08108108108108109,2,34,0.4594594594594595,0.0098519932029195,0.013829249570342223,0.22916666666666666,0.7908333333333334,Other,false
employment,Manufacturing_Construction,Sales,,37,-0.008346755651041374,0.175343084139035,0.012769032281698556,26,0.0728231304040118,0.004739002274027973,0.004373500965582771,13,5,0.13513513513513514,1,13,0.35135135135135137,0.018930435389950973,0.024175391790207383,0.21833333333333332,0.7908333333333334,Other,false
employment,Manufacturing Construction,Sales,,37,-0.008346755651041374,0.175343084139035,0.012769032281698556,26,0.0728231304040118,0.004739002274027973,0.004373500965582771,13,5,0.13513513513513514,1,13,0.35135135135135137,0.018930435389950973,0.024175391790207383,0.21833333333333332,0.7908333333333334,Other,false
employment,Services,Precision production/repair,,37,0.045301916195175145,0.11153461638888446,0.008983901044654043,2,0.08054809650602232,0.003014449091591472,0.003156577594836502,15,5,0.13513513513513514,1,13,0.35135135135135137,0.011941444790686786,0.014762019717939355,0.15,0.7908333333333334,Other,false
employment,Services,Precision production repair,,37,0.045301916195175145,0.11153461638888446,0.008983901044654043,2,0.08054809650602232,0.003014449091591472,0.003156577594836502,15,5,0.13513513513513514,1,13,0.35135135135135137,0.011941444790686786,0.014762019717939355,0.15,0.7908333333333334,Other,false
hourly_rate,Trade,High tech,,42,6.3630333384395055,9.831396046242313,2.418189216898748,2,0.2459660057966042,0.23408085824386463,0.09796633196470768,19,30,0.7142857142857143,6,32,0.7619047619047619,0.6144053193554811,6.284918087449506,0.9716666666666667,0.748,Strong Net Effect,true
hourly_rate,Energy_intensive,Service,,37,0.3699327609159918,0.7294118305701448,0.05868107539645266,24,0.08044985416617742,0.019713833258652565,0.01735547054888837,16,9,0.24324324324324326,3,17,0.4594594594594595,0.05793986214541245,0.09866637252111524,0.8874999999999998,0.748,Strong Net Effect,true
hourly_rate,Energy intensive,Service,,37,0.3699327609159918,0.7294118305701448,0.05868107539645266,24,0.08044985416617742,0.019713833258652565,0.01735547054888837,16,9,0.24324324324324326,3,17,0.4594594594594595,0.05793986214541245,0.09866637252111524,0.8874999999999998,0.748,Strong Net Effect,true
hourly_rate,Trade,Farming forestry construction,,37,NaN,NaN,NaN,0,NaN,NaN,NaN,36,0,0.0,0,0,0.0,NaN,NaN,0.8691666666666666,0.748,Sharp Peak Response,false
hourly_rate,Trade,Farming/forestry/construction,,37,NaN,NaN,NaN,0,NaN,NaN,NaN,36,0,0.0,0,0,0.0,NaN,NaN,0.8549999999999999,0.748,Sharp Peak Response,false
hourly_rate,Energy_intensive,High tech,,37,0.20987619166010657,0.5415909728607202,0.0482442805275529,12,0.08907881213884224,0.014637593861100546,0.012891462857131435,16,8,0.21621621621621623,1,16,0.43243243243243246,0.04490278693724118,0.05947791459435714,0.8266666666666665,0.748,Strong Net Effect,true
hourly_rate,Energy intensive,High tech,,37,0.20987619166010657,0.5415909728607202,0.0482442805275529,12,0.08907881213884224,0.014637593861100546,0.012891462857131435,16,8,0.21621621621621623,1,16,0.43243243243243246,0.04490278693724118,0.05947791459435714,0.8266666666666665,0.748,Strong Net Effect,true
hourly_rate,Trade,Professional specialty,,74,-0.1617808273939949,0.4513974436012246,0.017659346053047222,16,0.03912150213382226,0.006099965454070602,0.0043399813244282895,39,16,0.21621621621621623,3,32,0.43243243243243246,0.020671550099530468,0.03293787289106982,0.8233333333333334,0.748,Strong Net Effect,true
hourly_rate,Manufacturing_Construction,Service,,37,0.10269192305428045,0.7196379375852227,0.05150553095495368,29,0.07157145039876969,0.019449673988789804,0.02008974981397953,23,10,0.2702702702702703,3,18,0.4864864864864865,0.06253259951030163,0.10285672648053903,0.82,0.748,Strong Net Effect,true
hourly_rate,Manufacturing Construction,Service,,37,0.10269192305428045,0.7196379375852227,0.05150553095495368,29,0.07157145039876969,0.019449673988789804,0.02008974981397953,23,10,0.2702702702702703,3,18,0.4864864864864865,0.06253259951030163,0.10285672648053903,0.82,0.748,Strong Net Effect,true
hourly_rate,Trade,Precision production/repair,,37,-0.16916554946243811,0.20823857278575225,0.012746067503173671,13,0.06120896495140482,0.0056280695347500605,0.0061842940283288695,11,19,0.5135135135135135,4,25,0.6756756756756757,0.011903454755289505,0.015605396105833967,0.7733333333333333,0.748,Strong Net Effect,true
hourly_rate,Trade,Precision production repair,,37,-0.16916554946243811,0.20823857278575225,0.012746067503173671,13,0.06120896495140482,0.0056280695347500605,0.0061842940283288695,11,19,0.5135135135135135,4,25,0.6756756756756757,0.011903454755289505,0.015605396105833967,0.7733333333333333,0.748,Strong Net Effect,true
hourly_rate,Trade,Sales,,74,-0.21667122581814519,0.2353267221091666,0.008224675891080096,31,0.03495002954770568,0.0031800908393130613,0.002633730492987716,12,26,0.35135135135135137,3,44,0.5945945945945946,0.006894875538372649,0.009336261078392492,0.7416666666666666,0.748,Persistent Significant Response,false
hourly_rate,Manufacturing_Construction,High tech,,37,-0.1254167679735731,0.1881016368336626,0.01565019462344645,28,0.08320073597916558,0.005083828022531422,0.0034443119014971324,15,11,0.2972972972972973,3,16,0.43243243243243246,0.016362247023840384,0.020863382908403495,0.7091666666666666,0.748,Other,false
hourly_rate,Manufacturing Construction,High tech,,37,-0.1254167679735731,0.1881016368336626,0.01565019462344645,28,0.08320073597916558,0.005083828022531422,0.0034443119014971324,15,11,0.2972972972972973,3,16,0.43243243243243246,0.016362247023840384,0.020863382908403495,0.7091666666666666,0.748,Other,false
hourly_rate,Services,Precision production/repair,,37,-0.12570555667214475,0.17154674808082887,0.012882884890816428,0,0.07509839175002204,0.004636398596779159,0.003730374861993455,12,13,0.35135135135135137,3,17,0.4594594594594595,0.010818531135016215,0.014605965871213858,0.6925,0.748,Persistent Significant Response,false
hourly_rate,Services,Precision production repair,,37,-0.12570555667214475,0.17154674808082887,0.012882884890816428,0,0.07509839175002204,0.004636398596779159,0.003730374861993455,12,13,0.35135135135135137,3,17,0.4594594594594595,0.010818531135016215,0.014605965871213858,0.6925,0.748,Persistent Significant Response,false
hourly_rate,Energy_intensive,Sales,,37,-0.04430769090309501,0.4966130124875478,0.04387080704793016,2,0.08834002723404309,0.013421973310474263,0.012236646208237811,14,10,0.2702702702702703,2,21,0.5675675675675675,0.03960701449773467,0.071883626610884,0.6641666666666667,0.748,Strong Dynamic Movement,false
hourly_rate,Energy intensive,Sales,,37,-0.04430769090309501,0.4966130124875478,0.04387080704793016,2,0.08834002723404309,0.013421973310474263,0.012236646208237811,14,10,0.2702702702702703,2,21,0.5675675675675675,0.03960701449773467,0.071883626610884,0.6641666666666667,0.748,Strong Dynamic Movement,false
hourly_rate,Trade,Service,,74,-0.1055169101655981,0.20219370298399053,0.007883719415174462,7,0.038990924538330876,0.002732347337621494,0.002427580085332694,35,24,0.32432432432432434,6,38,0.5135135135135135,0.007673188047140536,0.009820425287918766,0.6508333333333333,0.748,Persistent Significant Response,false
hourly_rate,Services,High tech,,74,0.08369462093181414,0.22402716344411922,0.007293122955164946,13,0.032554636871006605,0.003027394100596205,0.002978967369843856,28,18,0.24324324324324326,2,40,0.5405405405405406,0.00952562596817171,0.01234003832042765,0.6116666666666667,0.748,Persistent Significant Response,false
hourly_rate,Trade,Managerial,,74,-0.040332509205359586,0.30226621520557156,0.010730921831385251,0,0.03550155886289554,0.004084678583859077,0.0034390968380580886,24,20,0.2702702702702703,3,38,0.5135135135135135,0.011735899513028841,0.017902400907923804,0.5916666666666667,0.748,Strong Dynamic Movement,false
hourly_rate,Energy_intensive,Farming/forestry/construction,,37,-0.08299697504565988,0.189446713850323,0.015372345709632128,24,0.08114337481608377,0.005120181455414134,0.004726059801453708,19,6,0.16216216216216217,1,14,0.3783783783783784,0.018489345026526112,0.023440437235313423,0.5866666666666667,0.748,Other,false
hourly_rate,Energy intensive,Farming forestry construction,,37,-0.08299697504565988,0.189446713850323,0.015372345709632128,24,0.08114337481608377,0.005120181455414134,0.004726059801453708,19,6,0.16216216216216217,1,14,0.3783783783783784,0.018489345026526112,0.023440437235313423,0.5866666666666667,0.748,Other,false
hourly_rate,Manufacturing_Construction,Sales,,37,-0.032072230610946,0.28404359438507415,0.018877968283094564,15,0.06646151737363931,0.007676853902299301,0.0068323792853911625,7,8,0.21621621621621623,2,22,0.5945945945945946,0.020857632282392055,0.03117979697431828,0.5849999999999999,0.748,Sharp Peak Response,false
hourly_rate,Manufacturing Construction,Sales,,37,-0.032072230610946,0.28404359438507415,0.018877968283094564,15,0.06646151737363931,0.007676853902299301,0.0068323792853911625,7,8,0.21621621621621623,2,22,0.5945945945945946,0.020857632282392055,0.03117979697431828,0.5849999999999999,0.748,Sharp Peak Response,false
hourly_rate,Energy_intensive,Precision production/repair,,37,-0.06119142304041979,0.15549921980680081,0.012690457297051792,3,0.08161106732766238,0.00420268161640002,0.00395607614883414,12,12,0.32432432432432434,3,21,0.5675675675675675,0.011776198284550055,0.018510049310630335,0.5675,0.748,Persistent Significant Response,false
hourly_rate,Energy intensive,Precision production repair,,37,-0.06119142304041979,0.15549921980680081,0.012690457297051792,3,0.08161106732766238,0.00420268161640002,0.00395607614883414,12,12,0.32432432432432434,3,21,0.5675675675675675,0.011776198284550055,0.018510049310630335,0.5675,0.748,Persistent Significant Response,false
hourly_rate,Energy_intensive,Managerial,,37,0.05615075022742348,0.18645810601241178,0.016122106577604677,23,0.08646503454524788,0.005039408270605722,0.0047828929492630505,18,9,0.24324324324324326,2,23,0.6216216216216216,0.013035508273136195,0.017201457102907356,0.5658333333333333,0.748,Other,false
hourly_rate,Energy intensive,Managerial,,37,0.05615075022742348,0.18645810601241178,0.016122106577604677,23,0.08646503454524788,0.005039408270605722,0.0047828929492630505,18,9,0.24324324324324326,2,23,0.6216216216216216,0.013035508273136195,0.017201457102907356,0.5658333333333333,0.748,Other,false
hourly_rate,Services,Sales,,74,0.024103938481061675,0.26692809009274404,0.010395271266875387,18,0.03894408888649956,0.00360713635260465,0.003124702779607248,35,16,0.21621621621621623,2,32,0.43243243243243246,0.012451500666425475,0.015614314719188307,0.5316666666666666,0.748,Persistent Significant Response,false
hourly_rate,Services,Service,,74,0.09078700160874566,0.12945700813095187,0.005201442878037572,7,0.04017892081034398,0.0017494190287966466,0.001537540170578687,23,18,0.24324324324324326,4,30,0.40540540540540543,0.005407134926798787,0.006624710143744857,0.5016666666666667,0.748,Persistent Significant Response,false
hourly_rate,Services,Machine operators/transport,,37,-0.028772549220347207,0.1812936828391281,0.011499688069607661,32,0.06343126737522327,0.004899829265922381,0.00462731478347019,15,12,0.32432432432432434,2,21,0.5675675675675675,0.01304293733351758,0.017373440479240734,0.4966666666666667,0.748,Persistent Significant Response,false
hourly_rate,Services,Machine operators transport,,37,-0.028772549220347207,0.1812936828391281,0.011499688069607661,32,0.06343126737522327,0.004899829265922381,0.00462731478347019,15,12,0.32432432432432434,2,21,0.5675675675675675,0.01304293733351758,0.017373440479240734,0.4966666666666667,0.748,Persistent Significant Response,false
hourly_rate,Energy_intensive,Machine operators/transport,,37,0.06082966752386109,0.1181803253694749,0.011486442250039605,14,0.09719420059243183,0.0031940628478236465,0.002468167225623887,15,10,0.2702702702702703,5,18,0.4864864864864865,0.008767335065986731,0.01094016777754379,0.4608333333333333,0.748,Other,false
hourly_rate,Energy intensive,Machine operators transport,,37,0.06082966752386109,0.1181803253694749,0.011486442250039605,14,0.09719420059243183,0.0031940628478236465,0.002468167225623887,15,10,0.2702702702702703,5,18,0.4864864864864865,0.008767335065986731,0.01094016777754379,0.4608333333333333,0.748,Other,false
hourly_rate,Energy_intensive,Professional specialty,,37,-0.05173721138838148,0.1616597692003902,0.016031797157223318,31,0.0991699866733734,0.0043691829513618965,0.003936629842903956,17,5,0.13513513513513514,2,13,0.35135135135135137,0.017774528833439805,0.0240854985052587,0.45,0.748,Other,false
hourly_rate,Energy intensive,Professional specialty,,37,-0.05173721138838148,0.1616597692003902,0.016031797157223318,31,0.0991699866733734,0.0043691829513618965,0.003936629842903956,17,5,0.13513513513513514,2,13,0.35135135135135137,0.017774528833439805,0.0240854985052587,0.45,0.748,Other,false
hourly_rate,Energy_intensive,Administrative support,,37,0.08706471616124041,0.1020184153199629,0.01122587787991465,24,0.11003775979764682,0.0027572544681071054,0.001897059264449412,12,6,0.16216216216216217,1,15,0.40540540540540543,0.010326508316355646,0.013485508053810387,0.415,0.748,Other,false
hourly_rate,Energy intensive,Administrative support,,37,0.08706471616124041,0.1020184153199629,0.01122587787991465,24,0.11003775979764682,0.0027572544681071054,0.001897059264449412,12,6,0.16216216216216217,1,15,0.40540540540540543,0.010326508316355646,0.013485508053810387,0.415,0.748,Other,false
hourly_rate,Services,Farming/forestry/construction,,37,-0.057686561939255546,0.13322655052079768,0.009566917657133866,14,0.07180939249523237,0.0036007175816431813,0.0032501081933925435,16,6,0.16216216216216217,2,13,0.35135135135135137,0.012474341169367695,0.01630818126433068,0.4,0.748,Other,false
hourly_rate,Services,Farming forestry construction,,37,-0.057686561939255546,0.13322655052079768,0.009566917657133866,14,0.07180939249523237,0.0036007175816431813,0.0032501081933925435,16,6,0.16216216216216217,2,13,0.35135135135135137,0.012474341169367695,0.01630818126433068,0.4,0.748,Other,false
hourly_rate,Manufacturing_Construction,Precision production/repair,,37,-0.060981476274473194,0.09530221097926815,0.008478696259333656,12,0.08896641717135077,0.002575735431872112,0.00258431549004098,16,7,0.1891891891891892,2,19,0.5135135135135135,0.0082439681218486,0.010761885380102152,0.32499999999999996,0.748,Other,false
hourly_rate,Manufacturing Construction,Precision production repair,,37,-0.060981476274473194,0.09530221097926815,0.008478696259333656,12,0.08896641717135077,0.002575735431872112,0.00258431549004098,16,7,0.1891891891891892,2,19,0.5135135135135135,0.0082439681218486,0.010761885380102152,0.32499999999999996,0.748,Other,false
hourly_rate,Services,Administrative support,,74,0.08441910252325324,0.11708618740799975,0.003305095135862539,16,0.02822788246017073,0.0015822457757837805,0.0016028168347767633,28,2,0.02702702702702703,1,26,0.35135135135135137,0.006740602722910425,0.00965079267943835,0.30333333333333334,0.748,Other,false
hourly_rate,Manufacturing_Construction,Administrative support,,37,-0.01114196368620773,0.12117662218285864,0.008578419332534523,2,0.07079269233622858,0.0032750438427799644,0.0027404687540902467,19,10,0.2702702702702703,2,18,0.4864864864864865,0.009690527051749326,0.013076091091266711,0.3033333333333333,0.748,Other,false
hourly_rate,Manufacturing Construction,Administrative support,,37,-0.01114196368620773,0.12117662218285864,0.008578419332534523,2,0.07079269233622858,0.0032750438427799644,0.0027404687540902467,19,10,0.2702702702702703,2,18,0.4864864864864865,0.009690527051749326,0.013076091091266711,0.3033333333333333,0.748,Other,false
hourly_rate,Trade,Administrative support,,74,-0.01668452062272604,0.16400006008662826,0.006763804936548662,18,0.04124269791715856,0.00221621702819768,0.001951423252575635,43,8,0.10810810810810811,1,20,0.2702702702702703,0.009226013994267862,0.012944538563822527,0.29666666666666663,0.748,Other,false
hourly_rate,Manufacturing_Construction,Farming/forestry/construction,,37,0.0019880332451295236,0.1246283235887046,0.01026644766583815,35,0.08237652060312738,0.003368333069964989,0.0027763054711002406,15,10,0.2702702702702703,2,18,0.4864864864864865,0.009742564036750691,0.012362483395970528,0.2916666666666667,0.748,Other,false
hourly_rate,Manufacturing Construction,Farming forestry construction,,37,0.0019880332451295236,0.1246283235887046,0.01026644766583815,35,0.08237652060312738,0.003368333069964989,0.0027763054711002406,15,10,0.2702702702702703,2,18,0.4864864864864865,0.009742564036750691,0.012362483395970528,0.2916666666666667,0.748,Other,false
hourly_rate,Services,Professional specialty,,74,0.021065024153880015,0.13328648041331018,0.004836459885076276,26,0.036286199996269836,0.0018011686542339213,0.0017432692351164872,31,8,0.10810810810810811,2,32,0.43243243243243246,0.0070842996832373,0.008631449243373125,0.27249999999999996,0.748,Other,false
hourly_rate,Services,Managerial,,74,-0.01200303557813237,0.12481394476386988,0.005418500552955221,20,0.04341262158812662,0.001686674929241485,0.0013913435902391468,35,8,0.10810810810810811,1,22,0.2972972972972973,0.006778092184665229,0.008284784029813898,0.2425,0.748,Other,false
hourly_rate,Manufacturing_Construction,Managerial,,37,0.020965711909614573,0.10425061957142567,0.008026521355029669,32,0.07699255302296236,0.0028175843127412332,0.0023768120449831755,16,6,0.16216216216216217,1,16,0.43243243243243246,0.008864838317567483,0.01158858223239634,0.22249999999999998,0.748,Other,false
hourly_rate,Manufacturing Construction,Managerial,,37,0.020965711909614573,0.10425061957142567,0.008026521355029669,32,0.07699255302296236,0.0028175843127412332,0.0023768120449831755,16,6,0.16216216216216217,1,16,0.43243243243243246,0.008864838317567483,0.01158858223239634,0.22249999999999998,0.748,Other,false
hourly_rate,Trade,Machine operators/transport,,37,-0.008913067738594311,0.10165415456981927,0.00690167764224154,21,0.06789370952370914,0.002747409582968089,0.0025283485650023415,17,7,0.1891891891891892,3,18,0.4864864864864865,0.00894705131274046,0.012834909661309393,0.15416666666666667,0.748,Other,false
hourly_rate,Trade,Machine operators transport,,37,-0.008913067738594311,0.10165415456981927,0.00690167764224154,21,0.06789370952370914,0.002747409582968089,0.0025283485650023415,17,7,0.1891891891891892,3,18,0.4864864864864865,0.00894705131274046,0.012834909661309393,0.15416666666666667,0.748,Other,false
hourly_rate,Manufacturing_Construction,Machine operators/transport,,37,-0.02112813134393368,0.06615501681765254,0.00489039989969183,28,0.07392334149308076,0.0017879734275041228,0.001554832344916238,15,6,0.16216216216216217,2,14,0.3783783783783784,0.006681412333575478,0.009991297474602319,0.15333333333333332,0.748,Other,false
hourly_rate,Manufacturing Construction,Machine operators transport,,37,-0.02112813134393368,0.06615501681765254,0.00489039989969183,28,0.07392334149308076,0.0017879734275041228,0.001554832344916238,15,6,0.16216216216216217,2,14,0.3783783783783784,0.006681412333575478,0.009991297474602319,0.15333333333333332,0.748,Other,false
hourly_rate,Manufacturing_Construction,Professional specialty,,37,0.004688095863586287,0.10268661844688522,0.006871112834865867,3,0.06691342006183561,0.0027753140120779798,0.002524887442352256,16,3,0.08108108108108109,1,15,0.40540540540540543,0.010227485241157795,0.014241110489546233,0.11583333333333333,0.748,Other,false
hourly_rate,Manufacturing Construction,Professional specialty,,37,0.004688095863586287,0.10268661844688522,0.006871112834865867,3,0.06691342006183561,0.0027753140120779798,0.002524887442352256,16,3,0.08108108108108109,1,15,0.40540540540540543,0.010227485241157795,0.014241110489546233,0.11583333333333333,0.748,Other,false
hours,Trade,High tech,,42,-0.2310274391595346,2.932626570490299,0.24876946351253929,16,0.08482821032033004,0.06982444215453092,0.0495936253078162,23,26,0.6190476190476191,6,28,0.6666666666666666,0.44059011002568405,3.512829319939843,0.9616666666666667,0.7266666666666666,Strong Net Effect,true
hours,Trade,Service,,74,-0.20983917468172888,0.2399059816238676,0.009058573025433374,8,0.037758846045096536,0.0032419727246468595,0.00316789742342883,16,30,0.40540540540540543,4,48,0.6486486486486487,0.007486564946676529,0.00932743428974249,0.8716666666666667,0.7266666666666666,Strong Net Effect,true
hours,Trade,Farming forestry construction,,37,NaN,NaN,NaN,0,NaN,NaN,NaN,36,0,0.0,0,0,0.0,NaN,NaN,0.8691666666666666,0.7266666666666666,Sharp Peak Response,false
hours,Trade,Farming/forestry/construction,,37,NaN,NaN,NaN,0,NaN,NaN,NaN,36,0,0.0,0,0,0.0,NaN,NaN,0.8549999999999999,0.7266666666666666,Sharp Peak Response,false
hours,Trade,Sales,,74,-0.20609495401560157,0.2201634119437551,0.007456887075339014,32,0.03386978340090413,0.0029751812424831763,0.002939106207980109,4,46,0.6216216216216216,6,58,0.7837837837837838,0.004904190519423929,0.0060587927834156365,0.8383333333333334,0.7266666666666666,Strong Net Effect,true
hours,Services,Farming/forestry/construction,,37,-0.16472678634745566,0.16801982812454969,0.012206369730065777,33,0.0726483883855508,0.00454107643579864,0.004342133814874648,6,20,0.5405405405405406,5,29,0.7837837837837838,0.008027768007982692,0.010429476484832294,0.8141666666666667,0.7266666666666666,Strong Net Effect,true
hours,Services,Farming forestry construction,,37,-0.16472678634745566,0.16801982812454969,0.012206369730065777,33,0.0726483883855508,0.00454107643579864,0.004342133814874648,6,20,0.5405405405405406,5,29,0.7837837837837838,0.008027768007982692,0.010429476484832294,0.8141666666666667,0.7266666666666666,Strong Net Effect,true
hours,Services,Service,,74,-0.19807896793348287,0.1988885322469304,0.006194132863746829,32,0.031143740635867796,0.002687682868201762,0.0025739158521248823,8,36,0.4864864864864865,5,52,0.7027027027027027,0.0057279381348150655,0.007910512884673683,0.7825,0.7266666666666666,Strong Net Effect,true
hours,Manufacturing_Construction,Service,,37,-0.1316732398625968,0.48323820992012395,0.04114424878661311,34,0.08514278867437651,0.013060492160003347,0.011700112188218727,15,5,0.13513513513513514,1,12,0.32432432432432434,0.060124058931336564,0.1865877495962193,0.7749999999999999,0.7266666666666666,Strong Net Effect,true
hours,Manufacturing Construction,Service,,37,-0.1316732398625968,0.48323820992012395,0.04114424878661311,34,0.08514278867437651,0.013060492160003347,0.011700112188218727,15,5,0.13513513513513514,1,12,0.32432432432432434,0.060124058931336564,0.1865877495962193,0.7749999999999999,0.7266666666666666,Strong Net Effect,true
hours,Trade,Professional specialty,,74,-0.08588704479641895,0.2601321827776986,0.008993030244244863,30,0.03457100212752239,0.0035152997672661967,0.002863683590306987,43,20,0.2702702702702703,5,34,0.4594594594594595,0.010579013042287084,0.015838771480705307,0.7416666666666667,0.7266666666666666,Strong Net Effect,true
hours,Trade,Precision production/repair,,37,-0.13671565417765083,0.14099074399182457,0.007044721217687402,33,0.049965841857646305,0.003810560648427691,0.003937531036312443,4,22,0.5945945945945946,6,28,0.7567567567567568,0.007070628077117877,0.009453846600645053,0.7266666666666666,0.7266666666666666,Strong Net Effect,true
hours,Trade,Precision production repair,,37,-0.13671565417765083,0.14099074399182457,0.007044721217687402,33,0.049965841857646305,0.003810560648427691,0.003937531036312443,4,22,0.5945945945945946,6,28,0.7567567567567568,0.007070628077117877,0.009453846600645053,0.7266666666666666,0.7266666666666666,Strong Net Effect,true
hours,Trade,Administrative support,,74,-0.13423286820663158,0.1734015323744937,0.006570583130297046,33,0.037892301413499724,0.002343263951006672,0.0021501171663390038,28,18,0.24324324324324326,2,46,0.6216216216216216,0.00628360934932899,0.008320489329656356,0.7116666666666667,0.7266666666666666,Other,false
hours,Manufacturing_Construction,Sales,,37,-0.10529515923383759,0.16785111515639387,0.01332991584340779,21,0.07941511637255286,0.004536516625848483,0.0041639027864541125,15,10,0.2702702702702703,2,19,0.5135135135135135,0.01191334181879234,0.015920413446923277,0.6991666666666666,0.7266666666666666,Sharp Peak Response,false
hours,Manufacturing Construction,Sales,,37,-0.10529515923383759,0.16785111515639387,0.01332991584340779,21,0.07941511637255286,0.004536516625848483,0.0041639027864541125,15,10,0.2702702702702703,2,19,0.5135135135135135,0.01191334181879234,0.015920413446923277,0.6991666666666666,0.7266666666666666,Sharp Peak Response,false
hours,Services,Machine operators/transport,,37,-0.12459059741926351,0.13793767076285235,0.010197593132969012,25,0.07392899326610422,0.0037280451557527663,0.0032673778663928174,2,14,0.3783783783783784,2,21,0.5675675675675675,0.00873868538695553,0.011400328675487306,0.6958333333333334,0.7266666666666666,Other,false
hours,Services,Machine operators transport,,37,-0.12459059741926351,0.13793767076285235,0.010197593132969012,25,0.07392899326610422,0.0037280451557527663,0.0032673778663928174,2,14,0.3783783783783784,2,21,0.5675675675675675,0.00873868538695553,0.011400328675487306,0.6958333333333334,0.7266666666666666,Other,false
hours,Services,Sales,,74,-0.12424671409517811,0.17080515253647785,0.0065161963239092815,32,0.0381498814710385,0.002308177736979431,0.0020204956535645117,23,20,0.2702702702702703,2,38,0.5135135135135135,0.00607751617198746,0.007774180870850746,0.6941666666666666,0.7266666666666666,Persistent Significant Response,false
hours,Services,Professional specialty,,74,-0.13885628569668146,0.1549017479523228,0.0043843990617901014,32,0.02830438726320619,0.0020932668642205787,0.002003771678319552,16,42,0.5675675675675675,7,50,0.6756756756756757,0.003777634033228716,0.005166925487960749,0.6891666666666667,0.7266666666666666,Persistent Significant Response,false
hours,Energy_intensive,Sales,,37,-0.03130773078944606,0.22719711798413922,0.020479401269056063,21,0.09013935322227874,0.00614046264821998,0.005485084757488267,17,10,0.2702702702702703,2,21,0.5675675675675675,0.018861227246598614,0.026067712554859103,0.6108333333333332,0.7266666666666666,Strong Dynamic Movement,false
hours,Energy intensive,Sales,,37,-0.03130773078944606,0.22719711798413922,0.020479401269056063,21,0.09013935322227874,0.00614046264821998,0.005485084757488267,17,10,0.2702702702702703,2,21,0.5675675675675675,0.018861227246598614,0.026067712554859103,0.6108333333333332,0.7266666666666666,Strong Dynamic Movement,false
hours,Services,Administrative support,,74,-0.09269093352293406,0.13479842509000997,0.005239837011399432,20,0.038871648596047,0.0018216003390541888,0.0015622324484999282,20,26,0.35135135135135137,8,38,0.5135135135135135,0.0048943001116888395,0.006622292299873735,0.6075,0.7266666666666666,Persistent Significant Response,false
hours,Services,High tech,,74,-0.0898064581636633,0.13957367157140457,0.00506402244986583,21,0.036282075214128934,0.0018861306969108725,0.0013807540857817358,23,24,0.32432432432432434,3,34,0.4594594594594595,0.005126733334486979,0.006817818607421895,0.59,0.7266666666666666,Persistent Significant Response,false
hours,Manufacturing_Construction,Farming/forestry/construction,,37,-0.0898949185668062,0.0898949185668062,0.0057449377838563786,18,0.06390725833504123,0.0024295923936974648,0.0022771405604353465,0,20,0.5405405405405406,5,31,0.8378378378378378,0.004723116938351223,0.006506046651778832,0.5625,0.7266666666666666,Persistent Significant Response,false
hours,Manufacturing Construction,Farming forestry construction,,37,-0.0898949185668062,0.0898949185668062,0.0057449377838563786,18,0.06390725833504123,0.0024295923936974648,0.0022771405604353465,0,20,0.5405405405405406,5,31,0.8378378378378378,0.004723116938351223,0.006506046651778832,0.5625,0.7266666666666666,Persistent Significant Response,false
hours,Manufacturing_Construction,High tech,,37,-0.05646340385157214,0.09385617019825368,0.008903786189744365,23,0.09486628498623771,0.002536653248601451,0.0020823161067689295,18,13,0.35135135135135137,3,24,0.6486486486486487,0.006412251411251432,0.008177168914180235,0.5591666666666667,0.7266666666666666,Other,false
hours,Manufacturing Construction,High tech,,37,-0.05646340385157214,0.09385617019825368,0.008903786189744365,23,0.09486628498623771,0.002536653248601451,0.0020823161067689295,18,13,0.35135135135135137,3,24,0.6486486486486487,0.006412251411251432,0.008177168914180235,0.5591666666666667,0.7266666666666666,Other,false
hours,Energy_intensive,High tech,,37,-0.01732980629668878,0.21312093244259606,0.016792967655690345,29,0.07879548697176199,0.005760025201151244,0.004682449079799309,23,8,0.21621621621621623,2,16,0.43243243243243246,0.01961732987227004,0.025757602063305414,0.5175000000000001,0.7266666666666666,Strong Dynamic Movement,false
hours,Energy intensive,High tech,,37,-0.01732980629668878,0.21312093244259606,0.016792967655690345,29,0.07879548697176199,0.005760025201151244,0.004682449079799309,23,8,0.21621621621621623,2,16,0.43243243243243246,0.01961732987227004,0.025757602063305414,0.5175000000000001,0.7266666666666666,Strong Dynamic Movement,false
hours,Trade,Machine operators/transport,,37,-0.0503606242738552,0.09916868688915435,0.0075689513636380224,17,0.07632400509747805,0.002680234780787956,0.0024741164754445255,15,8,0.21621621621621623,2,23,0.6216216216216216,0.007146025775253302,0.010480927537294604,0.5141666666666667,0.7266666666666666,Other,false
hours,Trade,Machine operators transport,,37,-0.0503606242738552,0.09916868688915435,0.0075689513636380224,17,0.07632400509747805,0.002680234780787956,0.0024741164754445255,15,8,0.21621621621621623,2,23,0.6216216216216216,0.007146025775253302,0.010480927537294604,0.5141666666666667,0.7266666666666666,Other,false
hours,Energy_intensive,Service,,37,0.00997247214644189,0.3352089700322466,0.024299230618805345,31,0.07248979827857172,0.009059701892763422,0.007329869793497778,17,5,0.13513513513513514,2,15,0.40540540540540543,0.0359856604908611,0.11817926234619126,0.5075,0.7266666666666666,Strong Dynamic Movement,false
hours,Energy intensive,Service,,37,0.00997247214644189,0.3352089700322466,0.024299230618805345,31,0.07248979827857172,0.009059701892763422,0.007329869793497778,17,5,0.13513513513513514,2,15,0.40540540540540543,0.0359856604908611,0.11817926234619126,0.5075,0.7266666666666666,Strong Dynamic Movement,false
hours,Services,Managerial,,74,-0.07918086960271689,0.08733160298650475,0.00285591683477822,25,0.032701985731551746,0.001180156797114929,0.00097371030579164,24,18,0.24324324324324326,4,34,0.4594594594594595,0.003552981655870239,0.0049704135613485665,0.42583333333333334,0.7266666666666666,Other,false
hours,Energy_intensive,Managerial,,37,-0.038560130025135045,0.07215277884990573,0.007151473563500476,7,0.09911570527833966,0.0019500751040515058,0.0019579925981133596,13,11,0.2972972972972973,4,21,0.5675675675675675,0.005301537794805485,0.006862968106706585,0.4208333333333333,0.7266666666666666,Other,false
hours,Energy intensive,Managerial,,37,-0.038560130025135045,0.07215277884990573,0.007151473563500476,7,0.09911570527833966,0.0019500751040515058,0.0019579925981133596,13,11,0.2972972972972973,4,21,0.5675675675675675,0.005301537794805485,0.006862968106706585,0.4208333333333333,0.7266666666666666,Other,false
hours,Energy_intensive,Administrative support,,37,-0.05610724599121054,0.062333004260335105,0.004863384586693479,14,0.07802262452137636,0.001684675790819868,0.001486408036811811,14,9,0.24324324324324326,2,20,0.5405405405405406,0.004730861937852359,0.00698550273922002,0.3875,0.7266666666666666,Other,false
hours,Energy intensive,Administrative support,,37,-0.05610724599121054,0.062333004260335105,0.004863384586693479,14,0.07802262452137636,0.001684675790819868,0.001486408036811811,14,9,0.24324324324324326,2,20,0.5405405405405406,0.004730861937852359,0.00698550273922002,0.3875,0.7266666666666666,Other,false
hours,Energy_intensive,Professional specialty,,37,-0.03768981595684405,0.08783304812748216,0.00679457923608843,20,0.07735788955230928,0.0023738661656076254,0.0019114757865244514,17,8,0.21621621621621623,2,22,0.5945945945945946,0.00644409394146471,0.009162838729560063,0.3808333333333333,0.7266666666666666,Other,false
hours,Energy intensive,Professional specialty,,37,-0.03768981595684405,0.08783304812748216,0.00679457923608843,20,0.07735788955230928,0.0023738661656076254,0.0019114757865244514,17,8,0.21621621621621623,2,22,0.5945945945945946,0.00644409394146471,0.009162838729560063,0.3808333333333333,0.7266666666666666,Other,false
hours,Energy_intensive,Farming/forestry/construction,,37,0.010949568589857121,0.09770495537147682,0.009552439801614274,12,0.09776822235162634,0.002640674469499374,0.002309491529985517,15,6,0.16216216216216217,2,14,0.3783783783783784,0.00959180677189823,0.011771761965757115,0.3541666666666667,0.7266666666666666,Other,false
hours,Energy intensive,Farming forestry construction,,37,0.010949568589857121,0.09770495537147682,0.009552439801614274,12,0.09776822235162634,0.002640674469499374,0.002309491529985517,15,6,0.16216216216216217,2,14,0.3783783783783784,0.00959180677189823,0.011771761965757115,0.3541666666666667,0.7266666666666666,Other,false
hours,Services,Precision production/repair,,37,-0.04062894234226062,0.06621058113735248,0.005324103329612127,12,0.08041166892293823,0.0017894751658743917,0.0017151526906318464,18,7,0.1891891891891892,2,19,0.5135135135135135,0.005573619371167462,0.007927686700417727,0.3525,0.7266666666666666,Other,false
hours,Services,Precision production repair,,37,-0.04062894234226062,0.06621058113735248,0.005324103329612127,12,0.08041166892293823,0.0017894751658743917,0.0017151526906318464,18,7,0.1891891891891892,2,19,0.5135135135135135,0.005573619371167462,0.007927686700417727,0.3525,0.7266666666666666,Other,false
hours,Manufacturing_Construction,Professional specialty,,37,-0.040084543326488,0.05812463431388885,0.0037512413195456805,9,0.06453789109945976,0.0015709360625375363,0.0013846788403459203,16,14,0.3783783783783784,4,22,0.5945945945945946,0.0038321094526514166,0.0053022619149843304,0.335,0.7266666666666666,Other,false
hours,Manufacturing Construction,Professional specialty,,37,-0.040084543326488,0.05812463431388885,0.0037512413195456805,9,0.06453789109945976,0.0015709360625375363,0.0013846788403459203,16,14,0.3783783783783784,4,22,0.5945945945945946,0.0038321094526514166,0.0053022619149843304,0.335,0.7266666666666666,Other,false
hours,Manufacturing_Construction,Machine operators/transport,,37,-0.0486320283933209,0.05153642206374157,0.002993932537828574,36,0.058093527217035,0.0013928762719930157,0.0014176224021500675,8,19,0.5135135135135135,5,27,0.7297297297297297,0.002984575059378199,0.0045375829555820615,0.3283333333333333,0.7266666666666666,Other,false
hours,Manufacturing Construction,Machine operators transport,,37,-0.0486320283933209,0.05153642206374157,0.002993932537828574,36,0.058093527217035,0.0013928762719930157,0.0014176224021500675,8,19,0.5135135135135135,5,27,0.7297297297297297,0.002984575059378199,0.0045375829555820615,0.3283333333333333,0.7266666666666666,Other,false
hours,Trade,Managerial,,74,0.004049540353253986,0.10585537394593192,0.0035843530484039794,2,0.033860851034684086,0.0014304780262963772,0.0010411460887683336,32,14,0.1891891891891892,2,32,0.43243243243243246,0.004988448059488867,0.008045469932185108,0.28833333333333333,0.7266666666666666,Other,false
hours,Manufacturing_Construction,Administrative support,,37,-0.019364523186873067,0.060648427610579474,0.005769681304675017,28,0.0951332381067132,0.0016391466921778237,0.0011185904435744058,16,8,0.21621621621621623,3,14,0.3783783783783784,0.005489153245760819,0.007088050811396162,0.27249999999999996,0.7266666666666666,Other,false
hours,Manufacturing Construction,Administrative support,,37,-0.019364523186873067,0.060648427610579474,0.005769681304675017,28,0.0951332381067132,0.0016391466921778237,0.0011185904435744058,16,8,0.21621621621621623,3,14,0.3783783783783784,0.005489153245760819,0.007088050811396162,0.27249999999999996,0.7266666666666666,Other,false
hours,Manufacturing_Construction,Precision production/repair,,37,-0.0391784857474155,0.04605594447318252,0.0038497747220207087,21,0.08358909508982836,0.00124475525603196,0.0011999035883289494,14,9,0.24324324324324326,2,19,0.5135135135135135,0.00338512641737285,0.005036733950588092,0.25249999999999995,0.7266666666666666,Other,false
hours,Manufacturing Construction,Precision production repair,,37,-0.0391784857474155,0.04605594447318252,0.0038497747220207087,21,0.08358909508982836,0.00124475525603196,0.0011999035883289494,14,9,0.24324324324324326,2,19,0.5135135135135135,0.00338512641737285,0.005036733950588092,0.25249999999999995,0.7266666666666666,Other,false
hours,Energy_intensive,Precision production/repair,,37,-0.02852670534602715,0.05210453783959445,0.0039625156275170485,33,0.07604933834584206,0.0014082307524214712,0.0012907398539866363,16,10,0.2702702702702703,2,19,0.5135135135135135,0.0042387752013898685,0.005858554571844784,0.2475,0.7266666666666666,Other,false
hours,Energy intensive,Precision production repair,,37,-0.02852670534602715,0.05210453783959445,0.0039625156275170485,33,0.07604933834584206,0.0014082307524214712,0.0012907398539866363,16,10,0.2702702702702703,2,19,0.5135135135135135,0.0042387752013898685,0.005858554571844784,0.2475,0.7266666666666666,Other,false
hours,Energy_intensive,Machine operators/transport,,37,-0.02459252565342066,0.05660300473999172,0.005123343896758708,4,0.09051363828286155,0.0015298109389186951,0.0011897132452702637,17,7,0.1891891891891892,3,15,0.40540540540540543,0.0051817252845485304,0.007484163566341155,0.22083333333333333,0.7266666666666666,Other,false
hours,Energy intensive,Machine operators transport,,37,-0.02459252565342066,0.05660300473999172,0.005123343896758708,4,0.09051363828286155,0.0015298109389186951,0.0011897132452702637,17,7,0.1891891891891892,3,15,0.40540540540540543,0.0051817252845485304,0.007484163566341155,0.22083333333333333,0.7266666666666666,Other,false
hours,Manufacturing_Construction,Managerial,,37,-0.006833969638610893,0.03606847843600154,0.0029492889842225585,21,0.08176915445589585,0.0009748237415135554,0.0009405183944917182,17,5,0.13513513513513514,1,14,0.3783783783783784,0.0038073894042667685,0.004938936669520377,0.057499999999999996,0.7266666666666666,Other,false
hours,Manufacturing Construction,Managerial,,37,-0.006833969638610893,0.03606847843600154,0.0029492889842225585,21,0.08176915445589585,0.0009748237415135554,0.0009405183944917182,17,5,0.13513513513513514,1,14,0.3783783783783784,0.0038073894042667685,0.004938936669520377,0.057499999999999996,0.7266666666666666,Other,false
income,Trade,High tech,,42,6.126833968158979,9.548721268861508,2.6906298532036526,2,0.2817790756944417,0.2273505064014645,0.0690710854272001,23,26,0.6190476190476191,6,28,0.6666666666666666,1.0141672567452678,8.749348069305706,0.9666666666666667,0.7336666666666668,Strong Net Effect,true
income,Trade,Farming forestry construction,,37,NaN,NaN,NaN,0,NaN,NaN,NaN,36,0,0.0,0,0,0.0,NaN,NaN,0.8691666666666666,0.7336666666666668,Sharp Peak Response,false
income,Trade,Farming/forestry/construction,,37,NaN,NaN,NaN,0,NaN,NaN,NaN,36,0,0.0,0,0,0.0,NaN,NaN,0.8549999999999999,0.7336666666666668,Sharp Peak Response,false
income,Energy_intensive,Service,,37,0.38056211327848766,0.7445385553380943,0.06410951790861436,3,0.08610637749915084,0.02012266365778633,0.016181738957862953,18,7,0.1891891891891892,2,17,0.4594594594594595,0.06718991210164749,0.11504553605691287,0.8466666666666665,0.7336666666666668,Strong Net Effect,true
income,Energy intensive,Service,,37,0.38056211327848766,0.7445385553380943,0.06410951790861436,3,0.08610637749915084,0.02012266365778633,0.016181738957862953,18,7,0.1891891891891892,2,17,0.4594594594594595,0.06718991210164749,0.11504553605691287,0.8466666666666665,0.7336666666666668,Strong Net Effect,true
income,Trade,Sales,,74,-0.4616825198739458,0.4616825198739458,0.014508243453002893,31,0.03142471899729734,0.00623895297126954,0.006149423936485938,0,52,0.7027027027027027,10,60,0.8108108108108109,0.009247352057131076,0.013210929724463054,0.8358333333333333,0.7336666666666668,Strong Net Effect,true
income,Trade,Professional specialty,,74,-0.23699971686005336,0.5555641357634998,0.023468973005411013,10,0.04224349898532977,0.007507623456263511,0.005717358858493971,43,12,0.16216216216216217,2,28,0.3783783783783784,0.0250207788978578,0.03444504305268218,0.8216666666666668,0.7336666666666668,Strong Net Effect,true
income,Trade,Precision production/repair,,37,-0.32710972409545874,0.3378587496288634,0.019304756131670986,27,0.05713854133680773,0.009131317557536846,0.010412351341673046,5,25,0.6756756756756757,9,30,0.8108108108108109,0.014924261090226409,0.01984156060610441,0.8133333333333334,0.7336666666666668,Strong Net Effect,true
income,Trade,Precision production repair,,37,-0.32710972409545874,0.3378587496288634,0.019304756131670986,27,0.05713854133680773,0.009131317557536846,0.010412351341673046,5,25,0.6756756756756757,9,30,0.8108108108108109,0.014924261090226409,0.01984156060610441,0.8133333333333334,0.7336666666666668,Strong Net Effect,true
income,Trade,Service,,74,-0.32817644105102967,0.3858357635805519,0.01346464514150977,20,0.0348973485935,0.005213996805142593,0.005707611622711375,19,40,0.5405405405405406,8,52,0.7027027027027027,0.01099743180119284,0.01541046846081931,0.8008333333333334,0.7336666666666668,Strong Net Effect,true
income,Energy_intensive,High tech,,37,0.20724029044842468,0.551223501131621,0.04571274349615035,12,0.08292959825244293,0.01489793246301678,0.013346708079967292,18,8,0.21621621621621623,1,19,0.5135135135135135,0.04385529262967945,0.058943495418322084,0.7716666666666667,0.7336666666666668,Strong Net Effect,true
income,Energy intensive,High tech,,37,0.20724029044842468,0.551223501131621,0.04571274349615035,12,0.08292959825244293,0.01489793246301678,0.013346708079967292,18,8,0.21621621621621623,1,19,0.5135135135135135,0.04385529262967945,0.058943495418322084,0.7716666666666667,0.7336666666666668,Strong Net Effect,true
income,Manufacturing_Construction,High tech,,37,-0.19890249533442966,0.24831498653952508,0.021951384671575588,33,0.08840136867084145,0.006711215852419597,0.005407488894693597,12,12,0.32432432432432434,5,18,0.4864864864864865,0.017641816137681045,0.024185035055692784,0.7241666666666666,0.7336666666666668,Other,false
income,Manufacturing Construction,High tech,,37,-0.19890249533442966,0.24831498653952508,0.021951384671575588,33,0.08840136867084145,0.006711215852419597,0.005407488894693597,12,12,0.32432432432432434,5,18,0.4864864864864865,0.017641816137681045,0.024185035055692784,0.7241666666666666,0.7336666666666668,Other,false
income,Services,Farming/forestry/construction,,37,-0.21793913301615958,0.23652966929312497,0.015903692132978417,13,0.06723762046641765,0.006392693764679054,0.0058994897357814245,7,13,0.35135135135135137,4,26,0.7027027027027027,0.014127006137656717,0.02063908828089203,0.7191666666666667,0.7336666666666668,Persistent Significant Response,false
income,Services,Farming forestry construction,,37,-0.21793913301615958,0.23652966929312497,0.015903692132978417,13,0.06723762046641765,0.006392693764679054,0.0058994897357814245,7,13,0.35135135135135137,4,26,0.7027027027027027,0.014127006137656717,0.02063908828089203,0.7191666666666667,0.7336666666666668,Persistent Significant Response,false
income,Energy_intensive,Sales,,37,-0.08131174991838336,0.6096035365085566,0.03884737320360259,21,0.06372563621611686,0.016475771256988018,0.014667182138565956,14,12,0.32432432432432434,2,18,0.4864864864864865,0.044515020157935514,0.0690503204740632,0.6991666666666667,0.7336666666666668,Strong Dynamic Movement,false
income,Energy intensive,Sales,,37,-0.08131174991838336,0.6096035365085566,0.03884737320360259,21,0.06372563621611686,0.016475771256988018,0.014667182138565956,14,12,0.32432432432432434,2,18,0.4864864864864865,0.044515020157935514,0.0690503204740632,0.6991666666666667,0.7336666666666668,Strong Dynamic Movement,false
income,Manufacturing_Construction,Sales,,37,-0.13773901274108852,0.344357106602035,0.027550734963138184,15,0.08000629124514595,0.009306948827082025,0.007107644452255549,11,7,0.1891891891891892,2,18,0.4864864864864865,0.026523306623622196,0.038226200066784934,0.6758333333333333,0.7336666666666668,Sharp Peak Response,false
income,Manufacturing Construction,Sales,,37,-0.13773901274108852,0.344357106602035,0.027550734963138184,15,0.08000629124514595,0.009306948827082025,0.007107644452255549,11,7,0.1891891891891892,2,18,0.4864864864864865,0.026523306623622196,0.038226200066784934,0.6758333333333333,0.7336666666666668,Sharp Peak Response,false
income,Trade,Administrative support,,74,-0.16964706740579913,0.26314780109363695,0.011989716495975473,22,0.04556267027938844,0.0035560513661302283,0.0029787140768480487,28,10,0.13513513513513514,1,32,0.43243243243243246,0.012572948461041466,0.016911861555818808,0.6058333333333333,0.7336666666666668,Other,false
income,Services,Sales,,74,-0.10312766666329241,0.31458113825076517,0.013059470231880503,33,0.041513837429980556,0.0042510964628481775,0.002791980386480822,31,12,0.16216216216216217,2,30,0.40540540540540543,0.014702176222476316,0.017828117461305158,0.6033333333333333,0.7336666666666668,Other,false
income,Services,Machine operators/transport,,37,-0.14857645158567367,0.22699223766448975,0.016697909195335845,32,0.07356158680640221,0.0061349253422835065,0.006039495339081055,11,8,0.21621621621621623,1,19,0.5135135135135135,0.016881815494574133,0.021338530903837048,0.6008333333333333,0.7336666666666668,Other,false
income,Services,Machine operators transport,,37,-0.14857645158567367,0.22699223766448975,0.016697909195335845,32,0.07356158680640221,0.0061349253422835065,0.006039495339081055,11,8,0.21621621621621623,1,19,0.5135135135135135,0.016881815494574133,0.021338530903837048,0.6008333333333333,0.7336666666666668,Other,false
income,Manufacturing_Construction,Service,,37,-0.032164985159564646,0.850260053767596,0.058755347880656804,31,0.06910279698582261,0.022980001453178262,0.020100702899435528,19,5,0.13513513513513514,2,16,0.43243243243243246,0.08858042441939155,0.21425909992187653,0.5549999999999999,0.7336666666666668,Strong Dynamic Movement,false
income,Manufacturing Construction,Service,,37,-0.032164985159564646,0.850260053767596,0.058755347880656804,31,0.06910279698582261,0.022980001453178262,0.020100702899435528,19,5,0.13513513513513514,2,16,0.43243243243243246,0.08858042441939155,0.21425909992187653,0.5549999999999999,0.7336666666666668,Strong Dynamic Movement,false
income,Services,Precision production/repair,,37,-0.15046315747924766,0.1809802659100131,0.012797890356105889,0,0.0707142863988787,0.004891358538108462,0.004288444860511237,8,10,0.2702702702702703,3,19,0.5135135135135135,0.012784426830471287,0.016506961477929835,0.5416666666666666,0.7336666666666668,Other,false
income,Services,Precision production repair,,37,-0.15046315747924766,0.1809802659100131,0.012797890356105889,0,0.0707142863988787,0.004891358538108462,0.004288444860511237,8,10,0.2702702702702703,3,19,0.5135135135135135,0.012784426830471287,0.016506961477929835,0.5416666666666666,0.7336666666666668,Other,false
income,Energy_intensive,Professional specialty,,37,-0.09273194014681399,0.20124708878921935,0.018469135630067468,31,0.09177343007138618,0.0054391105078167405,0.004829988509321023,17,6,0.16216216216216217,3,14,0.3783783783783784,0.018344303113637436,0.0249622933270668,0.5116666666666667,0.7336666666666668,Other,false
income,Energy intensive,Professional specialty,,37,-0.09273194014681399,0.20124708878921935,0.018469135630067468,31,0.09177343007138618,0.0054391105078167405,0.004829988509321023,17,6,0.16216216216216217,3,14,0.3783783783783784,0.018344303113637436,0.0249622933270668,0.5116666666666667,0.7336666666666668,Other,false
income,Services,Professional specialty,,74,-0.10882566609290274,0.2016646845717714,0.0061538666620764996,20,0.030515341221711883,0.0027251984401590722,0.0020475122065720555,16,20,0.2702702702702703,2,34,0.4594594594594595,0.00831420126378869,0.010537219881168122,0.5108333333333334,0.7336666666666668,Persistent Significant Response,false
income,Energy_intensive,Farming/forestry/construction,,37,-0.07366134253329998,0.21295131400515682,0.01759420579375698,24,0.08262078999583405,0.005755440919058294,0.005030654020373764,17,10,0.2702702702702703,2,14,0.3783783783783784,0.019819379268602808,0.026304828080718944,0.4983333333333333,0.7336666666666668,Other,false
income,Energy intensive,Farming forestry construction,,37,-0.07366134253329998,0.21295131400515682,0.01759420579375698,24,0.08262078999583405,0.005755440919058294,0.005030654020373764,17,10,0.2702702702702703,2,14,0.3783783783783784,0.019819379268602808,0.026304828080718944,0.4983333333333333,0.7336666666666668,Other,false
income,Manufacturing_Construction,Farming/forestry/construction,,37,-0.09031697148191271,0.15013675626573247,0.01328387748214883,35,0.08847851660413666,0.004057750169344122,0.003500319433957431,14,13,0.35135135135135137,3,22,0.5945945945945946,0.009866880689359125,0.013601375110704238,0.4925,0.7336666666666668,Persistent Significant Response,false
income,Manufacturing Construction,Farming forestry construction,,37,-0.09031697148191271,0.15013675626573247,0.01328387748214883,35,0.08847851660413666,0.004057750169344122,0.003500319433957431,14,13,0.35135135135135137,3,22,0.5945945945945946,0.009866880689359125,0.013601375110704238,0.4925,0.7336666666666668,Persistent Significant Response,false
income,Services,Service,,74,-0.10457922882502174,0.17447074902727863,0.006795621887422436,36,0.0389499209770684,0.002357712824692954,0.0021858019493218904,19,14,0.1891891891891892,3,38,0.5135135135135135,0.007812111049414642,0.009486074370874615,0.4566666666666666,0.7336666666666668,Persistent Significant Response,false
income,Trade,Managerial,,74,-0.001664303148136436,0.343754497292989,0.012157203705311457,0,0.035365948085181335,0.004645331044499848,0.004485764229087184,32,22,0.2972972972972973,4,38,0.5135135135135135,0.012816117979752023,0.018276531144384517,0.4391666666666666,0.7336666666666668,Persistent Significant Response,false
income,Manufacturing_Construction,Precision production/repair,,37,-0.10516159627023439,0.1303745235361159,0.008729568270328643,12,0.06695762357214222,0.0035236357712463756,0.003389683472237934,12,11,0.2972972972972973,3,24,0.6486486486486487,0.009054715733297462,0.011924974552996414,0.4175,0.7336666666666668,Other,false
income,Manufacturing Construction,Precision production repair,,37,-0.10516159627023439,0.1303745235361159,0.008729568270328643,12,0.06695762357214222,0.0035236357712463756,0.003389683472237934,12,11,0.2972972972972973,3,24,0.6486486486486487,0.009054715733297462,0.011924974552996414,0.4175,0.7336666666666668,Other,false
income,Energy_intensive,Managerial,,37,0.016088137529882626,0.18800073576943546,0.013911404339876227,23,0.07399654199724626,0.005081100966741498,0.003889673453716051,18,13,0.35135135135135137,2,19,0.5135135135135135,0.013850019312491175,0.02083716715325844,0.4133333333333334,0.7336666666666668,Persistent Significant Response,false
income,Energy intensive,Managerial,,37,0.016088137529882626,0.18800073576943546,0.013911404339876227,23,0.07399654199724626,0.005081100966741498,0.003889673453716051,18,13,0.35135135135135137,2,19,0.5135135135135135,0.013850019312491175,0.02083716715325844,0.4133333333333334,0.7336666666666668,Persistent Significant Response,false
income,Trade,Machine operators/transport,,37,-0.06229355025361279,0.15491792400586724,0.013048670032269486,20,0.08422956940589581,0.004186970919077494,0.0036682208417734927,15,11,0.2972972972972973,3,20,0.5405405405405406,0.011963320165862906,0.016586226613006485,0.3983333333333333,0.7336666666666668,Other,false
income,Trade,Machine operators transport,,37,-0.06229355025361279,0.15491792400586724,0.013048670032269486,20,0.08422956940589581,0.004186970919077494,0.0036682208417734927,15,11,0.2972972972972973,3,20,0.5405405405405406,0.011963320165862906,0.016586226613006485,0.3983333333333333,0.7336666666666668,Other,false
income,Services,High tech,,74,-0.00472859988009393,0.25087356842252706,0.008156688255724315,22,0.03251314320202371,0.0033901833570611772,0.00311961604503712,32,16,0.21621621621621623,2,34,0.4594594594594595,0.010640348472788691,0.013048827664377451,0.3816666666666666,0.7336666666666668,Persistent Significant Response,false
income,Energy_intensive,Precision production/repair,,37,-0.08724571445663622,0.16541780691937896,0.01058701724735205,3,0.06400167820210512,0.004470751538361594,0.0041171788592756515,10,6,0.16216216216216217,2,23,0.6216216216216216,0.012526901455449742,0.018922746918273746,0.36999999999999994,0.7336666666666668,Other,false
income,Energy intensive,Precision production repair,,37,-0.08724571445663622,0.16541780691937896,0.01058701724735205,3,0.06400167820210512,0.004470751538361594,0.0041171788592756515,10,6,0.16216216216216217,2,23,0.6216216216216216,0.012526901455449742,0.018922746918273746,0.36999999999999994,0.7336666666666668,Other,false
income,Energy_intensive,Machine operators/transport,,37,0.03781021241987713,0.12644858315917518,0.012289574754074602,14,0.0971902922676826,0.0034175292745723014,0.0024169642495717267,18,10,0.2702702702702703,3,16,0.43243243243243246,0.010754687170015964,0.014402201698879263,0.30833333333333335,0.7336666666666668,Other,false
income,Energy intensive,Machine operators transport,,37,0.03781021241987713,0.12644858315917518,0.012289574754074602,14,0.0971902922676826,0.0034175292745723014,0.0024169642495717267,18,10,0.2702702702702703,3,16,0.43243243243243246,0.010754687170015964,0.014402201698879263,0.30833333333333335,0.7336666666666668,Other,false
income,Manufacturing_Construction,Administrative support,,37,-0.03764892288075901,0.14139338458534584,0.010953679625692743,28,0.07746953407909293,0.0038214428266309694,0.003220443265765816,21,6,0.16216216216216217,1,18,0.4864864864864865,0.011378450853544704,0.014820019497858258,0.2658333333333333,0.7336666666666668,Other,false
income,Manufacturing Construction,Administrative support,,37,-0.03764892288075901,0.14139338458534584,0.010953679625692743,28,0.07746953407909293,0.0038214428266309694,0.003220443265765816,21,6,0.16216216216216217,1,18,0.4864864864864865,0.011378450853544704,0.014820019497858258,0.2658333333333333,0.7336666666666668,Other,false
income,Manufacturing_Construction,Machine operators/transport,,37,-0.07370355029393989,0.09483789156819411,0.007251728902912124,36,0.07646446776706015,0.0025631862585998406,0.002192654312061406,12,11,0.2972972972972973,3,17,0.4594594594594595,0.007201066940490579,0.010584684390369078,0.2616666666666667,0.7336666666666668,Other,false
income,Manufacturing Construction,Machine operators transport,,37,-0.07370355029393989,0.09483789156819411,0.007251728902912124,36,0.07646446776706015,0.0025631862585998406,0.002192654312061406,12,11,0.2972972972972973,3,17,0.4594594594594595,0.007201066940490579,0.010584684390369078,0.2616666666666667,0.7336666666666668,Other,false
income,Services,Managerial,,74,-0.07925304903620592,0.14837413629726148,0.0058453541065270785,22,0.0393960447042883,0.0020050558959089386,0.0017870525215552503,35,4,0.05405405405405406,1,24,0.32432432432432434,0.007411624951332426,0.009008375648093665,0.24416666666666662,0.7336666666666668,Other,false
income,Manufacturing_Construction,Managerial,,37,0.008611255036496226,0.11394510334797232,0.007691591007169595,3,0.06750260240390109,0.0030795973877830356,0.002580205732608141,16,7,0.1891891891891892,2,14,0.3783783783783784,0.009404276508551671,0.012254556593270573,0.15083333333333332,0.7336666666666668,Other,false
income,Manufacturing Construction,Managerial,,37,0.008611255036496226,0.11394510334797232,0.007691591007169595,3,0.06750260240390109,0.0030795973877830356,0.002580205732608141,16,7,0.1891891891891892,2,14,0.3783783783783784,0.009404276508551671,0.012254556593270573,0.15083333333333332,0.7336666666666668,Other,false
income,Manufacturing_Construction,Professional specialty,,37,-0.03607857420979383,0.09897519058187625,0.007707857284874548,33,0.0778766601969642,0.00267500515086152,0.002383942496249151,14,4,0.10810810810810811,1,16,0.43243243243243246,0.010971992799870638,0.01630010468733985,0.14666666666666667,0.7336666666666668,Other,false
income,Manufacturing Construction,Professional specialty,,37,-0.03607857420979383,0.09897519058187625,0.007707857284874548,33,0.0778766601969642,0.00267500515086152,0.002383942496249151,14,4,0.10810810810810811,1,16,0.43243243243243246,0.010971992799870638,0.01630010468733985,0.14666666666666667,0.7336666666666668,Other,false
income,Energy_intensive,Administrative support,,37,0.030353378036966583,0.1075424943951601,0.008333006667635902,24,0.07748571124839862,0.002906553902571894,0.0030428896614550075,18,1,0.02702702702702703,1,16,0.43243243243243246,0.012028003662129848,0.01557676087961168,0.13583333333333333,0.7336666666666668,Other,false
income,Energy intensive,Administrative support,,37,0.030353378036966583,0.1075424943951601,0.008333006667635902,24,0.07748571124839862,0.002906553902571894,0.0030428896614550075,18,1,0.02702702702702703,1,16,0.43243243243243246,0.012028003662129848,0.01557676087961168,0.13583333333333333,0.7336666666666668,Other,false
income,Services,Administrative support,,74,0.0015390993924119909,0.13909667276628768,0.005055518777157943,16,0.0363453609393828,0.001879684767111996,0.0012594737504191022,32,6,0.08108108108108109,2,22,0.2972972972972973,0.008871391015606474,0.012869657063592763,0.11416666666666667,0.7336666666666668,Other,false
income_share_var,Services,Professional specialty,,74,0.10064722546101611,0.10081687590751774,0.002891517473758994,7,0.028680887477722156,0.0013623902149664559,0.00130580687169695,4,50,0.6756756756756757,5,66,0.8918918918918919,0.002210846348382113,0.0029720889489249468,0.9658333333333333,0.8015000000000001,Strong Net Effect,true
income_share_var,Trade,High tech,,42,0.034873432181993916,0.06363864023477613,0.012189319566196684,2,0.19153959797424583,0.0015152057198756224,0.0005909528277007438,15,28,0.6666666666666666,5,32,0.7619047619047619,0.001373680752934681,0.0066104356902341455,0.9508333333333333,0.8015000000000001,Strong Net Effect,true
income_share_var,Services,Managerial,,74,-0.03417978208010961,0.03655782110018251,0.001126206153014255,2,0.030806161831363425,0.0004940246094619257,0.00045959103702706097,16,16,0.21621621621621623,4,42,0.5675675675675675,0.0016044863748094415,0.0022695543676060055,0.9233333333333333,0.8015000000000001,Strong Net Effect,true
income_share_var,Trade,Sales,,74,-0.033864776128708016,0.03508026420008032,0.0009577266393610814,6,0.02730100987548687,0.00047405762432540973,0.000431730860134572,8,40,0.5405405405405406,8,60,0.8108108108108109,0.000854715018316621,0.0009904421435358753,0.9174999999999999,0.8015000000000001,Strong Net Effect,true
income_share_var,Services,Sales,,74,-0.024733903557371262,0.025305145105598677,0.0007983402031778605,7,0.031548532910851815,0.0003419614203459281,0.000350900513250457,7,32,0.43243243243243246,2,52,0.7027027027027027,0.0007216825139482952,0.000880050576060398,0.9008333333333333,0.8015000000000001,Strong Net Effect,true
income_share_var,Trade,Administrative support,,74,0.021213453045078084,0.021504156454912597,0.000597515938837819,31,0.027786067316363728,0.0002905967088501703,0.0002694299656478191,4,56,0.7567567567567568,7,72,0.972972972972973,0.0004073242036770551,0.0005098261800538344,0.8808333333333332,0.8015000000000001,Strong Net Effect,true
income_share_var,Trade,Farming forestry construction,,37,NaN,NaN,NaN,0,NaN,NaN,NaN,36,0,0.0,0,0,0.0,NaN,NaN,0.8691666666666666,0.8015000000000001,Sharp Peak Response,false
income_share_var,Services,High tech,,74,0.016110676196502745,0.018396237162278842,0.0007331791625625592,26,0.03985484401483636,0.0002485977994902546,0.00021396766158866847,19,18,0.24324324324324326,1,44,0.5945945945945946,0.0006141834221613321,0.0007911712711546248,0.8658333333333333,0.8015000000000001,Strong Net Effect,true
income_share_var,Trade,Farming/forestry/construction,,37,NaN,NaN,NaN,0,NaN,NaN,NaN,36,0,0.0,0,0,0.0,NaN,NaN,0.8549999999999999,0.8015000000000001,Sharp Peak Response,false
income_share_var,Manufacturing_Construction,Professional specialty,,37,0.008593308927892113,0.011584034738711944,0.0010479171901435539,0,0.09046219333593558,0.00031308201996518766,0.0002672091691315913,14,15,0.40540540540540543,3,23,0.6216216216216216,0.0006614878765250951,0.0008281992787525361,0.8416666666666666,0.8015000000000001,Strong Net Effect,true
income_share_var,Manufacturing Construction,Professional specialty,,37,0.008593308927892113,0.011584034738711944,0.0010479171901435539,0,0.09046219333593558,0.00031308201996518766,0.0002672091691315913,14,15,0.40540540540540543,3,23,0.6216216216216216,0.0006614878765250951,0.0008281992787525361,0.8416666666666666,0.8015000000000001,Strong Net Effect,true
income_share_var,Services,Administrative support,,74,-0.011589715608600318,0.01601572300712382,0.0006107692588373017,0,0.03813560327970398,0.000216428689285457,0.00017738289275385084,20,8,0.10810810810810811,1,26,0.35135135135135137,0.0009195765223346073,0.0011701347234762327,0.8175,0.8015000000000001,Strong Net Effect,true
income_share_var,Services,Service,,74,0.008684444067732262,0.014003002563741776,0.0005404465701271502,35,0.03859504900231456,0.0001892297643748888,0.00014637377204616988,27,14,0.1891891891891892,2,24,0.32432432432432434,0.0006875275984720705,0.0008507393700591577,0.7975000000000001,0.8015000000000001,Persistent Significant Response,false
income_share_var,Manufacturing_Construction,Machine operators/transport,,37,-0.006777609548961583,0.010469182750924982,0.000721854102565919,6,0.06895037747833194,0.0002829508851601347,0.0002462580209732324,13,6,0.16216216216216217,2,14,0.3783783783783784,0.0009835808510393481,0.0012465821013244453,0.7558333333333332,0.8015000000000001,Sharp Peak Response,false
income_share_var,Manufacturing Construction,Machine operators transport,,37,-0.006777609548961583,0.010469182750924982,0.000721854102565919,6,0.06895037747833194,0.0002829508851601347,0.0002462580209732324,13,6,0.16216216216216217,2,14,0.3783783783783784,0.0009835808510393481,0.0012465821013244453,0.7558333333333332,0.8015000000000001,Sharp Peak Response,false
income_share_var,Manufacturing_Construction,Managerial,,37,-0.005586541269611096,0.00928025076666011,0.0005467130317184454,15,0.05891145028995839,0.00025081758828811106,0.00023801212956216559,12,6,0.16216216216216217,1,18,0.4864864864864865,0.000839936859873289,0.001058612372604215,0.6808333333333333,0.8015000000000001,Other,false
income_share_var,Manufacturing Construction,Managerial,,37,-0.005586541269611096,0.00928025076666011,0.0005467130317184454,15,0.05891145028995839,0.00025081758828811106,0.00023801212956216559,12,6,0.16216216216216217,1,18,0.4864864864864865,0.000839936859873289,0.001058612372604215,0.6808333333333333,0.8015000000000001,Other,false
income_share_var,Energy_intensive,Professional specialty,,37,-0.005477623808937485,0.006919305958973121,0.0004967026437236974,16,0.0717850383649478,0.00018700826916143572,0.00016925506004062462,16,14,0.3783783783783784,2,23,0.6216216216216216,0.0004319723298856817,0.0005204247617877594,0.6699999999999999,0.8015000000000001,Persistent Significant Response,false
income_share_var,Energy intensive,Professional specialty,,37,-0.005477623808937485,0.006919305958973121,0.0004967026437236974,16,0.0717850383649478,0.00018700826916143572,0.00016925506004062462,16,14,0.3783783783783784,2,23,0.6216216216216216,0.0004319723298856817,0.0005204247617877594,0.6699999999999999,0.8015000000000001,Persistent Significant Response,false
income_share_var,Manufacturing_Construction,Farming/forestry/construction,,37,-0.005883656834680318,0.007809808935308431,0.0005820912120190355,31,0.07453334861847644,0.00021107591717049813,0.00019277888470745059,8,4,0.10810810810810811,1,13,0.35135135135135137,0.0007881203078132142,0.0009563228400938492,0.6491666666666667,0.8015000000000001,Other,false
income_share_var,Manufacturing Construction,Farming forestry construction,,37,-0.005883656834680318,0.007809808935308431,0.0005820912120190355,31,0.07453334861847644,0.00021107591717049813,0.00019277888470745059,8,4,0.10810810810810811,1,13,0.35135135135135137,0.0007881203078132142,0.0009563228400938492,0.6491666666666667,0.8015000000000001,Other,false
income_share_var,Trade,Machine operators/transport,,37,-0.006008065269994593,0.006163468312339389,0.0003300073048994562,17,0.053542468002759885,0.00016658022465782134,0.0001784588182233993,6,20,0.5405405405405406,7,26,0.7027027027027027,0.0003268335830664423,0.000393648417478548,0.6333333333333333,0.8015000000000001,Persistent Significant Response,false
income_share_var,Trade,Machine operators transport,,37,-0.006008065269994593,0.006163468312339389,0.0003300073048994562,17,0.053542468002759885,0.00016658022465782134,0.0001784588182233993,6,20,0.5405405405405406,7,26,0.7027027027027027,0.0003268335830664423,0.000393648417478548,0.6333333333333333,0.8015000000000001,Persistent Significant Response,false
income_share_var,Trade,Service,,74,-0.005340369348928336,0.009684867123161772,0.00036921979865931913,26,0.03812337267656613,0.00013087658274542934,0.00011599304949301513,24,12,0.16216216216216217,1,32,0.43243243243243246,0.00048742509470110963,0.0005855784156814136,0.6308333333333334,0.8015000000000001,Other,false
income_share_var,Trade,Managerial,,74,-0.004698512393442072,0.01041395141823079,0.00037358583548295046,26,0.035873591154741376,0.00014072907321933503,0.00013984559387599676,32,8,0.10810810810810811,2,30,0.40540540540540543,0.000554019350658007,0.0007401724204530338,0.6299999999999999,0.8015000000000001,Other,false
income_share_var,Manufacturing_Construction,Precision production/repair,,37,-0.003283663152986307,0.005731768402991653,0.00043448385834525543,28,0.07580275890395011,0.00015491265954031496,0.00010879753281809281,15,5,0.13513513513513514,1,15,0.40540540540540543,0.0005997371238026798,0.0007926908290689524,0.5425,0.8015000000000001,Other,false
income_share_var,Manufacturing Construction,Precision production repair,,37,-0.003283663152986307,0.005731768402991653,0.00043448385834525543,28,0.07580275890395011,0.00015491265954031496,0.00010879753281809281,15,5,0.13513513513513514,1,15,0.40540540540540543,0.0005997371238026798,0.0007926908290689524,0.5425,0.8015000000000001,Other,false
income_share_var,Manufacturing_Construction,Administrative support,,37,0.0022074783469155108,0.0044869468426514325,0.00039895524858339166,12,0.0889146367394093,0.00012126883358517387,7.946660992212919e-5,19,10,0.2702702702702703,2,15,0.40540540540540543,0.00038790701567746307,0.0004939689480956384,0.4825,0.8015000000000001,Other,false
income_share_var,Manufacturing Construction,Administrative support,,37,0.0022074783469155108,0.0044869468426514325,0.00039895524858339166,12,0.0889146367394093,0.00012126883358517387,7.946660992212919e-5,19,10,0.2702702702702703,2,15,0.40540540540540543,0.00038790701567746307,0.0004939689480956384,0.4825,0.8015000000000001,Other,false
income_share_var,Energy_intensive,Machine operators/transport,,37,0.0010214477114764628,0.006178594511075153,0.00037685936064574895,27,0.060994350733039236,0.00016698904083986904,0.00016964518669768716,16,8,0.21621621621621623,3,19,0.5135135135135135,0.000495658437752795,0.000634529580981781,0.4575,0.8015000000000001,Other,false
income_share_var,Energy intensive,Machine operators transport,,37,0.0010214477114764628,0.006178594511075153,0.00037685936064574895,27,0.060994350733039236,0.00016698904083986904,0.00016964518669768716,16,8,0.21621621621621623,3,19,0.5135135135135135,0.000495658437752795,0.000634529580981781,0.4575,0.8015000000000001,Other,false
income_share_var,Services,Precision production/repair,,37,-0.002586072559846357,0.00467328433973543,0.00030960687594779426,1,0.06625038269452317,0.0001263049821550116,0.00010466732195584208,16,6,0.16216216216216217,2,15,0.40540540540540543,0.00041951621112221795,0.000531213558792896,0.44250000000000006,0.8015000000000001,Other,false
income_share_var,Services,Precision production repair,,37,-0.002586072559846357,0.00467328433973543,0.00030960687594779426,1,0.06625038269452317,0.0001263049821550116,0.00010466732195584208,16,6,0.16216216216216217,2,15,0.40540540540540543,0.00041951621112221795,0.000531213558792896,0.44250000000000006,0.8015000000000001,Other,false
income_share_var,Services,Farming/forestry/construction,,37,-0.0020512584386148474,0.004489008715533301,0.0005438162034654927,20,0.12114394021640623,0.0001213245598792784,0.00011072851605444293,17,4,0.10810810810810811,1,17,0.4594594594594595,0.0004657648239965345,0.0006323212066166847,0.43583333333333335,0.8015000000000001,Other,false
income_share_var,Services,Farming forestry construction,,37,-0.0020512584386148474,0.004489008715533301,0.0005438162034654927,20,0.12114394021640623,0.0001213245598792784,0.00011072851605444293,17,4,0.10810810810810811,1,17,0.4594594594594595,0.0004657648239965345,0.0006323212066166847,0.43583333333333335,0.8015000000000001,Other,false
income_share_var,Trade,Professional specialty,,74,-0.0007615435773906065,0.0075548215133574405,0.00032261440394484007,21,0.04270311394841503,0.00010209218261293839,8.24123392607463e-5,44,12,0.16216216216216217,2,26,0.35135135135135137,0.00038407622551247795,0.0005175192327819978,0.4191666666666667,0.8015000000000001,Other,false
income_share_var,Energy_intensive,Managerial,,37,0.0012970923179401015,0.004722874651558046,0.00037213905821178604,12,0.07879503176926785,0.0001276452608529202,0.00011022653466797919,20,4,0.10810810810810811,3,16,0.43243243243243246,0.0005020219929781973,0.0006796853323925781,0.3891666666666666,0.8015000000000001,Other,false
income_share_var,Energy intensive,Managerial,,37,0.0012970923179401015,0.004722874651558046,0.00037213905821178604,12,0.07879503176926785,0.0001276452608529202,0.00011022653466797919,20,4,0.10810810810810811,3,16,0.43243243243243246,0.0005020219929781973,0.0006796853323925781,0.3891666666666666,0.8015000000000001,Other,false
income_share_var,Energy_intensive,Precision production/repair,,37,0.002105103282570229,0.004359614718026866,0.00028473117743222433,26,0.06531108729743253,0.00011782742481153687,9.826953224269126e-5,12,8,0.21621621621621623,1,16,0.43243243243243246,0.00035224578809526526,0.0004983464494305878,0.37916666666666665,0.8015000000000001,Other,false
income_share_var,Energy intensive,Precision production repair,,37,0.002105103282570229,0.004359614718026866,0.00028473117743222433,26,0.06531108729743253,0.00011782742481153687,9.826953224269126e-5,12,8,0.21621621621621623,1,16,0.43243243243243246,0.00035224578809526526,0.0004983464494305878,0.37916666666666665,0.8015000000000001,Other,false
income_share_var,Energy_intensive,Sales,,37,-0.0011206789917870765,0.003960992704476102,0.00034798528674943456,28,0.0878530491500768,0.00010705385687773247,9.66390039546252e-5,15,7,0.1891891891891892,1,17,0.4594594594594595,0.0003733368104285378,0.000533071708681345,0.3358333333333333,0.8015000000000001,Other,false
income_share_var,Energy intensive,Sales,,37,-0.0011206789917870765,0.003960992704476102,0.00034798528674943456,28,0.0878530491500768,0.00010705385687773247,9.66390039546252e-5,15,7,0.1891891891891892,1,17,0.4594594594594595,0.0003733368104285378,0.000533071708681345,0.3358333333333333,0.8015000000000001,Other,false
income_share_var,Energy_intensive,High tech,,37,0.0006296848644618198,0.004511967518365144,0.00041103542663668374,14,0.09109893299622365,0.00012194506806392278,0.00011685104987372286,21,5,0.13513513513513514,1,17,0.4594594594594595,0.0003916325368548506,0.0004980329754733037,0.33166666666666667,0.8015000000000001,Other,false
income_share_var,Energy intensive,High tech,,37,0.0006296848644618198,0.004511967518365144,0.00041103542663668374,14,0.09109893299622365,0.00012194506806392278,0.00011685104987372286,21,5,0.13513513513513514,1,17,0.4594594594594595,0.0003916325368548506,0.0004980329754733037,0.33166666666666667,0.8015000000000001,Other,false
income_share_var,Services,Machine operators/transport,,37,0.002364364367599471,0.003317674898708076,0.00032261056665597434,36,0.09723995765275283,8.966688915427231e-5,6.320318927165117e-5,14,5,0.13513513513513514,1,12,0.32432432432432434,0.00035384750612281127,0.0004972279655680434,0.32916666666666666,0.8015000000000001,Other,false
income_share_var,Services,Machine operators transport,,37,0.002364364367599471,0.003317674898708076,0.00032261056665597434,36,0.09723995765275283,8.966688915427231e-5,6.320318927165117e-5,14,5,0.13513513513513514,1,12,0.32432432432432434,0.00035384750612281127,0.0004972279655680434,0.32916666666666666,0.8015000000000001,Other,false
income_share_var,Manufacturing_Construction,Service,,37,-0.0003147482531559086,0.0054968034769235195,0.0004307467724133248,27,0.0783631385443686,0.0001485622561330681,0.00011525583421376548,17,3,0.08108108108108109,1,10,0.2702702702702703,0.0006843528213895468,0.0012554993423454096,0.3166666666666667,0.8015000000000001,Other,false
income_share_var,Manufacturing Construction,Service,,37,-0.0003147482531559086,0.0054968034769235195,0.0004307467724133248,27,0.0783631385443686,0.0001485622561330681,0.00011525583421376548,17,3,0.08108108108108109,1,10,0.2702702702702703,0.0006843528213895468,0.0012554993423454096,0.3166666666666667,0.8015000000000001,Other,false
income_share_var,Energy_intensive,Farming/forestry/construction,,37,0.001457947064138201,0.0030612131351461466,0.00022893564274274744,33,0.07478592069082368,8.273549013908504e-5,7.205582012761736e-5,13,6,0.16216216216216217,2,18,0.4864864864864865,0.00025191550440857596,0.00030971056162151865,0.2575,0.8015000000000001,Other,false
income_share_var,Energy intensive,Farming forestry construction,,37,0.001457947064138201,0.0030612131351461466,0.00022893564274274744,33,0.07478592069082368,8.273549013908504e-5,7.205582012761736e-5,13,6,0.16216216216216217,2,18,0.4864864864864865,0.00025191550440857596,0.00030971056162151865,0.2575,0.8015000000000001,Other,false
income_share_var,Energy_intensive,Administrative support,,37,0.0011424098788954508,0.003384746442691445,0.00030005736373941457,6,0.08864987933950477,9.147963358625525e-5,8.799716327626614e-5,16,3,0.08108108108108109,1,8,0.21621621621621623,0.00042615380046899753,0.0005176486780462475,0.21916666666666668,0.8015000000000001,Other,false
income_share_var,Energy intensive,Administrative support,,37,0.0011424098788954508,0.003384746442691445,0.00030005736373941457,6,0.08864987933950477,9.147963358625525e-5,8.799716327626614e-5,16,3,0.08108108108108109,1,8,0.21621621621621623,0.00042615380046899753,0.0005176486780462475,0.21916666666666668,0.8015000000000001,Other,false
income_share_var,Energy_intensive,Service,,37,-0.0010410013040475998,0.0028985398556209264,0.00034285645128859937,17,0.11828591924438193,7.833891501678178e-5,6.881949519206058e-5,17,4,0.10810810810810811,2,8,0.21621621621621623,0.0003860696207698251,0.0006228335451570575,0.2175,0.8015000000000001,Other,false
income_share_var,Energy intensive,Service,,37,-0.0010410013040475998,0.0028985398556209264,0.00034285645128859937,17,0.11828591924438193,7.833891501678178e-5,6.881949519206058e-5,17,4,0.10810810810810811,2,8,0.21621621621621623,0.0003860696207698251,0.0006228335451570575,0.2175,0.8015000000000001,Other,false
income_share_var,Manufacturing_Construction,Sales,,37,0.0009030172905227003,0.004327480603827014,0.0002830063547734126,12,0.06539748659373204,0.00011695893523856797,0.00010649141845861148,17,4,0.10810810810810811,1,16,0.43243243243243246,0.0004011703717014574,0.0005644350369878812,0.2041666666666667,0.8015000000000001,Other,false
income_share_var,Manufacturing Construction,Sales,,37,0.0009030172905227003,0.004327480603827014,0.0002830063547734126,12,0.06539748659373204,0.00011695893523856797,0.00010649141845861148,17,4,0.10810810810810811,1,16,0.43243243243243246,0.0004011703717014574,0.0005644350369878812,0.2041666666666667,0.8015000000000001,Other,false
income_share_var,Trade,Precision production/repair,,37,-1.7349864554683554e-5,0.0033795772001334466,0.0003182885726864907,27,0.09417999762630742,9.133992432793098e-5,7.57663383513633e-5,13,6,0.16216216216216217,2,18,0.4864864864864865,0.00029526164050126206,0.00037674751079897856,0.18833333333333335,0.8015000000000001,Other,false
income_share_var,Trade,Precision production repair,,37,-1.7349864554683554e-5,0.0033795772001334466,0.0003182885726864907,27,0.09417999762630742,9.133992432793098e-5,7.57663383513633e-5,13,6,0.16216216216216217,2,18,0.4864864864864865,0.00029526164050126206,0.00037674751079897856,0.18833333333333335,0.8015000000000001,Other,false
income_share_var,Manufacturing_Construction,High tech,,37,-0.00013792530131563518,0.0028249867139244393,0.00022169882595972668,15,0.07847782960074358,7.63509922682281e-5,5.181816651176266e-5,15,7,0.1891891891891892,2,12,0.32432432432432434,0.000299539945677237,0.00037720231180979834,0.13,0.8015000000000001,Other,false
income_share_var,Manufacturing Construction,High tech,,37,-0.00013792530131563518,0.0028249867139244393,0.00022169882595972668,15,0.07847782960074358,7.63509922682281e-5,5.181816651176266e-5,15,7,0.1891891891891892,2,12,0.32432432432432434,0.000299539945677237,0.00037720231180979834,0.13,0.8015000000000001,Other,false
inequality,Trade,High tech,,42,6.31229770173842,13.95878324380109,3.2506878055607875,2,0.2328775903160739,0.33235198199526406,0.1279248413293558,16,26,0.6190476190476191,6,28,0.6666666666666666,0.9978860299057273,5.61520843076163,0.9716666666666667,0.7270000000000002,Strong Net Effect,true
inequality,Energy_intensive,Service,,37,0.15504864812442976,1.2311387627839496,0.07087981853890021,34,0.057572566701271824,0.033274020615782426,0.028454711794573612,15,11,0.2972972972972973,3,21,0.5675675675675675,0.08430919802923703,0.13532203046554722,0.8725,0.7270000000000002,Strong Net Effect,true
inequality,Energy intensive,Service,,37,0.15504864812442976,1.2311387627839496,0.07087981853890021,34,0.057572566701271824,0.033274020615782426,0.028454711794573612,15,11,0.2972972972972973,3,21,0.5675675675675675,0.08430919802923703,0.13532203046554722,0.8725,0.7270000000000002,Strong Net Effect,true
inequality,Trade,Farming forestry construction,,37,NaN,NaN,NaN,0,NaN,NaN,NaN,36,0,0.0,0,0,0.0,NaN,NaN,0.8691666666666666,0.7270000000000002,Sharp Peak Response,false
inequality,Services,Sales,,74,-0.30657288580118436,0.5526052428011897,0.02639292151759334,11,0.04776089597667588,0.007467638416232296,0.005931981047143998,32,22,0.2972972972972973,3,36,0.4864864864864865,0.02156667421359373,0.028959662945991536,0.8666666666666667,0.7270000000000002,Strong Net Effect,true
inequality,Trade,Professional specialty,,74,-0.1580749512567645,0.9091791588819125,0.0266408162793196,18,0.029302053417152522,0.012286204849755572,0.012398906724205266,31,18,0.24324324324324326,3,44,0.5945945945945946,0.03685560467504383,0.0593597316950706,0.855,0.7270000000000002,Strong Net Effect,true
inequality,Trade,Farming/forestry/construction,,37,NaN,NaN,NaN,0,NaN,NaN,NaN,36,0,0.0,0,0,0.0,NaN,NaN,0.8549999999999999,0.7270000000000002,Sharp Peak Response,false
inequality,Energy_intensive,Farming/forestry/construction,,37,-0.14295726124156904,0.4689521858602024,0.038115509030831586,35,0.08127802829389959,0.012674383401627092,0.010607230525163441,21,14,0.3783783783783784,2,24,0.6486486486486487,0.030030865094640403,0.03679468805642559,0.8058333333333332,0.7270000000000002,Strong Net Effect,true
inequality,Energy intensive,Farming forestry construction,,37,-0.14295726124156904,0.4689521858602024,0.038115509030831586,35,0.08127802829389959,0.012674383401627092,0.010607230525163441,21,14,0.3783783783783784,2,24,0.6486486486486487,0.030030865094640403,0.03679468805642559,0.8058333333333332,0.7270000000000002,Strong Net Effect,true
inequality,Manufacturing_Construction,Service,,37,0.27347139419298977,0.9184529108131343,0.08507098176896002,23,0.09262421705827477,0.024823051643598226,0.022017810604074026,15,2,0.05405405405405406,1,11,0.2972972972972973,0.11223547278865513,0.17245503780322408,0.8016666666666665,0.7270000000000002,Strong Net Effect,false
inequality,Manufacturing Construction,Service,,37,0.27347139419298977,0.9184529108131343,0.08507098176896002,23,0.09262421705827477,0.024823051643598226,0.022017810604074026,15,2,0.05405405405405406,1,11,0.2972972972972973,0.11223547278865513,0.17245503780322408,0.8016666666666665,0.7270000000000002,Strong Net Effect,false
inequality,Trade,Administrative support,,74,0.17043150046762498,0.45610779550902264,0.016165302743728464,22,0.03544184708723902,0.006163618858230037,0.005844782730759507,36,22,0.2972972972972973,2,40,0.5405405405405406,0.017775913120951958,0.025810193151458223,0.7783333333333333,0.7270000000000002,Strong Net Effect,true
inequality,Manufacturing_Construction,High tech,,37,-0.12131704984457296,0.2996479051679169,0.024530351232824016,22,0.08186391698309281,0.008098592031565323,0.007136731749187246,16,10,0.2702702702702703,2,19,0.5135135135135135,0.023559471072060415,0.031078647706455336,0.7141666666666667,0.7270000000000002,Other,false
inequality,Manufacturing Construction,High tech,,37,-0.12131704984457296,0.2996479051679169,0.024530351232824016,22,0.08186391698309281,0.008098592031565323,0.007136731749187246,16,10,0.2702702702702703,2,19,0.5135135135135135,0.023559471072060415,0.031078647706455336,0.7141666666666667,0.7270000000000002,Other,false
inequality,Trade,Service,,74,0.16191540124395337,0.3032434266937463,0.012800095511870163,20,0.042210628112962605,0.004097884144510086,0.0040732464418361996,28,14,0.1891891891891892,3,32,0.43243243243243246,0.01568294040298079,0.019977807912547902,0.6775,0.7270000000000002,Persistent Significant Response,false
inequality,Trade,Managerial,,74,-0.08037942215611,0.4117963807860429,0.015841529318993675,20,0.03846932624506105,0.005564815956568146,0.004223027632978841,36,18,0.24324324324324326,1,30,0.40540540540540543,0.019845203265946857,0.025445416183252623,0.6708333333333333,0.7270000000000002,Persistent Significant Response,false
inequality,Services,Service,,74,0.17619312822842448,0.26422370934535355,0.010443556585238574,6,0.03952543324410122,0.003570590666829103,0.0037838223862418307,39,16,0.21621621621621623,2,42,0.5675675675675675,0.01037394907726248,0.013628087774911563,0.6591666666666666,0.7270000000000002,Persistent Significant Response,false
inequality,Energy_intensive,Precision production/repair,,37,-0.1105658884211099,0.23572959239066021,0.02096678858917072,11,0.0889442363876986,0.006371070064612439,0.005092363016307661,13,10,0.2702702702702703,3,17,0.4594594594594595,0.018499402858160388,0.025059538960283484,0.6358333333333334,0.7270000000000002,Other,false
inequality,Energy intensive,Precision production repair,,37,-0.1105658884211099,0.23572959239066021,0.02096678858917072,11,0.0889442363876986,0.006371070064612439,0.005092363016307661,13,10,0.2702702702702703,3,17,0.4594594594594595,0.018499402858160388,0.025059538960283484,0.6358333333333334,0.7270000000000002,Other,false
inequality,Services,Farming/forestry/construction,,37,0.08392655239273254,0.24957523172879348,0.02012448301835356,4,0.08063493672409881,0.006745276533210636,0.006171371743616564,18,14,0.3783783783783784,3,21,0.5675675675675675,0.017965653635820266,0.022783054863067004,0.6341666666666665,0.7270000000000002,Persistent Significant Response,false
inequality,Services,Farming forestry construction,,37,0.08392655239273254,0.24957523172879348,0.02012448301835356,4,0.08063493672409881,0.006745276533210636,0.006171371743616564,18,14,0.3783783783783784,3,21,0.5675675675675675,0.017965653635820266,0.022783054863067004,0.6341666666666665,0.7270000000000002,Persistent Significant Response,false
inequality,Trade,Sales,,74,0.07807934665100259,0.3122758139683694,0.013575236162808207,11,0.04347194228811858,0.004219943432004991,0.003483449624938606,31,16,0.21621621621621623,2,28,0.3783783783783784,0.014361712705653925,0.018112198621805874,0.6166666666666666,0.7270000000000002,Persistent Significant Response,false
inequality,Energy_intensive,High tech,,37,0.036140779658284744,0.5707311718426689,0.054430067296718475,35,0.09536901080938855,0.015425166806558617,0.010439344833086386,12,5,0.13513513513513514,1,10,0.2702702702702703,0.06252511913480317,0.08437469484483055,0.5958333333333333,0.7270000000000002,Strong Dynamic Movement,false
inequality,Energy intensive,High tech,,37,0.036140779658284744,0.5707311718426689,0.054430067296718475,35,0.09536901080938855,0.015425166806558617,0.010439344833086386,12,5,0.13513513513513514,1,10,0.2702702702702703,0.06252511913480317,0.08437469484483055,0.5958333333333333,0.7270000000000002,Strong Dynamic Movement,false
inequality,Manufacturing_Construction,Sales,,37,-0.04581329099639145,0.3535590262979627,0.03021360346617981,5,0.08545561340220804,0.0095556493594044,0.00835277723159418,26,5,0.13513513513513514,2,16,0.43243243243243246,0.03525243931765499,0.04374697396114476,0.5525000000000001,0.7270000000000002,Other,false
inequality,Manufacturing Construction,Sales,,37,-0.04581329099639145,0.3535590262979627,0.03021360346617981,5,0.08545561340220804,0.0095556493594044,0.00835277723159418,26,5,0.13513513513513514,2,16,0.43243243243243246,0.03525243931765499,0.04374697396114476,0.5525000000000001,0.7270000000000002,Other,false
inequality,Trade,Machine operators/transport,,37,0.04735239520781126,0.26199299219126104,0.016355155739897948,13,0.06242592827810562,0.007080891680844895,0.005654626112024875,22,10,0.2702702702702703,3,18,0.4864864864864865,0.01925518252482972,0.02592542942803719,0.5383333333333333,0.7270000000000002,Other,false
inequality,Trade,Machine operators transport,,37,0.04735239520781126,0.26199299219126104,0.016355155739897948,13,0.06242592827810562,0.007080891680844895,0.005654626112024875,22,10,0.2702702702702703,3,18,0.4864864864864865,0.01925518252482972,0.02592542942803719,0.5383333333333333,0.7270000000000002,Other,false
inequality,Energy_intensive,Sales,,37,0.019174590436814725,0.8320612942244578,0.04686821234957308,33,0.056327836272275694,0.022488143087147517,0.01667566672125369,14,6,0.16216216216216217,1,16,0.43243243243243246,0.0758734366734765,0.12124812520410996,0.5358333333333334,0.7270000000000002,Strong Dynamic Movement,false
inequality,Energy intensive,Sales,,37,0.019174590436814725,0.8320612942244578,0.04686821234957308,33,0.056327836272275694,0.022488143087147517,0.01667566672125369,14,6,0.16216216216216217,1,16,0.43243243243243246,0.0758734366734765,0.12124812520410996,0.5358333333333334,0.7270000000000002,Strong Dynamic Movement,false
inequality,Trade,Precision production/repair,,37,-0.03413017491151202,0.24990972042497156,0.020502411860918755,33,0.08203927332660128,0.0067543167682424755,0.005236448422600179,17,10,0.2702702702702703,1,14,0.3783783783783784,0.02049492869601984,0.0311147966450812,0.515,0.7270000000000002,Other,false
inequality,Trade,Precision production repair,,37,-0.03413017491151202,0.24990972042497156,0.020502411860918755,33,0.08203927332660128,0.0067543167682424755,0.005236448422600179,17,10,0.2702702702702703,1,14,0.3783783783783784,0.02049492869601984,0.0311147966450812,0.515,0.7270000000000002,Other,false
inequality,Services,Administrative support,,74,-0.06922907701941733,0.22223923539358426,0.009522698479988422,4,0.042848862682252235,0.0030032329107241114,0.002968784299936857,35,18,0.24324324324324326,2,38,0.5135135135135135,0.009300138091814042,0.012121190755185429,0.5041666666666667,0.7270000000000002,Persistent Significant Response,false
inequality,Energy_intensive,Machine operators/transport,,37,-0.08325155388354595,0.19037782587213112,0.013530029876973073,17,0.07106935807776601,0.005145346645192733,0.004922509361013464,14,8,0.21621621621621623,2,17,0.4594594594594595,0.01627780127719391,0.019696417069142394,0.4608333333333333,0.7270000000000002,Other,false
inequality,Energy intensive,Machine operators transport,,37,-0.08325155388354595,0.19037782587213112,0.013530029876973073,17,0.07106935807776601,0.005145346645192733,0.004922509361013464,14,8,0.21621621621621623,2,17,0.4594594594594595,0.01627780127719391,0.019696417069142394,0.4608333333333333,0.7270000000000002,Other,false
inequality,Services,Professional specialty,,74,0.05679288011421062,0.21184013625117754,0.008646792797310347,10,0.04081753793368929,0.002862704543934831,0.0019301951414025863,28,18,0.24324324324324326,2,34,0.4594594594594595,0.009844276400508003,0.012112121576691635,0.44499999999999995,0.7270000000000002,Persistent Significant Response,false
inequality,Manufacturing_Construction,Precision production/repair,,37,-0.06272203107388968,0.1652238232031112,0.0157382471629211,7,0.09525410354155724,0.0044655087352192206,0.003675025347937869,18,8,0.21621621621621623,3,21,0.5675675675675675,0.012549710298511329,0.016932614743091663,0.41500000000000004,0.7270000000000002,Other,false
inequality,Manufacturing Construction,Precision production repair,,37,-0.06272203107388968,0.1652238232031112,0.0157382471629211,7,0.09525410354155724,0.0044655087352192206,0.003675025347937869,18,8,0.21621621621621623,3,21,0.5675675675675675,0.012549710298511329,0.016932614743091663,0.41500000000000004,0.7270000000000002,Other,false
inequality,Services,Managerial,,74,-0.05361036224588254,0.22157624741548695,0.00736840398589361,10,0.033254484954232506,0.002994273613722796,0.002796648204535426,36,12,0.16216216216216217,1,32,0.43243243243243246,0.010324480062408931,0.013576394516658258,0.41333333333333333,0.7270000000000002,Other,false
inequality,Energy_intensive,Professional specialty,,37,0.01650547378530187,0.28528578430918883,0.02024362707228996,1,0.07095911603625575,0.007710426602951051,0.0065627970843287935,15,7,0.1891891891891892,2,16,0.43243243243243246,0.02526904715175536,0.03405262325601072,0.4125,0.7270000000000002,Other,false
inequality,Energy intensive,Professional specialty,,37,0.01650547378530187,0.28528578430918883,0.02024362707228996,1,0.07095911603625575,0.007710426602951051,0.0065627970843287935,15,7,0.1891891891891892,2,16,0.43243243243243246,0.02526904715175536,0.03405262325601072,0.4125,0.7270000000000002,Other,false
inequality,Manufacturing_Construction,Administrative support,,37,-0.029972686140636966,0.18397232481119608,0.01591045168516995,23,0.08648285388304058,0.0049722249948971915,0.004431662862927706,21,8,0.21621621621621623,1,20,0.5405405405405406,0.013867738940179543,0.018546163367985313,0.3516666666666667,0.7270000000000002,Other,false
inequality,Manufacturing Construction,Administrative support,,37,-0.029972686140636966,0.18397232481119608,0.01591045168516995,23,0.08648285388304058,0.0049722249948971915,0.004431662862927706,21,8,0.21621621621621623,1,20,0.5405405405405406,0.013867738940179543,0.018546163367985313,0.3516666666666667,0.7270000000000002,Other,false
inequality,Services,Machine operators/transport,,37,-0.01508221082951517,0.2213257173459649,0.017233872842590495,17,0.0778665626807905,0.005981776144485538,0.005170755069531879,16,9,0.24324324324324326,3,20,0.5405405405405406,0.01725298912939828,0.022675429796404745,0.34750000000000003,0.7270000000000002,Other,false
inequality,Services,Machine operators transport,,37,-0.01508221082951517,0.2213257173459649,0.017233872842590495,17,0.0778665626807905,0.005981776144485538,0.005170755069531879,16,9,0.24324324324324326,3,20,0.5405405405405406,0.01725298912939828,0.022675429796404745,0.34750000000000003,0.7270000000000002,Other,false
inequality,Energy_intensive,Administrative support,,37,-0.061627480810424545,0.15492484374609727,0.011183145663912363,16,0.07218432753264648,0.0041871579390837105,0.00331692255033515,18,7,0.1891891891891892,2,16,0.43243243243243246,0.013831232223990063,0.020149037421640138,0.33333333333333337,0.7270000000000002,Other,false
inequality,Energy intensive,Administrative support,,37,-0.061627480810424545,0.15492484374609727,0.011183145663912363,16,0.07218432753264648,0.0041871579390837105,0.00331692255033515,18,7,0.1891891891891892,2,16,0.43243243243243246,0.013831232223990063,0.020149037421640138,0.33333333333333337,0.7270000000000002,Other,false
inequality,Services,Precision production/repair,,37,-0.02647198789233802,0.1874774464281528,0.013971827010441196,35,0.07452537506049099,0.005066958011571698,0.004573390999689856,18,9,0.24324324324324326,2,20,0.5405405405405406,0.01506652561429579,0.020777065954474372,0.33166666666666667,0.7270000000000002,Other,false
inequality,Services,Precision production repair,,37,-0.02647198789233802,0.1874774464281528,0.013971827010441196,35,0.07452537506049099,0.005066958011571698,0.004573390999689856,18,9,0.24324324324324326,2,20,0.5405405405405406,0.01506652561429579,0.020777065954474372,0.33166666666666667,0.7270000000000002,Other,false
inequality,Services,High tech,,74,0.02507301348039564,0.25289227037726897,0.00787300791902979,10,0.031131864597066187,0.0034174631132063375,0.003384339323357376,32,6,0.08108108108108109,1,28,0.3783783783783784,0.013945456455097543,0.018122823171644688,0.2966666666666667,0.7270000000000002,Other,false
inequality,Manufacturing_Construction,Managerial,,37,-0.04913176996247312,0.12625816840890686,0.010318085857529694,30,0.0817221252894542,0.0034123829299704555,0.0028106759133968073,16,6,0.16216216216216217,1,13,0.35135135135135137,0.01315149253343199,0.015846080424841546,0.26999999999999996,0.7270000000000002,Other,false
inequality,Manufacturing Construction,Managerial,,37,-0.04913176996247312,0.12625816840890686,0.010318085857529694,30,0.0817221252894542,0.0034123829299704555,0.0028106759133968073,16,6,0.16216216216216217,1,13,0.35135135135135137,0.01315149253343199,0.015846080424841546,0.26999999999999996,0.7270000000000002,Other,false
inequality,Manufacturing_Construction,Professional specialty,,37,-0.020791768884219672,0.18060429399993816,0.013372333814891616,27,0.07404216986610626,0.004881197135133465,0.004467395743927161,20,8,0.21621621621621623,2,18,0.4864864864864865,0.015881327999473595,0.019314033113701272,0.26083333333333336,0.7270000000000002,Other,false
inequality,Manufacturing Construction,Professional specialty,,37,-0.020791768884219672,0.18060429399993816,0.013372333814891616,27,0.07404216986610626,0.004881197135133465,0.004467395743927161,20,8,0.21621621621621623,2,18,0.4864864864864865,0.015881327999473595,0.019314033113701272,0.26083333333333336,0.7270000000000002,Other,false
inequality,Energy_intensive,Managerial,,37,-0.004847280845833702,0.20877871697125594,0.013703937137610698,33,0.06563857339681524,0.005642668026250159,0.005190701918670856,20,5,0.13513513513513514,2,18,0.4864864864864865,0.020780278647619277,0.028698910298651795,0.21666666666666665,0.7270000000000002,Other,false
inequality,Energy intensive,Managerial,,37,-0.004847280845833702,0.20877871697125594,0.013703937137610698,33,0.06563857339681524,0.005642668026250159,0.005190701918670856,20,5,0.13513513513513514,2,18,0.4864864864864865,0.020780278647619277,0.028698910298651795,0.21666666666666665,0.7270000000000002,Other,false
inequality,Manufacturing_Construction,Farming/forestry/construction,,37,-0.028011128230568574,0.13150103441667976,0.008784288871086824,7,0.06680015035663182,0.0035540820112616154,0.00300121221011733,19,5,0.13513513513513514,2,17,0.4594594594594595,0.012923515138739003,0.016841231926781674,0.1875,0.7270000000000002,Other,false
inequality,Manufacturing Construction,Farming forestry construction,,37,-0.028011128230568574,0.13150103441667976,0.008784288871086824,7,0.06680015035663182,0.0035540820112616154,0.00300121221011733,19,5,0.13513513513513514,2,17,0.4594594594594595,0.012923515138739003,0.016841231926781674,0.1875,0.7270000000000002,Other,false
inequality,Manufacturing_Construction,Machine operators/transport,,37,-0.005647722636814688,0.09396057329998846,0.0074012695765251395,33,0.07876994910296113,0.0025394749540537426,0.0020420331451990893,16,4,0.10810810810810811,1,12,0.32432432432432434,0.01016004996166323,0.012274267904866878,0.058333333333333334,0.7270000000000002,Other,false
inequality,Manufacturing Construction,Machine operators transport,,37,-0.005647722636814688,0.09396057329998846,0.0074012695765251395,33,0.07876994910296113,0.0025394749540537426,0.0020420331451990893,16,4,0.10810810810810811,1,12,0.32432432432432434,0.01016004996166323,0.012274267904866878,0.058333333333333334,0.7270000000000002,Other,false
median,Trade,High tech,,42,7.2197339643167195,10.39359745863248,2.0494819965275424,2,0.1971869706023038,0.24746660615791619,0.11379514440730172,23,30,0.7142857142857143,10,34,0.8095238095238095,0.6214419265999891,8.161854642601833,0.9691666666666666,0.7733333333333332,Strong Net Effect,true
median,Trade,Farming forestry construction,,37,NaN,NaN,NaN,0,NaN,NaN,NaN,36,0,0.0,0,0,0.0,NaN,NaN,0.8691666666666666,0.7733333333333332,Sharp Peak Response,false
median,Trade,Farming/forestry/construction,,37,NaN,NaN,NaN,0,NaN,NaN,NaN,36,0,0.0,0,0,0.0,NaN,NaN,0.8549999999999999,0.7733333333333332,Sharp Peak Response,false
median,Trade,Professional specialty,,74,-0.15672971705039163,0.6646050531122344,0.030398670657734075,16,0.045739451596677125,0.008981149366381544,0.007818319629084662,32,14,0.1891891891891892,2,30,0.40540540540540543,0.03119034780271564,0.04098383815521264,0.8366666666666666,0.7733333333333332,Strong Net Effect,true
median,Energy_intensive,Sales,,37,-0.15099176267317385,0.7090434532601937,0.06200637008910059,2,0.08745073352556076,0.01916333657459983,0.016887594069895477,16,11,0.2972972972972973,2,19,0.5135135135135135,0.05755027238374248,0.08897887062092665,0.8358333333333333,0.7733333333333332,Strong Net Effect,true
median,Energy intensive,Sales,,37,-0.15099176267317385,0.7090434532601937,0.06200637008910059,2,0.08745073352556076,0.01916333657459983,0.016887594069895477,16,11,0.2972972972972973,2,19,0.5135135135135135,0.05755027238374248,0.08897887062092665,0.8358333333333333,0.7733333333333332,Strong Net Effect,true
median,Energy_intensive,Service,,37,0.38290279711833775,0.8879804173469299,0.06558917182236082,7,0.0738633088535053,0.023999470739106212,0.01770742596991545,22,6,0.16216216216216217,2,15,0.40540540540540543,0.08338847368057342,0.16927921475502072,0.8274999999999999,0.7733333333333332,Strong Net Effect,true
median,Energy intensive,Service,,37,0.38290279711833775,0.8879804173469299,0.06558917182236082,7,0.0738633088535053,0.023999470739106212,0.01770742596991545,22,6,0.16216216216216217,2,15,0.40540540540540543,0.08338847368057342,0.16927921475502072,0.8274999999999999,0.7733333333333332,Strong Net Effect,true
median,Trade,Precision production/repair,,37,-0.2991826276142824,0.30427485237632323,0.019772635744680744,21,0.06498281271114119,0.008223644658819546,0.008276031216023738,5,19,0.5135135135135135,4,27,0.7297297297297297,0.016888952703388607,0.02134610181446083,0.82,0.7733333333333332,Strong Net Effect,true
median,Trade,Precision production repair,,37,-0.2991826276142824,0.30427485237632323,0.019772635744680744,21,0.06498281271114119,0.008223644658819546,0.008276031216023738,5,19,0.5135135135135135,4,27,0.7297297297297297,0.016888952703388607,0.02134610181446083,0.82,0.7733333333333332,Strong Net Effect,true
median,Trade,Sales,,74,-0.28770174528515186,0.3778265196173513,0.01237216066704775,22,0.032745612138549235,0.005105763778612855,0.005002711306497233,23,32,0.43243243243243246,6,46,0.6216216216216216,0.011588532575016052,0.01647013796273146,0.7841666666666667,0.7733333333333332,Strong Net Effect,true
median,Manufacturing_Construction,Service,,37,0.12566456973844053,0.9243092484582559,0.060267912631183376,15,0.06520319117406864,0.024981331039412316,0.02154878541840157,18,7,0.1891891891891892,2,17,0.4594594594594595,0.09313002377641619,0.17655070923599958,0.7733333333333332,0.7733333333333332,Strong Net Effect,true
median,Manufacturing Construction,Service,,37,0.12566456973844053,0.9243092484582559,0.060267912631183376,15,0.06520319117406864,0.024981331039412316,0.02154878541840157,18,7,0.1891891891891892,2,17,0.4594594594594595,0.09313002377641619,0.17655070923599958,0.7733333333333332,0.7733333333333332,Strong Net Effect,true
median,Energy_intensive,High tech,,37,0.1959203015865447,0.5569745401301331,0.05201225037577058,17,0.09338353304913773,0.015053365949463052,0.012442748633675985,14,7,0.1891891891891892,2,15,0.40540540540540543,0.05173309495764682,0.08115627237114084,0.7725,0.7733333333333332,Sharp Peak Response,false
median,Energy intensive,High tech,,37,0.1959203015865447,0.5569745401301331,0.05201225037577058,17,0.09338353304913773,0.015053365949463052,0.012442748633675985,14,7,0.1891891891891892,2,15,0.40540540540540543,0.05173309495764682,0.08115627237114084,0.7725,0.7733333333333332,Sharp Peak Response,false
median,Trade,Service,,74,-0.2853501868988904,0.3228869776319184,0.008765071440127389,21,0.027145942844803452,0.0043633375355664646,0.0042105310210582975,15,26,0.35135135135135137,3,46,0.6216216216216216,0.011091081695519232,0.014001023756683424,0.7016666666666667,0.7733333333333332,Persistent Significant Response,false
median,Services,High tech,,74,0.11222680538565906,0.26221475914361186,0.01224901256052384,16,0.046713665548533075,0.0035434426911298902,0.002713135794971679,39,18,0.24324324324324326,2,32,0.43243243243243246,0.011021022139475657,0.013292647281077341,0.6416666666666666,0.7733333333333332,Persistent Significant Response,false
median,Trade,Managerial,,74,-0.07053155505071908,0.4092511616327582,0.01494426926551949,31,0.03651613157528369,0.00553042110314538,0.004755214908093505,36,18,0.24324324324324326,2,40,0.5405405405405406,0.014802910410056543,0.01975620962976212,0.6316666666666666,0.7733333333333332,Strong Dynamic Movement,false
median,Services,Sales,,74,-0.11843683317580306,0.30529436306590113,0.011137430636078766,22,0.03648095734304348,0.004125599500890556,0.0031828086548379105,36,12,0.16216216216216217,2,24,0.32432432432432434,0.016502793178687844,0.02382332529198633,0.6291666666666667,0.7733333333333332,Other,false
median,Manufacturing_Construction,High tech,,37,-0.12437328635447195,0.2040500068271488,0.017826989956112482,28,0.0873657895596826,0.0055148650493824,0.004564152353363008,14,7,0.1891891891891892,3,17,0.4594594594594595,0.01870079616507805,0.024071984530023058,0.6099999999999999,0.7733333333333332,Other,false
median,Manufacturing Construction,High tech,,37,-0.12437328635447195,0.2040500068271488,0.017826989956112482,28,0.0873657895596826,0.0055148650493824,0.004564152353363008,14,7,0.1891891891891892,3,17,0.4594594594594595,0.01870079616507805,0.024071984530023058,0.6099999999999999,0.7733333333333332,Other,false
median,Manufacturing_Construction,Sales,,37,-0.062134145251255844,0.3156743374164848,0.024673408550831076,20,0.07816095775399767,0.008531738849094184,0.006776050987343004,11,9,0.24324324324324326,4,16,0.43243243243243246,0.027111342836967728,0.03957276335920867,0.5983333333333333,0.7733333333333332,Sharp Peak Response,false
median,Manufacturing Construction,Sales,,37,-0.062134145251255844,0.3156743374164848,0.024673408550831076,20,0.07816095775399767,0.008531738849094184,0.006776050987343004,11,9,0.24324324324324326,4,16,0.43243243243243246,0.027111342836967728,0.03957276335920867,0.5983333333333333,0.7733333333333332,Sharp Peak Response,false
median,Energy_intensive,Farming/forestry/construction,,37,-0.07910406309595251,0.29244138663447483,0.022162797424605755,13,0.07578543406480028,0.007903821260391212,0.00627460062880193,19,8,0.21621621621621623,2,17,0.4594594594594595,0.024873025369400198,0.03888525964132439,0.5758333333333334,0.7733333333333332,Other,false
median,Energy intensive,Farming forestry construction,,37,-0.07910406309595251,0.29244138663447483,0.022162797424605755,13,0.07578543406480028,0.007903821260391212,0.00627460062880193,19,8,0.21621621621621623,2,17,0.4594594594594595,0.024873025369400198,0.03888525964132439,0.5758333333333334,0.7733333333333332,Other,false
median,Energy_intensive,Precision production/repair,,37,-0.08412432525311593,0.2009681122989392,0.016749846866049592,3,0.08334579388960109,0.005431570602674032,0.004686267620199197,18,12,0.32432432432432434,2,20,0.5405405405405406,0.015063808583608434,0.02241042184028276,0.5733333333333333,0.7733333333333332,Other,false
median,Energy intensive,Precision production repair,,37,-0.08412432525311593,0.2009681122989392,0.016749846866049592,3,0.08334579388960109,0.005431570602674032,0.004686267620199197,18,12,0.32432432432432434,2,20,0.5405405405405406,0.015063808583608434,0.02241042184028276,0.5733333333333333,0.7733333333333332,Other,false
median,Energy_intensive,Managerial,,37,0.09506407208867473,0.19167305780148342,0.013575642585884323,35,0.07082707784598852,0.005180352913553607,0.004143235400745051,19,9,0.24324324324324326,1,16,0.43243243243243246,0.017074551103556258,0.024620605226242032,0.5616666666666666,0.7733333333333332,Other,false
median,Energy intensive,Managerial,,37,0.09506407208867473,0.19167305780148342,0.013575642585884323,35,0.07082707784598852,0.005180352913553607,0.004143235400745051,19,9,0.24324324324324326,1,16,0.43243243243243246,0.017074551103556258,0.024620605226242032,0.5616666666666666,0.7733333333333332,Other,false
median,Manufacturing_Construction,Farming/forestry/construction,,37,-0.07636913909290302,0.18759792365767827,0.013247910359250673,35,0.07061864065950414,0.005070214152910225,0.005106062047824688,10,14,0.3783783783783784,3,25,0.6756756756756757,0.01199150973588185,0.01955796113440516,0.5233333333333333,0.7733333333333332,Persistent Significant Response,false
median,Manufacturing Construction,Farming forestry construction,,37,-0.07636913909290302,0.18759792365767827,0.013247910359250673,35,0.07061864065950414,0.005070214152910225,0.005106062047824688,10,14,0.3783783783783784,3,25,0.6756756756756757,0.01199150973588185,0.01955796113440516,0.5233333333333333,0.7733333333333332,Persistent Significant Response,false
median,Services,Farming/forestry/construction,,37,-0.13232626578596576,0.17565271935718152,0.01199917971746519,31,0.06831194963207728,0.004747370793437338,0.004729145125260201,10,5,0.13513513513513514,2,22,0.5945945945945946,0.0146533263336283,0.02116444532926698,0.4966666666666667,0.7733333333333332,Other,false
median,Services,Farming forestry construction,,37,-0.13232626578596576,0.17565271935718152,0.01199917971746519,31,0.06831194963207728,0.004747370793437338,0.004729145125260201,10,5,0.13513513513513514,2,22,0.5945945945945946,0.0146533263336283,0.02116444532926698,0.4966666666666667,0.7733333333333332,Other,false
median,Services,Machine operators/transport,,37,-0.10823655541717273,0.17155619091817154,0.012819027579196195,16,0.07472203428269507,0.004636653808599231,0.0042822705728276025,11,7,0.1891891891891892,2,16,0.43243243243243246,0.014757512643277515,0.022342243418606966,0.495,0.7733333333333332,Other,false
median,Services,Machine operators transport,,37,-0.10823655541717273,0.17155619091817154,0.012819027579196195,16,0.07472203428269507,0.004636653808599231,0.0042822705728276025,11,7,0.1891891891891892,2,16,0.43243243243243246,0.014757512643277515,0.022342243418606966,0.495,0.7733333333333332,Other,false
median,Trade,Machine operators/transport,,37,-0.085163481001995,0.16233109459637818,0.011543198906280791,26,0.07110898213913931,0.004387326880983195,0.003869314219310426,12,10,0.2702702702702703,2,18,0.4864864864864865,0.013393557928089973,0.019190899564903413,0.4758333333333333,0.7733333333333332,Other,false
median,Trade,Machine operators transport,,37,-0.085163481001995,0.16233109459637818,0.011543198906280791,26,0.07110898213913931,0.004387326880983195,0.003869314219310426,12,10,0.2702702702702703,2,18,0.4864864864864865,0.013393557928089973,0.019190899564903413,0.4758333333333333,0.7733333333333332,Other,false
median,Energy_intensive,Administrative support,,37,0.08472841998702114,0.1526966722401496,0.01160612867112467,11,0.07600773809183897,0.004126937087571611,0.0030514328861810545,15,9,0.24324324324324326,2,14,0.3783783783783784,0.01366294266912168,0.018742777616633358,0.4325,0.7733333333333332,Other,false
median,Energy intensive,Administrative support,,37,0.08472841998702114,0.1526966722401496,0.01160612867112467,11,0.07600773809183897,0.004126937087571611,0.0030514328861810545,15,9,0.24324324324324326,2,14,0.3783783783783784,0.01366294266912168,0.018742777616633358,0.4325,0.7733333333333332,Other,false
median,Trade,Administrative support,,74,-0.08482086929205733,0.23885729440662942,0.009578970978312474,5,0.04010332195258514,0.0032278012757652632,0.0030934538248700077,31,4,0.05405405405405406,1,28,0.3783783783783784,0.012643279120272381,0.01679220893391342,0.42,0.7733333333333332,Other,false
median,Energy_intensive,Professional specialty,,37,-0.034351124139892414,0.22662504252404647,0.017030896054561696,31,0.07515010638223973,0.006125001149298553,0.005859157065613594,14,6,0.16216216216216217,1,18,0.4864864864864865,0.020749391852794685,0.025645824472648987,0.4191666666666667,0.7733333333333332,Other,false
median,Energy intensive,Professional specialty,,37,-0.034351124139892414,0.22662504252404647,0.017030896054561696,31,0.07515010638223973,0.006125001149298553,0.005859157065613594,14,6,0.16216216216216217,1,18,0.4864864864864865,0.020749391852794685,0.025645824472648987,0.4191666666666667,0.7733333333333332,Other,false
median,Services,Service,,74,-0.05817993112189131,0.1528193640023881,0.005722718708256197,36,0.03744760191625171,0.0020651265405728122,0.0020084340182209156,39,14,0.1891891891891892,1,26,0.35135135135135137,0.0077113381459920595,0.010248648168037045,0.34249999999999997,0.7733333333333332,Persistent Significant Response,false
median,Manufacturing_Construction,Administrative support,,37,-0.007415183532857476,0.14880477919247553,0.012471808327734675,28,0.08381322424868277,0.004021750788985826,0.0028803571919065476,17,14,0.3783783783783784,3,17,0.4594594594594595,0.010721082056471664,0.01432237431166072,0.3058333333333333,0.7733333333333332,Persistent Significant Response,false
median,Manufacturing Construction,Administrative support,,37,-0.007415183532857476,0.14880477919247553,0.012471808327734675,28,0.08381322424868277,0.004021750788985826,0.0028803571919065476,17,14,0.3783783783783784,3,17,0.4594594594594595,0.010721082056471664,0.01432237431166072,0.3058333333333333,0.7733333333333332,Persistent Significant Response,false
median,Energy_intensive,Machine operators/transport,,37,0.04203898721411863,0.14886574414614798,0.010471405814404953,14,0.07034127209363034,0.004023398490436431,0.0029468166120692816,18,10,0.2702702702702703,2,17,0.4594594594594595,0.013081433158192634,0.018127155848996802,0.305,0.7733333333333332,Other,false
median,Energy intensive,Machine operators transport,,37,0.04203898721411863,0.14886574414614798,0.010471405814404953,14,0.07034127209363034,0.004023398490436431,0.0029468166120692816,18,10,0.2702702702702703,2,17,0.4594594594594595,0.013081433158192634,0.018127155848996802,0.305,0.7733333333333332,Other,false
median,Manufacturing_Construction,Precision production/repair,,37,-0.05899776146956458,0.12351446050605004,0.010854103006130936,21,0.08787718427187136,0.003338228662325677,0.002617714979606936,16,10,0.2702702702702703,2,17,0.4594594594594595,0.010327004110166892,0.012847523416390014,0.3025,0.7733333333333332,Other,false
median,Manufacturing Construction,Precision production repair,,37,-0.05899776146956458,0.12351446050605004,0.010854103006130936,21,0.08787718427187136,0.003338228662325677,0.002617714979606936,16,10,0.2702702702702703,2,17,0.4594594594594595,0.010327004110166892,0.012847523416390014,0.3025,0.7733333333333332,Other,false
median,Services,Managerial,,74,-0.008912170167286784,0.18869263825717109,0.008363307269591258,5,0.044322382403667614,0.0025499005169887976,0.00228994227112624,24,10,0.13513513513513514,2,34,0.4594594594594595,0.008751905351898993,0.011517410783597812,0.27999999999999997,0.7733333333333332,Other,false
median,Services,Administrative support,,74,-0.024190839314322216,0.1402620383644514,0.00501352348211954,25,0.03574397991488329,0.0018954329508709643,0.001644299101086662,36,12,0.16216216216216217,2,26,0.35135135135135137,0.007302839984506484,0.00909312438666468,0.22583333333333333,0.7733333333333332,Other,false
median,Manufacturing_Construction,Machine operators/transport,,37,-0.04384983680175819,0.08937505580587096,0.007920081916309758,28,0.08861624582940394,0.0024155420488073233,0.0018296180891350308,15,9,0.24324324324324326,3,16,0.43243243243243246,0.00758556711271981,0.009226905160932412,0.21083333333333332,0.7733333333333332,Other,false
median,Manufacturing Construction,Machine operators transport,,37,-0.04384983680175819,0.08937505580587096,0.007920081916309758,28,0.08861624582940394,0.0024155420488073233,0.0018296180891350308,15,9,0.24324324324324326,3,16,0.43243243243243246,0.00758556711271981,0.009226905160932412,0.21083333333333332,0.7733333333333332,Other,false
median,Services,Precision production/repair,,37,-0.02025234461609416,0.13513983416588637,0.01100993878829038,23,0.08147071406625746,0.0036524279504293613,0.003122649308770795,18,7,0.1891891891891892,2,16,0.43243243243243246,0.012634064297381231,0.01593679497201027,0.2058333333333333,0.7733333333333332,Other,false
median,Services,Precision production repair,,37,-0.02025234461609416,0.13513983416588637,0.01100993878829038,23,0.08147071406625746,0.0036524279504293613,0.003122649308770795,18,7,0.1891891891891892,2,16,0.43243243243243246,0.012634064297381231,0.01593679497201027,0.2058333333333333,0.7733333333333332,Other,false
median,Manufacturing_Construction,Managerial,,37,0.01547561478425732,0.13359770308745467,0.010533500585837706,27,0.07884492279738035,0.0036107487320933703,0.002601554517202573,20,8,0.21621621621621623,1,13,0.35135135135135137,0.011963113826340539,0.01436386307243695,0.18083333333333335,0.7733333333333332,Other,false
median,Manufacturing Construction,Managerial,,37,0.01547561478425732,0.13359770308745467,0.010533500585837706,27,0.07884492279738035,0.0036107487320933703,0.002601554517202573,20,8,0.21621621621621623,1,13,0.35135135135135137,0.011963113826340539,0.01436386307243695,0.18083333333333335,0.7733333333333332,Other,false
median,Services,Professional specialty,,74,-0.033323782304333235,0.15083413725454173,0.004573304075736202,1,0.0303200864139825,0.0020382991520884017,0.0021548091207811465,40,4,0.05405405405405406,1,32,0.43243243243243246,0.007850512003079388,0.009986719703084113,0.16249999999999998,0.7733333333333332,Other,false
median,Manufacturing_Construction,Professional specialty,,37,-0.02892158553803802,0.09995533883284814,0.009132268221904322,17,0.09136348621833895,0.0027014956441310314,0.001991671249150687,14,4,0.10810810810810811,1,12,0.32432432432432434,0.011207920157337082,0.01588918732730236,0.12333333333333332,0.7733333333333332,Other,false
median,Manufacturing Construction,Professional specialty,,37,-0.02892158553803802,0.09995533883284814,0.009132268221904322,17,0.09136348621833895,0.0027014956441310314,0.001991671249150687,14,4,0.10810810810810811,1,12,0.32432432432432434,0.011207920157337082,0.01588918732730236,0.12333333333333332,0.7733333333333332,Other,false
unemployment,Manufacturing_Construction,Service,,37,0.1797826483573551,0.1882863594400741,0.011469103943764837,21,0.06091308992256079,0.005088820525407407,0.0042716330502287035,6,18,0.4864864864864865,5,24,0.6486486486486487,0.0117341180225403,0.019077274885783202,0.8925,0.7435,Strong Net Effect,true
unemployment,Manufacturing Construction,Service,,37,0.1797826483573551,0.1882863594400741,0.011469103943764837,21,0.06091308992256079,0.005088820525407407,0.0042716330502287035,6,18,0.4864864864864865,5,24,0.6486486486486487,0.0117341180225403,0.019077274885783202,0.8925,0.7435,Strong Net Effect,true
unemployment,Trade,Sales,,74,0.1597286203357196,0.16529100471657523,0.005045856712146854,24,0.030527110176376465,0.002233662225899665,0.0020823202745550093,4,54,0.7297297297297297,16,64,0.8648648648648649,0.0038970471330416296,0.007392027323876646,0.8424999999999999,0.7435,Strong Net Effect,true
unemployment,Trade,Service,,74,0.15843559981550406,0.18323538219254643,0.005013348064593317,24,0.027360152851512144,0.0024761538134127894,0.0023553791555099633,11,42,0.5675675675675675,7,62,0.8378378378378378,0.006115510466351707,0.016161811453220477,0.8383333333333333,0.7435,Strong Net Effect,true
unemployment,Services,Sales,,74,0.1692093387856034,0.1692093387856034,0.004431312754105016,24,0.02618834625741141,0.0022866126862919377,0.002142283141051247,0,56,0.7567567567567568,15,64,0.8648648648648649,0.0036568999777423627,0.00466386467827596,0.8358333333333333,0.7435,Strong Net Effect,true
unemployment,Energy_intensive,Service,,37,0.14006829104390078,0.17097233861980365,0.011466292694141502,15,0.06706519187082914,0.0046208740167514506,0.003412723166889149,8,16,0.43243243243243246,6,23,0.6216216216216216,0.013608138866813542,0.028263548920991564,0.7933333333333333,0.7435,Strong Net Effect,true
unemployment,Manufacturing_Construction,Farming/forestry/construction,,37,0.15134908820979123,0.16088163118684423,0.008753010918697526,18,0.05440652766960064,0.004348152194239034,0.003982111418628147,2,17,0.4594594594594595,7,28,0.7567567567567568,0.010275074149645104,0.013594886424988874,0.7933333333333333,0.7435,Strong Net Effect,true
unemployment,Energy intensive,Service,,37,0.14006829104390078,0.17097233861980365,0.011466292694141502,15,0.06706519187082914,0.0046208740167514506,0.003412723166889149,8,16,0.43243243243243246,6,23,0.6216216216216216,0.013608138866813542,0.028263548920991564,0.7933333333333333,0.7435,Strong Net Effect,true
unemployment,Manufacturing Construction,Farming forestry construction,,37,0.15134908820979123,0.16088163118684423,0.008753010918697526,18,0.05440652766960064,0.004348152194239034,0.003982111418628147,2,17,0.4594594594594595,7,28,0.7567567567567568,0.010275074149645104,0.013594886424988874,0.7933333333333333,0.7435,Strong Net Effect,true
unemployment,Trade,Administrative support,,74,0.14179086314305972,0.15534943220826292,0.004352494518187945,29,0.028017447224093807,0.002099316651463013,0.001960316870862287,4,50,0.6756756756756757,16,62,0.8378378378378378,0.003789549088756425,0.005207746407054928,0.77,0.7435,Strong Net Effect,true
unemployment,Energy_intensive,Sales,,37,0.11984309517490595,0.14514126887648038,0.009079413530753798,25,0.06255569901680172,0.003922736996661632,0.004034887679794356,6,19,0.5135135135135135,7,25,0.6756756756756757,0.007872398666093622,0.010323773145255524,0.7474999999999999,0.7435,Strong Net Effect,true
unemployment,Energy intensive,Sales,,37,0.11984309517490595,0.14514126887648038,0.009079413530753798,25,0.06255569901680172,0.003922736996661632,0.004034887679794356,6,19,0.5135135135135135,7,25,0.6756756756756757,0.007872398666093622,0.010323773145255524,0.7474999999999999,0.7435,Strong Net Effect,true
unemployment,Services,Service,,74,0.14802858013114328,0.15319260881063446,0.00416285474008969,24,0.02717399209015043,0.0020701703893328976,0.002048637932118382,4,46,0.6216216216216216,15,58,0.7837837837837838,0.004086967655274644,0.00875365732553256,0.7425,0.7435,Persistent Significant Response,false
unemployment,Trade,High tech,,74,0.10941067054228709,0.39425715301220543,0.015333073804903634,34,0.03889104785482218,0.005327799365029802,0.0043672164791678314,32,8,0.10810810810810811,2,28,0.3783783783783784,0.024370150866839933,0.07059359585193288,0.74,0.7435,Strong Dynamic Movement,false
unemployment,Manufacturing_Construction,Machine operators/transport,,37,0.1220161072770539,0.12876225096654,0.007304713674829724,21,0.05673024213228392,0.003480060836933514,0.0032776643313935194,2,18,0.4864864864864865,8,28,0.7567567567567568,0.007200693333756504,0.009728633896738479,0.7158333333333333,0.7435,Sharp Peak Response,false
unemployment,Manufacturing Construction,Machine operators transport,,37,0.1220161072770539,0.12876225096654,0.007304713674829724,21,0.05673024213228392,0.003480060836933514,0.0032776643313935194,2,18,0.4864864864864865,8,28,0.7567567567567568,0.007200693333756504,0.009728633896738479,0.7158333333333333,0.7435,Sharp Peak Response,false
unemployment,Manufacturing_Construction,Sales,,37,0.1165699028877018,0.1165699028877018,0.006675622074988886,20,0.05726711534983331,0.003150537915883832,0.003213303146708009,0,25,0.6756756756756757,13,34,0.918918918918919,0.004321595895181548,0.00529885927694761,0.7141666666666666,0.7435,Other,false
unemployment,Manufacturing Construction,Sales,,37,0.1165699028877018,0.1165699028877018,0.006675622074988886,20,0.05726711534983331,0.003150537915883832,0.003213303146708009,0,25,0.6756756756756757,13,34,0.918918918918919,0.004321595895181548,0.00529885927694761,0.7141666666666666,0.7435,Other,false
unemployment,Services,Administrative support,,74,0.12892255120723548,0.13164513633789993,0.0035313245607257637,24,0.02682457293113923,0.0017789883288905392,0.001718350939187542,4,54,0.7297297297297297,13,60,0.8108108108108109,0.0030835903544992106,0.004356858843468548,0.6941666666666667,0.7435,Persistent Significant Response,false
unemployment,Trade,Managerial,,74,0.11409393875327228,0.12343227051001628,0.0030590140973891775,24,0.024782936299798074,0.0016680036555407603,0.0016608694375216807,7,50,0.6756756756756757,7,60,0.8108108108108109,0.0027486702581141424,0.004098870700459915,0.6066666666666666,0.7435,Persistent Significant Response,false
unemployment,Manufacturing_Construction,Precision production/repair,,37,0.09088785067834315,0.09236508721488405,0.004553599827160645,16,0.04930001112397435,0.0024963537085103795,0.0025762616994974884,2,25,0.6756756756756757,19,33,0.8918918918918919,0.004470626935952889,0.005958772858745964,0.5858333333333333,0.7435,Other,false
unemployment,Manufacturing Construction,Precision production repair,,37,0.09088785067834315,0.09236508721488405,0.004553599827160645,16,0.04930001112397435,0.0024963537085103795,0.0025762616994974884,2,25,0.6756756756756757,19,33,0.8918918918918919,0.004470626935952889,0.005958772858745964,0.5858333333333333,0.7435,Other,false
unemployment,Services,Machine operators/transport,,37,0.0980768655541414,0.10771381928680615,0.006657780431762565,23,0.06180990030661809,0.002911184305048815,0.0030052757509412787,2,16,0.43243243243243246,5,24,0.6486486486486487,0.006657846960062744,0.008758095395549741,0.5774999999999999,0.7435,Other,false
unemployment,Services,Machine operators transport,,37,0.0980768655541414,0.10771381928680615,0.006657780431762565,23,0.06180990030661809,0.002911184305048815,0.0030052757509412787,2,16,0.43243243243243246,5,24,0.6486486486486487,0.006657846960062744,0.008758095395549741,0.5774999999999999,0.7435,Other,false
unemployment,Services,High tech,,74,0.1067936085878967,0.11053743037700182,0.0028840156455862283,21,0.02609085117819303,0.0014937490591486738,0.0015736101154720016,4,46,0.6216216216216216,10,64,0.8648648648648649,0.0025092860276401197,0.003829535663402574,0.5583333333333333,0.7435,Persistent Significant Response,false
unemployment,Energy_intensive,Machine operators/transport,,37,0.08933582226841098,0.0911163745771428,0.0061851452766629,23,0.06788181932574924,0.0024626047183011575,0.0023934655889939083,2,22,0.5945945945945946,6,29,0.7837837837837838,0.004345180230839152,0.006483469900955843,0.5558333333333333,0.7435,Other,false
unemployment,Energy intensive,Machine operators transport,,37,0.08933582226841098,0.0911163745771428,0.0061851452766629,23,0.06788181932574924,0.0024626047183011575,0.0023934655889939083,2,22,0.5945945945945946,6,29,0.7837837837837838,0.004345180230839152,0.006483469900955843,0.5558333333333333,0.7435,Other,false
unemployment,Services,Managerial,,74,0.10472674663649634,0.10617890710029981,0.002526690263722551,29,0.02379653673903201,0.0014348500959499978,0.0014723625200459148,4,58,0.7837837837837838,24,68,0.918918918918919,0.001913565336538354,0.0024370046913963993,0.5441666666666666,0.7435,Persistent Significant Response,false
unemployment,Trade,Farming/forestry/construction,,37,-0.021637714982792666,0.3769176516154866,0.0316264344337054,13,0.08390807461033738,0.010186963557175317,0.009088713947689953,10,2,0.05405405405405406,1,11,0.2972972972972973,0.05202421387255155,0.0878020802036738,0.535,0.7435,Strong Dynamic Movement,false
unemployment,Trade,Farming forestry construction,,37,-0.021637714982792666,0.3769176516154866,0.0316264344337054,13,0.08390807461033738,0.010186963557175317,0.009088713947689953,10,2,0.05405405405405406,1,11,0.2972972972972973,0.05202421387255155,0.0878020802036738,0.535,0.7435,Strong Dynamic Movement,false
unemployment,Services,Precision production/repair,,37,0.08325486014021781,0.0884829364509195,0.004474471280968422,23,0.05056874760762898,0.0023914307148897155,0.0021224148674952067,2,26,0.7027027027027027,16,32,0.8648648648648649,0.003842840856420984,0.005610820964466587,0.5191666666666667,0.7435,Persistent Significant Response,false
unemployment,Services,Precision production repair,,37,0.08325486014021781,0.0884829364509195,0.004474471280968422,23,0.05056874760762898,0.0023914307148897155,0.0021224148674952067,2,26,0.7027027027027027,16,32,0.8648648648648649,0.003842840856420984,0.005610820964466587,0.5191666666666667,0.7435,Persistent Significant Response,false
unemployment,Services,Farming/forestry/construction,,37,0.0648478191305289,0.13086427719239466,0.007003191373557057,18,0.05351492037250985,0.003536872356551206,0.0036186063638077074,6,14,0.3783783783783784,6,27,0.7297297297297297,0.0087245391396416,0.011679414858024009,0.5041666666666667,0.7435,Other,false
unemployment,Services,Farming forestry construction,,37,0.0648478191305289,0.13086427719239466,0.007003191373557057,18,0.05351492037250985,0.003536872356551206,0.0036186063638077074,6,14,0.3783783783783784,6,27,0.7297297297297297,0.0087245391396416,0.011679414858024009,0.5041666666666667,0.7435,Other,false
unemployment,Manufacturing_Construction,Administrative support,,37,0.08376990360033763,0.08550694396330821,0.004341369849515061,17,0.05077213204319384,0.002310998485494817,0.002436211381778745,2,25,0.6756756756756757,19,30,0.8108108108108109,0.00413020301210789,0.0059891368796378425,0.5025,0.7435,Other,false
unemployment,Manufacturing Construction,Administrative support,,37,0.08376990360033763,0.08550694396330821,0.004341369849515061,17,0.05077213204319384,0.002310998485494817,0.002436211381778745,2,25,0.6756756756756757,19,30,0.8108108108108109,0.00413020301210789,0.0059891368796378425,0.5025,0.7435,Other,false
unemployment,Trade,Professional specialty,,74,0.07772013216392076,0.10931194693430346,0.0035761697509849345,22,0.03271526901935261,0.0014771884720851816,0.0015569847432062658,24,32,0.43243243243243246,3,48,0.6486486486486487,0.0037544592014719554,0.0055707996957934745,0.4866666666666667,0.7435,Persistent Significant Response,false
unemployment,Trade,Machine operators/transport,,37,0.0800114672348199,0.08951754735978179,0.004258374727433534,10,0.047570279269589615,0.0024193931718859943,0.0026207602470426127,2,23,0.6216216216216216,7,34,0.918918918918919,0.0038697441249617693,0.005018765100760367,0.45583333333333337,0.7435,Other,false
unemployment,Trade,Machine operators transport,,37,0.0800114672348199,0.08951754735978179,0.004258374727433534,10,0.047570279269589615,0.0024193931718859943,0.0026207602470426127,2,23,0.6216216216216216,7,34,0.918918918918919,0.0038697441249617693,0.005018765100760367,0.45583333333333337,0.7435,Other,false
unemployment,Manufacturing_Construction,High tech,,37,0.07822107888213967,0.0788488541583199,0.0055894807540821595,19,0.07088854763645762,0.002131050112387025,0.0018173168100132462,4,15,0.40540540540540543,7,21,0.5675675675675675,0.00474889388366054,0.0061352657907589245,0.39083333333333337,0.7435,Other,false
unemployment,Manufacturing Construction,High tech,,37,0.07822107888213967,0.0788488541583199,0.0055894807540821595,19,0.07088854763645762,0.002131050112387025,0.0018173168100132462,4,15,0.40540540540540543,7,21,0.5675675675675675,0.00474889388366054,0.0061352657907589245,0.39083333333333337,0.7435,Other,false
unemployment,Services,Professional specialty,,74,0.07492858711039369,0.08499546712018452,0.0025266024156578096,29,0.029726319546960853,0.001148587393516007,0.0009723316136986123,16,36,0.4864864864864865,10,52,0.7027027027027027,0.002334839591831709,0.0030680514614043254,0.37,0.7435,Persistent Significant Response,false
unemployment,Energy_intensive,Administrative support,,37,0.06877635746542479,0.06878804221311506,0.0038316407323395626,28,0.05570213381663922,0.0018591362760301368,0.0019140672868658828,2,25,0.6756756756756757,20,29,0.7837837837837838,0.0031556840930466942,0.004228592744005338,0.36916666666666664,0.7435,Other,false
unemployment,Energy intensive,Administrative support,,37,0.06877635746542479,0.06878804221311506,0.0038316407323395626,28,0.05570213381663922,0.0018591362760301368,0.0019140672868658828,2,25,0.6756756756756757,20,29,0.7837837837837838,0.0031556840930466942,0.004228592744005338,0.36916666666666664,0.7435,Other,false
unemployment,Energy_intensive,Farming/forestry/construction,,37,0.05782322619645118,0.08373573315451793,0.006426057665636583,19,0.07674211980420055,0.00226312792309508,0.0020813416736435468,7,13,0.35135135135135137,5,20,0.5405405405405406,0.005971657383076799,0.00856013330402135,0.3408333333333334,0.7435,Other,false
unemployment,Energy intensive,Farming forestry construction,,37,0.05782322619645118,0.08373573315451793,0.006426057665636583,19,0.07674211980420055,0.00226312792309508,0.0020813416736435468,7,13,0.35135135135135137,5,20,0.5405405405405406,0.005971657383076799,0.00856013330402135,0.3408333333333334,0.7435,Other,false
unemployment,Manufacturing_Construction,Professional specialty,,37,0.06385081363695906,0.06471022279136611,0.003908571836537898,27,0.06040114943105088,0.0017489249403071921,0.0018259921691847882,2,25,0.6756756756756757,14,29,0.7837837837837838,0.0026528824669697706,0.003255219179809663,0.3208333333333333,0.7435,Other,false
unemployment,Manufacturing Construction,Professional specialty,,37,0.06385081363695906,0.06471022279136611,0.003908571836537898,27,0.06040114943105088,0.0017489249403071921,0.0018259921691847882,2,25,0.6756756756756757,14,29,0.7837837837837838,0.0026528824669697706,0.003255219179809663,0.3208333333333333,0.7435,Other,false
unemployment,Trade,Precision production/repair,,37,0.0656466367331612,0.06876651949483892,0.004264518311634199,25,0.062014456205745014,0.0018585545809415925,0.001839115438504,2,17,0.4594594594594595,5,30,0.8108108108108109,0.0036381564527342434,0.0048879599453574805,0.3058333333333333,0.7435,Other,false
unemployment,Trade,Precision production repair,,37,0.0656466367331612,0.06876651949483892,0.004264518311634199,25,0.062014456205745014,0.0018585545809415925,0.001839115438504,2,17,0.4594594594594595,5,30,0.8108108108108109,0.0036381564527342434,0.0048879599453574805,0.3058333333333333,0.7435,Other,false
unemployment,Manufacturing_Construction,Managerial,,37,0.05150768028493885,0.059471207103418786,0.0032386973967106526,23,0.05445824213856375,0.0016073299217140215,0.0015125521569325311,2,24,0.6486486486486487,15,33,0.8918918918918919,0.0027797889790011562,0.0035749115119123303,0.2425,0.7435,Other,false
unemployment,Manufacturing Construction,Managerial,,37,0.05150768028493885,0.059471207103418786,0.0032386973967106526,23,0.05445824213856375,0.0016073299217140215,0.0015125521569325311,2,24,0.6486486486486487,15,33,0.8918918918918919,0.0027797889790011562,0.0035749115119123303,0.2425,0.7435,Other,false
unemployment,Energy_intensive,High tech,,37,0.006832120678025351,0.07107113384048232,0.005659326936908903,2,0.07962905093945939,0.00192084145514817,0.0012801830704017433,8,12,0.32432432432432434,7,17,0.4594594594594595,0.004985534454321637,0.009204303562857768,0.2325,0.7435,Other,false
unemployment,Energy intensive,High tech,,37,0.006832120678025351,0.07107113384048232,0.005659326936908903,2,0.07962905093945939,0.00192084145514817,0.0012801830704017433,8,12,0.32432432432432434,7,17,0.4594594594594595,0.004985534454321637,0.009204303562857768,0.2325,0.7435,Other,false
unemployment,Energy_intensive,Precision production/repair,,37,0.04473307368519097,0.05613511089591114,0.0030359387722994143,30,0.0540827073082446,0.0015171651593489496,0.001543625139530866,2,20,0.5405405405405406,6,30,0.8108108108108109,0.00301733891790434,0.003711597245949515,0.1825,0.7435,Other,false
unemployment,Energy intensive,Precision production repair,,37,0.04473307368519097,0.05613511089591114,0.0030359387722994143,30,0.0540827073082446,0.0015171651593489496,0.001543625139530866,2,20,0.5405405405405406,6,30,0.8108108108108109,0.00301733891790434,0.003711597245949515,0.1825,0.7435,Other,false
unemployment,Energy_intensive,Managerial,,37,0.04240764555537945,0.047460157989541,0.0030533227626113055,23,0.06433444160224203,0.001282706972690297,0.001110220911543995,5,18,0.4864864864864865,8,25,0.6756756756756757,0.0026932307984145823,0.003429943301776904,0.1575,0.7435,Other,false
unemployment,Energy intensive,Managerial,,37,0.04240764555537945,0.047460157989541,0.0030533227626113055,23,0.06433444160224203,0.001282706972690297,0.001110220911543995,5,18,0.4864864864864865,8,25,0.6756756756756757,0.0026932307984145823,0.003429943301776904,0.1575,0.7435,Other,false
unemployment,Energy_intensive,Professional specialty,,37,0.019681155588962242,0.03784933660749543,0.0030809822630931388,35,0.08140122229997028,0.0010229550434458223,0.0008758145650440302,13,10,0.2702702702702703,8,18,0.4864864864864865,0.0027729920321781587,0.0037046503240024398,0.07916666666666666,0.7435,Other,false
unemployment,Energy intensive,Professional specialty,,37,0.019681155588962242,0.03784933660749543,0.0030809822630931388,35,0.08140122229997028,0.0010229550434458223,0.0008758145650440302,13,10,0.2702702702702703,8,18,0.4864864864864865,0.0027729920321781587,0.0037046503240024398,0.07916666666666666,0.7435,Other,false
