horizon,coef_name,beta,dk_se,boot_se,ci_lo95,ci_hi95,ci_lo90,ci_hi90,ci_lo68,ci_hi68,n_boot_valid
0,intercept,-1.589778766933821e-8,0.0009194974860262463,0.0008280864998856807,-0.0014945954704570625,0.0016268433695676183,-0.0011943980189817274,0.0014670865817889916,-0.0007678199974692617,0.0009574215917676697,500
0,shock,-0.0007078104923744729,0.002307731425765436,0.0023364054796494627,-0.005632784114501176,0.0029936293581030787,-0.0048874405753880044,0.00260093326436819,-0.0033560622212935815,0.001371231233761298,500
0,shock_x_occ2,0.0008297832994547277,0.003416469513741555,0.0035137751159462017,-0.0056808206533704,0.008095484351910468,-0.004262783433909769,0.006923739124610444,-0.002458951006200182,0.004597670604688137,500
0,shock_x_occ3,-0.00846952488938125,0.00408344745635354,0.004315749378767945,-0.017150407012578844,0.00040920789148667585,-0.015026698725741954,-0.0007767576103703079,-0.012132205980449685,-0.003804567199339957,500
0,shock_x_occ4,-0.0062791197827523565,0.004528066827529582,0.004353146454335118,-0.014478562862207436,0.002022503413804295,-0.013100667681743172,0.000809455621682659,-0.01021968770198813,-0.0016610831757737062,500
0,shock_x_occ5,-0.0030640382042339247,0.0031942112367211437,0.003197273132779466,-0.008787693179385037,0.0034351916369780413,-0.008068738409957638,0.0024390807961114837,-0.005992836609111875,0.00025015428341289454,500
0,shock_x_occ6,-0.0009287314007940016,0.003348742688755256,0.0033183189207349087,-0.0074024606370486825,0.005256741585586319,-0.006276324718089161,0.004496678983177273,-0.004158996052578802,0.0028584230003391243,500
0,shock_x_occ7,-0.003532689044021438,0.005168627817244755,0.005128392518154244,-0.012758406198445992,0.007066048975970659,-0.011155729674712707,0.005587001271675696,-0.008714652787659583,0.001367362575404944,500
0,shock_x_occ8,-0.0055345145936070445,0.004136119050066791,0.004533399295554162,-0.01276728573323704,0.004422332421215511,-0.011900674851714654,0.002669210402730713,-0.009714682531204855,-0.0005296560330521902,500
0,shock_x_occ9,-0.0002392974707205838,0.0032902280262439216,0.0033108081117173317,-0.005892102709470361,0.0064503340064759685,-0.0053634342521785795,0.005651160332874952,-0.0031470957761375973,0.0032118522359126994,500
0,shock_lag1,-0.002058312048866121,0.0013393593237134448,0.0015181558857660026,-0.005256479197402094,0.0007051119001923473,-0.004566534658068856,0.0004268406422147136,-0.0034421822093528166,-0.000538254006961811,500
0,shock_lag2,-0.0007315836522440496,0.001228892477969567,0.0012690397236475499,-0.0032080108463651627,0.0018394294648850216,-0.002899132644500302,0.0014666255445034892,-0.0018301043475873189,0.000562917176058956,500
0,shock_lag3,0.0016944208824816853,0.001299525103372998,0.0013732989038667109,-0.0008086605733906757,0.004420788546668086,-0.00046557436938830186,0.0038559011790138278,0.00026308117681210475,0.002905852725521629,500
0,shock_lag4,-0.0013078565570935024,0.0011958038020860064,0.0012005898614172673,-0.0034736683788067196,0.0013297130644545465,-0.003136284934931222,0.0008465733041155795,-0.0023656604468877546,2.3448373415369606e-5,500
0,shock_lag5,-0.0011083151692873982,0.001169816709324877,0.0012272444487633925,-0.0032452576917582406,0.0013311216603450748,-0.0030101580228444618,0.0010280093542479008,-0.0022720519398920563,0.0001939465464394315,500
0,shock_lag6,-0.0018037060843331106,0.0011790487260916348,0.0012466488077526891,-0.004122132354869088,0.0007690584086566716,-0.003799590352262472,0.00039541901042338605,-0.002916121569253285,-0.00045820889338156847,500
0,shock_lag7,-0.0017132230829733086,0.0010884332499271631,0.001218709284501855,-0.003949263146414161,0.0007886409696971523,-0.0036019973201365865,0.00028307695535495525,-0.0027683716363312064,-0.00042707735136396575,500
0,shock_lag8,-0.0016468898570797974,0.0010304917034604012,0.0011963389796721291,-0.004089949233676611,0.0006633751601453019,-0.003686245578241809,0.0001814994146153899,-0.002782314832625895,-0.00038780286416009854,500
0,shock_lag9,-0.0018255584552762914,0.0010481125495675426,0.0010991644078474961,-0.0042265941479896485,0.00021871993182420187,-0.0037491031402859284,-6.29079081301285e-5,-0.0030000383399567602,-0.0008269320550185364,500
0,shock_lag10,0.00027583666505054963,0.0010803357477046738,0.001075505851037683,-0.001884316253248332,0.0022562784669237605,-0.0014924602003712581,0.002020392135418529,-0.0007236687673749864,0.0012755135426255877,500
0,shock_lag11,-0.0004158766593614282,0.0010156905734057925,0.0010247951628145667,-0.002345093350806738,0.0014670899212017386,-0.0020272707398587084,0.0011995550802542463,-0.0015186996540965596,0.00061900400644224,500
0,shock_lag12,-0.0015705893366207923,0.0011344599177836071,0.0011969257649538563,-0.003959571463675713,0.0008950834490334864,-0.003536370347234724,0.00031624375779325215,-0.0028256070881192016,-0.0005416207845708225,500
0,log_oil_lag1,0.001148339385536922,0.002707857167668087,0.0025834035638042626,-0.0037772842764707787,0.005909055422376344,-0.0031243997071608255,0.005287954161351611,-0.0016341478991227316,0.0035235781229035947,500
0,ffr_lag1,0.00046066305532265584,0.0006169552376526011,0.0006051128484613871,-0.0005579222147477259,0.001736862514130356,-0.0004518617104020411,0.0014939930096624415,-5.1986959814915155e-5,0.001172436209141628,500
0,log_rwage,0.26029932648409543,0.02151808467604954,0.0200186498282079,0.22953275600520573,0.3087480253572563,0.23683454510422458,0.3025466271006308,0.2471526929040896,0.28582657184548804,500
0,age_mean,-0.0017663342495094277,0.0009432193060572858,0.0009681177943432188,-0.0037448096902825646,5.433390014310752e-5,-0.0032943440416190726,-0.00026037749882384074,-0.002771076674883044,-0.000822257263020152,500
0,female_share,0.07645801921083645,0.02359236532980948,0.025434921426614795,0.030610024362693215,0.13101493432361977,0.0374666946036636,0.12627992931948748,0.05500754272897507,0.10483216738682677,500
0,married_share,0.1260054005263587,0.036848043014958004,0.035506297000151,0.054842714968569004,0.19208686496584218,0.06380299254434656,0.1813056905338323,0.08504790352623443,0.15434195045769147,500
0,hours_mean,0.016141484493060097,0.0015350731384106496,0.0015452602067465339,0.013029209677112543,0.019070543835615864,0.013610752752446238,0.018589587109055675,0.014520173343827505,0.017583431342442273,500
0,unemp_rate,0.1293035075453842,0.05732111905949373,0.05906417199284962,0.011826193752464414,0.2594707824901907,0.04182298065662954,0.2334339872437792,0.08287711497988269,0.19565051052732063,500
1,intercept,6.597092109046862e-9,0.0007117454924892178,0.0007874871720102717,-0.001524315565447199,0.0014794042629882732,-0.001292795730858663,0.0012584680265740325,-0.0008438297229816786,0.0007396285891086191,500
1,shock,-0.0009807414375494117,0.003038176808483622,0.002833945545661185,-0.006222885586851623,0.004711365358411686,-0.005639446030284044,0.0033494629264278876,-0.003868760836052413,0.0016756629226935102,500
1,shock_x_occ2,0.0021351896816092365,0.004300188689544885,0.004282004630293881,-0.006843072055581198,0.010121858890629363,-0.005391924918748843,0.00916938819150288,-0.002215873268447415,0.0059916804707699665,500
1,shock_x_occ3,-0.004903666777556584,0.005435837095689763,0.00526320333290456,-0.015430724195206327,0.005411302048265526,-0.0132776156148869,0.0039330951693696565,-0.010201658250745968,0.0004287842269391532,500
1,shock_x_occ4,-0.005556163947756088,0.004918754951256255,0.004873219849540172,-0.015208201353972727,0.004599390872826615,-0.01358996629632256,0.0028990922720242597,-0.010104814802670059,-0.0005549854466008338,500
1,shock_x_occ5,-0.004228539285127329,0.0040598754834127605,0.00408371115835542,-0.012459974934708682,0.0040112949997032354,-0.010775482953770251,0.002368776758452771,-0.00815089185162595,-0.0002657431822596721,500
1,shock_x_occ6,-0.003095733103192196,0.004007510163549873,0.0037162858551120156,-0.01059564857222994,0.0036518863310814028,-0.009661760533247504,0.002995800680985572,-0.006823303619720663,0.0004430989939931655,500
1,shock_x_occ7,-0.007070442402858973,0.0060510892430800925,0.005959440011227878,-0.018320053577766046,0.004489424237007161,-0.017558643770933732,0.0021502529117816416,-0.013538220009694957,-0.001612491976794163,500
1,shock_x_occ8,-0.010487522417729241,0.005564653011304398,0.005342451367995566,-0.021585196313118598,0.0011547563582780217,-0.019416174342703648,-0.0017843271021387346,-0.015431462105476818,-0.005351606457826453,500
1,shock_x_occ9,-0.0006317334463457524,0.004687808927793336,0.0044323572731420355,-0.008910377338539308,0.008111954199055065,-0.007706620827643098,0.006873331897690036,-0.005303246506476008,0.0036111997576883346,500
1,shock_lag1,-0.002594447581983569,0.0015994891263451342,0.0016623045849131935,-0.005978166132079191,0.00045674377407859383,-0.00548001676814542,-9.194001383601468e-5,-0.004293280023903739,-0.0009351922829427751,500
1,shock_lag2,0.0021803363303329708,0.0010964351229049824,0.0012013055079360016,-0.00017783792130394028,0.0044681953960569315,0.0001902433206820825,0.004106428007276111,0.001050746053070494,0.0033035193348689533,500
1,shock_lag3,0.0028741269137594495,0.0016544712429976064,0.0016633130191104828,-2.5044759694777e-5,0.006181012447678107,0.00033842058677821714,0.005820015674154736,0.0012594136247281156,0.004552298616951163,500
1,shock_lag4,0.00029226450260508746,0.0012208529655490402,0.001304665136764222,-0.0021427513577614377,0.0030567204061263493,-0.001725245992708228,0.0025077578165431987,-0.0010162541772719838,0.0015693301770099695,500
1,shock_lag5,-0.0002737704769883629,0.0010975326134116277,0.001138231907121607,-0.0024724359228556238,0.0019350251183266644,-0.0021724851973391347,0.001479851651722432,-0.001418051200557986,0.00084511037255266,500
1,shock_lag6,-0.0012092689677101192,0.0011046734492468823,0.001285336709851357,-0.003586984031303247,0.0015060443336271047,-0.003206485067610959,0.0009677838980231805,-0.0025399698297577876,1.3727703221297614e-5,500
1,shock_lag7,-0.0017144889416833109,0.00104002369133374,0.0011635248431442187,-0.003860323173417941,0.0006243606483148166,-0.003497560895029174,0.00013330797509277298,-0.002813637254596744,-0.0005495566545545363,500
1,shock_lag8,-0.0020584148751925926,0.001116710746579612,0.00117061364925226,-0.004238261539166883,8.020843470804705e-5,-0.0039828888756395986,-0.00030077351174106435,-0.0033152330105799977,-0.0009694761682568093,500
1,shock_lag9,-0.0004002398053729949,0.00121069207375527,0.0012055307391853262,-0.0028095628545119124,0.0018898558886634928,-0.0022705534150324934,0.0015281738487707953,-0.0016599184574452293,0.000806098743171894,500
1,shock_lag10,0.0014424199113670223,0.0012605118267301164,0.0013551074796592235,-0.0011668922785334763,0.003820937648764635,-0.0008067799183216402,0.0034409167946947983,0.0001644304883838217,0.002772374120385012,500
1,shock_lag11,-0.0006555988229214649,0.0009656927249711314,0.0011027395776586767,-0.002949572563555253,0.0013682801716636953,-0.002475309529661432,0.0010381499426788444,-0.001772763438780387,0.00040325497419887936,500
1,shock_lag12,-0.0007097652459779337,0.0011737209485330662,0.0012646836539457235,-0.00301803227204142,0.0018098379866767456,-0.002713474031234838,0.0013886097175053011,-0.0019803236200852054,0.000557818757984084,500
1,log_oil_lag1,-0.0007711704366614373,0.0021170376590764523,0.00235925875490237,-0.005486139498676273,0.003915759336199334,-0.004710911202110724,0.003457005789050923,-0.0029044769888921995,0.0015740620021014017,500
1,ffr_lag1,0.00016315470668131185,0.0005913672499268931,0.0006458188286673624,-0.0010199911845098822,0.001377202631051064,-0.0009006314150291102,0.0012048454586699308,-0.0005562469257201001,0.0007355709635024773,500
1,log_rwage,0.0028029543404095854,0.019496409011223032,0.019836556093625803,-0.03318153608876681,0.040490422855184824,-0.030033818668821648,0.03487529112314121,-0.017510368447288042,0.023097041870107245,500
1,age_mean,-0.0005366428281527851,0.001034680977961774,0.0012082951816925799,-0.0029768528740895814,0.001546965482969871,-0.002614876303993322,0.0013003443942697821,-0.0018727500506689975,0.0005445116776775529,500
1,female_share,-0.02520379384787753,0.024928644183515224,0.02707189420359201,-0.07641397636969781,0.03350466856123839,-0.06987844152313728,0.020650654318984833,-0.05361368695802866,-0.0014007456777488624,500
1,married_share,-0.025539765042387773,0.03639860074686349,0.03582416088830834,-0.09240746674559482,0.0393616966016986,-0.08087508334140346,0.03211331744076239,-0.05760899096840533,0.013294004379595704,500
1,hours_mean,-0.0006924537909857537,0.0012752379310114078,0.0013299688183275463,-0.0033387842312273784,0.0017843667139670041,-0.0028940497711374496,0.0014735997415796854,-0.0020639591734184816,0.0006015772269601491,500
1,unemp_rate,0.009927336573659937,0.05653392729032155,0.06122368827615981,-0.10980581190420412,0.1160232998287188,-0.09506695677083521,0.1033703045198145,-0.061215053571017794,0.06212684573186246,500
2,intercept,-1.1708543843531987e-8,0.0009589149577662206,0.001027141300302313,-0.0019709744381305756,0.0019441057825915595,-0.0017834640082841724,0.0016197527270647482,-0.001035385894462512,0.0009119699899569066,500
2,shock,0.00036722232661115284,0.0026961861025617236,0.002902694646841636,-0.004733187720964606,0.005948702303041802,-0.004138330156166464,0.005286575627782657,-0.002524531196258395,0.0031482104700810247,500
2,shock_x_occ2,-0.0032832889037427296,0.00413513109375053,0.004039064072156917,-0.01133416148102449,0.0040546546552446185,-0.009894397007123867,0.0026139743863533463,-0.007449208768365032,0.0008198637235490035,500
2,shock_x_occ3,-0.01030545574227735,0.005598752705759256,0.005190634092868473,-0.020223430011550195,-0.000314745267234576,-0.018975945733288493,-0.0018223093770319426,-0.015210411796510349,-0.0054965457891770425,500
2,shock_x_occ4,-0.0129135101332618,0.004897660206020002,0.004948161789097484,-0.02261468509947872,-0.0024998711642738,-0.02030280776943242,-0.004295312010381555,-0.01735369052169778,-0.007570395142012701,500
2,shock_x_occ5,-0.004560635573098128,0.00341874412650102,0.0032783598211269436,-0.010801870163439095,0.002211490953018856,-0.009746553051789966,0.0011827253382565824,-0.007856006826854833,-0.001626558937135889,500
2,shock_x_occ6,-0.0040294240430619795,0.003678296072570813,0.0038481835637442013,-0.01206134825563971,0.003014140195399138,-0.010597788492171382,0.0020267330306814432,-0.007894915876806439,-0.000543902380800424,500
2,shock_x_occ7,-0.008883216769677934,0.005406931015375458,0.005810363211335732,-0.021757763380451545,0.001629840827834858,-0.019382500079192455,-0.000414803422929776,-0.014798194544582316,-0.0038721435326197666,500
2,shock_x_occ8,-0.008112532539291352,0.005062961460840064,0.004691650661201814,-0.016425007284054802,0.0011893730611602937,-0.01559829006491829,-0.00020223996932697792,-0.012755276093612912,-0.0034126533138525046,500
2,shock_x_occ9,0.0006358445644363378,0.004852561566104894,0.004864815831872811,-0.007523558141595537,0.010272836375832768,-0.007049417244599725,0.008543507872317098,-0.004175246118020239,0.005367878823434692,500
2,shock_lag1,0.0007786253967591258,0.0014839172637962125,0.0017275789714503442,-0.002774354987951883,0.003978563381647704,-0.002225113225279702,0.0035364384287302113,-0.0008169205376797327,0.00246748280013078,500
2,shock_lag2,0.0026178214170272823,0.001344736804174888,0.0014463408283927318,-0.0001121904631607055,0.005654507385598257,0.0004025371569917449,0.0051233011225267815,0.0013422610270192967,0.0041626874093892985,500
2,shock_lag3,0.0038875290356417394,0.0017353772450227304,0.0018648989151906477,0.000650744666608937,0.007475334152579259,0.0008479878600334017,0.006921415700037181,0.0019483770264823877,0.005622040745589425,500
2,shock_lag4,0.00040129362445887024,0.0013470812209016596,0.001392121482525393,-0.0023320691375792266,0.003105573218453214,-0.001899772978758611,0.002618668816025158,-0.0010657354024304158,0.0016902059293702199,500
2,shock_lag5,-0.00031604709594620846,0.0013696917938138009,0.0015078456477956243,-0.0031977002559975855,0.00257313936107377,-0.0027945013606549066,0.00214223660856857,-0.001993391157536079,0.0011615417150592532,500
2,shock_lag6,-0.0015296964455384482,0.001267924943356634,0.0015537489920168937,-0.004709149188909094,0.001674931453394707,-0.004042384253803897,0.0011678396626783412,-0.002953719097662501,-0.0001207503003426794,500
2,shock_lag7,-0.002458870028147441,0.0010560047727946912,0.0012980939394969387,-0.005062519390849991,5.5622452009873884e-5,-0.004680857494369949,-0.0003849529465187293,-0.003878961257236523,-0.0013157408007431967,500
2,shock_lag8,-0.000782371680643025,0.0012959069444317916,0.001557416349708672,-0.004129579973803686,0.002053340832080761,-0.003589912226128704,0.0015869804650950417,-0.002509362175731383,0.0005249112035991316,500
2,shock_lag9,0.00048790981975113743,0.001488864177776505,0.0015782953554691849,-0.00288019661990665,0.0034408726105868703,-0.002135331229355998,0.0030656316555801953,-0.0010553488496510483,0.0017883160419609983,500
2,shock_lag10,0.0006670839140266483,0.0011711923124158303,0.0012317048139307578,-0.001801539771095352,0.003056808325162352,-0.0014744911072353268,0.0027483872913303797,-0.0005925196828110933,0.00175459148493035,500
2,shock_lag11,0.00028411620530744184,0.001199863767517646,0.0012418473427606566,-0.0019244901933579393,0.0027994095991195917,-0.001572489491198006,0.002384098169628442,-0.0008500495524867691,0.0016099691696100519,500
2,shock_lag12,-5.575267151714278e-5,0.001306630957539726,0.0014444990231378013,-0.0029819306128638446,0.0025582342229062147,-0.002711964403239063,0.0021135011610152296,-0.0016522623294686115,0.0012068672516439098,500
2,log_oil_lag1,-0.0044105595085679895,0.0028335967394915633,0.0032294534536661955,-0.010472926704859775,0.0020601492216398352,-0.009214334792645761,0.0012974167397050349,-0.0073866965758267395,-0.0008963756828183327,500
2,ffr_lag1,0.0003428846232870414,0.0006980944288683668,0.0007907343193598791,-0.0010864298237065345,0.002032076464099882,-0.0009327591827212573,0.0016002145236087384,-0.00044581627937608105,0.0011157678151639252,500
2,log_rwage,-0.03090242127742581,0.023763968001221998,0.024565435686765863,-0.0755341291852075,0.01958689655560464,-0.069517955964639,0.011349811174064245,-0.056912897655161616,-0.00643572695847694,500
2,age_mean,0.0024648181108508005,0.001282709581916299,0.0013946992477885528,-0.0004430032665422081,0.005013635684533325,0.00012364631388442162,0.004741495846088793,0.001029402724158346,0.0037291343641262047,500
2,female_share,-0.02513499982721113,0.029274533597971712,0.03260914957644377,-0.08251123318383108,0.04014542754373121,-0.07377697254851631,0.031216980875427472,-0.057487128165299016,0.007742313533119409,500
2,married_share,-0.01994424270514915,0.04270061560148354,0.04311597474349612,-0.10535532187993306,0.0632649098645241,-0.09059908902877255,0.05188250585917939,-0.058807523692766345,0.02527796312945794,500
2,hours_mean,-0.002593869248931186,0.0014723001700858774,0.0017068442291891931,-0.005962441267540097,0.0006087682393426702,-0.005676729614432211,9.612065931033438e-5,-0.004364175502924582,-0.0010521601450420603,500
2,unemp_rate,-0.09288824749886686,0.054244146564405266,0.061784837784192255,-0.21917883666682947,0.012240540566380367,-0.20166537741829338,-0.001388311809921467,-0.16234034645944043,-0.03388488340444483,500
3,intercept,-1.2176330956974815e-8,0.0011615759655118356,0.001219104379657982,-0.0023508012293965005,0.002415921928102041,-0.0020285741534142943,0.002180451767771186,-0.001153785475312672,0.001188814044865979,500
3,shock,-0.0006894744025625982,0.0029855819825894306,0.0031072504172845595,-0.006613983267467875,0.005378944396264504,-0.0058291868894511795,0.004305706627062256,-0.003628210231180976,0.002244335161690013,500
3,shock_x_occ2,-0.0007505373930360294,0.00380328935638371,0.004071292150277642,-0.009054861808733784,0.006848414604568311,-0.007488001213549785,0.005841345934000834,-0.0048123874042299,0.0031800145672107715,500
3,shock_x_occ3,-0.0025143278717743864,0.005640003662961381,0.005878323566103155,-0.014245004023149106,0.008594679148308247,-0.012319934904455772,0.006445926263176341,-0.008292824854118197,0.0033375321724029407,500
3,shock_x_occ4,-0.004333160044260738,0.004405566771054094,0.00453329870326577,-0.014338392010446694,0.004086136977637806,-0.012516884735293209,0.002708860726433413,-0.00925410997889772,-0.00026932176297489197,500
3,shock_x_occ5,-0.0012984448135452318,0.0034454093243431743,0.0037520338035583432,-0.008806232255612324,0.006052750337116993,-0.0074511577712272105,0.004668238914224655,-0.0049375277086427015,0.002220589466751865,500
3,shock_x_occ6,0.0021228524679256394,0.004084498391845804,0.004275037344205981,-0.00709224388315229,0.0095093376377747,-0.0051517210924064355,0.008346715179477637,-0.002205186500672063,0.006274452868228721,500
3,shock_x_occ7,-0.0070029618614547385,0.005089516688293776,0.005414914075522104,-0.01749897743446452,0.0025153604700332436,-0.01613608884739652,0.001091711535137623,-0.012882898129230897,-0.0018912940705816152,500
3,shock_x_occ8,-0.006564955966306941,0.0041825589096414805,0.0044491727385123836,-0.015032128696911133,0.0022632489519896558,-0.013852423443904329,0.0010908177814939457,-0.010820636494713614,-0.00196989939580568,500
3,shock_x_occ9,0.006304801910688305,0.0040693275967492535,0.004006138811875423,-0.0010316135901528604,0.013898993585248973,0.0003142558635092933,0.012651807416901297,0.002400468524956802,0.010399444843312929,500
3,shock_lag1,0.0010757046928384065,0.0015374467324922266,0.001789096382704787,-0.002222366287376122,0.004654479093597796,-0.0015207779111793957,0.004065608421960958,-0.0004546089080847374,0.003105022414211618,500
3,shock_lag2,0.0030951832560864216,0.0015684020292268095,0.0017590295281461183,1.4377365921376875e-5,0.007082968439402487,0.000536976306899815,0.0062246487820862935,0.0016246994037693344,0.005027646324676831,500
3,shock_lag3,0.003502712479594254,0.0018669001771853785,0.0018309759483707887,-0.00010109541252205118,0.00718707933925062,0.00043532114972239005,0.006451286961507281,0.0015809434747782692,0.005174990056975633,500
3,shock_lag4,0.0001081341832169144,0.0016460144122951565,0.0017205106184328904,-0.0029958502937429523,0.0035886910738581364,-0.0025591002173729893,0.003191203671323735,-0.001547481993375281,0.0019876613629681026,500
3,shock_lag5,-0.0007456249715448689,0.0014889494129387982,0.00156252222786179,-0.003824784571384642,0.0023257359321328646,-0.00316706607182374,0.0020140265719050337,-0.002307316408883191,0.0006778717041215853,500
3,shock_lag6,-0.002240370266779724,0.0014217752415210604,0.0016472442376307718,-0.0054440772887645004,0.0009616492651040316,-0.004946425859305269,0.0004380457023912019,-0.003931307833893841,-0.000645370701626745,500
3,shock_lag7,-0.0013068105038765837,0.0012882383622309823,0.0014400280905496948,-0.004268028409013307,0.0013486518284057784,-0.003923836919721598,0.0009105652092020041,-0.0027543597717559296,-2.1999540293368545e-6,500
3,shock_lag8,-0.00015783884204538436,0.001555366453419182,0.0016169746368784352,-0.0032234050549133876,0.002693670877500186,-0.002844229740344137,0.0023193122995349836,-0.0017937023746934927,0.001467543228073301,500
3,shock_lag9,-0.00045203243394222146,0.0014279965668326298,0.001462154613048136,-0.0033493807797740777,0.0022062019281915775,-0.002774265296009825,0.0019003917326456052,-0.0018949581079877919,0.0011311162051500876,500
3,shock_lag10,0.0013469941006975393,0.0012371476778677128,0.0012766429634899876,-0.0008939000795968665,0.004192244384627143,-0.0006372032084711162,0.0036100256533719392,0.00012568832433452402,0.0025780940327560036,500
3,shock_lag11,0.0006626503688577322,0.0013342833175371096,0.0015036209936268622,-0.0021021766682219195,0.0037810365995082995,-0.0016731255910774488,0.0032169880547850173,-0.0006067632215936581,0.0023285537353676996,500
3,shock_lag12,0.0005481340301798555,0.0015587919667085191,0.0017166974930000708,-0.0027864266846550478,0.0038721860317277226,-0.002301689338327494,0.003397953645036317,-0.0012100896500083617,0.0022834140887103174,500
3,log_oil_lag1,-0.005384069596243646,0.0033006591898284234,0.003462778165151565,-0.012463237687219936,0.0014690411727426207,-0.011250326843008904,0.0002107387909959313,-0.008751177338829684,-0.0020146466807156064,500
3,ffr_lag1,0.0001696399039745038,0.0008618274605551615,0.0008727893708630266,-0.0014548637775712,0.0019854543464961237,-0.0012417970938710032,0.0016381656661980115,-0.0006892250467458762,0.0009695065402735825,500
3,log_rwage,-0.045967627928460646,0.027007377710932395,0.025635948359289992,-0.09945283369011701,0.000819304301968803,-0.09118313185083361,-0.004202361930299348,-0.07062138302789113,-0.01887334253760578,500
3,age_mean,0.0030438208021337397,0.001381172834666844,0.0014394176732780042,0.0005775780559016989,0.006018162988174152,0.0008101429277888579,0.005482855928491378,0.001624711668157976,0.0044498228830649016,500
3,female_share,-0.0283378175036795,0.030235847905270792,0.03291830187524187,-0.08718597097977913,0.03989024469957207,-0.0778620424331427,0.027722944380878037,-0.057864040458156005,0.007393101493951645,500
3,married_share,-0.00219845314463142,0.05090961661347296,0.04703843353479649,-0.0972425046848267,0.08566116449367861,-0.08193081529978702,0.07421717002230994,-0.049988295312907854,0.04565398276211856,500
3,hours_mean,-0.005710916865913275,0.0016563404951059149,0.0017195286497212186,-0.009075655427772507,-0.0019041959157837032,-0.008493498749904311,-0.00290298330300009,-0.007286725131038438,-0.004037986241753544,500
3,unemp_rate,-0.19987087963909136,0.061988928394513705,0.07098470829426831,-0.34561291488885354,-0.08063919775271694,-0.32635073360497235,-0.10260952014966812,-0.28661041608398247,-0.13649707393124016,500
4,intercept,-4.2310260886459775e-9,0.0012970267220397717,0.001289083619960677,-0.002457735447013917,0.002497718533279748,-0.002072326433044444,0.0021055613210002244,-0.0012506632332958138,0.0013253226273353316,500
4,shock,-0.0021954374516861166,0.003043663118564699,0.003086735332497961,-0.008467439007917226,0.0037046118145094443,-0.007497255193012893,0.0027120413459991084,-0.005545001229060773,0.0005830558214762684,500
4,shock_x_occ2,0.005800080069823802,0.004214356098939045,0.004291122334009142,-0.0024763776821014804,0.014828205645287697,-0.0009342224050223607,0.012991010014603078,0.0018128099161703185,0.010146481818523675,500
4,shock_x_occ3,-0.004870129161391843,0.0059534142242930466,0.006208142514190008,-0.015699827676036438,0.007090818155900377,-0.014149583950364168,0.005220835438561562,-0.010746744591857293,0.0020369782924718324,500
4,shock_x_occ4,9.291426336073312e-5,0.005638447264661066,0.0054302660111159974,-0.011169604560391337,0.010551636977052983,-0.009110436764243564,0.008668634284272997,-0.005416327990015665,0.00518984248225942,500
4,shock_x_occ5,0.0014887650961833063,0.0037860177896799204,0.00409625437867615,-0.005520964854226479,0.010627579890045934,-0.00443912369010484,0.00894789141806574,-0.0023059131934398745,0.00567561277449427,500
4,shock_x_occ6,0.00418907623746279,0.004830927598109231,0.004728978966470144,-0.0052530711499218395,0.013541895869642225,-0.0039016860796176394,0.011614687487722927,-0.0007327421919930517,0.008654543646407149,500
4,shock_x_occ7,-0.0032086865232937535,0.005442699381403963,0.006051164083969557,-0.014125396899628714,0.009425386013934499,-0.012352618239292191,0.007552230096539074,-0.0087667611912121,0.0027525520000344313,500
4,shock_x_occ8,-0.006088832631081293,0.004409412103112108,0.0045794717386104696,-0.014738248457314602,0.004207770397926186,-0.013018672456841372,0.0020998353650956538,-0.00993355418405222,-0.0013288713540010495,500
4,shock_x_occ9,0.00505106874890398,0.0040692023419313,0.004144403135196945,-0.0028564804879309615,0.013284182109423052,-0.0017003293610287468,0.011883925445542782,0.0009717906851656677,0.00911101110901832,500
4,shock_lag1,0.0013626004121278113,0.0018511005434978787,0.0022413303455000397,-0.002617873079541105,0.00589955039988093,-0.0020620247677247,0.005325562004200649,-0.0007046835016731538,0.003640947047183817,500
4,shock_lag2,0.0021229853652621707,0.0014599989085809894,0.0016695403554398984,-0.001222632086662112,0.005578661558377137,-0.000264561468749039,0.00507502241830341,0.0006391149090191284,0.0038740918030982048,500
4,shock_lag3,0.0029313654417048966,0.0019769951765882233,0.0019703703106071033,-0.0009350848706316229,0.006949069881436563,-0.00026531118974230656,0.005965102938657918,0.0006704439402361418,0.004725752317707119,500
4,shock_lag4,-0.0008014459757556521,0.0015909396093555038,0.0015214814584016865,-0.003343575199664361,0.0024278849774983166,-0.003080735836354631,0.0018172002505586573,-0.0021962398872463927,0.0007428532487289111,500
4,shock_lag5,-0.0017199843863053043,0.001319595708323491,0.0013209353035303834,-0.004180754513526076,0.0008513202329164253,-0.003779159512502708,0.00043667450988290035,-0.0031388099694093846,-0.00047425190838522796,500
4,shock_lag6,-0.0011997032968212903,0.0014681773737304019,0.0015657056292775473,-0.004130740459609823,0.0017231146106796843,-0.0036538271310290887,0.0013560382350016038,-0.002766006192555768,0.0002579091091775429,500
4,shock_lag7,-0.0007283000789118264,0.0014467850772977447,0.0015920927969697103,-0.003920426951394149,0.0022010088147225593,-0.003469009907107721,0.001769162274768571,-0.0023526892725029567,0.000928433990877939,500
4,shock_lag8,-0.001285074494142603,0.0015116384920772607,0.0015385385136444092,-0.004071181537889637,0.0017242103937292804,-0.0037856073252111266,0.0014124259375697112,-0.0027342155244915777,0.0002683313216716009,500
4,shock_lag9,0.0002715492151327907,0.0013007048726211305,0.0012937713058129047,-0.0020675082159791573,0.002896734876763506,-0.0017599647757527328,0.0023395237030035577,-0.000916594450555127,0.0015230294904720935,500
4,shock_lag10,0.0016396422638192485,0.0013362247057393094,0.0014247737109965854,-0.0009411538031565468,0.0044949773777803875,-0.0006284303557603937,0.0039932523770337125,0.0003414638954976675,0.0031157651486625314,500
4,shock_lag11,0.0013280135108089425,0.001373659778492934,0.0015277292270943024,-0.0016154542705726996,0.004226566643346998,-0.0010627546627013794,0.0038558213735947586,-0.000121071521412298,0.0029342670133492422,500
4,shock_lag12,0.0009129120289993372,0.0014223787943332818,0.0014389585396255935,-0.001969512224804072,0.0037662063038406196,-0.0015130410326105869,0.0031098125991987254,-0.0005439772115074321,0.0023996168321182383,500
4,log_oil_lag1,-0.005378969266884454,0.0033647888757994894,0.00357108683854431,-0.012322044045119745,0.0017280604764529145,-0.011119280476431473,0.0007540037003974126,-0.00835908712798486,-0.0013709704298555067,500
4,ffr_lag1,-0.0001333000862610356,0.0009361660232140571,0.0008991482787344747,-0.0019294679262225431,0.0015509859066245037,-0.0016420065332136637,0.0013032614488792012,-0.001108995719252427,0.0006782564868918242,500
4,log_rwage,-0.062434482448920116,0.029790755575599643,0.028838765759865173,-0.11489721127973992,-0.00316686432069986,-0.10948676334934274,-0.010991493492888646,-0.08819319316984846,-0.0344141952462309,500
4,age_mean,0.002729670093839035,0.0014337483243558637,0.0014233152042716912,-0.0003020144301026991,0.005329082620626532,0.00023919545007661225,0.0049265269097499,0.0011337300590390268,0.003960173728833478,500
4,female_share,-0.05505733389992394,0.034426522594500374,0.034829484952913166,-0.12042538312157344,0.020709032662255072,-0.11288571188917908,-0.00016819052953787725,-0.08965943768143542,-0.01982453038111481,500
4,married_share,-0.004099233847097472,0.05456821559123454,0.051189493555276556,-0.10940481496195478,0.09334775734497039,-0.09492171867846655,0.08333697193641945,-0.055303945289407686,0.04543913687000865,500
4,hours_mean,-0.007224082891507431,0.0016707127887700276,0.0018016405237855607,-0.010423066752033342,-0.003769243517087997,-0.009970111448775064,-0.004269111340009278,-0.008987122244656804,-0.00521143519230446,500
4,unemp_rate,-0.27169491979290145,0.06544787097882274,0.07425113280130159,-0.4161527904866684,-0.1330494678576943,-0.40220509803622423,-0.15751453993452558,-0.3537681034056159,-0.20503678255408364,500
5,intercept,-1.4795409640033064e-8,0.0013362734559912955,0.001277366740859795,-0.0024354039501328618,0.0023899169763207154,-0.0021185402064543488,0.002023807884648103,-0.0012994108635323378,0.0012678639725060108,500
5,shock,-0.0014182974674564934,0.0034625148903659557,0.003521116034321053,-0.0083445473427749,0.0055652202716057544,-0.0069920369345406845,0.004633707630513969,-0.004779119717745829,0.0020693275355185173,500
5,shock_x_occ2,0.0026177521074134675,0.004499687460747031,0.004707118302993661,-0.0069467295426721525,0.011312784682884141,-0.00556811141233528,0.009724872432464973,-0.0022622196192490524,0.007291465767042102,500
5,shock_x_occ3,-0.0012069017760176263,0.005542229682481783,0.005236392087885497,-0.011848839163057552,0.009158167559760691,-0.01023324509227429,0.007440952936510949,-0.006324696675371665,0.003746979087249495,500
5,shock_x_occ4,-0.0026964286087871625,0.004825650615214409,0.0048003974384420965,-0.01287049134932655,0.006224998414990517,-0.011171609636255877,0.004513754916956184,-0.007616981248583172,0.0019593405285742854,500
5,shock_x_occ5,-0.0011731741457537026,0.00413708731787906,0.004193119967977178,-0.009126360064753699,0.006914377834878842,-0.008319161357660707,0.005885706929615167,-0.005746393833776073,0.002574185736376047,500
5,shock_x_occ6,0.0032276207919190824,0.005144287363510806,0.00511630605528628,-0.0070394719903584665,0.012175398316559404,-0.005260801321703782,0.010716613831558384,-0.0024211161196040385,0.008027731242616338,500
5,shock_x_occ7,0.0023267962561678676,0.005732468722195918,0.0058178786725652,-0.008543705180046504,0.014556023981354648,-0.006869352645825846,0.012308305177742954,-0.003267874953953038,0.007855269378938786,500
5,shock_x_occ8,-0.008217727270786717,0.005031752353424281,0.005214245282734438,-0.01777905782600734,0.002551032574773157,-0.016359216537246906,0.0003148892735202877,-0.013444936088528363,-0.0030851324684691454,500
5,shock_x_occ9,0.004001313536575596,0.0041379059152598235,0.004125097160174976,-0.004046901946929937,0.012009427298580531,-0.0027648590316765808,0.010185926980961603,-0.0003171484916392192,0.007621459390398806,500
5,shock_lag1,0.0007923183148516857,0.0017137521030001586,0.0019076606761670644,-0.00298951752526301,0.00420756871737284,-0.0023471813603621054,0.0037330612650228637,-0.0011848536231885837,0.0027786241475274533,500
5,shock_lag2,0.001808115576014283,0.001660994655444449,0.0017477955065407808,-0.0016180447119768827,0.005304556766425066,-0.0010819486818599282,0.0044563489941991654,-0.0001479959946915264,0.003407138895339124,500
5,shock_lag3,0.002127392393981282,0.0019560606906557252,0.0018574985698681702,-0.0012381943001721805,0.0057508250238930145,-0.0007839456789119447,0.005186389813888311,0.00010017989556550224,0.003936256145854492,500
5,shock_lag4,-0.001392752976083238,0.0014558651392539818,0.001436738185886997,-0.004231664603964166,0.0013716325515555315,-0.0038368635882203863,0.0009894789056343908,-0.0028213108645438654,-0.0002017562798163445,500
5,shock_lag5,-0.000562291098395092,0.0014841518554506554,0.0015160206387042129,-0.003938916550005441,0.002192392381907283,-0.0033227178079695573,0.0016546541746136467,-0.002204216595964575,0.0005996765987568572,500
5,shock_lag6,-0.0004404792686053051,0.0016883195042405375,0.0017249595451341343,-0.004093850559537995,0.0027374538367117866,-0.003415096344724925,0.002458038215575155,-0.0022859043236825314,0.0010866170827776142,500
5,shock_lag7,-0.0016017831602665406,0.0012647086128338887,0.0014785410793211854,-0.0048032440236042044,0.001174797362650853,-0.003976278970945264,0.000822005913550573,-0.0029217754736756375,-0.00024878095727684773,500
5,shock_lag8,-0.0006036744764589735,0.0013510315606188553,0.001439680115121879,-0.003564020006148203,0.002119855422027234,-0.002941089037401056,0.0016976193186262723,-0.00204923165809129,0.0008102039383776498,500
5,shock_lag9,0.0005915638901161839,0.001388859601042057,0.0015525853803367237,-0.002644620529454662,0.0033869746230512287,-0.00216511097729435,0.002949609229761949,-0.0011130907903076908,0.0019242241421968506,500
5,shock_lag10,0.0023359198082406494,0.001365779325250482,0.0014853028703759577,-0.0004324165370285899,0.005424277178714276,-6.973662967561992e-5,0.004920246595475526,0.0010065250358315169,0.0038688085952911953,500
5,shock_lag11,0.0018397058364079315,0.0013564355044805446,0.0015407302874315962,-0.0008578057095202662,0.004921798071686756,-0.0005296646707350732,0.004343382748347637,0.0004375900405735024,0.00344638689242289,500
5,shock_lag12,-3.314266954953862e-6,0.0016467556341840835,0.0017931514709464912,-0.004157145500799679,0.003351574896918968,-0.00302324093919062,0.002868627590412361,-0.001670083701430792,0.0016654519492411493,500
5,log_oil_lag1,-0.006968765771437516,0.0031360393042919057,0.003264667316552621,-0.01248345638676501,0.00010148241684228983,-0.011507687458673662,-0.0010216893451902586,-0.009820459337722907,-0.003344317120919212,500
5,ffr_lag1,-0.00013023026846618343,0.0008444576522837904,0.000873822190833307,-0.0019452376952617404,0.001627371251134468,-0.0015915746723053398,0.001359103470000994,-0.0010314268029216304,0.0006112281009811872,500
5,log_rwage,-0.09957707455371574,0.030476158568179822,0.02821525285421963,-0.15196577097444514,-0.044519011508784345,-0.14654438730940803,-0.05444934282104205,-0.12450344093278402,-0.07116193447793744,500
5,age_mean,0.004635915010853549,0.0012690682154290207,0.0012941686518697705,0.0015830869431627255,0.006943226330568196,0.0023769287537112184,0.006485222514657089,0.003188158147086684,0.005692447295521208,500
5,female_share,-0.043268736897575114,0.0336802509182084,0.035724479373965445,-0.11373284989871102,0.019467026126169622,-0.10150604018900339,0.013320689088440826,-0.07982097646219846,-0.008168860202851203,500
5,married_share,-0.0025303395693717333,0.04683901732177365,0.045032548416015915,-0.09615341530537816,0.07779071286062547,-0.0828338704971372,0.06685230648921797,-0.044387460434856196,0.04387579355915203,500
5,hours_mean,-0.007862814647536744,0.001819543039388612,0.001929731998772608,-0.01171542423748,-0.003972086642169023,-0.010911169378004255,-0.004586254714850799,-0.009683679419688314,-0.005862717252343123,500
5,unemp_rate,-0.34031066869813104,0.05945244344165979,0.07265949838611821,-0.49533990894307445,-0.21479653254784722,-0.46882066012294893,-0.23179811598110622,-0.4182905754404571,-0.27439022512086625,500
6,intercept,-8.24597553467543e-9,0.0013552704390690437,0.001331284635138398,-0.0027049480765101407,0.0025514820506271248,-0.002355975068973983,0.002048928518586156,-0.0014093053088529415,0.0012698008550958435,500
6,shock,-0.0016585520842138438,0.00293315200898879,0.003120951299920373,-0.007769514126595555,0.0038692741007062075,-0.006877704577952978,0.0031271747196330735,-0.004832195078275942,0.0012425852027679036,500
6,shock_x_occ2,0.0021802703659690955,0.00415070368688657,0.0042673882241125154,-0.006255452825639218,0.011063977213140775,-0.004572981429167852,0.009271898907484763,-0.0020111977830059207,0.006640122156088628,500
6,shock_x_occ3,-0.003387202899717098,0.004783541962907919,0.0051455845752676945,-0.014866985269924932,0.006965749898371966,-0.011664323898570176,0.00473577106399015,-0.008549394840758428,0.0012357190755365244,500
6,shock_x_occ4,-0.004792374744718707,0.00430641969563763,0.004407531409999887,-0.013471455968787389,0.00407409328349915,-0.012193517471925945,0.0025891263230093785,-0.008922139878396327,-0.0006058057913377672,500
6,shock_x_occ5,-0.00043781502360367965,0.003467235387987964,0.00370468258806091,-0.007076183290611042,0.006841747423642991,-0.006097276291052218,0.005754261661648453,-0.003878880640735132,0.0033899434704122485,500
6,shock_x_occ6,0.0019280601789343325,0.004469668415887165,0.004463899736347597,-0.007390581849645729,0.010402084428137979,-0.005660683257414638,0.009063196557288492,-0.002495881569966103,0.005997538559948782,500
6,shock_x_occ7,0.003163551435972019,0.0046315894279433,0.005461924994251372,-0.007633739765056576,0.013782433228150325,-0.005659503472922861,0.012244895134298385,-0.0023504405808243943,0.008533784972314294,500
6,shock_x_occ8,-0.006011954631584618,0.004464868043651931,0.0046265901353447865,-0.014578990746519527,0.004070526952154067,-0.013420212341261378,0.0022184739424493064,-0.010027279198138934,-0.0014795447530848427,500
6,shock_x_occ9,0.0026079412620487463,0.003731274254179095,0.004094418689997607,-0.0053200339817626235,0.010678963264262912,-0.003694989906700036,0.009642577016225657,-0.0012298687544513383,0.006464730863534909,500
6,shock_lag1,0.00020941185844140388,0.0018551056026235371,0.002072379704762464,-0.003850146189684096,0.0046259374867346405,-0.0031079395554838843,0.0037708383185340523,-0.0016694673483971362,0.0023125376837692642,500
6,shock_lag2,0.0004219403232433021,0.0015606561187275804,0.0016108374023111882,-0.0025519898224651023,0.0037344744284444602,-0.002079548636181201,0.0032901339372371223,-0.0010572190135130772,0.002112018663852942,500
6,shock_lag3,0.0010039577757096575,0.0017899717267555574,0.0017864608593255067,-0.0025154695317152554,0.004127502991746656,-0.0018569168147387672,0.003891793957335088,-0.0008482299897600749,0.002901555842475733,500
6,shock_lag4,-0.0006054030420758654,0.0014321464432722384,0.0015415446850937536,-0.0038827887694409457,0.002233752328371557,-0.003238454182783494,0.001685813403371627,-0.0023024027184882258,0.0007134929824363252,500
6,shock_lag5,2.8730304762192802e-5,0.0016906522768861082,0.0018730669946573962,-0.0035883206754484436,0.003654019749211974,-0.0030992944336972503,0.002786786141151253,-0.001941312353154947,0.0017741907091997423,500
6,shock_lag6,-0.001698504783587897,0.0015840834705493974,0.0016837888914887622,-0.005013231459121558,0.001522524978389885,-0.004500969485073656,0.0009437493434102605,-0.0033932005431626666,-3.44818616096464e-5,500
6,shock_lag7,-0.001051097927790172,0.0013345195443213286,0.0014473079695165288,-0.003867210457576522,0.0017404631613079564,-0.0034216665737363088,0.001282775367079388,-0.0025720706001866314,0.00031244721087559296,500
6,shock_lag8,-0.0005080983067316577,0.0014252587374704575,0.0014900153322166734,-0.0035831672689722446,0.002334700984521551,-0.0030739572701056084,0.001814278890083751,-0.002069739566222763,0.0008178138517109869,500
6,shock_lag9,0.0012044111586760177,0.0014880648175896705,0.0015396366765544477,-0.002019085257778314,0.004045101256324373,-0.001365896103983539,0.0035933343215120116,-0.0003454767132397593,0.002541455509844732,500
6,shock_lag10,0.002584896144890363,0.0013415583255142062,0.0014068741289797527,4.6623208801902645e-6,0.005443479405969169,0.0005138765596412947,0.0049751394720291475,0.0013520694394656009,0.003945277830542779,500
6,shock_lag11,0.0006309413510393556,0.0015154053756612235,0.001587154688985797,-0.0023075190636517567,0.0035964599494935287,-0.0019866516125533564,0.0029949212367767,-0.0009854495108200508,0.002221846202738813,500
6,shock_lag12,0.00110829318086279,0.0016854295366786258,0.0018270272251054488,-0.002558748882659042,0.004226419064022261,-0.0021252170724619414,0.0038077280472783963,-0.000968876725467117,0.002764120578824146,500
6,log_oil_lag1,-0.006380027656020507,0.003116384793263272,0.003410276750284194,-0.013097259238194487,0.0003145938406571715,-0.011917044886915733,-0.0005487083269428962,-0.009787876325021884,-0.0032489686129999603,500
6,ffr_lag1,-0.0001099101148586377,0.0008664511062555291,0.0008595557719623152,-0.001834746929771867,0.001514555070168887,-0.001544670905868661,0.0012901733683772679,-0.0009816190755983112,0.0007128377104963516,500
6,log_rwage,-0.09229988637614059,0.030116954293852385,0.02887738622343389,-0.15050425362978606,-0.036444017907896045,-0.13708109614956424,-0.041390029020879904,-0.11739246785908979,-0.06211113739110912,500
6,age_mean,0.004218990753659296,0.001283098192088819,0.0013573579509851572,0.0014402564015768603,0.006580446540229766,0.0018078295531006553,0.006200851931243037,0.0027586801957445693,0.00548670538747102,500
6,female_share,-0.06383310911185738,0.031647514998736644,0.033519689330573095,-0.12282575960580328,0.009006040433456222,-0.11546146756999948,-0.006980133412979872,-0.09671414690495027,-0.02987694572738219,500
6,married_share,0.00956958825187057,0.04840779753052116,0.04611766361723139,-0.09087746671513466,0.09372614655576474,-0.07652273154635292,0.07681582758302583,-0.0443272605425152,0.05057754596668091,500
6,hours_mean,-0.00911783013370088,0.0016960902512117972,0.00170499945458784,-0.012005808507583647,-0.0054735746439725525,-0.011585808465771957,-0.006001983279883428,-0.010735907833566675,-0.007231234960589937,500
6,unemp_rate,-0.38052791882975184,0.059489229889550535,0.07159645243517995,-0.5346482805785552,-0.2504931136748775,-0.4986229196794376,-0.2727754569381316,-0.4546185676890439,-0.3092213389038456,500
7,intercept,-9.18861849707164e-9,0.0013492674618266792,0.0013072658839155826,-0.002399859128127869,0.002782054244170737,-0.00208928089805999,0.0021469743901848704,-0.0012674677824742893,0.0013411124604116428,500
7,shock,-0.004233897823912237,0.0029919117292621705,0.0032356511356924455,-0.010763880617519699,0.001912868372422146,-0.00962843533256928,0.0010347867275217154,-0.008049722590054017,-0.001338161324540084,500
7,shock_x_occ2,0.0029826272257616063,0.004938144423674616,0.0050360361888112356,-0.006436423721093118,0.012974954778318983,-0.004633259140926807,0.011423527853907618,-0.0019222401765294104,0.008380786287323246,500
7,shock_x_occ3,0.0019489197678237737,0.005004181200679081,0.005443838018223008,-0.009745454611792374,0.012335272559473299,-0.0065158322696166684,0.011217252607802574,-0.003091240989480502,0.007818648939637587,500
7,shock_x_occ4,-0.004645309371987792,0.0051197017675698635,0.004821741380144397,-0.014361853729255419,0.004483986434027601,-0.012520065694822237,0.0032562529156505192,-0.009417286103893363,0.000282186898708977,500
7,shock_x_occ5,0.00019336410588455187,0.0041717286901852245,0.00404872396220945,-0.0072286511926293595,0.007850206925942477,-0.006485973881673688,0.006923648327714209,-0.0040650973551071305,0.004143497403838301,500
7,shock_x_occ6,0.008253060704377967,0.00453382251698385,0.004668939538279191,-0.0006237591706567201,0.0178039016482199,0.0007866856255395139,0.015857184136193782,0.003744655582280042,0.01299665059401035,500
7,shock_x_occ7,0.0044347938433596835,0.005410159357016313,0.00553572083336666,-0.005870627684486045,0.01567725660411829,-0.004556797442953775,0.013869595345708384,-0.001015003218852007,0.01026525392282742,500
7,shock_x_occ8,-0.005596003885000273,0.004384189092460774,0.004581745766024609,-0.013702401509674906,0.003772111798588977,-0.012663956914798635,0.002168031696783331,-0.010240833729014737,-0.0008098782525461794,500
7,shock_x_occ9,0.006429898748267108,0.003772997712640693,0.003941542579458173,-0.0007457888911732271,0.014867589746706914,0.0002573705889157549,0.013050363499509922,0.0028339185672240402,0.010513433297687145,500
7,shock_lag1,-0.0010253953586704995,0.0017219063065092113,0.0018430255766048618,-0.004712037875698526,0.0024849402060321954,-0.0041136550535110445,0.002074879901945969,-0.0028114304325909216,0.0008901257387182761,500
7,shock_lag2,-0.0006694223862069874,0.001294232787245121,0.001452642899396324,-0.003182076928097113,0.002350029198660197,-0.0028261549804802274,0.0019095871761632324,-0.002021931203712841,0.0010181686081044625,500
7,shock_lag3,0.001757125784471022,0.0015663419136764081,0.001645364438071889,-0.0016782097172813133,0.004773175057365798,-0.001296773767270585,0.004349818682050083,7.998909590380287e-6,0.003217785635187603,500
7,shock_lag4,6.308320300779348e-5,0.0016588548484638929,0.0016385273034707104,-0.0032672438240920402,0.0033917681044429047,-0.0026136510911517288,0.0027998248063444294,-0.0015190355729930534,0.001441271306560327,500
7,shock_lag5,-0.0013308553118664258,0.0015162646917782911,0.0016044639277280075,-0.004705652336205101,0.0015687868692123704,-0.004128277936137091,0.001020554843724911,-0.0030623969925103298,8.65934208923967e-5,500
7,shock_lag6,-0.0008675314826187739,0.0014049117336136486,0.0015132186420834359,-0.003740118795927679,0.001966889949007027,-0.0034206795694604283,0.001619869258761421,-0.002186353982937952,0.0007909600283214814,500
7,shock_lag7,-0.000871049028936526,0.001393210968545919,0.001497176393816134,-0.0038537458831137813,0.002070654498525007,-0.0031982013286716627,0.0016204237028696895,-0.0024154945741523765,0.00046838725298556014,500
7,shock_lag8,0.00023269851128183996,0.001536579811641759,0.0016231174282118272,-0.0028297174507143728,0.003128951236254208,-0.0024920562057073195,0.0027084136683589123,-0.0014027247037385684,0.0017813135485076875,500
7,shock_lag9,0.001363557021931747,0.0014272545424389939,0.0015241012253789947,-0.001709264132441725,0.004228392617006786,-0.0011798644495258047,0.003703440848753133,-0.000262662899262968,0.0028359876498172606,500
7,shock_lag10,0.0014029029364045925,0.0015487953567640813,0.0017188399661302554,-0.002074194784283031,0.004473582363576528,-0.001420039571958466,0.004137847229552965,-0.000179361482614478,0.0030761885136114057,500
7,shock_lag11,0.0018013212926962716,0.0014921440002643096,0.0015503009498241138,-0.0013677474987913315,0.004609649723862516,-0.0009355372503842291,0.004206395543105598,0.00028900774082371886,0.003370446180825406,500
7,shock_lag12,-0.0003142678514479786,0.0015814363239732485,0.0017988825413400161,-0.003611018472662854,0.0035729112216475348,-0.0030021255647123975,0.002801169732519547,-0.0020785106887446464,0.0014175418574005215,500
7,log_oil_lag1,-0.006158814645038569,0.002933169484158705,0.0030453611739169844,-0.01113185245064554,0.00021742896774015622,-0.010381767696205784,-0.0007106616153118234,-0.008868020328831848,-0.002832394510443629,500
7,ffr_lag1,5.8415079816661936e-5,0.0008479028694636536,0.0008623066185527908,-0.0016372466241254676,0.0017740153785240787,-0.001239210249187068,0.0015547750592083804,-0.0007382052427820469,0.0008859163673170119,500
7,log_rwage,-0.09794678897749354,0.028333210813998644,0.026260047235328727,-0.14844314375669215,-0.04662158734348457,-0.14087708730002918,-0.051710782627022556,-0.12173428762271146,-0.07077877119613835,500
7,age_mean,0.004158896683444176,0.0011585726442861451,0.0012415915754281348,0.001591062646080548,0.0063689371637758035,0.001970302989310177,0.0060145136391983505,0.0028208328544254736,0.005311662965281712,500
7,female_share,-0.06934248749217597,0.03341237741809144,0.03150827360991268,-0.13090768440230033,-0.007029410062105075,-0.12027853311712638,-0.017730518862421,-0.10103934800324652,-0.03713270382647473,500
7,married_share,-0.009836918593037786,0.04871261900186024,0.04676322289895412,-0.10734420738951203,0.07546870731949576,-0.09033613702301345,0.06129805779186424,-0.057784162899424674,0.03704967842063895,500
7,hours_mean,-0.009602361974877443,0.0016522894671332218,0.001638990565689475,-0.012791375214429053,-0.006417441143895738,-0.012385427891821057,-0.006891140521779215,-0.011003354104162167,-0.00790246806839161,500
7,unemp_rate,-0.39804460780693174,0.05060093319859674,0.06023363068496918,-0.5138736805272828,-0.28257574419571874,-0.49709969714740526,-0.30233226480452413,-0.4667909779398404,-0.34076355656017887,500
8,intercept,-1.8530810312596697e-8,0.0013338577123108452,0.001216136082669289,-0.0023047874247007745,0.0026243720638404015,-0.0019339057708835528,0.002065124523118069,-0.0011930034675642044,0.001183716223943561,500
8,shock,-0.00011616931349113942,0.003243107902010356,0.003502216532652284,-0.006623444160663572,0.006662383325544947,-0.0058536606050672655,0.005683339106092241,-0.003772535571402347,0.0034076123322223793,500
8,shock_x_occ2,-0.004768849695070313,0.004412311155321432,0.004738205166819383,-0.015314702018707804,0.00356162722090123,-0.012763042266455294,0.002751227012642548,-0.009408517818271817,-2.9286260692366664e-5,500
8,shock_x_occ3,-0.0048631268859052465,0.0047292008439031984,0.005131874455988604,-0.015107510487511553,0.004683627383953244,-0.013619803980437302,0.002837332170641975,-0.010267335026787616,0.000312418528348394,500
8,shock_x_occ4,-0.00860080032848474,0.004935289468345962,0.005179914310370057,-0.01902817068654513,0.001316090561602818,-0.017472575671852696,-0.000562561228104419,-0.013963024597304278,-0.0038168468715798895,500
8,shock_x_occ5,-0.0023392979600865937,0.004028257038273283,0.003951914802561345,-0.010113114335284085,0.005143433922825352,-0.008808646535917576,0.004098990278901722,-0.006324564130777976,0.0013510692575365933,500
8,shock_x_occ6,-0.0028984620192557577,0.004327968651088482,0.004514944415062826,-0.012238629267365497,0.00511086416596363,-0.010585041847221997,0.004148943083784551,-0.007779044785203756,0.0011635034272258753,500
8,shock_x_occ7,0.0031129949942369324,0.004952664660553132,0.005266675159694965,-0.007122604667833824,0.012393594327476026,-0.005613610060624498,0.010694624911377553,-0.0030093565810066056,0.007930466307275822,500
8,shock_x_occ8,-0.012637416298959878,0.004950987576366114,0.005286161336373484,-0.023217644783693696,-0.0024464666921187933,-0.021349736567557207,-0.004329848870919407,-0.017720580419890948,-0.007203514630321766,500
8,shock_x_occ9,-0.0002518828731933048,0.003843379227379194,0.003925872971724024,-0.007579327667055259,0.0076541662482283845,-0.006650459606160109,0.006528673242169453,-0.004061579894160713,0.003848508511670439,500
8,shock_lag1,-0.001859050352175398,0.0014328134276310066,0.0017252354779028554,-0.005217728734577688,0.0014320247242304795,-0.004474432885632917,0.0011012881797439371,-0.0034479661176583048,-4.9965385148232236e-5,500
8,shock_lag2,0.00038549115149815887,0.0013143615078379238,0.0014196918099852393,-0.0026145527132347473,0.0029124729777431487,-0.002079788034105981,0.00246973432276054,-0.0010408132822657397,0.0016299726260085487,500
8,shock_lag3,0.0026771206438924748,0.001612023125320712,0.0018385427554653434,-0.0011339857853527094,0.005956001517541448,-0.0006169461001477407,0.005363837951774278,0.0006705174592443555,0.0043716501642756265,500
8,shock_lag4,-0.001226285809602397,0.0014733540700003066,0.0015453732237818557,-0.004285888551106065,0.0016213588831378019,-0.003728352254117267,0.0011370224250006132,-0.0028912803811258284,0.00026361286723440265,500
8,shock_lag5,-0.00044918266181070797,0.0015536220245301897,0.001539785263688629,-0.0033073563526468857,0.002465900115780485,-0.003038924532809225,0.0021026123986063023,-0.0018966940759771512,0.001048942525418952,500
8,shock_lag6,-0.0005780283720813461,0.0014744296941729186,0.0014959497852788475,-0.00369017121452706,0.002107300828077607,-0.0032150257777456277,0.001718932466971702,-0.0022125159433034397,0.000904136380956271,500
8,shock_lag7,-0.00011448169499251992,0.0013852222451367104,0.0014248701371373858,-0.0031570406054123095,0.0026095339170992818,-0.0025724900378113645,0.002140890012623948,-0.0015438522286738386,0.0011937107527450006,500
8,shock_lag8,0.0004322330951464316,0.0013021643557575924,0.0014120860732432954,-0.002200737364627688,0.00328625689534507,-0.0018737809467783346,0.002861571084612534,-0.0009382423869315798,0.0017282621623448343,500
8,shock_lag9,0.000179629903026859,0.001793917008792326,0.0019575174108268727,-0.0038538467550855507,0.0039016891270197236,-0.0034044812991837,0.003350249333631632,-0.0018226038771802624,0.0019149172767064689,500
8,shock_lag10,0.0025881018024816196,0.0016791052197788227,0.0015900701304192967,-0.0010195265056882222,0.005520710693084835,-0.00016650598857097687,0.005159876226657141,0.0010237683680443521,0.004134563047035257,500
8,shock_lag11,0.0004164221145325101,0.00140447767531744,0.0014685527190398163,-0.0022948179010748313,0.003306665289573299,-0.0019833587306843053,0.0028522056249263854,-0.0010128628609559754,0.001793100190973872,500
8,shock_lag12,-0.001197594065269664,0.0016476551887163857,0.001687138539455093,-0.004526356712120771,0.0018990576547451578,-0.004156567900053653,0.001453086676263557,-0.003027155125680318,0.0003959894053098974,500
8,log_oil_lag1,-0.007925098658985053,0.002889057243313914,0.002804991196809237,-0.013464173640068591,-0.0022681366311912304,-0.012414544642384624,-0.003568878070572858,-0.010569436886592065,-0.005208836680256965,500
8,ffr_lag1,0.0003658691301200426,0.0008478989443826668,0.0008456693122547229,-0.001340696324007808,0.001985942507801709,-0.0009703561056702527,0.0016895516040510553,-0.0004863018319969193,0.001183894204538094,500
8,log_rwage,-0.10909812937887413,0.02846379225295401,0.025048115245809573,-0.15687584092193307,-0.05715034217262406,-0.15005890316607556,-0.06379186441303637,-0.1302868996111528,-0.08217384568796354,500
8,age_mean,0.0060463970228264476,0.0012456507064701932,0.0012578568655321697,0.003617028682139896,0.008450682853276513,0.003975105946015952,0.008035904649209155,0.004732380969404509,0.007168984521833244,500
8,female_share,-0.06294329618651257,0.034431453313463735,0.034010311204466834,-0.12887412509364174,0.008265120390712392,-0.11513557421258061,-0.001160994245977794,-0.09434453347403302,-0.03200661037264196,500
8,married_share,-0.007475973958446482,0.0491627802789144,0.046356501113446524,-0.09637284092529996,0.08544198241032082,-0.08592450517341363,0.07379499034575884,-0.05283972343380101,0.03892580874834588,500
8,hours_mean,-0.0074349523390441295,0.0018436955732326309,0.001844369269063828,-0.010873462344405897,-0.0037211681397938865,-0.010251076443086085,-0.004338994932756797,-0.008992358234199069,-0.005401262703945822,500
8,unemp_rate,-0.3852524013979892,0.04614669077908863,0.05579007094600347,-0.49917240443055816,-0.27960909304662124,-0.4817637430782496,-0.2921700446242864,-0.4431461175052447,-0.33130740003172476,500
9,intercept,-1.8148007736166516e-8,0.0013591341791133716,0.0012069644399126354,-0.0021359222389182066,0.0024575501251553724,-0.0018365603072979194,0.0021093088870967483,-0.0010777316381848877,0.0012647324129944817,500
9,shock,-0.0029863609262777853,0.00339556684221383,0.0032586897258285513,-0.009274545874344158,0.0034823169169494635,-0.00845437467951716,0.001985043010739291,-0.006294738658338305,0.00028387477608320767,500
9,shock_x_occ2,-0.002323159085969746,0.004953493248669606,0.004727089379611729,-0.012016464925652951,0.006786984337439619,-0.010240200860110892,0.005349225426808548,-0.007216717498025418,0.0023549855061900885,500
9,shock_x_occ3,-0.007230543366379083,0.004742171393025213,0.0048188991603929495,-0.01650327632989953,0.0025537635040564334,-0.01505854652875269,0.0006458672006545026,-0.011788044283329387,-0.0023370214858833734,500
9,shock_x_occ4,-0.009652006660777094,0.004941787343100198,0.005141747854633607,-0.019635381677693152,-0.0006192288654027935,-0.018759951622269518,-0.001477550462070917,-0.015351203702198918,-0.004922962229351699,500
9,shock_x_occ5,-0.001625379128835203,0.004410488381134924,0.0043131888427584576,-0.010158309592037833,0.006626515956543642,-0.008917826161822708,0.005343568398504233,-0.006023267254258564,0.0024374144438625155,500
9,shock_x_occ6,0.0009076496967549493,0.004431740677200754,0.004463955918983221,-0.007752393588457197,0.009413134815562035,-0.006352409740497836,0.008182911892025434,-0.003781654509256308,0.005313200568221477,500
9,shock_x_occ7,0.004643710866728715,0.0050365332779288485,0.004956983485328933,-0.0040136575105583355,0.014907762003205122,-0.002788112398328341,0.01297576810587542,-0.000363310428262324,0.009970717545429662,500
9,shock_x_occ8,-0.005595856918333122,0.005658246973119055,0.005792339420747281,-0.017390943510727643,0.005472132876357942,-0.015837150868016993,0.004000950058462921,-0.01179411663422767,-0.0004742405656403408,500
9,shock_x_occ9,0.004475363366562192,0.004755089284373449,0.00457295647708933,-0.003824864636987114,0.013745803936094272,-0.0029325157664431977,0.01251503193741796,0.00024156750834521828,0.009225447227323982,500
9,shock_lag1,-0.0012639145934951353,0.0015159417715853774,0.001474544560005154,-0.004412098434707894,0.0014543417172384922,-0.003618292063463581,0.0009316656075679753,-0.002775740255460417,0.00015509560043734552,500
9,shock_lag2,0.0010628216378979376,0.0016009079794035517,0.0015540781110901512,-0.0020825637125436933,0.003793365962534257,-0.0016335095673939138,0.003465454002888674,-0.000554014793559275,0.002513293661536718,500
9,shock_lag3,0.00110488146191901,0.0015347171144410633,0.0016004943056873613,-0.0021099197508847147,0.004490136691456781,-0.0016903115797199414,0.00340473414755828,-0.0005948634483223614,0.0025514359846883,500
9,shock_lag4,-0.0008656563917344765,0.0014472478953561458,0.0014741269738016167,-0.0036989547283248205,0.0019475881010722167,-0.0031922152521577287,0.0015288377641146356,-0.0023313620532338553,0.0005386969699507421,500
9,shock_lag5,-0.0006181765453634956,0.0016105501450835306,0.001569427287357246,-0.0037699029036263243,0.0022689666143646857,-0.0033122691406430272,0.001784905742371828,-0.0022447011010028584,0.0010201280367831873,500
9,shock_lag6,-7.697974167898531e-5,0.0014369764392012257,0.001557841704352821,-0.0033675537806599196,0.0027287505250030847,-0.0028447192452647325,0.0023091140147863012,-0.0016570184709402368,0.0014374083672383498,500
9,shock_lag7,-0.00015388262834090086,0.0013055245027382885,0.0014751076667281788,-0.0031973719542341687,0.0027235791254687017,-0.0028042844171984223,0.002137043879496897,-0.0017464972645142797,0.0011073375204793884,500
9,shock_lag8,-0.0009050079207695071,0.0016243100327117406,0.0017459414019651786,-0.004430201739584222,0.002324490649210219,-0.004031775848822345,0.0018526644599785574,-0.002770584694260619,0.0006377610903199021,500
9,shock_lag9,0.001008795961988848,0.0016746090670628538,0.0017190762783357775,-0.0025439482349848145,0.004071837437782405,-0.0019297211370514656,0.0034267297594325957,-0.0009128992234554244,0.0025104200282705155,500
9,shock_lag10,0.0008866731617947102,0.001555450949650372,0.0016752007904573096,-0.002169753786416857,0.003992292729885116,-0.0018685244190663724,0.0036328428339099834,-0.0007714621870214802,0.0025406415146502328,500
9,shock_lag11,-0.0007144726585586168,0.0013471927698505554,0.0014358403743037766,-0.003524607007397468,0.0023005117171438737,-0.003030029154910232,0.001560520401642401,-0.002197694570938178,0.0006421010504697256,500
9,shock_lag12,-0.0028688357160064357,0.0016512696757048845,0.0017220596462655707,-0.0060990713719242876,0.0006189382414656359,-0.005657972060539922,-9.262728049409429e-5,-0.004644640808486534,-0.0012952912381444341,500
9,log_oil_lag1,-0.007218471881055566,0.0030199451580748176,0.0031121243813536396,-0.012775775855884727,-0.0005615597853534044,-0.011736657611701251,-0.0013749791844397882,-0.009892390330713955,-0.003843451534655322,500
9,ffr_lag1,0.0008262715031910009,0.0009350278401836604,0.0008936734338919497,-0.000944854122962727,0.0025139107323367323,-0.0006155978611634959,0.002311027355526655,3.5509384110419322e-6,0.001827563979880115,500
9,log_rwage,-0.08776109681473712,0.02898036231593266,0.026124385656309125,-0.13204467528204225,-0.033013223747105816,-0.12612825973316455,-0.0409332783705786,-0.11145409919668739,-0.05676620990819195,500
9,age_mean,0.005251983692182524,0.0013039228944121436,0.0013667729122552159,0.002648037872638207,0.008098623609567562,0.0029593846064281492,0.007332236062261899,0.0037524616565258904,0.006496017627832312,500
9,female_share,-0.049563735560561234,0.03406608552590599,0.03309586209399687,-0.11522544922776096,0.017256554891990336,-0.10119379930228303,0.008009059597209314,-0.08034793775788276,-0.014107797304770265,500
9,married_share,-0.03304368218472586,0.05132107902876743,0.04826605632760206,-0.13014065501416303,0.055666230327784935,-0.11856657431503308,0.04436363480623532,-0.08218876802644445,0.005868062423168919,500
9,hours_mean,-0.005935439426801178,0.0016793155725374448,0.0017023245299545022,-0.009180505579967458,-0.0026136081035574104,-0.008781918069188667,-0.0031344783827014374,-0.007697259900447146,-0.004392683914136842,500
9,unemp_rate,-0.3154181687758499,0.047257131397414893,0.054595024281924365,-0.4285723932913259,-0.22319312165967206,-0.4121452250684511,-0.2322527174443372,-0.3760119413819154,-0.2641920330051417,500
10,intercept,-2.098554470137869e-8,0.0014088497360515454,0.0012374128435767367,-0.0023784704773590726,0.0024854963176787898,-0.0020821669010289085,0.002054532768173833,-0.0013217830198572564,0.0011814946139629672,500
10,shock,-0.003913410023719833,0.0033645679476847897,0.0034064815781277118,-0.010501922735457345,0.002221103669495019,-0.009554835036622493,0.000955526693509769,-0.007630622078492198,-0.0008144503321403164,500
10,shock_x_occ2,-5.632886756817515e-5,0.004945184262978485,0.005179259616005318,-0.009720087213093106,0.009681452714374338,-0.007864801935584101,0.008876976453093214,-0.004736251542560287,0.005642626814713672,500
10,shock_x_occ3,-0.0016084595446095925,0.005628586365027787,0.005903547523146359,-0.012468720058177434,0.00997777625248905,-0.011310582790288064,0.008066179917748911,-0.0072163215247431885,0.004463843910992157,500
10,shock_x_occ4,-0.005849533183630876,0.00554931652229654,0.005111614828959856,-0.016335164480728453,0.0035715870250972396,-0.014783740208888082,0.0022319433150667194,-0.01108280634621663,-0.0009709160193617119,500
10,shock_x_occ5,0.0006373820536373034,0.00412905701207715,0.004456736054809628,-0.007132159044291171,0.009665985809421006,-0.006267046144626197,0.008448405341132902,-0.0033884946585429217,0.005439973880948662,500
10,shock_x_occ6,-0.00048559416115163734,0.004430669045269768,0.004366895810067323,-0.008565449726011247,0.007822878835840336,-0.0072717484671517936,0.006799402354475944,-0.0044883884268931,0.004017159570223366,500
10,shock_x_occ7,0.0031695301616874194,0.005283732148099458,0.005648857049678633,-0.0067271412987741554,0.014502899119932362,-0.005378382136529254,0.013549480333682966,-0.002159559311108347,0.00914946091386799,500
10,shock_x_occ8,-0.004494060554822142,0.00548013664155534,0.005386327240773146,-0.014448876718918306,0.0062081959178802715,-0.012378323332760333,0.004767816151755957,-0.009349547651156333,0.0014673427310360515,500
10,shock_x_occ9,0.0054866555785119155,0.004629407962042651,0.00461959975010574,-0.0025915088894143926,0.014792904294730546,-0.001314430251288122,0.01384442044394451,0.001223111792947765,0.009995364308402985,500
10,shock_lag1,-0.0007297051060870033,0.0018677261586244143,0.001855662835866953,-0.004257435714109596,0.0025021432516867574,-0.0039794402785326,0.00210460331354311,-0.002637796589711557,0.0010934627977857224,500
10,shock_lag2,-9.927539336237386e-5,0.0014840259287919931,0.001483504466502584,-0.0030663882355407603,0.0025817144885673616,-0.002686506685096218,0.0022052042926735465,-0.0016202826197999922,0.0012942337705003366,500
10,shock_lag3,0.0015453745276257141,0.0016605711029208626,0.001636388772619296,-0.001754753692754839,0.004825331554772112,-0.0011085343787548899,0.004119761495341904,-0.00014208468840495587,0.0030536890849710385,500
10,shock_lag4,-0.0009083579638304566,0.0017409931923965945,0.0017142237209539835,-0.004404372816761243,0.0022515004381135793,-0.003977516704019824,0.0017490806685307519,-0.002572237209247561,0.0007993651949634883,500
10,shock_lag5,-0.00019790156544864,0.001565085341460865,0.0016188442034052299,-0.0033322628486165667,0.0028542677432391327,-0.0027718314220279206,0.0025293322101271522,-0.0019273074770391279,0.001360658325317751,500
10,shock_lag6,-9.429711708244718e-5,0.0014417771349978323,0.0014493892012162734,-0.002755312705867528,0.002797741469979384,-0.002451398787611075,0.0021725426190570213,-0.001450790490659528,0.001376979609147335,500
10,shock_lag7,-0.0013124461797067999,0.0014731761874658984,0.0015611051016645335,-0.0049926987474011135,0.0012843933187706524,-0.004302699550286809,0.0009681450762289693,-0.0029719017188606675,0.000125386154116638,500
10,shock_lag8,-0.00016619974714040373,0.0016484827155302999,0.0017578631149545608,-0.0038894613500706893,0.0033033542883988505,-0.002998681169025742,0.0026121857028831115,-0.0018718757485321046,0.0014773464794979186,500
10,shock_lag9,-0.0007969556122357467,0.001661612896742009,0.0016992101261494958,-0.004210965541023267,0.0023344661045733607,-0.00379028262328329,0.0018082268656574015,-0.0025750028713580563,0.0007483819192700596,500
10,shock_lag10,-0.0001851747859375666,0.0014841346890925,0.001553264977920022,-0.0032221929863785284,0.0025623893660798583,-0.0027048838954651785,0.002150084822422129,-0.0018638184181190931,0.0014026086552710053,500
10,shock_lag11,-0.0023280534947035855,0.0015080914696805376,0.0016436570702349621,-0.005390555487063678,0.0010547374095621364,-0.004885181045520219,0.0005056840692204277,-0.003948341664374125,-0.000567341795388442,500
10,shock_lag12,-0.00243399284260098,0.0016216154440541024,0.0016653985437500626,-0.005544439921276024,0.0008546328192814399,-0.004961550677588613,0.0002703223644018296,-0.003980217899057365,-0.0005812709411066266,500
10,log_oil_lag1,-0.007268890052496564,0.00333380814384395,0.0028386353035793877,-0.01231943114310479,-0.0015991755056521948,-0.011556677933017321,-0.002362127266885455,-0.009717508408891672,-0.004294674184248428,500
10,ffr_lag1,0.0011269933823912768,0.0009986923755816344,0.000901945470765534,-0.0003994649242312273,0.002943012403615143,-0.00019970541534850272,0.0026880171422646645,0.0002698159867406548,0.002090820007051565,500
10,log_rwage,-0.08897008204707375,0.029914177058719117,0.02756818279197839,-0.13585903492503196,-0.027563975515997437,-0.12968718855427003,-0.03662176171738634,-0.11049355603592957,-0.05534079988315323,500
10,age_mean,0.005526335062321622,0.0012208678453314485,0.0012270512553255977,0.002951346598772742,0.007631515046972818,0.0034829340905570914,0.007384374323318302,0.004158489158070352,0.006723859956108422,500
10,female_share,-0.011638364193613903,0.03241587605350201,0.03049667201573122,-0.0799494625064148,0.04877189220528061,-0.0616256513813429,0.03582567369890976,-0.042151770097669655,0.016985911029643634,500
10,married_share,-0.037126644197647024,0.0559388088878643,0.05201577802397154,-0.150513419474138,0.059340799263843336,-0.12469965885570015,0.04210812658618418,-0.08807857529681576,0.012732046992980563,500
10,hours_mean,-0.003785684456895205,0.0018534823136380696,0.0018321450886989007,-0.007367035758788805,-0.00021080528094389304,-0.006668176936009435,-0.000748628874622813,-0.005618613644716341,-0.0018687455603686016,500
10,unemp_rate,-0.25020570015431237,0.047292048154258914,0.05588585219644708,-0.3501118142326812,-0.1377266688932448,-0.3376554741351338,-0.1552731628591513,-0.29552634008415213,-0.1894513769425748,500
11,intercept,-2.2065831446890278e-8,0.0014601065624660595,0.0012921101698586293,-0.0021883786969531718,0.0027863392207674066,-0.0018872258425504417,0.0023267494188007587,-0.0010892225477667009,0.0014366314621760375,500
11,shock,0.0002594291771159295,0.00291258723550786,0.0028592728334314293,-0.005566104380490689,0.005565234463182937,-0.004849886261755431,0.004966449332659736,-0.0027762353274963982,0.002771564510587508,500
11,shock_x_occ2,-0.0008631018583650926,0.004112069433554538,0.004367311957550654,-0.009965499432774106,0.0070390501588154675,-0.008335603485148155,0.0059584129359199454,-0.005382734776361754,0.003425561915208272,500
11,shock_x_occ3,-0.0023322575554156288,0.00490174532268053,0.005030727513858494,-0.01222800267732909,0.007379189998559974,-0.01036408906756075,0.005682306235039555,-0.007462857804307805,0.0026472247895953918,500
11,shock_x_occ4,-0.010352703140315505,0.0053114219683449895,0.0055919011356628835,-0.021961192217031165,-0.0004891688127278396,-0.019445905598823848,-0.0014501023666543124,-0.016007244986877903,-0.004416214760667986,500
11,shock_x_occ5,-0.004080620975528117,0.003171211779773976,0.0032184931240437603,-0.009800376436648505,0.0027796641507555615,-0.008746557715834073,0.0016090693404718858,-0.007079773276667995,-0.0008897025794687171,500
11,shock_x_occ6,0.0010326093799903641,0.003615567465104463,0.0035846740255558174,-0.006078810871549041,0.007323594135408076,-0.005052263866577872,0.006693141295941927,-0.0032415381875843564,0.004254221129013665,500
11,shock_x_occ7,-0.003335447406765976,0.004741859697769027,0.0046492384859023435,-0.013084752686887635,0.005546833631517695,-0.011530710968652807,0.00407475309638699,-0.007791875545091762,0.0011440527646120633,500
11,shock_x_occ8,-0.013128388578188079,0.0048524387449676055,0.004823708821159193,-0.022756148201184063,-0.0034755043231073247,-0.020994842768816368,-0.005538094897646928,-0.018150113309595053,-0.008629704013079383,500
11,shock_x_occ9,-0.002207461721222288,0.003606909608846546,0.0037970770218417487,-0.009940551927487204,0.0047419675346267575,-0.008488123425616313,0.0034980926591332844,-0.006328841229382256,0.001276067863765272,500
11,shock_lag1,-0.0019517674218097161,0.0016906132032592687,0.0017477343659275172,-0.005215701524452384,0.001302105246998054,-0.004893000555278743,0.0009134569355778339,-0.0037760803958363964,-0.00023918584291429917,500
11,shock_lag2,0.0005797529117241324,0.0015886087020123144,0.001609023445260495,-0.002555754382869438,0.00398329218677798,-0.0017830772435466317,0.0034658787951651164,-0.0009027899023257006,0.002371133822305646,500
11,shock_lag3,0.0017439668365290004,0.0017468700400336927,0.0017228114792115568,-0.0013632766088149198,0.005029386225618709,-0.0010220924459176945,0.004644317743130139,-9.628207970661319e-5,0.003485037263750085,500
11,shock_lag4,-0.0002553655306563096,0.0014911456406632685,0.0015218120288145983,-0.00313096086031651,0.002459873528560993,-0.0029043100243669857,0.002048302198814686,-0.0018634269158661365,0.0010227261849483677,500
11,shock_lag5,-5.368642501247175e-5,0.0014042244870014855,0.0014322349965681484,-0.002843487828954585,0.0026026247704162174,-0.0024255458936965173,0.002282454389526241,-0.0015954357945155526,0.00119083882515063,500
11,shock_lag6,-0.0013101327409100509,0.0017366308725699834,0.0018616903509666499,-0.0050783847554306365,0.002003367395451245,-0.004335423489412243,0.001588622099297676,-0.0032657058093833497,0.000546697904141944,500
11,shock_lag7,-0.000188906836606694,0.001537697064370562,0.00158753042587955,-0.003367670325982281,0.00246094292204823,-0.0029194213641277975,0.002240170437214251,-0.001820836320745728,0.0012585320693241152,500
11,shock_lag8,-0.0016590714088949865,0.0015212274330119494,0.0016750739189974604,-0.005129824663835138,0.0012366615534344016,-0.004737312930773947,0.0008122338009957578,-0.003527791042337507,-0.0001751828867935842,500
11,shock_lag9,-0.0015499377204050392,0.0014575241498886284,0.001663992486447327,-0.005439945567523436,0.001239334641248735,-0.0047943097405815744,0.0009784182889709468,-0.003313248329909502,-0.00015359195041975504,500
11,shock_lag10,-0.0016510176998611578,0.001534852583575216,0.0016623711290432801,-0.004650509728497201,0.001961622710621522,-0.0041482747699161495,0.0013791700795434533,-0.0032178991869230194,9.161752295286818e-5,500
11,shock_lag11,-0.0015908392667180317,0.0013907984352626484,0.0014537727023145892,-0.004095311337969566,0.0013898765192719036,-0.003814151211901649,0.0009992673074250668,-0.00288225214791916,-1.9855578509155665e-5,500
11,shock_lag12,-0.00133156151679629,0.0015666241124763544,0.0016578148659574092,-0.004135353399898823,0.0022718765203744787,-0.0038436261000009543,0.0016171668508316664,-0.0028914057398049114,0.0005761748000219725,500
11,log_oil_lag1,-0.007595264602926057,0.0034472980241546745,0.003632849098562805,-0.013884177900372194,-0.00022212925285207768,-0.0129772603791709,-0.0015701849332560127,-0.011111141875150549,-0.0037542865981935896,500
11,ffr_lag1,0.0013622133593122034,0.001049477949874597,0.000979714389749497,-0.0002909125059619291,0.0034551390066660135,-7.595567971453691e-5,0.0031680496274417913,0.0004606261886587194,0.002410212912695834,500
11,log_rwage,-0.10347950743002048,0.03134283518521387,0.028161690915520458,-0.14846287487938672,-0.03977268849570108,-0.1418554359669916,-0.04710858521716869,-0.12359532024113756,-0.0672337803885279,500
11,age_mean,0.005679240613147682,0.0013310818290557828,0.0013286059007793496,0.002925077078295397,0.00805637941181778,0.0033995252543945493,0.007602936658695375,0.004234349720008437,0.00678875011183037,500
11,female_share,-0.012352174757743055,0.03433964064858292,0.03134227665793721,-0.06715832402470004,0.053855763676137314,-0.059842165370408824,0.04266634778615766,-0.03867254712616219,0.0222968866119523,500
11,married_share,-0.08272581882968226,0.05350674729607222,0.0523728449412114,-0.19648417851570932,0.012105525569205734,-0.17425371113808938,-3.19516394473546e-5,-0.1350921756268215,-0.03821176163553009,500
11,hours_mean,-0.0014295291885617026,0.0017658056763295992,0.001647588846335799,-0.0045042069158130965,0.0020752207279343673,-0.004019282335844542,0.0013579066629458515,-0.002947326680808006,0.00017920364374941392,500
11,unemp_rate,-0.20689515765134306,0.05062026953555815,0.0567853267829327,-0.30487378496575035,-0.08595402012895667,-0.28566514880418103,-0.1035973350796364,-0.2549583479282565,-0.13643196684900313,500
12,intercept,-2.6141033425372256e-8,0.0015648262401901582,0.0013197021632036447,-0.0023462615030444417,0.0028975049623840843,-0.002076648845590979,0.0024101738232620937,-0.0011374233550094605,0.0013867811042594213,500
12,shock,0.0003978592726832179,0.003309003179284461,0.0032884631975204884,-0.006573588644056707,0.006517218925566817,-0.005265811214881066,0.005565468672184879,-0.002840031838006573,0.0036391063792591844,500
12,shock_x_occ2,-0.005841537463499351,0.004217107878740086,0.004617434182799747,-0.015328677575582341,0.0032073810583594783,-0.013687207238017092,0.0018737159807698798,-0.01048517200484435,-0.0010856335847785436,500
12,shock_x_occ3,-0.004396058348297661,0.006144701263616734,0.00620572794383302,-0.01779442672205213,0.006732520057923734,-0.014856839309373968,0.004826054908852031,-0.01046354352832356,0.0018457165232080583,500
12,shock_x_occ4,-0.012329640825173035,0.004557415918073465,0.004899995948300968,-0.023021957852019645,-0.0030196783130384012,-0.02071988390330171,-0.004527495339834625,-0.01714169926371667,-0.007815158246948919,500
12,shock_x_occ5,-0.003621608605067566,0.0045111658426069835,0.004464203436664576,-0.011953241326411783,0.00555746702023168,-0.011123815209768012,0.003927288641168812,-0.007725043953245014,0.0007810812753023812,500
12,shock_x_occ6,-0.0022594249759698396,0.004030322926828868,0.004249746055852222,-0.010622378610075239,0.005899249522407101,-0.009426256671108395,0.004524623227598557,-0.00646477631970266,0.0017483262767283422,500
12,shock_x_occ7,-0.004889871845904675,0.006091999431435564,0.006226587822201344,-0.017489696101061346,0.006358761603669518,-0.015663256449500326,0.00470016914320579,-0.011143814945314606,0.0009281768811981513,500
12,shock_x_occ8,-0.01385257033406254,0.004985629343389451,0.004946999878963648,-0.023146232299640367,-0.0042681580248703326,-0.02150053935085158,-0.005762559276362203,-0.018686082020242793,-0.008952202152164605,500
12,shock_x_occ9,-0.0019074393481458142,0.003850504905320337,0.0037656985555305686,-0.009016988749532703,0.005011704482677204,-0.007969195595978947,0.004305663030012922,-0.005910288041074326,0.0018986992525915716,500
12,shock_lag1,-0.0014484518714412728,0.0018978738624068627,0.0019503442428092845,-0.005188997182630931,0.0025601329940226378,-0.00441166630821139,0.0017929348008397738,-0.0033139231874088166,0.0004531220807604642,500
12,shock_lag2,0.0006963834430426376,0.0018475392337411456,0.0019102877587775925,-0.0028455419693330904,0.004714183204231542,-0.0023376185978123743,0.003929476579601229,-0.0011017528215003952,0.0025920944020884767,500
12,shock_lag3,0.002220790759149002,0.0019214313805294562,0.0019505418950830887,-0.001362233002351655,0.006103872255903501,-0.0008807789176149296,0.005423855613704992,0.0003022256022956238,0.004286786484406736,500
12,shock_lag4,-1.4628641419824084e-5,0.001497647127587632,0.0015936191574727173,-0.0028538552679981673,0.003292800117680921,-0.0025122161301665276,0.0025174600062372434,-0.0015700274224020553,0.0015248683613355949,500
12,shock_lag5,-0.0012312266915879117,0.0018982596830029099,0.001977453701958238,-0.005275210229987915,0.0022721681772917167,-0.004668144453510793,0.0016013548290567665,-0.0032543165608426754,0.0005832749991580553,500
12,shock_lag6,-0.0007430477527221758,0.0018898397442424879,0.0019286064177936235,-0.005042282305760645,0.002762963409853017,-0.00392301405876336,0.0022397519215487213,-0.0027287583224413037,0.001060703590105136,500
12,shock_lag7,-0.001826362171329279,0.0017996536995608322,0.0019075378683031997,-0.00590238300704982,0.001552188397569617,-0.005428561402699414,0.0007393337952227095,-0.003935935312724348,-0.00019131087941358518,500
12,shock_lag8,-0.0024768530608047443,0.001557275085836842,0.0016973168241646722,-0.00625572142059066,0.0004934682918968713,-0.005503251643414376,0.00012974463030470174,-0.004275676576021957,-0.001061675555561695,500
12,shock_lag9,-0.0027803574852694204,0.0016577039670326646,0.0017052003621752505,-0.006298410003578415,0.00033923483929589136,-0.005639517903113295,1.470282621334003e-5,-0.004601687734042031,-0.001414256467499157,500
12,shock_lag10,-0.0010544861248552807,0.0015805986315364983,0.0016044957401307918,-0.004155988681779646,0.0021908986941393607,-0.0036521167692732614,0.0014732821551904317,-0.0028508446254291385,0.0004980620836300298,500
12,shock_lag11,-0.0005939299763407732,0.001570289063656156,0.0016615958794432154,-0.003470251635554333,0.0028958672633679055,-0.0030252878776526743,0.0024112383846495587,-0.0021082703396655875,0.0013192396805138933,500
12,shock_lag12,0.0015766966799354606,0.001719551193340035,0.0018174417245530917,-0.0019543058334741126,0.0049653899516740145,-0.0012614852104617835,0.004551671651153815,-0.00016691948733581593,0.0034990051113601623,500
12,log_oil_lag1,-0.0076390212007560925,0.003896870058529147,0.003912839240423016,-0.014737956880013149,0.00043317777897749457,-0.013763330058967951,-0.0006233770603354821,-0.01119256664964809,-0.0036258099194183234,500
12,ffr_lag1,0.0015227771132662832,0.0011065230390000383,0.0009900857749119282,-2.091029305688289e-5,0.003696652696835792,0.00019606464634411042,0.0032774001736000217,0.0006678075044783084,0.002564352017417266,500
12,log_rwage,-0.07767008245213528,0.03263081505274667,0.029620464982808712,-0.12034718148875992,-0.01196147508483482,-0.11450339896703028,-0.017486629981444613,-0.09717094885202934,-0.03840936389911167,500
12,age_mean,0.005541766358383557,0.001476563731416041,0.001521622819555712,0.0024622393439980494,0.008427496134460213,0.003011887360532338,0.007931554938177696,0.003998614982971695,0.00695863398880219,500
12,female_share,-0.034401395438361154,0.03315011963317177,0.03288326937789309,-0.09425942583319138,0.03041236467723503,-0.08756488523680002,0.020070939808106106,-0.0656099322837512,0.000701032619572684,500
12,married_share,-0.08209780761923571,0.052415915902828236,0.04610832261877427,-0.1790028504388535,-0.0021721420395772397,-0.16448897805912333,-0.018041508010191443,-0.1311692613445256,-0.0395611409759969,500
12,hours_mean,0.001557781853775405,0.0018163103728325118,0.0018636280666204884,-0.0021350621175205047,0.005061403506077637,-0.0014358650436888277,0.004598502883961782,-0.0002508205450794952,0.0034838469289693226,500
12,unemp_rate,-0.1896046105744489,0.05918015413461339,0.06761498957703106,-0.3270008566406626,-0.052128952951876896,-0.29573195210763825,-0.07802146714942403,-0.24584972622027557,-0.11397169524262143,500
13,intercept,-2.969051173717054e-8,0.0015952544971385933,0.0014179427290061826,-0.002562060384107253,0.0029767688512305525,-0.002198301558609229,0.0024688227362706146,-0.001287347537150081,0.0014468483399016074,500
13,shock,0.0011140503481326216,0.0030898085948838218,0.003089141026162669,-0.00504659549476209,0.006879214800620237,-0.0045537239967769075,0.005539535088663734,-0.002173776886355835,0.003866777192876359,500
13,shock_x_occ2,-0.0005693464671432028,0.004009487290668405,0.00402458093759393,-0.008752912326527026,0.0067334778179060605,-0.00775095365944646,0.005777578002061759,-0.004517641811290289,0.0035552224117171025,500
13,shock_x_occ3,-0.0038812900990030787,0.005962965895174468,0.0058518156682085334,-0.014600954680019068,0.00882013219641218,-0.012943391717075804,0.00589450232172686,-0.00949975206164413,0.0014069813697914302,500
13,shock_x_occ4,-0.011572615928097229,0.0046670378998901006,0.004435214995363974,-0.020026237557569968,-0.0024652026085404824,-0.01871302030466689,-0.0042968753691987,-0.01582919520762763,-0.006738429658827438,500
13,shock_x_occ5,-0.0038016951178230403,0.0041117678120691165,0.0040491508734302895,-0.0117153052691218,0.004317612051292871,-0.009814130667737979,0.0031623401081224563,-0.007837671735673487,0.0003336871220779655,500
13,shock_x_occ6,-0.0015036074862634261,0.003973948137328103,0.0037409478809907115,-0.00844457418678263,0.005945491552816924,-0.007749764225757775,0.004912140527586017,-0.005049169439393124,0.0022320983173343646,500
13,shock_x_occ7,-0.013940717060727796,0.006081273691565626,0.006497925874340533,-0.0262649806651195,-0.0009245786267427225,-0.02365202116843549,-0.0030648606103281387,-0.02045835149279917,-0.007335563215320879,500
13,shock_x_occ8,-0.013645335593105119,0.0044696587002543515,0.004359019034296974,-0.02196848963538497,-0.004974378137659619,-0.02048045488117116,-0.0062827771752593,-0.017749275367336337,-0.009123205800872386,500
13,shock_x_occ9,0.0020077921211965133,0.004367037023583453,0.004373552798103732,-0.006099960192599839,0.010865858643625829,-0.004644953032641443,0.009871827934128748,-0.001932523116293779,0.0067624398577265914,500
13,shock_lag1,-0.001259574572024879,0.0019605987649773137,0.0020013888098462944,-0.005198584721129571,0.0021450050303258475,-0.0045035775939414385,0.0018271128958676892,-0.003293055384530647,0.0007057821130822863,500
13,shock_lag2,0.0016414972281621333,0.0016171873170417604,0.0016917211832704973,-0.0017341410527493555,0.00458691769488863,-0.0012243019563154599,0.004200845889664481,-0.00014075115932073176,0.0031755677352441544,500
13,shock_lag3,0.0028608138645608992,0.0018858527910118005,0.0019176320467632433,-0.0011779261158270833,0.006384102640511096,-0.0004261483388959328,0.0058314255246833474,0.0008564991746473649,0.004840324524857889,500
13,shock_lag4,-0.0008315489811007035,0.001583843810431233,0.001784057371172455,-0.004903268120454728,0.0023883369652053345,-0.004169684029532872,0.0018394531569802205,-0.0026901792646228093,0.000658223016055603,500
13,shock_lag5,-0.00010055069200166705,0.0020043257745019894,0.0021144317452726135,-0.00460807503082886,0.003544692201636316,-0.003963662214989006,0.003000951518784157,-0.0023903897506318346,0.0017624026136297858,500
13,shock_lag6,-0.0016793309697558695,0.001895570612417381,0.001933340466680817,-0.005309436668276958,0.0020382106231892623,-0.004904539361313484,0.0013544173417554418,-0.003727067951266723,0.0002090930305934055,500
13,shock_lag7,-0.0024772663180086373,0.0016238056949555455,0.001646334083147274,-0.006109266842673168,0.0005744933225947304,-0.0057141934124302065,-9.674831517796919e-5,-0.004197123373879876,-0.0010476694982367387,500
13,shock_lag8,-0.003486465951229663,0.001628451905500421,0.0016291694031673049,-0.006712783209817816,-0.00026229086808551567,-0.006276484593169495,-0.0007084971665087382,-0.005105527067072461,-0.0018942433437601713,500
13,shock_lag9,-0.0020550691109807386,0.0015662429173259411,0.0017227088003322654,-0.005583555200279941,0.001578563545510868,-0.004515710345863255,0.0008749896693759403,-0.003558635139002157,-0.00026951779878956795,500
13,shock_lag10,0.0003387968486935662,0.0017061199252539226,0.0016688606231586114,-0.002698558907118203,0.003718956679355557,-0.002136010952126666,0.003201288502144105,-0.0011127202910009033,0.002214349965845854,500
13,shock_lag11,0.0026536441005162027,0.0014970450769287498,0.0016322228518870358,-0.00038275740749194606,0.006213650576849975,0.0001431406550084787,0.00552945962568687,0.001294207502731664,0.004334622056444532,500
13,shock_lag12,0.00012051896967503208,0.0017152176746444332,0.0018302040378805101,-0.0034587099760330997,0.003598532690584172,-0.0026130698810559244,0.0030397713453787912,-0.0016534385085981472,0.0018837578350613356,500
13,log_oil_lag1,-0.008715840423344189,0.0037192343667267953,0.0038206082815608095,-0.014952026852721486,-1.7318415812109448e-5,-0.014197658421909528,-0.0022308142593318123,-0.012024803143171638,-0.004552208471298469,500
13,ffr_lag1,0.0014617215540358873,0.001121163122511823,0.001019328195834115,-0.00011725687009054114,0.0038704766724649616,0.00013178655347642471,0.00334812833498035,0.0005874313259776942,0.0025431064078070896,500
13,log_rwage,-0.1267709400841453,0.03163610158099457,0.029245848801607632,-0.17353571733572762,-0.05947406597619087,-0.16518914548549343,-0.07114243457101585,-0.1494073385762813,-0.09061345762618263,500
13,age_mean,0.006357669248290509,0.0016061510961599172,0.0015268938436686428,0.003075687110697013,0.009092487454592197,0.0036897141984559385,0.00862153342843429,0.004594403762167384,0.007624262943798056,500
13,female_share,-0.011814873595045603,0.03781296323096054,0.03672213716832979,-0.07629177154778075,0.06097102992669148,-0.06713047276029277,0.054063947362051355,-0.048417810882215424,0.024898582549080547,500
13,married_share,-0.09859267183749565,0.05496526963288077,0.0519173652571067,-0.20772237454550285,-0.003327707465498716,-0.18554217854412208,-0.014216329749773287,-0.156449992849583,-0.05028014218903065,500
13,hours_mean,-0.0016896933985837957,0.001983889316243695,0.001969504095179749,-0.005739948613709896,0.0019751255949027654,-0.005145832209648987,0.001210795917106007,-0.0038906029597749643,-6.265868399211401e-5,500
13,unemp_rate,-0.24581177474393653,0.05718893763182894,0.06272626149465968,-0.3606422878086679,-0.12004705921003683,-0.3432506986939246,-0.1339910161300509,-0.3042501529649853,-0.18209565041655568,500
14,intercept,-1.5145461359232148e-8,0.0016452457057154761,0.0014369607634596895,-0.0028590015192578753,0.0030390408073664925,-0.002271866053129554,0.0024420996201807007,-0.001311894528814245,0.0014368797823942484,500
14,shock,-0.00018159146161842915,0.0032393204161830693,0.0032882485168388856,-0.006916244203181612,0.006510556572822308,-0.005658709816011286,0.005624814170712016,-0.0030827901866242653,0.0030438946246321413,500
14,shock_x_occ2,0.00048609729371424076,0.004452056249424962,0.004501188522296893,-0.00850949239716816,0.008928902757038237,-0.007247496145537655,0.007402116180619703,-0.00392078928789704,0.005016265763848423,500
14,shock_x_occ3,-0.010284314109210865,0.0053868290660563116,0.005389546178913258,-0.020269739444137902,4.011337426496706e-5,-0.018925174959839728,-0.0012537750591648123,-0.01582527177358558,-0.004563986502212481,500
14,shock_x_occ4,-0.008420739573885838,0.005384033498128199,0.005545612013114838,-0.019424373823353207,0.001470562096588507,-0.018147316791387494,-0.0002587477376703007,-0.014486064845033526,-0.003095784698293658,500
14,shock_x_occ5,-0.004092387122103466,0.0034080784788726513,0.003799706247896867,-0.011384328131689644,0.0036450143331782847,-0.010233057292363285,0.0024371667256818754,-0.007643391155852693,-0.00023696809702869958,500
14,shock_x_occ6,-0.0016222381890457112,0.004698751218167249,0.005086981452236394,-0.012122626660916541,0.007839148942762166,-0.009987985878483265,0.0063755761288038495,-0.0068548237718070015,0.0033190264037171466,500
14,shock_x_occ7,-0.007204573989986284,0.005790703015926232,0.005824877747955704,-0.018347644492024397,0.0046607378824520375,-0.016781194908321816,0.0018886942683734394,-0.012988027258688334,-0.0016526702637056298,500
14,shock_x_occ8,-0.007290437528897359,0.004972028939212335,0.004859016312473247,-0.01622462896193637,0.0023808804511086966,-0.014893684682162506,0.0010440689986855203,-0.012220181023331427,-0.0023614119372870005,500
14,shock_x_occ9,0.00536541587958583,0.004384532372397766,0.004367918213876853,-0.0036432537757081756,0.013667859723500191,-0.002033648508018724,0.012262092399001386,0.0009546025974434206,0.009844913150420053,500
14,shock_lag1,-0.00024357514100303122,0.0017934274160471785,0.0018942809239987407,-0.003723217179875291,0.003684875479327884,-0.0033337332055875055,0.002967638160535154,-0.0020646170548572003,0.0015463206215555563,500
14,shock_lag2,0.002026477413705581,0.0015821098224376568,0.0015845328901120575,-0.0008957109557504734,0.005085597921524739,-0.0005124765492962189,0.0045251367507862465,0.00047366039169272685,0.003565848894232852,500
14,shock_lag3,0.0021317455420214256,0.0019469365306857163,0.0019850124240144954,-0.002010771610354983,0.005827135138343991,-0.0013227217469633768,0.0050336560565783315,-0.00018395358926137582,0.003907403479759229,500
14,shock_lag4,0.00020720307499364957,0.0017703527563620125,0.001805464317335269,-0.0033552448512041777,0.0034264232788202287,-0.002790023728230154,0.0029950557985982153,-0.001628896501262437,0.0019628372014064872,500
14,shock_lag5,-0.0009183836513501783,0.0019208913342082627,0.0019984514907055344,-0.004943267596081496,0.00295995423937672,-0.004339786226378265,0.002290115174248129,-0.002787900465700214,0.0008840155248741142,500
14,shock_lag6,-0.002198342694181897,0.0018241532597052497,0.0019377055027471196,-0.006260385719103385,0.001423153841273576,-0.0055417652448484025,0.0006728966865819976,-0.004293137692417419,-0.0005456696686299328,500
14,shock_lag7,-0.003489736649750837,0.001667205922950263,0.0017253086859031035,-0.006976121990440072,-0.00024822674882916983,-0.006240248195416783,-0.0008408073236273114,-0.005345732962458015,-0.0019112232308998928,500
14,shock_lag8,-0.0027341245359635336,0.00154828972675102,0.0017379429774448416,-0.006275089617245643,0.0009155528707035514,-0.005456866903502896,0.0003353754381182493,-0.004195480598006012,-0.0010093866963977935,500
14,shock_lag9,-0.0006285393758904943,0.0016234638156254148,0.0016931159098010605,-0.003962754309970761,0.002807276883583885,-0.003486705626767495,0.002047805966686145,-0.0021786924824641297,0.0011440684492462863,500
14,shock_lag10,0.0035771617852042763,0.001559295872223787,0.0015749551588461737,0.0006206860211189645,0.0066641292372794335,0.0010248704067318934,0.0062089973703595295,0.001919092541237522,0.005166153369763836,500
14,shock_lag11,0.001328990985429147,0.0015011558320452095,0.0015440713069657904,-0.0012409606873312455,0.00450110434606036,-0.0008391594624705336,0.004079681596558454,-3.096671671964915e-5,0.00298009662161039,500
14,shock_lag12,0.0003100196872486708,0.001452689578593694,0.0017237734758595892,-0.003248495728929667,0.0035988186000833764,-0.002687497381884555,0.003071509329335166,-0.001496801350110379,0.0018497935996324457,500
14,log_oil_lag1,-0.010710284139218736,0.0035595145608803996,0.003509033910574339,-0.016448709263587654,-0.0030151842285259687,-0.015788865201743385,-0.004222219858171057,-0.013832404124081387,-0.0067982821902022456,500
14,ffr_lag1,0.0016013139427447421,0.001146390996915234,0.0010437260064090007,-0.00037741108568094354,0.003860202278260242,-7.763543567999344e-6,0.003435797373644037,0.0005335846251648184,0.0024979376954753505,500
14,log_rwage,-0.1506332065627418,0.034522970721825565,0.029852133342472196,-0.2008571130015345,-0.08728881290721673,-0.19246947320045557,-0.09312663889026557,-0.17394478331007746,-0.11303918306804717,500
14,age_mean,0.007442051060340521,0.0016412206179275894,0.0016724882438723246,0.0038179246038126252,0.01043338882819984,0.0044536874418773485,0.00994404501083913,0.0055167230180068055,0.008805639609746275,500
14,female_share,-0.05559847314626932,0.042977933240315576,0.0396504702780908,-0.1386066264964665,0.015432851290239306,-0.1188551954381145,0.00422964846895773,-0.0981339676944342,-0.016840564180254786,500
14,married_share,-0.11431340569158607,0.052823613448788415,0.0457991333689297,-0.2038991931216993,-0.018766934039046432,-0.18959062969224275,-0.03638608407262909,-0.15253822894017718,-0.06428653084415678,500
14,hours_mean,-0.004838617758906659,0.0021107493653544827,0.002089298931627772,-0.008721172447462915,-0.0009673001968824013,-0.008307160770404273,-0.0014679505697434499,-0.006926323022332754,-0.0025214212081219557,500
14,unemp_rate,-0.31334275916645044,0.06036448286907292,0.06608289322608875,-0.45433105660423256,-0.19503027398680195,-0.4293358858159081,-0.2045087770772013,-0.37943888040919704,-0.2480598748364946,500
15,intercept,-1.936864106101531e-8,0.0016996651710349763,0.00143956209796748,-0.00264552382159808,0.002941786579162188,-0.002134986413283598,0.002591282318063728,-0.001352871615350834,0.0015222390671826313,500
15,shock,-0.0033273048838673575,0.0034741364627185476,0.003516519646375407,-0.010428280294417495,0.003696534662935045,-0.009358703829658524,0.0025347409475719412,-0.007112419533546041,-0.0001609980970899737,500
15,shock_x_occ2,0.003815377555226942,0.004470802487308745,0.00460767683080571,-0.005607394026250084,0.01287817049395093,-0.003733267464436765,0.011222116783265896,-0.0006996862950729096,0.008140801113988634,500
15,shock_x_occ3,-0.004777821271857547,0.006212516728791154,0.006043642877832982,-0.016594995057788487,0.007403655103826146,-0.014288820830540293,0.00515465690638309,-0.010636238397345532,0.0016257424454363214,500
15,shock_x_occ4,-0.0074421587909138135,0.005651218939012812,0.006043881834477781,-0.01900241988644725,0.004860328680733814,-0.01707457708243598,0.0026859846540412393,-0.014041233602625217,-0.0016973459025854166,500
15,shock_x_occ5,0.004106188314178609,0.003728404545921546,0.00400619631432526,-0.003518684944894103,0.01184236028286851,-0.0023588012510620915,0.010681907532679506,0.0002596824320915663,0.008387565509379389,500
15,shock_x_occ6,0.004838650872560708,0.004865369359089428,0.004835584380158159,-0.0045386369392596115,0.013918964780572852,-0.0034904004305687177,0.012087327458939093,-0.0003331945224575745,0.00903114238069836,500
15,shock_x_occ7,-0.0028845186087068614,0.0051016851439400525,0.00555705621747275,-0.013822186531950597,0.007283001444132185,-0.011820194190435007,0.006241360390488395,-0.008247853411572074,0.002787076686081409,500
15,shock_x_occ8,-0.002704689796722938,0.005125430955183896,0.005620263157857447,-0.014221526766936714,0.008088699396057997,-0.013034533335671861,0.006103476351656125,-0.008246294906901508,0.0030475212135522884,500
15,shock_x_occ9,0.008934643330226966,0.004235004348126788,0.004312298913368776,0.0005886255376887789,0.01734799549131548,0.0015037900313470238,0.01624442833915113,0.004661174647172991,0.0130966154944073,500
15,shock_lag1,2.3705369204242537e-5,0.0019048291054142772,0.0019893471794542737,-0.00390679833244186,0.004126504781344581,-0.0032124666577035706,0.003374640307738511,-0.0019437847704478048,0.0019516419188235791,500
15,shock_lag2,0.0009345944110445547,0.0016430283515104244,0.0016883736697798028,-0.002425000933013465,0.004201645744677183,-0.001921580000767321,0.003586315447457,-0.0006642708245698332,0.0026058070942515926,500
15,shock_lag3,0.003007275680721562,0.0018878515388682016,0.002003377717808468,-0.0011155602036775764,0.006814198781308777,-0.0006037958198815567,0.006183227887843608,0.0010261395829937354,0.0048700363449845786,500
15,shock_lag4,-0.0007811717802307617,0.0018367532141253375,0.0018329979720744548,-0.004380647318447268,0.0025496648011085615,-0.003949825285555558,0.0018337379155442116,-0.0028364584302791075,0.0007893717970470966,500
15,shock_lag5,-0.0016025829293768088,0.0019042549033298467,0.001974168060334361,-0.005807845266669321,0.0019012453591776939,-0.0051137188247044,0.0012513813761535417,-0.0037696571225977627,0.00011151711181916582,500
15,shock_lag6,-0.0031571157841477123,0.0017490535008961355,0.0017902574642535717,-0.0067599488753380755,2.855273082375134e-5,-0.006110377866967598,-0.0004983351595778681,-0.005057229152004775,-0.001539856204019211,500
15,shock_lag7,-0.0028982637434524098,0.0016723993597151513,0.0018033513559783932,-0.006171063610622511,0.0002523967467280289,-0.005723770242757155,-6.421932851902411e-5,-0.0048117757496322295,-0.0010725411972591094,500
15,shock_lag8,-0.0014139119397403772,0.0016365741049647995,0.0017294662131064579,-0.004633035571804689,0.002178999379350786,-0.004054458026835845,0.0015428282781090538,-0.0031969665610776313,0.000286024686594211,500
15,shock_lag9,0.002349368692555175,0.0016933504422562415,0.0016835646324200684,-0.000923334365528512,0.0057881423362683045,-0.0005406350105396616,0.005113473485875066,0.0006494568096231639,0.004002260003483367,500
15,shock_lag10,0.0020943084581082957,0.0015948334628169316,0.0015040682823908855,-0.0007272760351705208,0.0052268451441446016,-0.0002897392323001371,0.004777599727591413,0.0007498824521045049,0.0036762852178309205,500
15,shock_lag11,0.001418113624068121,0.0015042211622563334,0.0016668104805971913,-0.0018886515092021174,0.004581202909384574,-0.001295335642545027,0.0043118038728167645,-0.00038607836790003404,0.0028474094195457223,500
15,shock_lag12,-0.001184169114914557,0.0016642300459119529,0.001825279302282313,-0.005041896313960154,0.0022105108890315534,-0.004022769789397911,0.0017636072335775236,-0.002938101770611185,0.0004995913215538758,500
15,log_oil_lag1,-0.012068775480218154,0.0037327663662979514,0.00352857354353938,-0.01765676051556983,-0.004059338204459784,-0.016660954691485645,-0.005365680869867648,-0.01491628966546436,-0.008195884740818796,500
15,ffr_lag1,0.001567853215472416,0.0012404003387384054,0.0010932203186613811,-0.0004426276463867546,0.0036199038468512365,-0.00019899414064336208,0.0033807013207383164,0.0005113830042550284,0.0027046424704569127,500
15,log_rwage,-0.16385438370321023,0.03572712595690674,0.03356191232439337,-0.21775708105854874,-0.09195618971330602,-0.21189951777344884,-0.1010967539247405,-0.19144860974793315,-0.12366079060112208,500
15,age_mean,0.00812712008638066,0.001643286217965207,0.0016127413337291305,0.004457733146568138,0.010479388135852759,0.004922509362949155,0.010259226934270506,0.006219371709169176,0.009436888690773321,500
15,female_share,-0.04593758343834902,0.04114618972861577,0.03806924978430503,-0.11677662928161855,0.03551876566840577,-0.1045084237170214,0.020736603308918206,-0.0832130646613529,-0.008598427761003256,500
15,married_share,-0.10824233816551578,0.05726462318608802,0.052733536967395585,-0.21354372079476747,0.0016635320284099728,-0.18934220884890215,-0.011325382561851715,-0.15657511701309723,-0.055882752957196996,500
15,hours_mean,-0.007717560544899104,0.0022041182714939364,0.0021498528992002154,-0.012207233783313919,-0.003776439684330299,-0.011102471209713324,-0.0042735117656547365,-0.0099472314867045,-0.0055527203012206705,500
15,unemp_rate,-0.3823424545920321,0.07506126783244152,0.08063260114995303,-0.5426267295145863,-0.21440162849747932,-0.505539406707818,-0.2564801660311884,-0.45949253349767627,-0.29914661278463084,500
16,intercept,-1.856211459156124e-8,0.0017303213712382556,0.0014774022814289653,-0.0026289291614122446,0.0028959875032356654,-0.0022133239645336466,0.0025273333694315592,-0.0013761556035816556,0.0015918880271547755,500
16,shock,-0.0032691098262364773,0.0030623970119545867,0.003129443778217833,-0.009595789803073157,0.0031936156477770363,-0.008094754100148488,0.002195676184844559,-0.006066909152577236,-1.7157796487811247e-5,500
16,shock_x_occ2,0.004764925529470979,0.004579546269107128,0.004655463046786823,-0.005645253184744896,0.01253818290722316,-0.003728838069372291,0.011816164016521906,-0.0002782899398101417,0.008691463177003667,500
16,shock_x_occ3,-0.0004476092512550348,0.004413090643682598,0.004961509385143375,-0.010187633501141637,0.008268778586994851,-0.0090777039941703,0.0072567134583380955,-0.00576017363998667,0.0040781291547243295,500
16,shock_x_occ4,-0.0031235370933414045,0.006046074924324052,0.005801676457846483,-0.015032986134136443,0.006940919901536068,-0.01388150059918709,0.005381607538407135,-0.0096262183292599,0.001974214719580054,500
16,shock_x_occ5,0.0050423225967944725,0.004088233065382153,0.004317335470403121,-0.0034358706845595086,0.013725882025942578,-0.002557583714902666,0.012075395158977867,4.813308951331815e-5,0.008876136788247786,500
16,shock_x_occ6,0.005737944317606356,0.005030003991831276,0.005121926295437693,-0.006013761736144959,0.014192175912260465,-0.004331728424745161,0.012304527479972922,-0.0006339130488475288,0.009690939427641536,500
16,shock_x_occ7,0.0015518791553975728,0.00562965425163125,0.00581720717245468,-0.010206964569540322,0.012303261156648152,-0.00838846627666494,0.011432622227386556,-0.004040639822133743,0.0073157743954917025,500
16,shock_x_occ8,-0.009889196858635417,0.004428075868880683,0.004731743390544277,-0.018923427644195735,-0.0008971371899481194,-0.01793246368780909,-0.0021031994308078656,-0.01458597183968813,-0.005078929326582702,500
16,shock_x_occ9,0.001364847982860076,0.003961141129455845,0.004220857269815975,-0.007521133973820243,0.009474970299997292,-0.005619022063207257,0.008368398022159614,-0.0029768543698489073,0.004775618748806587,500
16,shock_lag1,-0.0009406093930782424,0.002054777468911207,0.0022623357273333167,-0.00557083682875038,0.0032680602346475086,-0.004747489719585911,0.0024990700019356885,-0.003117477553803152,0.0013040377602816834,500
16,shock_lag2,0.0016269294281594762,0.0017571868173680233,0.001941932002140061,-0.002223283377495418,0.005103815443877358,-0.0017704758363378057,0.004584503593990265,-0.00033495644015123227,0.0035108621548264845,500
16,shock_lag3,0.002028523328086854,0.0020270533999459787,0.002098318477214774,-0.0021155408328154997,0.006083060474842118,-0.0015124718017440763,0.005116264332019193,-0.00018610823627837877,0.0037630673994163396,500
16,shock_lag4,-0.0014459412007364345,0.0016879869835854417,0.0018114015138512604,-0.00533761970254963,0.0016143903545457819,-0.004694523923764638,0.001187856926457137,-0.0035202065442095547,0.0002227566881657927,500
16,shock_lag5,-0.002361037466159439,0.00180211402100459,0.001995914734741471,-0.006476925961029215,0.0013648986206196208,-0.005793252637646849,0.0006616196715667191,-0.004545507917290477,-0.00045435425689639225,500
16,shock_lag6,-0.0025428380736795568,0.0017728673780876732,0.0018358894330262093,-0.006168049912608525,0.00092140094555254,-0.005374878566277726,0.00034016877947620164,-0.0043658017290340075,-0.000729884593381793,500
16,shock_lag7,-0.0012852078384996842,0.0016821923910168366,0.0017658004741015042,-0.004879932540815878,0.0019540912348504805,-0.0043469468398204736,0.0016198232728398027,-0.002912288495671467,0.00042490663397262354,500
16,shock_lag8,0.001682215529756272,0.0015798955810528426,0.0017185454107348883,-0.00141275587030073,0.0053393839565717876,-0.0009740336198478074,0.004723239640946164,7.122803233488331e-5,0.003530699852087623,500
16,shock_lag9,0.0011693296152981624,0.001585601958958821,0.0016395030514773409,-0.0018737361155843047,0.0046328052476447956,-0.0012432388554785838,0.003967073996085174,-0.00032806653255341165,0.0028346521402711346,500
16,shock_lag10,0.0023129404770506515,0.0015170217004880568,0.0016878428854756075,-0.0013495976834491815,0.005413316622039437,-0.00076850778936382,0.004963074309065725,0.0006360268608701027,0.0037599833954401578,500
16,shock_lag11,-5.835541201985162e-5,0.0015814814624856516,0.001716373473198251,-0.0032404553693824696,0.0035242519817922932,-0.002808719976166844,0.0028419646798693303,-0.0014649230520853227,0.0018924992657275103,500
16,shock_lag12,0.0016256172025561702,0.0016940078675996776,0.001788521976765895,-0.0016946313122001553,0.005326818402455915,-0.0012001405752037288,0.004524421319796267,-0.00020205394358587529,0.0033447953872005063,500
16,log_oil_lag1,-0.013038001833418517,0.0037989470061559946,0.003744015588996585,-0.01954649141915664,-0.004424418779870143,-0.017775626022268603,-0.005797899163742555,-0.015709691779068814,-0.008707773073088612,500
16,ffr_lag1,0.001224490388761328,0.0012318175032821218,0.0011033107557063798,-0.001008420692062942,0.003457096633377196,-0.0007352205618138833,0.0029635534035664123,0.00011746776010870522,0.0022072071478964404,500
16,log_rwage,-0.17825770774972258,0.03605601100144846,0.03311172543841899,-0.2335357841769244,-0.10445274715174566,-0.2269227117217038,-0.11664580241845318,-0.20360783053916293,-0.1394229307553904,500
16,age_mean,0.00858111657425396,0.0016120080741784755,0.0015836310670508751,0.005074455498199747,0.010887739400686266,0.0055315166552204155,0.010591915732677041,0.006487647894536975,0.009766770318522666,500
16,female_share,-0.07270607439275228,0.04226931386494891,0.04164359715702865,-0.15422621334830733,0.00989018954610226,-0.14099669454866595,-0.00613890038788825,-0.11571355606738144,-0.02950374804960938,500
16,married_share,-0.10067327348935842,0.05926015304708188,0.05653787168524497,-0.21397960631826463,0.0034001028777872833,-0.1994178945402769,-0.006860995639495316,-0.15879338661153045,-0.043864284235539015,500
16,hours_mean,-0.008556408174074399,0.00216346467062639,0.0020541145589544276,-0.01264854674260403,-0.004727678527338382,-0.011871534634882495,-0.0052966911768757025,-0.01058133279825407,-0.0063820537445344536,500
16,unemp_rate,-0.462794251706458,0.0807860375301317,0.08338310269723971,-0.636963893272317,-0.3180351739451174,-0.6135578927483191,-0.34478729238633316,-0.5685462310369683,-0.3906705474384968,500
17,intercept,-3.176409542233709e-8,0.0017565311638050231,0.001667811917925162,-0.003081365389011252,0.0033152075707442363,-0.002721314964980224,0.0027304734008387448,-0.0017561129761498803,0.0016032903939717108,500
17,shock,-0.0027909232035739843,0.0034332056486923762,0.0031073380001142266,-0.008731128364110882,0.0036529421003455853,-0.007597082185237697,0.002320264063865444,-0.005946560827524623,0.0003033954492209697,500
17,shock_x_occ2,0.0038501830733397866,0.0045779043372693885,0.004726891998808196,-0.005178213093461673,0.012476933728896824,-0.0034582077739598823,0.011376530045487658,-0.0009818660068863989,0.008286163298273615,500
17,shock_x_occ3,0.0015799794271154435,0.005727409564094774,0.0058647077023767065,-0.009556928466824157,0.01264587189010102,-0.007452073152548515,0.011379153091184823,-0.0037499038246449454,0.007638617448210921,500
17,shock_x_occ4,-0.005786111621462666,0.0060253269088446325,0.006047630621415752,-0.017577460467946657,0.006636234638272504,-0.016305794162406347,0.003943349593013867,-0.011926205094269574,-0.0002669309890615537,500
17,shock_x_occ5,0.0013325546905761777,0.003708779924015101,0.003779143825509568,-0.006500950677259679,0.008046318860123745,-0.004867670234742141,0.007442310821124957,-0.0026379407689962556,0.004745243675939034,500
17,shock_x_occ6,0.004153872369734915,0.005155463577017077,0.005130991125124346,-0.006272088979033668,0.01396794750876734,-0.004665557002472304,0.012377476854146611,-0.0013630998435309521,0.00908880982870155,500
17,shock_x_occ7,-0.003269955860430222,0.006072736463748472,0.006061769281955154,-0.014421648318779259,0.009585931906715618,-0.01247307224144938,0.007144411450010762,-0.0090608664268834,0.0026637816222370167,500
17,shock_x_occ8,-0.007923681870020826,0.005068118993853672,0.004954733286704263,-0.01708452948391589,0.0024115046608065844,-0.015760860092039055,0.0006598604863536352,-0.012722184587363808,-0.0033255731609156177,500
17,shock_x_occ9,-0.001648788160740542,0.004438881094790917,0.004315200308016059,-0.009333332079804448,0.007063781323769891,-0.00854520934652897,0.005290000509213666,-0.0062486815457040495,0.0024363805250262878,500
17,shock_lag1,-0.0002694539017928557,0.002211999417524625,0.002250307026641434,-0.004564215048786718,0.00373208764475142,-0.00389186558794366,0.003115619214269257,-0.0025108596750094657,0.0020353851893623602,500
17,shock_lag2,0.00037870481684203845,0.0019815501379198673,0.001987573699282351,-0.003954505536148042,0.003971799324660072,-0.002961158879675862,0.0034965707105284603,-0.0016227351160682483,0.0021889849039379676,500
17,shock_lag3,0.0011606218845060753,0.0022224601374880196,0.0021486612761712066,-0.0031504829375585777,0.005042493413690985,-0.0025223994166697025,0.004452501356569932,-0.0009307882169965532,0.0032001060437043503,500
17,shock_lag4,-0.0024111846554520917,0.001601460945966605,0.0017238679140668175,-0.00605183948959356,0.0009536191442050452,-0.0055315985730948775,0.00023019519546361143,-0.004355800442515247,-0.0010199428640004465,500
17,shock_lag5,-0.001871764981354104,0.0016024351392717518,0.0017797765732821403,-0.005654016498784135,0.0013631198813502268,-0.004964329490794491,0.0007859482759137869,-0.003776116482006513,-0.000295911576317772,500
17,shock_lag6,-0.0010465548415184644,0.0018221133662239496,0.0019324696818626371,-0.005246191001393251,0.002568458969331746,-0.0042851681401575945,0.0019794392585357613,-0.002996091679709846,0.0006800389742348751,500
17,shock_lag7,0.001688759011677556,0.001737599117548658,0.0018401475194771864,-0.0018282888117715128,0.005361446995933161,-0.0012353863068209142,0.0046483379222354215,-0.00022931164861711575,0.0033864932045532875,500
17,shock_lag8,0.0003743030548072616,0.0015887773580122492,0.0017577245944052238,-0.0026921688247870867,0.00395522910606859,-0.0024124491618496453,0.003460599229809264,-0.0013665667095808407,0.0020944379709553233,500
17,shock_lag9,0.0012207201586132714,0.0017298821533082145,0.0017614195931726492,-0.0026086211922846355,0.004500812363268136,-0.0018546247742908108,0.004103921361204309,-0.0006062305103305858,0.002784660769479064,500
17,shock_lag10,0.000689055912576778,0.0015765020617725942,0.0016101428952354615,-0.002411423059750583,0.003771002520351798,-0.001933151396745524,0.00319868013950157,-0.0009723602679340977,0.0023326900217730782,500
17,shock_lag11,0.00257912299884296,0.001867853470651857,0.0017518512787638777,-0.0006061992106984188,0.005865826630084054,-0.00019567081278081076,0.005455873689884975,0.0008609535167941012,0.004446935869772753,500
17,shock_lag12,0.0015547202741197337,0.0015852124682201871,0.001627264097997093,-0.0016968478417848597,0.004699942012510944,-0.0013113941926449243,0.004167884125360306,-0.00023024980060572676,0.003001594964742188,500
17,log_oil_lag1,-0.01305539324947719,0.003935389589942298,0.003891649564860868,-0.019940231856722116,-0.004862303677029013,-0.018948398679360025,-0.006173492049102128,-0.016305581503348585,-0.008779036869920348,500
17,ffr_lag1,0.0009873851320819295,0.0012252059754706119,0.0011044069445001682,-0.0010014808453197221,0.0033911069395247593,-0.0007156751472447457,0.0028782437835301114,-7.161140659581083e-5,0.002073208345136411,500
17,log_rwage,-0.19588761320157236,0.03981014184802524,0.03689601279800869,-0.25762554798267384,-0.1162229843335621,-0.24576037779286417,-0.12944476179439238,-0.2266002705352174,-0.15175973675149584,500
17,age_mean,0.00885428173587118,0.0016945975590919727,0.0016188728254846118,0.005397717279841314,0.01196568076884327,0.005941278644823946,0.011209340781051085,0.006810894656694029,0.01008425260584165,500
17,female_share,-0.07563642271058703,0.04305901423839126,0.04385770341198219,-0.1585916923996245,0.010592660353339854,-0.14570079684586362,-0.005698797962517257,-0.11805701085024128,-0.029950895996760322,500
17,married_share,-0.09157871087075355,0.05717052068741195,0.055486804688069914,-0.19492796520478417,0.013862082462607755,-0.1808560009006357,-0.0040769785072458375,-0.1487491301383543,-0.03735118996710263,500
17,hours_mean,-0.00883157340169095,0.002253039949911226,0.002229440671856342,-0.013287248647790973,-0.004371998643843444,-0.012443041976718045,-0.005213849627621438,-0.010945003998640082,-0.006539005085739737,500
17,unemp_rate,-0.5095426516531997,0.08104811428550845,0.08696560839917993,-0.6737441881088411,-0.3474367288114796,-0.6529661860081577,-0.37202898030017045,-0.6009917790389505,-0.41674116212463597,500
18,intercept,-1.7807148457757254e-8,0.0017764020081510227,0.0015325563985036708,-0.0028178723003941687,0.0030413629166467756,-0.002363260522641393,0.0026126658749989237,-0.001502701546005167,0.0017049969418007082,500
18,shock,-0.0010497438424345404,0.0031352075536058475,0.003473735721625012,-0.007590917458360403,0.005523929516253133,-0.0066423396378182545,0.004544407036120408,-0.00467965330228733,0.0021847856999050765,500
18,shock_x_occ2,-0.003939869333957667,0.004240826717020255,0.004664413953146044,-0.01361137815200988,0.005188017813369434,-0.011862659138091678,0.0034045119125135997,-0.008704072370579137,0.0006094236026093357,500
18,shock_x_occ3,-0.008557778636289167,0.004612063198821902,0.004569617187768428,-0.017467701814628128,3.5753490712893776e-5,-0.016419136371423185,-0.0007302287803245281,-0.012788176484017541,-0.0037595659446983103,500
18,shock_x_occ4,-0.0015569778949136254,0.00570791158603763,0.005776469605252816,-0.01299189787950239,0.00918432106218934,-0.011182824875611234,0.007643242873625876,-0.007666833620172255,0.003706772871410031,500
18,shock_x_occ5,0.0015785588783434807,0.0037196919860912146,0.003989104353438449,-0.005899526696877027,0.00949501454546342,-0.004692786219779991,0.008696957000496943,-0.0021956735200557537,0.005551102393150619,500
18,shock_x_occ6,0.002410968683118208,0.004831890138823914,0.005304586950334138,-0.007822965703550074,0.012164950950466002,-0.006408033555058185,0.010359556146111698,-0.003027681379962028,0.0074519118175329566,500
18,shock_x_occ7,-0.001959949430591404,0.005902264314674839,0.006133324482570003,-0.013998890668676513,0.009636139771937864,-0.01156781486926137,0.008394237292612272,-0.008092464525535402,0.004152429515064626,500
18,shock_x_occ8,-0.00473987696815106,0.004708560417157259,0.005124121409547993,-0.014786368097126381,0.003754065441555045,-0.013640653839952317,0.0029365653642834007,-0.010210081926817289,0.0005663583735947353,500
18,shock_x_occ9,0.001252904457018095,0.004392769533620699,0.004627696855573095,-0.007814856299951477,0.010459336173980132,-0.006579490514435383,0.009207450259425308,-0.0032524846390790856,0.005660398307175888,500
18,shock_lag1,-0.0013156349671790916,0.002375240220537821,0.0024589450042318195,-0.006720803896200297,0.003211700381081023,-0.005781908903210359,0.0023307032516766695,-0.00361128416211983,0.0008429350594217526,500
18,shock_lag2,-0.00048469941015105976,0.001879044543628895,0.001857536519016911,-0.004281707606381701,0.0029315757086480643,-0.0037634366851347625,0.00224903935082577,-0.0024242694081997493,0.0012553939853951757,500
18,shock_lag3,0.00011335225670743143,0.0021898000859029774,0.0022802049208422077,-0.004200980459537196,0.004300361522432737,-0.0036581718010169667,0.003576600336017738,-0.0023903560762903913,0.0022033852321036197,500
18,shock_lag4,-0.0019052675979364414,0.0017980860110412352,0.001827847950044801,-0.005396142900046584,0.0015060804340813817,-0.004803428272019928,0.001069195947746911,-0.003853567408044455,-0.00012243523471010235,500
18,shock_lag5,-0.00036416562435782895,0.0018553048437788798,0.0019248712484690037,-0.0038101636714531484,0.003641042477666008,-0.003130040512368925,0.002863254120778948,-0.002281500353021169,0.0015833464476989326,500
18,shock_lag6,0.0021669990745228755,0.0019068600297063728,0.002049148943381555,-0.0018223302544232542,0.006219719649699642,-0.0010642421832763192,0.005735875378567595,0.00035943602214993345,0.004234066877364559,500
18,shock_lag7,0.00048306704431753966,0.0017899979448057549,0.0017578259971558702,-0.0030825432629553013,0.003836097678462563,-0.002404782395008993,0.0031224038930427554,-0.0013639983606242873,0.0020334746423996274,500
18,shock_lag8,0.000553492025359424,0.001611639574851841,0.001922261134003842,-0.003470789631926588,0.004159493779320807,-0.0029465881543083257,0.0035797577736734858,-0.001440137434947558,0.002236754271800843,500
18,shock_lag9,-0.0005041040312075202,0.0017994569381288754,0.0019148115792775777,-0.00444408674055244,0.0032253903143364395,-0.0038324036568467847,0.002408875479482188,-0.0023912397259670585,0.0012668588284290019,500
18,shock_lag10,0.003370237940270518,0.0019541618539603823,0.0018463825163461999,-6.835064479297136e-5,0.00704791959786386,0.0001577101363852948,0.006286936201545653,0.0015632948773670289,0.005039523184688936,500
18,shock_lag11,0.0024847226760984016,0.0017666690566296205,0.0019169709827945678,-0.001151197694282222,0.0062972510976575715,-0.00035564547017099505,0.0056428561384833514,0.0006410110734732938,0.004559045063945188,500
18,shock_lag12,0.00013024293372608723,0.0017688917757357702,0.0017360482829690612,-0.0032084433769639597,0.0034340747639843277,-0.0027488952337917094,0.00290780477913093,-0.0017868849715285651,0.0018043818902145565,500
18,log_oil_lag1,-0.01274425130956838,0.004128132486178206,0.003963059022274566,-0.019854924588678168,-0.004645429030421984,-0.018496207154619325,-0.005597491569564654,-0.016219146486286574,-0.008150820357719028,500
18,ffr_lag1,0.0010579768720941382,0.0011743446928639172,0.0011165091399190068,-0.0009498040789710968,0.0032887879923304726,-0.0007737582678140696,0.0029961229050104064,-0.00010878393222120972,0.002184025997133414,500
18,log_rwage,-0.20044663531460022,0.039551544886297696,0.03676585919277747,-0.26754780986908666,-0.12305068007277747,-0.2525838807007717,-0.13426381942201404,-0.23005532437664747,-0.16064485753634017,500
18,age_mean,0.00846708295165664,0.0015120099187987245,0.0015038802938238081,0.005201204218666794,0.01099202325915994,0.005637425502147443,0.010479915671051257,0.006549566221144044,0.009600872687172513,500
18,female_share,-0.06739604392899576,0.04259047084577602,0.039818702867946226,-0.14005754728433775,0.01577209715826609,-0.12720914049753396,0.003319511571444072,-0.10460886144090684,-0.030442454561740606,500
18,married_share,-0.1190077733003531,0.05891715087228248,0.055459669275743244,-0.22882283634939332,-0.010707050892359567,-0.20440018268793175,-0.02741448415171018,-0.1668710484511754,-0.0606964453233977,500
18,hours_mean,-0.010245010156228782,0.002217474031862835,0.002130507621305439,-0.01479340548546618,-0.006178439507951184,-0.013974989631230592,-0.00680934145008367,-0.01237485292600302,-0.008217471816700083,500
18,unemp_rate,-0.5433076185370136,0.08177465359488492,0.09013328130294579,-0.7281443661526332,-0.3754407824010896,-0.6967900101335227,-0.40008903391043815,-0.6424117854016449,-0.4561450814329472,500
19,intercept,-1.7374356002767324e-8,0.0017971386033868303,0.0015961521380152618,-0.0027582872687048014,0.0034805607033922817,-0.002403628593840657,0.0028714857529195427,-0.0014097628480085975,0.0016865457947650648,500
19,shock,-0.00333338023450308,0.003090815416945934,0.0032001702465887104,-0.009791777893917702,0.00294616252991714,-0.008711381216522563,0.0018737022475835711,-0.0063308860612680175,-0.0003721366513430832,500
19,shock_x_occ2,0.001467517070426152,0.004210973507683987,0.004374364981034495,-0.00853215097882987,0.00878381751731733,-0.006734636058067818,0.007638347773323432,-0.003611042033471276,0.005137562043719353,500
19,shock_x_occ3,-0.0014448362677661254,0.005280384871153618,0.005793012318840117,-0.01309689757481947,0.010226292602908034,-0.011551432426190876,0.008175658550989624,-0.0070338117074982085,0.004363372526367151,500
19,shock_x_occ4,-0.005433682744384933,0.005666678273397272,0.00588738283256157,-0.018550973703159966,0.005201213860697438,-0.016364604507772006,0.0029609590685524202,-0.012327095771501678,-0.00021936162979610476,500
19,shock_x_occ5,0.0004742905527244874,0.004269499336820901,0.004127020702613435,-0.007941093459931228,0.007620275583462352,-0.006579703775169807,0.006934936397363932,-0.004222953765440062,0.004133585665993721,500
19,shock_x_occ6,0.0030111905603852885,0.003934425121283394,0.004187934968561219,-0.00600394502633795,0.009963163341434923,-0.004541413936238719,0.009207804069240873,-0.0016858995900266426,0.00662470227749882,500
19,shock_x_occ7,-0.0020214399027608182,0.004917694396338477,0.005552012606710509,-0.012765341180241689,0.00872783662930576,-0.011534094913957902,0.006736881619635249,-0.007556940098109822,0.0032925232608746317,500
19,shock_x_occ8,-0.004423180884096218,0.004511128873172801,0.004558809401112041,-0.014244497001776055,0.003905065974206965,-0.012436162926018178,0.0021816782427694797,-0.008957473544870512,-0.0003449790536000846,500
19,shock_x_occ9,0.004048460261836364,0.0040368288429300314,0.0038883001262078856,-0.004138977435009809,0.012031824889570985,-0.002671306490383935,0.010651978917876729,0.00020190976819978838,0.007513970399922223,500
19,shock_lag1,-0.00223046628977164,0.002191199915325898,0.0025129024179879715,-0.007363090176680271,0.0025959228691841913,-0.00631590932923733,0.0017998672248986701,-0.004772146469333948,0.0002785011961280644,500
19,shock_lag2,-0.0017154744644529286,0.0017839665429812959,0.0019095018830349389,-0.005234823545278528,0.002179991425359292,-0.00481980997645571,0.0016703944830174981,-0.0035296322031142966,9.855238033241701e-5,500
19,shock_lag3,0.00039847342827555444,0.0020632196910090684,0.0021329835118881527,-0.003619050630553687,0.004954093460061834,-0.002816268623946848,0.004119004466334659,-0.0017017336529308973,0.002431612755357029,500
19,shock_lag4,-0.0008350990723679063,0.0017462168807167444,0.001803563098396898,-0.004329288986358669,0.0026196421486599578,-0.0038603253362958874,0.0021808579214076247,-0.002523522936935386,0.0010293387756015746,500
19,shock_lag5,0.0025761207067650357,0.0017660167852791115,0.0018411097319238924,-0.0009118314708083206,0.006225702010490452,-0.0003092410957698638,0.005695296452959418,0.0007633857469106045,0.004395361175066918,500
19,shock_lag6,0.0007064869345773579,0.0019487036726025283,0.0020323362390793826,-0.002801648210716004,0.005002334516110233,-0.0023985858792268363,0.004124873033793875,-0.0011926140434358906,0.002881141875666194,500
19,shock_lag7,0.0004948936449239298,0.0016007945235943075,0.0018619321766097348,-0.003466143213659516,0.0037239246306494385,-0.002693059189653383,0.003314217173190604,-0.0015244648459486238,0.002226022163133935,500
19,shock_lag8,-0.0012348037042179002,0.0016985812091418143,0.0019202921954165524,-0.00505901045774029,0.0028373001626343305,-0.004380937187027731,0.002037291429657784,-0.0032261585856890366,0.0005194451546812124,500
19,shock_lag9,0.0020766996780138456,0.0019694250638993814,0.00199965142761824,-0.0018545472106211405,0.006041052151661424,-0.0010767210409287245,0.005409582667670585,8.755196370723155e-5,0.00416919813036195,500
19,shock_lag10,0.0031317424084020638,0.0018282772457426794,0.0018412347932649578,-0.0007773605079320814,0.00656405197200601,2.915988431915993e-5,0.006059001364611529,0.0013223623845065088,0.004835935126797259,500
19,shock_lag11,0.0009888454689340452,0.001809257232069592,0.001932259908668234,-0.0030348030983708223,0.004581983838298588,-0.0023076440996566768,0.004102837297015089,-0.000962270292699637,0.002806604674673181,500
19,shock_lag12,-0.000425134243148101,0.001624808948643341,0.0017045204277408423,-0.004263591635223996,0.00268808358203294,-0.0034491907869373625,0.002192528910824015,-0.0023861006507382783,0.0009257299242446648,500
19,log_oil_lag1,-0.012225751193344599,0.004139586321826715,0.003977647669474269,-0.018516155524441885,-0.003235486008783169,-0.017626131332256295,-0.0045496516360230815,-0.015472807457906742,-0.007850358937073537,500
19,ffr_lag1,0.0006626278747424015,0.0011739048470845517,0.0011059470196799763,-0.0013286164261999956,0.0029712933862280147,-0.0010355726916636357,0.0026775785767774625,-0.00030654098050975954,0.0018097495298433992,500
19,log_rwage,-0.21843841217622587,0.041570739430815074,0.03424656853085336,-0.2759215211445215,-0.14274227239276427,-0.2670773907973075,-0.15337036875048,-0.24827266773489112,-0.18044929912143295,500
19,age_mean,0.008262136743853003,0.0013726786954659604,0.0012856434973693358,0.005381545428822023,0.010584453465449457,0.005876155601124965,0.010032028586966276,0.006690773111771333,0.009149497353929042,500
19,female_share,-0.052771450824354096,0.04193118375719566,0.037523743657670916,-0.1275045079123371,0.029511419714599894,-0.11316611550721985,0.0071737891256367,-0.09156175772222978,-0.0166896769318552,500
19,married_share,-0.13206405221835324,0.05896849260081639,0.05350637006817746,-0.23099637704556697,-0.02553823011179343,-0.21684942659882014,-0.04150760631844858,-0.187646199868126,-0.0780009680840204,500
19,hours_mean,-0.007261148170009591,0.0021328455862269177,0.0021434492772875713,-0.01120056438054379,-0.0032416045108140034,-0.010488719467668946,-0.0035080871537004235,-0.009363458236181468,-0.00495587230495211,500
19,unemp_rate,-0.5493744324473196,0.06884425362309934,0.07903128999579453,-0.6977889709051497,-0.39661875531795604,-0.6845968444630393,-0.4263866832306945,-0.6283212001036514,-0.46966786446738573,500
20,intercept,-2.0705406346909563e-8,0.0018209920749701263,0.0015817672758618342,-0.002969553814948993,0.003209057461843266,-0.0022904844956907543,0.002924273061663572,-0.0014465662720378576,0.0016408899354672765,500
20,shock,-0.005184859287516951,0.0032050355234405415,0.003520289617239344,-0.012478454819404728,0.001096371264726804,-0.011006754883902452,0.00028239402424349506,-0.00891297992996747,-0.001831079555739317,500
20,shock_x_occ2,-0.0005110999763875309,0.004744052586160949,0.005006420668680242,-0.010388251896036354,0.00932371908423473,-0.008394521377830382,0.007658770221623445,-0.0052017188723569386,0.004652665870997914,500
20,shock_x_occ3,-0.0023193397181517457,0.0052715154038934274,0.005220696394673178,-0.012360693642474968,0.007731997769821194,-0.010330241188102385,0.00623703807021907,-0.007492458834872212,0.0034009362936281455,500
20,shock_x_occ4,-0.0024132497735986063,0.0053595886091207835,0.005628810078545065,-0.01315249138774579,0.00885695190139833,-0.01147524829440988,0.006323357700417098,-0.008532701075662705,0.0032838987906208344,500
20,shock_x_occ5,0.00015783262946119983,0.005131420969735494,0.004983099789470192,-0.009020971070228642,0.010012027900114778,-0.00733860003140348,0.0085342345238275,-0.00460362844811082,0.0054185177479279326,500
20,shock_x_occ6,-0.00032056776683290437,0.004496512423881803,0.004917472302793395,-0.009774596000916706,0.008548955026844808,-0.00873788899236387,0.007098141320369966,-0.005227369849694271,0.004590937994263864,500
20,shock_x_occ7,0.008198456352880211,0.004649984262112007,0.004939539940881854,-0.002002258856454192,0.017694791193482138,-0.0003376088189233928,0.01609731486941239,0.0035156392017051145,0.01312420827091878,500
20,shock_x_occ8,-0.0033440318731730837,0.004851954859082331,0.0052824701335429354,-0.013089742312108466,0.007144516070663617,-0.011845840548345933,0.0060467976209679095,-0.008625880784859524,0.001728480150588874,500
20,shock_x_occ9,0.005037403580164843,0.004817602958618639,0.004957848417409156,-0.003881202249958456,0.014675101602125547,-0.0026177562696966003,0.01342368211112318,-7.241662308131279e-5,0.009984159867874948,500
20,shock_lag1,-0.003530243370245513,0.0020382226398540774,0.002331747426531778,-0.008035655526518897,0.0009313543047576164,-0.0076426657542043195,0.0002347572390569668,-0.0060099004899303605,-0.0013316996457186237,500
20,shock_lag2,-0.0013488524141029204,0.001851106740747951,0.0018794243960932827,-0.00475743396242316,0.002632121019195261,-0.004176769665907362,0.001849053590299906,-0.0032274580365470925,0.0007038519978500934,500
20,shock_lag3,0.001496620759137253,0.0018766471485612715,0.0019551697399039763,-0.0024833742533174573,0.005121008634440217,-0.0019587692162213125,0.004528836831212129,-0.0005419266824124073,0.003390690581968674,500
20,shock_lag4,0.002142887923702297,0.001825122114540483,0.0019313194760216,-0.0015844313260492495,0.005905906538258598,-0.0009350851484223507,0.005240570258094907,0.0003071528691577014,0.00399608499410313,500
20,shock_lag5,0.0010182374992936051,0.0019106804421878132,0.0019914086129432227,-0.002720213482492509,0.004883192572950683,-0.0021708258082018205,0.004305372201900768,-0.0010567752634539317,0.002968829649331658,500
20,shock_lag6,0.0006380059676555463,0.0018335030903819667,0.001986609984013319,-0.0031418241826725907,0.004341618210721828,-0.0025303792206659383,0.003814191904216552,-0.001411390740935173,0.002692821752754663,500
20,shock_lag7,-0.0014908830368864732,0.0016361544027804536,0.00166191663283963,-0.004935956981664951,0.0018747641017689632,-0.004194840079544008,0.0011687830716075038,-0.0030383705538928147,0.00023912037173324163,500
20,shock_lag8,0.0012038695088430267,0.0018917431680587516,0.00204857351273201,-0.0028632030039726997,0.005245136118693989,-0.0021281619842226525,0.004366606502854386,-0.0008635507230712144,0.0030441466394264434,500
20,shock_lag9,0.001647699199757601,0.001908488309804846,0.0018710367610078765,-0.0024248597648664034,0.005122886606906088,-0.0018345024835668582,0.004537400991231654,-0.00027953691744185414,0.003235496960494618,500
20,shock_lag10,0.0015284519392844919,0.001899564396167791,0.0019711997052582766,-0.0025701026670141907,0.005023746940808174,-0.0018097098279879504,0.004568618075733233,-0.000642294988757249,0.003222222804010202,500
20,shock_lag11,0.0002700873955225071,0.001666240763536784,0.0018298471800049436,-0.003328487038140055,0.003728367147224498,-0.0028414654681853135,0.003104784438379095,-0.0016952884605370908,0.001981073179250501,500
20,shock_lag12,-0.001379696594836624,0.001590712528605212,0.0017231899981086534,-0.004726240884075339,0.0019055416838559846,-0.004084239652233502,0.0012583145324812953,-0.003322273821815252,0.00019113130465455374,500
20,log_oil_lag1,-0.011414128745116981,0.004129590823658828,0.004060478348314445,-0.017586401292987615,-0.002815193932564764,-0.016958822421948797,-0.0039451565824271196,-0.014679614199005318,-0.006599732353907892,500
20,ffr_lag1,0.0006702024487111767,0.0011826011697760156,0.0010717164628450994,-0.0011939823169464779,0.0030721666000521715,-0.0009709742082751214,0.0024882414894949567,-0.0003275767022880502,0.0017044565654556337,500
20,log_rwage,-0.20936522440365135,0.03962625256630596,0.035329349050080026,-0.26803848629985244,-0.12824949579622671,-0.2520279221421261,-0.13853434128432804,-0.2325490468512422,-0.16533147927110614,500
20,age_mean,0.007732827306118557,0.0014920033875032537,0.0013731011532656112,0.0046216902555186005,0.009827613450865972,0.005005242493447084,0.009589465130540327,0.005944152914298461,0.008740603059807091,500
20,female_share,-0.028099354223017004,0.04410419889354963,0.042232976410268463,-0.10289021417598324,0.060466777289578125,-0.0934866607063924,0.044655599333420344,-0.06895720342021056,0.016907827726201856,500
20,married_share,-0.12468120978845838,0.062259343607651195,0.05528815314236943,-0.22962557964270158,-0.017456184586978445,-0.21515287290264973,-0.03385042385106047,-0.18707212025387038,-0.0737444447196098,500
20,hours_mean,-0.007960799847605123,0.0022699855945430883,0.0021884756288452537,-0.01246816599388742,-0.003757761879123529,-0.011652069129540048,-0.004403882899752255,-0.010212494066459788,-0.005964353391900444,500
20,unemp_rate,-0.5581927968127274,0.07112311306816324,0.07452009079542878,-0.7095501316367638,-0.4137902991021276,-0.6790745955967024,-0.44062900562857116,-0.6238624833328856,-0.47819561726272575,500
21,intercept,-1.6894842860672506e-8,0.001879118857429188,0.0016619602161218442,-0.003139956608080935,0.0036022064386861305,-0.002447457921129728,0.0030049601345088464,-0.0013750320674580274,0.0018057857363099506,500
21,shock,-0.0039900350109813324,0.0033522935468405096,0.0033854578137268426,-0.010403848479591284,0.003420464420960813,-0.009510885241755983,0.0014910417773880986,-0.007520647315131494,-0.0007520297569927345,500
21,shock_x_occ2,-0.0004610329268010742,0.005124914904659198,0.004882099731653849,-0.009540837418836177,0.008890893906146186,-0.008650528391704692,0.007135622004963176,-0.005253891854974401,0.004196584808021805,500
21,shock_x_occ3,-0.0057180759689743725,0.005424300789647494,0.005104373659183913,-0.015740661581062514,0.00400134933096109,-0.01389805262540019,0.0027259136950269097,-0.010646933247365228,-0.00035355330508488416,500
21,shock_x_occ4,-0.008451694799501315,0.006611255494291267,0.006868364676878772,-0.023137125121662223,0.004535367895515936,-0.020639392977426278,0.0021349863074150463,-0.01634990527201,-0.002173037715945533,500
21,shock_x_occ5,-0.0015745099985926031,0.005175166224683768,0.0048961129264280985,-0.010489453985379874,0.008039993276638421,-0.009323568637225464,0.006806967552620973,-0.006101784931899265,0.0034615119981097515,500
21,shock_x_occ6,0.0009604987942617225,0.005470643901583264,0.00531657828295422,-0.009109559760921197,0.010791430876028792,-0.008151961547794438,0.008747194473431237,-0.004616151493273941,0.006067083958632317,500
21,shock_x_occ7,0.002916931339542956,0.005777634613275467,0.005923041007597656,-0.00829070511460078,0.015551203299556865,-0.006160611561210385,0.01272074701369817,-0.0029519808224928988,0.008424134926714772,500
21,shock_x_occ8,-0.009816747664424488,0.005037824416251608,0.00503527104424476,-0.02107753787206606,-0.00046501989218365486,-0.018179794862761788,-0.002078536580796437,-0.014614683276818322,-0.00506155454037114,500
21,shock_x_occ9,0.004473411786466702,0.004526362348354353,0.004434823690183038,-0.0036321423185646123,0.012701904570072545,-0.002809931388560138,0.011744398166159296,0.0004918957689868305,0.008953341304905053,500
21,shock_lag1,-0.003129505327874701,0.0020353967801590178,0.0021325765987804273,-0.0074896568643892675,0.0010075750882195145,-0.006605013482090698,0.00017014198308481249,-0.005103595484269486,-0.0008449818149094395,500
21,shock_lag2,-0.00020483491652739219,0.0020689968507867245,0.0021583010990010826,-0.004275356681457473,0.00425435792425973,-0.003611749415715886,0.003344697939981671,-0.0022509527941837314,0.0019042387129671124,500
21,shock_lag3,0.004415061042855918,0.0019521267547490176,0.0020415957536322987,0.0005857018537057759,0.00854137219041902,0.001164307562859321,0.007637768555440134,0.002295450869703652,0.006368772895396183,500
21,shock_lag4,0.0004673657121098353,0.0018947197577810708,0.0019720656044822094,-0.0033557046678978986,0.0038657499635679944,-0.0029756435551251677,0.0035797734287740628,-0.0016100101497861091,0.0024380217880484783,500
21,shock_lag5,0.000753516233124416,0.0016776730213003248,0.001856062025860339,-0.003237676204298757,0.004124383592707425,-0.0025306027863039753,0.0037152000644454447,-0.0011736295116933928,0.002361132082719807,500
21,shock_lag6,-0.0012645634316207563,0.0019506460142308581,0.0021617866350527146,-0.0054145754509711645,0.0030186669360293796,-0.004900252593848545,0.0021825749568507254,-0.003441414793275094,0.0008755474389408362,500
21,shock_lag7,0.0009773714075119815,0.0018165575039360516,0.0019343298705398213,-0.003246750117602636,0.00422996245461767,-0.0025055661104305452,0.0038989297000497757,-0.0010719399137217758,0.0026882369834080504,500
21,shock_lag8,0.0008044997858735106,0.0017372287916075828,0.001986966970903002,-0.002922822251892115,0.004441242176293818,-0.002297072214920266,0.004076167403794043,-0.0011474822283872642,0.0028764188665354137,500
21,shock_lag9,6.193641483642834e-5,0.0019269122287012006,0.002024491649378288,-0.003940793944357628,0.0035933020165274734,-0.0034697830548385644,0.0031684972379336335,-0.0020876450538670492,0.0020453225337353853,500
21,shock_lag10,0.0008945259758434701,0.0017954804483303174,0.0017791574251625364,-0.0030442809902711206,0.004150835069370678,-0.0022607057777845395,0.003608377085039955,-0.0008927407074557868,0.0025488439906204523,500
21,shock_lag11,-0.0005874946645911986,0.0017332070945716086,0.001969621821946851,-0.005075370824821363,0.002861716367422185,-0.004026921653584314,0.0022938119428978633,-0.0026963647874599307,0.0011640619174438241,500
21,shock_lag12,-0.0011880108225760402,0.0015129255056946231,0.0016394521887142354,-0.004323905589768332,0.0020069008529194476,-0.003942856092507605,0.0013728705625044085,-0.0030385506771120835,0.0002644423500612666,500
21,log_oil_lag1,-0.011582043080776082,0.004442112369252959,0.004204252186276966,-0.01888841795046798,-0.0026800121754604602,-0.018199726642595056,-0.003635972760781114,-0.015225395553251737,-0.006792657720959059,500
21,ffr_lag1,0.0008080264973454943,0.0012021070710974437,0.0010756635278474504,-0.001075320609038799,0.003187343865714903,-0.0007660730769086883,0.0026436689097263525,-0.00013874783766977682,0.0018716822633906703,500
21,log_rwage,-0.21637090496532416,0.04190697843025753,0.03921317078407207,-0.2832838298264001,-0.12833232956632595,-0.2702120887637894,-0.14386095579847336,-0.2491719782259111,-0.17072695993481765,500
21,age_mean,0.008470317928471298,0.0015421268948816584,0.0015413990654892587,0.005128185642452892,0.011001219385516865,0.005512381599739788,0.010588034306080723,0.006443020395638146,0.009655909557659272,500
21,female_share,-0.04226797782849179,0.045847431548102,0.04111523383768584,-0.11013707620654803,0.04727850750673225,-0.10230294209400959,0.0321566629662111,-0.07953957203775443,0.0031659504496434772,500
21,married_share,-0.11206713152705644,0.06048367007647457,0.05680260167667895,-0.22317871256421673,-0.0015136341656045806,-0.20308384949555783,-0.019158066625471534,-0.16734130079525053,-0.054639187742833974,500
21,hours_mean,-0.005470318015300308,0.002406633441669164,0.002255138840551468,-0.00972011970712567,-0.0012553580851068617,-0.00929209821329169,-0.0019655955818866358,-0.00781255417714816,-0.0030994361872755,500
21,unemp_rate,-0.5191842431261916,0.07278979269453506,0.08010995484838974,-0.6473203993387413,-0.3510671579750311,-0.6357208505077734,-0.36406618097745047,-0.5883794195175864,-0.4246861095950585,500
22,intercept,-2.7658740198469375e-8,0.001950243353995704,0.001752367784599211,-0.0028069796084113584,0.0037972783501210895,-0.00257497048642195,0.003404421671345989,-0.0014466166936602876,0.0021025420949419282,500
22,shock,-0.004619261253721459,0.003551512966919931,0.003679910704582759,-0.01199311896579136,0.002175722612590049,-0.010859283391052552,0.0009686624578556946,-0.008646451860981431,-0.001245190242397973,500
22,shock_x_occ2,0.0026675669346254882,0.004414009902765438,0.0046357863863824775,-0.005985407870758944,0.01182045731930162,-0.004757769844624465,0.010922892366646309,-0.001387897999927998,0.007443161072850793,500
22,shock_x_occ3,-0.00646563835884061,0.005779328391631181,0.005302319157433612,-0.017373281232515025,0.003339668529651993,-0.015534412317031749,0.002340255090613227,-0.011910140668100519,-0.0013328740587708289,500
22,shock_x_occ4,-0.014208767204987167,0.0062139778568668326,0.005967037453382221,-0.025290080036850508,-0.0028020575148301934,-0.023357434897078675,-0.003851867730848555,-0.01977454781687258,-0.007710774310759387,500
22,shock_x_occ5,0.0010022933785593427,0.004114450189196646,0.004193487865324708,-0.0069852036753039505,0.008835015499612322,-0.00523033114195616,0.007991657021267296,-0.002841794941787401,0.005568951946101346,500
22,shock_x_occ6,0.003183664049292892,0.004305570103445707,0.004252272173346289,-0.0053229401840989635,0.01163667425944788,-0.004097370737416465,0.009895395495802107,-0.000604067182475765,0.00719540436349327,500
22,shock_x_occ7,0.0022191407779394916,0.004990314888311734,0.005720608340176696,-0.008395059465300664,0.013460774266753116,-0.007131695561127481,0.011592569150937437,-0.003241735405886513,0.007675976857531404,500
22,shock_x_occ8,-0.0019585971263136417,0.004871632313654353,0.005036061326831972,-0.01126968598109343,0.007904417874537535,-0.009225301595190893,0.006804417362093254,-0.006529185171561167,0.0037381362372010045,500
22,shock_x_occ9,0.005963566314319606,0.004177643153992775,0.004411272598299732,-0.002679629640711576,0.014534719251719896,-0.0012571644119902187,0.012946110466090828,0.0015280390373957125,0.010871094476345206,500
22,shock_lag1,-0.0020168017656605943,0.002317743750858117,0.002401439521403183,-0.006413600173974203,0.0029011865841677108,-0.005661936442497845,0.0018962731939507283,-0.00415225117919245,0.000611404425641471,500
22,shock_lag2,0.0029562695057541066,0.0021194665316096265,0.0020705319425469277,-0.0007233695789087682,0.007732784827735657,0.00011566778802859793,0.00691696802686522,0.0014060804301931225,0.005407295045732639,500
22,shock_lag3,0.002973840364307443,0.0019588076139346574,0.00218697070857782,-0.0008189439866015185,0.007794109336576197,-0.0001963387630275996,0.0068542415500229764,0.0009275626337471863,0.005311621187251756,500
22,shock_lag4,0.0002788114622237987,0.0018156015184320872,0.001936835058112273,-0.003666272003668318,0.003784800117836976,-0.0030414984990705957,0.0031760463494862282,-0.001604509802439713,0.0022604574203052624,500
22,shock_lag5,-0.0011807439360572035,0.0018032003797001453,0.001995901891523627,-0.004839698637074612,0.002942513002769642,-0.004465289025366072,0.0022855127072506044,-0.003106654975688969,0.0008607553296525371,500
22,shock_lag6,0.0012540071329901331,0.0021456588346018815,0.0021198239180956284,-0.002269508883890426,0.0062958893596054225,-0.0018136579055577423,0.005079957764797778,-0.0006070764332415446,0.0035656186028769255,500
22,shock_lag7,0.0006878610994956682,0.0018297069843095863,0.00195949558591598,-0.003045573925176794,0.004477504402975891,-0.002365774529875184,0.0038822239098756455,-0.001310446782769135,0.0025158646477725062,500
22,shock_lag8,-0.0006806738536095016,0.0018164243148460115,0.002013666013006569,-0.004581232836577959,0.003199333459115748,-0.004012617122435838,0.0026281706416841576,-0.0026723282425831917,0.0013296589698013226,500
22,shock_lag9,-0.0005841135097189044,0.0018673539822992614,0.0019399867684636656,-0.004120691132966527,0.0031944107915403462,-0.003578334251308102,0.002597417996482222,-0.0024928172303615914,0.0014078842186151222,500
22,shock_lag10,-1.9194097355168092e-5,0.0018601471006710662,0.0019050443333531026,-0.003353043457428163,0.004094087007197427,-0.0028046668385407858,0.0034599542474423183,-0.0016907435193822388,0.00198856920383128,500
22,shock_lag11,-0.0003721092261996098,0.0017528684256586703,0.0019580416929961086,-0.004109128938304944,0.003514593743105379,-0.0035388518024544206,0.0031060041344102927,-0.001986805792749168,0.0018483813149493575,500
22,shock_lag12,-0.0014268118844540205,0.0017320980518788435,0.0019946443213582255,-0.005430553515924741,0.0024700394237189872,-0.005079286673352054,0.0018209020913734187,-0.003392643536579431,0.00033581688170156664,500
22,log_oil_lag1,-0.011589954444198466,0.004773354116560295,0.004342668238183409,-0.01908475524747988,-0.0022083416315867603,-0.017886168359495153,-0.003816299855926626,-0.015358356996001405,-0.007114012834295283,500
22,ffr_lag1,0.0010475505366774032,0.0012133587279011132,0.001098802016745952,-0.0007840452372222622,0.0034321501461812,-0.0005388832704138044,0.00307654922031751,5.501967535595509e-5,0.0021925851373681723,500
22,log_rwage,-0.22106934053338442,0.04149031951006385,0.03726578832932732,-0.2762711902879529,-0.13227290458761715,-0.2683257161896934,-0.14808208137183415,-0.24646776285342134,-0.17213570351399984,500
22,age_mean,0.00847713532788227,0.0016323523242485886,0.001529918723128309,0.005001394593917012,0.010751229223260692,0.005437251653987977,0.010491404645741702,0.006548724005441449,0.009680120922916735,500
22,female_share,-0.009470164666286142,0.04549120303938404,0.04149801035855705,-0.08401025032113535,0.07639192374572487,-0.07246528313354239,0.06249558492898466,-0.0483668123527379,0.033967791556293314,500
22,married_share,-0.13976985038569503,0.06116263866775072,0.05827236188602312,-0.254357714873929,-0.03375257115075102,-0.23897183535405228,-0.04886665681396276,-0.20235507920387394,-0.08431456152152603,500
22,hours_mean,-0.0030149809036265477,0.0023790279421845068,0.0023533651105753324,-0.0077763075734842676,0.0018007107206882893,-0.006918897028130042,0.0007227236924344232,-0.005285764316414816,-0.0008259624644656404,500
22,unemp_rate,-0.45661699914665516,0.06952988679475873,0.077299396197356,-0.5977331869383853,-0.29633549021683125,-0.5665116318216552,-0.3169972561383587,-0.5167327746213923,-0.3654563545784567,500
23,intercept,-2.7643255355552747e-8,0.002023154814301774,0.001758267491535997,-0.0029938130539844633,0.0038847728574766625,-0.002534749919861852,0.0033279096723300627,-0.0014791233150112744,0.0020180941707602694,500
23,shock,-0.0001095644115178608,0.003448488427677672,0.0033587319771496114,-0.006383343087925947,0.00576261543442477,-0.005565369230571305,0.0050458984436407926,-0.00354458297524359,0.003138523992157792,500
23,shock_x_occ2,-0.000775175986716018,0.0039917914339017745,0.004183305991886273,-0.008862586113492978,0.0069477918642117005,-0.007425640671264114,0.006033949525297033,-0.005140601261087608,0.00343532759559172,500
23,shock_x_occ3,-0.005477537413711661,0.005943064923331847,0.005704787639263922,-0.016576012880575742,0.00553670216496409,-0.015203889665068505,0.0038343287782343686,-0.011251050368484066,-4.8912542280010666e-5,500
23,shock_x_occ4,-0.012066663150008351,0.005585973324374196,0.00609415623930853,-0.022752245340999552,0.0005616811153150623,-0.021679400894377514,-0.0022245873399110642,-0.018001488003233302,-0.005484210336471012,500
23,shock_x_occ5,-0.001497483335614127,0.003886632976914397,0.0038363485378972552,-0.008953783424295023,0.005947894355541234,-0.008110047194440275,0.004556900926400152,-0.005743566941121403,0.0019657281787540306,500
23,shock_x_occ6,-0.00037453483149585545,0.004159972828853745,0.004221354599598517,-0.009275317777340707,0.00794385751422325,-0.007252629329531247,0.005960932276461814,-0.004907765681629399,0.0036029004468237486,500
23,shock_x_occ7,-0.007855905327241511,0.005276315880729102,0.005329233990774491,-0.01754915979438028,0.0010232252908540633,-0.016331126885936416,0.00011712898522623669,-0.013338704545725055,-0.0024510825951290565,500
23,shock_x_occ8,-0.011771961288479389,0.0048460332379434215,0.004657889137593452,-0.020329522902575017,-0.0027207678601767265,-0.019180476215921435,-0.003675234457811709,-0.01599057205884211,-0.006766699240043472,500
23,shock_x_occ9,0.00138258994657805,0.0041645530007610445,0.00429925797432272,-0.006948449244480468,0.009792064479895304,-0.005808885150832038,0.008582722851861412,-0.0032662561330503983,0.005702196172601288,500
23,shock_lag1,0.0009323931682221937,0.002267341424516129,0.0024349708324340725,-0.003469921484195926,0.005680053655764995,-0.0030145311769916323,0.0051633274237494215,-0.0012482270661363488,0.003661174722717329,500
23,shock_lag2,0.0014301730534538668,0.0022451418578175227,0.002335427734607903,-0.0031874605284177475,0.006075069816802038,-0.0023457089284792424,0.005455837648079463,-0.0006952116266404048,0.003863321609846223,500
23,shock_lag3,0.0027528269346720406,0.0018410254934201474,0.0018677642609441277,-0.0006666309348493519,0.006373561610438691,-0.0001566129984123317,0.005755087873633252,0.0009086350772898968,0.004539624387496075,500
23,shock_lag4,-0.0018142824716147138,0.0018297088391311842,0.0018732858434402464,-0.005385804163537388,0.0015253921488455236,-0.004956646887803875,0.001128037942876603,-0.0037886978731687367,3.523806498600394e-5,500
23,shock_lag5,0.0012012097728060895,0.0019492497349804761,0.001993839175195481,-0.0025785475953616598,0.00542403089418283,-0.00195918726984748,0.0045529398241178015,-0.0006710648273991911,0.0031681192074362857,500
23,shock_lag6,0.0008126140254810725,0.002184026215072573,0.0024137563374238857,-0.0036777598429469267,0.005523814407675857,-0.002955072984015821,0.004736468764289558,-0.0016185602057869294,0.003346472191418829,500
23,shock_lag7,-0.0009860343822413085,0.0019205935057724553,0.002048307734553382,-0.004768575269295785,0.002816338722403713,-0.004190268384771639,0.002393282258464702,-0.003086408474328063,0.0012136059962046745,500
23,shock_lag8,-0.0014908160293805371,0.0016849362230501388,0.0018347861602430082,-0.005131662859453996,0.001969941539655598,-0.004442777149344572,0.0014372277354226528,-0.0033017141132081268,0.00025133429441925707,500
23,shock_lag9,-0.0016670691918493892,0.0020824959672704796,0.002114703997008084,-0.006157304782374581,0.0021260145532296,-0.005448956401295662,0.0014177315251322586,-0.003962028473029001,0.00024656469036875934,500
23,shock_lag10,7.23862019004923e-5,0.0018508794122693184,0.002031781972202716,-0.003960811414236559,0.003691987298973635,-0.0032930924964986864,0.003208548785540426,-0.0019409027785147503,0.0021698092381987723,500
23,shock_lag11,-0.0007258918494766181,0.0017319947435182205,0.0019004911378506227,-0.004170017824539086,0.003166893511088958,-0.003648881266708513,0.002576764552514897,-0.002385206011126051,0.001234025151395754,500
23,shock_lag12,-0.0026256835642422217,0.001992428245403547,0.0021346784443647482,-0.00679644040593716,0.001844225056902852,-0.006188111828156504,0.0010948574573395136,-0.004762665294695163,-0.0008642011363047118,500
23,log_oil_lag1,-0.010586422066759693,0.005174403543849027,0.00497570854187596,-0.019827029920899814,0.000152298617029568,-0.018108683076553462,-0.0017033172335566874,-0.014701204247455475,-0.005016011976485817,500
23,ffr_lag1,0.0009980369255148756,0.001222570761589895,0.0011359305328225572,-0.0006542370234250891,0.0035586310916784743,-0.0005293212882857817,0.0033216310295891907,8.40305810086425e-5,0.002321725170776099,500
23,log_rwage,-0.2308866970245268,0.04122566908921054,0.03401461908986419,-0.28285728215552397,-0.15175265220407574,-0.27390278571858967,-0.16163065476212876,-0.2526918863189218,-0.1830780524469026,500
23,age_mean,0.0076170812339108685,0.0016641282756910763,0.0016788151683251003,0.0039660302978618105,0.010445906655757675,0.004589129007968478,0.010128000984902711,0.005790895811384937,0.009084608697138861,500
23,female_share,-0.03377978803230857,0.047480878662304424,0.04335230023335072,-0.12270135397576853,0.0512809570794425,-0.10598665453472722,0.03974771664105654,-0.07561131984905384,0.010340949001966821,500
23,married_share,-0.1475473617439548,0.06724045845672695,0.06602441730003564,-0.270728273200717,-0.014562904639967266,-0.25664426879160596,-0.03416210392943977,-0.21318702488783947,-0.08375498324136513,500
23,hours_mean,-0.0034183855461857628,0.002128071679952868,0.002066411783037184,-0.007043301056127386,0.0007776326422279495,-0.006584598983024115,0.00018157714398484376,-0.0054731618735643,-0.0013825957043229276,500
23,unemp_rate,-0.4274209225897818,0.06620806633057673,0.06638481522453053,-0.5308424838579747,-0.27943019923770446,-0.5138808860866633,-0.3040659609772957,-0.47575328128589395,-0.3358197732239519,500
24,intercept,-3.1486041291699074e-8,0.0021165948592176236,0.001836638574730279,-0.0031200551751844174,0.0038259319407115033,-0.0023482098434605423,0.003379969418237738,-0.0014596782973792036,0.002259784533732313,500
24,shock,-0.0009249645622026772,0.003757733320272401,0.0036144891185595847,-0.007864591226470326,0.0057506242365831265,-0.006669281643805468,0.004730251015638107,-0.004525889835028559,0.0026351008330464513,500
24,shock_x_occ2,0.00030465111030561747,0.004847407050449904,0.004849615277389299,-0.008868893104180136,0.009417749530825152,-0.0075855661273345,0.0077862109666594435,-0.004547438191588506,0.005087531040347325,500
24,shock_x_occ3,-0.0005654461830182559,0.0057072672811697926,0.00537981613684658,-0.011834738950798398,0.009690257091432574,-0.009209714182224073,0.0075063894509402864,-0.006136822767358767,0.004221941537240183,500
24,shock_x_occ4,-0.003487699368426718,0.006240192588010275,0.006261580901350823,-0.016481168521187733,0.007534295288692377,-0.01476145115374808,0.005958720946318325,-0.010188050084510736,0.002538070140859983,500
24,shock_x_occ5,0.004739196908703667,0.0037606694774681058,0.003861852418438132,-0.0035432027832474487,0.012122753448111506,-0.0014887278958932032,0.011308891028544805,0.0009948077384736697,0.008489671786939944,500
24,shock_x_occ6,0.0016404762974145946,0.005190201713727708,0.005018000977946803,-0.0073853887771480435,0.0113943323381555,-0.006401680191070762,0.009546897858105117,-0.0033036170692719935,0.006686489075180044,500
24,shock_x_occ7,-0.0034291906675185113,0.006950409418571733,0.0067379654407713286,-0.015476491419400305,0.00986915077596095,-0.01432076084098724,0.008134723846088996,-0.0101485138026823,0.003314955843687172,500
24,shock_x_occ8,-0.008152793882854819,0.005089825272213381,0.004986096937193366,-0.017645257057942662,0.0018491035131407091,-0.016202773495157842,0.00038105398243689313,-0.012838952916988921,-0.0033274288379523216,500
24,shock_x_occ9,0.004027081788932258,0.003891622762092108,0.003824366673150688,-0.004117167597324413,0.011562467775571506,-0.002849682743164816,0.01011071776895745,7.083051254668852e-5,0.007564539043425156,500
24,shock_lag1,-0.0003057768053855464,0.0025090447112882082,0.002562928338981478,-0.004642076613078857,0.0052807357696373295,-0.004059805297180196,0.004311629582512695,-0.0026144291157889432,0.002629476646452906,500
24,shock_lag2,0.0014392182024268465,0.0019961770754231205,0.002035318192548271,-0.0023787666766219577,0.005629240117635239,-0.0018103728123806892,0.004877076985262471,-0.0004479789300816053,0.0036344894169815243,500
24,shock_lag3,0.0008986088415079627,0.001996088571433265,0.0020240078563027765,-0.003179284883990269,0.004629648682867186,-0.002678500765972108,0.003996597564213654,-0.0012447658010184951,0.0027827798371621907,500
24,shock_lag4,0.0007565163245323288,0.0020110460261784924,0.0019819996108853153,-0.002814470633511624,0.004565658340533444,-0.0023653562512277486,0.004214358729341606,-0.0011989384675994829,0.0027601232471013114,500
24,shock_lag5,0.0009831624063146181,0.002141714950587913,0.0022937681839191337,-0.0029369962990914104,0.0056460031860225985,-0.002429770532328858,0.00513660878558621,-0.001231698560057774,0.0033786314271440766,500
24,shock_lag6,-0.0008072518070348689,0.0022109503123856327,0.0022926565457144204,-0.005435158867277667,0.0039331880163341335,-0.004547078920514289,0.0028543885423422074,-0.0028120352265428293,0.0015651468140173447,500
24,shock_lag7,-0.0014985038949905005,0.0019244549753099625,0.0019693037543091043,-0.005278861686501956,0.0025547773185384,-0.004551658005748554,0.0019189851518502648,-0.003363777663913978,0.00040184237124535295,500
24,shock_lag8,-0.0023539644259871614,0.0019175454692968057,0.0020664850507166404,-0.006468827751386857,0.0014235091718187804,-0.005817354981433776,0.0009453793935962037,-0.004261880234789525,-0.0004026095313441744,500
24,shock_lag9,-0.0011989401311565209,0.002019844562607877,0.0022540082335524877,-0.005776257080285432,0.002895188716176119,-0.004917317930577033,0.002301022333904634,-0.0035053379389927,0.0010196215430104503,500
24,shock_lag10,-7.101662568528303e-5,0.0018430353363559021,0.0020088213529570707,-0.0040065788934293915,0.003692288335023811,-0.0031851397032394008,0.0031556250480382656,-0.002024115861642518,0.0018239235358368609,500
24,shock_lag11,-0.0017339907027261125,0.00211495141519599,0.0022973788915759364,-0.006984789321410594,0.002582188883245671,-0.005530989797057519,0.001670974138661798,-0.004050326835822142,0.0003432999465092789,500
24,shock_lag12,-0.0010592547519852006,0.002055508557567263,0.0022162179575480586,-0.005903219146599872,0.0029811661859253423,-0.005076211711933777,0.002065284382230465,-0.0033689896905678557,0.0007627039693599752,500
24,log_oil_lag1,-0.010968504597534295,0.005224946058065027,0.005039079202839057,-0.020320958499171544,-0.00029891748367010874,-0.019148595945403198,-0.002662748589431046,-0.016067364610911385,-0.006386627503003043,500
24,ffr_lag1,0.0011590227312872113,0.001284438437826176,0.001211652744548478,-0.0009381994058024151,0.003791887341879268,-0.0007264547805559757,0.0032845676958889415,0.00010549647892473113,0.002366844245857404,500
24,log_rwage,-0.23518303544184502,0.04303452302700266,0.03714084486892052,-0.29361298994759044,-0.14995990485490857,-0.28244264859282026,-0.16412528664402248,-0.2605381554828242,-0.1899073500296698,500
24,age_mean,0.007503790930547283,0.0016440376782683693,0.0015718359608776914,0.0042602488937750465,0.010385538203647363,0.004736040551655357,0.009875628065383035,0.005805853464705662,0.008952122034831617,500
24,female_share,-0.041722858455707175,0.04733978133340825,0.043628163870371134,-0.12241500545423897,0.05215767059773166,-0.10516615579906514,0.039747052262824906,-0.07807510465347353,0.006016217900604498,500
24,married_share,-0.18846176742233794,0.06053096532363461,0.05709801659353815,-0.31076919928230895,-0.08553999346933774,-0.2839820008390872,-0.09613851032756335,-0.2438359009108866,-0.13325009418431585,500
24,hours_mean,-0.0016283077575281056,0.0023562615207702907,0.002326604422367919,-0.006284021023629973,0.0028284390501900286,-0.005367589844628731,0.0020447441727963287,-0.003905646705663896,0.00041486708159458685,500
24,unemp_rate,-0.3803332559525995,0.07150333904021283,0.07890445754638105,-0.5094386629102635,-0.19954607412811912,-0.4865626090846452,-0.2205147607536382,-0.42591075213315593,-0.2793001187614621,500
25,intercept,-3.203431959712519e-8,0.0021576157019610157,0.0017897019884111868,-0.0029765384162415854,0.003869381791669642,-0.002419331492237603,0.0033693129890586073,-0.001468262084783504,0.002150482730507867,500
25,shock,0.0033713742744352205,0.0036554441208902252,0.003516752824794252,-0.0031020283343450635,0.010255174580533386,-0.002142539219998015,0.009254661374810087,-8.992280885657692e-5,0.007095061791042221,500
25,shock_x_occ2,-0.00046085410557272045,0.004696990587782355,0.004808039078299521,-0.01036008044803114,0.008970574043556556,-0.008215208838474422,0.007466247887196385,-0.005132918377653645,0.004170372244335214,500
25,shock_x_occ3,-0.010679405571092907,0.005511418452620714,0.005231115640290286,-0.020810429826624455,0.00024446872226975173,-0.019735732972694573,-0.0021633991330780897,-0.016094281696169596,-0.0060414529545550575,500
25,shock_x_occ4,-0.011046245875895118,0.005494248282167584,0.005632004711155563,-0.023457561743879585,-0.001607548117913808,-0.022069495789133853,-0.0030165777455102485,-0.016526148463612906,-0.005838442653987719,500
25,shock_x_occ5,-0.002274956638698047,0.0038881422687312216,0.004198490832212716,-0.010270351504088154,0.006411184849904417,-0.009460156630734086,0.004788132195631656,-0.00654673921775928,0.0014861454435973294,500
25,shock_x_occ6,-0.004584138162537017,0.005060234398728565,0.005234430306377078,-0.014965779411833888,0.004348319299532931,-0.013572235578649587,0.002991113222120882,-0.010380666467763233,0.00021523577226671304,500
25,shock_x_occ7,-0.014595177939799414,0.006252305332300462,0.006388514221620772,-0.02625036083771491,-0.0016745070819476787,-0.024114292279111625,-0.004120848418464051,-0.020604705128473566,-0.008244417023284442,500
25,shock_x_occ8,-0.011995221380329931,0.005070867084209448,0.005226761341117172,-0.023143440318603697,-0.0030477932353959866,-0.020933988302690658,-0.004319774251108354,-0.017798477105498305,-0.007054545372565857,500
25,shock_x_occ9,9.515355383428227e-5,0.004346570167313644,0.0042115187491122445,-0.009012057661848467,0.008234945311126382,-0.006883338520103396,0.007035235203167165,-0.003946978839866442,0.003965400706090452,500
25,shock_lag1,-0.0007030061511202119,0.002404861640915,0.002366224664391983,-0.004914873201629527,0.004352978808473705,-0.004277170821747284,0.003757453120331137,-0.0028301491395079158,0.0016553668909234096,500
25,shock_lag2,-0.0008961936812454535,0.001986255487728824,0.002019648732704577,-0.004729376391379435,0.0031659579057884226,-0.0040577840219399725,0.0022846170800483946,-0.002763107190894814,0.0011458951302071086,500
25,shock_lag3,0.003372433998085239,0.0020549356249244515,0.002139617940779691,-0.0010382257565725978,0.007138239976228723,-0.00042984240518004354,0.006791514058306006,0.0010836545525206816,0.005406246425550589,500
25,shock_lag4,0.00021447017469825678,0.0020901089827848056,0.002188843035707663,-0.004082982319425764,0.004230094157780837,-0.0035995774913201825,0.0035545043650214506,-0.0019331431080642954,0.0022351571582833645,500
25,shock_lag5,-0.0008328483958362965,0.0022001235454533388,0.0022740313485263156,-0.005549207520886142,0.0032588780295853765,-0.004639437876214183,0.0026234999154439048,-0.0031571465428851834,0.0011693200163063933,500
25,shock_lag6,-0.0014653186150459714,0.00209060459908646,0.0021374091992090996,-0.005643347223280275,0.002702471624764868,-0.004787315729359718,0.0020802040905299976,-0.0036215902481614042,0.0006494662956378781,500
25,shock_lag7,-0.002822765394596062,0.0019237482173404558,0.0020627120347147887,-0.007291258001327949,0.0008503936947605634,-0.006237677812538827,0.000413293117247917,-0.004924418353779034,-0.0009414328007611268,500
25,shock_lag8,-0.00208155912272159,0.0018862016665323585,0.00211454340509927,-0.00641572637708529,0.001820189764310066,-0.005830849335144562,0.0008852772817980563,-0.004351440038706634,-2.2194393349757037e-5,500
25,shock_lag9,-0.0017571499955497164,0.002026926880707035,0.0021278900130257726,-0.005913994006648283,0.002641591195893309,-0.005440109288150069,0.0016892888197028103,-0.003970055647591213,0.00020737137544517322,500
25,shock_lag10,-0.0011408786062451041,0.002174564336248721,0.002209573950113619,-0.0051186949004168175,0.003437251595823503,-0.00467999338169803,0.0026692163529581916,-0.003304560122812026,0.000869674364916161,500
25,shock_lag11,-0.00012128547002098683,0.0021120942345556797,0.002164293659038448,-0.004335047689196396,0.004023270834954628,-0.003684232896381722,0.0032672043925968354,-0.0022808381576908954,0.0022038889737090376,500
25,shock_lag12,-0.005459073358427143,0.002478110240315501,0.002510250649236775,-0.010930191729481908,-0.0013656364047822795,-0.010309212295471461,-0.00182691826145048,-0.008158960697640239,-0.003434141892115878,500
25,log_oil_lag1,-0.010616743383865434,0.005239148691941435,0.004903303718551238,-0.01916699849063406,0.0003191465673558947,-0.017852824182975232,-0.0017446006700492843,-0.014962925016194764,-0.005402093504705194,500
25,ffr_lag1,0.0006867290628841673,0.0013170162309890877,0.0012485038862336106,-0.0013399488410938175,0.003464494178562283,-0.001050992130382637,0.003095405674207872,-0.00031838667712467185,0.0020481696691174445,500
25,log_rwage,-0.2518084772121951,0.04233238276693161,0.036500661798888286,-0.3081908423253952,-0.16926788868344422,-0.30115619832008045,-0.18350783110647026,-0.28077735849286384,-0.20565124701630255,500
25,age_mean,0.007149368984647957,0.0015942621558086732,0.001607101513470284,0.0037361731271975027,0.010010993852293534,0.004319189365784145,0.009603577417666424,0.005467596483928255,0.008530864149823469,500
25,female_share,-0.04069009670323489,0.05134218124593131,0.04428259879185201,-0.11907910506571215,0.05711103082624594,-0.10440456285805742,0.03622682983518867,-0.07920406210167913,0.0037095970246989116,500
25,married_share,-0.1783540501827018,0.060279280426116084,0.056972703849697,-0.2889391000072342,-0.05901948889103406,-0.2697963161771476,-0.08030980330131825,-0.2259093219694089,-0.11845787448402631,500
25,hours_mean,-0.00252208630600527,0.002234351589997658,0.0021093581804005586,-0.006948981717943038,0.0012554265334611759,-0.006283702210508476,0.0005055376196366017,-0.004930664682081503,-0.0006965385894938996,500
25,unemp_rate,-0.4109168651603741,0.06653526786511942,0.07193149688872155,-0.5341503370548998,-0.26097088862789725,-0.511347311833003,-0.2761789835053642,-0.46355154866516124,-0.32312108982635335,500
26,intercept,-2.5052738608685518e-8,0.002208936622093531,0.001985363943272955,-0.003692522428383165,0.003829674240403009,-0.0028528660519943224,0.0032431594193266335,-0.0018530210119400655,0.0021167578457669226,500
26,shock,-0.0025843139188140877,0.0034376851533787357,0.0033516598266284934,-0.009796882383945828,0.003251360026269817,-0.008611915284651165,0.0025534479695165277,-0.006008035042514865,0.0005359056774284605,500
26,shock_x_occ2,0.008265901624751222,0.004832505894735766,0.004758793424750663,-0.0004700629851834265,0.01780379575348581,0.0009328893032001187,0.01662165657928433,0.0034097884890238943,0.012987038935977399,500
26,shock_x_occ3,-3.8552926718872775e-5,0.004830010632511417,0.004591882992483157,-0.007544233599543064,0.009808655218832915,-0.006687351354469536,0.007972671676771455,-0.0040794769952019775,0.005388644593331598,500
26,shock_x_occ4,-0.006590244672673221,0.006191738233464117,0.006322057845047264,-0.020334881414236637,0.0054249685994359805,-0.016532282470261395,0.003688359997810023,-0.012635061265243882,-0.0005698474967510649,500
26,shock_x_occ5,-3.422975619527151e-5,0.003944297238042754,0.004084087631019632,-0.007081220470687993,0.009264797624622283,-0.0056881053341263765,0.007457993879464948,-0.0037898487478469777,0.004215266917165573,500
26,shock_x_occ6,0.003727479649368532,0.00467924434237366,0.004856246788283483,-0.0060965365861492685,0.013522708858585156,-0.004538379078479149,0.01139535678986401,-0.0011758491567829855,0.008242087732966794,500
26,shock_x_occ7,0.0003276044916289642,0.006330810668368709,0.006817010391049326,-0.012748721828730984,0.014199264904994055,-0.010446937764129829,0.01223303610696161,-0.006070666863197169,0.007293004130152162,500
26,shock_x_occ8,-0.010647178764280542,0.0050883056348962445,0.004915835157146806,-0.01998028423755196,-0.00040019358151433194,-0.01865956050831643,-0.002082168733576762,-0.01575357430838776,-0.005624450034871931,500
26,shock_x_occ9,0.0008646164332439318,0.0048794910218652714,0.004603907653881566,-0.007550537537803492,0.009666884935112556,-0.00648946066472088,0.008407468594033974,-0.003943796856023355,0.005177483496175424,500
26,shock_lag1,-0.0027673434649206213,0.0022051106954772315,0.002334895470891748,-0.007212064359164098,0.001716938245590327,-0.00654790823472067,0.001042589851183915,-0.005093972401751477,-0.00046568998861506674,500
26,shock_lag2,0.0016951063376817502,0.0021049180213502106,0.0020664098381374114,-0.0024714375130038616,0.005601056915202995,-0.001721885890917838,0.004977702335806796,-0.00032458895208605843,0.0036847326700241083,500
26,shock_lag3,0.003125544723422304,0.0019535582236647133,0.00213825143190653,-0.0008747897928916824,0.007625408970850324,3.035154511041937e-5,0.006920915672757274,0.0011011993042470383,0.005547125764721639,500
26,shock_lag4,-0.0012003814997945282,0.002179457155965923,0.0023131826700082303,-0.0058140413550234905,0.00313493257788285,-0.004990608835513426,0.0024849565070373704,-0.0035046202700631983,0.0009560191371890666,500
26,shock_lag5,-0.0011272469472188406,0.0020286651954909652,0.0022710745527749145,-0.005648771243165436,0.0030781882045487438,-0.004886023995737068,0.0023397308617170735,-0.0035255194993658407,0.0010409695311374557,500
26,shock_lag6,-0.002522399811812948,0.002187600262556972,0.0023718307126050046,-0.007519998611137831,0.0017735942321868222,-0.006472965994440542,0.0012557858699391428,-0.004917612940826,-0.00035571133010305436,500
26,shock_lag7,-0.002292054584439857,0.0019489775970385635,0.0020023688169251066,-0.006279727614680245,0.0013275212899525424,-0.005695416302898948,0.0007906171216163114,-0.004488135602597591,-0.0004906794838929526,500
26,shock_lag8,-0.0023471195387694036,0.0019581944845682843,0.0022238990625066913,-0.007028801327808837,0.0015966592512309502,-0.006167205727126181,0.0011479483618901784,-0.004628915507312775,-0.00020920502680123163,500
26,shock_lag9,-0.0025925402101366676,0.0023201773421642467,0.0024192533360210505,-0.008043732269158239,0.0019114244599675349,-0.006928554344606688,0.0009998529248683938,-0.005278042849777039,-0.0006112391367252793,500
26,shock_lag10,0.0005085047783319973,0.0021447350990825716,0.0022973992622157464,-0.00442673868539911,0.004403281034214725,-0.0037050299693801134,0.0037731059174259175,-0.0018759372737968795,0.0026326598328082363,500
26,shock_lag11,-0.004210447195805048,0.002679103088431414,0.0028921764487799804,-0.010648633764530475,0.0008002170183407751,-0.009398549185881788,8.967266053684341e-5,-0.007211502094130925,-0.0014641512332017712,500
26,shock_lag12,-0.002820717501853049,0.0023491950494350816,0.0026309476482034564,-0.00844553676549401,0.0015831340406319175,-0.007370478457983561,0.001175593205730004,-0.005717287339060319,-0.0005734210111938334,500
26,log_oil_lag1,-0.011412323152894836,0.0050957384678718305,0.004784361014732351,-0.018814616448919873,-0.0009941503149319627,-0.017613167715998898,-0.0021016805484172325,-0.014974013881740477,-0.006182426320803236,500
26,ffr_lag1,0.0005233975723210161,0.0013400650667173375,0.0013704554966444034,-0.0015699607845737133,0.003818853693090903,-0.0012900330119255043,0.0031345563119483176,-0.0005633799314075832,0.0020844977706261565,500
26,log_rwage,-0.2675963010691671,0.04522589169701491,0.038615062665934875,-0.3258417967844137,-0.17812393639672713,-0.3185207396042956,-0.19194996518220483,-0.29404939251746437,-0.21577042881231234,500
26,age_mean,0.006901459823633206,0.001544189527545595,0.0015473097159962315,0.003656444788193415,0.009873837670773489,0.004127583852528216,0.00912388470151654,0.005194664586448932,0.008170054569403945,500
26,female_share,-0.08788127621094514,0.04939237844302452,0.04293058052835615,-0.1616163513425015,4.982908591550628e-5,-0.14662581934025554,-0.012952417354518202,-0.12381727989099475,-0.03933884361896321,500
26,married_share,-0.18550519706404375,0.057348555162323955,0.05619623644446512,-0.2874322465665271,-0.0759806624586116,-0.2763826535018665,-0.09251846688441065,-0.23966108132926117,-0.12119895377092045,500
26,hours_mean,-0.0059087660885273905,0.002489521711805851,0.0023956177038641623,-0.010717543222456383,-0.0010559076755612472,-0.010055738508144629,-0.0020896909498867773,-0.008344884389373164,-0.0036995518101927607,500
26,unemp_rate,-0.44337358216666567,0.07597017299843967,0.07658267028773706,-0.5683414916843923,-0.2880915554448903,-0.5500440445697824,-0.3036940556038157,-0.4971551061320782,-0.3458245712673259,500
27,intercept,-3.391044013366952e-8,0.0022226977550641467,0.0019803856366598887,-0.003481705054140951,0.004269097682859241,-0.003037402721782807,0.003618546243405246,-0.001565821220991677,0.002248172156163012,500
27,shock,-0.004184899689722073,0.0035272900748021794,0.0032332175557630554,-0.010446645818233782,0.0015080638433347458,-0.00961594851486105,0.000623919047109361,-0.007604295711975547,-0.0010355745386508436,500
27,shock_x_occ2,0.00355789879328876,0.005183345425436955,0.005082103653459685,-0.006263645639155524,0.01353600021246655,-0.004638388477643081,0.012223924157976494,-0.001334302691860846,0.008617249670219906,500
27,shock_x_occ3,-0.008391353470237539,0.0061656529584488045,0.005945788786045033,-0.02110822198507263,0.0030846513209137434,-0.018640511354181623,0.0011802764882544933,-0.014305742518588483,-0.003092412573985737,500
27,shock_x_occ4,-0.0059841431745192766,0.005709240536365319,0.005789685635791135,-0.01772382907877233,0.005896437470778986,-0.015620269681643813,0.0034061914756002656,-0.011617747669902959,-0.0009811562944618641,500
27,shock_x_occ5,0.0019856604778821906,0.004937375220374524,0.004834983622026481,-0.007129733856578699,0.012088481741091364,-0.005031133095883365,0.00970653686698048,-0.0031108044144263413,0.0070164984108649995,500
27,shock_x_occ6,0.0022614677017362517,0.00493704428726177,0.0050490589583318925,-0.00807592926656894,0.010727949491177682,-0.006950747428976412,0.00950499294611853,-0.003516449155845522,0.006756065762252561,500
27,shock_x_occ7,0.0010926717375939912,0.006143193338905318,0.005896607453819858,-0.010816514176405393,0.012472692449609007,-0.008923332144146201,0.010304552773066487,-0.004967882752118725,0.006355024721483214,500
27,shock_x_occ8,-0.008785533100834906,0.00523323374873879,0.004990967718236615,-0.01860321068283921,0.0007785781173366047,-0.0174161667543306,-0.0008403074793847583,-0.013810187510297502,-0.003691422084719294,500
27,shock_x_occ9,0.007317513196093059,0.004663545256809535,0.004735894780724347,-0.002851529802168035,0.01704788025754906,-0.0002706469631594717,0.015283720499318445,0.002951717376002851,0.012254681217911224,500
27,shock_lag1,1.3080399895325148e-5,0.002333563815194478,0.002328019747004312,-0.004104463838255406,0.00490700117747481,-0.003545450092447259,0.0038280696030065157,-0.0020061476324159545,0.0024849220943002908,500
27,shock_lag2,0.0015400777791992435,0.002325346399275347,0.0022754438457780433,-0.0026099284603550046,0.006241368528964099,-0.0019726862368534943,0.005473861767132344,-0.0004360593840085716,0.003941417418372093,500
27,shock_lag3,0.0019917592304578183,0.0020678549176232023,0.0022861341981436256,-0.002545181133169887,0.006596155227500683,-0.0017789371528050127,0.0056164251007658605,-0.0003208288288031703,0.004201866105065592,500
27,shock_lag4,-0.0013000901598430618,0.0020207129211400154,0.002102051617304857,-0.005422012646915475,0.0026106032997271645,-0.004973616417502931,0.0020332288050329086,-0.0033739422528041426,0.0006830699716039524,500
27,shock_lag5,-0.001938441623012138,0.0020240688230359315,0.0021941003266980085,-0.00680440795327367,0.002022000838608498,-0.005764781372213357,0.0011692092167962748,-0.004377266243502178,-5.257518444261058e-6,500
27,shock_lag6,-0.0016442942652427105,0.002158209432714625,0.0022550030622374554,-0.005897176250103182,0.002457634583024187,-0.0053389588556504615,0.002125967135617412,-0.0038545129657316427,0.0007783215388028582,500
27,shock_lag7,-0.002279741440771532,0.0019206519426053733,0.0020719345071483776,-0.00636817328386183,0.0016397335680029333,-0.005774319291631953,0.0011564760697304998,-0.004426164562036411,-0.0003667084231437097,500
27,shock_lag8,-0.0030182832224341007,0.002166561280874133,0.0025598295127695577,-0.008234773413570706,0.001857563392522335,-0.007229660900620582,0.0011870439643474832,-0.005654073533559504,-0.0003609274010902294,500
27,shock_lag9,-0.0009973879585430721,0.002234114433549986,0.002385192328188735,-0.005958894553803426,0.003702454036616432,-0.0047482648280839975,0.0027542402570342617,-0.0032913165992378528,0.0013393079769804506,500
27,shock_lag10,-0.003302338946175178,0.002627933924679532,0.0026917510269939588,-0.008844237999453594,0.0020772968616237517,-0.008092228937166449,0.0009182906193488336,-0.006005751326179798,-0.0008434119443520154,500
27,shock_lag11,-0.0012619285781307124,0.0025459796147048594,0.0025301124791916657,-0.006417301310567026,0.00334538209420495,-0.005589211792183057,0.0027614142939822285,-0.0037066076280341488,0.0011845646866248448,500
27,shock_lag12,-0.003173911756725322,0.002223129242370673,0.0023298933806586426,-0.007851267665307363,0.0012193080803164775,-0.006985127846478643,0.0004133561757692685,-0.005631116493438142,-0.0010421706787600892,500
27,log_oil_lag1,-0.013739239696584143,0.005144472689362067,0.004896497718971097,-0.022187184262482108,-0.0028749859545393252,-0.020856508469473393,-0.004939199207356739,-0.01771243440985454,-0.008796898169848183,500
27,ffr_lag1,0.0004875172521390491,0.0013900788988554806,0.0012582827039911346,-0.001851413451953717,0.003095577637283193,-0.0013974566526316812,0.0026270042875565906,-0.0007788027435073947,0.0017130577075891021,500
27,log_rwage,-0.2945669638593839,0.04583475770400245,0.041374061695509834,-0.365136254438569,-0.20626468212225063,-0.3554581898663916,-0.21879889372544545,-0.32895200515772893,-0.24605993343076982,500
27,age_mean,0.00814746363383757,0.0017215844537953452,0.001784716110587638,0.004211650260519648,0.0116187694576859,0.0048519662835875025,0.010749916100086446,0.006153184667235701,0.009740764186092807,500
27,female_share,-0.08602200830474128,0.05000165653000643,0.04562703742516406,-0.16135831463395917,0.018809254190202004,-0.15205505870491445,0.005456917215480865,-0.12324091300331352,-0.03455931834935518,500
27,married_share,-0.20755136570016205,0.06478170857162109,0.05799785462604711,-0.3189716709813545,-0.09467342198076112,-0.3019183556147169,-0.1121258164157119,-0.2615461364338715,-0.14362223029482613,500
27,hours_mean,-0.00701418039132607,0.00250927139029774,0.0023918721064163755,-0.011902647876439102,-0.0026610217608097975,-0.01101507226333247,-0.0031738781596957794,-0.009213217643905449,-0.004549694345283154,500
27,unemp_rate,-0.479865928247718,0.08825397688407242,0.093162730475438,-0.6634596019642642,-0.30527917966172985,-0.6306589487833794,-0.3262879083847623,-0.5701566041547996,-0.3802735535018625,500
28,intercept,-3.879075881493756e-8,0.00223757651377151,0.002095846034442188,-0.003856526698844547,0.004536672920628605,-0.0032192464271708103,0.003931982488554833,-0.0015703105026214136,0.002553100101402122,500
28,shock,-0.0006359091292238077,0.0033278090255375497,0.003310803482450983,-0.006704158199794362,0.005857436277516121,-0.006127981232102197,0.00513968475744706,-0.0039755297017676555,0.002589821370685163,500
28,shock_x_occ2,0.00044930855918673407,0.004504075950097312,0.004873638855830491,-0.009444655675147198,0.010055181978578312,-0.007190863845614188,0.0082639082718413,-0.004119396518311439,0.005428775647804938,500
28,shock_x_occ3,-0.00371298488448077,0.005546844776661776,0.00573907927045113,-0.015479904964495583,0.006725279538244918,-0.013081528373947226,0.005637063655042286,-0.009958371235590756,0.0016810081097056238,500
28,shock_x_occ4,-0.004741214323465443,0.006177184830468865,0.0067914710129326995,-0.019607163757943774,0.006895861718005196,-0.017420833994307373,0.005101880534579919,-0.012193016669538582,0.0013272887685831227,500
28,shock_x_occ5,0.0016948218567468126,0.004592651954848889,0.004429756549391203,-0.006430320118855252,0.010076452724800858,-0.005389459253281765,0.009068314724681902,-0.002809723314079421,0.006185600551236672,500
28,shock_x_occ6,0.007443329088603606,0.005332665515373767,0.005445249250082735,-0.004130075573968363,0.016727379257636833,-0.0025204181345706324,0.01519120841063939,0.0013043337481272832,0.012527848415209196,500
28,shock_x_occ7,-0.004023108711627067,0.006673315076320203,0.006602112683123385,-0.01769574944825289,0.009287572968567614,-0.014430947800256588,0.006821031221537592,-0.010242191548830066,0.002667981374559019,500
28,shock_x_occ8,-0.016281867747926053,0.004182224323298038,0.004233080252659991,-0.025059404392274914,-0.008997599177815077,-0.023100685913893006,-0.009927922733356883,-0.02038219990515402,-0.012300309626823117,500
28,shock_x_occ9,0.0034278697476245153,0.0044403647409137,0.004336894070438215,-0.005099723010731166,0.0118144977384195,-0.0036858253572910546,0.010597535487586242,-0.000851643349796157,0.007699271272230482,500
28,shock_lag1,-0.0001552310412094195,0.0026331672698238816,0.002639633637667734,-0.005525939215390654,0.004904461239504445,-0.0046439335833996075,0.003900565502225367,-0.0026656825621354766,0.0024102976015793693,500
28,shock_lag2,0.00022397189595435343,0.00231421415119086,0.002261971123212712,-0.004162406695216357,0.004483595516547931,-0.0036293870545974407,0.003947887010555302,-0.002057429337472183,0.0026335005799314522,500
28,shock_lag3,0.0018499137461548396,0.0020377859245052296,0.0021707765468320065,-0.002128628468893923,0.006314832615359032,-0.0013746735376089642,0.005603382586338099,-0.00033061613854474457,0.003980046784079465,500
28,shock_lag4,-0.0019692599952601223,0.0019835714347386465,0.002058688211965966,-0.006011835451660843,0.0020558350742225315,-0.005319242628510294,0.0013986191471506127,-0.003994333827678834,4.35364769926627e-5,500
28,shock_lag5,-0.001002694022622163,0.001960830688454143,0.0021652270420744685,-0.0052317126708438,0.0029601645978620823,-0.004779774992241492,0.0024978244796030305,-0.003312245653854451,0.0011830012683491985,500
28,shock_lag6,-0.0016627350226697639,0.002168069730262507,0.002378893947054182,-0.00635170490616031,0.0027623231832703396,-0.005699920500605848,0.0021075560889397874,-0.003893395126434933,0.0009197948729770984,500
28,shock_lag7,-0.002785734197091608,0.0021949886851206184,0.0022072163010949113,-0.007146023373608193,0.001266083542186339,-0.006431022513877334,0.0008665682358981655,-0.00490123662437822,-0.0006652878119313269,500
28,shock_lag8,-0.0013403268502305667,0.00211051584166832,0.002439067384597086,-0.006760726016556182,0.003135019290574607,-0.00582907194000881,0.0024976694524618728,-0.003825941662495182,0.0009559740056957875,500
28,shock_lag9,-0.004711360998095911,0.002714480144530301,0.0028359779417732617,-0.01105417712068902,0.0002950540218306258,-0.009736715460875853,-0.00042853537090545366,-0.007825700490670495,-0.0022985309071831155,500
28,shock_lag10,-0.0004947996755883439,0.0025040351112564706,0.0025253743656901036,-0.005865933452568545,0.0036825891498429774,-0.005003172368870804,0.0031919630662848664,-0.0031303773452903126,0.0019237123418239304,500
28,shock_lag11,-0.0015282209943104923,0.0023673596821933156,0.0024072776324613483,-0.006809787081160933,0.0026255944954672187,-0.006052272111241419,0.002062699640588087,-0.004023023348115412,0.0008244419833167576,500
28,shock_lag12,-0.00017105084108896967,0.0021501511847128755,0.0022423980618428868,-0.00466076612363717,0.0038345657794772057,-0.0037423608116894476,0.003465416272117992,-0.0024341508688455224,0.0022316750670820706,500
28,log_oil_lag1,-0.015779817718071496,0.0050153015322580005,0.0046441538141872565,-0.023984652364083557,-0.0061020899975464775,-0.022403804800716208,-0.007605446900322135,-0.019211314420704197,-0.010281616201754613,500
28,ffr_lag1,0.0002623050794136148,0.0014270386370328918,0.001245189393124114,-0.0021193968394120155,0.0025884301404077185,-0.001808032242476537,0.0023746180512619806,-0.0008839122799326183,0.0015983801947076727,500
28,log_rwage,-0.31802472140005245,0.04533671714771382,0.039692106240047174,-0.38996411194152303,-0.23260683506050528,-0.3741676483877845,-0.24722836762900555,-0.3513287822644289,-0.2719573735167046,500
28,age_mean,0.00976774343637801,0.0016562997953444704,0.001645375626265069,0.0064084140469464965,0.012610113910063855,0.0067904247320262675,0.012235404601935562,0.00784786811942396,0.011142685731102043,500
28,female_share,-0.11972842665943062,0.05157550415366721,0.04730727650993112,-0.2103779265004847,-0.027154178499593805,-0.19311009672091597,-0.037497195810364724,-0.16421334681758984,-0.07095005259521624,500
28,married_share,-0.16551731094909816,0.057843653636831645,0.05139803222094105,-0.261521882912554,-0.06184591346345927,-0.24049943578516342,-0.07349172907390736,-0.21347933927492374,-0.1112093598133796,500
28,hours_mean,-0.00885555087070613,0.0027734782434496604,0.0026085615522522558,-0.013726906942482252,-0.003611185552222851,-0.013143431023640902,-0.004498391783603441,-0.011149666327811836,-0.0060336881545926075,500
28,unemp_rate,-0.5570535185743566,0.09298990991647613,0.0941040842664034,-0.7314714131208826,-0.37502850211622757,-0.709578341080882,-0.39048328292087725,-0.6439080355286424,-0.45835575221584846,500
29,intercept,-2.8158107859729744e-8,0.0022212907643295917,0.0018882996131009732,-0.00354520489231504,0.00388694708362778,-0.00293662071458539,0.0033134509128882775,-0.0016480797816027064,0.0019871931391340554,500
29,shock,0.0019871951526451684,0.00333931470423684,0.0035837905931219464,-0.004936193741482332,0.00916861080015033,-0.0042542353697152605,0.00744117599026992,-0.001752494467093509,0.005475268235197029,500
29,shock_x_occ2,0.00015048690196493367,0.004547016362425872,0.0050099865011971655,-0.01007583176771903,0.009252154765974057,-0.008246133666111264,0.008313040501798584,-0.0049884605186059335,0.005182049231872275,500
29,shock_x_occ3,-0.008953005602942758,0.005774197612921482,0.006352935465389644,-0.022121512690179885,0.0034519690828188065,-0.018786492866249952,0.0010774578247640318,-0.014941725294605732,-0.002683703930031641,500
29,shock_x_occ4,-0.012132883228341045,0.005657884012072197,0.006291587943361201,-0.024959173866041982,0.0008596495597052503,-0.022978040699264884,-0.002153470155477268,-0.01866169253659233,-0.006165551965021806,500
29,shock_x_occ5,0.0003452392020014199,0.003515620579802461,0.004205678805196957,-0.008319748637884952,0.008769910309089454,-0.005902254859198151,0.007443690980410721,-0.0036427668546025636,0.004718206423865751,500
29,shock_x_occ6,0.00196742043653642,0.004765914117007774,0.0051992277886697275,-0.007966764355125912,0.011391278554990942,-0.006819200555857222,0.009805950546241591,-0.0036414054497449526,0.006865671062401026,500
29,shock_x_occ7,-0.011487838461225629,0.005758602879591549,0.006166739800197058,-0.023455367103151107,0.0005786659128407734,-0.022019595284215345,-0.001752491707856147,-0.01748194602078703,-0.005466253270664425,500
29,shock_x_occ8,-0.012421989051837138,0.004959864615027745,0.005466869631668711,-0.022956989357999676,-0.001683702339234956,-0.021487022505362836,-0.003225990827223607,-0.017634477485591077,-0.007640179424600765,500
29,shock_x_occ9,0.00042565127851054696,0.004410903636859349,0.004458879551719943,-0.008756465727171594,0.009101465998062394,-0.007274817153399328,0.007639716767844499,-0.0039344070510472055,0.004344111933364735,500
29,shock_lag1,-0.0017032215441557918,0.002661600227138907,0.002650020715471496,-0.006567337781063299,0.0032190957332537506,-0.006285881368187708,0.0028028397448986333,-0.004569934691461945,0.0009687999462316382,500
29,shock_lag2,-0.0005462878624570489,0.0021685652923033225,0.0021450120293735305,-0.00422966082603847,0.0037508073373895908,-0.0037434994590652346,0.003117825509317477,-0.0025472412020376275,0.0016549834731372968,500
29,shock_lag3,0.0006643892469750828,0.0021353978140816964,0.002356607396363616,-0.0038966270957016135,0.00562585204410283,-0.003198856452876452,0.004587997540116112,-0.0017675947902902492,0.002934121301872437,500
29,shock_lag4,-0.0015125682646290447,0.0019026049940037357,0.002013477212312471,-0.005724844641419542,0.0025039664795757028,-0.004884897695804904,0.001569248184963695,-0.0034661097566316495,0.00042615761859587546,500
29,shock_lag5,-0.0013553556848206756,0.0020175589619859,0.00224994388161146,-0.006007359013981629,0.0027818109284006706,-0.0054076685057583606,0.002017480005339351,-0.003640914056123155,0.0008719164463724525,500
29,shock_lag6,-0.002220250196192275,0.0023362631754126825,0.00246373109716757,-0.0067698836893438485,0.0023778541909016777,-0.006169611330808774,0.0019422171120060518,-0.0047951532862282225,0.0003592726763413507,500
29,shock_lag7,-0.0008236388711171324,0.0022499465382104073,0.002332227205844328,-0.006084683336667323,0.003579647175881375,-0.005071353269796961,0.0027070411050622483,-0.003138377648492018,0.0014018259421456711,500
29,shock_lag8,-0.005500092767748658,0.002556670776744076,0.002700959864775721,-0.011391278502590387,-0.0009037285697234951,-0.010280771296003272,-0.0015528051176605707,-0.008323440671590415,-0.0027336252441961073,500
29,shock_lag9,-0.00229765428511882,0.002621650065528732,0.0026152977680160313,-0.008017511757237892,0.0023289739497337524,-0.007181284781687487,0.0017998980217255355,-0.005066292622800236,0.00019285766706645394,500
29,shock_lag10,-0.0006160461540033501,0.002302577063882674,0.00232239998877186,-0.0052706089590750125,0.0035881069986334916,-0.004532003142502943,0.0027547563068164413,-0.0030616332466005232,0.0015760326662307693,500
29,shock_lag11,0.0014487773134924423,0.002285056129399543,0.002369797695666438,-0.0030840591662960673,0.006085828067904894,-0.0021607797998237,0.005188178925271086,-0.0007959480652038498,0.0039052149086701952,500
29,shock_lag12,-0.000953000004654299,0.0023906106331237115,0.0024739537290914466,-0.0056299369333477145,0.003888900462245699,-0.005038822470817559,0.002878574103643612,-0.0035815411502981647,0.0015104049398751574,500
29,log_oil_lag1,-0.015640553435738135,0.00502348745541612,0.004948244340666071,-0.023472012834252043,-0.004267981993191935,-0.022203531068901335,-0.005841166944625038,-0.019626383758755767,-0.009779198935138412,500
29,ffr_lag1,-0.0002225645962210016,0.0014015912394559895,0.0013095441880054811,-0.0024930927572993722,0.002611979168957259,-0.002074714152284164,0.002037135373339403,-0.001385314935610533,0.001179961717035822,500
29,log_rwage,-0.33250372863348626,0.046216618727641386,0.040115593207273606,-0.40276476328066213,-0.24511464963359028,-0.38461245467150307,-0.2527986184140443,-0.3612419826775368,-0.28302864197456507,500
29,age_mean,0.008681414131035998,0.0017319439228727347,0.0016233324937138598,0.005161084504550146,0.011291278972579399,0.005683736258439455,0.010749434531512544,0.006611108182741193,0.00978287610244409,500
29,female_share,-0.08359432202959295,0.05004166299524551,0.04633398132053762,-0.16902019358468245,0.013899681354171328,-0.1553603913469393,-0.001373495440283817,-0.11969422303176351,-0.029468897203792352,500
29,married_share,-0.19364833915223892,0.06194502207576041,0.06039343831956023,-0.30611580578753744,-0.07417510027411464,-0.29229044919931224,-0.09767850739563462,-0.250854670156756,-0.1299385840513697,500
29,hours_mean,-0.009598824362732373,0.0028940352583456974,0.002786380689593121,-0.014814960639387066,-0.004096146510726722,-0.01394743291007709,-0.004737098026931214,-0.012525009952680556,-0.006764398478091101,500
29,unemp_rate,-0.5868685866694917,0.08913145865754779,0.09275860476074405,-0.7606223057063343,-0.4085493596739684,-0.7386973859185406,-0.4242620195506315,-0.6666673273295622,-0.48931308849431004,500
30,intercept,-5.3992851104495544e-8,0.0021953382148818257,0.001984498383075738,-0.0035699570779169007,0.004441718122132831,-0.0029356159334715357,0.0036758597988478647,-0.0017305915591277015,0.0021656306404595,500
30,shock,-0.0024379005171796886,0.002961192005246048,0.0032891828668640774,-0.009493987631319391,0.0036395725378420936,-0.00783328400436924,0.0028668075787788142,-0.0057850735938997895,0.0007601190251489806,500
30,shock_x_occ2,-1.3736939157551207e-5,0.004173753450049086,0.004460618466958095,-0.008862920026356191,0.007840087316296424,-0.007657173180176416,0.006899891798278126,-0.004520665100675837,0.004481477808313913,500
30,shock_x_occ3,-0.004346464821290141,0.004969445243041769,0.005137774980956498,-0.014416919320708559,0.005776462478629029,-0.012959170182795202,0.004559930969945677,-0.009619807074432222,0.000988144732872639,500
30,shock_x_occ4,-0.010961027599925692,0.006670013498343308,0.0070279188919182695,-0.025432352129027863,0.0010196285912283678,-0.022956149330582234,-7.981296030507447e-5,-0.018465339952093034,-0.003719721997845248,500
30,shock_x_occ5,-0.0010980665781031192,0.0035237683506251644,0.00376001596855814,-0.008499117036418298,0.0055771423623424314,-0.007368536185809658,0.00481246465990124,-0.005247677287618208,0.0022323507702240674,500
30,shock_x_occ6,0.002908513535242644,0.004676712407291384,0.00526982234420086,-0.00774096694856898,0.011825303209020277,-0.006284256100157552,0.011153891413774987,-0.0026792234453011845,0.007829712176993303,500
30,shock_x_occ7,0.0006706019586012147,0.005707465102277614,0.005992835199296876,-0.010807184343718686,0.012274639604591958,-0.009748478107919992,0.01027348984440387,-0.005300344715580751,0.006309597936840984,500
30,shock_x_occ8,-0.00450236733445367,0.004611568751912859,0.004705382143263269,-0.014465578309354524,0.004466708996192039,-0.013105960179394147,0.002526724588756267,-0.00935603233218878,-0.00014000091522279045,500
30,shock_x_occ9,0.0017562798707783272,0.004535441355187491,0.004870836301547359,-0.007353111624473444,0.011744553441269909,-0.005914057395315249,0.009416309233908017,-0.00341526859730261,0.006330319810819672,500
30,shock_lag1,-0.002407351451503621,0.0022987350348737624,0.002352483493011588,-0.00709971157636098,0.0017382446944452482,-0.006266972521855593,0.0012454450862844902,-0.004824489675107804,-2.920469875858426e-5,500
30,shock_lag2,-0.0016641346746026763,0.0022289687664381066,0.0022418572264850736,-0.006106331180226033,0.002913134312014197,-0.005358804565708628,0.0021283105747536848,-0.0037831523281540457,0.000672732217528023,500
30,shock_lag3,0.0012545289126983145,0.0020850419718845864,0.0022126185785631652,-0.0033070332668653957,0.00549986902747812,-0.002508724243939288,0.004987210756001113,-0.0010086114904024215,0.003226088567925849,500
30,shock_lag4,-0.0017290131043320924,0.0020112387619752215,0.0021844638932828806,-0.006028181187959175,0.0023058109314490413,-0.005162758144039908,0.0018965865328117203,-0.003983143202953935,0.00048134804480066246,500
30,shock_lag5,-0.0018714401766096104,0.0021182831957393513,0.0021505034172669647,-0.006248638530632164,0.002338753884512444,-0.005021594398394092,0.0016775886008366624,-0.003869318374035065,0.0002478160487985026,500
30,shock_lag6,-0.00042453178243939606,0.0023815856657164315,0.0025255727223463336,-0.005274046824322977,0.004484821227644516,-0.004477915452756711,0.0037335241585466214,-0.0027976651783365855,0.001943338400903212,500
30,shock_lag7,-0.0049517589785889665,0.0026609441592806934,0.0025953296299646815,-0.010024896712611095,-5.547408196285067e-5,-0.009387178699154211,-0.0009223032260134752,-0.007525891379196489,-0.00232745049938338,500
30,shock_lag8,-0.003095808169749572,0.00240225299750966,0.002469838735357715,-0.007877230500068617,0.0016221003474088638,-0.007027728777431788,0.0009111038420250039,-0.005326281056329477,-0.0005451445622204299,500
30,shock_lag9,-0.0026194421524869563,0.002357266774351968,0.00239249499235373,-0.007999276278550287,0.0015813877529416663,-0.006915105953328009,0.0010421035101414466,-0.004978836459206788,-0.0003249095775538332,500
30,shock_lag10,0.0023117378059109815,0.0021705483484792307,0.0022006119911787106,-0.0016562427201844351,0.00646507829841813,-0.0012560270472461571,0.005736940789052713,-0.00012529817780737462,0.004396818411738594,500
30,shock_lag11,0.0006611037975392353,0.002439839427627733,0.002524614507331956,-0.004288986225676451,0.0055429792444381745,-0.003313740624482323,0.004598312853390964,-0.0017171132076937651,0.0033745612128867745,500
30,shock_lag12,-0.0009749383052631845,0.002132618395289161,0.00222556580182388,-0.004942147078527831,0.003538872358328845,-0.0044787140433299654,0.0029008486666203814,-0.0030955226228635085,0.0012022474387885101,500
30,log_oil_lag1,-0.01720136980294828,0.005118012228753591,0.004707029588961988,-0.024709367511180226,-0.006822867724960921,-0.0237645656147406,-0.007995201385173945,-0.021031691748185522,-0.01162603080064164,500
30,ffr_lag1,-0.0005061646949972049,0.0013753855521848627,0.0013141870742120634,-0.0030199565431170694,0.0020693906502103425,-0.0025960291129184625,0.0016723176003152036,-0.0018289408251306355,0.0008570697116227922,500
30,log_rwage,-0.3526899485887115,0.04497422742508451,0.03934456099892238,-0.41896503181916683,-0.26467558702115607,-0.4068724771602272,-0.28324388739569906,-0.3837466587281528,-0.30329434085112295,500
30,age_mean,0.01011035363850249,0.0017687959721509297,0.0017834640098783783,0.005920140376539653,0.013191142767387514,0.0067200136472669834,0.012706402578088067,0.007981088011051785,0.011333720590072666,500
30,female_share,-0.06420866298561323,0.05054460631233658,0.04623606313899634,-0.14917921249831043,0.03871854846412124,-0.13260745130279317,0.020887056250451223,-0.10701323326098802,-0.015809468229357134,500
30,married_share,-0.14878648327866104,0.055706107892084925,0.05312969536505821,-0.24543613861905345,-0.041281539625302774,-0.2286044371078703,-0.059009492913172784,-0.19707452851791585,-0.0870983983260464,500
30,hours_mean,-0.010208541847773315,0.0027884105181684255,0.0026218153125898607,-0.01540144845801879,-0.005237515932780431,-0.014621464153339987,-0.005906786222887086,-0.012838751400427076,-0.007454348230081339,500
30,unemp_rate,-0.6308485394923168,0.08712188349605286,0.09248421153099975,-0.7905833145252573,-0.44945658227869506,-0.7687302740029631,-0.4686459753437043,-0.7107238794925904,-0.52265860468716,500
31,intercept,-4.3553729024296985e-8,0.002194392426817,0.0018530707056452122,-0.003117069896340319,0.004084328627161188,-0.0025811374875035543,0.003262883312120195,-0.0012828216858494926,0.002210738572930835,500
31,shock,-0.003052326632241332,0.003090218928118801,0.0031528225665536477,-0.009727282668824493,0.002426713143444209,-0.008668895210348219,0.0015819335269665377,-0.00652045720753935,-0.00021200894359665014,500
31,shock_x_occ2,0.0028726027696765696,0.004490531926001575,0.0044704242999764185,-0.005313419852210262,0.011775448113310532,-0.0038855683817574705,0.010567734564729274,-0.0012763622450703944,0.007858031937222872,500
31,shock_x_occ3,-0.0065027942338108805,0.005869243489976421,0.006110457791930448,-0.018797912957242827,0.0054209715170806675,-0.01619709646174208,0.004174057940775853,-0.012303262633873116,-0.0006549292305000462,500
31,shock_x_occ4,-0.011610987513493945,0.006563990485168974,0.006761665125024435,-0.02490389329070715,0.0013319692378991029,-0.02292698028368044,-0.0005247947461834701,-0.018468908396781954,-0.0046069115956227915,500
31,shock_x_occ5,0.0011592442791668691,0.005101513667631114,0.004934920756720911,-0.008591802746327462,0.011975994297690364,-0.006646903073391868,0.0098200268016968,-0.003475708517714944,0.005937004321352446,500
31,shock_x_occ6,0.00171335750821678,0.0051927113965586965,0.005592838543331443,-0.008612803515821797,0.01293736132128891,-0.007307502581976615,0.01121647506506654,-0.0034004057851913217,0.00784746733858495,500
31,shock_x_occ7,-0.005816709556525641,0.006601403789037385,0.0068196479705102345,-0.0182582403859002,0.009267777152005049,-0.01641623243193498,0.006270035182179636,-0.012242567323450654,0.0009702087511650239,500
31,shock_x_occ8,-0.004725001715380062,0.004854247910347357,0.004938257579115969,-0.01396798365259162,0.005280919939131519,-0.012878215329524139,0.0038472415234658735,-0.009331507041785625,0.0006197845689412132,500
31,shock_x_occ9,0.004577877577112739,0.0045556683953792785,0.00439450080888038,-0.003373094211684347,0.012972894814684104,-0.002101135480463309,0.011899688169599318,0.0002460872787041986,0.009104013986613577,500
31,shock_lag1,-0.003495211304359569,0.002612862050271768,0.002680615631039716,-0.009271457194681643,0.0012153085328304393,-0.007999677746174586,0.0005472248105100498,-0.0059845223430143,-0.0007901203865714097,500
31,shock_lag2,-0.0010064777407537615,0.002238090481172831,0.00231896970485726,-0.005579202651851642,0.0033577790192969525,-0.004947133861070907,0.0027886140635524316,-0.003155434968323189,0.0012308317836491967,500
31,shock_lag3,0.0006062590799235754,0.0021559761486443095,0.002316153753432897,-0.0039733711689529765,0.004808013986024106,-0.0033558607998480264,0.004290716591484229,-0.0018515286902648044,0.0027398161753816627,500
31,shock_lag4,-0.002229389082704256,0.002085381038284964,0.0021299991698367337,-0.006804467276058648,0.0014249752566344556,-0.0061279519230776165,0.0007392779971131469,-0.0045818256718537335,-0.0005194294050793098,500
31,shock_lag5,0.00010722933823618198,0.002113968368419523,0.0022644090526376275,-0.004485383362041939,0.003936602577046346,-0.0035710031059911604,0.003364290362159474,-0.0024232717417623957,0.002145572971089732,500
31,shock_lag6,-0.0048721667405062985,0.00280320292937546,0.002821898536003256,-0.01115418750282779,-0.00029746537653660865,-0.009961644970555603,-0.0006256459939698591,-0.008181099032740835,-0.002456805767145998,500
31,shock_lag7,-0.002619221532357299,0.00253248413736069,0.0025354480260268734,-0.008031884604423101,0.00180718830034385,-0.007286245666517556,0.0010299828221310087,-0.005537558934270344,-0.0004457695421155274,500
31,shock_lag8,-0.003061164572243596,0.0020759065280098066,0.0022082282762839705,-0.007958478645897438,0.0007562883180337858,-0.007080127059771526,7.280076018180504e-5,-0.005469316750071819,-0.0009575856794728633,500
31,shock_lag9,0.000421751387982372,0.002089689030418458,0.0023520715031585633,-0.004166579229190605,0.004886770418697796,-0.003543104571429606,0.004091714009054869,-0.0020858411326504026,0.002868828115760064,500
31,shock_lag10,0.001511084334152821,0.002352844008431108,0.0025965028703436015,-0.0033663503796106274,0.0066128661669797514,-0.0028022902867302435,0.005889644793413642,-0.0009289450840743279,0.004079741427968855,500
31,shock_lag11,0.00042598085339242916,0.0022504618579299754,0.002408567067845563,-0.00463538680995833,0.004819433444299022,-0.0035608831424586125,0.004277214444551113,-0.0017697740114905373,0.0027020579056987724,500
31,shock_lag12,-0.0006881873887413256,0.0021217762890039867,0.002136750398494065,-0.0042284261391110495,0.004063484154107064,-0.003861212566576073,0.003289004700349203,-0.002700255432665642,0.0015388023123044338,500
31,log_oil_lag1,-0.01761953199225717,0.005160121996974345,0.005159111814826539,-0.02622683437543217,-0.006705196544923491,-0.02505564563016483,-0.008334530264415803,-0.021654745152577832,-0.012063327956300026,500
31,ffr_lag1,-0.0005393988819722837,0.001358926114403371,0.001296180448850616,-0.002741576322714997,0.002137753041891263,-0.0024560778157428323,0.0017733944734296095,-0.0017798798593989136,0.0008533790806688737,500
31,log_rwage,-0.34113946813904517,0.04546734980685857,0.03919764141332878,-0.4040657952252276,-0.2530149764025249,-0.3931663575760721,-0.2680179139154896,-0.3686314476525403,-0.29176845358284076,500
31,age_mean,0.00953820665486834,0.0017228611254191694,0.0016417507073113761,0.005931369239732047,0.012358391751443211,0.006426197919729924,0.011981481569031763,0.007426941820815704,0.01076214393769306,500
31,female_share,-0.08546679400488247,0.0486397754693466,0.04668004043816206,-0.17598203528030215,0.00480766135967231,-0.1569044185316995,-0.007784361962294605,-0.13059764133603063,-0.03440520316930619,500
31,married_share,-0.1761950180501912,0.055269475873379825,0.05347269991548523,-0.28557897477127603,-0.06942398593069493,-0.26621599269994345,-0.08872870620853693,-0.2266808425029408,-0.12081360274654915,500
31,hours_mean,-0.009646002462894168,0.0029068815585229293,0.00260142695789218,-0.014704655913311142,-0.0043838415757707985,-0.01367313698351811,-0.0050921119329129854,-0.012138508234952107,-0.007071011208633701,500
31,unemp_rate,-0.6141499337875955,0.07723892640028895,0.08150159258550577,-0.7623257949154052,-0.4556467725988834,-0.7290542274663634,-0.46837853377882055,-0.6828513669253748,-0.5184802882634818,500
32,intercept,-4.98102683422014e-8,0.002202494757036141,0.0018982010025092011,-0.00351526220270457,0.003930209099320763,-0.002845637505494523,0.003535047096824938,-0.0015835593836619748,0.002039556930059485,500
32,shock,0.00121618265785212,0.0032123004429945434,0.0033866877240674212,-0.005823274054538973,0.0074105725567259265,-0.004371381191359088,0.006754599220157873,-0.002139828499658181,0.004612190870784207,500
32,shock_x_occ2,-0.006483762483936968,0.00486391970717257,0.0046931122483665,-0.016319071703229465,0.0018508729124520717,-0.014381338978353609,0.0006434543045566284,-0.011288205138464588,-0.0020116413181012955,500
32,shock_x_occ3,-0.009694476311057517,0.005479104999187935,0.005671406394306582,-0.021606133225161646,0.0012341992463030518,-0.019704153067730903,-0.0007087354726772726,-0.0153283071497527,-0.00437660326550151,500
32,shock_x_occ4,-0.016887278062807057,0.006695671188676207,0.006707015025654455,-0.030651546901927965,-0.00440953911353748,-0.02876170903674427,-0.006485256778834079,-0.02424298966926079,-0.010697761666852493,500
32,shock_x_occ5,-0.00537298445731472,0.0054406197276802735,0.005136427489551531,-0.014868376944579834,0.004673754150376475,-0.013507366699864631,0.0030836752380073804,-0.010687262867458988,-0.0002483139693567848,500
32,shock_x_occ6,-0.006298195467346564,0.0048924304710265,0.004611458404222544,-0.01634289164324071,0.0021451964815479155,-0.014315170507389948,0.0012383761019936794,-0.010998133499726835,-0.0023079407875984184,500
32,shock_x_occ7,-0.0025494753130389717,0.005672608370480622,0.005711238178012072,-0.013957307091061855,0.007942582102817262,-0.011429379463173597,0.00670216908747249,-0.008419300368472778,0.0031295427696646995,500
32,shock_x_occ8,-0.016458460969764263,0.00471904597673378,0.005026464021696702,-0.02650978876464177,-0.006284769441016588,-0.02541347646051958,-0.008602238103162851,-0.021426847111536848,-0.011788967274234344,500
32,shock_x_occ9,-0.0026289316414425295,0.00438647782067147,0.004113370864145272,-0.01030739351703227,0.005847912781595788,-0.009239907803186568,0.004618555866871404,-0.006657287921165357,0.0012116999755626915,500
32,shock_lag1,-0.002971272505506564,0.0024034060730337144,0.002449821675563276,-0.007488854655207294,0.0020571821798282207,-0.006504916276307257,0.001250125968091253,-0.005091202248919974,-0.000388691337022575,500
32,shock_lag2,-0.0014086254870999248,0.0022938412764006858,0.002149264240717716,-0.00520458224528175,0.0026674422633454994,-0.004794800757545839,0.002240810574672692,-0.0036488331664316937,0.000759118989946665,500
32,shock_lag3,3.329888376332802e-5,0.0022642410106915346,0.002218351233199792,-0.004335709762948796,0.004168678781996322,-0.003693607056798414,0.0033906459225350885,-0.002520038696962076,0.0018972129328380688,500
32,shock_lag4,-0.0006476756567484358,0.002129938128547858,0.002016992417869552,-0.0052374360545209015,0.002619784271503163,-0.004284398134378172,0.0019351853169065625,-0.0030240634441906222,0.0009016347851196051,500
32,shock_lag5,-0.004324711049459059,0.002543645326476962,0.0026809752569672374,-0.010006312967459931,0.0006148215539916291,-0.008976513540148336,-0.0001757553903852297,-0.007239615540305928,-0.0019247725674645523,500
32,shock_lag6,-0.002489448990567351,0.0025951398301219362,0.0026575609072776894,-0.007844601075418909,0.002759322852186831,-0.007190104948507447,0.0015633762508079595,-0.005177139526966136,-7.354744317481106e-5,500
32,shock_lag7,-0.0028849503952111896,0.0021985843893145263,0.0023519218626575173,-0.007870820730250238,0.0010310106226442918,-0.006937399943270875,0.0005530139483256644,-0.005442872769653233,-0.0008759572764970819,500
32,shock_lag8,-0.00023208264307534665,0.00198976619156087,0.002091849008029978,-0.004498210766114945,0.003679138730252573,-0.003771152856608785,0.003032462533011066,-0.0021795352493501202,0.0019862805447987218,500
32,shock_lag9,-0.0006094338296717972,0.0023442268016938346,0.002495824523185157,-0.005595949762981534,0.0037707395487394544,-0.005005665082847074,0.0032191255449109234,-0.003344249142776312,0.0016912675670685063,500
32,shock_lag10,0.0012291240890991333,0.002118631134038563,0.0022246493914057164,-0.003277014921192986,0.005692611197827491,-0.002340562571949638,0.004917489764419418,-0.0009910974519508672,0.0033587786247408205,500
32,shock_lag11,0.00046971163905067375,0.002140311589999548,0.0023051799841944096,-0.0036411646439372452,0.005246262540508181,-0.002991128908562235,0.004505839721988825,-0.0017897134843254596,0.0027414870331649204,500
32,shock_lag12,-0.001903472710953088,0.002125099788218074,0.0023112573052297873,-0.0066641064844504775,0.0026363767095790953,-0.0056538520779342415,0.0017776270383612627,-0.004150217548843187,0.00021418324326286044,500
32,log_oil_lag1,-0.017858935846909337,0.005164035472145019,0.005054334073132924,-0.025942595647973788,-0.006047685968403604,-0.02438428330778115,-0.007928060044584418,-0.021714145354377344,-0.011527716628731362,500
32,ffr_lag1,-0.0007231314380510243,0.0014438766674695273,0.0013288226621058694,-0.003095401536045337,0.0021778346009397797,-0.00269870596830651,0.0016683198382025015,-0.0018981422808934862,0.0007826687412704161,500
32,log_rwage,-0.34585775967379745,0.04668211933668958,0.04246811165061182,-0.41389132858864247,-0.2457797159027415,-0.40417261271454646,-0.2638709175394847,-0.37459034237696637,-0.29384950465829307,500
32,age_mean,0.009420649393813348,0.0020249002462802332,0.0019173493318333564,0.005308158307787251,0.012595186705885112,0.005887521746421094,0.011920921229316659,0.007166147774177223,0.010839256556028909,500
32,female_share,-0.05484076219305808,0.0466447032577457,0.043254200274598587,-0.1317255168941401,0.03466856473815644,-0.12292257712667962,0.016121595848620378,-0.09510073467123996,-0.004967589897204748,500
32,married_share,-0.18325761998001353,0.05505876817248307,0.05434072565121092,-0.2864560516068293,-0.06943135034355119,-0.26674592285196397,-0.09001303397941403,-0.23178519800128808,-0.1233683643833506,500
32,hours_mean,-0.007214234788626105,0.0029268538892785697,0.002894915637724129,-0.013069046222086184,-0.0015653561685020038,-0.012394927157844376,-0.002455776338343666,-0.010023808731461682,-0.004297954814132278,500
32,unemp_rate,-0.5728916015689726,0.07702977550480149,0.07884003285900279,-0.7094426147771041,-0.4054898916540618,-0.6949510661105259,-0.43314469675943007,-0.6352205124402566,-0.4770383771403545,500
33,intercept,-5.209536637661374e-8,0.002227893664268041,0.0019354416740254528,-0.003713330479514487,0.004080809914107935,-0.00294708060177686,0.003454080229941713,-0.0015524578010900976,0.0021045186793204945,500
33,shock,-0.0001967540167411999,0.0032767478826766483,0.0033979055809299744,-0.006360914532463031,0.007076436192622241,-0.005267631793253446,0.005606911452154834,-0.0034114420598527397,0.00301129516882979,500
33,shock_x_occ2,-0.0015703792023382158,0.004527956844423837,0.004898824131865536,-0.010821094509102267,0.007692338219683679,-0.00920884677304652,0.0064110036655919325,-0.006572344976138857,0.0035761947241971723,500
33,shock_x_occ3,-0.01393579142640879,0.00562905181782005,0.005925432344471172,-0.026176763926449374,-0.0028610401038221666,-0.023043313745126318,-0.004685897758133216,-0.02000919781131079,-0.008649075588536287,500
33,shock_x_occ4,-0.014849049014931961,0.006389820832639211,0.006172985660555128,-0.027155766350425187,-0.0033291302625105615,-0.02513534387851512,-0.0046328751039973635,-0.020669617108701497,-0.008878431536188324,500
33,shock_x_occ5,-0.0033574369617571454,0.003910992980993773,0.004054649582844116,-0.010752921480927246,0.005216480903480335,-0.00941173481461955,0.0034204746188376037,-0.007253062842815742,0.0006270571403048297,500
33,shock_x_occ6,0.0005533992771251462,0.00542238378347053,0.005572866205149738,-0.010772619195311566,0.010386573834483158,-0.008898930077302884,0.009264829437996539,-0.005595531946201199,0.005429691078553874,500
33,shock_x_occ7,-0.0008827148227004077,0.005505255252788241,0.005935532340745778,-0.013666428790461921,0.009612417575002547,-0.010890603107280294,0.008648057875289385,-0.007061276091121961,0.004614076311873565,500
33,shock_x_occ8,-0.017100563614079693,0.00569322616001413,0.005862353177271716,-0.02883503991185448,-0.0061586642971271505,-0.026981563781406606,-0.007380886002818261,-0.023193441780798713,-0.011426300241525866,500
33,shock_x_occ9,0.0010943459336130753,0.00465925259215181,0.004555332606388262,-0.00743581007385791,0.01071587560892642,-0.00634530512479017,0.008279258385187095,-0.0035883920105059383,0.005476052031393901,500
33,shock_lag1,-0.0032722649673355086,0.002531106499703571,0.0025545001164298635,-0.00788249004411376,0.0017136745270734208,-0.007309268347592874,0.0010046694260158833,-0.005637691486593086,-0.0006926029895451383,500
33,shock_lag2,-0.0016463814328680456,0.002465473197625784,0.0024310726797697976,-0.006123682824818481,0.003215280676264854,-0.005402723627984728,0.0025121375671863936,-0.0037507672525172063,0.0007922063932503949,500
33,shock_lag3,0.0019537502911240855,0.002446710407822084,0.002386703351483621,-0.0025994394556259843,0.006297717316389135,-0.0021482302903394253,0.0055602307722296745,-0.0007265120224142253,0.004033735007401266,500
33,shock_lag4,-0.004752152265374653,0.0024722991482926423,0.002493606939944273,-0.010085234033641057,-0.00041483535778188724,-0.009178241951692284,-0.0009828990287506344,-0.007631812492658003,-0.0024724897573269837,500
33,shock_lag5,-0.0017604121422366008,0.002473141129582556,0.0025071990388651024,-0.0065337241034097,0.0028887938632351415,-0.0059958309051766105,0.0020707023444954376,-0.004695102768102213,0.0004417890641535719,500
33,shock_lag6,-0.002729724870632941,0.002467417118617549,0.0026645670558597713,-0.007609577607634588,0.0020549879836204298,-0.007174972581185847,0.0012983450130138847,-0.005817659141854972,-0.0004408374058004775,500
33,shock_lag7,2.0098260280879653e-5,0.002218209979504829,0.002229843339514576,-0.00468532639812792,0.0038155993200845425,-0.003847274581176848,0.0033520385136577738,-0.0021465446817939414,0.0021978999210636157,500
33,shock_lag8,-0.001164984998414786,0.0022296845329708432,0.0022904100422050256,-0.005649682360086642,0.00328492144943514,-0.004999197450013331,0.002812746669046173,-0.0032254172535872185,0.001259432537007931,500
33,shock_lag9,-0.0007146081097163304,0.002138721660151302,0.0023324781246958646,-0.005471364383394349,0.003550759253511562,-0.004623598158332466,0.0030411117918130335,-0.0030543646302347836,0.0015988335974695066,500
33,shock_lag10,0.0012901673948314612,0.002239228272877807,0.0023583347522121035,-0.0032507810628194687,0.005970100823892519,-0.0023442713286622027,0.005407987362553471,-0.000872335002217707,0.003778989845292186,500
33,shock_lag11,-0.0006169470414725206,0.0021779005527125827,0.002131438634332693,-0.004356465469376786,0.0036753974149165932,-0.0037146653773022027,0.0031670312557285805,-0.002326604708549888,0.0017719152079411528,500
33,shock_lag12,-0.0012239052734794647,0.0018780651576132158,0.0020615218913918143,-0.005397302023904465,0.0027732975083085906,-0.004713107492297029,0.0021671394102446722,-0.0031907128997483336,0.0007578098719571696,500
33,log_oil_lag1,-0.019932846865811406,0.00529509867890997,0.004958897766687903,-0.028568106228953775,-0.009757125241525083,-0.02770149893718274,-0.011204978950004425,-0.024714788924355968,-0.014599480964427038,500
33,ffr_lag1,-0.00024500552300729314,0.0014423064425901145,0.0013192943965713042,-0.0029839696688628947,0.002317337662991458,-0.0025318351607344397,0.001938693857895438,-0.0015074808253408832,0.0009197264099907634,500
33,log_rwage,-0.3427375217455575,0.04623908827344314,0.03710258676895625,-0.40482392611616297,-0.2597492685945516,-0.39393654711388615,-0.27040070340709776,-0.3682849245764568,-0.2968846447548857,500
33,age_mean,0.010234225489345062,0.0020863334116858266,0.0019088292191877464,0.006306360971441214,0.0135048472138787,0.006807531974328095,0.01292438638913118,0.007833199150526465,0.011854867130158493,500
33,female_share,-0.09317766372140326,0.04810204758124867,0.04337961215215494,-0.17438770861745698,-0.009856107840778155,-0.16351656686112698,-0.017891807700342433,-0.13351843581654588,-0.04784869081153129,500
33,married_share,-0.2078733845371237,0.055814176692763236,0.05041134836073843,-0.29898927045311524,-0.10591375804410043,-0.28369903726531914,-0.12042476410564565,-0.25014344161498575,-0.15090669993364159,500
33,hours_mean,-0.007082413429853987,0.0029260899631582903,0.0025683983237752674,-0.011933399720447501,-0.0020063697034610997,-0.01125929810765185,-0.002874474626895481,-0.00957892123260375,-0.004610984098792568,500
33,unemp_rate,-0.5048807765959119,0.07246519353824454,0.07293514671911257,-0.6310812435370949,-0.34642947970985083,-0.6076668603706086,-0.37102617853082054,-0.5615877788138551,-0.4179126774163754,500
34,intercept,-3.9612806963783346e-8,0.002281096240187257,0.001925097190871209,-0.0030353556660088305,0.0041517787892096335,-0.0026607790431674013,0.0035703674309163513,-0.0015378387185111485,0.0022337239304537006,500
34,shock,-0.005471593898763463,0.003582633163178248,0.0037170631201628728,-0.013679015855384304,0.0017017167441224015,-0.012017695448634857,0.00011156884349164398,-0.008809585033253287,-0.0017919429835658706,500
34,shock_x_occ2,0.003985420451467146,0.0057758499063197575,0.005574016449160524,-0.006429587150492286,0.014456051186855591,-0.004755591872514901,0.012701449006161705,-0.0020353296037091888,0.009162778238143984,500
34,shock_x_occ3,-0.0025045107668145226,0.006459869391107661,0.0060618386624986444,-0.014008703861559883,0.009412655892174552,-0.01248466057274545,0.007097695435062175,-0.008842064543907343,0.002884848279833341,500
34,shock_x_occ4,-0.014084509690591987,0.006394067415748753,0.006249904270832103,-0.0263819133120445,-0.0021274851066530676,-0.02474024501842707,-0.0035765243116197003,-0.02032456954923906,-0.00840725263739178,500
34,shock_x_occ5,0.0027907907477984256,0.005010190160617959,0.004840834443419859,-0.006496589576616606,0.011384503641482134,-0.005365705105543554,0.010576900281270082,-0.0019878572465829272,0.007742242777124521,500
34,shock_x_occ6,0.0016239307405010923,0.00529977667325121,0.004892564727548073,-0.008311136948912822,0.011432475547252914,-0.007079055052603108,0.008865953331707688,-0.003940561003666917,0.005657211821341892,500
34,shock_x_occ7,0.00036660128500129674,0.005718451448818614,0.005920913600442439,-0.01121434993773009,0.011091400160906765,-0.009793686406795522,0.009349389729605057,-0.0060364640985568615,0.00588181430602857,500
34,shock_x_occ8,-0.006078286085430053,0.00589119123509462,0.005754741536968075,-0.017323014556767435,0.005730971138292368,-0.01542643800377824,0.00396253739163382,-0.011693110277101638,-0.001040498186859655,500
34,shock_x_occ9,0.002730775158450844,0.004191805142112163,0.004217320185880316,-0.005065773790799701,0.012090551377305591,-0.003574801449304852,0.009640914869676146,-0.0010364283368294374,0.006822524545263629,500
34,shock_lag1,-0.00364499903557928,0.002808798681213206,0.002678893366248429,-0.008793792629145755,0.0016389834317917726,-0.008207475129262145,0.0007521781030654221,-0.006207416492655923,-0.0007733412240944607,500
34,shock_lag2,0.00061010534489149,0.0023823197460138487,0.002387095927685675,-0.0042072321511691015,0.004936374737477911,-0.003746023392228147,0.004118182243438315,-0.001707685237549167,0.0028523540392950252,500
34,shock_lag3,-0.0026696625846275917,0.002680375090942907,0.0026998078540418783,-0.008379952349594613,0.0018458810045446938,-0.007648183208665686,0.0008375441389184232,-0.005726091144754913,-0.0003047064124208227,500
34,shock_lag4,-0.0024991588582044732,0.002408443297476685,0.0023581834853903237,-0.007194207460757702,0.00200258488781121,-0.006546698473808414,0.00149461144509868,-0.004955011465361416,-0.00034468351250875585,500
34,shock_lag5,-0.002009681846867594,0.002256753215204712,0.002275021379827991,-0.006820969800983416,0.0021300443901742577,-0.005804144679409761,0.00166566489240469,-0.004299319551866207,7.784359041512308e-6,500
34,shock_lag6,7.201389608049154e-5,0.002348400150822909,0.002378114566047214,-0.0042889555368960984,0.004944491005426011,-0.0036061319936014605,0.004193991293793706,-0.0023390667686293476,0.002573541544667121,500
34,shock_lag7,-0.0008779443708262425,0.002450442251579098,0.002415347545195025,-0.0055106339471579415,0.0037484260179219274,-0.004946590254319932,0.003074668388886807,-0.0031885638540779734,0.0015431083530826042,500
34,shock_lag8,-0.001410184464979352,0.002076633755176381,0.0020928483686596332,-0.005326751985639444,0.0028851889438870843,-0.004606988525984309,0.001960496196198338,-0.0031377954205522823,0.0007102563791593487,500
34,shock_lag9,-0.000558837962453179,0.0021877147069146873,0.002336675198423611,-0.005007551957196019,0.0041676599174192384,-0.004327081074709688,0.003417281197349984,-0.0028698169727665963,0.0018298109123106089,500
34,shock_lag10,-4.936190477995207e-5,0.00204913481137173,0.002198683087249325,-0.003971984580720144,0.004566812099092177,-0.003483664748297477,0.0036519351842713896,-0.0019401527051465576,0.0021312296551937787,500
34,shock_lag11,-1.029562733193678e-5,0.0020661759240029305,0.002224103459932661,-0.004113085082738125,0.004646313846810652,-0.0033187418577242857,0.003990799253864724,-0.002114384363961234,0.0023395094106956563,500
34,shock_lag12,-0.0015350657524960142,0.0018557087918249545,0.002070012043676453,-0.005380590556752268,0.002638430774955471,-0.004914220494466607,0.001850717087269418,-0.003507030151870665,0.0002877110576394675,500
34,log_oil_lag1,-0.020525195919086504,0.005209194433610048,0.005035226939608815,-0.028987080407134228,-0.00905854486828181,-0.02817955657772868,-0.011474573038742861,-0.024676578351321834,-0.014697122863102204,500
34,ffr_lag1,-0.0004151780811964002,0.0014738542977478784,0.0013024962332775858,-0.002783494673137295,0.0021384162698248957,-0.0024494347392399235,0.0018852519659749692,-0.0016338551718051051,0.0009804042064162435,500
34,log_rwage,-0.34287941909824304,0.0458287126777231,0.03832291013168958,-0.4123968461757994,-0.25828047829982403,-0.4009665591088287,-0.27171348840486564,-0.37075134255260683,-0.2955173788478427,500
34,age_mean,0.009531507803878262,0.0021028938361619927,0.001843757463773964,0.005618290542033222,0.012672435397885939,0.00614534784562963,0.012270050753044456,0.007349474162393846,0.010935810402884322,500
34,female_share,-0.058982078815145125,0.04390866414088652,0.03972148475384825,-0.12804716383772408,0.02380521996389262,-0.11572077841788238,0.014074625457707143,-0.09158520950452206,-0.011599023239392957,500
34,married_share,-0.2347485781228429,0.05498206368705309,0.05091524645294455,-0.32488181624074014,-0.13191577449536462,-0.31030742279431045,-0.14817852027296555,-0.28077305249853246,-0.17466729734005482,500
34,hours_mean,-0.004691004004637955,0.0029984603609006363,0.0026477243161423946,-0.009504035150344876,0.0006113658327835505,-0.009160318388843822,-0.00026565648194941535,-0.007398232251331016,-0.0022239183742591316,500
34,unemp_rate,-0.418486793613006,0.07798111530475187,0.0697047470764667,-0.5305336003066505,-0.2683348626049534,-0.5153594553521187,-0.2845901958385072,-0.4720615109181403,-0.33004376546552,500
35,intercept,-4.812215270584619e-8,0.0023529435414382416,0.002016401875644196,-0.0036058057522353236,0.004311674996682349,-0.0029823770837174037,0.0036903780095969324,-0.0016657649057299632,0.0023373200703656373,500
35,shock,-0.0029718850512879522,0.0031195656297426525,0.0033089057422022857,-0.009278628246967274,0.0030790682824248673,-0.008735728630459657,0.0019948140217412725,-0.006632257105017823,0.00019812103400069744,500
35,shock_x_occ2,0.000755185891540917,0.004492722168257896,0.004523214943562354,-0.0069310815683963235,0.010448173545437534,-0.005949651710906771,0.008942250840728316,-0.0031782295362850444,0.005901894645020123,500
35,shock_x_occ3,-0.009585869545023096,0.005140248119348469,0.0053030736498675644,-0.019401132335844038,0.0008634816339039846,-0.018565234357526283,-0.0009756028839632102,-0.014889171905377283,-0.004140414140183158,500
35,shock_x_occ4,-0.010315138108869592,0.006153541293748838,0.006405971033868067,-0.022498783145716433,0.0027057072494487723,-0.020839112785137438,7.343695746591167e-5,-0.01696087456202717,-0.00411417526820552,500
35,shock_x_occ5,-0.0020646801594253225,0.004087222771621293,0.004105365591535428,-0.00954772902155907,0.006707821009539761,-0.00830406300051373,0.004712065668019441,-0.00578423962054597,0.0024183279962473173,500
35,shock_x_occ6,-0.0033967089352862265,0.004937963497628666,0.00505525204862202,-0.013848460005022472,0.005839084006240716,-0.011702074421972622,0.004709616320154006,-0.008639073745518379,0.0016648042960469146,500
35,shock_x_occ7,-0.007279828101123526,0.006488386129301794,0.006535866926013687,-0.020994540398532657,0.005558350616716815,-0.018754497920793402,0.003645129220447466,-0.012879802807072686,-0.0007672900750349286,500
35,shock_x_occ8,-0.0077622153176043224,0.0042603127950751616,0.004580427300114988,-0.016615909664203204,0.0012578491730224199,-0.01447311430855713,6.599187528472076e-5,-0.011421310813586615,-0.002686251620425008,500
35,shock_x_occ9,0.001150748083961928,0.004470171119488925,0.0043849668728203305,-0.006443884142617879,0.009741249631799873,-0.00579202155336678,0.008987833398418781,-0.0025878878874634683,0.006188655634043184,500
35,shock_lag1,-0.001433553304384237,0.002593971868008073,0.0027818700480467633,-0.006830888692442827,0.0035044513277927916,-0.006107064246395285,0.003021471166346235,-0.0041017824321854,0.0015591756000786893,500
35,shock_lag2,-0.003467668920126976,0.002804956943234545,0.0028962084925371417,-0.009405667438538462,0.001493620915774738,-0.008489753990360527,0.0009681240436539002,-0.006307049510976199,-0.0006838030036026833,500
35,shock_lag3,0.0002849495312129025,0.0025727214982813177,0.0025477610011429537,-0.005171560385806016,0.005229463538217013,-0.004099189619188866,0.0043425320190574185,-0.002385437901552025,0.0025434648249368845,500
35,shock_lag4,-0.002451524245667871,0.0023367861748792716,0.002430962112012518,-0.007515494413796595,0.0021467261731959904,-0.006652002314382835,0.0012716842647663943,-0.00499005239586644,2.802214622436561e-5,500
35,shock_lag5,0.001155351555378353,0.0021481403951662892,0.002330286445029374,-0.0037878423890209765,0.005417561837021717,-0.0029195862739735804,0.004671535064616487,-0.0013394230125939775,0.003321305471175723,500
35,shock_lag6,-0.0005690726617400548,0.002512675880043881,0.0027113015607159252,-0.00599432637166361,0.00444826986621282,-0.005170728992520296,0.003614809904003323,-0.003394512451091632,0.002241491919798084,500
35,shock_lag7,-0.001012985444306631,0.0023812651115872226,0.0025516108106519854,-0.006479251505913274,0.0036076074563040827,-0.005294276129667838,0.002800438145802488,-0.0036066279507362725,0.0013217630784192655,500
35,shock_lag8,-0.0010646879889980206,0.0021371223941291256,0.0023161864955170385,-0.004985502473337259,0.0038719467144627626,-0.004400014962064384,0.0030181397656763114,-0.003141933003207001,0.0015029746672405742,500
35,shock_lag9,-0.0016751682710095053,0.002229890091504731,0.0022292517874663974,-0.005779316153777948,0.0028821072886209328,-0.005037970056954898,0.0022891210042349994,-0.003455735961861369,0.0005809626044083254,500
35,shock_lag10,0.0006884038096456784,0.0019502264666717227,0.0021551761694927314,-0.0031016495744417578,0.005067488851295566,-0.002639381420482026,0.004164307399232613,-0.00124092057571909,0.0029586211760762844,500
35,shock_lag11,-3.896900633058687e-5,0.002163644034873498,0.002435909289152435,-0.004529606014777843,0.005034718232610747,-0.0037003484678201043,0.004340298318942715,-0.0022210234964663714,0.0026140359113543126,500
35,shock_lag12,-0.0013434989087501886,0.0020735180406891004,0.0023097026090827095,-0.005530342995956552,0.0031412399991483358,-0.0048764174638706815,0.0023657697285420446,-0.003644176126802627,0.0009860389416999269,500
35,log_oil_lag1,-0.02445551736666002,0.005392605072644732,0.0048259595149382495,-0.03277831333545983,-0.013804018369957347,-0.031265984279312375,-0.015337315253609244,-0.02850200543015705,-0.01887072969583885,500
35,ffr_lag1,-9.881974347628819e-5,0.001471185838531558,0.0013932056985493076,-0.002856634528330645,0.00287341300771594,-0.0023541505352603904,0.002325874098715671,-0.0014169425885349602,0.001178338003524494,500
35,log_rwage,-0.3328883711266757,0.04669195564343583,0.040086016647608566,-0.3961348421393687,-0.2368851608046614,-0.38426429560317055,-0.2568734059481308,-0.3635291288237935,-0.28479698582133894,500
35,age_mean,0.01073006395619213,0.0019823174814677063,0.0019004998777166365,0.00657795458790424,0.01372064651168118,0.007191179303969374,0.013263135240431684,0.008461520533672126,0.012221215690708722,500
35,female_share,-0.06025344158628976,0.04954912291859661,0.044735582550197425,-0.13692807807701418,0.03305985002673363,-0.1277103923603675,0.02225576580278394,-0.09462655648042503,-0.008900286005165872,500
35,married_share,-0.25897640028566515,0.06017942126983262,0.05563400306729944,-0.36662357815276664,-0.1464674154977922,-0.34635435993128283,-0.16209414407190148,-0.3078459869430683,-0.19907554447990483,500
35,hours_mean,-0.004162097600262536,0.002872852471111128,0.0025680652972197926,-0.00921143851167306,0.0005070942471424812,-0.008630989964630721,-0.00016727748789188625,-0.006939002538976783,-0.0019332494752436924,500
35,unemp_rate,-0.33793540571697345,0.08946685380377843,0.08022415332751312,-0.4681236343720719,-0.1746886197147398,-0.45214962081804877,-0.19509101574982332,-0.4066753372996219,-0.2510736157214121,500
36,intercept,-4.87125587122067e-8,0.002374841579412083,0.001998341347093559,-0.0035274450784562863,0.004158643481102978,-0.002712142812895152,0.0036140310527593457,-0.0016820065000340044,0.002447729718888259,500
36,shock,0.00010301395956437835,0.0034316119676083483,0.0036400979629077385,-0.006971811708904399,0.0068575103292371695,-0.006138517351510937,0.005604656369333261,-0.0037544353115174915,0.0033130898412192626,500
36,shock_x_occ2,-0.004984695516747805,0.00468210459724731,0.004677011651417422,-0.013908029220140979,0.004679087464138365,-0.012289679946187758,0.0024910265556862205,-0.009182109600953031,-4.4505596618871537e-5,500
36,shock_x_occ3,-0.010391495743316128,0.005243498087202526,0.00510168834383215,-0.0189089518986045,0.00013229583430489567,-0.018040290687823243,-0.0016068855119650682,-0.015073371869279779,-0.0050291571997454,500
36,shock_x_occ4,-0.011753055047109367,0.006391150967518665,0.006702653970686321,-0.024275644156037442,0.0004923997320617275,-0.022681073065854415,-0.0012891363321558859,-0.018607081031306545,-0.005224707235184087,500
36,shock_x_occ5,-0.006447189805824945,0.004195478673519886,0.004178601472584554,-0.014201641079438072,0.0029760835816004666,-0.012497050780718038,0.0010747767412597896,-0.010369968556498363,-0.0026177825306879093,500
36,shock_x_occ6,-0.00860349628609027,0.004365906068642204,0.0045222723419900334,-0.01669650037838377,-0.0001891006349740322,-0.01556107348127619,-0.001361433610051383,-0.012839832888303867,-0.0037647462861515562,500
36,shock_x_occ7,-0.0046936640099566294,0.006662710045081235,0.006909172778436239,-0.019190563653270175,0.008615222340963277,-0.01562854876489052,0.006714449402925114,-0.011239184070742779,0.0019530322860476677,500
36,shock_x_occ8,-0.012627050330715614,0.005649725736736853,0.005996219657512603,-0.022889473629712782,-0.0001105994599448908,-0.02071962843049902,-0.0016446217596063246,-0.017953033955420646,-0.005883950816959583,500
36,shock_x_occ9,-0.003502468258126043,0.00467032082037083,0.00430521659183622,-0.011487142204017874,0.00519981920971809,-0.009738553236686164,0.004027606851557097,-0.007597378619572966,0.0010777908900827414,500
36,shock_lag1,-0.004637151339157732,0.0029926864495320054,0.0030321935287883324,-0.01041937543831008,0.0007901494726251318,-0.009593196089163114,-8.064841017446235e-5,-0.0077947711011810685,-0.0017700196529505294,500
36,shock_lag2,-9.456226634991011e-5,0.0024729140833606605,0.002546290511325601,-0.005150660241491213,0.004774258054092183,-0.004101112576003695,0.003922260538376165,-0.002618323255171913,0.0024286714216348333,500
36,shock_lag3,-0.0010508281415221772,0.0024225760969123393,0.002594601135871447,-0.006464649807025723,0.0038059567141501913,-0.00568018035639545,0.003047565801898564,-0.003510165926036964,0.0014793527802257672,500
36,shock_lag4,0.0002459229032645657,0.002296273792929773,0.002330710975801341,-0.004037062845862435,0.004992903767203537,-0.003349745647409837,0.004311755104780663,-0.002050234920701819,0.002681965305189368,500
36,shock_lag5,2.7039456796485237e-5,0.0023151151946253314,0.0025184931588992077,-0.004881558788461929,0.004700505305007461,-0.004182429563816578,0.0039490739852974886,-0.002499341128215658,0.0023047024764957075,500
36,shock_lag6,-0.0005572068133654175,0.0025441196790429747,0.002701828817449289,-0.005628705180034448,0.004417378760985317,-0.004877572720619886,0.003942446403596213,-0.0031734744247085872,0.0022545426110378215,500
36,shock_lag7,-0.0010647696052378506,0.002489221530499865,0.002485515110359461,-0.005736933324356052,0.0039490865628722584,-0.005244359593262223,0.0029162538921254366,-0.0033805209482022864,0.0013221619267144576,500
36,shock_lag8,-0.0018875307276714692,0.0021625038927004527,0.0022358294367223097,-0.005582331331632779,0.003064927941741305,-0.005145234351557036,0.00191582782019733,-0.00396642276001547,0.0005698088623680212,500
36,shock_lag9,-0.0009830244984631658,0.0021650532218206774,0.0023501162320626527,-0.005364061646577368,0.003708097493401229,-0.0049029481675336275,0.002979591216345261,-0.0033250255824864446,0.0013345876620427508,500
36,shock_lag10,0.0009103625748327921,0.0020095257589217872,0.0022856830224922595,-0.0036234983056415175,0.005184174595446971,-0.0030812640460531806,0.0046700688770849996,-0.0013304972766960271,0.0030122110062173186,500
36,shock_lag11,0.0008514058455204996,0.0024054693143603714,0.0025189019725350217,-0.0039004664570830862,0.005800037281910594,-0.003262042471747446,0.004858046019848105,-0.0018608263866962003,0.003319220442089151,500
36,shock_lag12,-0.000604216900733788,0.0019368342480809541,0.002133953676694581,-0.0047028545184558904,0.0035384493360940176,-0.004281730637347315,0.002775313320098166,-0.0025983455024134235,0.0016547107983521936,500
36,log_oil_lag1,-0.024151686464813714,0.005703659887095118,0.005031570086587088,-0.03271764144778845,-0.013123313586977423,-0.031634183485819055,-0.014278441631894862,-0.02839848684575555,-0.018205434149604176,500
36,ffr_lag1,-0.0006273048510513764,0.0014694357449394559,0.0012406069063553898,-0.0028972408574774143,0.001950895825460759,-0.00261669383849156,0.0015631088694571878,-0.0018492198294881692,0.0006120517452952506,500
36,log_rwage,-0.3716708737129591,0.04667903691853475,0.03943390808583034,-0.4305526035851237,-0.27872915148347965,-0.41871142480720863,-0.2895801221451972,-0.3969169468363948,-0.3174419876690036,500
36,age_mean,0.010457892053734633,0.0022535078381026794,0.0019952586473305366,0.006263107138300193,0.01414910717767584,0.006808980942114184,0.013204387138325457,0.007987263437274674,0.011890225112378729,500
36,female_share,-0.10212330099330255,0.04734584097700731,0.04136069383222296,-0.17188525312463876,-0.018593226068904473,-0.15855276257916429,-0.02752458803598229,-0.1336339428817558,-0.053388480992866486,500
36,married_share,-0.2574255313599819,0.059885433597029095,0.053427745311404776,-0.3580087984539218,-0.14265123833903398,-0.33709704953547687,-0.1641324547659042,-0.3048422982232382,-0.19987172054953656,500
36,hours_mean,-0.0037048410156998663,0.0028670931297177845,0.0027394860752138687,-0.009433384197556193,0.001560495072523281,-0.008462062258626949,0.0003455165383277163,-0.00667343370415022,-0.001389688201666809,500
36,unemp_rate,-0.3702073558520087,0.08877385789479902,0.08213366069882622,-0.5051031208201933,-0.18214792201342805,-0.48275175601136194,-0.20017862832464126,-0.42972669022561716,-0.26992728942197985,500
