horizon,beta,ci_lo90,ci_hi90,ci_lo68,ci_hi68,outcome,industry,industry_label,occ_group,occupation
0,0.0012169928037380974,-0.007911973547816276,0.012229561394084707,-0.004647795982702832,0.007505795562758509,inequality,Energy_intensive,Energy intensive,1,Managerial
1,-0.0005261839589483772,-0.010170692816623205,0.010253230416909379,-0.005393355499570563,0.006143129682296876,inequality,Energy_intensive,Energy intensive,1,Managerial
2,0.007614250581406536,-0.0039022713446968853,0.021123879334738867,0.00012939722807112954,0.01575494595082737,inequality,Energy_intensive,Energy intensive,1,Managerial
3,0.001560139312786811,-0.006621400284013458,0.009229248556768484,-0.003114110784594466,0.006334599428103346,inequality,Energy_intensive,Energy intensive,1,Managerial
4,-0.009884094995765263,-0.023735246585329307,0.004963663713322488,-0.018769559553779347,-0.0005573450311102072,inequality,Energy_intensive,Energy intensive,1,Managerial
5,-0.01017138003607583,-0.020784788135207576,-0.00012155704154571956,-0.015988997166132054,-0.004425252166023596,inequality,Energy_intensive,Energy intensive,1,Managerial
6,-0.006422459335392792,-0.017824966077173515,0.00393204739071237,-0.012925153461605308,0.00013785729949067436,inequality,Energy_intensive,Energy intensive,1,Managerial
7,0.004801158839296939,-0.008961455178373913,0.01592763845371117,-0.0038517904283265,0.01188788867175929,inequality,Energy_intensive,Energy intensive,1,Managerial
8,-0.00818675841936905,-0.017083818434525104,0.002178333364114599,-0.013374580843885918,-0.0029764563768744133,inequality,Energy_intensive,Energy intensive,1,Managerial
9,-0.0022774966971019135,-0.011582882327967933,0.0069123664965485745,-0.007958020584273093,0.0032810899174080016,inequality,Energy_intensive,Energy intensive,1,Managerial
10,-0.006943373392176863,-0.017306890227277015,0.003780640679266931,-0.013341953174657216,-0.0006702194919752137,inequality,Energy_intensive,Energy intensive,1,Managerial
11,0.010714756197625156,0.0014250051539162114,0.021124855472124646,0.004618720145169602,0.01745875362085404,inequality,Energy_intensive,Energy intensive,1,Managerial
12,-0.003807071318420039,-0.015317304978134808,0.006040691770865553,-0.010666260468442107,0.0021227639242592782,inequality,Energy_intensive,Energy intensive,1,Managerial
13,0.008980706393232172,-0.0005580685243399709,0.017075582268845986,0.003587266148511273,0.013490531248451152,inequality,Energy_intensive,Energy intensive,1,Managerial
14,-0.000862020942756686,-0.012003046820220329,0.012919428150989119,-0.006592090329713354,0.007441810374898722,inequality,Energy_intensive,Energy intensive,1,Managerial
15,0.006346141311102841,-0.005851598276859937,0.015002735131103954,0.00024277718178422007,0.012271832939074637,inequality,Energy_intensive,Energy intensive,1,Managerial
16,0.0006099927532494322,-0.008692057979928494,0.00990783437867338,-0.004921106193783394,0.006496852338663461,inequality,Energy_intensive,Energy intensive,1,Managerial
17,0.0032001585437594743,-0.00807271890859571,0.016283855487109738,-0.0032530463089383917,0.010461288190870272,inequality,Energy_intensive,Energy intensive,1,Managerial
18,-0.005190701918670856,-0.014732433320589315,0.0035866135348875143,-0.01107874666696445,-0.00017489848439195856,inequality,Energy_intensive,Energy intensive,1,Managerial
19,0.001833665035922209,-0.011238576908040778,0.014017606251127211,-0.005038440898131055,0.008636817254857631,inequality,Energy_intensive,Energy intensive,1,Managerial
20,0.004935303388840118,-0.00312804040756408,0.01279657837685957,0.00024160650734016478,0.009927476536569464,inequality,Energy_intensive,Energy intensive,1,Managerial
21,-0.00018421939592213813,-0.009746294380345936,0.011253706050360957,-0.006232537150979235,0.006141166937661059,inequality,Energy_intensive,Energy intensive,1,Managerial
22,0.009628261801243156,-0.0028993858639078246,0.019542153128195315,0.0018836039237606645,0.015150903797511894,inequality,Energy_intensive,Energy intensive,1,Managerial
23,-0.007594400006625679,-0.01674381971887591,0.00155249620076422,-0.013706356753361008,-0.0020728257128215175,inequality,Energy_intensive,Energy intensive,1,Managerial
24,-0.002672184639779261,-0.01190450483287387,0.006055676650690098,-0.008049198598180124,0.002818276585496394,inequality,Energy_intensive,Energy intensive,1,Managerial
25,-0.007454484137375656,-0.018712315779347767,0.0031555213268989425,-0.014309096556424802,-0.0013685316840448642,inequality,Energy_intensive,Energy intensive,1,Managerial
26,-0.003780135387916876,-0.013393113348075702,0.007337796302826521,-0.010123320726298311,0.002151033913762994,inequality,Energy_intensive,Energy intensive,1,Managerial
27,0.007230198533862046,-0.002564384342300256,0.017491627335813876,0.0009412404610888592,0.01292114794689446,inequality,Energy_intensive,Energy intensive,1,Managerial
28,-0.01053151121424036,-0.019827643048187293,1.8438286909939344e-6,-0.015824791836420465,-0.004995426025909085,inequality,Energy_intensive,Energy intensive,1,Managerial
29,-0.0009542535397751592,-0.012916219777918335,0.011466270337406154,-0.007953572779368048,0.007851674679499715,inequality,Energy_intensive,Energy intensive,1,Managerial
30,0.011321410763137717,0.0016165321385284998,0.020157529559173902,0.006224083672670847,0.01665673981468937,inequality,Energy_intensive,Energy intensive,1,Managerial
31,0.0017984833777788681,-0.00907177993490815,0.015250628567631284,-0.004860104652556769,0.009978806450301261,inequality,Energy_intensive,Energy intensive,1,Managerial
32,-0.005666332434621294,-0.015224350957452181,0.004339843270258923,-0.011569674209610196,0.0005611405892672243,inequality,Energy_intensive,Energy intensive,1,Managerial
33,-0.013703937137610698,-0.02327735106316484,-0.004595289577086024,-0.019850576131458575,-0.007701409263614972,inequality,Energy_intensive,Energy intensive,1,Managerial
34,0.012559928988863761,0.002969877466698856,0.022584066976272923,0.0068310205277018,0.018614772319821886,inequality,Energy_intensive,Energy intensive,1,Managerial
35,0.004499062217029283,-0.005668085110970734,0.013148193420259528,-0.0012096221365903957,0.009137787151964233,inequality,Energy_intensive,Energy intensive,1,Managerial
36,0.00311510721983648,-0.006113554773195045,0.013431793746879297,-0.0021518134153702905,0.008717603386571819,inequality,Energy_intensive,Energy intensive,1,Managerial
0,-0.005116788080400518,-0.018115089835805558,0.009958716974325783,-0.012995779584162735,0.003953445865009366,inequality,Energy_intensive,Energy intensive,2,Professional specialty
1,0.02024362707228996,0.005022104855021097,0.03362444269335138,0.010301073598944837,0.027725587589337356,inequality,Energy_intensive,Energy intensive,2,Professional specialty
2,0.01675873206738103,0.004908578271815858,0.030402555600904307,0.00953400920045288,0.024015404418030895,inequality,Energy_intensive,Energy intensive,2,Professional specialty
3,0.0014061670771356968,-0.009678481997182667,0.012604379239180022,-0.0057442897191462,0.007692061263255806,inequality,Energy_intensive,Energy intensive,2,Professional specialty
4,-0.006027332571180322,-0.017617476229842367,0.0051038251250697005,-0.012869793222388543,0.0005979985204174719,inequality,Energy_intensive,Energy intensive,2,Professional specialty
5,-0.004907232322858141,-0.01667401982630042,0.006280417611618748,-0.01187447661929886,0.002152620622305353,inequality,Energy_intensive,Energy intensive,2,Professional specialty
6,-0.0028867327548624147,-0.01656074718991646,0.00894445938909564,-0.01137709245444723,0.00483372368919785,inequality,Energy_intensive,Energy intensive,2,Professional specialty
7,0.003280214835726249,-0.009587531084851065,0.015173262152042302,-0.005136742151963827,0.010348278109132985,inequality,Energy_intensive,Energy intensive,2,Professional specialty
8,-0.011513653515155316,-0.023599407807770353,0.00013465207266917002,-0.01884751031878051,-0.004860563388670598,inequality,Energy_intensive,Energy intensive,2,Professional specialty
9,-0.0004607737247453302,-0.016189537026315426,0.013742886262220543,-0.010571497037843536,0.007572639671455752,inequality,Energy_intensive,Energy intensive,2,Professional specialty
10,-0.004923081134045732,-0.017051130973911914,0.006643789845123205,-0.012624483238643649,0.002628350803022977,inequality,Energy_intensive,Energy intensive,2,Professional specialty
11,0.0073284505799687885,-0.005738208053964133,0.02088723220273821,-0.0006359678867913082,0.016454124762058597,inequality,Energy_intensive,Energy intensive,2,Professional specialty
12,0.0004036230562397907,-0.010300963027684386,0.011619080097949834,-0.005627474871729517,0.007119894999388716,inequality,Energy_intensive,Energy intensive,2,Professional specialty
13,0.0065627970843287935,-0.007047293832751663,0.01822127460013411,-0.0012980047310839791,0.01393363393627127,inequality,Energy_intensive,Energy intensive,2,Professional specialty
14,-0.008356930776071586,-0.022591342408315472,0.004861107001007737,-0.016551679867763083,-0.0003778305749622263,inequality,Energy_intensive,Energy intensive,2,Professional specialty
15,0.011725048268470425,0.0027689795144568083,0.02288505606368372,0.0061586586150299905,0.018347543264812735,inequality,Energy_intensive,Energy intensive,2,Professional specialty
16,-0.004184067207927187,-0.015462162814624019,0.007620540934920492,-0.010921686919976876,0.0020249985173145454,inequality,Energy_intensive,Energy intensive,2,Professional specialty
17,-0.005004433253906849,-0.019771031527155005,0.00800892764751333,-0.01225836446974502,0.0027898171730393034,inequality,Energy_intensive,Energy intensive,2,Professional specialty
18,-0.007337727642975827,-0.017940831865166557,0.0042601535505440045,-0.014175710985990504,-0.0010513170633244867,inequality,Energy_intensive,Energy intensive,2,Professional specialty
19,0.005521804007116979,-0.008217056471372802,0.01697313883564958,-0.00251334571029253,0.013094252408068633,inequality,Energy_intensive,Energy intensive,2,Professional specialty
20,0.0011536222313758384,-0.009522183693846721,0.014095619667912887,-0.005138580659470553,0.008743354744611125,inequality,Energy_intensive,Energy intensive,2,Professional specialty
21,0.012884501505369681,0.0004962969837172138,0.026721743576275422,0.005641817395520772,0.021124738205985157,inequality,Energy_intensive,Energy intensive,2,Professional specialty
22,0.009267615706568757,-0.0031729037529403536,0.021834822407319404,0.001719334063137362,0.016478783491170032,inequality,Energy_intensive,Energy intensive,2,Professional specialty
23,-0.0003446297136996458,-0.012056009452572217,0.011719006770829564,-0.007411241752294322,0.006571878680515443,inequality,Energy_intensive,Energy intensive,2,Professional specialty
24,0.011890753868554984,-0.001649506003735736,0.02612414110426586,0.004348091492308105,0.020837997345355443,inequality,Energy_intensive,Energy intensive,2,Professional specialty
25,-0.011690590243405533,-0.02359552527847901,0.0002688664756779046,-0.018627955753398442,-0.004329408068795836,inequality,Energy_intensive,Energy intensive,2,Professional specialty
26,-0.012888683024984969,-0.026759971979275758,0.000826975479463924,-0.020930849855246698,-0.004901636739033809,inequality,Energy_intensive,Energy intensive,2,Professional specialty
27,0.010946339496477853,-0.0014383950705366775,0.024949603508975654,0.0039355981125796064,0.019173934626443907,inequality,Energy_intensive,Energy intensive,2,Professional specialty
28,0.005383874500567903,-0.005668300654260926,0.016976230262476397,-0.0016275772103998068,0.012309853202733598,inequality,Energy_intensive,Energy intensive,2,Professional specialty
29,0.011144914591726996,-0.000951067009951392,0.022039966614211114,0.0038834922728573492,0.017603757223648243,inequality,Energy_intensive,Energy intensive,2,Professional specialty
30,-0.018230471783940994,-0.03197280478617323,-0.0055373733655145665,-0.026066303575381797,-0.010421054864866266,inequality,Energy_intensive,Energy intensive,2,Professional specialty
31,-0.01920513976653363,-0.03149342874551536,-0.006991466334521537,-0.0270691664433146,-0.011863126156062428,inequality,Energy_intensive,Energy intensive,2,Professional specialty
32,-0.00182362508131376,-0.01838229719672602,0.012606980487165955,-0.011281326461406815,0.006460872006224427,inequality,Energy_intensive,Energy intensive,2,Professional specialty
33,-0.0006745479916744433,-0.01214178772566408,0.010782085062173631,-0.008318348712739218,0.007264028269891585,inequality,Energy_intensive,Energy intensive,2,Professional specialty
34,-0.008813714672261296,-0.02439323660419499,0.009659386651815729,-0.018115505771346158,0.0015436197999060004,inequality,Energy_intensive,Energy intensive,2,Professional specialty
35,0.014058020150837588,0.0023417411439882185,0.026390550726415465,0.007591190166813563,0.021046430622937387,inequality,Energy_intensive,Energy intensive,2,Professional specialty
36,0.0009355229471080701,-0.011499501955187497,0.013236176507272634,-0.0071021550846530924,0.007508962224774298,inequality,Energy_intensive,Energy intensive,2,Professional specialty
0,0.014060507267759984,-0.012539639149221373,0.039899713170254064,-0.0008348322351377935,0.028379946546091106,inequality,Energy_intensive,Energy intensive,3,High tech
1,0.00108227972162722,-0.03160323197738354,0.03817445174691829,-0.019865568390429904,0.023701257739031888,inequality,Energy_intensive,Energy intensive,3,High tech
2,-0.03664279679077103,-0.06449609199663536,-0.007945671489191855,-0.0528923801463419,-0.018897954741231418,inequality,Energy_intensive,Energy intensive,3,High tech
3,-0.008322987323893144,-0.039964092121068884,0.018308223126248628,-0.026270291349753186,0.008267011209104976,inequality,Energy_intensive,Energy intensive,3,High tech
4,-0.050131589267282256,-0.07726989665802107,-0.014411437706868896,-0.06608304536266785,-0.031108711332468564,inequality,Energy_intensive,Energy intensive,3,High tech
5,0.009962821063447076,-0.017298127587465913,0.03967484505503918,-0.007250817779874906,0.02538627678754131,inequality,Energy_intensive,Energy intensive,3,High tech
6,0.001021839217878839,-0.03428313978440174,0.038592405604047884,-0.01875680842472911,0.023766128056840988,inequality,Energy_intensive,Energy intensive,3,High tech
7,-0.00709979413237837,-0.04197465703535827,0.019769106394707435,-0.027371153287736087,0.008929986885896525,inequality,Energy_intensive,Energy intensive,3,High tech
8,0.018128999574351646,-0.02021102628485014,0.04906084249053025,-0.0029677629481088506,0.03688471558655437,inequality,Energy_intensive,Energy intensive,3,High tech
9,0.009197940106924277,-0.019008293276656946,0.03909066496219902,-0.007060829569058947,0.02609663188371343,inequality,Energy_intensive,Energy intensive,3,High tech
10,0.009802041188078226,-0.02265370214501209,0.04579611502113333,-0.011694144129406983,0.030907234499791388,inequality,Energy_intensive,Energy intensive,3,High tech
11,0.03386255346159683,0.007008939998877067,0.05766787446624125,0.01853723124618257,0.047223918516771116,inequality,Energy_intensive,Energy intensive,3,High tech
12,-0.004167539159929068,-0.03763039888278732,0.02860673753310712,-0.02446776400282623,0.01651344497502695,inequality,Energy_intensive,Energy intensive,3,High tech
13,-0.03583469648497394,-0.06004273658060612,-0.010363613405767556,-0.05017750167553497,-0.02034575748581767,inequality,Energy_intensive,Energy intensive,3,High tech
14,-0.0007355463024369383,-0.030746682983040015,0.03380918323520974,-0.02064671824316526,0.020875300085026534,inequality,Energy_intensive,Energy intensive,3,High tech
15,-0.01010873665445496,-0.04217016400704722,0.01955640129075209,-0.029297182860037116,0.00537719057185271,inequality,Energy_intensive,Energy intensive,3,High tech
16,-0.023140222123669865,-0.05139681506172462,0.011876161454790864,-0.04040212734847654,-0.00425317864139271,inequality,Energy_intensive,Energy intensive,3,High tech
17,-0.024145106693549263,-0.06290435000427466,0.009367154713297143,-0.04625712175912424,-0.003991754063934091,inequality,Energy_intensive,Energy intensive,3,High tech
18,0.011473992630848218,-0.018820004043074372,0.040776236035400315,-0.006293621022061395,0.026744024152778434,inequality,Energy_intensive,Energy intensive,3,High tech
19,0.02314309233870508,-0.00456817008629451,0.05019946891902008,0.006344999413161478,0.03953351626724576,inequality,Energy_intensive,Energy intensive,3,High tech
20,0.01335760692704776,-0.013466105665767598,0.04204779746533853,-0.0028886299751824055,0.030034649806762674,inequality,Energy_intensive,Energy intensive,3,High tech
21,-0.013042662211899142,-0.05421829236640479,0.030156402478425763,-0.03735569313405314,0.012844721193927015,inequality,Energy_intensive,Energy intensive,3,High tech
22,-0.006563476412691483,-0.03272469254916333,0.02133429345050331,-0.023366541576746048,0.00828129277257474,inequality,Energy_intensive,Energy intensive,3,High tech
23,-0.0038370423945144026,-0.03389351343132021,0.02764451407311454,-0.02127914092891083,0.014817846978597605,inequality,Energy_intensive,Energy intensive,3,High tech
24,-0.00891836686186075,-0.035240283599157166,0.020213484589467885,-0.024460640321915948,0.008361746178301991,inequality,Energy_intensive,Energy intensive,3,High tech
25,-0.0059387612535096715,-0.03763717436316784,0.022188728279030814,-0.026043608538416665,0.010833553460623004,inequality,Energy_intensive,Energy intensive,3,High tech
26,0.0412064056624274,-0.004321540752600397,0.07873869855364192,0.018748400072623933,0.0646698229328989,inequality,Energy_intensive,Energy intensive,3,High tech
27,0.010439344833086386,-0.021213442478473066,0.042294126280881764,-0.007346740282040335,0.03118255855900213,inequality,Energy_intensive,Energy intensive,3,High tech
28,-0.017454447643666833,-0.04422342521106677,0.01648086409357105,-0.0337175027061639,0.003431561073251748,inequality,Energy_intensive,Energy intensive,3,High tech
29,0.00833831109823813,-0.02668128083686114,0.040878315671570964,-0.012297775947682051,0.028033994353875033,inequality,Energy_intensive,Energy intensive,3,High tech
30,0.004861137942170799,-0.024089852528854084,0.03706871654538766,-0.012154782825222133,0.02513108664447137,inequality,Energy_intensive,Energy intensive,3,High tech
31,-0.011211424380710934,-0.04245213995856568,0.012370882530187621,-0.030245006537040847,0.0027681499737483937,inequality,Energy_intensive,Energy intensive,3,High tech
32,0.002382843746200997,-0.03646551211825449,0.03897599075537226,-0.019831334667348738,0.023493496754824587,inequality,Energy_intensive,Energy intensive,3,High tech
33,0.023047422436579156,-0.00892636649239682,0.05599760947545217,0.003918790347207546,0.04472967493533482,inequality,Energy_intensive,Energy intensive,3,High tech
34,0.013479863999043778,-0.018532972829708026,0.04434134765288395,-0.007715976802334669,0.031642397581240524,inequality,Energy_intensive,Energy intensive,3,High tech
35,0.054430067296718475,0.0202378490388525,0.08164217872350123,0.034415644881627454,0.07197715176570128,inequality,Energy_intensive,Energy intensive,3,High tech
36,0.00015690523774650444,-0.025890662541933302,0.03123890640142801,-0.01595597995209014,0.018842731261149107,inequality,Energy_intensive,Energy intensive,3,High tech
0,0.01237142081877166,-0.013414484831135224,0.041784676388197814,-0.004308382936101078,0.02901506872183335,inequality,Energy_intensive,Energy intensive,4,Sales
1,0.023823279325345035,-0.006440582090864372,0.049142995003643546,0.006099779088791436,0.03833380260799209,inequality,Energy_intensive,Energy intensive,4,Sales
2,-0.010610275016114964,-0.052036269539963834,0.03349687393867188,-0.03621026598090466,0.016180430824532986,inequality,Energy_intensive,Energy intensive,4,Sales
3,0.006185602561753701,-0.04083817634922725,0.04558827183746987,-0.022153058921296497,0.03127187395128777,inequality,Energy_intensive,Energy intensive,4,Sales
4,0.013284715212833493,-0.011121748563002628,0.038027781871292715,-0.000735091456261645,0.027164990349730033,inequality,Energy_intensive,Energy intensive,4,Sales
5,0.015445939856142243,-0.019948939853321652,0.05924652696670929,-0.006950390152149589,0.038364381863919085,inequality,Energy_intensive,Energy intensive,4,Sales
6,0.011594124272109178,-0.031941341880703425,0.05408403679337287,-0.016604262159724208,0.03686615002080658,inequality,Energy_intensive,Energy intensive,4,Sales
7,0.04194427987235926,0.011381156118920797,0.08038553079553384,0.023725304232042412,0.06204226461198287,inequality,Energy_intensive,Energy intensive,4,Sales
8,-0.0003075279880199473,-0.033027111934716295,0.026851529094084697,-0.01982307384573112,0.016883933057767645,inequality,Energy_intensive,Energy intensive,4,Sales
9,0.009991764268596335,-0.031636450891948484,0.04445510334623015,-0.015538543334522125,0.03125528479987986,inequality,Energy_intensive,Energy intensive,4,Sales
10,0.0017186137776118503,-0.042111942441931845,0.04136741714178474,-0.02338193294156372,0.026219158028278036,inequality,Energy_intensive,Energy intensive,4,Sales
11,-0.0017738950810143087,-0.036110257266578905,0.03777621131447662,-0.021597579914927074,0.023111748316067493,inequality,Energy_intensive,Energy intensive,4,Sales
12,-0.04291762925811922,-0.07054570086379999,-0.008850628534924486,-0.060425192504300035,-0.02339057275399484,inequality,Energy_intensive,Energy intensive,4,Sales
13,-0.038513981419894726,-0.06778438637584168,0.0013450128294078961,-0.056147265900121104,-0.017925062144895705,inequality,Energy_intensive,Energy intensive,4,Sales
14,-0.03998822518907207,-0.06924974625317712,-0.009196516687872944,-0.05745153041731419,-0.022687783763316465,inequality,Energy_intensive,Energy intensive,4,Sales
15,0.0390700395547269,-0.01734827364354149,0.07934293233966831,0.008961607544137495,0.06287495968921133,inequality,Energy_intensive,Energy intensive,4,Sales
16,0.01534571506289133,-0.03329455778095193,0.06051471739277768,-0.01122225090294061,0.04295325454493577,inequality,Energy_intensive,Energy intensive,4,Sales
17,0.04474126629749901,0.010207250019268317,0.07546901470104624,0.02386733258790673,0.06319627942206835,inequality,Energy_intensive,Energy intensive,4,Sales
18,-0.04345802674476018,-0.10012313657283947,0.02112498863127049,-0.07386786423380415,-0.0011723473259005884,inequality,Energy_intensive,Energy intensive,4,Sales
19,-0.013419099495387748,-0.041373368871156876,0.01628571012452616,-0.03001999817156516,0.005187499801104559,inequality,Energy_intensive,Energy intensive,4,Sales
20,-0.0150453811566484,-0.053053497508945335,0.029905333628805417,-0.03793071327416678,0.009838230132519957,inequality,Energy_intensive,Energy intensive,4,Sales
21,0.03221421357091338,-0.0038418947551198124,0.07877564148105962,0.008264859172233026,0.05858716272406175,inequality,Energy_intensive,Energy intensive,4,Sales
22,0.015084395301928483,-0.022215962240255148,0.045761755030396326,-0.008083344861496922,0.034345841055906864,inequality,Energy_intensive,Energy intensive,4,Sales
23,0.007646119811425949,-0.02821743874399197,0.03270107234505166,-0.013228016277172525,0.024467948753136064,inequality,Energy_intensive,Energy intensive,4,Sales
24,-0.025186992201930235,-0.06644215703430055,0.018866964669817778,-0.05079746880618284,-0.0013019246897758574,inequality,Energy_intensive,Energy intensive,4,Sales
25,-0.03717178199448572,-0.07609362885099522,0.0005800364553501594,-0.05951893318532184,-0.014420557174280164,inequality,Energy_intensive,Energy intensive,4,Sales
26,0.01329342761644312,-0.028769438728808876,0.057582676365184375,-0.011840826046605456,0.035875608493260595,inequality,Energy_intensive,Energy intensive,4,Sales
27,-0.0025752738087041187,-0.043594212911243796,0.0322996286331405,-0.02821634956028638,0.01975505138924346,inequality,Energy_intensive,Energy intensive,4,Sales
28,-0.014652290702495638,-0.05317562920664957,0.02464001342464723,-0.03930131083999829,0.0078113755898145485,inequality,Energy_intensive,Energy intensive,4,Sales
29,-0.01667566672125369,-0.06762859688944352,0.02415480641369828,-0.049582452162680285,0.005009164312898072,inequality,Energy_intensive,Energy intensive,4,Sales
30,0.018610663132019856,-0.027218737328094694,0.06462975200774247,-0.0073329036993812075,0.044659009101225375,inequality,Energy_intensive,Energy intensive,4,Sales
31,0.017808183687052236,-0.022652379108473748,0.04642054906643796,-0.006763241945195352,0.03358227825796047,inequality,Energy_intensive,Energy intensive,4,Sales
32,0.041166692225024254,-0.008114836473527502,0.08970145289530804,0.011407591323973745,0.06634922450087712,inequality,Energy_intensive,Energy intensive,4,Sales
33,-0.04686821234957308,-0.08877111678810093,-0.01629978670648167,-0.07378859271373747,-0.029624104328969007,inequality,Energy_intensive,Energy intensive,4,Sales
34,-0.03139774795169951,-0.061084572853008584,0.0014883608850447816,-0.0496013992330665,-0.0124917653332648,inequality,Energy_intensive,Energy intensive,4,Sales
35,-0.025881344814648145,-0.05592253300855447,0.005890368183056816,-0.043334096691646624,-0.005461863003732845,inequality,Energy_intensive,Energy intensive,4,Sales
36,0.044277486105189126,0.006553690252668831,0.08497533480964473,0.01950506247093784,0.0683559542935844,inequality,Energy_intensive,Energy intensive,4,Sales
0,-0.01112435499280273,-0.017862057361145333,-0.005012328868864948,-0.015106705155158013,-0.0075341256752979435,inequality,Energy_intensive,Energy intensive,5,Administrative support
1,-0.0034047773318609193,-0.00878066874954681,0.0032846034279390094,-0.00679815908557295,0.0005246196202369968,inequality,Energy_intensive,Energy intensive,5,Administrative support
2,-0.0018341506285940695,-0.012433146710054258,0.007715890711585881,-0.008756192712533433,0.0034804557858882984,inequality,Energy_intensive,Energy intensive,5,Administrative support
3,-0.00013447508099797997,-0.005565614579766952,0.006150962867579516,-0.00329264884781202,0.0036972577526148027,inequality,Energy_intensive,Energy intensive,5,Administrative support
4,-0.0011874658911417452,-0.008379899015205748,0.005872331079155693,-0.0057528490985327505,0.0033514154299309094,inequality,Energy_intensive,Energy intensive,5,Administrative support
5,-0.0023569720281256174,-0.00920375131066617,0.005071748841093423,-0.006415813465924935,0.001630643773256058,inequality,Energy_intensive,Energy intensive,5,Administrative support
6,-0.006782559448168486,-0.013134920273006983,0.0003931831049387574,-0.011059733331357256,-0.002421408398958532,inequality,Energy_intensive,Energy intensive,5,Administrative support
7,-0.005952214886723481,-0.01289420533287353,0.0029426921768280446,-0.010787076993695854,-0.0008207463213210997,inequality,Energy_intensive,Energy intensive,5,Administrative support
8,-0.006064181640992583,-0.013844527572843424,0.0014382606802619113,-0.010583742600960714,-0.001541276781287815,inequality,Energy_intensive,Energy intensive,5,Administrative support
9,0.0063307719116341005,-0.0007359733456350102,0.01444712192133918,0.002320792844777206,0.010603273023236083,inequality,Energy_intensive,Energy intensive,5,Administrative support
10,-0.0011407673039459958,-0.007427458757609368,0.004406287756933272,-0.004606485888693802,0.002361219638679464,inequality,Energy_intensive,Energy intensive,5,Administrative support
11,0.00331692255033515,-0.0035689330635288985,0.00917054661654936,-0.0009059301063568379,0.006784485710101816,inequality,Energy_intensive,Energy intensive,5,Administrative support
12,-0.0032391132296309935,-0.010192299274192278,0.0033278462404607487,-0.006926004163180868,0.0009266287020298649,inequality,Energy_intensive,Energy intensive,5,Administrative support
13,-0.004757035034149091,-0.011487799448999945,0.002875064080152574,-0.008972557979396015,-7.12684651590044e-6,inequality,Energy_intensive,Energy intensive,5,Administrative support
14,0.0003473302769156956,-0.005992321594706325,0.005789021726999553,-0.0032399110873820693,0.003758922521778246,inequality,Energy_intensive,Energy intensive,5,Administrative support
15,0.00264535974145226,-0.006066242251070095,0.009983619767332001,-0.002209478872246731,0.007156732029527933,inequality,Energy_intensive,Energy intensive,5,Administrative support
16,-0.011183145663912363,-0.019308910797557345,-0.003949089296152814,-0.016242811055614308,-0.007091368197294086,inequality,Energy_intensive,Energy intensive,5,Administrative support
17,0.001239123002292969,-0.0074513263248151195,0.010015768180599408,-0.0035176314157418847,0.006282100359662276,inequality,Energy_intensive,Energy intensive,5,Administrative support
18,-0.0028927907418510707,-0.010618135093919163,0.0046554959530384805,-0.007350909907059385,0.00164776711798869,inequality,Energy_intensive,Energy intensive,5,Administrative support
19,0.008904183680737253,0.0022138906548676606,0.015580047429233707,0.005212941519231396,0.012998535044694098,inequality,Energy_intensive,Energy intensive,5,Administrative support
20,-0.003016150997886247,-0.008685022361477984,0.0027157190559687766,-0.0068176280312169605,0.00027208731026049336,inequality,Energy_intensive,Energy intensive,5,Administrative support
21,-0.0007620093589521466,-0.009081871447883872,0.0066364422967714,-0.0058018561956395785,0.0036738461824417966,inequality,Energy_intensive,Energy intensive,5,Administrative support
22,0.0005158830997960881,-0.007078887167677053,0.007059859881303913,-0.004712845560160052,0.004831319749490408,inequality,Energy_intensive,Energy intensive,5,Administrative support
23,-0.009032747242271261,-0.01538955057205445,-0.0019378903779354879,-0.013339080420931416,-0.00488229031465687,inequality,Energy_intensive,Energy intensive,5,Administrative support
24,0.0028922279291656865,-0.0037071334643912815,0.008819376039335686,-0.0008572249484269188,0.006351856675734,inequality,Energy_intensive,Energy intensive,5,Administrative support
25,-0.005642681947072964,-0.011832480892963272,0.0020905631939174517,-0.009736473377803135,-0.0014981745712634182,inequality,Energy_intensive,Energy intensive,5,Administrative support
26,-0.006736753192553879,-0.013425092691545645,0.0011833130334838408,-0.01083750976526356,-0.0027055833967586113,inequality,Energy_intensive,Energy intensive,5,Administrative support
27,0.004470779125089524,-0.004336219601816463,0.011298333914091269,-0.0003083893869032161,0.008445693081775575,inequality,Energy_intensive,Energy intensive,5,Administrative support
28,0.0008023675186461319,-0.006240492901274579,0.008748383318604577,-0.0035102475790270296,0.005800426791309125,inequality,Energy_intensive,Energy intensive,5,Administrative support
29,0.011127985308213125,0.004223341415715708,0.018553170355449077,0.007124399687667061,0.015736730104867543,inequality,Energy_intensive,Energy intensive,5,Administrative support
30,0.002650211679633235,-0.00382474241769818,0.009486183645977898,-0.0010454959008799497,0.0069562037805433585,inequality,Energy_intensive,Energy intensive,5,Administrative support
31,0.0006471108066527494,-0.004890044868478947,0.006613659338853536,-0.0027137298546482513,0.004168039220112293,inequality,Energy_intensive,Energy intensive,5,Administrative support
32,-0.006720080413120589,-0.012457223329383097,-0.002318987983343411,-0.010251585789114705,-0.003918571727134529,inequality,Energy_intensive,Energy intensive,5,Administrative support
33,-0.007002879527984251,-0.013409744767858,-0.0008120372231533758,-0.010671321774650338,-0.003205644464016858,inequality,Energy_intensive,Energy intensive,5,Administrative support
34,0.0007584248372724055,-0.0057178032810967045,0.00795378091337012,-0.003437667771341308,0.004543367654904283,inequality,Energy_intensive,Energy intensive,5,Administrative support
35,-0.0035569915297474857,-0.009378120709990494,0.0011456045951021674,-0.0071732139084958344,-0.0009236024504701763,inequality,Energy_intensive,Energy intensive,5,Administrative support
36,-0.003751864165774968,-0.009991046016880212,0.002404608613802547,-0.007326364922053619,-0.0005172740280461672,inequality,Energy_intensive,Energy intensive,5,Administrative support
0,-0.010020621874330636,-0.04275027976273636,0.019144613691422566,-0.02971451563770904,0.008378489223257218,inequality,Energy_intensive,Energy intensive,6,Service
1,0.06804001096219077,0.012915709206976711,0.10446117988777759,0.03479209684209638,0.09209237627860525,inequality,Energy_intensive,Energy intensive,6,Service
2,-0.06486329460749886,-0.10663477892719139,-0.01990934411494552,-0.09211845144678085,-0.03516356469477597,inequality,Energy_intensive,Energy intensive,6,Service
3,-0.022733640569657963,-0.05951474248735139,0.023577808238677635,-0.04153196041053021,0.005408294150421787,inequality,Energy_intensive,Energy intensive,6,Service
4,-0.02833177752896214,-0.0649527523902191,0.009057185141240175,-0.0505542263899222,-0.007100038656024554,inequality,Energy_intensive,Energy intensive,6,Service
5,-0.011581494335362506,-0.040730833343619474,0.02472881190945568,-0.029448233247219093,0.009005944706900804,inequality,Energy_intensive,Energy intensive,6,Service
6,0.06284828422662453,0.02842275752290173,0.09790540575823786,0.042813623921693855,0.08302506789883865,inequality,Energy_intensive,Energy intensive,6,Service
7,0.041472685031587415,0.007270191971200761,0.10059258582898037,0.019053703990208237,0.0784000352809632,inequality,Energy_intensive,Energy intensive,6,Service
8,0.04977054115707727,-0.005675929336726802,0.1201718370496624,0.019519647032315887,0.08853988800137677,inequality,Energy_intensive,Energy intensive,6,Service
9,-0.022254215302586765,-0.05570173994159623,0.012925786188633607,-0.04089252959775989,-0.0026136627408197624,inequality,Energy_intensive,Energy intensive,6,Service
10,0.020136338111667904,-0.030260226969959867,0.07305115711576464,-0.00891885795053923,0.05239520979356545,inequality,Energy_intensive,Energy intensive,6,Service
11,0.00821364067100332,-0.039300893502706644,0.054114442227876286,-0.017101111031205905,0.03521605790974645,inequality,Energy_intensive,Energy intensive,6,Service
12,-0.018515236846599576,-0.06115471279124124,0.021257049615558677,-0.04488684012781455,0.004899465609834661,inequality,Energy_intensive,Energy intensive,6,Service
13,-0.03036609442005171,-0.10419704926438751,0.0311249812011597,-0.07334113194456779,0.0038054330065466317,inequality,Energy_intensive,Energy intensive,6,Service
14,-0.028454711794573612,-0.057593613536262564,0.011105167478136137,-0.04545196062744694,-0.004564965826717324,inequality,Energy_intensive,Energy intensive,6,Service
15,0.0475181774259577,0.0026770862700162615,0.08805857048615075,0.019028567828241607,0.07102498063128419,inequality,Energy_intensive,Energy intensive,6,Service
16,0.044598477154364304,0.007221207015713896,0.09944160966725633,0.022923726718557944,0.07606200085527919,inequality,Energy_intensive,Energy intensive,6,Service
17,0.0449983220823345,0.00497559048610436,0.09265221576900845,0.02241169941750936,0.0732801364089827,inequality,Energy_intensive,Energy intensive,6,Service
18,0.02009087112568097,-0.007253257573612518,0.054742583021528665,0.003369430525724207,0.04221064052109531,inequality,Energy_intensive,Energy intensive,6,Service
19,-0.025792626814572055,-0.049503718014273376,0.0008278963082926707,-0.04031417394156059,-0.010042314644404377,inequality,Energy_intensive,Energy intensive,6,Service
20,-0.016465569716883358,-0.07873588055953382,0.03944345849745605,-0.05181537532412905,0.0190162934313559,inequality,Energy_intensive,Energy intensive,6,Service
21,0.06712156435913849,0.037127799446823484,0.09724561406030605,0.050553786463699506,0.08394961339863105,inequality,Energy_intensive,Energy intensive,6,Service
22,0.020523723659703966,-0.018376413626986006,0.05208502859816881,-0.002825735503181496,0.03880341586037515,inequality,Energy_intensive,Energy intensive,6,Service
23,-0.030877704810749584,-0.06150545423337273,0.002571733391075734,-0.05151722743023394,-0.007002327246236065,inequality,Energy_intensive,Energy intensive,6,Service
24,-0.05197179282046626,-0.09113206335393798,-0.0095590611909801,-0.0750523234415833,-0.02801248947354737,inequality,Energy_intensive,Energy intensive,6,Service
25,-0.06113460871772668,-0.09788292837749417,-0.030115805297902646,-0.0809255307080312,-0.042082942428547945,inequality,Energy_intensive,Energy intensive,6,Service
26,0.0154486274729158,-0.03018954052403987,0.07515602365492745,-0.011400027170589834,0.04794866421755124,inequality,Energy_intensive,Energy intensive,6,Service
27,-0.0020801874132275176,-0.04450929824940436,0.04649687281687436,-0.025789131045826683,0.02398387812808662,inequality,Energy_intensive,Energy intensive,6,Service
28,-0.02116796762798312,-0.05819900786313479,0.018166178476521473,-0.04193117999885072,0.0012885729605119876,inequality,Energy_intensive,Energy intensive,6,Service
29,-0.020553693589627477,-0.05877531978562441,0.022568696850097193,-0.04539865557603169,0.002949569099046024,inequality,Energy_intensive,Energy intensive,6,Service
30,0.03574189700606993,-0.0005519913118873232,0.07417929116193,0.013599138506212582,0.05876967611460971,inequality,Energy_intensive,Energy intensive,6,Service
31,0.04087772779514979,-0.004389176143359867,0.08194528761019107,0.01622780447775996,0.06751596148012388,inequality,Energy_intensive,Energy intensive,6,Service
32,0.04463627832624908,-0.002182153211531812,0.09000402331758564,0.014879807043819256,0.07073717207417561,inequality,Energy_intensive,Energy intensive,6,Service
33,0.004440822669761024,-0.037868861107723945,0.04146857940110322,-0.01762693295701677,0.026126875514876927,inequality,Energy_intensive,Energy intensive,6,Service
34,-0.07087981853890021,-0.10653720420612744,-0.026927026994936903,-0.09234163403818937,-0.047366069979183176,inequality,Energy_intensive,Energy intensive,6,Service
35,0.02076805485708115,-0.019369062759967998,0.07437139011643076,-0.002439531271324697,0.05039489146509586,inequality,Energy_intensive,Energy intensive,6,Service
36,0.03584766135963188,-0.02547979290682148,0.09101016599995218,-0.003349220327618356,0.06583516531271799,inequality,Energy_intensive,Energy intensive,6,Service
0,-0.0030820398181927674,-0.018789361778862118,0.010275687446145272,-0.012435625811747075,0.004898300586861092,inequality,Energy_intensive,Energy intensive,7,Farming/forestry/construction
1,-0.010607230525163441,-0.027508329741432816,0.006357090839433461,-0.020453566716276284,-0.00045943547602844866,inequality,Energy_intensive,Energy intensive,7,Farming/forestry/construction
2,0.0027329629381139696,-0.013979790786131284,0.01959255269293208,-0.0070941785066819816,0.012238236555034785,inequality,Energy_intensive,Energy intensive,7,Farming/forestry/construction
3,-0.018653156167539587,-0.03541778492246754,-0.002492980966312678,-0.028477923472826662,-0.008626187725730589,inequality,Energy_intensive,Energy intensive,7,Farming/forestry/construction
4,-0.009543946342563734,-0.025493449758214326,0.005437983348734734,-0.01986567178684762,-0.001619695383038593,inequality,Energy_intensive,Energy intensive,7,Farming/forestry/construction
5,0.01311930746490198,-0.0044928934258667026,0.029248117271511845,0.0032065953825901345,0.022856934918147245,inequality,Energy_intensive,Energy intensive,7,Farming/forestry/construction
6,-0.010313575748721824,-0.02490855699000786,0.006044023926004177,-0.019972123957079466,-0.0003180511346399604,inequality,Energy_intensive,Energy intensive,7,Farming/forestry/construction
7,0.00494084230457384,-0.008294313784558097,0.01856921891392414,-0.0029523039292758775,0.012908776189736817,inequality,Energy_intensive,Energy intensive,7,Farming/forestry/construction
8,0.01768249056233332,0.001813997228133142,0.032879180513504316,0.008041635803820927,0.025913027299446615,inequality,Energy_intensive,Energy intensive,7,Farming/forestry/construction
9,-0.02372253821736829,-0.03806831455160242,-0.007334013787450407,-0.03198448944960326,-0.013544974627905331,inequality,Energy_intensive,Energy intensive,7,Farming/forestry/construction
10,-0.006890781963803511,-0.019908014082499977,0.005692659619296174,-0.01538014284702005,0.0001096812691548021,inequality,Energy_intensive,Energy intensive,7,Farming/forestry/construction
11,0.002587595364307486,-0.011216157030385747,0.016605908532576822,-0.005845898658078211,0.010848029475336977,inequality,Energy_intensive,Energy intensive,7,Farming/forestry/construction
12,-0.009652141179791423,-0.024657088306139482,0.008186033516717909,-0.01864054376939597,0.0017316993495228375,inequality,Energy_intensive,Energy intensive,7,Farming/forestry/construction
13,0.008380981452416596,-0.010217967635344147,0.024053495394534212,-0.0018047668322446926,0.017175675397274527,inequality,Energy_intensive,Energy intensive,7,Farming/forestry/construction
14,-0.010733557790442466,-0.027739211410757008,0.004411464869264345,-0.0211435837691126,-0.0026343793364455356,inequality,Energy_intensive,Energy intensive,7,Farming/forestry/construction
15,0.0219911995769845,0.003712633955945198,0.03547631734016701,0.01088040284597634,0.03073352564611991,inequality,Energy_intensive,Energy intensive,7,Farming/forestry/construction
16,0.014064537016072878,0.0014047325299982212,0.030242383209400047,0.006888091528231874,0.024273388671690932,inequality,Energy_intensive,Energy intensive,7,Farming/forestry/construction
17,-0.010932072994264684,-0.025651540792859945,0.0024762783063689026,-0.02031186067095998,-0.0030924284706655043,inequality,Energy_intensive,Energy intensive,7,Farming/forestry/construction
18,-0.0020632876020849544,-0.015030615795185432,0.013198507256926444,-0.01048509467736957,0.006881299722467143,inequality,Energy_intensive,Energy intensive,7,Farming/forestry/construction
19,-0.01713243847455219,-0.03034747077314174,-0.003700133140459255,-0.025859340331333434,-0.00889481380908918,inequality,Energy_intensive,Energy intensive,7,Farming/forestry/construction
20,-0.020321734883430066,-0.035521755219778045,-0.007310310697758353,-0.029488779543601396,-0.01211491947475773,inequality,Energy_intensive,Energy intensive,7,Farming/forestry/construction
21,-0.01146492663195606,-0.02936779684379628,0.0021993333618794096,-0.020609749014159337,-0.002271363408599356,inequality,Energy_intensive,Energy intensive,7,Farming/forestry/construction
22,0.014750212561908739,0.00037320804371939256,0.0304239676301798,0.005569754866755688,0.024035912693921996,inequality,Energy_intensive,Energy intensive,7,Farming/forestry/construction
23,-0.00886815525653393,-0.02417411430135917,0.003587585212635514,-0.018074676847447284,-0.0013689870638814152,inequality,Energy_intensive,Energy intensive,7,Farming/forestry/construction
24,-0.017750982318639464,-0.034298190134923245,-0.0004985397855892075,-0.026210227682883693,-0.006673156538491499,inequality,Energy_intensive,Energy intensive,7,Farming/forestry/construction
25,0.019305745511608744,0.0035621226795299714,0.03444969098273348,0.010600319708171772,0.028090331469327552,inequality,Energy_intensive,Energy intensive,7,Farming/forestry/construction
26,0.006598867547808317,-0.007206354783066145,0.0228151318025141,-0.002289560605168066,0.016988116211125795,inequality,Energy_intensive,Energy intensive,7,Farming/forestry/construction
27,-0.02215237536943468,-0.03718052024720349,-0.005502442961551449,-0.03159880739126758,-0.012044988765584784,inequality,Energy_intensive,Energy intensive,7,Farming/forestry/construction
28,0.009718714408424008,-0.0038378727933808185,0.023503541774590145,0.0018599435734826131,0.017360865813570128,inequality,Energy_intensive,Energy intensive,7,Farming/forestry/construction
29,-0.028554412481755338,-0.04412509713973356,-0.015875462418756203,-0.03789141600757616,-0.02228365438639312,inequality,Energy_intensive,Energy intensive,7,Farming/forestry/construction
30,-0.0025272995804792326,-0.01646643333342771,0.010225392437113782,-0.010967352202049417,0.0053270105395957345,inequality,Energy_intensive,Energy intensive,7,Farming/forestry/construction
31,-0.01662509110648139,-0.030825626277315124,-0.003496712847347736,-0.024908002937253856,-0.009089009857842403,inequality,Energy_intensive,Energy intensive,7,Farming/forestry/construction
32,0.010071342330171085,-0.004564242844961902,0.026614113340396216,0.0004890495390928746,0.020538916440475403,inequality,Energy_intensive,Energy intensive,7,Farming/forestry/construction
33,0.007521082143294715,-0.006537300153947942,0.021651788664264045,-0.001481355706280968,0.016846873320442178,inequality,Energy_intensive,Energy intensive,7,Farming/forestry/construction
34,-0.0062474700668550655,-0.019562792659059084,0.007293290221061423,-0.014682183391587562,0.0022298699671241774,inequality,Energy_intensive,Energy intensive,7,Farming/forestry/construction
35,-0.038115509030831586,-0.05133877800435814,-0.026813863238756626,-0.0461802798552462,-0.030385976123783912,inequality,Energy_intensive,Energy intensive,7,Farming/forestry/construction
36,0.009531581126396453,-0.00828301821121101,0.02851166984521458,-0.0005180092773194016,0.02024325671255222,inequality,Energy_intensive,Energy intensive,7,Farming/forestry/construction
0,-0.005300468595266551,-0.013631934720116048,0.003223835416636004,-0.010029173893776788,-0.00025905740975278816,inequality,Energy_intensive,Energy intensive,8,Precision production/repair
1,-0.0027222924114615465,-0.009947124150343031,0.0041105099241428526,-0.007008658972509252,0.0019839658181527798,inequality,Energy_intensive,Energy intensive,8,Precision production/repair
2,0.01480050727816169,0.004111817732778744,0.025730220005728242,0.008114528152087285,0.021231116817054935,inequality,Energy_intensive,Energy intensive,8,Precision production/repair
3,-0.004790121164491963,-0.01496955754473024,0.0032084803223353473,-0.010630335810597278,5.6661841721931255e-5,inequality,Energy_intensive,Energy intensive,8,Precision production/repair
4,-0.0026283941703639396,-0.011017385005771952,0.006745276747477878,-0.0069557880416118295,0.003147071596406954,inequality,Energy_intensive,Energy intensive,8,Precision production/repair
5,-0.004943583740950405,-0.01681759015985311,0.004694407459069612,-0.012130508980924385,0.00044548465943765325,inequality,Energy_intensive,Energy intensive,8,Precision production/repair
6,0.00997489098335408,0.001914664039175732,0.019269972873627687,0.005149311765233102,0.01520300840432799,inequality,Energy_intensive,Energy intensive,8,Precision production/repair
7,0.006201067416669574,-0.0036904504014531074,0.016603593284256653,-6.491647782480223e-5,0.011673455875924828,inequality,Energy_intensive,Energy intensive,8,Precision production/repair
8,0.0006103360347255982,-0.009796741011782815,0.009576209788633562,-0.005433069524542226,0.006872064974671055,inequality,Energy_intensive,Energy intensive,8,Precision production/repair
9,-0.007330749304028502,-0.016182684668747067,0.0014334478036144927,-0.012610244244963542,-0.0018890812870421764,inequality,Energy_intensive,Energy intensive,8,Precision production/repair
10,-0.0039058834859427875,-0.012042840526973953,0.0028254534247518833,-0.008826519308476225,8.952635647332518e-5,inequality,Energy_intensive,Energy intensive,8,Precision production/repair
11,-0.02096678858917072,-0.033392791526312554,-0.010849962587448263,-0.028242512394050345,-0.015521713959225617,inequality,Energy_intensive,Energy intensive,8,Precision production/repair
12,-0.008101372765688928,-0.015184663308529942,-0.0012774099954430806,-0.012377407730456324,-0.00403275999594798,inequality,Energy_intensive,Energy intensive,8,Precision production/repair
13,-0.019756447990273963,-0.030932817170792756,-0.010482241248833292,-0.025823557984041855,-0.014697465440191836,inequality,Energy_intensive,Energy intensive,8,Precision production/repair
14,-0.0069251874148384155,-0.0169302116231005,0.0008048289323089024,-0.013270319273628314,-0.0022234370422708084,inequality,Energy_intensive,Energy intensive,8,Precision production/repair
15,-0.0067807026103174186,-0.01535306569653705,0.00215217729833454,-0.012555610617816272,-0.001556808679004251,inequality,Energy_intensive,Energy intensive,8,Precision production/repair
16,0.00396581816760227,-0.005000924774311103,0.013956805134670923,-0.0013483069088300837,0.00952019758939045,inequality,Energy_intensive,Energy intensive,8,Precision production/repair
17,-0.0016021294069258872,-0.009570501656848912,0.009817546631253409,-0.006319296819757123,0.005201485857871908,inequality,Energy_intensive,Energy intensive,8,Precision production/repair
18,0.001062759033829029,-0.007981269518659188,0.010066240365651728,-0.0048104097346530535,0.007067700977896983,inequality,Energy_intensive,Energy intensive,8,Precision production/repair
19,0.0014506847263395886,-0.008384029257987497,0.009928978567022325,-0.0049464349312986385,0.0070795539169537115,inequality,Energy_intensive,Energy intensive,8,Precision production/repair
20,-0.012751069218618726,-0.0205680263821365,-0.003304849279646886,-0.01736535843901594,-0.007455331561678827,inequality,Energy_intensive,Energy intensive,8,Precision production/repair
21,-0.010953462075804218,-0.02128254604223754,-0.0011716111167272489,-0.01715165014255485,-0.004084447105522423,inequality,Energy_intensive,Energy intensive,8,Precision production/repair
22,-0.00041373779931288976,-0.007516154388791269,0.009337014013392833,-0.00468234440221017,0.005359718290468102,inequality,Energy_intensive,Energy intensive,8,Precision production/repair
23,-0.0004397062116798814,-0.012301684019966386,0.01046271105434332,-0.0076671029584871086,0.006269500256487198,inequality,Energy_intensive,Energy intensive,8,Precision production/repair
24,0.005177046014521382,-0.003639679201391268,0.014535642577295546,-0.00018294146810799317,0.010519279755132543,inequality,Energy_intensive,Energy intensive,8,Precision production/repair
25,0.009341403081259641,0.00016932809239719564,0.017774028071449212,0.004060050513174829,0.014232685273298282,inequality,Energy_intensive,Energy intensive,8,Precision production/repair
26,-0.01693911243092769,-0.025575230671443502,-0.008283291318261284,-0.021998327129034937,-0.011938402984643014,inequality,Energy_intensive,Energy intensive,8,Precision production/repair
27,-0.003275444084950655,-0.013581130289987552,0.005743514239416821,-0.00993801347616003,0.0019864526920311616,inequality,Energy_intensive,Energy intensive,8,Precision production/repair
28,-0.011035173541719635,-0.020043310068306765,-0.00319436363913359,-0.01645054290830919,-0.006196696464757504,inequality,Energy_intensive,Energy intensive,8,Precision production/repair
29,-0.00045714002050173744,-0.009738471664939559,0.009660756321274033,-0.0062248316642245305,0.004951464807645165,inequality,Energy_intensive,Energy intensive,8,Precision production/repair
30,-0.0023906192105869546,-0.011193856725650245,0.005836131740991792,-0.0076075803600790855,0.002511134309282005,inequality,Energy_intensive,Energy intensive,8,Precision production/repair
31,-0.008339344124569008,-0.016560161393082945,0.00025933835628817563,-0.013329426217056465,-0.0027056009493933563,inequality,Energy_intensive,Energy intensive,8,Precision production/repair
32,-0.003859524444160317,-0.013430264112024415,0.005194075657105508,-0.009694277096320581,0.001992292444774488,inequality,Energy_intensive,Energy intensive,8,Precision production/repair
33,0.005092363016307661,-0.0032170086421134825,0.012798762243078026,0.0001328702195829484,0.009007487615106294,inequality,Energy_intensive,Energy intensive,8,Precision production/repair
34,-0.006539285593332323,-0.016751685864027907,0.0026589200439763906,-0.012978204805992401,-0.001590105403900123,inequality,Energy_intensive,Energy intensive,8,Precision production/repair
35,0.004285393943471278,-0.0049480823808462976,0.014595152973572053,-0.001495747373647176,0.01059514015088223,inequality,Energy_intensive,Energy intensive,8,Precision production/repair
36,0.0006195822885334125,-0.01201947921671028,0.013040059743573203,-0.007017959215327992,0.007532741708181157,inequality,Energy_intensive,Energy intensive,8,Precision production/repair
0,-0.013140266606484312,-0.02340942637424807,-0.004332694276341274,-0.018684628957337756,-0.00744040354411479,inequality,Energy_intensive,Energy intensive,9,Machine operators/transport
1,-0.001436623875854542,-0.009422473120760718,0.0062371661188514345,-0.00639121168522256,0.0024518703972175827,inequality,Energy_intensive,Energy intensive,9,Machine operators/transport
2,-0.007061483904176502,-0.015793021542360758,0.0019827082284744656,-0.012783512801982339,-0.0011139648533939556,inequality,Energy_intensive,Energy intensive,9,Machine operators/transport
3,-0.004236148680620777,-0.011346067912867783,0.0041740054290360165,-0.008886353581512164,0.0007534052129466295,inequality,Energy_intensive,Energy intensive,9,Machine operators/transport
4,-0.007794184041404368,-0.015298513676659043,-0.0005140976625826535,-0.011600828787175717,-0.0036538244058553293,inequality,Energy_intensive,Energy intensive,9,Machine operators/transport
5,-0.0066152795343329416,-0.014008243961022328,0.000599904933009222,-0.010829809679284428,-0.0027317305697172924,inequality,Energy_intensive,Energy intensive,9,Machine operators/transport
6,-0.010614749156916507,-0.018984227777814847,-0.003086024534904818,-0.015157427909375167,-0.006133114035237138,inequality,Energy_intensive,Energy intensive,9,Machine operators/transport
7,-0.007015582853236264,-0.014623952452381506,0.002679259421940394,-0.012274640853294478,-0.0016876683669094132,inequality,Energy_intensive,Energy intensive,9,Machine operators/transport
8,0.001674432368854623,-0.005442843388508518,0.008930121727421391,-0.002585268128949039,0.006179237433692618,inequality,Energy_intensive,Energy intensive,9,Machine operators/transport
9,-0.008226676639927755,-0.017720163732407167,0.00047797253731278293,-0.013785624902027067,-0.0027420509552484335,inequality,Energy_intensive,Energy intensive,9,Machine operators/transport
10,-0.009038473536345305,-0.017247718602249232,-0.001794186096558091,-0.01421976905653987,-0.004816186866805902,inequality,Energy_intensive,Energy intensive,9,Machine operators/transport
11,-0.009029204596969714,-0.01672071279267636,-0.0008080589483753665,-0.013703003629666578,-0.004263897225977459,inequality,Energy_intensive,Energy intensive,9,Machine operators/transport
12,0.005353971138939929,-0.0030133131322595775,0.013545453712976923,0.00037118577159423165,0.01011561160879201,inequality,Energy_intensive,Energy intensive,9,Machine operators/transport
13,-0.005697423633779,-0.015858743134369982,0.002847213285237052,-0.011711726667606776,-0.0007293257460862746,inequality,Energy_intensive,Energy intensive,9,Machine operators/transport
14,0.007756496377034962,0.00023043757820421108,0.016403132569452437,0.003129182073489673,0.012768386307650922,inequality,Energy_intensive,Energy intensive,9,Machine operators/transport
15,-0.001311213291649034,-0.009592707141152982,0.00626533546531795,-0.005932621263940215,0.003251551500306327,inequality,Energy_intensive,Energy intensive,9,Machine operators/transport
16,-0.002062655880016839,-0.009554855915698875,0.0052298190328345,-0.006123929713987021,0.002529434783497469,inequality,Energy_intensive,Energy intensive,9,Machine operators/transport
17,-0.013530029876973073,-0.023693304992792534,-0.004542696727128492,-0.019181223255243005,-0.007805239394997382,inequality,Energy_intensive,Energy intensive,9,Machine operators/transport
18,0.0012066640692506363,-0.009173872557367036,0.009485091295540525,-0.005445201362584619,0.005877661589312289,inequality,Energy_intensive,Energy intensive,9,Machine operators/transport
19,0.010265409867006718,0.0027520279644203047,0.017636128541296398,0.005271538647673984,0.01516483304986621,inequality,Energy_intensive,Energy intensive,9,Machine operators/transport
20,0.0030662562428874665,-0.004595632429539672,0.011577334831016122,-0.0016460645356948388,0.00804725531664163,inequality,Energy_intensive,Energy intensive,9,Machine operators/transport
21,0.0016141318337071116,-0.008105597156853637,0.01049517002090052,-0.004758025413268714,0.006950298398526545,inequality,Energy_intensive,Energy intensive,9,Machine operators/transport
22,-0.0005001066843631929,-0.007813368411484773,0.006383764757583419,-0.00545640407547116,0.0030906462251709312,inequality,Energy_intensive,Energy intensive,9,Machine operators/transport
23,-0.006195121902806045,-0.014770641056117742,0.0009727543486835865,-0.011289974818144638,-0.00175788383218299,inequality,Energy_intensive,Energy intensive,9,Machine operators/transport
24,0.0010431617282702017,-0.005377873488898467,0.007336214133001703,-0.0031035194807855215,0.004912152352095146,inequality,Energy_intensive,Energy intensive,9,Machine operators/transport
25,-0.004895520244264215,-0.015690623071306004,0.0040057939978363905,-0.01098104778772643,9.592524876245612e-5,inequality,Energy_intensive,Energy intensive,9,Machine operators/transport
26,0.005496913781070584,-0.005181839149344673,0.013101580682229623,-0.0015565526077634308,0.009922794621928584,inequality,Energy_intensive,Energy intensive,9,Machine operators/transport
27,6.333164324928483e-5,-0.007792367554067026,0.00792452203099008,-0.0045572811951293335,0.0048382453039473175,inequality,Energy_intensive,Energy intensive,9,Machine operators/transport
28,0.00525793163629876,-0.0029657567648286734,0.013394767112432374,-0.00018198550396161198,0.010556851754454793,inequality,Energy_intensive,Energy intensive,9,Machine operators/transport
29,0.0037533565153202194,-0.004794359266551156,0.01100184775953293,-0.0013936252561224031,0.008200923473912599,inequality,Energy_intensive,Energy intensive,9,Machine operators/transport
30,-0.004922509361013464,-0.014857166873312386,0.004378786376487096,-0.01072655366356176,0.0010184492267051566,inequality,Energy_intensive,Energy intensive,9,Machine operators/transport
31,-0.0032950565380865686,-0.009616093136532212,0.003322072550772339,-0.006976288035539293,0.000628641860593789,inequality,Energy_intensive,Energy intensive,9,Machine operators/transport
32,0.007011078792402099,-0.00016943402093072546,0.014828879082066895,0.0027276763816217794,0.012288063596876016,inequality,Energy_intensive,Energy intensive,9,Machine operators/transport
33,-0.003983984687119564,-0.01249776334334281,0.002778393087973177,-0.009081264281018166,-0.0002689185138191729,inequality,Energy_intensive,Energy intensive,9,Machine operators/transport
34,-0.003233755732564845,-0.013595402254444703,0.004782783100579963,-0.009360060647849293,0.0018877918159204369,inequality,Energy_intensive,Energy intensive,9,Machine operators/transport
35,-0.0011889527441298175,-0.008341081346050652,0.006319008511365999,-0.005623806742221244,0.002957018521033988,inequality,Energy_intensive,Energy intensive,9,Machine operators/transport
36,-0.0017896858748038904,-0.008183252174852274,0.005989472656481316,-0.005771520273257884,0.002925234603294078,inequality,Energy_intensive,Energy intensive,9,Machine operators/transport
0,-0.0005636595519935783,-0.0076067795900323955,0.006015197148439196,-0.005014578479588919,0.003440968790018271,inequality,Manufacturing_Construction,Mfg. + construction,1,Managerial
1,-0.0008501646816262918,-0.006048902703683104,0.004136666549587504,-0.0038453090391167228,0.0020442620181248404,inequality,Manufacturing_Construction,Mfg. + construction,1,Managerial
2,0.0015227136428404581,-0.0037952353382927663,0.007924835098559502,-0.0018836269979502227,0.004937272365273205,inequality,Manufacturing_Construction,Mfg. + construction,1,Managerial
3,-0.003997165779767577,-0.011894474119295164,0.0033172587472430444,-0.00800053277590285,0.0004216767523035443,inequality,Manufacturing_Construction,Mfg. + construction,1,Managerial
4,0.0025299407637885026,-0.003315923377470285,0.007927186430454841,-0.0008627683548416386,0.005926577792943356,inequality,Manufacturing_Construction,Mfg. + construction,1,Managerial
5,-0.00555301478646552,-0.013346368618187752,0.0020306221499923624,-0.010319256830012075,-0.0014605037306234811,inequality,Manufacturing_Construction,Mfg. + construction,1,Managerial
6,-0.005414678937067585,-0.010933825558178907,0.001191836940969292,-0.008720835768928636,-0.0016914784038631254,inequality,Manufacturing_Construction,Mfg. + construction,1,Managerial
7,-0.0028106759133968073,-0.009742281192044618,0.0035491804210000567,-0.007159136530937107,0.0011423397723484587,inequality,Manufacturing_Construction,Mfg. + construction,1,Managerial
8,0.005706402471720712,0.00025209713848327753,0.011367346510439259,0.002335017914115032,0.008884363243227314,inequality,Manufacturing_Construction,Mfg. + construction,1,Managerial
9,-0.003444370148394699,-0.008985512700149106,0.002819997278135023,-0.006801304823266521,0.00043454355358033556,inequality,Manufacturing_Construction,Mfg. + construction,1,Managerial
10,-0.006098964810671674,-0.012719408895981148,-0.00029525574371576553,-0.009918479031974547,-0.002400373086230497,inequality,Manufacturing_Construction,Mfg. + construction,1,Managerial
11,-0.00236294311568847,-0.010198767841586935,0.004265968067201942,-0.006545499672627228,0.001212825583595649,inequality,Manufacturing_Construction,Mfg. + construction,1,Managerial
12,0.0035010675420140552,-0.0029141124074437462,0.009519657791957724,-0.00045169870186709433,0.007193320311246262,inequality,Manufacturing_Construction,Mfg. + construction,1,Managerial
13,0.0017889330331027648,-0.004309354133051204,0.00845667205630866,-0.0016103672228884812,0.005544582154419544,inequality,Manufacturing_Construction,Mfg. + construction,1,Managerial
14,0.0002007203668445248,-0.007498465704632922,0.006771667310351851,-0.004480504728781429,0.004165956518156145,inequality,Manufacturing_Construction,Mfg. + construction,1,Managerial
15,-0.005584516491264561,-0.012576000077009052,0.0003115957721923886,-0.0093987238657425,-0.001868714705175657,inequality,Manufacturing_Construction,Mfg. + construction,1,Managerial
16,-0.0071877349531721075,-0.013886430458114812,-4.737472433029386e-5,-0.01129202215655212,-0.0027557768483083764,inequality,Manufacturing_Construction,Mfg. + construction,1,Managerial
17,0.0010737480375049694,-0.004956376565405181,0.00803165487960389,-0.002567696787229597,0.005278729259305545,inequality,Manufacturing_Construction,Mfg. + construction,1,Managerial
18,0.0009265281365088761,-0.005776841412776474,0.008213129642267662,-0.0025578124797967536,0.004610532013194694,inequality,Manufacturing_Construction,Mfg. + construction,1,Managerial
19,0.001775936941054805,-0.005190555857555283,0.007215662845615018,-0.0022066284277746434,0.0049910682623045145,inequality,Manufacturing_Construction,Mfg. + construction,1,Managerial
20,-0.001567396997627519,-0.008597364839490503,0.00608602393415913,-0.005802097062105683,0.0030213266484318806,inequality,Manufacturing_Construction,Mfg. + construction,1,Managerial
21,-0.004064079646726016,-0.010896443084912449,0.002266594932087672,-0.008088755232324807,-0.0006953855950897216,inequality,Manufacturing_Construction,Mfg. + construction,1,Managerial
22,-0.000599394732031467,-0.006682418718742098,0.005714558484954349,-0.004230597678915348,0.0029769307806163355,inequality,Manufacturing_Construction,Mfg. + construction,1,Managerial
23,-0.00907946316994244,-0.016445539443257197,-0.001725350133489999,-0.013525093984722706,-0.004558413752954544,inequality,Manufacturing_Construction,Mfg. + construction,1,Managerial
24,-0.004199919864643376,-0.011293554581082811,0.002194656171149368,-0.00878589732679804,6.396565916615225e-5,inequality,Manufacturing_Construction,Mfg. + construction,1,Managerial
25,0.0023584162376766842,-0.00392396517399217,0.009535154478409075,-0.0016786127601064954,0.006245619391099964,inequality,Manufacturing_Construction,Mfg. + construction,1,Managerial
26,0.0016484500231592953,-0.0039864492990627064,0.006817254475926919,-0.0019605738404695127,0.004901911272450463,inequality,Manufacturing_Construction,Mfg. + construction,1,Managerial
27,-0.005312105761374409,-0.011103776600018293,-0.0005611239016061779,-0.008896949107490523,-0.002474411789400211,inequality,Manufacturing_Construction,Mfg. + construction,1,Managerial
28,0.0015399350159844482,-0.00650430572293212,0.009196372534125691,-0.003316287310258995,0.005760651438955979,inequality,Manufacturing_Construction,Mfg. + construction,1,Managerial
29,0.0039116755191445024,-0.0022263713951354907,0.010434981651113295,7.064440983483309e-5,0.007664721134011063,inequality,Manufacturing_Construction,Mfg. + construction,1,Managerial
30,-0.010318085857529694,-0.017248207288988446,-0.0029353729540594837,-0.014393420384770421,-0.0058165022455994855,inequality,Manufacturing_Construction,Mfg. + construction,1,Managerial
31,-0.004758443165345589,-0.011506675003375816,0.002996014202590622,-0.00929042982711123,0.0001243081466786207,inequality,Manufacturing_Construction,Mfg. + construction,1,Managerial
32,0.0014776749758156399,-0.005366572923914787,0.009005214352810823,-0.0026076615066250664,0.006198444098616126,inequality,Manufacturing_Construction,Mfg. + construction,1,Managerial
33,0.004575349230839044,-0.0016630132784383692,0.011131239945152695,0.0007772650014065117,0.00872987827515466,inequality,Manufacturing_Construction,Mfg. + construction,1,Managerial
34,0.0020671315346014285,-0.005178869950345182,0.010667210474496364,-0.0024111649489393827,0.006783947326803652,inequality,Manufacturing_Construction,Mfg. + construction,1,Managerial
35,0.0019585757506161462,-0.0038370354617909413,0.00758527836152156,-0.0016941212580522396,0.005322379490038153,inequality,Manufacturing_Construction,Mfg. + construction,1,Managerial
36,-0.0039281908209606135,-0.011012085579557863,0.002556843797923791,-0.008205959886560112,-0.00011896247809720486,inequality,Manufacturing_Construction,Mfg. + construction,1,Managerial
0,0.0023413704913341905,-0.004085014411814858,0.008884607302728054,-0.0021542683856095534,0.006612924308398327,inequality,Manufacturing_Construction,Mfg. + construction,2,Professional specialty
1,0.0002999776665673283,-0.006356511668191854,0.007076190720354739,-0.003929482615714794,0.0044646682544073335,inequality,Manufacturing_Construction,Mfg. + construction,2,Professional specialty
2,0.00042456846686992814,-0.007085351080865687,0.008457172864457642,-0.004425511224278915,0.004999747919556131,inequality,Manufacturing_Construction,Mfg. + construction,2,Professional specialty
3,-0.0031989035315894213,-0.0102401558318432,0.00407028312542027,-0.007331010119203149,0.0014824485975022637,inequality,Manufacturing_Construction,Mfg. + construction,2,Professional specialty
4,-9.761479838535277e-5,-0.007867777839117369,0.008285713732729745,-0.0048692438115383666,0.004553955397660295,inequality,Manufacturing_Construction,Mfg. + construction,2,Professional specialty
5,0.0068203283819066275,-0.0012187153986951789,0.015142667009825757,0.001973071098570472,0.011569199820077598,inequality,Manufacturing_Construction,Mfg. + construction,2,Professional specialty
6,-0.0008082791661364914,-0.00710313934525466,0.005419232197192261,-0.0044934326461166536,0.00309535668456707,inequality,Manufacturing_Construction,Mfg. + construction,2,Professional specialty
7,0.000231976345488431,-0.006558761766055009,0.006805121087595069,-0.003693749818838354,0.003965911750272712,inequality,Manufacturing_Construction,Mfg. + construction,2,Professional specialty
8,0.002562619482264097,-0.0050508753260092255,0.01007801828698356,-0.0017969457674169038,0.007102560743815065,inequality,Manufacturing_Construction,Mfg. + construction,2,Professional specialty
9,-0.004650537862225054,-0.01244184134369137,0.002190341795862227,-0.009304814547750305,-0.00030659376000352796,inequality,Manufacturing_Construction,Mfg. + construction,2,Professional specialty
10,0.004982222665376708,-0.0021161585756032785,0.014446267304059776,0.0005144978854215746,0.010634034177791449,inequality,Manufacturing_Construction,Mfg. + construction,2,Professional specialty
11,0.007394785493100665,-0.0011040237066116503,0.01708504126573725,0.0017431802772057423,0.012834495895814202,inequality,Manufacturing_Construction,Mfg. + construction,2,Professional specialty
12,-0.011108808523688384,-0.020149609757472167,-0.0013567989654624576,-0.016817231115578885,-0.0060041140682382714,inequality,Manufacturing_Construction,Mfg. + construction,2,Professional specialty
13,-0.0056987686173938365,-0.013956625835268053,0.002158310788837238,-0.010592659362364412,-0.0006528974919210295,inequality,Manufacturing_Construction,Mfg. + construction,2,Professional specialty
14,-0.0027984840469205577,-0.01225667643532892,0.005305191254958408,-0.008222833499993951,0.0016866596227971945,inequality,Manufacturing_Construction,Mfg. + construction,2,Professional specialty
15,0.006598238420592697,-0.0005889940049184708,0.01351747779256127,0.0024023176701053178,0.010415467118815731,inequality,Manufacturing_Construction,Mfg. + construction,2,Professional specialty
16,-0.002565261429033467,-0.01157562304019874,0.004772807539165178,-0.007894309113518669,0.0019996686728087215,inequality,Manufacturing_Construction,Mfg. + construction,2,Professional specialty
17,0.003670253389119688,-0.00540490689414928,0.01287370780854095,-0.0014029209289205006,0.008658029974047588,inequality,Manufacturing_Construction,Mfg. + construction,2,Professional specialty
18,0.004467395743927161,-0.0025760774607316694,0.010969219827435076,0.00020608754754468037,0.008186420932412572,inequality,Manufacturing_Construction,Mfg. + construction,2,Professional specialty
19,-0.008254277644746209,-0.0166034850539064,-0.00039757799210916357,-0.013312105201819153,-0.0031912001587768154,inequality,Manufacturing_Construction,Mfg. + construction,2,Professional specialty
20,0.0013559594223410264,-0.00749248244319987,0.009315605105091948,-0.0040191724189697405,0.006091403520129519,inequality,Manufacturing_Construction,Mfg. + construction,2,Professional specialty
21,-0.010632120485980875,-0.018242093869815106,-0.0017466334262148525,-0.015021415085317222,-0.004989979303271447,inequality,Manufacturing_Construction,Mfg. + construction,2,Professional specialty
22,-0.007961873347588262,-0.016893809489765592,0.00242022362393568,-0.013186035896508057,-0.0020369900834338733,inequality,Manufacturing_Construction,Mfg. + construction,2,Professional specialty
23,0.002511777125786574,-0.006158015903369242,0.009228390062559792,-0.0018145651536656507,0.006923294697951329,inequality,Manufacturing_Construction,Mfg. + construction,2,Professional specialty
24,-0.00806921009428346,-0.015414860371036919,-0.000812453765475619,-0.012751035556663178,-0.003777835453004993,inequality,Manufacturing_Construction,Mfg. + construction,2,Professional specialty
25,-0.005423296864646333,-0.014242605602537104,0.004487345726570158,-0.010574066383230683,0.0003254779172752074,inequality,Manufacturing_Construction,Mfg. + construction,2,Professional specialty
26,-0.010216253756985353,-0.019788622619355392,-0.0014737988441476287,-0.015907137784406826,-0.0046547713344615976,inequality,Manufacturing_Construction,Mfg. + construction,2,Professional specialty
27,0.013372333814891616,0.0031260647406601318,0.020079937815797172,0.007652999786483867,0.01745613189767037,inequality,Manufacturing_Construction,Mfg. + construction,2,Professional specialty
28,-0.004802258338297746,-0.013299142191765511,0.0019375503722565213,-0.009646666793327988,-0.0013460115872395081,inequality,Manufacturing_Construction,Mfg. + construction,2,Professional specialty
29,0.0016689294119860538,-0.008241075308305796,0.010184718929792589,-0.004141322356269883,0.006881251622936813,inequality,Manufacturing_Construction,Mfg. + construction,2,Professional specialty
30,0.003147461936644997,-0.005409089118360541,0.01139485255621277,-0.0015957686601264973,0.00806678875491049,inequality,Manufacturing_Construction,Mfg. + construction,2,Professional specialty
31,0.0013407467093731111,-0.007205181138569746,0.008453844488131723,-0.003966719248023609,0.00572088040997708,inequality,Manufacturing_Construction,Mfg. + construction,2,Professional specialty
32,-0.0066498161589531885,-0.01499835985291592,0.0006110739597883748,-0.011457678647981605,-0.0019982635245294625,inequality,Manufacturing_Construction,Mfg. + construction,2,Professional specialty
33,-0.00028988178860154124,-0.008246261235207303,0.006923801934597642,-0.0055342577101830815,0.003927871945993143,inequality,Manufacturing_Construction,Mfg. + construction,2,Professional specialty
34,-0.0074723849866233875,-0.014153686622198203,-0.0007430839050301796,-0.011608204560403975,-0.0033686040108521116,inequality,Manufacturing_Construction,Mfg. + construction,2,Professional specialty
35,0.003990901929508879,-0.003875726729456491,0.011521601983548131,-0.0007279363116143994,0.00827948288292809,inequality,Manufacturing_Construction,Mfg. + construction,2,Professional specialty
36,0.012724415660779463,0.005222730771990037,0.020390622857300346,0.0080662180918029,0.017651468295816514,inequality,Manufacturing_Construction,Mfg. + construction,2,Professional specialty
0,-0.006581633298819166,-0.01947715614708084,0.008398983181702808,-0.014442658683625657,0.0018846817102800588,inequality,Manufacturing_Construction,Mfg. + construction,3,High tech
1,0.010696611140852852,0.00012121896389460929,0.021048227935161583,0.004507061088232893,0.016305590539832975,inequality,Manufacturing_Construction,Mfg. + construction,3,High tech
2,-0.020090042334991932,-0.03214356705584204,-0.0094918767475788,-0.027259415692079483,-0.013389833413472621,inequality,Manufacturing_Construction,Mfg. + construction,3,High tech
3,-0.004337112218929334,-0.014840875894278804,0.00620292223803892,-0.01048126999570305,0.0025577202443477698,inequality,Manufacturing_Construction,Mfg. + construction,3,High tech
4,-0.007502137065646325,-0.018138030580726924,0.003772609828958897,-0.01474541132976789,-0.0015412554993714201,inequality,Manufacturing_Construction,Mfg. + construction,3,High tech
5,-0.0010394594017068377,-0.013722559644278045,0.012230949099220286,-0.008441927017203896,0.007075443926458213,inequality,Manufacturing_Construction,Mfg. + construction,3,High tech
6,-0.0015003411034132433,-0.01433251451138224,0.009800509162417944,-0.00877823186451762,0.0051747833227977005,inequality,Manufacturing_Construction,Mfg. + construction,3,High tech
7,-0.017367342323820163,-0.03179640821799082,-0.004827481169949379,-0.024892828794690493,-0.009716950388177097,inequality,Manufacturing_Construction,Mfg. + construction,3,High tech
8,-0.0024256288712423088,-0.013480577795299943,0.008758093232463085,-0.009130975091181244,0.003954006025626443,inequality,Manufacturing_Construction,Mfg. + construction,3,High tech
9,-0.0048188028121047945,-0.014482546328554582,0.006290536995111153,-0.011160310198830691,0.001962874406035501,inequality,Manufacturing_Construction,Mfg. + construction,3,High tech
10,-0.0009280503838342668,-0.01208465580559991,0.009766655500571052,-0.007967116731609446,0.005662171133042102,inequality,Manufacturing_Construction,Mfg. + construction,3,High tech
11,0.01363098414649819,0.002641999463491978,0.025190628779614022,0.0062311114579748335,0.019820742597341307,inequality,Manufacturing_Construction,Mfg. + construction,3,High tech
12,-0.011493996269466936,-0.02204978177626939,-0.0017208374853471056,-0.017571783408003007,-0.005257101038630739,inequality,Manufacturing_Construction,Mfg. + construction,3,High tech
13,0.006424542479519299,-0.004630549406140112,0.01781320609509248,-0.00040280005457543795,0.013450725692942384,inequality,Manufacturing_Construction,Mfg. + construction,3,High tech
14,-0.008377456496069035,-0.018535804792241144,0.0031489162334827105,-0.014870738360194197,-0.0012075590882170764,inequality,Manufacturing_Construction,Mfg. + construction,3,High tech
15,-0.02265714754584053,-0.03487490395387939,-0.011031345090520237,-0.030764730427572284,-0.016175527771700858,inequality,Manufacturing_Construction,Mfg. + construction,3,High tech
16,0.004274407602684582,-0.00629610416638272,0.015509180539316714,-0.002513324066032008,0.010623800418928804,inequality,Manufacturing_Construction,Mfg. + construction,3,High tech
17,-0.001960079964790904,-0.015192021716388176,0.012363850191092138,-0.009890616496454624,0.007322882475742663,inequality,Manufacturing_Construction,Mfg. + construction,3,High tech
18,-0.00869659975275068,-0.020401972771048785,0.002642937610584751,-0.016313189850486166,-0.001743556968163874,inequality,Manufacturing_Construction,Mfg. + construction,3,High tech
19,0.004301533769926881,-0.008740147509063498,0.016000752966632767,-0.0037405527093661278,0.010765421119712931,inequality,Manufacturing_Construction,Mfg. + construction,3,High tech
20,-0.013873616169560636,-0.026156862758460638,-0.0018760830180639069,-0.021070595166460485,-0.006398362058426759,inequality,Manufacturing_Construction,Mfg. + construction,3,High tech
21,-0.007136731749187246,-0.019128560087278194,0.00713790645680687,-0.014285767687862976,0.0014838872636794105,inequality,Manufacturing_Construction,Mfg. + construction,3,High tech
22,0.024530351232824016,0.01402130466138409,0.035425373282613054,0.018099990693838316,0.030900016350471904,inequality,Manufacturing_Construction,Mfg. + construction,3,High tech
23,-0.007944563943631418,-0.020583062351039766,0.004159964151523818,-0.0152587271057102,-0.0008472654565676941,inequality,Manufacturing_Construction,Mfg. + construction,3,High tech
24,-0.007848451669484321,-0.020149532243965033,0.004620222898473296,-0.015129631789966722,-0.0004610256763165699,inequality,Manufacturing_Construction,Mfg. + construction,3,High tech
25,-0.004975984295670148,-0.020283892821780166,0.01079475488467517,-0.014152118473818035,0.004934661657206873,inequality,Manufacturing_Construction,Mfg. + construction,3,High tech
26,-0.008783944595653416,-0.020223419892167225,0.0014415023957915565,-0.016031683862064314,-0.0031651508459370125,inequality,Manufacturing_Construction,Mfg. + construction,3,High tech
27,-0.006831570065844282,-0.016717091101776722,0.0041934798253261615,-0.01292589768235495,-0.0006584511686114026,inequality,Manufacturing_Construction,Mfg. + construction,3,High tech
28,-0.014318018408850464,-0.02704281756773565,-0.00308645109119883,-0.022400173488246966,-0.00773287579024902,inequality,Manufacturing_Construction,Mfg. + construction,3,High tech
29,-0.009652520516985,-0.021671818691790655,0.0049559695537636835,-0.018287334924155133,-0.0010223445115429327,inequality,Manufacturing_Construction,Mfg. + construction,3,High tech
30,-0.0028249763295871313,-0.012578224662183215,0.004738452753389197,-0.008607813291197917,0.0019531464949175538,inequality,Manufacturing_Construction,Mfg. + construction,3,High tech
31,0.010004858762704577,-0.003168500313116815,0.024194719659462544,0.0019798244313495843,0.019152275620385493,inequality,Manufacturing_Construction,Mfg. + construction,3,High tech
32,0.0023233739180640134,-0.010458446109563103,0.015440885677170035,-0.005896649888193144,0.009618736948554548,inequality,Manufacturing_Construction,Mfg. + construction,3,High tech
33,0.011469313996606764,0.001652387717837791,0.02163506259977637,0.0059842881115182486,0.01806469524726101,inequality,Manufacturing_Construction,Mfg. + construction,3,High tech
34,-0.003571032142636873,-0.01761037998823917,0.008612446936288093,-0.011672190085049102,0.0035510663043858883,inequality,Manufacturing_Construction,Mfg. + construction,3,High tech
35,0.001509450611990832,-0.00941526751474755,0.012644443153534104,-0.005772074335741577,0.008177403041641506,inequality,Manufacturing_Construction,Mfg. + construction,3,High tech
36,-0.0029452377757275415,-0.013789508965444806,0.009039708115710903,-0.009859550023281628,0.0044131949336649184,inequality,Manufacturing_Construction,Mfg. + construction,3,High tech
0,-0.006208515971642209,-0.022987719493867707,0.010446099180740916,-0.017292102115032827,0.003565665552570851,inequality,Manufacturing_Construction,Mfg. + construction,4,Sales
1,0.000390926389187137,-0.013471654503945937,0.014299162046616257,-0.007585491992981643,0.008870265067453788,inequality,Manufacturing_Construction,Mfg. + construction,4,Sales
2,0.014068752135106785,0.001183835473547678,0.028553188277597296,0.006224012649675325,0.02279872297368902,inequality,Manufacturing_Construction,Mfg. + construction,4,Sales
3,-0.017715956354875485,-0.03216904405215193,-0.002554908252993624,-0.026222545942896726,-0.008764677559275017,inequality,Manufacturing_Construction,Mfg. + construction,4,Sales
4,0.012514863232786784,-0.004280744390965121,0.027027296907583202,0.0028228034291393894,0.0219991643956406,inequality,Manufacturing_Construction,Mfg. + construction,4,Sales
5,-0.03021360346617981,-0.04722146279063457,-0.014193246149672458,-0.039999848397039586,-0.01969996305564976,inequality,Manufacturing_Construction,Mfg. + construction,4,Sales
6,0.0011863150890003733,-0.015589600511701912,0.019287213426313555,-0.008036612936807467,0.012052850894200268,inequality,Manufacturing_Construction,Mfg. + construction,4,Sales
7,-0.009552580141918905,-0.023400435794381978,0.005661059481404272,-0.018062064768191433,-0.0001711534126275921,inequality,Manufacturing_Construction,Mfg. + construction,4,Sales
8,0.0047536109652136045,-0.012686194218529217,0.02425688284866667,-0.006308565917651451,0.017079904717593693,inequality,Manufacturing_Construction,Mfg. + construction,4,Sales
9,-0.007069057633505457,-0.025587772306477893,0.013850278799858479,-0.01907810927360782,0.005839788077470517,inequality,Manufacturing_Construction,Mfg. + construction,4,Sales
10,0.01155088157194095,-0.0049261331766161705,0.030752428880439553,0.0007244101050875446,0.022711445075210727,inequality,Manufacturing_Construction,Mfg. + construction,4,Sales
11,-0.002803015653548347,-0.020940781735173608,0.012907871750540218,-0.011320347659293838,0.00649079196468978,inequality,Manufacturing_Construction,Mfg. + construction,4,Sales
12,0.012698248227270156,-0.005901836738731309,0.03137826678791612,0.0011038824310392256,0.023294620091249427,inequality,Manufacturing_Construction,Mfg. + construction,4,Sales
13,-0.015965532133369507,-0.03514906557649844,0.0011986652479722207,-0.027316279262773725,-0.005126804332603893,inequality,Manufacturing_Construction,Mfg. + construction,4,Sales
14,-0.004783563592754867,-0.02323693667750655,0.017447172989799094,-0.01598152424256842,0.007101902231553544,inequality,Manufacturing_Construction,Mfg. + construction,4,Sales
15,0.006217265345274361,-0.016119561568214133,0.02762741239293063,-0.006393051908313551,0.018189627290779033,inequality,Manufacturing_Construction,Mfg. + construction,4,Sales
16,0.006639582323536407,-0.009483224109954592,0.025916945430097586,-0.003047046408675049,0.01868355561199378,inequality,Manufacturing_Construction,Mfg. + construction,4,Sales
17,-0.015571525924151834,-0.03401483130689155,0.002693978097466805,-0.027417334903413016,-0.0056367444068205624,inequality,Manufacturing_Construction,Mfg. + construction,4,Sales
18,-0.0016580835593431181,-0.01803235517240183,0.018079265600299887,-0.010203157185942294,0.00976217941361396,inequality,Manufacturing_Construction,Mfg. + construction,4,Sales
19,-0.010063489509214858,-0.03417306108731833,0.006412810332370228,-0.024098190669635124,0.00022037729291374784,inequality,Manufacturing_Construction,Mfg. + construction,4,Sales
20,0.0015686246808795095,-0.015328479084138952,0.018208766901738282,-0.008421548026061043,0.011491420281432758,inequality,Manufacturing_Construction,Mfg. + construction,4,Sales
21,-0.013181354954809278,-0.032665475885813186,0.001114716672679662,-0.024599567738704795,-0.004068181785930465,inequality,Manufacturing_Construction,Mfg. + construction,4,Sales
22,-0.0022075375789501876,-0.019637252144893945,0.016310843766595008,-0.0123687097154422,0.009722023713879932,inequality,Manufacturing_Construction,Mfg. + construction,4,Sales
23,0.029593041525381707,0.009836856701331859,0.04417601143634635,0.017927525771385927,0.039277421601654504,inequality,Manufacturing_Construction,Mfg. + construction,4,Sales
24,-0.003280375128786285,-0.0263828707693256,0.01624084106742013,-0.016886193015621154,0.008606465307016607,inequality,Manufacturing_Construction,Mfg. + construction,4,Sales
25,-0.00835277723159418,-0.024067596133726065,0.00817094329963338,-0.016678195409664177,0.001949912575686866,inequality,Manufacturing_Construction,Mfg. + construction,4,Sales
26,-0.003515488270535533,-0.021250914531160795,0.013384052013089832,-0.01368101325728844,0.005675944571767076,inequality,Manufacturing_Construction,Mfg. + construction,4,Sales
27,0.006605527677204924,-0.010315248846718066,0.02802545283673436,-0.003938930204579444,0.018966146095606887,inequality,Manufacturing_Construction,Mfg. + construction,4,Sales
28,-0.011723373799231739,-0.03169526158930653,0.0039618738425120925,-0.02328764280309218,-0.0028713373104111047,inequality,Manufacturing_Construction,Mfg. + construction,4,Sales
29,0.008886514175387996,-0.00780598870666256,0.025931894254880676,-0.0008466583572807034,0.019393817950415754,inequality,Manufacturing_Construction,Mfg. + construction,4,Sales
30,-0.014926120887807398,-0.03599336968466853,0.0035190324669323834,-0.029310927598816976,-0.0023529526187903455,inequality,Manufacturing_Construction,Mfg. + construction,4,Sales
31,0.022462976475664632,0.0011764094107773945,0.04168814561695705,0.008781518068956724,0.03528347313305677,inequality,Manufacturing_Construction,Mfg. + construction,4,Sales
32,0.010537826607521757,-0.005274750381879545,0.02949718100719747,0.0003064278455593688,0.021998243978469972,inequality,Manufacturing_Construction,Mfg. + construction,4,Sales
33,-0.004961256275720663,-0.02225778490791412,0.014091357405937067,-0.015038923126987336,0.005186780021795882,inequality,Manufacturing_Construction,Mfg. + construction,4,Sales
34,-0.00463367822292773,-0.02012004316312012,0.011005647420431329,-0.013233112023890284,0.00520418180018332,inequality,Manufacturing_Construction,Mfg. + construction,4,Sales
35,0.00419791122942857,-0.011763494808433536,0.021688295752243195,-0.0053908422259396575,0.013636301830291233,inequality,Manufacturing_Construction,Mfg. + construction,4,Sales
36,-0.01129927235630971,-0.02766518391636414,0.006878326735527823,-0.021454483944127183,-0.00095366527349325,inequality,Manufacturing_Construction,Mfg. + construction,4,Sales
0,-0.009061232286467645,-0.016884346819688922,-0.002179964993861889,-0.013896207781257535,-0.004850264645288769,inequality,Manufacturing_Construction,Mfg. + construction,5,Administrative support
1,0.004513293597947127,-0.0033298415374846107,0.01154369306040583,9.634204155642423e-5,0.008915110999839887,inequality,Manufacturing_Construction,Mfg. + construction,5,Administrative support
2,-0.0029461453154036956,-0.00956730808584962,0.004465406431031825,-0.007002498263246221,0.001695824900690209,inequality,Manufacturing_Construction,Mfg. + construction,5,Administrative support
3,-0.00034935178896522613,-0.007708479916015457,0.008932383052580217,-0.004999720949879561,0.004675366475936,inequality,Manufacturing_Construction,Mfg. + construction,5,Administrative support
4,0.0029262987210563716,-0.004237591719000916,0.010581344566151802,-0.0014393490856854287,0.007460314011195089,inequality,Manufacturing_Construction,Mfg. + construction,5,Administrative support
5,-0.0020809173538976584,-0.008892984954944115,0.005692923154421143,-0.005776562288207719,0.0025338783747606746,inequality,Manufacturing_Construction,Mfg. + construction,5,Administrative support
6,-0.0052737216855596415,-0.012781887840187921,0.0010191522992636596,-0.009883304660817264,-0.0013001808663401764,inequality,Manufacturing_Construction,Mfg. + construction,5,Administrative support
7,-0.014841892678308682,-0.02217554162995619,-0.007602309807770659,-0.01940130241332175,-0.01068029894766488,inequality,Manufacturing_Construction,Mfg. + construction,5,Administrative support
8,-0.005105089398725605,-0.010580382912917314,0.0009984019117330028,-0.008205959897974329,-0.0016040671804243428,inequality,Manufacturing_Construction,Mfg. + construction,5,Administrative support
9,0.003581948559200427,-0.004322793525555582,0.0107491749870104,-0.0012387265938693416,0.008030956392386681,inequality,Manufacturing_Construction,Mfg. + construction,5,Administrative support
10,0.0006313700312252812,-0.0047808756853763516,0.005732615545437319,-0.0026131236954965035,0.003676158326837003,inequality,Manufacturing_Construction,Mfg. + construction,5,Administrative support
11,-0.002043240226618794,-0.007937909415260765,0.004158520637127413,-0.005789560591678655,0.001976866167442805,inequality,Manufacturing_Construction,Mfg. + construction,5,Administrative support
12,0.005417134062663173,-0.0014030977572998945,0.013658497827732152,0.0005932082069148217,0.010204961584570887,inequality,Manufacturing_Construction,Mfg. + construction,5,Administrative support
13,0.0004918314608043943,-0.004990900617521481,0.005892032932334508,-0.002876085502099616,0.003819203824538441,inequality,Manufacturing_Construction,Mfg. + construction,5,Administrative support
14,0.000142525494424308,-0.006064084946316074,0.006643868433972317,-0.00400906209768555,0.003820889737317289,inequality,Manufacturing_Construction,Mfg. + construction,5,Administrative support
15,0.0030856689848435133,-0.005500942647863969,0.00979478842481684,-0.0015297682360603452,0.007413298444133919,inequality,Manufacturing_Construction,Mfg. + construction,5,Administrative support
16,0.008190191690616336,0.0007524829024657996,0.016569819332390264,0.0039467198915197,0.012804208150091187,inequality,Manufacturing_Construction,Mfg. + construction,5,Administrative support
17,-0.005601756689167575,-0.012775371330524778,0.0013475803643612496,-0.009527722672012774,-0.0011730334651755556,inequality,Manufacturing_Construction,Mfg. + construction,5,Administrative support
18,0.004738024910354139,-0.0025785440976331675,0.010581185226543017,1.9165003393486688e-5,0.008288148400375096,inequality,Manufacturing_Construction,Mfg. + construction,5,Administrative support
19,-0.006132613529256256,-0.012804552727782293,0.0010143662756815263,-0.0099383992908285,-0.001803357425874029,inequality,Manufacturing_Construction,Mfg. + construction,5,Administrative support
20,-0.010540236075349676,-0.017129003932777526,-0.0032755607976769066,-0.014160899505311554,-0.006001735902931524,inequality,Manufacturing_Construction,Mfg. + construction,5,Administrative support
21,0.003349897746172034,-0.003494287184024736,0.009667857815269403,-0.0005521893245072152,0.007224420182797148,inequality,Manufacturing_Construction,Mfg. + construction,5,Administrative support
22,0.0017465582481989961,-0.004580284585979914,0.007556493711895776,-0.0017356239275627284,0.00490567249920964,inequality,Manufacturing_Construction,Mfg. + construction,5,Administrative support
23,-0.01591045168516995,-0.022460137013033517,-0.01005178104388275,-0.01959122920465129,-0.012576671596894538,inequality,Manufacturing_Construction,Mfg. + construction,5,Administrative support
24,-0.004431662862927706,-0.010358319494368967,0.0003102313366199049,-0.008502164560238012,-0.00158585520485407,inequality,Manufacturing_Construction,Mfg. + construction,5,Administrative support
25,0.005532563143694314,-0.0021459167898456605,0.014138725349871385,0.0008495305942139483,0.010975527043119743,inequality,Manufacturing_Construction,Mfg. + construction,5,Administrative support
26,-0.0007781134986108806,-0.007842063282018108,0.006781300780842197,-0.005265732043209777,0.0035786673236752426,inequality,Manufacturing_Construction,Mfg. + construction,5,Administrative support
27,0.0032133148189083436,-0.003171636954407683,0.011128877992178366,-0.0004655448980763737,0.008189157959341142,inequality,Manufacturing_Construction,Mfg. + construction,5,Administrative support
28,-0.008134147328189517,-0.013355245222880728,-0.003025683062300724,-0.01140255922861288,-0.005027592766375924,inequality,Manufacturing_Construction,Mfg. + construction,5,Administrative support
29,0.0021528449746467115,-0.009072151382004578,0.009474011985980735,-0.0040734841689292756,0.006334933215895326,inequality,Manufacturing_Construction,Mfg. + construction,5,Administrative support
30,-0.004307352975377588,-0.010396242569092108,0.002558348165433857,-0.008178902916090566,-0.00020753821541416237,inequality,Manufacturing_Construction,Mfg. + construction,5,Administrative support
31,0.008600272525826576,0.0026847843557310435,0.014775429980858875,0.004978830763350642,0.012453474917522885,inequality,Manufacturing_Construction,Mfg. + construction,5,Administrative support
32,0.00028979449422422807,-0.008092999669850151,0.008813176439197852,-0.003984376607830829,0.0054176459927444175,inequality,Manufacturing_Construction,Mfg. + construction,5,Administrative support
33,0.005155952740435498,-0.0032381383678753706,0.011289123646242093,0.00097239811277448,0.008818498789885956,inequality,Manufacturing_Construction,Mfg. + construction,5,Administrative support
34,-0.005102069376534336,-0.01117205198829175,0.0009998118507712527,-0.008952099326403989,-0.0017765641285355394,inequality,Manufacturing_Construction,Mfg. + construction,5,Administrative support
35,-0.004332510721386086,-0.012133900232775042,0.003647513667396728,-0.009161865902444274,0.000429589727678625,inequality,Manufacturing_Construction,Mfg. + construction,5,Administrative support
36,0.013240333130037788,0.006327477519773968,0.020529911248148593,0.009071010550800696,0.01736872057516724,inequality,Manufacturing_Construction,Mfg. + construction,5,Administrative support
0,0.009154637396995092,-0.03475835495960693,0.07741127933412052,-0.016833470530156817,0.04775373620942872,inequality,Manufacturing_Construction,Mfg. + construction,6,Service
1,0.015950307404193266,-0.03168731774837556,0.07757656219949757,-0.010890180134541915,0.04744814228670261,inequality,Manufacturing_Construction,Mfg. + construction,6,Service
2,-0.07136035616377734,-0.11202367931910148,-0.02655346329543442,-0.09516832171685112,-0.04644088300897718,inequality,Manufacturing_Construction,Mfg. + construction,6,Service
3,-0.04345490998801969,-0.09654729963420161,0.0007475742856092454,-0.0739126720562748,-0.017813648719524594,inequality,Manufacturing_Construction,Mfg. + construction,6,Service
4,0.006573931304100696,-0.025915356185549195,0.046721204296428225,-0.01270881984791637,0.028889577653391653,inequality,Manufacturing_Construction,Mfg. + construction,6,Service
5,0.013536433111075533,-0.04394379715903947,0.06878082916558287,-0.018416192358441413,0.04654587513680542,inequality,Manufacturing_Construction,Mfg. + construction,6,Service
6,0.04706305602094159,-0.012029841753162816,0.10260212237129707,0.010616134959513211,0.08108068079577035,inequality,Manufacturing_Construction,Mfg. + construction,6,Service
7,0.05138157645562804,-0.013719351093513875,0.11909963828435502,0.01565418847048715,0.08967332322901378,inequality,Manufacturing_Construction,Mfg. + construction,6,Service
8,0.014616429978055446,-0.019748859311165826,0.0736450339797831,-0.007905897227224054,0.04735380249454131,inequality,Manufacturing_Construction,Mfg. + construction,6,Service
9,-0.03235264360899391,-0.07231491397983891,0.01922460736925708,-0.055014759944622946,-0.0018947454129084156,inequality,Manufacturing_Construction,Mfg. + construction,6,Service
10,0.017973791608860028,-0.02340125841154024,0.0599478703996195,-0.008585597908352453,0.0431359395009568,inequality,Manufacturing_Construction,Mfg. + construction,6,Service
11,0.005748524047540874,-0.0642290857906944,0.07005226494815822,-0.03361242293273378,0.04257624972549007,inequality,Manufacturing_Construction,Mfg. + construction,6,Service
12,0.028580105640194486,-0.012225777142185323,0.07442747049821613,0.0064619056596768275,0.053776901858810025,inequality,Manufacturing_Construction,Mfg. + construction,6,Service
13,-0.026780094375197194,-0.09517566540565761,0.026551970281355326,-0.06855364733788491,-0.00021922332774027692,inequality,Manufacturing_Construction,Mfg. + construction,6,Service
14,0.02320716110447233,-0.07837385023963883,0.07934244538334936,-0.046809626705973446,0.053521076614030536,inequality,Manufacturing_Construction,Mfg. + construction,6,Service
15,-0.013997243946567543,-0.06020173549708466,0.034314632801948936,-0.041459335468200006,0.011650743177049172,inequality,Manufacturing_Construction,Mfg. + construction,6,Service
16,0.01728816002826235,-0.04413187988828175,0.08038432480776082,-0.02205092652350563,0.05161682859344573,inequality,Manufacturing_Construction,Mfg. + construction,6,Service
17,0.02328219680078819,-0.024786412924091943,0.0951894867561514,-0.0038837932001652108,0.06615328587231906,inequality,Manufacturing_Construction,Mfg. + construction,6,Service
18,0.012137434346184552,-0.0420477757676055,0.07680995678948908,-0.021356591241825023,0.04956597400068842,inequality,Manufacturing_Construction,Mfg. + construction,6,Service
19,0.010732134656570703,-0.052998450170176806,0.07592079514718672,-0.027740697178657937,0.0441512482203951,inequality,Manufacturing_Construction,Mfg. + construction,6,Service
20,0.026401220670141286,-0.023821785055844612,0.07257696646838865,-0.0024095694646774878,0.05420012006415416,inequality,Manufacturing_Construction,Mfg. + construction,6,Service
21,0.019468880108306972,-0.012813478130689459,0.05484157291953344,-0.0019114518998784372,0.04125213430414708,inequality,Manufacturing_Construction,Mfg. + construction,6,Service
22,0.02999528846007027,-0.030022491895420826,0.09807615312901592,-0.0048807900508410565,0.06562657412446607,inequality,Manufacturing_Construction,Mfg. + construction,6,Service
23,0.08507098176896002,0.04656351994033619,0.12708231445151455,0.06186627043247144,0.1108300612294243,inequality,Manufacturing_Construction,Mfg. + construction,6,Service
24,-0.003935165548546969,-0.062368474773900236,0.06760956491117359,-0.0405803264668033,0.034796524422850354,inequality,Manufacturing_Construction,Mfg. + construction,6,Service
25,0.02890442608509726,-0.04528928302985863,0.10799383652996683,-0.011070035299843052,0.07063314478669944,inequality,Manufacturing_Construction,Mfg. + construction,6,Service
26,0.02941207216965617,-0.015702790988905646,0.06369165162084307,0.0024690403348353214,0.04968899123589823,inequality,Manufacturing_Construction,Mfg. + construction,6,Service
27,-0.020321903299481754,-0.06947708344588088,0.02381900755028011,-0.04996777812388936,0.007306781651691782,inequality,Manufacturing_Construction,Mfg. + construction,6,Service
28,0.026663456998736724,-0.042744142482250475,0.08703176838218084,-0.010513031020834385,0.061441153207314664,inequality,Manufacturing_Construction,Mfg. + construction,6,Service
29,-0.022238207944376157,-0.09422219732258726,0.01680352560505874,-0.05773843099025711,0.003602585015674214,inequality,Manufacturing_Construction,Mfg. + construction,6,Service
30,0.00493004525274361,-0.04633678621212784,0.06551126602514355,-0.0237224020533335,0.04223170652702473,inequality,Manufacturing_Construction,Mfg. + construction,6,Service
31,0.04788990108548656,-0.023210397541107916,0.12590706014728675,0.008648761029774209,0.09206190511811574,inequality,Manufacturing_Construction,Mfg. + construction,6,Service
32,-0.022017810604074026,-0.11286202556714786,0.0595930122360762,-0.07402341796174361,0.028811827048846377,inequality,Manufacturing_Construction,Mfg. + construction,6,Service
33,-0.04168213998950118,-0.09354834958964199,0.014232974753858457,-0.07209734895473563,-0.013619382644843098,inequality,Manufacturing_Construction,Mfg. + construction,6,Service
34,-0.0032600977135391184,-0.0835623675982771,0.05383062327585849,-0.045568411871981095,0.02991978783897485,inequality,Manufacturing_Construction,Mfg. + construction,6,Service
35,-0.006604908933748533,-0.08244675492819985,0.04270284782397085,-0.0519134014808908,0.024377653859028934,inequality,Manufacturing_Construction,Mfg. + construction,6,Service
36,-0.014485276194248867,-0.05553947195115881,0.031546718593183025,-0.03975260663392468,0.012586967411005007,inequality,Manufacturing_Construction,Mfg. + construction,6,Service
0,-0.007269461116048413,-0.012512608914101015,-0.0007785970066864793,-0.010713693164881473,-0.0035419523324043316,inequality,Manufacturing_Construction,Mfg. + construction,7,Farming/forestry/construction
1,-0.008247574629551613,-0.014585641317331133,-0.002674949007949217,-0.01184115877298409,-0.0049875815707950966,inequality,Manufacturing_Construction,Mfg. + construction,7,Farming/forestry/construction
2,-0.0029165625002885815,-0.009381830041299628,0.002394514413826934,-0.006464340424458369,0.00010514046205799092,inequality,Manufacturing_Construction,Mfg. + construction,7,Farming/forestry/construction
3,-0.005497392848597546,-0.01016367393686914,-0.0009879311008211059,-0.00834342527211962,-0.002549093465292946,inequality,Manufacturing_Construction,Mfg. + construction,7,Farming/forestry/construction
4,0.004176227543970279,-0.001793426538223522,0.010734084107459416,0.0005271047470458566,0.007916920109885733,inequality,Manufacturing_Construction,Mfg. + construction,7,Farming/forestry/construction
5,0.002940609478260733,-0.001958681458788247,0.008839329827794137,1.1806909884295568e-5,0.006480756257499115,inequality,Manufacturing_Construction,Mfg. + construction,7,Farming/forestry/construction
6,0.0016678120589103853,-0.004317537705011463,0.007991947536317585,-0.0016763048988033267,0.005607968858936314,inequality,Manufacturing_Construction,Mfg. + construction,7,Farming/forestry/construction
7,-0.008784288871086824,-0.015151840051761142,-0.003279509906593373,-0.012665738886028385,-0.005268327661427179,inequality,Manufacturing_Construction,Mfg. + construction,7,Farming/forestry/construction
8,-0.0021855874908534834,-0.009821508754358575,0.003946208499179506,-0.006905470484075856,0.0015555555375693629,inequality,Manufacturing_Construction,Mfg. + construction,7,Farming/forestry/construction
9,0.00300121221011733,-0.002582344589724806,0.00867560320639744,-0.00029359631077844695,0.006663146018844751,inequality,Manufacturing_Construction,Mfg. + construction,7,Farming/forestry/construction
10,0.0007371550187406478,-0.007538605955329189,0.007795063329621093,-0.0045004654416648995,0.005207809016489248,inequality,Manufacturing_Construction,Mfg. + construction,7,Farming/forestry/construction
11,-0.005163606833042485,-0.012043919399898677,0.001939638873024679,-0.009413183502014335,-0.0006230318738149445,inequality,Manufacturing_Construction,Mfg. + construction,7,Farming/forestry/construction
12,-0.004453773054960438,-0.011609884649561279,0.002489354368373637,-0.00847731883096526,-0.0003849239633723304,inequality,Manufacturing_Construction,Mfg. + construction,7,Farming/forestry/construction
13,0.0019672723684927046,-0.004312335221089087,0.0074009698808801625,-0.0016550303463539334,0.005138523937589336,inequality,Manufacturing_Construction,Mfg. + construction,7,Farming/forestry/construction
14,-0.005637974659420234,-0.011217161974280212,0.0003550979219223071,-0.00889278950894434,-0.002081151703903656,inequality,Manufacturing_Construction,Mfg. + construction,7,Farming/forestry/construction
15,0.0017013973449890184,-0.00547348735346698,0.00775908641866869,-0.0029592510965927568,0.005153807217959741,inequality,Manufacturing_Construction,Mfg. + construction,7,Farming/forestry/construction
16,0.0023474119093409946,-0.0037706021999961373,0.00958819883293655,-0.0014903114354117303,0.006986707186775382,inequality,Manufacturing_Construction,Mfg. + construction,7,Farming/forestry/construction
17,0.003510397751619012,-0.0021505669685746125,0.012045058060509095,-0.00031965293844409123,0.008152645949938211,inequality,Manufacturing_Construction,Mfg. + construction,7,Farming/forestry/construction
18,-0.004180934663755806,-0.009971389617880614,0.001975381500023063,-0.008205375944838524,-0.0006811442607164088,inequality,Manufacturing_Construction,Mfg. + construction,7,Farming/forestry/construction
19,-0.0027165306882079004,-0.010025814496150764,0.0025781133313680232,-0.0068305916759293945,0.0006386257394203287,inequality,Manufacturing_Construction,Mfg. + construction,7,Farming/forestry/construction
20,-0.004910206476833942,-0.010722192917491893,0.0012954759744043436,-0.008539292960221649,-0.0012635388105604224,inequality,Manufacturing_Construction,Mfg. + construction,7,Farming/forestry/construction
21,-0.00307444479816079,-0.009214453820272837,0.004507869490622477,-0.006798829992727851,0.0013643603791432006,inequality,Manufacturing_Construction,Mfg. + construction,7,Farming/forestry/construction
22,0.00018476982828601946,-0.007542427701598181,0.008828573780476813,-0.0048072071343096935,0.005500952405194171,inequality,Manufacturing_Construction,Mfg. + construction,7,Farming/forestry/construction
23,0.0011309247618981693,-0.006149705614592806,0.009392012678140695,-0.0033779102254028327,0.0057319028990659125,inequality,Manufacturing_Construction,Mfg. + construction,7,Farming/forestry/construction
24,-0.002830707149456843,-0.010689866878047488,0.006151365048734186,-0.007242515399804032,0.0022758593761278445,inequality,Manufacturing_Construction,Mfg. + construction,7,Farming/forestry/construction
25,0.004711073167181946,-0.0011064240200400468,0.010959192048666487,0.001080312073270201,0.008008165529336558,inequality,Manufacturing_Construction,Mfg. + construction,7,Farming/forestry/construction
26,-0.0016202750973873872,-0.0075708333518327686,0.004954481107174763,-0.005250785601160055,0.0023481780852495186,inequality,Manufacturing_Construction,Mfg. + construction,7,Farming/forestry/construction
27,0.002176624233428334,-0.0033422919074184037,0.008207746330686725,-0.0012982816439056442,0.005690155531018989,inequality,Manufacturing_Construction,Mfg. + construction,7,Farming/forestry/construction
28,0.001536011832990344,-0.005075214917143973,0.007917843029916993,-0.0023554253905684816,0.005047978883183335,inequality,Manufacturing_Construction,Mfg. + construction,7,Farming/forestry/construction
29,-0.0016840400836454837,-0.008428013660598456,0.005722289248984307,-0.0061372362098866175,0.0025597091289720248,inequality,Manufacturing_Construction,Mfg. + construction,7,Farming/forestry/construction
30,0.0052068949115149895,-7.803937500660933e-5,0.011320829828510522,0.002148868633333979,0.008544024120934777,inequality,Manufacturing_Construction,Mfg. + construction,7,Farming/forestry/construction
31,0.005127222058647176,-0.0022626982653267983,0.013477670829547112,0.0006644237888768665,0.010025118036691934,inequality,Manufacturing_Construction,Mfg. + construction,7,Farming/forestry/construction
32,-0.0002446246882511469,-0.006590487070876814,0.0075415795734227326,-0.0038721491789402173,0.004274747572704625,inequality,Manufacturing_Construction,Mfg. + construction,7,Farming/forestry/construction
33,0.0053312904627913936,-0.0021143315147326815,0.011956003432636593,0.0009072035579913559,0.009123999270907634,inequality,Manufacturing_Construction,Mfg. + construction,7,Farming/forestry/construction
34,-0.006555764586786847,-0.013768749515998751,-0.00017931928221659801,-0.010567139508478214,-0.002714555931394342,inequality,Manufacturing_Construction,Mfg. + construction,7,Farming/forestry/construction
35,-0.001782331087288388,-0.007973381498994474,0.004256669996330787,-0.005686866428966611,0.001546658334285464,inequality,Manufacturing_Construction,Mfg. + construction,7,Farming/forestry/construction
36,0.004290646151876103,-0.0005015546161054119,0.009559586141277445,0.0014105023958429562,0.007212712636783824,inequality,Manufacturing_Construction,Mfg. + construction,7,Farming/forestry/construction
0,-0.006331483100633414,-0.012772385123094657,0.0012976830914566808,-0.01048131066736661,-0.002550233506518689,inequality,Manufacturing_Construction,Mfg. + construction,8,Precision production/repair
1,-0.0034689113987306846,-0.010543313657253027,0.004219292222671885,-0.007692669780845571,0.0016609868522486854,inequality,Manufacturing_Construction,Mfg. + construction,8,Precision production/repair
2,-0.00219353103369998,-0.0076687079248566,0.003130657863072371,-0.0054925758572761324,0.001037936055439715,inequality,Manufacturing_Construction,Mfg. + construction,8,Precision production/repair
3,0.007834316344876621,0.00132460536357497,0.014828989272760629,0.0042899497766862305,0.011437103144647607,inequality,Manufacturing_Construction,Mfg. + construction,8,Precision production/repair
4,-0.004694729828270886,-0.010389275959538813,0.0016938630936885286,-0.008147792191762931,-0.0009876858603559014,inequality,Manufacturing_Construction,Mfg. + construction,8,Precision production/repair
5,-0.0016714238790385301,-0.006157311541032271,0.0035001094672857287,-0.004744106753120381,0.0010661914678006593,inequality,Manufacturing_Construction,Mfg. + construction,8,Precision production/repair
6,-0.010641458229002566,-0.015755193862271463,-0.005530527142391088,-0.01345999846398762,-0.0076684098419766925,inequality,Manufacturing_Construction,Mfg. + construction,8,Precision production/repair
7,-0.0157382471629211,-0.02306272169153131,-0.007714775188265537,-0.019992869019485493,-0.01081447160314921,inequality,Manufacturing_Construction,Mfg. + construction,8,Precision production/repair
8,0.008056762865070989,0.001110258710124182,0.014124267009350603,0.003963930740604082,0.011353455574266444,inequality,Manufacturing_Construction,Mfg. + construction,8,Precision production/repair
9,-0.006427702774530193,-0.0124901958008952,0.0002206674883856027,-0.01003391903288914,-0.0022681927592780055,inequality,Manufacturing_Construction,Mfg. + construction,8,Precision production/repair
10,-0.0037088135876666563,-0.009098670285446047,0.0005328522743662753,-0.007202601695319076,-0.0013373398569498963,inequality,Manufacturing_Construction,Mfg. + construction,8,Precision production/repair
11,-0.005115088741284064,-0.011518408275568489,0.0002217821949238195,-0.009030815925761786,-0.0020216993173487255,inequality,Manufacturing_Construction,Mfg. + construction,8,Precision production/repair
12,-0.005347824045152888,-0.011717004064542725,0.0016641138967379747,-0.009271297701290364,-0.0010224799476070082,inequality,Manufacturing_Construction,Mfg. + construction,8,Precision production/repair
13,0.0025053356767662936,-0.004718507111948451,0.01021203040379911,-0.0018924986589986654,0.007545439654448722,inequality,Manufacturing_Construction,Mfg. + construction,8,Precision production/repair
14,-0.00018135368158923184,-0.006626965846432382,0.006510965539197417,-0.003897591237116653,0.0033218490866816237,inequality,Manufacturing_Construction,Mfg. + construction,8,Precision production/repair
15,-0.0014505348690329136,-0.00842021539691361,0.004447477096558921,-0.005777020755807478,0.002368681805557583,inequality,Manufacturing_Construction,Mfg. + construction,8,Precision production/repair
16,0.0005082855421804462,-0.005823732853720008,0.007887366948664834,-0.003090555407451113,0.0052413549464756706,inequality,Manufacturing_Construction,Mfg. + construction,8,Precision production/repair
17,-0.003166559195336292,-0.00809086929890541,0.0014504392154815978,-0.0057523372533682116,-2.6119473619584752e-5,inequality,Manufacturing_Construction,Mfg. + construction,8,Precision production/repair
18,-0.005892595950785979,-0.011523020860442282,-0.0006831091500586021,-0.00924453355554269,-0.0028203165600562503,inequality,Manufacturing_Construction,Mfg. + construction,8,Precision production/repair
19,0.0009265378210288836,-0.005322795430876158,0.006301184817188094,-0.0027793042225767632,0.003906452200549697,inequality,Manufacturing_Construction,Mfg. + construction,8,Precision production/repair
20,0.0034884299363376198,-0.002108503907545985,0.009003692772212149,0.0002914215517129154,0.0064796590128892925,inequality,Manufacturing_Construction,Mfg. + construction,8,Precision production/repair
21,0.003675025347937869,-0.0015180496111256766,0.00955400837733874,0.0006172717678487017,0.0075765053142119836,inequality,Manufacturing_Construction,Mfg. + construction,8,Precision production/repair
22,-6.313265086265327e-5,-0.005986791362688036,0.005843126020045105,-0.0036874362312900298,0.0037195950861286654,inequality,Manufacturing_Construction,Mfg. + construction,8,Precision production/repair
23,0.009453556683409121,0.0033048015491165834,0.014930855035765953,0.00577796959180635,0.012905386507250167,inequality,Manufacturing_Construction,Mfg. + construction,8,Precision production/repair
24,0.004408921898999724,-0.001689192047067225,0.009925622137833524,0.0005907522258056762,0.0071216346751964725,inequality,Manufacturing_Construction,Mfg. + construction,8,Precision production/repair
25,0.0020101924157131025,-0.0063044376441152225,0.009276740396718027,-0.003310751072707675,0.006131594251216097,inequality,Manufacturing_Construction,Mfg. + construction,8,Precision production/repair
26,-0.011878146386484408,-0.017558312929213497,-0.0070082407359339976,-0.01535758759129321,-0.00892247573804757,inequality,Manufacturing_Construction,Mfg. + construction,8,Precision production/repair
27,-0.005580195087339174,-0.011913728789965801,0.0012363720837022573,-0.009486412838505457,-0.0018690587325988512,inequality,Manufacturing_Construction,Mfg. + construction,8,Precision production/repair
28,0.003083406036517827,-0.004270896110809911,0.011504836698565184,-0.0015543920867229478,0.008027119934078439,inequality,Manufacturing_Construction,Mfg. + construction,8,Precision production/repair
29,-0.005462154763122617,-0.01275666580954056,0.0013721542785119362,-0.009502267564192052,-0.001470665039291572,inequality,Manufacturing_Construction,Mfg. + construction,8,Precision production/repair
30,-0.006870546074726697,-0.01312541358986229,-0.0010688746830595638,-0.010645332316634197,-0.0032751535285196216,inequality,Manufacturing_Construction,Mfg. + construction,8,Precision production/repair
31,0.0024763675834663383,-0.004036002052766373,0.007500635736710608,-0.001720017030627192,0.005466523238049116,inequality,Manufacturing_Construction,Mfg. + construction,8,Precision production/repair
32,-0.0025530393582091086,-0.011787451398153171,0.003442425866905625,-0.0074156600435166115,0.0012366155851545458,inequality,Manufacturing_Construction,Mfg. + construction,8,Precision production/repair
33,-0.0008470019907926151,-0.007345608732500052,0.004925168290281768,-0.004881415708105182,0.003036848253551896,inequality,Manufacturing_Construction,Mfg. + construction,8,Precision production/repair
34,0.000817221946244822,-0.006646961873002185,0.010285652870089479,-0.003129141112288838,0.005601835765347603,inequality,Manufacturing_Construction,Mfg. + construction,8,Precision production/repair
35,0.0020065359660610973,-0.0029636447197274383,0.006309225007168727,-0.0011287959835451556,0.004774346718893299,inequality,Manufacturing_Construction,Mfg. + construction,8,Precision production/repair
36,-0.004688453349287783,-0.011555633276301647,0.0014636272603506095,-0.008723290351062962,-0.0010670832528027335,inequality,Manufacturing_Construction,Mfg. + construction,8,Precision production/repair
0,-0.0010696642564201277,-0.0059066993246559875,0.0038076273961261103,-0.004021954495945679,0.0019983588882380287,inequality,Manufacturing_Construction,Mfg. + construction,9,Machine operators/transport
1,-0.00077578921620976,-0.005687249669265984,0.00444670574175161,-0.003520994705372332,0.002176215503257434,inequality,Manufacturing_Construction,Mfg. + construction,9,Machine operators/transport
2,0.0009964073824876728,-0.003317768928264333,0.005728874035244864,-0.00147970678309378,0.0037723276361897266,inequality,Manufacturing_Construction,Mfg. + construction,9,Machine operators/transport
3,-0.00023278893191536716,-0.004525409431296246,0.0039794884536779925,-0.00276072672703808,0.002183091729249315,inequality,Manufacturing_Construction,Mfg. + construction,9,Machine operators/transport
4,-0.0019940894735508636,-0.007695717786777093,0.004181050407714252,-0.005130296799934949,0.0018044828606753284,inequality,Manufacturing_Construction,Mfg. + construction,9,Machine operators/transport
5,-0.0026793612762430223,-0.008230874646959204,0.003145585741743377,-0.005686291859010636,0.0006801796561602641,inequality,Manufacturing_Construction,Mfg. + construction,9,Machine operators/transport
6,0.0007698027511248242,-0.002930263790813463,0.005099503424995185,-0.0014882047224796663,0.003391173654320859,inequality,Manufacturing_Construction,Mfg. + construction,9,Machine operators/transport
7,0.0005683379386987926,-0.004293990998133828,0.004985134160692462,-0.002251283021783466,0.0032194022798931157,inequality,Manufacturing_Construction,Mfg. + construction,9,Machine operators/transport
8,0.006999812375531804,0.002663930219046911,0.010840642640043767,0.004123233154148772,0.00969613838927167,inequality,Manufacturing_Construction,Mfg. + construction,9,Machine operators/transport
9,-0.0037984903322176816,-0.007668251650929138,0.001312452075471125,-0.006384301314637478,-0.0009959432268448862,inequality,Manufacturing_Construction,Mfg. + construction,9,Machine operators/transport
10,-0.0028149502545830305,-0.008442400951130585,0.002311113020550208,-0.006147143422344962,0.0004966049432590792,inequality,Manufacturing_Construction,Mfg. + construction,9,Machine operators/transport
11,-0.002887689300153475,-0.008056084016268896,0.002321292654235326,-0.006084544103419543,0.0003759170841119955,inequality,Manufacturing_Construction,Mfg. + construction,9,Machine operators/transport
12,-0.005347135626751387,-0.009909069156107883,-0.00014781341591937197,-0.008108850446071469,-0.0020945970880777614,inequality,Manufacturing_Construction,Mfg. + construction,9,Machine operators/transport
13,0.004091753803304321,-0.00019936922465524018,0.008526780998136353,0.0013888630919425449,0.00696803835323308,inequality,Manufacturing_Construction,Mfg. + construction,9,Machine operators/transport
14,0.0014580754299558186,-0.003914239435828718,0.00738502763304107,-0.0015895536161288457,0.004943108439682525,inequality,Manufacturing_Construction,Mfg. + construction,9,Machine operators/transport
15,0.0008739787744035517,-0.004668080405688928,0.005348212453723899,-0.0023111771577599307,0.0035673157144104203,inequality,Manufacturing_Construction,Mfg. + construction,9,Machine operators/transport
16,0.001182998321834261,-0.004476086949208026,0.005873332803895324,-0.0022688612494658963,0.004219412226204684,inequality,Manufacturing_Construction,Mfg. + construction,9,Machine operators/transport
17,-0.004284687901844561,-0.008407751164633114,0.0011546161786220796,-0.0067461385361162925,-0.0010709864232282258,inequality,Manufacturing_Construction,Mfg. + construction,9,Machine operators/transport
18,0.0020420331451990893,-0.0031192714287138134,0.006995912261413862,-0.0009867637435491306,0.004781738696807009,inequality,Manufacturing_Construction,Mfg. + construction,9,Machine operators/transport
19,-0.004608655515201542,-0.009832881455434258,-0.0008156190958048602,-0.00748905076967487,-0.0020815978576695076,inequality,Manufacturing_Construction,Mfg. + construction,9,Machine operators/transport
20,0.004551372803098294,-0.0008536557711601323,0.009120837263100312,0.0012932650410763741,0.007386821858470919,inequality,Manufacturing_Construction,Mfg. + construction,9,Machine operators/transport
21,0.00031084899586749764,-0.004682362369912883,0.005433076138314869,-0.002512482663026551,0.0032815249596414202,inequality,Manufacturing_Construction,Mfg. + construction,9,Machine operators/transport
22,0.0005512044131788631,-0.004580343187847205,0.005245281785028059,-0.00261960654942235,0.003247911122577664,inequality,Manufacturing_Construction,Mfg. + construction,9,Machine operators/transport
23,0.0029039783199034637,-0.0033240309814376043,0.008454346581242847,-0.0011592769235206418,0.006154725315955439,inequality,Manufacturing_Construction,Mfg. + construction,9,Machine operators/transport
24,0.004022110361151403,-0.0027392452873263515,0.009422116096771033,-0.00011355249605640716,0.007274818066029919,inequality,Manufacturing_Construction,Mfg. + construction,9,Machine operators/transport
25,0.0018522076198520933,-0.003270299821668419,0.006501475292512446,-0.001414578543494043,0.004244546583450588,inequality,Manufacturing_Construction,Mfg. + construction,9,Machine operators/transport
26,-0.00019831909788006578,-0.006561004811422624,0.0041734933057807405,-0.003958141591732314,0.0029026072516534396,inequality,Manufacturing_Construction,Mfg. + construction,9,Machine operators/transport
27,-0.0007209497913923937,-0.007760502314133726,0.004513765590733151,-0.004759674692623324,0.0026545943850551437,inequality,Manufacturing_Construction,Mfg. + construction,9,Machine operators/transport
28,-0.0029618482080866052,-0.00912312323534401,0.0009815279588239905,-0.0063651755934759635,-0.0004809401872069158,inequality,Manufacturing_Construction,Mfg. + construction,9,Machine operators/transport
29,0.0007969469177677642,-0.0035988405622206683,0.004716364717822,-0.0020958064570913227,0.003399659447743046,inequality,Manufacturing_Construction,Mfg. + construction,9,Machine operators/transport
30,0.0020550176799464383,-0.003545301053087487,0.007877129844131059,-0.0015117142281618336,0.005407500104324157,inequality,Manufacturing_Construction,Mfg. + construction,9,Machine operators/transport
31,-0.0034863056964368247,-0.009301543540983228,0.0013099917683422305,-0.006670572749601925,-0.0005094298582561359,inequality,Manufacturing_Construction,Mfg. + construction,9,Machine operators/transport
32,-0.0018361421710596894,-0.007862228425584506,0.0036406453581725364,-0.005502267167979106,0.001708158297796038,inequality,Manufacturing_Construction,Mfg. + construction,9,Machine operators/transport
33,0.0074012695765251395,0.002720082453112725,0.0122632313755122,0.0045546485707761795,0.010337344446449617,inequality,Manufacturing_Construction,Mfg. + construction,9,Machine operators/transport
34,-0.005121907114515974,-0.010147232269975923,0.0005955325561765373,-0.008070136885014394,-0.001332160494342568,inequality,Manufacturing_Construction,Mfg. + construction,9,Machine operators/transport
35,0.0007282687217557966,-0.00474175780839044,0.005664103955050384,-0.0026132505191733156,0.0035976958855310336,inequality,Manufacturing_Construction,Mfg. + construction,9,Machine operators/transport
36,-0.0049853738039392055,-0.010937394138922984,0.000602696102647223,-0.008366031434488025,-0.001687299217381583,inequality,Manufacturing_Construction,Mfg. + construction,9,Machine operators/transport
0,-0.002243656499604622,-0.013925048299523471,0.006745500214670198,-0.008862183239295988,0.00388103162415948,inequality,Trade,Trade,1,Managerial
1,-0.013943833883708307,-0.024439357640882647,-0.004043389111547748,-0.02103697401169365,-0.008087267461769888,inequality,Trade,Trade,1,Managerial
2,-0.01111944080531018,-0.021687564028568276,0.0019256257769199505,-0.01731121879544656,-0.004430928568442845,inequality,Trade,Trade,1,Managerial
3,-0.00968238221410678,-0.01833817742610082,-0.0011025936474506962,-0.015104153347924611,-0.004496213084671668,inequality,Trade,Trade,1,Managerial
4,0.00013564632330873396,-0.007708599924249786,0.008281251416648277,-0.004535760835841067,0.004849451266500665,inequality,Trade,Trade,1,Managerial
5,-0.004636846905021707,-0.011563087555224838,0.002664599012981884,-0.009306578239210928,0.0006685856006658488,inequality,Trade,Trade,1,Managerial
6,-0.010215618102538938,-0.016259657640949277,-0.0016100219496313368,-0.013865988151787516,-0.004570909722889061,inequality,Trade,Trade,1,Managerial
7,0.009316710578017392,-0.0027669776317237743,0.020344280584306283,0.0022397333412735197,0.01649254227570165,inequality,Trade,Trade,1,Managerial
8,-0.001939614355090615,-0.012295389717985432,0.006346298362659577,-0.008428529000007973,0.002463714014690777,inequality,Trade,Trade,1,Managerial
9,0.007845118924103507,-0.004688943064962134,0.018475026742708178,0.00010733317329444415,0.013806831491899228,inequality,Trade,Trade,1,Managerial
10,0.007011825163102321,-0.0027795511403284224,0.019063237955165926,0.0013883648836642143,0.012794798963245521,inequality,Trade,Trade,1,Managerial
11,0.00477035637346834,-0.004426922434542507,0.013803106350561548,-0.000821716265039657,0.010563234555033205,inequality,Trade,Trade,1,Managerial
12,0.00679241692790969,-0.0014587869880516675,0.015387807646225257,0.0018637613073196509,0.012160435523874573,inequality,Trade,Trade,1,Managerial
13,-0.002932960619994987,-0.012975722282444549,0.005703586773756574,-0.007963052319670209,0.0028024713965278955,inequality,Trade,Trade,1,Managerial
14,0.0011203765330479547,-0.01164050963244577,0.011538615668368819,-0.0070726832461806876,0.00649625735231127,inequality,Trade,Trade,1,Managerial
15,0.0011852993365117808,-0.009195631382192032,0.014211747807856634,-0.004667081156221062,0.008122170926747304,inequality,Trade,Trade,1,Managerial
16,-0.0029165636897558163,-0.011265739349023935,0.005323163843344547,-0.0082962789556868,0.0020056757532800834,inequality,Trade,Trade,1,Managerial
17,-4.559870134442589e-5,-0.011426979471473092,0.012288884040861965,-0.006933857509141438,0.00814425508093461,inequality,Trade,Trade,1,Managerial
18,0.009044102716441727,0.00023523298425450444,0.01829530151319491,0.003658375851722342,0.015393550476834498,inequality,Trade,Trade,1,Managerial
19,-0.0012956846846462265,-0.010143129211823422,0.005992676568530494,-0.006955128933588855,0.003030282027232794,inequality,Trade,Trade,1,Managerial
20,-0.015841529318993675,-0.02925251386484328,-0.003807097681590658,-0.02333141158357005,-0.007106864784921219,inequality,Trade,Trade,1,Managerial
21,0.002563999192714775,-0.005410702425304233,0.011209663992035502,-0.0019792642495946576,0.007616196719033394,inequality,Trade,Trade,1,Managerial
22,0.00315855069685236,-0.006518538913641948,0.013058411932886982,-0.002962766581100687,0.009909145851441231,inequality,Trade,Trade,1,Managerial
23,-0.0029478735811808627,-0.014262787039855646,0.010641894491861668,-0.009011292081824789,0.004259033796859791,inequality,Trade,Trade,1,Managerial
24,0.004223027632978841,-0.004120363040237854,0.013668909023046662,-0.0016362491649972418,0.010203010521761728,inequality,Trade,Trade,1,Managerial
25,-0.00824842879550338,-0.01769862113616849,0.0007188329401978943,-0.014371457714604676,-0.0031133895363628277,inequality,Trade,Trade,1,Managerial
26,-0.011666789488442917,-0.021018679856626355,-0.0013163462819470746,-0.01816621492324868,-0.005730521281305054,inequality,Trade,Trade,1,Managerial
27,-0.0008343943795564941,-0.01067272344802028,0.00691893874107266,-0.006929693632115283,0.003861842317487512,inequality,Trade,Trade,1,Managerial
28,0.0004456350364438264,-0.01103430092040737,0.009406613734555914,-0.0054385794938941025,0.006426562628120728,inequality,Trade,Trade,1,Managerial
29,0.012253706917211057,0.0006413452669586442,0.025505432145610872,0.004916397384819624,0.02087111861979961,inequality,Trade,Trade,1,Managerial
30,0.0029473457831200307,-0.00779039522160848,0.0105481836569055,-0.003317569660039959,0.007525073561753488,inequality,Trade,Trade,1,Managerial
31,-0.004317496231113035,-0.01479119659550875,0.005911544117223141,-0.010079428295047377,0.002256941043049651,inequality,Trade,Trade,1,Managerial
32,-0.0031627446939531956,-0.015092189334136755,0.00595023783982437,-0.010582194541032038,0.002022409195910879,inequality,Trade,Trade,1,Managerial
33,0.010040121522250893,0.0012418750659079353,0.02000572098652753,0.005153739994736608,0.01626154859507667,inequality,Trade,Trade,1,Managerial
34,-0.0016804900202599393,-0.011204704684537166,0.009491150819010792,-0.008007728795011684,0.004301811096594669,inequality,Trade,Trade,1,Managerial
35,-0.012514798895768026,-0.022156750518520174,-0.0020109963642455427,-0.018751772882967355,-0.006306338448660156,inequality,Trade,Trade,1,Managerial
36,-0.0008572048696440903,-0.01101179459389372,0.00983313807824096,-0.00635313898825192,0.0058560070542443676,inequality,Trade,Trade,1,Managerial
0,-0.019911208281781046,-0.03786745447087944,0.0028552867248358704,-0.031187143324518246,-0.005054772206710001,inequality,Trade,Trade,2,Professional specialty
1,-0.004036591704603572,-0.018677668421479,0.015819628392639208,-0.012433476297532393,0.008382794890413658,inequality,Trade,Trade,2,Professional specialty
2,0.007754119128369412,-0.010343261866725458,0.02963592589929859,-0.002658670997064061,0.020057842430631075,inequality,Trade,Trade,2,Professional specialty
3,-0.006221295452770807,-0.02475995370043807,0.01775863733232346,-0.01648775472672952,0.010451191542871363,inequality,Trade,Trade,2,Professional specialty
4,-0.003046224529682279,-0.020261604187227354,0.011612792861464981,-0.012756601348706976,0.006264445408506207,inequality,Trade,Trade,2,Professional specialty
5,-0.018794509560399533,-0.03351661405210461,-0.004555722247493642,-0.028334278109269286,-0.00876412113511365,inequality,Trade,Trade,2,Professional specialty
6,-0.02055340388810064,-0.03271316737736041,-0.0024572850220976016,-0.02886491534640805,-0.008033129114568075,inequality,Trade,Trade,2,Professional specialty
7,0.008501735357361212,-0.009388457737669697,0.02826925565720214,-0.0018509051652982767,0.01965561374156416,inequality,Trade,Trade,2,Professional specialty
8,-0.009031854662030622,-0.02593808534070803,0.008254525913302306,-0.020215891953038315,0.003068632540533016,inequality,Trade,Trade,2,Professional specialty
9,0.006298107314731874,-0.010468919361777022,0.022202211419837088,-0.005531460613836889,0.014602621956886452,inequality,Trade,Trade,2,Professional specialty
10,0.006675051280554438,-0.013308442315758957,0.02350328470698752,-0.007178682093767316,0.016729645524539843,inequality,Trade,Trade,2,Professional specialty
11,-0.013460383020079191,-0.033752689539031794,0.007964051653263794,-0.025262112041656116,-0.001903775977165928,inequality,Trade,Trade,2,Professional specialty
12,-0.015055368818838212,-0.02996476711061224,0.0009465839531618107,-0.023399253885738026,-0.004603710255924601,inequality,Trade,Trade,2,Professional specialty
13,0.011856660565037057,-0.004085923298103311,0.03101363622861492,0.0028365116588717244,0.023582445365376674,inequality,Trade,Trade,2,Professional specialty
14,-0.011284493571980187,-0.032478326367336344,0.004410924897103095,-0.023674245373300977,-0.0011169693756977184,inequality,Trade,Trade,2,Professional specialty
15,-0.012398906724205266,-0.033572625197414815,0.004954072267544581,-0.024942801827174864,-0.0012552838257225644,inequality,Trade,Trade,2,Professional specialty
16,-0.0013075645300466758,-0.019138390485927418,0.014030996029194857,-0.012389350487205616,0.009180387994899711,inequality,Trade,Trade,2,Professional specialty
17,0.012602469205825998,-0.008852706491259037,0.030480611089618234,0.000698644047992851,0.023353367731416143,inequality,Trade,Trade,2,Professional specialty
18,0.0266408162793196,0.008895752819625187,0.045121122139646266,0.017381053400056773,0.038122374216469634,inequality,Trade,Trade,2,Professional specialty
19,0.019275436198640406,0.0019292063343889915,0.04049944758311763,0.009080704234708404,0.031001437352315458,inequality,Trade,Trade,2,Professional specialty
20,-0.011050443662438713,-0.027734504905302403,0.002889034710457674,-0.021997470021941523,-0.0020000757317902643,inequality,Trade,Trade,2,Professional specialty
21,-0.011478194638325168,-0.02863182223509503,0.005714555320574029,-0.02139778296534013,-0.0010401742274072697,inequality,Trade,Trade,2,Professional specialty
22,-0.0018869909181622394,-0.022448149979714404,0.014994075646998627,-0.015052680808565535,0.009111335586895246,inequality,Trade,Trade,2,Professional specialty
23,-0.023230954534043533,-0.041465913164464005,-0.0023055673224918784,-0.03313745255604278,-0.008901113615540005,inequality,Trade,Trade,2,Professional specialty
24,0.015747420482979155,-0.004051328746658797,0.03501795725261403,0.002742237432725324,0.028429364945341477,inequality,Trade,Trade,2,Professional specialty
25,0.012412596222067947,-0.006093248074524183,0.029171728712057997,0.0002661396285436185,0.023494930183026952,inequality,Trade,Trade,2,Professional specialty
26,0.01989436557405508,0.005163766498089398,0.03273717018203691,0.010547816426798464,0.027385380705921426,inequality,Trade,Trade,2,Professional specialty
27,-0.026519886390075312,-0.04409313703134368,-0.008598207242350723,-0.03753375570299753,-0.014383775865598455,inequality,Trade,Trade,2,Professional specialty
28,0.014524807198759412,0.00021548251272760985,0.031278453254334176,0.006216857566994938,0.024816917049985933,inequality,Trade,Trade,2,Professional specialty
29,0.01767981549456279,-0.0009034510566995578,0.03739720961525936,0.007079142446883492,0.02969231852145207,inequality,Trade,Trade,2,Professional specialty
30,0.00457650303136536,-0.014797580360905123,0.022078268611939567,-0.006950702996634074,0.01575527171292926,inequality,Trade,Trade,2,Professional specialty
31,0.0021877941982596585,-0.011255581911846823,0.02004622512480599,-0.004787125836894397,0.012992270551409243,inequality,Trade,Trade,2,Professional specialty
32,-0.018702611063462438,-0.040560003774730485,-0.0005516896389062415,-0.033320442789843654,-0.010572840019114302,inequality,Trade,Trade,2,Professional specialty
33,-0.005988391896519136,-0.021694032679923723,0.012074872900830164,-0.015924043953887634,0.0055646007115866866,inequality,Trade,Trade,2,Professional specialty
34,-0.01618854196493601,-0.04170985962818076,0.017649872066889834,-0.02849458068774267,0.003456934367941141,inequality,Trade,Trade,2,Professional specialty
35,-0.01666570772218864,-0.043013824525106575,0.010217947569748389,-0.03323534173743721,-0.0019238532085614126,inequality,Trade,Trade,2,Professional specialty
36,0.0011483543743975866,-0.01760847837510514,0.02257971312567595,-0.010650081609184068,0.013633054713419936,inequality,Trade,Trade,2,Professional specialty
0,-0.017583811953866275,-0.24890558460276183,0.16073350098332773,-0.12967179117003697,0.05907687738765093,inequality,Trade,Trade,3,High tech
1,-0.03048820301366158,-0.055419459215754314,-0.005028470689624465,-0.04241989536723272,-0.014317330593305772,inequality,Trade,Trade,3,High tech
2,3.2506878055607875,3.211698236457813,3.3237471381906194,3.2245483902789944,3.3020135986277706,inequality,Trade,Trade,3,High tech
3,0.07056519218138024,-0.005507288576635919,0.11334727933744927,0.043760752033732274,0.10056363983848618,inequality,Trade,Trade,3,High tech
4,-0.07685269933208186,-3.924001266437777,1.6912071643238533,-1.3627935874557366,0.23406560973434618,inequality,Trade,Trade,3,High tech
5,0.07912135982873865,0.07362901971411615,0.08653702107154226,0.07540253157831714,0.08410070881984874,inequality,Trade,Trade,3,High tech
6,0.3211888144650251,-1.606369784034773,3.963991044517613,-1.3051518112963874,3.3190049073689525,inequality,Trade,Trade,3,High tech
7,0.7240614193055532,0.6951094932356168,0.7467971347043353,0.7044354957046112,0.7323488673813426,inequality,Trade,Trade,3,High tech
8,0.24612209909404045,-0.19737329567927211,0.7526785493427762,-0.11422980940036401,0.31389428643536665,inequality,Trade,Trade,3,High tech
9,-0.1279248413293558,-0.1426412253998014,-0.114478530353855,-0.13481652236349553,-0.12002556427505218,inequality,Trade,Trade,3,High tech
10,-0.12461995428766368,-0.13117853327327403,-0.11769349554330294,-0.12854990155940965,-0.120452835355533,inequality,Trade,Trade,3,High tech
11,-0.26098631330626837,-0.2819808767587132,-0.24117311790333956,-0.271463540282818,-0.24783522670112304,inequality,Trade,Trade,3,High tech
12,-0.11421840390738214,-0.7055187780584481,0.48587661478512545,-0.1606861044798642,0.3982224068421827,inequality,Trade,Trade,3,High tech
13,-0.29702509405365746,-1.9237196519869988,2.0129152360327347,-1.6734347920493668,1.3508567830630727,inequality,Trade,Trade,3,High tech
15,-0.188999526341588,-1.171276730664109,1.5776069895138305,-0.20941009507526737,0.31252462739119313,inequality,Trade,Trade,3,High tech
16,0.3026667770955795,0.27955646163312525,0.31948966110581734,0.2858340355748947,0.3120722080903392,inequality,Trade,Trade,3,High tech
19,-0.13013872916912803,-0.13672437732858211,-0.12417458364129864,-0.13382167963941766,-0.12613759076266862,inequality,Trade,Trade,3,High tech
23,-0.11727082882159896,-0.12322966326111363,-0.11003108334593274,-0.12010815737207867,-0.11257640853924672,inequality,Trade,Trade,3,High tech
28,-0.3022069677234898,-0.3095763885916072,-0.2946192373453067,-0.3067342874997389,-0.2977077081549219,inequality,Trade,Trade,3,High tech
31,0.0733567688537729,0.06745890908341047,0.08082368096625774,0.07031936738712855,0.078169356245593,inequality,Trade,Trade,3,High tech
32,-0.12330601227592548,-0.12809951319207544,-0.11701616496996546,-0.12601022298306544,-0.1194882133890227,inequality,Trade,Trade,3,High tech
0,-0.0021917063627993217,-0.01025465786287412,0.007057815831149375,-0.006943904812844055,0.0031299077164234305,inequality,Trade,Trade,4,Sales
1,-0.002757085587065522,-0.008648016060651851,0.003848727430626644,-0.006333368456612062,0.0008679256624699264,inequality,Trade,Trade,4,Sales
2,-0.00028612080374526235,-0.007905924907246453,0.008182504213790937,-0.005194364335004009,0.004465881149355966,inequality,Trade,Trade,4,Sales
3,0.005189261261614748,-0.0019525549722775445,0.012749559854021944,0.00013148299762281816,0.00969164647977006,inequality,Trade,Trade,4,Sales
4,-0.0017264667550780785,-0.008999874909071708,0.006754087656027619,-0.0059539339547385675,0.003293094782425722,inequality,Trade,Trade,4,Sales
5,-0.003483449624938606,-0.01018262971757166,0.005540368807062513,-0.007693531365758418,0.001448962810221758,inequality,Trade,Trade,4,Sales
6,0.004019955585211603,-0.004030622224183755,0.013150130737360346,-0.000797149078527017,0.01053038084559535,inequality,Trade,Trade,4,Sales
7,-0.00012660062352870188,-0.006256541939913782,0.0072118288256006104,-0.004364638583798963,0.00468275588929756,inequality,Trade,Trade,4,Sales
8,0.006674938421782858,6.879636813997801e-6,0.01297582168994299,0.002097620196514505,0.010751772520057358,inequality,Trade,Trade,4,Sales
9,-0.0007348014343746737,-0.0073754867989490845,0.0053978727062045,-0.004375849214990246,0.003379772848243331,inequality,Trade,Trade,4,Sales
10,-0.0027141209251612744,-0.009983061395158869,0.003850481921605947,-0.007233826363578827,0.0011640521125010424,inequality,Trade,Trade,4,Sales
11,-0.013575236162808207,-0.018002314454421065,-0.007612707651050547,-0.01672166827994144,-0.010252967247464223,inequality,Trade,Trade,4,Sales
12,0.0035259405715382447,-0.00346524912411924,0.011154081243416943,-0.0010676060966915224,0.008085095970323457,inequality,Trade,Trade,4,Sales
13,0.0071411487068315255,-0.00039998008744056117,0.01574072159735998,0.003177734532786824,0.011919163912194271,inequality,Trade,Trade,4,Sales
14,0.002444207369720884,-0.005445287500840123,0.011620940740692412,-0.002077967727463555,0.007676495573707738,inequality,Trade,Trade,4,Sales
15,0.004287270046363091,-0.004024212743984983,0.013517522652908877,-0.0012448321650163864,0.00933642432934525,inequality,Trade,Trade,4,Sales
16,0.005565850591910975,-0.0013083205121199003,0.012948241541569441,0.0014258190313044096,0.010266636376697325,inequality,Trade,Trade,4,Sales
17,-0.0018302816932862236,-0.010402864128815673,0.005630447113574426,-0.007329033487489733,0.0023609198564820814,inequality,Trade,Trade,4,Sales
18,0.0049143261507536545,-0.004386297111473562,0.01372590151033231,-0.000560372715548446,0.00983959108766843,inequality,Trade,Trade,4,Sales
19,0.0004962375436900049,-0.005182435678400646,0.007704963363423386,-0.0024825270528088944,0.005002453354241895,inequality,Trade,Trade,4,Sales
20,0.008223119536290548,0.0011492578239951758,0.014096507877674932,0.003935120368219112,0.011756929109134987,inequality,Trade,Trade,4,Sales
21,0.0005501814722285508,-0.005470913098630046,0.005817477851645498,-0.0030787979635190188,0.003638254501155263,inequality,Trade,Trade,4,Sales
22,-0.0005004199057363428,-0.007225251705302328,0.006889233593447877,-0.004351916991809014,0.0035094203694386048,inequality,Trade,Trade,4,Sales
23,-0.009629602555889204,-0.017251431618444724,-0.002345606057983062,-0.013970746898453082,-0.005400081331004284,inequality,Trade,Trade,4,Sales
24,0.00684926874049649,-0.00016657211557694843,0.01435103795500603,0.0024099226222224655,0.011461052839778108,inequality,Trade,Trade,4,Sales
25,0.004206519469650361,-0.0026729652696340367,0.010051038395731335,7.906047094986476e-5,0.007454033077408644,inequality,Trade,Trade,4,Sales
26,-0.0031748423567741334,-0.010387596298031349,0.004921950453692446,-0.007873410890342263,0.0008655195286895829,inequality,Trade,Trade,4,Sales
27,-0.0019196890269808599,-0.007686459667005073,0.005322820284271164,-0.00598456553979424,0.0029452947959405567,inequality,Trade,Trade,4,Sales
28,-0.0034459652765080704,-0.010637816991022063,0.0033921094960107576,-0.008615746344341346,0.00032785939360402373,inequality,Trade,Trade,4,Sales
29,9.454436965990148e-5,-0.008040158328191742,0.00846984684375059,-0.00425871517511119,0.0050992047916325785,inequality,Trade,Trade,4,Sales
30,0.004563697959977716,-0.0027124909864322403,0.012600884292238452,0.0001034899132822337,0.009437207513557809,inequality,Trade,Trade,4,Sales
31,0.003401716021149076,-0.0021233328723991624,0.01053619866125919,-0.0002131203134389699,0.007740931851463155,inequality,Trade,Trade,4,Sales
32,0.006959713017527084,0.0009743092244882262,0.013701968747309376,0.0031819957320402825,0.011049778049101651,inequality,Trade,Trade,4,Sales
33,0.009932789700164658,0.004018272694410144,0.016368676609472745,0.006791551346149777,0.014075990229072534,inequality,Trade,Trade,4,Sales
34,-0.0004568757729647974,-0.007203327786254326,0.007658095930732507,-0.004187485563743131,0.004904708338586756,inequality,Trade,Trade,4,Sales
35,-0.00999585196170242,-0.017078379320219293,-0.0031294865019372365,-0.014096372770023772,-0.005520749729474229,inequality,Trade,Trade,4,Sales
36,0.008548103618281028,0.0028606158034788524,0.013677610887780474,0.005483828530393926,0.01193752051987669,inequality,Trade,Trade,4,Sales
0,0.004234638946445578,-0.002534195507678305,0.012659284263844845,0.00016057469537763755,0.009365208937107298,inequality,Trade,Trade,5,Administrative support
1,0.003786627350143948,-0.004218439501484773,0.010506683644107258,-0.0003945679653698628,0.008246277051158962,inequality,Trade,Trade,5,Administrative support
2,-0.0035750506200584015,-0.012265663293675174,0.008368394102327118,-0.008248769035598161,0.003207186711058329,inequality,Trade,Trade,5,Administrative support
3,0.004218018623955263,-0.0044996419818397,0.013510925217202244,-0.0011898913308776892,0.008674945215676914,inequality,Trade,Trade,5,Administrative support
4,-0.008780594261368735,-0.018577769908749688,-0.0005159953349632099,-0.014716814930231838,-0.0030866186388636254,inequality,Trade,Trade,5,Administrative support
5,0.004951973466085634,-0.002525512603165158,0.014191089375634692,0.00020833018932949789,0.008875707362683212,inequality,Trade,Trade,5,Administrative support
6,0.002213601490718952,-0.009258624859194582,0.010540356188067805,-0.003219432714700816,0.007289011120879806,inequality,Trade,Trade,5,Administrative support
7,-0.008109690467587737,-0.01617101266377962,-0.001665759163960989,-0.013310168832660701,-0.004142378449984415,inequality,Trade,Trade,5,Administrative support
8,0.010205277460454099,0.0020071190646672715,0.01725592303043349,0.005331640185639185,0.014105077396754366,inequality,Trade,Trade,5,Administrative support
9,0.0031438258804073233,-0.005946221793471814,0.012238224141278588,-0.001361826800457175,0.008551650966797239,inequality,Trade,Trade,5,Administrative support
10,0.006675379323562014,-0.0009084222566165196,0.014006251926430192,0.002142896128037962,0.011359136343744016,inequality,Trade,Trade,5,Administrative support
11,0.005932523026483961,-0.0035326978832197105,0.015700214190692632,0.00036551390534052437,0.011882848509317237,inequality,Trade,Trade,5,Administrative support
12,0.004627273570426594,-0.00489727597216272,0.013407405232538264,-0.0008277826327164747,0.00961042658407213,inequality,Trade,Trade,5,Administrative support
13,-0.00841731808459087,-0.016762696799343106,-0.0015279000824357184,-0.01346339196487955,-0.004561965461018794,inequality,Trade,Trade,5,Administrative support
14,0.0011539685297089137,-0.009816311967106101,0.015993881184352122,-0.005467777552093609,0.009336717161360059,inequality,Trade,Trade,5,Administrative support
15,-0.005107625420894004,-0.014303600659588828,0.003341659246987357,-0.011084536280490635,0.00032275842558597036,inequality,Trade,Trade,5,Administrative support
16,0.008466987964676523,0.0006441233262993434,0.015154111284316847,0.0036834731031467937,0.012587196905574131,inequality,Trade,Trade,5,Administrative support
17,0.005874429435369927,-0.0014811547449306841,0.011988604152953983,0.0011740749830504871,0.009346132202059078,inequality,Trade,Trade,5,Administrative support
18,0.011629418070296311,0.002147871774704352,0.021584384657569386,0.005865414377720904,0.018077654957132646,inequality,Trade,Trade,5,Administrative support
19,0.01121591670281372,0.005239568571984699,0.01841705859791729,0.007422035837733498,0.016013287666452245,inequality,Trade,Trade,5,Administrative support
20,-0.0039754316947492535,-0.01437296844706127,0.00552466192470582,-0.00976753093490923,0.0017217543439068403,inequality,Trade,Trade,5,Administrative support
21,0.011081036941177536,0.002600317488518555,0.01957211642807206,0.0059293094994785555,0.017021391403126328,inequality,Trade,Trade,5,Administrative support
22,0.016165302743728464,0.00726348494228833,0.026833021225413707,0.0110450900750035,0.02345755632426627,inequality,Trade,Trade,5,Administrative support
23,0.006965702127408018,-0.0026260512121863725,0.01596012788132319,0.0012979501119935134,0.012654944905214634,inequality,Trade,Trade,5,Administrative support
24,0.005229506624360212,-0.005219642540160695,0.01636296569805962,-0.0011446272236762993,0.01124995262540065,inequality,Trade,Trade,5,Administrative support
25,-0.006350247822068804,-0.015496870141819014,0.001785516100142757,-0.011070561615134589,-0.0006921160108689936,inequality,Trade,Trade,5,Administrative support
26,-0.0002526555464335137,-0.009985326876534814,0.011689102925591983,-0.005098752867846397,0.0066078378048052356,inequality,Trade,Trade,5,Administrative support
27,-0.00815337558279063,-0.016996984248180823,0.0005961411295113805,-0.01303168516753944,-0.0027121631824396477,inequality,Trade,Trade,5,Administrative support
28,-0.0018348408496737373,-0.010620014935617634,0.006763126072498235,-0.007874602061979628,0.0036242723175270728,inequality,Trade,Trade,5,Administrative support
29,0.009863169822453607,0.0020186913029395983,0.018904987799680008,0.004948800213593034,0.015083697871265393,inequality,Trade,Trade,5,Administrative support
30,-0.005174345235596378,-0.013998011185268585,0.005155247769561309,-0.00919241231619633,0.0012214733205350489,inequality,Trade,Trade,5,Administrative support
31,-0.0004277608555465639,-0.011649415338220536,0.006104283217150726,-0.007226943549378383,0.0035205711325994467,inequality,Trade,Trade,5,Administrative support
32,0.008187843748672622,-0.0007286629085815361,0.016963061474075933,0.0031647305634026224,0.013970450953707273,inequality,Trade,Trade,5,Administrative support
33,0.005844782730759507,-0.003775000179912312,0.017143775946593113,-2.825691936517421e-5,0.01277900455118387,inequality,Trade,Trade,5,Administrative support
34,-0.000512344032805937,-0.008897697159368079,0.007401089246142799,-0.0053640564671340926,0.005171069882789387,inequality,Trade,Trade,5,Administrative support
35,-0.010747793286184882,-0.01941346879550477,-0.0033555821340575344,-0.016066785631398323,-0.005910011689128513,inequality,Trade,Trade,5,Administrative support
36,0.004967619414053215,-0.0038749394074964107,0.015717227614945935,-0.001334427651088788,0.010579278556952712,inequality,Trade,Trade,5,Administrative support
0,-0.0004732070750954282,-0.006665335851286095,0.006165368221343816,-0.003890418387263104,0.0038141056906579617,inequality,Trade,Trade,6,Service
1,-0.0016881128906991864,-0.008445781336866598,0.0036134813362869115,-0.006423296101945696,0.001076452691552427,inequality,Trade,Trade,6,Service
2,-0.0005803999959129539,-0.010443014552459324,0.008936527940514735,-0.006094140967044009,0.005260572882551491,inequality,Trade,Trade,6,Service
3,0.007520605440269292,-0.002632446740042282,0.016484614591273098,0.0010943555575346816,0.012472679057896353,inequality,Trade,Trade,6,Service
4,-0.00768536785387857,-0.0163614863549523,-0.0008092854065145233,-0.012466993614054307,-0.003513205239269103,inequality,Trade,Trade,6,Service
5,5.0209724231653415e-5,-0.006591160867840882,0.006929875999104587,-0.0042091924190319095,0.0044487637081776195,inequality,Trade,Trade,6,Service
6,0.009174988984527786,0.0012968283381710258,0.016430627847248587,0.005082861036824828,0.013795153879321098,inequality,Trade,Trade,6,Service
7,0.008145696629351025,0.00042260317396315954,0.0145369998074045,0.004369785129297704,0.012329948422304336,inequality,Trade,Trade,6,Service
8,0.0078016977764304146,0.00042911918203124115,0.014687140950025181,0.0030264207128003354,0.012331761519582027,inequality,Trade,Trade,6,Service
9,-0.0010176196840167588,-0.00886144448633805,0.005733676216232239,-0.006711191618546855,0.003425512047986941,inequality,Trade,Trade,6,Service
10,0.005931750653261145,-0.003095168473328619,0.012749774561523285,0.0007363339288563491,0.009521426777888743,inequality,Trade,Trade,6,Service
11,-0.0002401693129636575,-0.007668055001295021,0.007226036742849953,-0.004646926814315757,0.0036129388875873036,inequality,Trade,Trade,6,Service
12,0.00673289689611015,-0.00021698492642567568,0.014705702435646794,0.0026274761514670517,0.012052752668683015,inequality,Trade,Trade,6,Service
13,0.0012040741198219474,-0.0077141396157138185,0.008183286963201182,-0.0035134822151593093,0.005858409706610383,inequality,Trade,Trade,6,Service
14,0.006059536112438387,0.00032497338749658353,0.011432490474972018,0.002351035188955656,0.00992660193488177,inequality,Trade,Trade,6,Service
15,-0.00550209137373989,-0.015489779253757453,0.0028480571945848424,-0.011792761247310319,-0.00018170819256456503,inequality,Trade,Trade,6,Service
16,-0.005619229376638549,-0.011420152459648465,0.0021297785835484298,-0.009008181392076913,-0.00019539276044844376,inequality,Trade,Trade,6,Service
17,-0.005207843661448196,-0.012956805511876682,0.0030663825002527163,-0.009639002119825548,-0.00042326685047782125,inequality,Trade,Trade,6,Service
18,0.00408448300069729,-0.0039861351672521575,0.01097675314955869,-0.00047206266617845234,0.0087972601305253,inequality,Trade,Trade,6,Service
19,0.0009019424126246849,-0.00800179135960964,0.009062506494006176,-0.004980895479270625,0.0055643624546540165,inequality,Trade,Trade,6,Service
20,0.012800095511870163,0.004173614299014011,0.02114784363671165,0.008215811622627103,0.01821410806781884,inequality,Trade,Trade,6,Service
21,0.005612940252608564,-0.0020517592847035812,0.013751486487509245,0.0010286212095444698,0.010277495943101438,inequality,Trade,Trade,6,Service
22,0.0016428936958951422,-0.0050888821540640275,0.011089000025154207,-0.0024695399380198196,0.007086171643937125,inequality,Trade,Trade,6,Service
23,0.00036053943559954016,-0.00789643159283255,0.009453872611341327,-0.0049298264928604885,0.005862264987632863,inequality,Trade,Trade,6,Service
24,0.0015009706756575973,-0.004769791159591407,0.00731509101422542,-0.0025258806384642124,0.004947439599722757,inequality,Trade,Trade,6,Service
25,-0.0031877234737677047,-0.014350219198405637,0.005627588714142266,-0.010589771479552429,0.0024676799649314303,inequality,Trade,Trade,6,Service
26,-0.0009080861889063397,-0.008187353140995397,0.005400577505024086,-0.005088578413489364,0.0029114771049960865,inequality,Trade,Trade,6,Service
27,0.0015379406219390957,-0.0066558991742058995,0.0109104124687567,-0.003335683743314481,0.0067274487479332115,inequality,Trade,Trade,6,Service
28,0.0012336314884606452,-0.006460561981804732,0.007878805593507001,-0.003438660352642936,0.005451131393374353,inequality,Trade,Trade,6,Service
29,0.007310238771329842,-0.0010640125133493973,0.01428119968078315,0.0026728378242629035,0.011287547818093019,inequality,Trade,Trade,6,Service
30,0.006412008709777085,-0.0014593494337013548,0.015942972195781224,0.0016902320191025362,0.011601906693478896,inequality,Trade,Trade,6,Service
31,0.008486705268375208,0.0003384245065922997,0.018198360876895265,0.00323802050235226,0.015459431133273327,inequality,Trade,Trade,6,Service
32,0.004874150921853463,-0.00393561435304091,0.011860822199914405,-0.000509793035696272,0.00921926061648762,inequality,Trade,Trade,6,Service
33,0.0040732464418361996,-0.0037711790907766296,0.013006488521214398,-0.0005256489142621721,0.009559421255786632,inequality,Trade,Trade,6,Service
34,-0.0012097722767211803,-0.008678188244515748,0.007086539680145302,-0.005964505169846435,0.0037499574846555743,inequality,Trade,Trade,6,Service
35,0.0028364634394585663,-0.005727284044988054,0.010825758616474872,-0.0018685075455061244,0.007710585211912306,inequality,Trade,Trade,6,Service
36,-0.002012383198659834,-0.010571259510234849,0.0071702745310106945,-0.006962272305522274,0.0027066753133258305,inequality,Trade,Trade,6,Service
0,NaN,NaN,NaN,NaN,NaN,inequality,Trade,Trade,7,Farming/forestry/construction
1,NaN,NaN,NaN,NaN,NaN,inequality,Trade,Trade,7,Farming/forestry/construction
2,NaN,NaN,NaN,NaN,NaN,inequality,Trade,Trade,7,Farming/forestry/construction
3,NaN,NaN,NaN,NaN,NaN,inequality,Trade,Trade,7,Farming/forestry/construction
4,NaN,NaN,NaN,NaN,NaN,inequality,Trade,Trade,7,Farming/forestry/construction
5,NaN,NaN,NaN,NaN,NaN,inequality,Trade,Trade,7,Farming/forestry/construction
6,NaN,NaN,NaN,NaN,NaN,inequality,Trade,Trade,7,Farming/forestry/construction
7,NaN,NaN,NaN,NaN,NaN,inequality,Trade,Trade,7,Farming/forestry/construction
8,NaN,NaN,NaN,NaN,NaN,inequality,Trade,Trade,7,Farming/forestry/construction
9,NaN,NaN,NaN,NaN,NaN,inequality,Trade,Trade,7,Farming/forestry/construction
10,NaN,NaN,NaN,NaN,NaN,inequality,Trade,Trade,7,Farming/forestry/construction
11,NaN,NaN,NaN,NaN,NaN,inequality,Trade,Trade,7,Farming/forestry/construction
12,NaN,NaN,NaN,NaN,NaN,inequality,Trade,Trade,7,Farming/forestry/construction
13,NaN,NaN,NaN,NaN,NaN,inequality,Trade,Trade,7,Farming/forestry/construction
14,NaN,NaN,NaN,NaN,NaN,inequality,Trade,Trade,7,Farming/forestry/construction
15,NaN,NaN,NaN,NaN,NaN,inequality,Trade,Trade,7,Farming/forestry/construction
16,NaN,NaN,NaN,NaN,NaN,inequality,Trade,Trade,7,Farming/forestry/construction
17,NaN,NaN,NaN,NaN,NaN,inequality,Trade,Trade,7,Farming/forestry/construction
18,NaN,NaN,NaN,NaN,NaN,inequality,Trade,Trade,7,Farming/forestry/construction
19,NaN,NaN,NaN,NaN,NaN,inequality,Trade,Trade,7,Farming/forestry/construction
20,NaN,NaN,NaN,NaN,NaN,inequality,Trade,Trade,7,Farming/forestry/construction
21,NaN,NaN,NaN,NaN,NaN,inequality,Trade,Trade,7,Farming/forestry/construction
22,NaN,NaN,NaN,NaN,NaN,inequality,Trade,Trade,7,Farming/forestry/construction
23,NaN,NaN,NaN,NaN,NaN,inequality,Trade,Trade,7,Farming/forestry/construction
24,NaN,NaN,NaN,NaN,NaN,inequality,Trade,Trade,7,Farming/forestry/construction
25,NaN,NaN,NaN,NaN,NaN,inequality,Trade,Trade,7,Farming/forestry/construction
26,NaN,NaN,NaN,NaN,NaN,inequality,Trade,Trade,7,Farming/forestry/construction
27,NaN,NaN,NaN,NaN,NaN,inequality,Trade,Trade,7,Farming/forestry/construction
28,NaN,NaN,NaN,NaN,NaN,inequality,Trade,Trade,7,Farming/forestry/construction
29,NaN,NaN,NaN,NaN,NaN,inequality,Trade,Trade,7,Farming/forestry/construction
30,NaN,NaN,NaN,NaN,NaN,inequality,Trade,Trade,7,Farming/forestry/construction
31,NaN,NaN,NaN,NaN,NaN,inequality,Trade,Trade,7,Farming/forestry/construction
32,NaN,NaN,NaN,NaN,NaN,inequality,Trade,Trade,7,Farming/forestry/construction
33,NaN,NaN,NaN,NaN,NaN,inequality,Trade,Trade,7,Farming/forestry/construction
34,NaN,NaN,NaN,NaN,NaN,inequality,Trade,Trade,7,Farming/forestry/construction
35,NaN,NaN,NaN,NaN,NaN,inequality,Trade,Trade,7,Farming/forestry/construction
36,NaN,NaN,NaN,NaN,NaN,inequality,Trade,Trade,7,Farming/forestry/construction
0,-0.01102130452706997,-0.021616399643221026,-0.00031115927001599403,-0.017797762031525152,-0.004431976729523435,inequality,Trade,Trade,8,Precision production/repair
1,0.007973713406725327,-0.002441709276115381,0.018170680943717044,0.002404061211963472,0.014410315037454904,inequality,Trade,Trade,8,Precision production/repair
2,0.003996256737615305,-0.004168510056072649,0.011084345580210233,-0.0008459270093525003,0.008394023214956855,inequality,Trade,Trade,8,Precision production/repair
3,0.002030778275056586,-0.008062011752960646,0.011798715690994319,-0.004431582231730723,0.009226709726210643,inequality,Trade,Trade,8,Precision production/repair
4,0.010663691087635749,0.002783595932475895,0.019503667055089602,0.005689669761739047,0.016323338629057695,inequality,Trade,Trade,8,Precision production/repair
5,-0.0055586786426250895,-0.015781653048947436,0.00426523443397344,-0.0107962696237482,0.0008407483880861297,inequality,Trade,Trade,8,Precision production/repair
6,0.006079458360264169,-0.00448789775736185,0.015765956139936428,-0.0010906036501823878,0.011962961888984408,inequality,Trade,Trade,8,Precision production/repair
7,-0.0014273464153984519,-0.010779997731457588,0.00734076608269242,-0.0074695823015185365,0.004318502605956936,inequality,Trade,Trade,8,Precision production/repair
8,-0.0014338021878145277,-0.01085792528440339,0.005875740322394882,-0.00659058755247528,0.0031934824739942155,inequality,Trade,Trade,8,Precision production/repair
9,-0.013856508763188998,-0.02194978024435546,-0.003812914097222571,-0.01895176781718607,-0.00808065411863375,inequality,Trade,Trade,8,Precision production/repair
10,-0.005236448422600179,-0.018376934116047117,0.006648113043467762,-0.013032275894974025,0.0016838865467039997,inequality,Trade,Trade,8,Precision production/repair
11,-0.014771311274819603,-0.024818229523779323,-0.004665759248357031,-0.021121743669713967,-0.008272928637141082,inequality,Trade,Trade,8,Precision production/repair
12,-0.005326275938410733,-0.0155197210246109,0.004904802314177958,-0.011979340028137091,0.0005722826557839613,inequality,Trade,Trade,8,Precision production/repair
13,0.007025714370114707,-0.0012620059278060612,0.015869700568010674,0.0017068084979614644,0.012056389214239321,inequality,Trade,Trade,8,Precision production/repair
14,0.0003149145580923535,-0.009001171854949511,0.009210699165433895,-0.005227511318409442,0.005545674093359277,inequality,Trade,Trade,8,Precision production/repair
15,-0.00017365141774166841,-0.013811477361743606,0.00980455657887281,-0.00762552144814556,0.006039045937229796,inequality,Trade,Trade,8,Precision production/repair
16,-0.005613970611280659,-0.024404996808295366,0.006709799836785834,-0.015352497401362176,0.0016351082727309747,inequality,Trade,Trade,8,Precision production/repair
17,0.0044452703768954795,-0.006879465579642606,0.01575688651377069,-0.0028168851927350656,0.011170496876794153,inequality,Trade,Trade,8,Precision production/repair
18,0.003291609416450367,-0.010391314202778362,0.014150957787990909,-0.0035815509122137297,0.008179700930510504,inequality,Trade,Trade,8,Precision production/repair
19,-0.01413533070821664,-0.02337798822425193,-0.006899571622283373,-0.019520233267101318,-0.009722623693598553,inequality,Trade,Trade,8,Precision production/repair
20,0.008584210692655062,-0.002694986353533626,0.019996640370415257,0.0015311642158428364,0.015306581896563165,inequality,Trade,Trade,8,Precision production/repair
21,0.003573541153139661,-0.006752812519330828,0.012371347130161671,-0.003261752015164974,0.008833994742416976,inequality,Trade,Trade,8,Precision production/repair
22,-0.0015773471318984566,-0.010610710362171788,0.01224998779940263,-0.006444354056968779,0.0061664808171777614,inequality,Trade,Trade,8,Precision production/repair
23,-0.011379698752041145,-0.02421071703886371,-0.0018131922946817598,-0.01985934520865603,-0.005628807668192047,inequality,Trade,Trade,8,Precision production/repair
24,-0.0043942560868200425,-0.014258315939353727,0.004192908176526505,-0.010777188764823198,0.0005852991183018432,inequality,Trade,Trade,8,Precision production/repair
25,0.005086500042179283,-0.008860657904018972,0.016055701647291788,-0.0023732412004485795,0.0124847725434254,inequality,Trade,Trade,8,Precision production/repair
26,0.012372289381949739,0.0015458654007028862,0.023096688531378837,0.005336109014448055,0.01864233554189095,inequality,Trade,Trade,8,Precision production/repair
27,0.00437352715584028,-0.003359445652335879,0.012841815497281741,-0.0002910947044192577,0.010171783931245546,inequality,Trade,Trade,8,Precision production/repair
28,-0.017698930246833885,-0.02904744579444513,-0.00988386297791146,-0.0237554912067163,-0.01302121716053556,inequality,Trade,Trade,8,Precision production/repair
29,0.0008132061699342078,-0.0075739548199034185,0.009086103179964408,-0.0040943710268178165,0.005851084746591252,inequality,Trade,Trade,8,Precision production/repair
30,-0.013018330637366427,-0.021063663773854588,-0.0027516236691501206,-0.01812394861667012,-0.00710017825413114,inequality,Trade,Trade,8,Precision production/repair
31,-0.0063956773537267985,-0.014977053852136211,0.003628958491829433,-0.011609121367702407,-0.0011872075148820294,inequality,Trade,Trade,8,Precision production/repair
32,0.0035904055327414777,-0.008192835196356123,0.011113723998183372,-0.003795536713698117,0.00806636428858629,inequality,Trade,Trade,8,Precision production/repair
33,0.020502411860918755,0.01171531631549825,0.029285669182420655,0.014445960949094455,0.025847684998508723,inequality,Trade,Trade,8,Precision production/repair
34,-0.005082560676661653,-0.01724278457074187,0.007315183630764797,-0.012081768882651955,0.002376979696327713,inequality,Trade,Trade,8,Precision production/repair
35,-0.003918517873726871,-0.01991514326832275,0.009310912440692435,-0.013303976980841882,0.0031734224667615118,inequality,Trade,Trade,8,Precision production/repair
36,0.0031722741785212717,-0.006673580886133221,0.013665663096898954,-0.0025143185824119847,0.009920935974513274,inequality,Trade,Trade,8,Precision production/repair
0,-0.012365297119709497,-0.02151374366738338,-0.0034841513106616227,-0.017836565206579308,-0.0073476714416456585,inequality,Trade,Trade,9,Machine operators/transport
1,0.0012972329935124459,-0.007963393774469375,0.010079925183183248,-0.004648938674942993,0.0071159949000341284,inequality,Trade,Trade,9,Machine operators/transport
2,-0.005654626112024875,-0.015455188174854759,0.004177151665256708,-0.011260174270630686,-0.00048265482349303494,inequality,Trade,Trade,9,Machine operators/transport
3,-0.0022966216590609542,-0.012847361518742067,0.009345361502728466,-0.007943922608824034,0.003650934209038804,inequality,Trade,Trade,9,Machine operators/transport
4,0.0032947139409774356,-0.004844333285544336,0.013488596955661203,-0.0012250028956364615,0.009880836391350427,inequality,Trade,Trade,9,Machine operators/transport
5,0.000663055540963414,-0.008083249656735927,0.012294327292533718,-0.004903554378958768,0.007757728629599084,inequality,Trade,Trade,9,Machine operators/transport
6,-0.013744065350901048,-0.02551614252003703,0.0004092869080001612,-0.02053667023385313,-0.004152733707538979,inequality,Trade,Trade,9,Machine operators/transport
7,-0.002717037664702682,-0.011861112677203585,0.006135779967823718,-0.008473841369082913,0.0028920289503901126,inequality,Trade,Trade,9,Machine operators/transport
8,-0.0037457059537992794,-0.012402331031995732,0.005363390238792875,-0.008900146800566788,0.0029038847149710214,inequality,Trade,Trade,9,Machine operators/transport
9,-0.0058205032276959,-0.013931887108921352,0.002293545665549261,-0.010948669104694135,-0.0013612723467102735,inequality,Trade,Trade,9,Machine operators/transport
10,0.001805793721577698,-0.008235634938047385,0.011445067140054124,-0.004815540656826968,0.008126116232928929,inequality,Trade,Trade,9,Machine operators/transport
11,0.015416243042253296,0.0068210284728688324,0.022415053742907153,0.01003991285778787,0.019263057140160043,inequality,Trade,Trade,9,Machine operators/transport
12,-0.006725428243617987,-0.01598720091468685,0.0030847145865626705,-0.012737422209553016,-0.0010566442257298131,inequality,Trade,Trade,9,Machine operators/transport
13,0.016355155739897948,0.00661976928118364,0.026917663461207837,0.010604328222040273,0.02250306886265745,inequality,Trade,Trade,9,Machine operators/transport
14,0.006861454601640035,-0.005986496264880897,0.016845430633882927,-0.0015085658802024325,0.01255244114262825,inequality,Trade,Trade,9,Machine operators/transport
15,0.003607537981071041,-0.004078171027485934,0.013453708444502421,-0.0016822338784796419,0.009307281606509865,inequality,Trade,Trade,9,Machine operators/transport
16,-0.008206654883307627,-0.0199917364676611,0.0016260677862521417,-0.015839353309962483,-0.0022331398293787075,inequality,Trade,Trade,9,Machine operators/transport
17,0.006587407397964021,-0.0019522999987756917,0.015330656018272196,0.0012415455607581076,0.011465760575905485,inequality,Trade,Trade,9,Machine operators/transport
18,-0.0037757146097682596,-0.015149804806105067,0.005987616783372871,-0.01042565610336765,0.002156675214004031,inequality,Trade,Trade,9,Machine operators/transport
19,0.014648920714948149,0.005786282021671996,0.027133487660656017,0.008654010485500295,0.021669391665210175,inequality,Trade,Trade,9,Machine operators/transport
20,0.0038225223729985046,-0.004725095580118002,0.012038350559246541,-0.0018656209205345975,0.008774550485621152,inequality,Trade,Trade,9,Machine operators/transport
21,-0.0021484282498793806,-0.01043913484989943,0.006613119470032874,-0.006701061960059753,0.003698695488755624,inequality,Trade,Trade,9,Machine operators/transport
22,0.010142574274748893,0.00046055483860070294,0.018256226964970743,0.003681360174285257,0.015125241565510848,inequality,Trade,Trade,9,Machine operators/transport
23,-0.013166604043592382,-0.02528562768906832,0.0005151675359580127,-0.02108416094333812,-0.006189495282388536,inequality,Trade,Trade,9,Machine operators/transport
24,0.00502353074154273,-0.005105487118622515,0.013716380385601534,-0.0007326393184756419,0.009515362016609743,inequality,Trade,Trade,9,Machine operators/transport
25,-0.002658147638348272,-0.012814362342884696,0.007229025598177018,-0.0073468921595837774,0.0036745903901323775,inequality,Trade,Trade,9,Machine operators/transport
26,0.0034847819041444864,-0.0049818711598733495,0.012591777811716134,-0.0017668533787986462,0.009534376903692788,inequality,Trade,Trade,9,Machine operators/transport
27,-0.014341434672726264,-0.022508824354012698,-0.0055790991430741295,-0.019668343656729887,-0.008500874396531927,inequality,Trade,Trade,9,Machine operators/transport
28,0.010354311264042656,-0.0017711526874731702,0.019568381583330928,0.003889226398430018,0.01604785627350342,inequality,Trade,Trade,9,Machine operators/transport
29,0.010521058224927105,0.00017432320164366757,0.020088369513681814,0.004674069217764248,0.016410446979304334,inequality,Trade,Trade,9,Machine operators/transport
30,-0.0007533625162803384,-0.009788590254211376,0.009230468136723844,-0.005876151981709724,0.0056966678316061605,inequality,Trade,Trade,9,Machine operators/transport
31,-0.0040832518952727,-0.011874000328144459,0.005589361618835884,-0.009089235378997064,0.002745320057105982,inequality,Trade,Trade,9,Machine operators/transport
32,0.014270788032969333,0.004661889113944493,0.026640787054091508,0.0085980679790633,0.021220311813787553,inequality,Trade,Trade,9,Machine operators/transport
33,0.01620074433805815,0.007588238047566125,0.023763370782293035,0.01080543020588965,0.021440532183238027,inequality,Trade,Trade,9,Machine operators/transport
34,0.010314866871298813,0.0032379416089710587,0.019024604202361184,0.006627879622520768,0.015981474333316592,inequality,Trade,Trade,9,Machine operators/transport
35,-0.0011814397918716638,-0.012108146872625238,0.009693461672838492,-0.008676009861271353,0.004703476043264759,inequality,Trade,Trade,9,Machine operators/transport
36,-0.003935974859165792,-0.01250573271133049,0.004761232150032456,-0.008891463453231562,0.0011461572223724547,inequality,Trade,Trade,9,Machine operators/transport
0,-0.0036509351946841548,-0.008248276339320047,-7.933163585282111e-5,-0.006340628396141166,-0.0013228809273249788,inequality,Services,Services,1,Managerial
1,0.0019713301343139743,-0.0028501362727987416,0.007886431147146867,-0.0009584806551845358,0.005478292655568087,inequality,Services,Services,1,Managerial
2,-0.003818543147006672,-0.008793341432134486,0.0012558686959520892,-0.006814923387464578,-0.0009352037528062903,inequality,Services,Services,1,Managerial
3,-0.0009662129201564708,-0.006429802617602186,0.004806888230048768,-0.0040676448984562665,0.0022400921131287732,inequality,Services,Services,1,Managerial
4,-0.006598619405991667,-0.011236308197926256,-0.0025301199860114174,-0.009437665943448938,-0.004008243066278094,inequality,Services,Services,1,Managerial
5,5.964669269029627e-5,-0.005551042328688213,0.005468422854908369,-0.002892094720667837,0.003347801215365814,inequality,Services,Services,1,Managerial
6,-0.0025901444313334164,-0.008946180056437714,0.004309165720769238,-0.006233003989101527,0.001327025031007878,inequality,Services,Services,1,Managerial
7,-0.0018044243196992664,-0.007656003027014515,0.004223770966396723,-0.005488233221188495,0.001741443328163768,inequality,Services,Services,1,Managerial
8,0.005452839377618976,-8.251671980837819e-5,0.01043212131400286,0.0019722396618417257,0.008392530279569646,inequality,Services,Services,1,Managerial
9,-0.004122875305373235,-0.008711680231911531,0.0010294949578037657,-0.006903459366910726,-0.0010811362838095999,inequality,Services,Services,1,Managerial
10,-0.00736840398589361,-0.011371854629091065,-0.0032748925819283074,-0.009609199343529402,-0.004686950221931519,inequality,Services,Services,1,Managerial
11,0.001459460314984982,-0.0041475142483093945,0.0063308350429621164,-0.0017938894062068985,0.004161315640975807,inequality,Services,Services,1,Managerial
12,0.0025377286623548484,-0.003016747736189188,0.008351913361161726,-0.000937710825493663,0.005984825495923473,inequality,Services,Services,1,Managerial
13,0.00556573640337906,-0.0006702480920940139,0.011262903091887242,0.0018208843837267726,0.00890456261083943,inequality,Services,Services,1,Managerial
14,-0.002430870510404875,-0.007620590511547084,0.0024018090799637006,-0.005424875878846964,0.0009216146216820486,inequality,Services,Services,1,Managerial
15,-0.0022131029651132604,-0.006949176580919153,0.0032325136696533152,-0.005253537337604533,0.0011205350181744916,inequality,Services,Services,1,Managerial
16,-0.003651610507457508,-0.008414269486059882,0.0016808256521382752,-0.006972607316700821,-0.0005135277484310603,inequality,Services,Services,1,Managerial
17,-0.004156679308700206,-0.008956007767762373,0.001046360381074465,-0.007093550553334259,-0.0008120231603930298,inequality,Services,Services,1,Managerial
18,-0.006362974510007127,-0.011884184101431054,-0.0010195889677242507,-0.009416890059169274,-0.0034106208471219833,inequality,Services,Services,1,Managerial
19,-0.0018072351723009247,-0.006016519557673005,0.0023654740590591757,-0.004376982763847816,0.0008663522430496389,inequality,Services,Services,1,Managerial
20,0.0064553415238178796,0.002317958590727907,0.01115364451882464,0.004036196129011212,0.009159355186551272,inequality,Services,Services,1,Managerial
21,-7.362749604009702e-5,-0.005469470365017225,0.005184171516660518,-0.00313596011491593,0.0029867458264304417,inequality,Services,Services,1,Managerial
22,0.004194764929233755,-0.0006227016575296338,0.009356711639971798,0.001361143314083533,0.007388618616035828,inequality,Services,Services,1,Managerial
23,-0.002796648204535426,-0.009988426531645677,0.0035879679850125815,-0.007292712713119829,0.001004939909468371,inequality,Services,Services,1,Managerial
24,-0.0029060854373180933,-0.007452760793056307,0.0017024871657709516,-0.0059071859152240265,5.643936163940129e-5,inequality,Services,Services,1,Managerial
25,-0.003308923107678746,-0.007829877754762706,0.001725963347443001,-0.005727692982475844,-0.0005668082887902641,inequality,Services,Services,1,Managerial
26,0.002842076475223461,-0.0025973652465090804,0.007242182529959462,-0.0003137963015626172,0.0057385689496954875,inequality,Services,Services,1,Managerial
27,-0.0019989130097132412,-0.006492443079769369,0.0028101771105738674,-0.004833517814084944,0.0008435080469985303,inequality,Services,Services,1,Managerial
28,3.382529375750943e-5,-0.006029450653914508,0.0052857915005935455,-0.0035969121674351142,0.003481205304585305,inequality,Services,Services,1,Managerial
29,0.0021861932376602837,-0.0030171641326587474,0.007067275711810747,-0.0006907284884433516,0.005043557099349016,inequality,Services,Services,1,Managerial
30,-0.003727676348153269,-0.009437619474647954,0.0018984840058550848,-0.00692686715452316,-0.00012332202048861637,inequality,Services,Services,1,Managerial
31,0.0005564535531160106,-0.005292978131310321,0.005329190225207537,-0.002675918473221925,0.003396060729979299,inequality,Services,Services,1,Managerial
32,0.00011739813796868975,-0.0043646369011995385,0.003933002174574415,-0.002423979580751321,0.002434669917046659,inequality,Services,Services,1,Managerial
33,0.004632549792545871,0.00038950623567631393,0.00950846287327372,0.002203699900957137,0.008013433227171603,inequality,Services,Services,1,Managerial
34,0.0037676883798069536,-0.0008447570779363191,0.008656297041859485,0.0009736880700353138,0.00663094203868046,inequality,Services,Services,1,Managerial
35,0.00015843838392854347,-0.0047295071012362026,0.005817636845463621,-0.003027705416483534,0.0033679439828147913,inequality,Services,Services,1,Managerial
36,-0.0024421471277811,-0.009773867118195065,0.003777489935160819,-0.006692431337312831,0.0009632040557130297,inequality,Services,Services,1,Managerial
0,0.000660419219843687,-0.004589675717576344,0.0052077387346809376,-0.002565822709152044,0.003531493790051273,inequality,Services,Services,2,Professional specialty
1,-0.006899727110933431,-0.012482899836281452,-0.002178999603316762,-0.009987138520409562,-0.003914613665425082,inequality,Services,Services,2,Professional specialty
2,-0.0013350115166868568,-0.006858551887414689,0.003773817491786806,-0.004566331494659821,0.0015658411591534585,inequality,Services,Services,2,Professional specialty
3,0.00039406651272836063,-0.0034492617643404437,0.003997648989121232,-0.002118324811028361,0.002903038649987198,inequality,Services,Services,2,Professional specialty
4,-0.002611794743244553,-0.007961467770271038,0.0018238698663143164,-0.005569671168676033,-5.998809009978481e-6,inequality,Services,Services,2,Professional specialty
5,0.0010156926350996412,-0.004526233344475066,0.005795501946165592,-0.0023281092047890534,0.003859807624404534,inequality,Services,Services,2,Professional specialty
6,0.00012961493384909016,-0.004504015543210532,0.004458230341886411,-0.0026880470984969374,0.002752417587729515,inequality,Services,Services,2,Professional specialty
7,0.0005542965641555548,-0.003925726826453568,0.006325501038028809,-0.0021036600384604087,0.004052878605550589,inequality,Services,Services,2,Professional specialty
8,-0.0004849463859258792,-0.006028991423431266,0.004902360848673534,-0.004087521920382121,0.0028648605647850385,inequality,Services,Services,2,Professional specialty
9,0.006131116931544284,0.001935720836374619,0.009942282996538186,0.003668561366484866,0.00860158124217084,inequality,Services,Services,2,Professional specialty
10,0.008646792797310347,0.004441102666200113,0.013338597069528318,0.006339481121537963,0.011490964831479992,inequality,Services,Services,2,Professional specialty
11,0.0036076587567489254,-0.0018621557317393426,0.008803744832395774,0.00042616030274391205,0.0066345493737608625,inequality,Services,Services,2,Professional specialty
12,-0.001297020402035321,-0.006305240100031057,0.0036775475657528436,-0.004237276834636991,0.0015231116309348564,inequality,Services,Services,2,Professional specialty
13,0.0018999286433649264,-0.0026809100543933088,0.006002272933580228,-0.000887795347018331,0.004367377731536379,inequality,Services,Services,2,Professional specialty
14,0.00035900647547752035,-0.004380504230251667,0.004898897268768701,-0.002739551922432407,0.0031183702283358677,inequality,Services,Services,2,Professional specialty
15,0.0005377752050563111,-0.0046237882049017355,0.005156094861664683,-0.0026274670205268585,0.0032694543110772306,inequality,Services,Services,2,Professional specialty
16,0.0011314298725557973,-0.0034808474972770334,0.006610649679201175,-0.0016274504667733174,0.00421250474826532,inequality,Services,Services,2,Professional specialty
17,-0.004209800345318661,-0.009069948169266918,4.8522105814386395e-5,-0.007235540269464732,-0.001448077422204749,inequality,Services,Services,2,Professional specialty
18,-0.005167583522660754,-0.009680748252313135,-0.0004001745999381587,-0.00796397851884565,-0.001964449135411249,inequality,Services,Services,2,Professional specialty
19,0.0018363328840695296,-0.0030590022623032077,0.007481402773088038,-0.0007881519101943255,0.005076546809583198,inequality,Services,Services,2,Professional specialty
20,0.007045386758855039,0.002244527346464742,0.01193714497964677,0.0038473189100977287,0.01000984999930149,inequality,Services,Services,2,Professional specialty
21,-0.0033192432121319764,-0.007651676418346674,0.000979486519493279,-0.006178904831850201,-0.0007098230598801603,inequality,Services,Services,2,Professional specialty
22,0.0049995959466353195,0.0006915092217124417,0.009831838254647321,0.0023773879589628175,0.008010707064429265,inequality,Services,Services,2,Professional specialty
23,0.0019301951414025863,-0.003265108938161777,0.006626120840753702,-0.0013486283480828986,0.004904928429113284,inequality,Services,Services,2,Professional specialty
24,0.003648674143549008,-0.0006203203629995173,0.008543645464918502,0.0011320389466077689,0.006599105166360342,inequality,Services,Services,2,Professional specialty
25,0.001367401311840189,-0.002846856041376928,0.006464309403477118,-0.0014018290740727512,0.004500073008344159,inequality,Services,Services,2,Professional specialty
26,-0.005444073188863449,-0.01091843642395831,-0.0001784789209248929,-0.008698411498076807,-0.002261127629249681,inequality,Services,Services,2,Professional specialty
27,-0.00029814058475373606,-0.004448360070940714,0.004628254646681076,-0.003031806706941573,0.002418800390121299,inequality,Services,Services,2,Professional specialty
28,-0.003471402023570117,-0.008649699310163331,0.001375095121168257,-0.006871319295531345,-0.0002669104114337629,inequality,Services,Services,2,Professional specialty
29,-0.0011388719342015545,-0.00669446261605697,0.004254071906239912,-0.004549214180171182,0.002255391406207386,inequality,Services,Services,2,Professional specialty
30,-0.003084199063915447,-0.008817689900847803,0.0019838285586713635,-0.006404073929008819,-2.069278134434003e-5,inequality,Services,Services,2,Professional specialty
31,0.000876448555404804,-0.006000874702770765,0.006111246873920871,-0.0034092581297167036,0.003970881193165274,inequality,Services,Services,2,Professional specialty
32,0.004898913229217689,-0.0010014727768669794,0.010125789054026555,0.0013627740585270111,0.008050053553591428,inequality,Services,Services,2,Professional specialty
33,0.0011965336353716536,-0.0037036522082192725,0.006272615619033853,-0.0015157877598106406,0.004395321083789675,inequality,Services,Services,2,Professional specialty
34,0.002767169600534574,-0.002525252763659408,0.008343863284128585,-0.0005076998691756931,0.006237581338059152,inequality,Services,Services,2,Professional specialty
35,0.006028675135374311,0.0013003048665061684,0.01092138027773849,0.0029354171352522045,0.0089974986400483,inequality,Services,Services,2,Professional specialty
36,0.005495129201357887,0.00045627037400582104,0.010808111956403889,0.0022658745373329795,0.00853644197455089,inequality,Services,Services,2,Professional specialty
0,-0.00552558862442052,-0.013440910920471017,0.002438929992355548,-0.010537182018026517,-0.0011350664962504605,inequality,Services,Services,3,High tech
1,0.0010734760020535783,-0.005290261840634677,0.007662278441586986,-0.0028798298160404604,0.0048446554105773965,inequality,Services,Services,3,High tech
2,0.007290133718333767,-0.000269324057162703,0.014394631471850277,0.003041048246617142,0.01130716542417189,inequality,Services,Services,3,High tech
3,0.003098161666550178,-0.002403289735200109,0.008737045195206343,-0.00015811002601628455,0.006424084374769769,inequality,Services,Services,3,High tech
4,-0.006647167327067579,-0.013551796945716454,5.265311275927734e-5,-0.01129320770927655,-0.00284735195113851,inequality,Services,Services,3,High tech
5,-0.004516250792387404,-0.012251637140162759,0.0030290441812865195,-0.009640510968835513,0.0003515001977682083,inequality,Services,Services,3,High tech
6,0.00014815960119681252,-0.008418348106556218,0.007639451211099735,-0.004365858014285606,0.004410637289153944,inequality,Services,Services,3,High tech
7,0.007608428732797951,0.0005847750104920257,0.014147329004914793,0.003330930380471002,0.01120851496320496,inequality,Services,Services,3,High tech
8,-0.0005468945932672544,-0.007703291283361965,0.006933391431964088,-0.004692251585527512,0.003619026759964654,inequality,Services,Services,3,High tech
9,-0.0003669427285259221,-0.007403348655282598,0.005424872020442847,-0.004053239970148273,0.00333304973401842,inequality,Services,Services,3,High tech
10,-0.00787300791902979,-0.015977552412839158,-0.0014946949345453911,-0.013017354170906641,-0.004055867608282916,inequality,Services,Services,3,High tech
11,-0.004511536088319223,-0.014289981707179388,0.003298251425806309,-0.009682333002202361,0.0004121604981945932,inequality,Services,Services,3,High tech
12,-0.007567115359650651,-0.015526274139120843,0.0003154957650889625,-0.012362336186481703,-0.0030753492658620075,inequality,Services,Services,3,High tech
13,0.0037424695760951304,-0.003448171616709667,0.010632092027149693,-0.0006637678925125018,0.007947966529617382,inequality,Services,Services,3,High tech
14,-0.003384339323357376,-0.010998471889552481,0.002733749664188177,-0.007963640956953464,0.0004596175022280446,inequality,Services,Services,3,High tech
15,0.0010814514017054005,-0.004176996724653828,0.007338291837059942,-0.0022020180622523253,0.004404136799310218,inequality,Services,Services,3,High tech
16,0.0008198438267509707,-0.005558635947583402,0.00614288629572537,-0.0025022507370390597,0.0044376004684645405,inequality,Services,Services,3,High tech
17,-0.004848032652854413,-0.010952941989099529,0.0007317988843186587,-0.008801792717968514,-0.0015117957344576685,inequality,Services,Services,3,High tech
18,0.003697602705454843,-0.00231260388574771,0.010142119292443262,0.00034846483837780613,0.0074525671067835675,inequality,Services,Services,3,High tech
19,-0.0007214854993092158,-0.0074211458299128725,0.006870407062596336,-0.00464271829376331,0.004091539850496271,inequality,Services,Services,3,High tech
20,0.0035138961070968738,-0.0027400296579938805,0.010014756521358081,-0.00021010218518759637,0.0076520223643285045,inequality,Services,Services,3,High tech
21,-0.004657331173544686,-0.011335020189012708,0.0014661377254467358,-0.009200428449021487,-0.0007870482340757335,inequality,Services,Services,3,High tech
22,0.0018444850392276243,-0.006904992448661149,0.011217830722983537,-0.0036057222177123616,0.007212408784052693,inequality,Services,Services,3,High tech
23,0.0016295082681581645,-0.005865070281417835,0.009361515409858853,-0.0028371613408460015,0.006231677546342929,inequality,Services,Services,3,High tech
24,0.006282282993779342,-0.0030138702139856557,0.0124997386179233,0.0012308302375147852,0.010255907855211356,inequality,Services,Services,3,High tech
25,0.0036878550511322988,-0.0015766986897710364,0.009476494632884537,0.000608087594841232,0.007132610654934221,inequality,Services,Services,3,High tech
26,0.0013260036911304574,-0.004583529425637335,0.007764022704015567,-0.002457799921844808,0.004922586193695887,inequality,Services,Services,3,High tech
27,0.0009685169748404536,-0.005144482777786523,0.007023603041523165,-0.002639650490614805,0.004554721954853758,inequality,Services,Services,3,High tech
28,-0.0008448750704541501,-0.010397485820613145,0.007257735234273688,-0.005943737658435642,0.004734030808388539,inequality,Services,Services,3,High tech
29,-0.0023035559191953957,-0.009372347025846373,0.003291467251934157,-0.006684965166762976,0.0012835552435500053,inequality,Services,Services,3,High tech
30,0.0015514291960548013,-0.00548405235113497,0.008078286970681808,-0.0028438758077793265,0.005634324287774568,inequality,Services,Services,3,High tech
31,0.0022483444305218133,-0.005320717664482602,0.009640435386028089,-0.0020920645610465484,0.006869974269536359,inequality,Services,Services,3,High tech
32,0.006704554482033649,-0.00066982742411159,0.01263737170580628,0.0021364707999238838,0.010024359948467003,inequality,Services,Services,3,High tech
33,0.006460948912512035,0.000677076653589714,0.013349222327552115,0.003029310050137813,0.010691363266988285,inequality,Services,Services,3,High tech
34,0.0047137685869899975,-0.0021436070666241086,0.011567786168677109,0.0002788431856007578,0.008740209560138764,inequality,Services,Services,3,High tech
35,-0.0008721041463172564,-0.00885499731401739,0.006733498061129363,-0.005732957205644087,0.003799412415405553,inequality,Services,Services,3,High tech
36,-0.0017685870065174832,-0.008846518213641706,0.005045583245631335,-0.005871945044717463,0.002572203796343233,inequality,Services,Services,3,High tech
0,-0.005931981047143998,-0.016718575214354388,0.005668597774446142,-0.012639260400407071,0.00030509348618765024,inequality,Services,Services,4,Sales
1,-0.0013955691650044586,-0.010647735664941866,0.009031957136313247,-0.007813073384712575,0.004181798624635712,inequality,Services,Services,4,Sales
2,-0.002062710424615905,-0.01204239871897314,0.008189379396239862,-0.008233886860489687,0.004457897774348437,inequality,Services,Services,4,Sales
3,0.003522415608979323,-0.009538241353158786,0.0146375015890054,-0.0042540357974787495,0.00999198222422003,inequality,Services,Services,4,Sales
4,-0.012454589336702578,-0.024564267628823473,-0.0003732601512133546,-0.019325384538654455,-0.005397615333756605,inequality,Services,Services,4,Sales
5,-0.007269276766286163,-0.015969275879430853,0.0036829227774977016,-0.012699023372873316,-0.0008018852308523672,inequality,Services,Services,4,Sales
6,0.007076643964732819,-0.003154052262354567,0.01539125352784056,0.0012129603470464947,0.012165247643881601,inequality,Services,Services,4,Sales
7,0.0002913352789245799,-0.012118266057011766,0.013105896887796373,-0.007078572496526844,0.008207305926933483,inequality,Services,Services,4,Sales
8,0.001479550797514793,-0.009357468541782215,0.013836201490968288,-0.00572980127595445,0.009195769566971447,inequality,Services,Services,4,Sales
9,-0.004224351363193297,-0.014375309322070949,0.0063544826467713,-0.00977547220500299,0.0018192045057348763,inequality,Services,Services,4,Sales
10,0.00483183315336799,-0.007114389216845701,0.01494316192644703,-0.00155364223440324,0.011265193492439242,inequality,Services,Services,4,Sales
11,-0.02639292151759334,-0.0378786853481281,-0.015926707398257224,-0.033447507634445116,-0.020428500002945948,inequality,Services,Services,4,Sales
12,-0.013121801432271185,-0.024827664638909355,-0.0006512406210840028,-0.019670057257320166,-0.004837321183791625,inequality,Services,Services,4,Sales
13,-0.009269568739545727,-0.020209853865581634,0.0009028352194914418,-0.015919070846999384,-0.0027395645507414246,inequality,Services,Services,4,Sales
14,-0.013889513467801004,-0.02375989234587355,-0.005207027580486924,-0.019794622806357923,-0.008573869573882804,inequality,Services,Services,4,Sales
15,-0.01708860549895245,-0.02725619267037875,-0.007247689512631409,-0.023637574286178735,-0.011166102105047591,inequality,Services,Services,4,Sales
16,0.00015988846828569804,-0.010887224001631808,0.00982592772317796,-0.00611870533527288,0.005791293840074326,inequality,Services,Services,4,Sales
17,-0.011009192418273368,-0.019993738966215438,-0.001453512089522888,-0.016786800609327843,-0.0052692556120013025,inequality,Services,Services,4,Sales
18,-0.00041738777658684905,-0.00969748623651015,0.009108033845033928,-0.00602352949092631,0.005168876243667339,inequality,Services,Services,4,Sales
19,-0.014200115762779403,-0.026655956197818194,-0.003330488571103246,-0.021339275121888497,-0.008357893921293953,inequality,Services,Services,4,Sales
20,9.895047725066049e-5,-0.00931773647874382,0.010211264015180226,-0.005954247690684806,0.0056502373100380384,inequality,Services,Services,4,Sales
21,0.0034361511231877535,-0.005095645447145544,0.010993387806321767,-0.0016021230900755351,0.007827827459044666,inequality,Services,Services,4,Sales
22,0.004447128535737114,-0.0057806398258396265,0.017033157384048862,-0.0017743703940151442,0.011960835822096148,inequality,Services,Services,4,Sales
23,-0.0054852222159584366,-0.01762491172998907,0.008879793442787044,-0.012428414803418407,0.0026755571556723156,inequality,Services,Services,4,Sales
24,-0.017291022950740587,-0.028459305743946686,-0.005334642178456009,-0.02423825614522608,-0.010142331123896451,inequality,Services,Services,4,Sales
25,-0.014625058082406779,-0.031155468542808085,-0.0021958055968165496,-0.02259669810055675,-0.007240976990134625,inequality,Services,Services,4,Sales
26,0.014273139761532085,0.0022293507877839645,0.025602222931736154,0.007046148443942533,0.020630696443827905,inequality,Services,Services,4,Sales
27,0.007425989615164756,-0.0015827033835335057,0.018739079733125618,0.0021284816846074313,0.014091711265302731,inequality,Services,Services,4,Sales
28,0.004274607429014914,-0.0051286106843305285,0.013884630009681218,-0.001620719200024821,0.01007059167974034,inequality,Services,Services,4,Sales
29,-0.007032722004260915,-0.018270777626660854,0.0034420809914459923,-0.013873015034434964,-0.00016041228928088784,inequality,Services,Services,4,Sales
30,-0.003994960003803872,-0.014046425679461835,0.007341136005062158,-0.010095718834834564,0.0025577527891009824,inequality,Services,Services,4,Sales
31,-0.010478558670235007,-0.021870846370962142,-0.000919345952736933,-0.01623310860254765,-0.004720114515617026,inequality,Services,Services,4,Sales
32,0.0010798590141444294,-0.011158642700891834,0.012059466838878137,-0.006119754163545545,0.0077402802908836145,inequality,Services,Services,4,Sales
33,0.005272097725395986,-0.003560128650403945,0.015587038471900592,-0.0006678048506272858,0.01126147823116082,inequality,Services,Services,4,Sales
34,-0.006760121500306834,-0.016020392651440066,0.002488689769143736,-0.01254447712037995,-0.001183168573159938,inequality,Services,Services,4,Sales
35,0.0038384982967685378,-0.007312416504461556,0.01654122847380437,-0.002854271942990382,0.011120391139462072,inequality,Services,Services,4,Sales
36,-0.01039928200613143,-0.020463474836006107,0.001739887541495658,-0.016583072783472284,-0.003591746337151009,inequality,Services,Services,4,Sales
0,-0.0013409062718488106,-0.005609262213990338,0.0037540800756525393,-0.00405869904660614,0.0017649971720996413,inequality,Services,Services,5,Administrative support
1,-0.0030241225821422447,-0.006181490041781455,0.0009125411241504297,-0.00505482406590446,-0.0007668895984902484,inequality,Services,Services,5,Administrative support
2,-0.005639760657368934,-0.011950721123117305,-0.00040261392374283354,-0.009199823798858944,-0.0023931686201243488,inequality,Services,Services,5,Administrative support
3,0.000899709458192749,-0.0036451941254772155,0.005646481706298379,-0.0016883249551227135,0.0037690249916328246,inequality,Services,Services,5,Administrative support
4,-0.009522698479988422,-0.015242219856473001,-0.0041169625377030505,-0.012367495888781577,-0.006084560038402665,inequality,Services,Services,5,Administrative support
5,-0.0055357472301931126,-0.009671167403551813,-0.0016265079590675573,-0.008019764829259224,-0.003257468806316143,inequality,Services,Services,5,Administrative support
6,-0.002192215631873879,-0.006941100069278592,0.002545080133020816,-0.004815226292869146,0.000724501163093878,inequality,Services,Services,5,Administrative support
7,-0.003987990403502631,-0.0074281081452804345,-0.0003950197125328703,-0.006281469881107596,-0.001814584811915646,inequality,Services,Services,5,Administrative support
8,0.0008020888095418439,-0.003523268965527683,0.005270424442073029,-0.0017181019158562885,0.003579757656160258,inequality,Services,Services,5,Administrative support
9,-0.0038317852446453937,-0.008247106929078572,0.0005329615789910467,-0.006514266153565823,-0.0011558822380849242,inequality,Services,Services,5,Administrative support
10,-0.003783223540641799,-0.009098135205906946,0.0013484559528421595,-0.006723376275160375,-0.0006120686349266346,inequality,Services,Services,5,Administrative support
11,-0.004795316466291617,-0.008089821240442205,-0.0013745907655999803,-0.006581155695044327,-0.002755449631487843,inequality,Services,Services,5,Administrative support
12,0.00035025551909890774,-0.004794215710074704,0.005271779396491291,-0.002880259256623265,0.0032820805566548005,inequality,Services,Services,5,Administrative support
13,-0.0025806285154889082,-0.007908621676742993,0.002830531091438479,-0.005378101214480853,0.0008178156021982881,inequality,Services,Services,5,Administrative support
14,-0.0007869087259215992,-0.006322341986807881,0.00372245194711048,-0.0042329217877099,0.001648270573342183,inequality,Services,Services,5,Administrative support
15,-0.0012977622716242698,-0.005702258777304909,0.004005676409252192,-0.004111809643933361,0.0016971383909483372,inequality,Services,Services,5,Administrative support
16,-0.004872730267261408,-0.011023235065805383,-7.636003452724839e-5,-0.008393527351488798,-0.0019270199035597182,inequality,Services,Services,5,Administrative support
17,-0.002271527372866811,-0.0076346168038904354,0.002960754908939746,-0.005138426555073704,0.0009779038964655346,inequality,Services,Services,5,Administrative support
18,0.002968784299936857,-0.0012380718972984702,0.00695241004866363,0.0002143098735464758,0.005139500836757488,inequality,Services,Services,5,Administrative support
19,-0.0004744568056964644,-0.005279540793596336,0.004244975685559864,-0.003388600705591874,0.0021699075082924515,inequality,Services,Services,5,Administrative support
20,0.0044573266459111945,-0.0011536016299914754,0.010056177082549694,0.0011854945447626322,0.00784431139341716,inequality,Services,Services,5,Administrative support
21,0.002243283929918876,-0.00205883443236898,0.006992123995863094,-0.0002014461460968001,0.005411740045936633,inequality,Services,Services,5,Administrative support
22,0.00036454339192516663,-0.004475509143445611,0.00413027428368294,-0.0023351630062863277,0.002751953747409965,inequality,Services,Services,5,Administrative support
23,-0.000801931459242264,-0.005211643224892661,0.0030031277648999983,-0.003446771249941696,0.0015295540993024224,inequality,Services,Services,5,Administrative support
24,0.003103404148007887,-0.0013141265235126773,0.007078635965916103,0.0002389321647575911,0.0053942732582908616,inequality,Services,Services,5,Administrative support
25,0.005201620979933149,0.000865638517030469,0.009553055966451677,0.002788715404266145,0.007861157547141067,inequality,Services,Services,5,Administrative support
26,-0.003221626756813277,-0.008027751146136571,0.0010976697926708152,-0.0057744720657232265,-0.0003938521908249241,inequality,Services,Services,5,Administrative support
27,0.003670918819808322,-0.0007857374861374735,0.007513747825500705,0.0009198165739119518,0.006122472642962767,inequality,Services,Services,5,Administrative support
28,-0.0012790972700279933,-0.00529670025489439,0.0030290412691311584,-0.003920369905211395,0.0016545089403085422,inequality,Services,Services,5,Administrative support
29,-0.003717700475045286,-0.009108445028614702,0.00035846452043526104,-0.006946444816915748,-0.001162184822837226,inequality,Services,Services,5,Administrative support
30,-0.0025045362113542873,-0.008549097088623489,0.0025950610200934556,-0.005944994276208116,0.00056180834506379,inequality,Services,Services,5,Administrative support
31,0.00412125610122873,-0.0017281352046964,0.009585847023988587,0.0005953806691148373,0.007403022188188535,inequality,Services,Services,5,Administrative support
32,0.006263375589620633,0.002581931575368084,0.010067951457950333,0.00402533881472106,0.00851076860329487,inequality,Services,Services,5,Administrative support
33,0.0025440210810034696,-0.002346136473514593,0.006861705215756089,-0.00022155366952326646,0.005086025904459607,inequality,Services,Services,5,Administrative support
34,-0.0010388985898355087,-0.006257180837491901,0.005864009917693527,-0.004188095587762107,0.0029364197334172636,inequality,Services,Services,5,Administrative support
35,-0.00436550687357547,-0.008403635932897353,-7.87687759446461e-5,-0.006483235322737936,-0.0019701328069540542,inequality,Services,Services,5,Administrative support
36,0.0012619508194139377,-0.0023410150099309386,0.005249958146992858,-0.0007703923252070596,0.003839441257296078,inequality,Services,Services,5,Administrative support
0,-0.0017491816252918706,-0.007191979222244935,0.003575194015384277,-0.004948006791090754,0.001551492788293834,inequality,Services,Services,6,Service
1,0.00024452572175198966,-0.004000264331282063,0.005416275323120164,-0.0022828929832315686,0.0036801793795334685,inequality,Services,Services,6,Service
2,0.002102968264856822,-0.004895066955233307,0.008733020819678255,-0.0018841496560067432,0.005869151711189773,inequality,Services,Services,6,Service
3,-0.00029121786984253706,-0.0049260990497736875,0.00494210079813514,-0.003375124374534547,0.0030254354350883923,inequality,Services,Services,6,Service
4,-0.005494305984224879,-0.009745918740661389,-9.254237001441248e-5,-0.008466127408825077,-0.0021098831446507765,inequality,Services,Services,6,Service
5,0.004236327683383219,-0.0011987462211093102,0.009808083021022405,0.0008155115949765629,0.007406051511369423,inequality,Services,Services,6,Service
6,0.010443556585238574,0.006039325694260519,0.01556006469261555,0.007326020390030472,0.013642891813180874,inequality,Services,Services,6,Service
7,0.008930182764130412,0.004262212682032195,0.014750247242191369,0.006253799376978387,0.012168720933251637,inequality,Services,Services,6,Service
8,0.003825023520501137,-0.0004890262659603298,0.009159995989060485,0.001105835240529031,0.006844866616407583,inequality,Services,Services,6,Service
9,-0.0005599982584302834,-0.00573534603043269,0.004911028040892493,-0.003245785968712435,0.0030022843277956604,inequality,Services,Services,6,Service
10,-0.00310476361623275,-0.007847192186757187,0.0022169315499195115,-0.005320591247208949,-0.000135609952863768,inequality,Services,Services,6,Service
11,0.004106876700750352,-5.191026891848954e-5,0.008090104975267326,0.00135532376257755,0.006516758573961995,inequality,Services,Services,6,Service
12,-0.00024213010585894047,-0.005079836710981089,0.00471814853420905,-0.00325056191607745,0.002556608002637885,inequality,Services,Services,6,Service
13,0.00382939138393981,-0.0004597954885489407,0.008915105897990435,0.001280028778678163,0.006710992006056396,inequality,Services,Services,6,Service
14,0.01025698042742711,0.005742505436987305,0.015455833251116761,0.007312002183225492,0.013297736741549005,inequality,Services,Services,6,Service
15,-0.0002505866168423018,-0.00554315049521382,0.006277477820971254,-0.0034005717146811053,0.00360292071575826,inequality,Services,Services,6,Service
16,0.003429683585248857,-0.0028862082009267803,0.00868395870990611,-0.00038195553144265313,0.006653848649377096,inequality,Services,Services,6,Service
17,0.004098095384281498,-0.0030184781439998917,0.009444721507438098,-2.1092642592461346e-5,0.007443719697309796,inequality,Services,Services,6,Service
18,-0.0011394173594529054,-0.005619046960249128,0.003632101001765274,-0.0038614197575748714,0.0017227631466661334,inequality,Services,Services,6,Service
19,0.004837410526069401,0.0009419046053557516,0.010083745374053762,0.002027169824379516,0.008164868423261827,inequality,Services,Services,6,Service
20,-0.00021547891749530202,-0.005620607358654597,0.0045869669081171835,-0.0035299638088982666,0.0024983250094577107,inequality,Services,Services,6,Service
21,0.007768524356746443,0.0015875409890187464,0.012930168509864212,0.004285344612530759,0.010968682137417201,inequality,Services,Services,6,Service
22,0.004751231236361771,-0.00013048301673513566,0.009924994806965303,0.0022995661024630006,0.007860774111954948,inequality,Services,Services,6,Service
23,0.005716776108395513,0.00014319964789687254,0.011317625880351567,0.002227727662092837,0.009270131371345552,inequality,Services,Services,6,Service
24,-0.006184882386774796,-0.011176311746026204,-0.0011840704591012116,-0.009347647233544632,-0.003209346737715504,inequality,Services,Services,6,Service
25,0.004399791666004398,-0.0006271185943918303,0.010044422834959262,0.0013390873179038162,0.0077393174944990935,inequality,Services,Services,6,Service
26,0.00032088508648290333,-0.005031929087994079,0.007341368188295872,-0.003021138035637157,0.004382370794637158,inequality,Services,Services,6,Service
27,0.003539005430864496,-0.0015903186645472842,0.009094410519151516,0.00034558781991840277,0.006780116423315776,inequality,Services,Services,6,Service
28,0.004965088590932375,-0.0004131040795541984,0.01013699497030653,0.001606155204749802,0.007847924517408483,inequality,Services,Services,6,Service
29,0.003099682546774035,-0.0017670620937973126,0.008670772997873631,8.352157355383163e-6,0.00631500061328505,inequality,Services,Services,6,Service
30,-0.0015254286646236817,-0.0060076631000401046,0.0033214526235532294,-0.004355916282322173,0.001427307461543233,inequality,Services,Services,6,Service
31,0.0040153466117347466,-0.0004329206648626474,0.008470462888106593,0.001415456466331507,0.006900129084147082,inequality,Services,Services,6,Service
32,-0.0012502538741620316,-0.0063171717998453305,0.004210682384188362,-0.004492476128171462,0.001973864726879965,inequality,Services,Services,6,Service
33,0.005220899284824252,-0.0005795100510981961,0.010108732748730984,0.001840677334618802,0.0082013895422318,inequality,Services,Services,6,Service
34,0.00019158064497445325,-0.004349034222493347,0.005225735485697536,-0.0025814363866796513,0.0030641645969421297,inequality,Services,Services,6,Service
35,0.0019905528955281282,-0.0028639525438605927,0.006826232768206415,-0.0009663345740071492,0.0050229867599052465,inequality,Services,Services,6,Service
36,0.0037838223862418307,-0.002449749055118708,0.009199253312960221,0.00017924219498252538,0.007144983210518394,inequality,Services,Services,6,Service
0,-0.00034084321089436676,-0.008963723111539992,0.008836962252158877,-0.005975415914612424,0.004703037619200258,inequality,Services,Services,7,Farming/forestry/construction
1,-0.011870141090275097,-0.020246950518331128,-0.0033125302623819956,-0.01709812529152611,-0.006825976272335965,inequality,Services,Services,7,Farming/forestry/construction
2,-0.008309559350124623,-0.016545746824924087,-0.0007926666994956272,-0.012901339481634334,-0.003635071245745764,inequality,Services,Services,7,Farming/forestry/construction
3,0.003906421155307362,-0.004966862472803609,0.013483287565523708,-0.0018568633477381268,0.009507153822939603,inequality,Services,Services,7,Farming/forestry/construction
4,0.02012448301835356,0.009720321932140724,0.030269211405210758,0.01382511877351271,0.025687205679268865,inequality,Services,Services,7,Farming/forestry/construction
5,-0.00993692975154612,-0.018153324482764244,-0.0025255708436227346,-0.015009581387209044,-0.005517446960449418,inequality,Services,Services,7,Farming/forestry/construction
6,-0.005452446097987381,-0.016913966665744455,0.0037763261875452285,-0.012239192683254055,-0.00015410485540432502,inequality,Services,Services,7,Farming/forestry/construction
7,0.009391014137840877,0.0007204735120875626,0.01855734259815784,0.004515793578421194,0.015282589251915429,inequality,Services,Services,7,Farming/forestry/construction
8,0.011429425298977659,0.0012909840733346459,0.02211259059686553,0.006197798225708943,0.01737275419170997,inequality,Services,Services,7,Farming/forestry/construction
9,0.012574633397915704,0.0025466301758201356,0.0233039717206668,0.00650277791028795,0.019459064857323453,inequality,Services,Services,7,Farming/forestry/construction
10,-0.007365868198222954,-0.01629766402238015,0.0003784715959743801,-0.012768842856982567,-0.002976116265054767,inequality,Services,Services,7,Farming/forestry/construction
11,0.012949795379071975,0.0035471185551541086,0.02088551946918374,0.007031085087937006,0.017674988883997843,inequality,Services,Services,7,Farming/forestry/construction
12,0.009621759204693473,0.0027058061180574968,0.01906999521875516,0.005114969752793895,0.015516367045529594,inequality,Services,Services,7,Farming/forestry/construction
13,-0.006171371743616564,-0.01540244281486072,0.003659820660956107,-0.01111985922879117,1.1706555358542356e-5,inequality,Services,Services,7,Farming/forestry/construction
14,0.0006804398644627092,-0.008749451966315772,0.008829261127079345,-0.004907422979187288,0.005437427131898543,inequality,Services,Services,7,Farming/forestry/construction
15,-0.0002921126807051097,-0.008405917363287274,0.008572126562174511,-0.005433310981620805,0.004677697743784857,inequality,Services,Services,7,Farming/forestry/construction
16,0.007215883070417083,-0.002892377624614093,0.016875307572040935,0.0012427145350545152,0.01313138156655325,inequality,Services,Services,7,Farming/forestry/construction
17,0.008043436564382332,-0.00012454000354211216,0.01661407170198745,0.0028170601450554647,0.013239326966430761,inequality,Services,Services,7,Farming/forestry/construction
18,0.005357118827823023,-0.003984472148235085,0.015887602839333256,-0.00043303144490962776,0.011249505214815792,inequality,Services,Services,7,Farming/forestry/construction
19,0.0031389211392584895,-0.007481090181946896,0.011630171500337048,-0.0037838356382929785,0.008152318326348173,inequality,Services,Services,7,Farming/forestry/construction
20,-0.0014708015789835428,-0.009768395017594347,0.007920451994638261,-0.006481267927112887,0.0036212309700372728,inequality,Services,Services,7,Farming/forestry/construction
21,0.010931355994544287,0.0016393759208757214,0.019884530610670477,0.005507053093341605,0.016646104947055793,inequality,Services,Services,7,Farming/forestry/construction
22,0.008772451937123315,0.0002549526558482014,0.016817800960405704,0.004561811871877532,0.013941251799737785,inequality,Services,Services,7,Farming/forestry/construction
23,0.011057866699148005,0.0011015679721777024,0.01986486259462978,0.0052851889591383795,0.016818164970776647,inequality,Services,Services,7,Farming/forestry/construction
24,0.0014509922293851423,-0.00825236405202418,0.009962892079633408,-0.004170838376262422,0.00677049154917706,inequality,Services,Services,7,Farming/forestry/construction
25,0.0016653897188210638,-0.006686797783358996,0.008883627138858832,-0.0032659260785450573,0.006515138705439183,inequality,Services,Services,7,Farming/forestry/construction
26,-0.005363813408188037,-0.012677201624545168,0.0017918772273073404,-0.009725015012624941,-0.0009098826039576971,inequality,Services,Services,7,Farming/forestry/construction
27,0.003182277734766019,-0.0033976760384165773,0.010049079562570071,-0.0010454799389455036,0.006899359144008424,inequality,Services,Services,7,Farming/forestry/construction
28,-0.004145741407566504,-0.011553390088577812,0.0028645535977055636,-0.00851426286164784,0.0006266037141318482,inequality,Services,Services,7,Farming/forestry/construction
29,-0.010424885104112835,-0.019971460504580305,-0.001820868135047924,-0.015621739820842032,-0.0048451264087906116,inequality,Services,Services,7,Farming/forestry/construction
30,0.003640169783637381,-0.004581125065465557,0.011938515382472814,-0.0013917134773912786,0.008260018556823123,inequality,Services,Services,7,Farming/forestry/construction
31,-0.006658925363916865,-0.014709197788786462,0.003478029593376725,-0.011657839150142634,-0.001282430874378771,inequality,Services,Services,7,Farming/forestry/construction
32,0.005867250475832903,-0.0019619646855562464,0.016741145476270168,0.000638115723654388,0.012332738491693529,inequality,Services,Services,7,Farming/forestry/construction
33,0.015082237008803779,0.005373985319962079,0.02631863590352086,0.009158869922660174,0.021326301279988576,inequality,Services,Services,7,Farming/forestry/construction
34,0.000667569420196885,-0.010116978887704482,0.012666075975362524,-0.005993495948432046,0.006607763826907834,inequality,Services,Services,7,Farming/forestry/construction
35,-0.003995866871642187,-0.014545848177230286,0.005001196037576033,-0.010457597001383222,0.0015215440708196025,inequality,Services,Services,7,Farming/forestry/construction
36,-0.0010250338102482908,-0.010019423542512102,0.007786368534765176,-0.006518596717439466,0.004361875046013457,inequality,Services,Services,7,Farming/forestry/construction
0,-0.0008553454918283405,-0.00718873249449645,0.004703323427589844,-0.004575969093676562,0.0027928522019821534,inequality,Services,Services,8,Precision production/repair
1,-0.010739385664119966,-0.017430415592914545,-0.004876753790695981,-0.01414592309339731,-0.007176147444022298,inequality,Services,Services,8,Precision production/repair
2,-0.003672171432856407,-0.011987991069149967,0.0042790705161143226,-0.008890947241313549,0.0013647253740442416,inequality,Services,Services,8,Precision production/repair
3,0.004014783061929273,-0.0029576681061757064,0.011329447506821529,-0.00033622887156504067,0.008680577769696766,inequality,Services,Services,8,Precision production/repair
4,-0.0022439214027954683,-0.008834040957884901,0.004605666195379164,-0.0063532337065642834,0.002070755624717518,inequality,Services,Services,8,Precision production/repair
5,0.007929917102115864,-0.0005430315939865399,0.01681236338435304,0.0028340783749312955,0.01284054431679648,inequality,Services,Services,8,Precision production/repair
6,0.007182737763194262,-0.000714971200005742,0.015237455002204355,0.0025528882921738204,0.01156646232769781,inequality,Services,Services,8,Precision production/repair
7,0.003241715282986569,-0.0027892479347887316,0.00989698888358205,-0.0004345640554499473,0.007211229802444101,inequality,Services,Services,8,Precision production/repair
8,0.0029281751146113945,-0.005062064803390552,0.010619006042730621,-0.0016558508712237667,0.00759479904972315,inequality,Services,Services,8,Precision production/repair
9,-0.003016860002787393,-0.011406678298106241,0.0063407639219337075,-0.008418747055258455,0.001844271007262178,inequality,Services,Services,8,Precision production/repair
10,0.000262404571910902,-0.006013526736684067,0.00780341750943551,-0.00338784783537087,0.005202420491486736,inequality,Services,Services,8,Precision production/repair
11,-0.0009149673586997971,-0.010983896336256894,0.007437954428563581,-0.0064975288794607115,0.004122243238325981,inequality,Services,Services,8,Precision production/repair
12,-0.0011336642103632038,-0.007832055253411407,0.005241375624477435,-0.0052159157228965575,0.002353412804163239,inequality,Services,Services,8,Precision production/repair
13,0.004573390999689856,-0.0022321399459755437,0.011815702154595542,0.0005984175292102238,0.00914420885009993,inequality,Services,Services,8,Precision production/repair
14,0.006174858481439769,-0.00026258145441439805,0.012218552896232807,0.0022888296103380753,0.00965474896415224,inequality,Services,Services,8,Precision production/repair
15,0.003533733105117105,-0.004977642293727477,0.009378470486459947,-0.001428840324580568,0.007345581224953572,inequality,Services,Services,8,Precision production/repair
16,-0.0049783437965228525,-0.012091529029160476,0.0029899549986361802,-0.009821171013282651,-0.00056260061292025,inequality,Services,Services,8,Precision production/repair
17,-0.007508514005188241,-0.014357121704583566,-0.0012451062589037025,-0.011373804351912806,-0.003664173099997857,inequality,Services,Services,8,Precision production/repair
18,0.001955166605217792,-0.005638705980791797,0.00799642278890248,-0.002221229260806164,0.006009079510918099,inequality,Services,Services,8,Precision production/repair
19,-0.013685306567320692,-0.022169892083319355,-0.006183792446505488,-0.01823712406117116,-0.008985774073739863,inequality,Services,Services,8,Precision production/repair
20,0.006716674111674068,-0.0021130743570941836,0.014371727419653126,0.0010580556305487118,0.011082864715061713,inequality,Services,Services,8,Precision production/repair
21,-0.0015491011553078722,-0.00810163717841357,0.0058546757159344985,-0.005905450602481948,0.002994335769877397,inequality,Services,Services,8,Precision production/repair
22,-0.00787497235766669,-0.016755679228773985,-0.00048385699828697604,-0.012854227349343748,-0.0034936658588085043,inequality,Services,Services,8,Precision production/repair
23,-0.009022074159524423,-0.016494969154436788,-0.002684704146225657,-0.013586770081215675,-0.005381787567761097,inequality,Services,Services,8,Precision production/repair
24,0.004316226217113711,-0.0026505321063730334,0.011425560721741928,0.0005281771118598845,0.008908661149125759,inequality,Services,Services,8,Precision production/repair
25,-0.008080346175039494,-0.015144986300571511,-0.0015012159535556244,-0.012255155798951003,-0.004475252686842139,inequality,Services,Services,8,Precision production/repair
26,-0.0017048658841061267,-0.008574293221597952,0.005247903843855889,-0.005715514606101204,0.0023507777863451306,inequality,Services,Services,8,Precision production/repair
27,-0.009179797721341065,-0.016607296979895925,-0.002386953855269872,-0.013459565294990768,-0.0052066479195630655,inequality,Services,Services,8,Precision production/repair
28,0.0052848565133512574,-0.0017016192302010706,0.012832487605006208,0.0008347832988947071,0.010063916056177898,inequality,Services,Services,8,Precision production/repair
29,5.9746731212874104e-5,-0.010990902009207142,0.00978616394526723,-0.0055271480394983846,0.005662614728358416,inequality,Services,Services,8,Precision production/repair
30,3.9392581391745746e-5,-0.006931456289639608,0.00726391744343732,-0.004110609491931352,0.004296541493985869,inequality,Services,Services,8,Precision production/repair
31,0.00831712401450976,0.0006020748253564266,0.01617337790940502,0.0035734282671574273,0.013037165343873103,inequality,Services,Services,8,Precision production/repair
32,-0.005912912304019454,-0.014603469115351705,0.0022131385114929182,-0.01092345551766323,-0.0007049210926815836,inequality,Services,Services,8,Precision production/repair
33,-0.005168546273049492,-0.012034730743989355,0.002774641206327713,-0.009471222653523828,-0.0006225772452931504,inequality,Services,Services,8,Precision production/repair
34,-0.0013760642942708303,-0.009492622767390225,0.008093075317004284,-0.006163863798242874,0.004352268988456046,inequality,Services,Services,8,Precision production/repair
35,0.013971827010441196,0.006893104130709319,0.02177478282908376,0.00972421998201176,0.01925003231283815,inequality,Services,Services,8,Precision production/repair
36,-0.008357556903437613,-0.018902692202721803,0.0012277281433491615,-0.014768510738398067,-0.003269233689691305,inequality,Services,Services,8,Precision production/repair
0,0.00375418897712374,-0.004937147163793017,0.013347627938792695,-0.0013077040862472331,0.00935321652229585,inequality,Services,Services,9,Machine operators/transport
1,-0.015916439663072057,-0.025003310069494723,-0.007838661516570007,-0.021263516548379463,-0.010471662939303879,inequality,Services,Services,9,Machine operators/transport
2,-0.001091732675068566,-0.007081704527148992,0.005813184432128323,-0.004688001163129505,0.003319444072056539,inequality,Services,Services,9,Machine operators/transport
3,-0.012444319468272038,-0.022291573880920606,-0.0034370629228999174,-0.018136326996850312,-0.0068219993332663985,inequality,Services,Services,9,Machine operators/transport
4,-0.0016745444241850125,-0.011506915873933097,0.007328218729242843,-0.007702764418654422,0.003131868282041904,inequality,Services,Services,9,Machine operators/transport
5,0.0006992539990275405,-0.010695153026223963,0.011980276770180784,-0.005737760352413426,0.007496213084610794,inequality,Services,Services,9,Machine operators/transport
6,0.005451369100351526,-0.00311927460888286,0.013572943610293976,0.00025254859402795184,0.010140968383977204,inequality,Services,Services,9,Machine operators/transport
7,-0.005821144648262286,-0.01257881949159494,0.00025873379709277864,-0.009831151046774483,-0.002212563463071938,inequality,Services,Services,9,Machine operators/transport
8,0.01269940222107976,0.004938788589836053,0.02297335775019746,0.008150429494897592,0.018123466286761647,inequality,Services,Services,9,Machine operators/transport
9,0.008503113954813556,-0.0004754811219986072,0.020319846707347176,0.0032032480773306407,0.01501994011274899,inequality,Services,Services,9,Machine operators/transport
10,-0.007723954975324075,-0.016169887989194845,0.0012768292431479759,-0.013177687730138275,-0.002111061295358806,inequality,Services,Services,9,Machine operators/transport
11,-0.008805898865581018,-0.01793388558994466,-2.9098024044958704e-6,-0.01430795062118531,-0.00334802477536756,inequality,Services,Services,9,Machine operators/transport
12,-0.004472942180766007,-0.011730338801403024,0.0024901718313181283,-0.008741945951733023,-0.00029669175142975086,inequality,Services,Services,9,Machine operators/transport
13,0.00032136007610090463,-0.00861970865525214,0.008303229671803542,-0.004621943902721865,0.005023463041669306,inequality,Services,Services,9,Machine operators/transport
14,-0.0014767524399621635,-0.010478000452859267,0.00818152163032057,-0.006272371870316474,0.004232213245624282,inequality,Services,Services,9,Machine operators/transport
15,-0.004561136236761747,-0.011373742044257843,0.0023758971368902934,-0.008763275886381667,-0.0002537316536384048,inequality,Services,Services,9,Machine operators/transport
16,-0.0006428550492934895,-0.008679539229796697,0.006947163354108252,-0.006008827598516214,0.003865490266147185,inequality,Services,Services,9,Machine operators/transport
17,0.017233872842590495,0.010437761535817594,0.023975278282912158,0.013271250348189451,0.0210926183752878,inequality,Services,Services,9,Machine operators/transport
18,0.012479864621636373,0.005157937738270952,0.01992702229097451,0.008081131611126918,0.016902343988037617,inequality,Services,Services,9,Machine operators/transport
19,-0.010025969904106981,-0.020966117286326538,-0.0013303011296703915,-0.016113017517238072,-0.00545197358250988,inequality,Services,Services,9,Machine operators/transport
20,0.005372655525294778,-0.004811290496642595,0.013979629709129703,-9.527962159002704e-5,0.0106030317868935,inequality,Services,Services,9,Machine operators/transport
21,-0.0008911828060721888,-0.008874698522494602,0.007108933887151942,-0.005648537088983886,0.003596532541856993,inequality,Services,Services,9,Machine operators/transport
22,-0.004076393624943875,-0.012914148518966703,0.004223542980395901,-0.009247829628335223,0.0008188377119666239,inequality,Services,Services,9,Machine operators/transport
23,-0.004784701153053149,-0.013260542194448211,0.002306706981699413,-0.009269750490314739,-0.00039806256841315533,inequality,Services,Services,9,Machine operators/transport
24,-0.011363746843045338,-0.02043084813641074,-0.0024307224254182403,-0.017488789007899578,-0.006680257071744864,inequality,Services,Services,9,Machine operators/transport
25,0.005170755069531879,-0.005620764289973303,0.015129558743545272,-0.0011024171548554753,0.011093930945926608,inequality,Services,Services,9,Machine operators/transport
26,0.004491795928977232,-0.0032384463518242666,0.01132999757736101,-0.00030411893046001625,0.008540518981829101,inequality,Services,Services,9,Machine operators/transport
27,-0.013671157529676568,-0.022014633193202307,-0.004757777132640754,-0.01858803637524761,-0.008590749689002704,inequality,Services,Services,9,Machine operators/transport
28,-0.00789956932128317,-0.01581675831923622,0.000232141751871362,-0.013117432359092594,-0.003122080433846013,inequality,Services,Services,9,Machine operators/transport
29,0.002706748813318766,-0.007263134007273131,0.012921380539226639,-0.003492130015457047,0.008121359923904602,inequality,Services,Services,9,Machine operators/transport
30,-0.000859522279010315,-0.008695283203731804,0.008142510563693901,-0.006121084524273283,0.004541890592319452,inequality,Services,Services,9,Machine operators/transport
31,0.0015350265837065908,-0.008349246360412657,0.011650956189928802,-0.004607554761305134,0.007913544684002138,inequality,Services,Services,9,Machine operators/transport
32,0.007660561410569975,-0.0016595110278811633,0.01712904162737729,0.002263645407971705,0.013115940212445998,inequality,Services,Services,9,Machine operators/transport
33,0.005251770243708771,-0.002075516457717537,0.012461610365891641,0.0007154966616896609,0.009485801773807416,inequality,Services,Services,9,Machine operators/transport
34,0.0010214289637785706,-0.008148111576644074,0.010570655295317631,-0.004504522801535354,0.007091495301407005,inequality,Services,Services,9,Machine operators/transport
35,0.0013232801218798227,-0.007674874523519616,0.011309796356725608,-0.004397719331027015,0.007084471293314951,inequality,Services,Services,9,Machine operators/transport
36,0.007445304804734589,-0.0007237014507331654,0.01591264639105919,0.002588758552464379,0.012284184169864924,inequality,Services,Services,9,Machine operators/transport
