horizon,coef_name,beta,dk_se,boot_se,ci_lo95,ci_hi95,ci_lo90,ci_hi90,ci_lo68,ci_hi68,n_boot_valid
0,intercept,9.00600158223653e-9,0.000612258938500286,0.0006564075205648508,-0.0013998653057095511,0.0011956443167852118,-0.0010703714326134627,0.0010182407728147023,-0.0006187536941609736,0.000658119200171018,500
0,shock,-0.0026095835142559603,0.001515321227476642,0.0014449632975302538,-0.005271015004496129,0.0003343188930674244,-0.004869621438669026,-8.652700963528681e-5,-0.00392736816804563,-0.0010601607959837458,500
0,shock_x_occ2,0.0031563194439618836,0.0019326349288982996,0.0018991270056794324,-0.00047372558910566815,0.007113700707468201,0.0002100351054289901,0.0066773093106991385,0.0014128527335461126,0.004932081315121928,500
0,shock_x_occ3,0.0022523827952543006,0.0029919610601854647,0.00286059031701819,-0.003096481033935192,0.008045994835537482,-0.0023500663470655617,0.007086802574570605,-0.00014589749121348197,0.005255383889138251,500
0,shock_x_occ4,-0.0030042827382139193,0.0020742022562741528,0.0022547595148497968,-0.00728495433255366,0.0010975523060806358,-0.006739900136001935,0.0006162782462456034,-0.0051418283557994994,-0.0007002436628134795,500
0,shock_x_occ5,0.001048832143508473,0.0016552089652932993,0.0017547097416169002,-0.0024185177434841386,0.004207702624949743,-0.0017263820775575427,0.003970676537445363,-0.0006511006224248445,0.002953452386473331,500
0,shock_x_occ6,-0.0036908423223654657,0.0033291570394790603,0.003466444063036435,-0.011168335346396982,0.0024124054182351183,-0.00952802561037776,0.0017866027987433726,-0.006807502567462005,2.742919719882374e-5,500
0,shock_x_occ7,0.0036904934173870667,0.0028504668423318595,0.003149290995842132,-0.002593222726023146,0.00966940334211629,-0.0012514253919497609,0.008871673089020494,0.0007005473396511087,0.007013252873655753,500
0,shock_x_occ8,0.0016239386301003626,0.002269237784049912,0.002181473813922349,-0.0022134187511313195,0.0063086698178253815,-0.001501042714202388,0.005409440405256945,-0.00032359383417785337,0.0038821366563172783,500
0,shock_x_occ9,-0.0012839460986710837,0.001993663794834958,0.0021570403292846545,-0.005985455241903195,0.0028429020251013884,-0.004942471311858891,0.002067338676947425,-0.0031481771644062554,0.0009673623651103815,500
0,shock_lag1,0.003882437480883514,0.00246908880148957,0.002462520721088468,-0.00013577354910196648,0.009389568659840124,0.0004669095758450526,0.008431607777986766,0.001301718223489531,0.006291114266771177,500
0,shock_lag2,0.0009346212376794138,0.0008823858383811828,0.0009755084238422239,-0.0009487444832459774,0.002717847981797358,-0.0007447517663928084,0.0023978790733629094,-0.0001240772463097881,0.0018178171535041848,500
0,shock_lag3,-0.0025314334613635928,0.0020385668424692132,0.002130068070875827,-0.007322965296031237,0.0006524149676717731,-0.006380253523010902,0.00045931619565812965,-0.0045758937491974455,-0.0003405546024620065,500
0,shock_lag4,-0.0011645077262924417,0.0008458990193394387,0.0008590518293096691,-0.0028936137073596983,0.000489330743545067,-0.002595876190652402,0.0002530629484626778,-0.0019300761271528442,-0.0003140119218458504,500
0,shock_lag5,4.0131058854843876e-5,0.0008280521492978933,0.0010181781028894537,-0.0020801386796659603,0.0018807474001066296,-0.0016165851034337408,0.0016086099691077986,-0.0009641997042537754,0.0009479705833560942,500
0,shock_lag6,-4.8999372000042345e-5,0.0010656420078312735,0.0010078109535447066,-0.001991362343618102,0.001998914635153034,-0.001705145209165225,0.0015915410197378304,-0.0010539546996927516,0.0008918215096369813,500
0,shock_lag7,-0.001676013602735634,0.0008325772441238765,0.0011168707930899909,-0.004003404673801293,0.0004547739445790286,-0.003473432298217375,0.0002897572749784466,-0.0026754146657875745,-0.00062115743265385,500
0,shock_lag8,-0.00024729498396269757,0.001103374377690966,0.0010690185220212113,-0.0019449262986593768,0.0022870012931328594,-0.0016955523896579883,0.0017399569403954713,-0.0012170857292193409,0.000805920691623113,500
0,shock_lag9,-0.00033967366393387427,0.000796862730591936,0.0009036228991792384,-0.002016509592049783,0.0014832493150787286,-0.001775779015440863,0.0012773853562203998,-0.0011528325549797253,0.0006462777648719598,500
0,shock_lag10,0.0015808755423058333,0.0009704650817636583,0.0010034497888288401,-0.0002600478816018063,0.0038569772263007383,5.0057767396753665e-5,0.003342376464562671,0.000556709488367607,0.0024576813027883753,500
0,shock_lag11,0.000834071927316848,0.0008904269183481567,0.0009492031994215202,-0.0010416993602014011,0.002687515260136138,-0.0006002168089662054,0.002419547918756313,-9.366689061148752e-5,0.001732295865633088,500
0,shock_lag12,-0.0012622812272161566,0.000986251757620411,0.0010967959250722176,-0.003703211654050611,0.0004805424430542347,-0.0031691426584029648,0.0003496704214871431,-0.0023129819270082627,-0.00019321583573145816,500
0,log_oil_lag1,0.0025664417038918546,0.0025181073595924473,0.002852912152490837,-0.0032933809881875924,0.008283783223721933,-0.002208320762761051,0.007509904611394604,-0.00014567133629674452,0.005272972901777251,500
0,ffr_lag1,-0.0017689906906710813,0.0006116826724722304,0.0006571592644238185,-0.0029325469945807366,-0.00048252467303487974,-0.0027524728689405902,-0.000679925578989362,-0.0023908401150055506,-0.0010175950572492987,500
0,log_rincome,-0.05890676244443435,0.07069847899653191,0.06896366435496958,-0.19323785971005702,0.07847020256106568,-0.17295860862539375,0.05837392601005173,-0.13009622391399014,0.004086369710123224,500
0,log_rwage,0.03470776640828325,0.07251459426481911,0.06977580000010909,-0.11138493914750364,0.16534041148383466,-0.07829628844412828,0.14518421606849766,-0.029859183359099137,0.10473954588971834,500
0,age_mean,-0.0024647796608596425,0.000899764816422002,0.000999869729432735,-0.004319468846540423,-0.0003194074887392939,-0.004028200708789367,-0.0006381536128578046,-0.0033428129945795395,-0.0013592018587259022,500
0,female_share,-0.017874265681337306,0.019334856952183822,0.02003790983759138,-0.054131603464441014,0.024177273388211972,-0.046259053676009576,0.015300930040505463,-0.03519003636310272,0.0021782808923662632,500
0,married_share,0.02658793925365468,0.031998598310834736,0.034536713020546304,-0.042452306864197965,0.09717802896879812,-0.03045439039049727,0.08872396618165708,-0.006858014536954228,0.06110651575547828,500
0,hours_mean,0.0021201574449690214,0.0025163293727713805,0.002427390138891574,-0.002703443419227039,0.007110918871273152,-0.0015570595423989575,0.006179286712690783,-4.622353640519925e-5,0.004620020834828844,500
0,unemp_rate,-0.1792749493883296,0.08829000350707632,0.10170932638222006,-0.39065983172356683,0.012343961127553479,-0.3494631823562715,-0.01888902757784732,-0.2791526761583327,-0.07406461032866027,500
1,intercept,6.893872331470329e-9,0.001148525195254617,0.0012548435311973715,-0.002635763816103762,0.002493092067336211,-0.0021771013086148362,0.002105295485636412,-0.001162602855692243,0.001279139866887604,500
1,shock,-0.0031033487293725148,0.002224079566353696,0.0025250854377080146,-0.008816514059272695,0.0016481498039370352,-0.007661715736888203,0.0007808703811425923,-0.005450186789633034,-0.000729954047049009,500
1,shock_x_occ2,0.00575531550489316,0.003644886677693515,0.003938492907142457,-0.0005956295206864628,0.014842259805271714,0.0004451018297389342,0.013114393887365013,0.0018979189569234382,0.009517047023406356,500
1,shock_x_occ3,0.00788847749787768,0.003606855969956686,0.003429003105252974,0.0011376070927247562,0.014490801389611386,0.0022209402783172523,0.013523722796674487,0.004525653514138228,0.0115407769493042,500
1,shock_x_occ4,-0.0011381720400488243,0.002900202684994553,0.003365120674673994,-0.008044967674342969,0.005483635918379648,-0.006606013877601718,0.004035564747352286,-0.0043757031550930746,0.0021552013161602185,500
1,shock_x_occ5,0.0038452491309256187,0.003064529499974599,0.0032662959966799168,-0.001461167117325537,0.01072693766957989,-0.0011036950199285285,0.009667233393070684,0.0007189457470473907,0.007023841637782308,500
1,shock_x_occ6,0.004644588128973737,0.0046198142136075655,0.0053330406030937805,-0.006238686199173988,0.015873867984357623,-0.003370424922812336,0.013573293079032408,-0.0006059212349331409,0.0097186637874535,500
1,shock_x_occ7,0.013719285407819626,0.004722772005302116,0.005134004408322696,0.00409917659513981,0.024395105510657347,0.005631509419156518,0.02292248372043147,0.008636673635184191,0.01897973894884168,500
1,shock_x_occ8,0.0049871077044526205,0.003733888614873943,0.004061790882502948,-0.001862074868250791,0.013627551606739965,-0.0010740417886152178,0.012181272259105407,0.0010074678771635447,0.0092984550858512,500
1,shock_x_occ9,0.004383909323553653,0.003309027032611588,0.0034776747315858375,-0.0019861690569994207,0.011491593532480202,-0.0007826760840751131,0.01100580262587665,0.001021977344861668,0.007941653715528643,500
1,shock_lag1,0.0057301829657365345,0.003222870925816799,0.003231061644626224,0.0004743052637478458,0.012553377999607571,0.0009689742188431288,0.01125068042487771,0.002310678142857498,0.008792214581491842,500
1,shock_lag2,-0.0006971705144608304,0.002305266367603343,0.002518547779720058,-0.006135382060917915,0.003322442795998788,-0.005392583281035907,0.0028310767053051937,-0.0034022660454514405,0.0016425070406406402,500
1,shock_lag3,-0.0032533004481433924,0.0026999258378358447,0.0028085583932690784,-0.009109957911792865,0.0013504843733451676,-0.008584379082535521,0.0007998782368892285,-0.006091651782698123,-0.0006279108038276085,500
1,shock_lag4,-0.0008636787628486571,0.0015348210283149795,0.0016120930850779878,-0.004212050294126731,0.002012049793982673,-0.003530473763250952,0.0015468008146889787,-0.0024204089636024693,0.0006697433964546578,500
1,shock_lag5,0.00012991306430268267,0.0010672143143838683,0.0011939089938993446,-0.002131669752505831,0.002470813750373106,-0.0019128691681762602,0.002178617130443507,-0.0010095785856204258,0.0012958769753274178,500
1,shock_lag6,-0.0016480073034258387,0.001369952756347806,0.0015763233823916003,-0.004542476882233825,0.00162661108775427,-0.003955087444236808,0.0011245514333816829,-0.0030990019964894154,-3.291191898638693e-5,500
1,shock_lag7,-0.0018935050767078401,0.0012350989270752738,0.0014071289370616762,-0.004529294136516958,0.0009773407609898121,-0.0039759118479247785,0.0005276687894288311,-0.0030955065153137748,-0.00032850910927933563,500
1,shock_lag8,-0.0005510340738983314,0.0015206945056929128,0.0016417913698236072,-0.0033115597843012892,0.0029969818435687337,-0.0030400279125676454,0.0023916537360013923,-0.001975443956442172,0.0012962625084439777,500
1,shock_lag9,0.0011146586414891681,0.0012620046758719237,0.0013151233724863203,-0.0012474479692933423,0.003861370285512612,-0.0009475272302935979,0.003446519337899723,-0.00015440383211629948,0.0023959850537848045,500
1,shock_lag10,0.0023101346198977136,0.001671348981218237,0.001758877075993464,-0.0008475681758219737,0.006271240801836832,-0.00048250293389391895,0.005635812123223719,0.0006581351652507094,0.003944919510666718,500
1,shock_lag11,-0.000585416656987181,0.0010692690700435277,0.0012418163634905748,-0.0032263611900210883,0.0017791373750471052,-0.0027444394996662706,0.0013635530718251907,-0.001846736232196443,0.00048469895563246947,500
1,shock_lag12,0.0004341041750013382,0.001186063498831891,0.0012598028389438857,-0.0021974285595519625,0.0028748507654196447,-0.001729530224994238,0.0024952991428472612,-0.0008616901457666531,0.0016547171616024872,500
1,log_oil_lag1,0.0001888927808976847,0.004284045005288311,0.00468267261935939,-0.007703603432120414,0.010725571936106165,-0.006918749829149293,0.008142010301376177,-0.0043757955416426795,0.0047455048072650675,500
1,ffr_lag1,-0.0010580186001432847,0.0008397177173783642,0.0008687644283156384,-0.0027049829710745587,0.0006952607597975179,-0.0024308002235137066,0.00034613454953336185,-0.001849133313350355,-0.0001498984091915192,500
1,log_rincome,0.010792404374241444,0.13146627933125843,0.1303108522785699,-0.2447407875495835,0.2372518637111644,-0.20720931169949497,0.21280911600584165,-0.1376077507818023,0.13091658591975674,500
1,log_rwage,-0.03013997059406686,0.13937456610033133,0.1379874496562646,-0.2843500731187486,0.2332120701451122,-0.25323189782652866,0.19354330053071456,-0.15866012756310252,0.12634954654647373,500
1,age_mean,-0.0013444005272999875,0.0017115659332180325,0.0017541579793219463,-0.004938773560703562,0.0021471033238499,-0.004147372488139965,0.0013117340201606578,-0.002891987875687003,0.00043698161313313305,500
1,female_share,-0.01271494102699362,0.02784787391882759,0.028646286366225873,-0.07150328942993603,0.04415967621534678,-0.057577494569875855,0.03354340585998511,-0.041892417362207085,0.01808980203588418,500
1,married_share,0.029868103635638917,0.051879930553041465,0.054121061127762084,-0.058307444123231814,0.14314155863912698,-0.04841524398855056,0.12596503514099228,-0.024262798173719846,0.09047365552734453,500
1,hours_mean,0.0003366123570879847,0.004187340954671161,0.004292065585702925,-0.00730005927887338,0.008945840972794158,-0.006263380547696122,0.007954955742746092,-0.003514952995128315,0.005180452866860157,500
1,unemp_rate,-0.06004074792612915,0.09947124668942113,0.11236513832708393,-0.29861006159787484,0.15251609181263154,-0.24798850720439541,0.12058095114071393,-0.16897983178478515,0.05413988764024114,500
2,intercept,-5.379342280771129e-9,0.0016597107357456927,0.001731027910346035,-0.0035580356539622253,0.003303258754792125,-0.0029750697618854778,0.0028522823013486936,-0.0015036880597342893,0.0018665069548573572,500
2,shock,-0.0021227897053978243,0.002351753220513532,0.0026420057238608304,-0.007283046239752462,0.0030129736408485005,-0.006608725693021775,0.0021343713236816556,-0.004902121610755799,0.0006190501636351549,500
2,shock_x_occ2,0.005439653283655678,0.00370949122604473,0.003764598523424287,-0.0006584748640522207,0.014220138772682234,0.0004241325999097672,0.012309384705798064,0.0023684655673698336,0.009862395638651038,500
2,shock_x_occ3,0.0068105740569482836,0.0038515383399905776,0.0036551239905149116,0.0002897398638040151,0.014062116474389194,0.000696130431178365,0.013038404666457854,0.0030131105111592124,0.010411140448127036,500
2,shock_x_occ4,-0.00032814152726894937,0.003374536779361013,0.003890374960535471,-0.008099227571285294,0.007742326152694915,-0.006917634994221994,0.006108684012610008,-0.00431867619993089,0.0031746998224156516,500
2,shock_x_occ5,0.0035474334492332595,0.0031418054526752264,0.0031584288544536454,-0.0023356960277392085,0.010116315242604701,-0.0015474220016478434,0.008896685854125896,0.00023406298860395423,0.006811402742399928,500
2,shock_x_occ6,0.008412815401989477,0.005346885686135387,0.005878152320159802,-0.002171537770654449,0.020382361896061595,-0.0008927078343703903,0.017853238653910853,0.0027231102077603228,0.01429628229699568,500
2,shock_x_occ7,0.013520479972266365,0.006028690799247448,0.006094203588055437,0.0007745560575184383,0.024675498019888262,0.002682643249610415,0.02379349046271172,0.007878537434235146,0.019777236487492817,500
2,shock_x_occ8,0.002384317096133387,0.0037736371007500054,0.0040295452189961795,-0.005820470373015313,0.010415462999822175,-0.004394594838617185,0.008929639799632174,-0.0016976827916127253,0.0063666971396473745,500
2,shock_x_occ9,0.004331125478239488,0.0035904292648838393,0.003749082387101833,-0.002734256003223104,0.012053046071924454,-0.0016235310366849464,0.010814332726119412,0.0006794393179443204,0.007866686782592953,500
2,shock_lag1,0.003979548382714712,0.002881248770399281,0.0034117652049754327,-0.0031823797191061105,0.010545301512103228,-0.002210244866335023,0.009546368129731924,0.0004360700785923433,0.006926643495495198,500
2,shock_lag2,-0.0013138971740312708,0.002885586604481328,0.0031454425837219315,-0.007680707423862296,0.0041352550892880605,-0.00688427543407149,0.003538108184812246,-0.004497942128043171,0.002000282189318219,500
2,shock_lag3,-0.0025967297810188523,0.003264264483564631,0.003027068711648349,-0.009266015389579187,0.0028097079057393453,-0.007912699932297384,0.001958783403812812,-0.005670289218741175,0.00033367343200898115,500
2,shock_lag4,-0.0007268611864231893,0.0016740380559772678,0.0018161388759846723,-0.004506369932493296,0.002878552287476,-0.003893462550733813,0.002250211732722048,-0.0025323527377616797,0.0009587540634564985,500
2,shock_lag5,-0.0013149699205702238,0.0016413708610864997,0.0018687952755746774,-0.004685356255673623,0.0021123302248663607,-0.004357463434356466,0.001567857145727809,-0.0032032582988621235,0.0004625606211932321,500
2,shock_lag6,-0.0019859999520195244,0.0016874927616653303,0.0018735106847740286,-0.005719998579858282,0.0017042684496007972,-0.004923894785565733,0.001268250892896796,-0.0038481299383749407,-3.659582709842459e-5,500
2,shock_lag7,-0.002385375956022164,0.0017389805659048009,0.001938005431334063,-0.0059072269572887914,0.0016031138901984304,-0.005157734730496145,0.0009255530128972308,-0.003920101700286335,-0.00020767363056068392,500
2,shock_lag8,0.0006969357958014883,0.0019840260295916077,0.001971609400907109,-0.002697146665809012,0.005000997585268915,-0.002294335346864608,0.004305019808313115,-0.001086220970451489,0.002672660969275621,500
2,shock_lag9,0.0018077771960732319,0.0018979244889919605,0.0020381799116170694,-0.0016951681357562384,0.0061093440815867634,-0.001097115416666415,0.005392403369268526,-1.1734311475238247e-5,0.004015951050581164,500
2,shock_lag10,0.0006846461522465621,0.0015328392446755925,0.0018360940418772388,-0.003037589335505986,0.004045756045934945,-0.0022445855227432253,0.0035446646526542734,-0.0010771385719084055,0.0025698844655992407,500
2,shock_lag11,0.001203700385481004,0.0013539297943133497,0.0015441598868138294,-0.002265360563990628,0.0040483683940943874,-0.0014527685981225032,0.0036780823100199377,-0.00029092415935040686,0.002613014672888404,500
2,shock_lag12,0.0007648007012550804,0.0018061097443735072,0.001727083298339136,-0.0030963380442285554,0.0034094330510011477,-0.002428853000564256,0.003121046312516295,-0.0011275877368026044,0.002416761196512648,500
2,log_oil_lag1,-0.0037032019437602272,0.005291610829120852,0.005860560595724372,-0.013469033485579127,0.008372676503183941,-0.012453062794638632,0.006859519330146465,-0.009252573621383521,0.0027955461006828044,500
2,ffr_lag1,0.00020081383682703962,0.0010432915436719553,0.0011379711884074556,-0.0021525582615773264,0.0023290119337987824,-0.0017576101854742308,0.0019256094555134486,-0.0009359428947902128,0.001333898188778558,500
2,log_rincome,0.05133598964247753,0.17002378556133937,0.1615067846207561,-0.2681335469378882,0.3439469068354305,-0.2193444480347427,0.29905485210784244,-0.12936772392361354,0.19688426617704413,500
2,log_rwage,-0.061258434070473704,0.1854857832932328,0.17236204436577132,-0.38661107981472187,0.2763072161838558,-0.33582178077442293,0.22972338697475125,-0.21558955200012508,0.1289308559787427,500
2,age_mean,0.0012371976463778583,0.002263282790389471,0.00234787095339887,-0.0035352838629183637,0.0052814507588626255,-0.0028557295781304415,0.0048139092845145585,-0.0011792920044849694,0.0035286961969551644,500
2,female_share,-0.009876866711740059,0.03724922771509137,0.040283077391041665,-0.09542423117627856,0.07063965500638103,-0.07657472988081451,0.05759115094956099,-0.04706254475645506,0.032376036695986696,500
2,married_share,0.04537300763295739,0.06659043961435623,0.07094608842264151,-0.06719629822208684,0.20861289638585065,-0.05641246097764348,0.17089938263236865,-0.01661233559882161,0.12526810982659933,500
2,hours_mean,-0.001256937459273181,0.005512262225034375,0.005440808417147311,-0.01139252075399855,0.010092679673251306,-0.00949883108599265,0.008537294329638323,-0.006304310155271804,0.004604163064783019,500
2,unemp_rate,0.12459845901887842,0.11063874004304032,0.1319196069168392,-0.13016762996445227,0.39769133558637737,-0.08700935961721164,0.35156133354794583,-0.0021332166192413455,0.25151271331645786,500
3,intercept,-4.248686335041108e-9,0.002091322116797847,0.0018639813096551544,-0.003536137843819332,0.0036581093820334813,-0.003005677429176369,0.0030783422333356685,-0.0018091706310391954,0.0019085718227233302,500
3,shock,-0.001258380048212396,0.002530983008891666,0.0027119234418829107,-0.006831786365225528,0.003774934258837217,-0.0060135008097712515,0.0029489538640899617,-0.0037807606386945766,0.0014887854721569232,500
3,shock_x_occ2,0.0012159026756038685,0.003662251809761432,0.0037899077362901702,-0.005404173520892208,0.009719543344084286,-0.004571847527203249,0.00812249318151434,-0.002138503535446931,0.005301805164545514,500
3,shock_x_occ3,0.0012468676379654327,0.003994611453432297,0.0037913284805940486,-0.005713833478132934,0.008811293478508946,-0.004977094184317188,0.007380068363606078,-0.002615562420707681,0.005031914902895002,500
3,shock_x_occ4,-0.003614201099637637,0.0031134070937167808,0.003586999513963346,-0.010499608933962273,0.002927479335884227,-0.009633907171143033,0.0020213012295034393,-0.0073884175381694565,-7.9996048017916e-6,500
3,shock_x_occ5,-0.0004070961197721672,0.0032934367305640622,0.0035160188666337714,-0.006801780575995791,0.0062324242970440355,-0.006074475363614687,0.005593993688608354,-0.0039008359345785552,0.0032725917247674917,500
3,shock_x_occ6,0.001601376973655343,0.0046334429707276985,0.005247694682836445,-0.008555211122803994,0.011661596038975375,-0.0074558123647087676,0.010419169042262031,-0.0034841009098114366,0.00685447062627037,500
3,shock_x_occ7,0.011267299431102969,0.006994956890016654,0.00741026342532932,-0.0028297987557309124,0.026306738606382905,-0.0007412525584011739,0.02275835735125628,0.0036475546226967634,0.01745866693660299,500
3,shock_x_occ8,-0.0004252797977801924,0.0037867003305206036,0.004165088208593483,-0.008301298946282822,0.008052092466141688,-0.007072510834436913,0.006314394933903095,-0.004356924576751257,0.0037193266498637204,500
3,shock_x_occ9,1.932170218108622e-5,0.0038158479888911524,0.0041144901684993735,-0.008857958745654947,0.007950165312904088,-0.006809562079412411,0.006665226901370527,-0.004047653412411378,0.0038223756015143074,500
3,shock_lag1,0.002959805892936572,0.0032221562220190567,0.003646952689338791,-0.004572200438742369,0.009586154415498604,-0.003744713693731012,0.008766475078888057,-0.000982544925724261,0.006178607193324907,500
3,shock_lag2,-0.0005963164438850962,0.0031628253575399787,0.003228042673205336,-0.007192523496024071,0.004996581060702202,-0.006021499379496167,0.004356507376004411,-0.004044330688375201,0.0024826558920733846,500
3,shock_lag3,-0.002430345087086111,0.003035227365502427,0.002871499544247576,-0.008126387242285218,0.002943304464870875,-0.007207134177897304,0.0021272050468348824,-0.005237045381402702,0.0004018963735964696,500
3,shock_lag4,-0.0022468536744045683,0.002280802532393058,0.002399691319423629,-0.006949671563747626,0.0022881795068412066,-0.006125918605079328,0.0015286421659404137,-0.004509794024698385,0.00026676432643479994,500
3,shock_lag5,-0.0017853544255119933,0.0018360156314476484,0.0020014472999306194,-0.006091330011773777,0.001934097034916152,-0.005225446034046905,0.0013140122779235067,-0.003640782858535168,0.0001641743059883509,500
3,shock_lag6,-0.0024344958208316852,0.0021721198126776055,0.002304930670449544,-0.0071885170820903494,0.0017103301024216605,-0.006408853513999958,0.0011521744166071973,-0.004604704932300496,-5.436349392632433e-5,500
3,shock_lag7,-0.0013376536487653943,0.0020753703594558717,0.002155780580208258,-0.005291406575511913,0.0032012371378547294,-0.004813341575323279,0.002637088281977649,-0.0031886187272300768,0.001097171261086022,500
3,shock_lag8,0.0013043760336262334,0.002593642081211604,0.0024502972245166177,-0.0036141434419163882,0.0061272120670465,-0.0025922228488270823,0.005491754397436789,-0.0007857450752661461,0.0038561320533591686,500
3,shock_lag9,2.8860209233575132e-5,0.0020255364193987433,0.0022019902361650775,-0.004346230396931078,0.004169521076632815,-0.003574714426034241,0.0038005827627132695,-0.0020350842535825997,0.0022773449049771034,500
3,shock_lag10,0.0022008982708438336,0.001776371718199534,0.00191880953310616,-0.0015988073512478306,0.006084522446154192,-0.0010513194276939135,0.005538775502708816,0.0003567456085219216,0.004084694221507572,500
3,shock_lag11,0.0015158614512090767,0.0018852249563675778,0.0021366768061454773,-0.0028281179094991294,0.005148792386588795,-0.002288065221321376,0.004827377388413593,-0.0006677396920550606,0.0034449570216085273,500
3,shock_lag12,-3.372367383226443e-5,0.002338804917787113,0.0024102385650030156,-0.005212611777829235,0.004043200314245857,-0.004560315931256931,0.0034943488768799966,-0.0026488337766032675,0.0021265208917574056,500
3,log_oil_lag1,-0.006924846203648474,0.005733677925901787,0.005947911361021477,-0.01735749669417852,0.005851727582142396,-0.016184072866324752,0.003739449382787654,-0.012640691898356895,-0.00034944186797879895,500
3,ffr_lag1,0.0015355947381559263,0.0012360635306805665,0.0012651213321607537,-0.0010905492900499941,0.0038673995022517667,-0.000562008047142631,0.0034736134002773126,0.0002933928002551218,0.0028004669913994948,500
3,log_rincome,0.1361964236364243,0.1807919243885568,0.1738124402037824,-0.21011547239614792,0.4742897671019136,-0.1422137840887429,0.4247203918073186,-0.04076470481013995,0.30514224138343127,500
3,log_rwage,-0.11566234996266544,0.19601992095697482,0.18308504838426135,-0.4456378780203808,0.23858640124540675,-0.40355375145390315,0.1782189675913145,-0.30117062764478225,0.06744963833751436,500
3,age_mean,0.0023643887809383325,0.0027216948895472147,0.0025582775618262325,-0.0026035709922922487,0.007110949727599437,-0.0019945799500428957,0.006472590731235727,-8.800260346453156e-5,0.004908477051804816,500
3,female_share,-0.01686941966430841,0.03996032234451673,0.040523375599472174,-0.09248919606105424,0.0640764020791067,-0.08226017477865993,0.04955609635857941,-0.056096001195984006,0.025372368880444564,500
3,married_share,0.04757337286667338,0.07838844365211191,0.07427932774031493,-0.07822765345491878,0.2063087167402725,-0.05944403854423387,0.1838441118704259,-0.014856710056079626,0.12424338436831517,500
3,hours_mean,-0.005815929464747196,0.006178284488881994,0.006025366680380724,-0.017190758713716,0.005687460478335366,-0.015523935713206717,0.003744598222515293,-0.012234998021194314,0.0004607587916014205,500
3,unemp_rate,0.3326158125223402,0.11925257082819454,0.1321137966653814,0.09314560837580642,0.6099097676095204,0.12959265155951558,0.5672014464228686,0.21429422415287802,0.47906450458923167,500
4,intercept,4.4401118331041676e-10,0.0024218296742696908,0.002164622555558838,-0.0037760224251572206,0.004009165546608174,-0.003198511544753079,0.003562348909359914,-0.002029635629550665,0.00251757183282276,500
4,shock,-0.002569513703888958,0.002737794452285608,0.0031278631178119063,-0.008636637319799571,0.0031637126873370995,-0.008041148383004888,0.0025246923067494286,-0.005365873078842981,0.0010415989534863228,500
4,shock_x_occ2,0.0018179154967753138,0.0036154622173837307,0.0037079779074947966,-0.004530467113335692,0.009887987093060576,-0.0034991261565426417,0.008276515841564197,-0.0017241053112624478,0.0055379630724176395,500
4,shock_x_occ3,0.005927609439109379,0.0040538391095826624,0.004257179800469308,-0.0014013407139457962,0.015262170417976917,-0.0005990188230695757,0.013819676214587179,0.0023194104754339067,0.010005628358462219,500
4,shock_x_occ4,-0.007122690094591018,0.0034862515259937396,0.0035648701727267226,-0.014150075089395378,-0.00024710422540107833,-0.013029527397883123,-0.0011027767522058228,-0.010255500227286172,-0.0034975751522224154,500
4,shock_x_occ5,-0.0007478458771264014,0.003578234790563213,0.0037380415320779708,-0.007631160497854831,0.00716078832322643,-0.006972310243660116,0.005053684471351794,-0.00459748405560466,0.002702507437778088,500
4,shock_x_occ6,0.00010473039455098774,0.005289645291871709,0.0051639620730424204,-0.009710602181145753,0.009885075272041379,-0.007635828477499333,0.008764148281423042,-0.004359312256899793,0.006099700651208311,500
4,shock_x_occ7,0.00941774377693924,0.007966363783808607,0.008082559394346682,-0.005828677431967545,0.024044976169885476,-0.003838537154581957,0.02224578212795463,0.0007459848493443731,0.01738029130400003,500
4,shock_x_occ8,-0.00047812524540659986,0.004144030049510477,0.004139998197832641,-0.00848570567342185,0.007242934144717075,-0.00720187053869352,0.006150902666819754,-0.004403286907094375,0.003455977326369484,500
4,shock_x_occ9,-0.0031513695096154373,0.0037572449443757545,0.003879538361921575,-0.010648548711744858,0.004571161858223189,-0.009205041039675017,0.0034485484170816956,-0.006793111208058729,0.0010347372172680527,500
4,shock_lag1,0.003563837520873379,0.003288826121952455,0.003716205082018569,-0.0039437604328054635,0.01040314401416963,-0.002787359919529474,0.009439310873647513,-0.00045966204171672285,0.0071247538176933455,500
4,shock_lag2,0.0002502233272284904,0.0027932056030386416,0.0031128395064415728,-0.006544504027551079,0.005497190748780965,-0.005086103558749796,0.004609866743513833,-0.0027659971728066527,0.003245080748637383,500
4,shock_lag3,-0.003773850615065355,0.003412152028977407,0.0032839154798634733,-0.010174105967058509,0.0028277906417862263,-0.008621274286059554,0.0018088558985790754,-0.006873473641267374,-0.0002892193678383919,500
4,shock_lag4,-0.002506984009960999,0.0023808589223252136,0.0025573558849109304,-0.007601191416462759,0.0024844668130297558,-0.006804433895251277,0.0017755549840702846,-0.005023472489250951,1.1099109363983581e-5,500
4,shock_lag5,-0.0023368405232129484,0.0023222914995979626,0.002422168889546305,-0.006643912965981235,0.0024873858596379463,-0.006166341163869382,0.0018661668034195456,-0.004705992018438721,4.930897234084388e-5,500
4,shock_lag6,-0.0009538599560815411,0.002408236928680735,0.0025705523132896766,-0.005779633255103665,0.004259260210929362,-0.005292555706522804,0.0032607269373770204,-0.003597479049713923,0.0013116890257756954,500
4,shock_lag7,-0.00048369063579961906,0.0026265670174128444,0.0028419614966615154,-0.006262443389712605,0.005201806758828908,-0.005317102939350365,0.004088729102112682,-0.0033189766284228675,0.0021749794694222533,500
4,shock_lag8,-0.00021235602198190658,0.002543896703589649,0.002577874118484714,-0.005281824113593414,0.0047444806337331395,-0.004576531740533681,0.004020243255704954,-0.002709158274151311,0.0024373513812965147,500
4,shock_lag9,0.0017030825815828622,0.0022860360073579146,0.0022322657395634237,-0.0024947054379672534,0.006156423648887259,-0.001776713604445064,0.005331625242150943,-0.0004051395467348491,0.004076991888897775,500
4,shock_lag10,0.0025188101791624525,0.002234742872750856,0.002422961644387066,-0.002138032590982588,0.007358583049578482,-0.0010980397630294086,0.006348173684998548,0.00020454954461508534,0.004981237146700379,500
4,shock_lag11,0.00092456024735035,0.002427863258567653,0.0026105176222559192,-0.00417086853939512,0.005860866883165441,-0.003444974930799695,0.0051731852653282406,-0.0018634529202562799,0.003301125815381457,500
4,shock_lag12,-0.0005432759381750747,0.0023919790003911682,0.00252102195420461,-0.005626353285251233,0.003948858678267473,-0.0048601823005738395,0.003177186687899616,-0.0031514912640823976,0.0020219056190468494,500
4,log_oil_lag1,-0.010311177026178018,0.005734594194000005,0.005707055123987019,-0.020091456737121025,0.0020206351495936693,-0.019021442155115618,-0.0008406735022011167,-0.016003848856569827,-0.004459659466970068,500
4,ffr_lag1,0.0030416366342178773,0.0012909087211957421,0.001267151187915671,0.0006773013104171657,0.005457022679393797,0.0008766423595957653,0.005265128364718319,0.0018787746932682698,0.004427522104953157,500
4,log_rincome,0.24025857005615045,0.18888675190819984,0.1784546782477445,-0.13801296751130915,0.6036145099654366,-0.04402352756529813,0.5254420781286238,0.06941428271730653,0.4072846397044476,500
4,log_rwage,-0.20119872423634066,0.2105479475921369,0.19055571945619199,-0.5786543000137339,0.19586611625234912,-0.49583677820326444,0.09919001375965972,-0.37849521545261977,-0.02035139421367533,500
4,age_mean,0.0036620232294262032,0.002990074765119917,0.002819161138991184,-0.0018247948192602124,0.009290253952932577,-0.000804605373222935,0.008335560093975193,0.0009531839794718033,0.006626804687894249,500
4,female_share,-0.0024925071560146944,0.041099660926742596,0.04002973282248553,-0.07452173247055495,0.08135452427961559,-0.06068115241439664,0.06893444035781525,-0.034071734645394064,0.04552277538987259,500
4,married_share,0.005014276513538244,0.07352871864324505,0.07320121223500725,-0.11948126717177401,0.16085376120774256,-0.10134476589170245,0.1342401906426152,-0.06166584698941429,0.08430054095973284,500
4,hours_mean,-0.009300243292178783,0.0063655799223571756,0.006114545772769377,-0.021989429439028686,0.0019046056469761885,-0.0186761794787426,0.000281113976055625,-0.015434380157462136,-0.0033866187070842745,500
4,unemp_rate,0.5535395811575834,0.12921127933343943,0.13416887153409224,0.3240794241917822,0.8536655052314555,0.34798509756059715,0.7997767304272123,0.4402260486084071,0.7033128318647601,500
5,intercept,-1.093287434995421e-8,0.0026130488233598826,0.002318314818897138,-0.00435074720020332,0.004822273110953211,-0.003650225914051721,0.004040545507662014,-0.0021702783291556796,0.0024750618331318723,500
5,shock,-0.0023732936825386994,0.003021262375274098,0.0033010868723440385,-0.00838252542867587,0.003803041198367569,-0.007780690437854124,0.003108519872085955,-0.005642972531709214,0.0012172066983156579,500
5,shock_x_occ2,0.0020252850933743525,0.00374961594761542,0.0038424927716769527,-0.0042809641794287695,0.01104346422589648,-0.003487964170779808,0.009120826057197986,-0.0015797830965534197,0.005723790618605711,500
5,shock_x_occ3,0.007183497457618422,0.0037984136312671202,0.003907974932636857,0.0005262123756592304,0.01649739290614506,0.0015652228726334117,0.014687207244333233,0.003653390641101854,0.010835439972672258,500
5,shock_x_occ4,-0.006182975312570903,0.003336450690454514,0.0035186138948401623,-0.013194590269455875,0.0007536304508366717,-0.012388446076569935,-0.0004154384281557431,-0.009822327248483182,-0.002745869235893816,500
5,shock_x_occ5,-0.002006279106374626,0.0036670662256298478,0.003785399746484315,-0.008582722909691535,0.005944405297927164,-0.007866320094986006,0.004380288079872706,-0.005604952113139055,0.002106016191585274,500
5,shock_x_occ6,-0.0006284546468102262,0.005145758197413421,0.005568466424360967,-0.011452417026306647,0.010576866116894356,-0.009162615508489244,0.008837855711069709,-0.005769498930312692,0.0049047110038580675,500
5,shock_x_occ7,0.00808494055087719,0.008255465729861834,0.009226044539989263,-0.011194268147949903,0.026430322702232605,-0.007042524376549858,0.02300385572752035,-0.0016143154820952175,0.016630138876900805,500
5,shock_x_occ8,-0.0006079702633603191,0.004269523336342855,0.004276825624475629,-0.008138918798122114,0.008289674671400897,-0.007057720180342576,0.007215425203414339,-0.00484986011787237,0.0036705548122468465,500
5,shock_x_occ9,-0.004941968838868635,0.004130742560099085,0.004692596138366047,-0.014939398240102743,0.0037041388196211553,-0.012719805684636466,0.0020551050817542225,-0.00951311952299222,-0.00022039700161060203,500
5,shock_lag1,0.004243108222619616,0.0032105867437330457,0.0036881113828218766,-0.0027207662981437184,0.011938807608020924,-0.0018930715015538628,0.010226980575576628,0.0006347276783113773,0.007677057121871625,500
5,shock_lag2,-0.0006386892122675152,0.0029563204458926857,0.0030583757676227864,-0.006280063386468139,0.0054546935870341505,-0.005579987347842222,0.0046970359555045405,-0.003654582004553527,0.0024821447602955704,500
5,shock_lag3,-0.0035784492017896267,0.0033961010136089984,0.003437139108217088,-0.00975452597862405,0.0030637658919376747,-0.008815647232958442,0.0020037415980537943,-0.0067651567234764745,-2.7432377350468964e-5,500
5,shock_lag4,-0.002505435953180767,0.002697835958761935,0.0027283928059396814,-0.007261662748147603,0.0035200966065033756,-0.006792333842157652,0.0021488106541000477,-0.0052311082888591015,0.0003905786123730003,500
5,shock_lag5,-0.0005512043395947368,0.002575923402155566,0.002725497109827799,-0.005602914744144595,0.004934125075866925,-0.005001067182590179,0.003971922162765939,-0.003056512550769293,0.0022841573483820023,500
5,shock_lag6,0.00022421208474486908,0.0028768929779932977,0.0029221052976969118,-0.005466437825239695,0.006061374513187494,-0.004300293172659001,0.005004366913883704,-0.002561798331446039,0.003220248458122526,500
5,shock_lag7,-0.001809235455853539,0.002596295862819417,0.002751593996090669,-0.007121693687205802,0.003529543699710992,-0.006288200676032586,0.0027559562052313236,-0.004554276630150961,0.0008991208710121023,500
5,shock_lag8,0.0015548694640795183,0.0027015757296977583,0.002768578921521906,-0.0038868880537722274,0.006989847916095963,-0.0031244649053327753,0.0061249227589534085,-0.0011688672833471791,0.004215416907045971,500
5,shock_lag9,0.002281274572936457,0.0026541264772199486,0.0027816283836693367,-0.0032518677144969532,0.0074351288415299786,-0.0027298963623194625,0.006776430886327195,-0.0003826937338794352,0.0051042653073260025,500
5,shock_lag10,0.0020298426071353394,0.002701926630929413,0.0029095590920185494,-0.003839776658172059,0.007119926156014518,-0.0029108991053105964,0.006534285126468751,-0.0009316583713647411,0.004950701310451812,500
5,shock_lag11,0.0007181007594932664,0.0025520903258507786,0.0028609295456666108,-0.004974091176145362,0.0055896424577326085,-0.0042539730545653595,0.004948957735763804,-0.0021930565416673265,0.003431915570316354,500
5,shock_lag12,0.0007148566230834551,0.003015492901968235,0.003255228695532587,-0.005226091339791645,0.0073080282371275574,-0.004710900122964897,0.006147333134318314,-0.002667460881113531,0.0037310698811442522,500
5,log_oil_lag1,-0.014256291421179979,0.005621401329474063,0.005667000295979323,-0.024525390901120676,-0.0026019120455211047,-0.023341234881378067,-0.004839638775252137,-0.02014180334671521,-0.008440608869944072,500
5,ffr_lag1,0.004073805370863797,0.0013085708091797861,0.0012022943127957821,0.001855611344596816,0.006397581899819201,0.002122858156988161,0.0059509512891824596,0.002855905407786866,0.005314876113525246,500
5,log_rincome,0.17470568773721293,0.19209717635691367,0.19745636191135046,-0.18608413715457595,0.5871683777007821,-0.11545322358548772,0.5273594283255303,-0.0037516220777760335,0.3979144674375354,500
5,log_rwage,-0.13007584226379995,0.21710865200378482,0.2150685268369447,-0.5465339084970832,0.2583661655501197,-0.5103957305247293,0.19234469533200327,-0.35693148670016833,0.08140341255277103,500
5,age_mean,0.006021740732352437,0.0030062491430573463,0.00283611840307876,0.00035499802750905014,0.011617304930473641,0.0015376770677157888,0.010729996928088875,0.0032062740142888213,0.008838754431841185,500
5,female_share,-0.003899944952413436,0.0426541373804603,0.04092546606037612,-0.07614436670005462,0.07969545846613846,-0.06317587635278371,0.07099476791645036,-0.03783596766795257,0.044774021867256354,500
5,married_share,-0.004997304547119025,0.07222679607959899,0.06613362954399113,-0.12077116537799329,0.13398309808297948,-0.10789834968250937,0.11462996723541442,-0.07083844827877078,0.0652173829050429,500
5,hours_mean,-0.009059469826787594,0.0065230095430187165,0.006625060818033722,-0.021976000623909926,0.003724013356425791,-0.01998200957143813,0.0018730736913308158,-0.016487496013990726,-0.0025188558818795225,500
5,unemp_rate,0.6646038418961123,0.14139808637390067,0.14150078544558564,0.44656744627837125,0.9903261821415185,0.48557337060341377,0.9359659856372221,0.5555587758034484,0.8387092119391034,500
6,intercept,-1.2804569369878383e-8,0.00268968975925065,0.0024540479022704402,-0.004402060383727273,0.005020356535559609,-0.003529944491110664,0.004495493004233474,-0.002149807990870226,0.0028611194485526556,500
6,shock,-0.003431953593264195,0.0033085087406467127,0.0035463316464661755,-0.010243158902070965,0.0035806392204744903,-0.009022994865943544,0.0022798214398952665,-0.006830023103596205,0.00023626205910944907,500
6,shock_x_occ2,0.003527205966911497,0.004206695839046497,0.004042156947089826,-0.003885007527530994,0.012371858625744896,-0.00291220708308057,0.010027373529266878,-0.0003867336729398111,0.007710118106787779,500
6,shock_x_occ3,0.009455742099863761,0.004174493844408679,0.003998999562983686,0.0019283751805970837,0.01782888979335153,0.00298770207645375,0.016333982544510316,0.00587189092579617,0.013668864742532452,500
6,shock_x_occ4,-0.007106108491524539,0.003063915956324175,0.0032761802682863446,-0.01347678405567207,-0.001083834523735849,-0.012750908287503138,-0.001973454743806789,-0.010461911121971989,-0.003950325821469154,500
6,shock_x_occ5,0.0019227063203083752,0.003894461419897907,0.003738743520213786,-0.005243036214586697,0.009504482684919434,-0.0039476372193513005,0.008270955263649963,-0.001964395253889812,0.005096818948698957,500
6,shock_x_occ6,0.00013346311950076357,0.004906873873116032,0.004964039850687536,-0.009298916079233489,0.010785035349916625,-0.00786997016163545,0.008835165441520703,-0.004416726105471939,0.004899831598909845,500
6,shock_x_occ7,0.007118524389747047,0.007246017011476269,0.007960116002469842,-0.0081121537618428,0.0227515587862545,-0.006172210849389596,0.02033880537634572,-0.0015120045924588042,0.014444482673910327,500
6,shock_x_occ8,0.0018783500351186933,0.004319962188802553,0.004372665874145919,-0.005778756203904637,0.010646621697891927,-0.0046676602868599626,0.009457083709298845,-0.00226721994956679,0.006524082496481483,500
6,shock_x_occ9,-0.0047825755818200755,0.004065115664227603,0.004248970759380183,-0.01352078199219198,0.0034829045367458186,-0.012331202930997171,0.001782402162224548,-0.008968915966986847,-0.0006100748870987372,500
6,shock_lag1,0.003041177434731109,0.0032541220171148875,0.0034953330732496917,-0.004274889047275565,0.009775936049681272,-0.002557577973453238,0.008754057517313693,-0.0003230542421684857,0.00617897040913258,500
6,shock_lag2,-0.0005813548781593357,0.002847454537632164,0.0030277197037406707,-0.006807576320671165,0.005222796722028938,-0.005571860216698186,0.004196011160054294,-0.0035334729702214017,0.0023815331790061813,500
6,shock_lag3,-0.0034838941636099524,0.003359813615388117,0.003232422127139279,-0.009658201718205493,0.003423074468805182,-0.008324409352174144,0.0024822733928355004,-0.006528521724808852,-0.00015193055846287872,500
6,shock_lag4,-0.0008138227385527387,0.0028280146657356157,0.0029663121962024788,-0.006148997553667993,0.005437462599517988,-0.005395554138633019,0.004434407947523992,-0.0035872235006735756,0.0020677210655967912,500
6,shock_lag5,0.0003962984862634297,0.00289856063664389,0.0031657015197240654,-0.005759824430145993,0.007081593951910593,-0.004681171160607446,0.005771344379708783,-0.0026948768847385265,0.0036203066238562364,500
6,shock_lag6,-0.0008285904687003414,0.002697792784643081,0.0029054821768959194,-0.0072400152233685535,0.004590828923629886,-0.005610067162112462,0.0035969897759982315,-0.0036480451058723898,0.002065357508342084,500
6,shock_lag7,-0.00024011153203320562,0.002575771610610992,0.002790469928083333,-0.005103956877116179,0.0053069818404868135,-0.004349663667841614,0.0044331071761055316,-0.002868027974420385,0.002826097192941218,500
6,shock_lag8,0.0020615292974092312,0.002744252100824914,0.0027729159644391058,-0.0036122791425444766,0.007222179594612771,-0.002600912887021529,0.006309078698526593,-0.0005950192342244177,0.004784803158302547,500
6,shock_lag9,0.0014781377297449134,0.0029376390125972983,0.0031107062712657204,-0.004374795885148641,0.007299492752379377,-0.003552322109746711,0.0062028725000765365,-0.001607830582221071,0.00452636861370915,500
6,shock_lag10,0.0018134745182631859,0.002649028925519673,0.003102718882329487,-0.004517427802594624,0.007282101322002319,-0.0036882640469766163,0.006549863012417777,-0.0014248378756928544,0.00466956672642367,500
6,shock_lag11,0.002023371504370511,0.003120165031944929,0.0036681570210817167,-0.0046038722741582475,0.010059951242059327,-0.0037550765406332317,0.008492362520598295,-0.0014024461176856116,0.0056599219062308396,500
6,shock_lag12,-0.0008050854351094912,0.0025505833939124326,0.002898202256867205,-0.006008312196076039,0.0051316926344247785,-0.004818241564507132,0.004258028494308151,-0.0034240670065574766,0.0021760563285927364,500
6,log_oil_lag1,-0.016773654332507507,0.005252027374690005,0.005217868101241173,-0.025852561899206615,-0.00556898348419846,-0.024553806975122595,-0.006898400790080399,-0.021498364366064983,-0.011313801453644358,500
6,ffr_lag1,0.004182161076820721,0.0012564671413710382,0.0013067544519100931,0.0016121727180553015,0.006775060762518836,0.0020623149207406877,0.006434568240461142,0.002913605399404264,0.005519704529646961,500
6,log_rincome,0.1366420684320908,0.17864785530533123,0.18313753630436494,-0.17149343278857854,0.5241223421588526,-0.12312254152034202,0.4760876497875057,-0.01812962211034975,0.3499463881737282,500
6,log_rwage,-0.08249967438989994,0.2026916185393824,0.20260649711951478,-0.49609451729059506,0.27291761981635376,-0.4607232792825168,0.2153000817746664,-0.3245899236177513,0.08788443076971895,500
6,age_mean,0.007236795455385876,0.0029803333622368303,0.002718061373667859,0.0017842090070304293,0.012368667359001613,0.0026684049415127103,0.011535639184364345,0.004333285428264653,0.009777179569707035,500
6,female_share,-0.01911982546421109,0.04598929408221261,0.04126534815456402,-0.09485795681843368,0.07376642493623381,-0.08043670368827094,0.0533796195498828,-0.053487730377692735,0.02396790875217646,500
6,married_share,0.029108228899539294,0.0702259663030031,0.06457844297014667,-0.07710875589031449,0.17770234707842592,-0.05878035466200246,0.15720771367033787,-0.026224003816521388,0.10268579142335886,500
6,hours_mean,-0.009966924217243205,0.006228151255104717,0.006212958384802568,-0.022597339126718522,0.0011180073566952786,-0.020961919861626363,-0.0009215836487519436,-0.017081440819752602,-0.004330141692617074,500
6,unemp_rate,0.6687662868513524,0.14137548887516274,0.1474322923019843,0.4183276548377972,1.0037823916454223,0.4690088256388366,0.9310302874149239,0.5623342280286678,0.8444122322241366,500
7,intercept,-1.9565154254603552e-8,0.002684649905363515,0.002371135007516561,-0.004970854400493528,0.004719090342851326,-0.003685302223464114,0.004108847176609425,-0.0018599339444422965,0.002605149507764553,500
7,shock,-0.004240773808525866,0.0032251251813372843,0.0036629885766455606,-0.011332238470175258,0.002864871106246023,-0.010047714560898636,0.00216550945187079,-0.007308969509682577,-0.00019427507729279678,500
7,shock_x_occ2,0.005051768971970108,0.00401330149782558,0.0040221941682185135,-0.002613067893546008,0.013015265390824052,-0.0014677956227796354,0.011292288657946238,0.0014063848236322018,0.00891690091241487,500
7,shock_x_occ3,0.011940258778599798,0.004468728662025691,0.004289231172085251,0.0038478470896023843,0.020240330815022977,0.004614868917125663,0.018522905255108222,0.007525362795638633,0.015703459353870956,500
7,shock_x_occ4,-0.005347625117379138,0.0030065527796812553,0.003271261041117241,-0.01185570986013261,0.0004007975899831599,-0.011033108261747276,-0.0003862802148625033,-0.008889483684319638,-0.002381251175580649,500
7,shock_x_occ5,0.0024991396900831383,0.003712250573810655,0.0040973374360317285,-0.005033133148957206,0.010453012512785274,-0.0042503035226973355,0.009071711417016133,-0.0016420061475612053,0.00613945536626295,500
7,shock_x_occ6,-0.0030622676796717477,0.005096272488894928,0.005138105658023915,-0.013316105706027054,0.00719614289086134,-0.011748949162407053,0.005267641320022954,-0.00821869687659747,0.002039550144344888,500
7,shock_x_occ7,0.002712921943012201,0.007360231285955986,0.007486402680603189,-0.012329082841291633,0.01801451680655817,-0.009948365350874008,0.01531519078660574,-0.004653707858629671,0.009477438986214153,500
7,shock_x_occ8,0.00011160938988135133,0.004567765930696153,0.004535415808214764,-0.007921757942405959,0.009310570257721425,-0.006833980942310876,0.008089105951548856,-0.004485229219543013,0.004830865691929508,500
7,shock_x_occ9,-0.006128100607565277,0.004338066047160671,0.004009370636369375,-0.014781208343136867,0.0014696192757382748,-0.013137753114751268,-0.00015131395000451817,-0.010071766971091349,-0.0021784915170035466,500
7,shock_lag1,0.0028091572516887545,0.0030675658829283554,0.003149126734427865,-0.003251852705021006,0.00836268983799984,-0.0026669419836962862,0.00759165807597169,-0.0007471621006174206,0.005741528373493682,500
7,shock_lag2,-0.0008210552140177363,0.0028513651945128358,0.002952179694383267,-0.006881178272823724,0.004746865854434406,-0.005704574146853915,0.004132598980896239,-0.0037069740844905674,0.0021658040255061457,500
7,shock_lag3,-0.002005646477090133,0.003309949609445426,0.0033099657465769706,-0.00839705830525736,0.004394113229667598,-0.007173227848692498,0.0034809446133105726,-0.0052307038286882905,0.001291688825600768,500
7,shock_lag4,-5.511127198553756e-5,0.002999165155386372,0.003102912194692001,-0.0056698651707592675,0.0065911877441421395,-0.005005789648886102,0.004901152820591062,-0.0033375219799225294,0.0027633971783020917,500
7,shock_lag5,-0.0007804991851557107,0.002605491480935212,0.002904188382959078,-0.006567265343623873,0.004460895328640252,-0.005690620717947691,0.003610027877171458,-0.003707226152252729,0.0020137189096517175,500
7,shock_lag6,0.0010453628196843722,0.002547517211245116,0.0025743391273885226,-0.004146277555079897,0.006040060040944305,-0.003433002980579716,0.0050807041448991805,-0.0017697056422086815,0.003247250676098438,500
7,shock_lag7,0.0002952008107631797,0.0025821381257790377,0.0027955275311321577,-0.005392442761803123,0.005029624675973584,-0.004600107066176569,0.004390938688816305,-0.0027237024550200916,0.002892063503061082,500
7,shock_lag8,0.0013909637798348552,0.0028428402042208712,0.0028323424913781845,-0.004737084535173132,0.00621264681022006,-0.0037704074589993554,0.00560776604388758,-0.0018907279117390992,0.004092699100434484,500
7,shock_lag9,0.0010818504053295606,0.0028031151542020545,0.0028786290152926796,-0.005033557076277185,0.006732090514446097,-0.0035040651057183475,0.0057647752184131285,-0.0017012504310040047,0.0038133454423427806,500
7,shock_lag10,0.00311640994666489,0.0030370480229689285,0.003372803641124682,-0.003406566333012751,0.00988778331525472,-0.0021192158512773683,0.008843851363027845,-0.00039975736764886387,0.006454770513143259,500
7,shock_lag11,0.0004596063409576959,0.002628675466767606,0.0028130521926176314,-0.005182393322390688,0.0064113806657468,-0.004140843671242584,0.005196432756126718,-0.002139934992832472,0.003126368657774878,500
7,shock_lag12,-0.0034029704117636748,0.002434319295943281,0.002722790998110869,-0.008587753233086583,0.001797579896382301,-0.007741050685802051,0.001112461894717251,-0.0057489559937504995,-0.0005388996418717317,500
7,log_oil_lag1,-0.017853212703945624,0.0049205729623469216,0.004684098937589067,-0.02667881324818789,-0.008698867462611611,-0.025423952059046465,-0.010424988325942835,-0.022436262254311872,-0.013009754154324463,500
7,ffr_lag1,0.0034844384501342934,0.001208819743026423,0.0012239346713201866,0.0011736055479517654,0.005818841933733046,0.0015155199028366005,0.005532016402724012,0.0023197418479137697,0.004732795535184271,500
7,log_rincome,0.10976117546343989,0.1594618351112402,0.15999236612185408,-0.19434149107938542,0.43831668895870446,-0.13955305185516795,0.39696826333589197,-0.03100284607343689,0.2755047698753842,500
7,log_rwage,-0.06622559133280985,0.18115372873038074,0.17770381397796708,-0.43060063555723965,0.25303796251546323,-0.37778117284238477,0.20841370342042895,-0.24970849535367148,0.10616351946028021,500
7,age_mean,0.007024719187378988,0.002832012178199631,0.0025915520882447236,0.0022073859117707146,0.011791246330988037,0.002642534642261037,0.011103587814453857,0.004383978261168662,0.009633608570775828,500
7,female_share,-0.034160275500685414,0.04747049237927868,0.04256563379534957,-0.11268356165846934,0.05103063617471314,-0.09402532393126521,0.03875540243253781,-0.0696983461713828,0.016291114646056967,500
7,married_share,0.036935049550188274,0.07214805067936993,0.06659547011631824,-0.073027884951601,0.18222948347958035,-0.059562457456166736,0.16328108748267306,-0.019978754217027314,0.10945682449069416,500
7,hours_mean,-0.009851199785041669,0.005609826198000429,0.005421500749911156,-0.020346276513477868,0.0003297131033328892,-0.018737540216684802,-0.001872424059033384,-0.015462316840949931,-0.004824721794645048,500
7,unemp_rate,0.6127061058063096,0.13747469971356413,0.1403777634557984,0.39685741607036007,0.9524192571451814,0.4240445207286582,0.899981475694704,0.5145093883377501,0.7975629934582424,500
8,intercept,-1.1171825502477136e-8,0.002659635298370099,0.0021552483885453988,-0.0036314447123572302,0.004511934148942846,-0.003276074862630659,0.0038846649294599664,-0.001781205014978016,0.0026294620423604666,500
8,shock,-0.0049490401395974135,0.0031722117036839035,0.0035609847369045254,-0.012104324825060572,0.0015465954073943292,-0.010807024875667417,0.0008779803953287085,-0.008406428795368553,-0.0011183917663777588,500
8,shock_x_occ2,0.007056019750256637,0.0037151559014818444,0.003996661443268369,0.0007864452926327146,0.0159027096720732,0.0011350051513932347,0.014359224692980356,0.003316180104494973,0.01119184961992519,500
8,shock_x_occ3,0.0107275998595337,0.004653787775103066,0.00476736940210035,0.0025489788603213744,0.02088051332916628,0.003615639527992173,0.01967831213384519,0.006527671148673397,0.01564155717870531,500
8,shock_x_occ4,-0.0032248180720048838,0.0031334175048273517,0.003621927890986692,-0.010035955136389739,0.003704843219052881,-0.009069934643734725,0.0031147923434944155,-0.006641248164761071,0.0004548373370719484,500
8,shock_x_occ5,0.00268347608336576,0.0037408791060721974,0.004058324366170881,-0.004268775550264034,0.011529281826545737,-0.002930478127917355,0.010250695260910317,-0.0010590696256700704,0.006857036293061837,500
8,shock_x_occ6,-0.0016817381637798613,0.00498845904611937,0.005335857287160331,-0.010721107122717472,0.009071759253510425,-0.009471268309156036,0.00801024942495265,-0.006580208417682639,0.004037200715321276,500
8,shock_x_occ7,0.0028782917867679666,0.006821813265506806,0.006853959451367701,-0.010769357117526001,0.015899713267306416,-0.0075985577276422795,0.014250036849018356,-0.0030279361191355766,0.010029921087691577,500
8,shock_x_occ8,-0.0013436001198468403,0.0042827280880485515,0.0044518398355140225,-0.009470782352480105,0.008310782832334038,-0.007754222283477223,0.0066757926101147355,-0.005280074223133523,0.0030671683545955616,500
8,shock_x_occ9,-0.0030628159930772086,0.004280051026919299,0.004268757695747681,-0.011770566477338953,0.004604416302706232,-0.009963009678297623,0.003652498752845723,-0.006795215073484842,0.0016152663362313062,500
8,shock_lag1,0.0024677763551593872,0.0031345786876992854,0.003338504956511914,-0.004175625436291749,0.00920652921666823,-0.0028122276683879366,0.00814482023816044,-0.0004874450279055044,0.00611247039942438,500
8,shock_lag2,0.00047301811825854935,0.002917252968961942,0.0031169800787418512,-0.0055300594199169245,0.0061390508127015225,-0.004121278039989645,0.005831505641620443,-0.0022620361831971903,0.004087418689495384,500
8,shock_lag3,-0.0013463478943618052,0.003406517538829937,0.0035786814794739642,-0.008277178010267824,0.0061295238216967605,-0.006866127926173134,0.00508269839271799,-0.004238322509115364,0.002584302124097988,500
8,shock_lag4,-0.0013072063806751249,0.0026871630474546715,0.0027939882286094216,-0.006854337914644267,0.004267144539035329,-0.005836541746494183,0.0034472801399655197,-0.003952331835609679,0.0016522158771420511,500
8,shock_lag5,0.0010483162028474102,0.0023706303076174782,0.0023712382749005176,-0.0034432829310356555,0.005653408443413662,-0.0027722155387553673,0.005059742022015141,-0.0013662026319609527,0.003395338834315282,500
8,shock_lag6,0.0016715189185336707,0.0024260437865338286,0.0025758392812970875,-0.0039314688951718095,0.006524029411958216,-0.0027958966620978552,0.005699178427067949,-0.000887661153605595,0.00412100199805436,500
8,shock_lag7,-0.00017524938086527702,0.0026574644414443637,0.002866132970920516,-0.006127508594948297,0.005369661736662205,-0.00495050325106557,0.004197321001332417,-0.003157302856944121,0.0025241553133742143,500
8,shock_lag8,0.0011269134272625008,0.0026926992352838963,0.0027253027473621906,-0.004051184552160446,0.0063170339004758914,-0.0032648167320601072,0.005669963269591088,-0.0016188736814439853,0.0039268864855617255,500
8,shock_lag9,0.002449411818103141,0.0031866297265689307,0.003409074324779438,-0.0035288883352171735,0.009302071069643099,-0.003022267066732744,0.00854126575409859,-0.0007259167799025381,0.006022812709262652,500
8,shock_lag10,0.001610746620958714,0.002549607960961259,0.0027400196842385476,-0.0034118682616965847,0.0070063809452013855,-0.0026907599604385417,0.005995805874295733,-0.001018448261123387,0.004457903892736929,500
8,shock_lag11,-0.0021290605276789456,0.0024278862900201504,0.0027551735150599267,-0.007441748921160413,0.0030893054881498284,-0.006608213026949427,0.0025263264769442924,-0.004750106521913306,0.0007077181431784052,500
8,shock_lag12,-0.0030842739815346762,0.0022418535454706637,0.002387920466935818,-0.007852996108512235,0.0015889638884777424,-0.006633754215888931,0.0009151500148615052,-0.005138288646431621,-0.00036403253242665834,500
8,log_oil_lag1,-0.01796683438755431,0.004749691100221275,0.004835858438397046,-0.026942376095293694,-0.008653237931765867,-0.02545647731536599,-0.010334477889386986,-0.0228237303845966,-0.013039226373429132,500
8,ffr_lag1,0.002292899995712479,0.0012107872604128728,0.001162355704936692,-0.0001458601683197281,0.004499411057371604,0.00032690042746978557,0.004191721951568519,0.0012253955356366537,0.003452535225067725,500
8,log_rincome,0.014432338601049526,0.14693520496898907,0.1547548664681558,-0.2722324366140765,0.3086602100765091,-0.21889591047566093,0.2728990885921744,-0.12631257729378292,0.19067663083537312,500
8,log_rwage,0.01031713923414575,0.16167810128779875,0.166382986397332,-0.3188322259507982,0.3076232162366871,-0.26580547887251427,0.2670190454140194,-0.16814850088495736,0.1589732247108834,500
8,age_mean,0.0055701710988040895,0.002698472094439148,0.0024945721097440524,0.0008475413140876873,0.010116337673995352,0.0015564483163416573,0.009712506319986703,0.003024892051434615,0.00806354531497868,500
8,female_share,-0.04680977905187219,0.04569162793278631,0.0410077611697105,-0.12708696644309553,0.0401368439445476,-0.10860560121587613,0.0277139576612047,-0.08196738250809989,5.726062846659325e-5,500
8,married_share,0.0068685249074596395,0.0696693646354009,0.059633088076762174,-0.106907222987604,0.13209961785476593,-0.08061737136744229,0.12000869621164988,-0.045074224645483905,0.07560874890212431,500
8,hours_mean,-0.0054041690548333665,0.0052633038473357185,0.005423285525102305,-0.015388998122661618,0.004896690240614073,-0.01430868030653969,0.003311786037731071,-0.011421990403076808,-7.825812826285629e-5,500
8,unemp_rate,0.5468034874863867,0.13354585843712957,0.13692161685716706,0.3139293062974918,0.845508972343754,0.35806184270190927,0.8046922787155251,0.44281091011781937,0.70118870738124,500
9,intercept,-2.126687124902372e-8,0.002634036208569083,0.00233981222227637,-0.004744113126975295,0.004293499311584537,-0.004134244970730347,0.003579940575152282,-0.0023034274711988666,0.0023741617698667104,500
9,shock,-0.00503600718011,0.0032502583968969444,0.0036264085664636865,-0.012411508224948863,0.0013342522334041564,-0.011105088864601003,0.0005365044412697697,-0.008721819743501013,-0.0016375373673241812,500
9,shock_x_occ2,0.008070637787998469,0.003625121628527808,0.0038797662298908557,0.0012708492453605432,0.015820600020038343,0.0021198170335021385,0.014251404008892635,0.004275196162226427,0.011991746306193948,500
9,shock_x_occ3,0.007256201363519481,0.004595042663236976,0.004505748592092743,-0.0011328047237420666,0.016205579240431874,0.0003159237275424086,0.014783951396386262,0.002919076843917872,0.012317126822594589,500
9,shock_x_occ4,-0.0010698207337788946,0.003217614776275067,0.0034456360551702587,-0.00778065454077443,0.00619836604636607,-0.006173603953032204,0.005034468837390663,-0.004185881176805689,0.002293664548735213,500
9,shock_x_occ5,0.003465789486927005,0.003605543119177257,0.003825779462677428,-0.0029989382801502286,0.011707398681944692,-0.0019954895959132775,0.010486000012652779,7.11638879859312e-5,0.007413022244407307,500
9,shock_x_occ6,0.0010511799774760339,0.0046602559675362415,0.0051731775536640765,-0.008148819962237755,0.011095933483462935,-0.006590578038940258,0.009667881224993914,-0.00385682976577851,0.006592264442795251,500
9,shock_x_occ7,0.002682924670247019,0.006242416743106219,0.006600365899029809,-0.010090977430463348,0.015238362256598446,-0.008035193324113959,0.01325663486662386,-0.003418408816766119,0.00952577799925505,500
9,shock_x_occ8,-0.0030792647679451996,0.0043652959264192295,0.004538490592133051,-0.011258428011086046,0.006459818192224643,-0.009821625879995513,0.004119354889431481,-0.0074419032507051334,0.0014173919097832184,500
9,shock_x_occ9,-0.004113841013170003,0.004227369108077969,0.004407411833178961,-0.013197898532735671,0.004406496342008737,-0.011766895536581572,0.00273845586605521,-0.008577608508750074,0.00010385595550636667,500
9,shock_lag1,0.0038188297467944016,0.0032033000456227617,0.0032718308317988315,-0.0026357638383110635,0.01027643997560945,-0.0013697005213812363,0.009269721708257728,0.00046799655787900236,0.0068257217112581495,500
9,shock_lag2,0.0010371039494825442,0.003075795131780599,0.0033640150590609503,-0.004872595018100907,0.008960207547356599,-0.003949989087927854,0.006962422321401036,-0.0019915814137314606,0.004255198541449346,500
9,shock_lag3,-0.0027508901931570786,0.0030891627859595703,0.003273264102706701,-0.009434568593687026,0.0038210406733200407,-0.008294214097652495,0.002708792589548999,-0.005790584015630873,0.00046976850738028445,500
9,shock_lag4,0.0004821114166584319,0.002456567422281705,0.0027339932844066893,-0.004616547472708458,0.005939324398723593,-0.003805720027563597,0.004970154761398061,-0.0023444118888197142,0.0030934988888983955,500
9,shock_lag5,0.0015930600107488377,0.002296855297489896,0.0024713462233967053,-0.0032528763845453964,0.006193654826105351,-0.0025502841648392814,0.005476166522169788,-0.001143832105832194,0.00392105246124036,500
9,shock_lag6,0.001059357950852167,0.00252502609951081,0.00262037428251517,-0.004613975706030418,0.005745810901360081,-0.003462794646739621,0.0049039037600880075,-0.0015798849852570233,0.003614606624510629,500
9,shock_lag7,-0.00027108428315093683,0.0024612666174589045,0.0024628995905516126,-0.004914900851748302,0.004570321455126452,-0.004240182060922802,0.003627748514076384,-0.0026456775197425428,0.0022170720753230217,500
9,shock_lag8,0.002468380094461455,0.003140802767079515,0.0032897645603433426,-0.003411360524413696,0.009337207856361971,-0.002264333035554792,0.008452082173777627,-0.0003854959576100384,0.005781175311055894,500
9,shock_lag9,0.001014279582982263,0.00264925956353319,0.0029254514848908925,-0.0042288611747672965,0.006919096151155997,-0.00358546987036113,0.006047807342443096,-0.0011881870110022278,0.004246237805599065,500
9,shock_lag10,-0.0009415519053149324,0.002401258876362707,0.002686154757284559,-0.006920620168791657,0.0037841096721393103,-0.0053003857799365905,0.0032047330969053045,-0.003507274626907697,0.001730746164697075,500
9,shock_lag11,-0.001875312948820269,0.0022489839044498197,0.0024093840782008664,-0.006833633215012826,0.002820790699941636,-0.005962982835791458,0.0022898849675157497,-0.004115645329344785,0.0004326443931490414,500
9,shock_lag12,-0.0031556027858796,0.0021454709472189582,0.002259979911002587,-0.007711417666107311,0.0010424379175585025,-0.0068739303008613604,0.000507011440724878,-0.005233466801182913,-0.0006760819755016557,500
9,log_oil_lag1,-0.017596784267354827,0.004848364979614187,0.004740234812675936,-0.026533539611044706,-0.00790653582606632,-0.025257625284721235,-0.009568623995578835,-0.022252129119546386,-0.012942161630461848,500
9,ffr_lag1,0.0006775672445779669,0.0012075475573212339,0.0011944774020250905,-0.0017178576719599674,0.0029309763640220374,-0.0013038957239628552,0.002676770381189947,-0.0004621230676974088,0.0018885964165373586,500
9,log_rincome,-0.09278437692826381,0.14566760706626658,0.15687906381650446,-0.39474631702053736,0.22405004283527452,-0.34721298546523666,0.16124230913612128,-0.22003665669989533,0.07674951897206705,500
9,log_rwage,0.08587857211560472,0.15682503288381078,0.16615844146028563,-0.26133670638172113,0.3926668674105524,-0.21142054729849122,0.3379021340716483,-0.09628958916003454,0.22770132351276484,500
9,age_mean,0.004381811242581728,0.0025468378548137334,0.002376504375704161,-0.0004943742464896303,0.008859629063067614,0.0002998104941203709,0.00839783924577924,0.002317825640532786,0.006925584307329235,500
9,female_share,-0.04407946799453053,0.04232552756835708,0.040422273204562514,-0.11418338658048113,0.03313708579041058,-0.10726865024905892,0.02051447879978645,-0.08198778468798569,0.0016553808046883048,500
9,married_share,-0.004928082865913967,0.07379287952884736,0.07120084885127012,-0.1158177482896283,0.1520799932232609,-0.10035576463403488,0.12817531596769005,-0.06335734185817876,0.07839492247497656,500
9,hours_mean,0.00163500294262802,0.0047692192516911045,0.005087192499655536,-0.008659152104534662,0.011295378887334395,-0.00724075158704127,0.009472795666290664,-0.0039015471526012754,0.0062142618915318635,500
9,unemp_rate,0.45738323394139163,0.12985424028725398,0.13070649627682393,0.26479375622534984,0.786893030230855,0.2946180559474832,0.7306006960367741,0.3678424638092552,0.6203032776588897,500
10,intercept,-1.939596502796645e-8,0.0026321276181763896,0.002230688872280017,-0.004072945074755735,0.004101733546448326,-0.003459647050224935,0.0035878933245624503,-0.0020667331414655253,0.0024555666508206155,500
10,shock,-0.004153651635804813,0.0033398892107975196,0.003644197143184482,-0.011264775256294221,0.002954265934323701,-0.009959271943720475,0.002077852101788086,-0.007684249703060536,-0.0005380734560539884,500
10,shock_x_occ2,0.005796449793369071,0.0035151138276336307,0.0036667008040089165,-0.0007441651258743183,0.013239460484251425,0.00019581124172593747,0.01222133942799748,0.0021422821957252573,0.009466741780251808,500
10,shock_x_occ3,0.006163672642200534,0.004099030038543264,0.00450630095196116,-0.0014356924930067684,0.015494320571749699,-0.000756318828641977,0.0140414991019815,0.001925025373812788,0.010971694004516943,500
10,shock_x_occ4,0.0010387717658563384,0.003084903783311395,0.003256188709602922,-0.004892785503577545,0.007058873008812738,-0.00410896797097849,0.006312265060995383,-0.002335759198251551,0.0044168062121087885,500
10,shock_x_occ5,0.0037255755822324472,0.0034890781044216107,0.0034082410767403127,-0.002516552589984682,0.010822943616536788,-0.0015900054842742342,0.009619305123174883,0.00016033367366366622,0.006987843174609638,500
10,shock_x_occ6,0.004519493349238387,0.004598789896376528,0.00475857310395867,-0.005073117285464166,0.013475805556709498,-0.0032375426070743764,0.012771527836331037,-0.0002386763241923185,0.009598746748260972,500
10,shock_x_occ7,0.00481242696257684,0.005578148474052896,0.005594479974221288,-0.006748920899239997,0.015603535581698781,-0.0046483009460848174,0.013749717611330679,-0.0004156649279563727,0.010429569896240084,500
10,shock_x_occ8,-0.0015668340773166928,0.004379449709494005,0.004141176616411151,-0.009496612667549847,0.006865084838961885,-0.007974119677514626,0.005580875568216888,-0.005581688989758469,0.0027346954737611302,500
10,shock_x_occ9,-0.0025026210641725887,0.004344258388984699,0.004494961120819366,-0.011548117861436037,0.005734559049345896,-0.01017519419709539,0.00459037912397253,-0.006882468357019661,0.0017245265073686758,500
10,shock_lag1,0.004397517325049897,0.0034571390156882347,0.0035743479679220683,-0.002389062581347326,0.011340444887582256,-0.0014861535736978542,0.010179515068874542,0.0007651777900379902,0.007862841749679685,500
10,shock_lag2,-0.0004786551197659061,0.0028560838594419297,0.003073114163026695,-0.0061997357493404365,0.005470832403336545,-0.005326470276941924,0.004739597376028725,-0.00349372741941554,0.0028703037411669644,500
10,shock_lag3,-0.0009554048787313153,0.0028675336827335657,0.0030532331914376624,-0.006550583096749182,0.004622180401337241,-0.005939743628761969,0.003781125590117418,-0.004103720326522509,0.0020754357616203853,500
10,shock_lag4,0.001079925798900013,0.0023762295074609037,0.002601615752703763,-0.004365976529022168,0.006013910197824886,-0.0029499640915332617,0.005412486915265238,-0.001384977082500905,0.0038772767321627066,500
10,shock_lag5,0.001078946071265742,0.0023338307256155735,0.0024132676654028567,-0.003973488011950367,0.005584809642386439,-0.003431504995588942,0.004783078320356207,-0.0014479383611473164,0.0032902060616642305,500
10,shock_lag6,0.0008271011690920986,0.002333654276948554,0.0024001218887564307,-0.004021208995078598,0.005424779581222229,-0.003128629947716632,0.004369755443632905,-0.001660850503392536,0.0030440794364306285,500
10,shock_lag7,0.0013314051362555643,0.002904730308453135,0.0031819835293456487,-0.004611976170494095,0.00834856792374802,-0.003375832172117718,0.006726824148791394,-0.001494379250769374,0.004806509190553214,500
10,shock_lag8,0.001047687514070304,0.002710363839259778,0.002708968918893328,-0.003447325359124747,0.007127980699484569,-0.0027309909200274544,0.006244176406078335,-0.001422436505322979,0.00397104915743844,500
10,shock_lag9,-0.001401289347913236,0.002481658282159313,0.0025810534934707034,-0.006352971239278006,0.003342493078879117,-0.0056646258241913735,0.002518955086315959,-0.004000617035721216,0.001137201102944296,500
10,shock_lag10,-0.0005499506285502257,0.0022066050455983306,0.002404233999151616,-0.005498822085319679,0.0040906636696207005,-0.004757653706375701,0.0034384058339069616,-0.0029286917925934516,0.0016001061310398211,500
10,shock_lag11,-0.0019247970409312222,0.0020749657842684547,0.002269266836765844,-0.006647635025918074,0.002388527230162576,-0.005804549868849994,0.0014697820126895768,-0.004091155494289651,0.0001276191387236091,500
10,shock_lag12,-0.001842786871833318,0.0017453425454279803,0.0020147544446056428,-0.005975798827100736,0.0019255620839536292,-0.005285319691729933,0.001451113801968288,-0.0038164648982053065,6.101954865388031e-5,500
10,log_oil_lag1,-0.017671894994956003,0.00533178484786788,0.004867266328232513,-0.026005118607570567,-0.00733970460117158,-0.024662766893719105,-0.00852988767521355,-0.022026794083229412,-0.01218989143403468,500
10,ffr_lag1,-0.001073590183838292,0.0012909241690928414,0.0011814303167852443,-0.003631569864929127,0.0010917764200802735,-0.0032117833733218506,0.0006270627930255016,-0.0022181131839105316,3.6659727227837603e-5,500
10,log_rincome,-0.16657285283556517,0.17231052768675686,0.17491022335632836,-0.5039124273508637,0.161483361236509,-0.44573997121026754,0.13499205343718476,-0.3352907140789008,0.012952431332167256,500
10,log_rwage,0.1260321554520656,0.17497170649765945,0.17775537367884658,-0.22511611708117452,0.4580893057343679,-0.17367147019785956,0.4166111278659247,-0.06890974483762648,0.2998052188429132,500
10,age_mean,0.003108615619128053,0.002455518595446698,0.0021782429402639253,-0.0013391464562490074,0.007338466424958251,-0.000586420598423884,0.006572126183312777,0.0008439050824833903,0.005147674345253161,500
10,female_share,-0.0462121910987665,0.041159100934367754,0.03813790126019722,-0.11343723885098977,0.03415197062070185,-0.10748650649257907,0.021263424951049586,-0.07958004311517788,-0.007108339388872949,500
10,married_share,-0.01631569824642672,0.08192453825351526,0.07266905322388162,-0.13169981403163705,0.14435821760013665,-0.11898061866300239,0.12057456935658736,-0.08106879919005348,0.0647229004970666,500
10,hours_mean,0.007051632719617084,0.005220853346206945,0.005444344261608723,-0.0036396983300154297,0.017170736253587345,-0.001999038303569747,0.015791666296352275,0.0009901692395963447,0.01242250564442791,500
10,unemp_rate,0.3408005164771615,0.12952850984776512,0.12373395842856465,0.10083088578487984,0.5796461896361491,0.1376288394467332,0.54385129875696,0.2316374840698726,0.47484423141134036,500
11,intercept,-2.2543631794220878e-8,0.002673219328159436,0.002386817200523338,-0.004762152527031162,0.004366529099429703,-0.0040267435527508635,0.003743603618184254,-0.0022499222410210886,0.0023700820532138846,500
11,shock,-0.005540071496498904,0.0034552625302742327,0.003650034634314651,-0.012536138817110631,0.001683949420816509,-0.011465309753656987,0.000664605442997136,-0.008896460701180478,-0.0018753366294147202,500
11,shock_x_occ2,0.006248798640963712,0.0036564253475060053,0.003853095511089415,-0.000559227562708645,0.014382767231214903,0.00036347019639780065,0.012982678759985754,0.0023190743151528213,0.010206217373710604,500
11,shock_x_occ3,0.00961859002187971,0.004708378890773747,0.004807878408732836,0.001103010016197728,0.020086099342836006,0.002260753735099179,0.017618236847464337,0.005242370868976358,0.014378005131242218,500
11,shock_x_occ4,0.0008035457271247447,0.003196178755988821,0.0032421671797117323,-0.005221551369532206,0.007435184498644753,-0.004338523629453893,0.006258600329286802,-0.002475792080495413,0.004201362088204432,500
11,shock_x_occ5,0.007151013113903713,0.003589510218106454,0.0036999880603075515,0.0005872623635934905,0.015052453437337222,0.0013978694743169006,0.013362573355890358,0.0034073058200275756,0.01087507741885719,500
11,shock_x_occ6,0.006986379420096235,0.005128214608508786,0.005412066541532108,-0.0035997830149094925,0.01811969808805697,-0.001309186666472976,0.015534706997725668,0.0019361659039328052,0.012743260568569349,500
11,shock_x_occ7,0.007737327911291457,0.004718167613325416,0.004956105087087926,-0.0014027705049871925,0.016779473328364797,-0.00016310245828239035,0.015571780321603385,0.002618019328814634,0.013015927988576098,500
11,shock_x_occ8,0.0036252173540927335,0.004291620220596684,0.0043669875857987525,-0.004568593236930964,0.012060723392273428,-0.002905393269372817,0.010842752963818831,-0.0006588922846365014,0.008172344799794649,500
11,shock_x_occ9,-0.0002928529893042252,0.004430344837708296,0.004518129527593716,-0.009853802906851745,0.007801860234483277,-0.008151206684543706,0.0066760298478513395,-0.004921232921354405,0.0038628515879500025,500
11,shock_lag1,0.0028599037855530957,0.003341646254393791,0.003568200760515513,-0.003667827292678715,0.010160581948334465,-0.002959889464500607,0.00864435422764768,-0.0010776169617644363,0.0059899503355416465,500
11,shock_lag2,0.0009636858786824603,0.002691384318685226,0.0029502033387859856,-0.004397741348986498,0.006469496919513405,-0.003706463268341781,0.005969622429771542,-0.00207812599893099,0.0039841931643017975,500
11,shock_lag3,-0.0005443167347277958,0.002937544936247798,0.003199595826817352,-0.0070751086342569405,0.0055954966219365606,-0.005908565193616468,0.0045397294266450155,-0.004083872574310833,0.002351467075196307,500
11,shock_lag4,0.00015752114221133089,0.0024663313879516786,0.002702480911271334,-0.005349281721562437,0.005289223891569401,-0.004444313046110058,0.0044607353642198404,-0.0023304685609180963,0.002782768967790378,500
11,shock_lag5,0.0007043030338431315,0.0022075211413007897,0.002378141218135008,-0.0035260459840209674,0.005464594921712808,-0.0030636979475772027,0.004763743290532874,-0.001723686918286333,0.0030186798876177833,500
11,shock_lag6,0.0020859039613790485,0.0028863412954256784,0.0028225667796001144,-0.0033292367396298536,0.007526818788068995,-0.0026112918177960956,0.006784885523581373,-0.0006226604239398354,0.005034185877709722,500
11,shock_lag7,-0.00022235996836626604,0.002530209275866426,0.00275149416919577,-0.005355154109459264,0.005189668645655482,-0.004521572414996316,0.0046294284847818645,-0.0027206617844568065,0.002564161351608525,500
11,shock_lag8,-0.0015135334936769791,0.002615488743969806,0.0028232543674133817,-0.006903462357467815,0.004204035234331924,-0.005729185739085119,0.0033523412792198994,-0.003814622833623758,0.0014929216037429087,500
11,shock_lag9,-0.0010909896178709158,0.0023444451214060095,0.0024582509231344815,-0.005399143066177768,0.0042965571506915195,-0.004608596735504583,0.0030596351536473637,-0.00326606966078871,0.0015689592180837912,500
11,shock_lag10,-0.0007222579840329995,0.0021597658566086084,0.0022042498268404057,-0.005212293561330269,0.00357090939090385,-0.0043575635071961055,0.002913500913456498,-0.002633994886570764,0.0015695792616347965,500
11,shock_lag11,-0.0008266749787150384,0.0016883317220367905,0.0019693985620873847,-0.004416336230991847,0.0034141989644393654,-0.003661213385468193,0.0027003233400122568,-0.0025302490573211977,0.0011909852755367107,500
11,shock_lag12,-0.002976259823972903,0.0019670996171886803,0.002124299727839163,-0.0072046424954889145,0.0010417442226317774,-0.006461842525527036,0.0005119323378314184,-0.004921891645404899,-0.0007278655484103333,500
11,log_oil_lag1,-0.017390731170839963,0.006015383205471052,0.005623107657779048,-0.02657359996843079,-0.0052427218515316626,-0.025471806576015547,-0.0070431646627460215,-0.02238659901001847,-0.010965300986569615,500
11,ffr_lag1,-0.0029663591092307096,0.001410479257656362,0.0012176973655753532,-0.005407940636470348,-0.0008441274779089633,-0.0052518303301824385,-0.001127294272656185,-0.0043315309295913085,-0.0019372844819655162,500
11,log_rincome,-0.13244118468295485,0.1694909977194068,0.1611379955952374,-0.47625955355914573,0.1752499245618485,-0.41100749309955664,0.15267012476685826,-0.30071522750819124,0.02248091759985309,500
11,log_rwage,0.05691974470393066,0.1717985856240105,0.16080603931129106,-0.24645038044892542,0.3732505053820344,-0.21585168825064108,0.33676791606327333,-0.10565813072937572,0.21294119378411014,500
11,age_mean,0.0013296673046585738,0.0025814251404420877,0.0022504556668231047,-0.003271841559350763,0.005328781772055289,-0.0024829466266075607,0.004714394548577886,-0.0009336597324475174,0.0035847445297413206,500
11,female_share,-0.04795007487825705,0.04474842557225409,0.039840930487468486,-0.1290026100190238,0.028750122326600472,-0.11347567100981215,0.02055167699810114,-0.08743086959647953,-0.010720029355247093,500
11,married_share,-0.016469383651769483,0.08470827143857863,0.07610974365303455,-0.13412516044472236,0.16383639676073025,-0.11117776019865397,0.13539708975417294,-0.07190787581460442,0.07963457034231397,500
11,hours_mean,0.009702822815753144,0.005163124703347513,0.004907684635854353,1.649787560490358e-6,0.019833591722111847,0.0015068472795949698,0.017463437275042428,0.005173784980062025,0.014486349870737051,500
11,unemp_rate,0.2547240263899015,0.13745495279861855,0.1345102166870241,-0.010324696488450354,0.4933678616723257,0.026671235416609564,0.45669086028796446,0.10259671283341447,0.379821020939179,500
12,intercept,-3.0654488610689104e-8,0.0027814753696778563,0.00236181663510433,-0.004733507807986257,0.004424723082009172,-0.003875572931385668,0.003992238225970813,-0.002187877845131585,0.0023194386450610277,500
12,shock,-0.005853777136347221,0.003817355203619008,0.004032867137494134,-0.013664879623905949,0.0017140081843575845,-0.012223175573563073,0.000990307465169255,-0.009797481219015991,-0.0015868080889755796,500
12,shock_x_occ2,0.005023889563147548,0.004279925069367134,0.0046084436359135296,-0.00333544342158113,0.014674268227163199,-0.002351622598174638,0.013122002283496765,0.0005688867574765652,0.00945458794043524,500
12,shock_x_occ3,0.006240566394202861,0.0049738672442476055,0.005059306737985983,-0.0036185460148492462,0.015836218471655568,-0.0017585532218777065,0.014343820029318145,0.0011807150670562565,0.01168270297978918,500
12,shock_x_occ4,-0.0011014435808550814,0.0032616878606803595,0.003544477590152989,-0.007459971648814333,0.006324702855164727,-0.006301970945258585,0.005158296797939678,-0.00446916254421713,0.0026779216217295483,500
12,shock_x_occ5,0.005105464353874061,0.0036120298039446644,0.003977949865259304,-0.0022692174051659195,0.013942693848614986,-0.0009619842761696219,0.01211055492169585,0.0012102715369827612,0.008932020511396094,500
12,shock_x_occ6,0.005266766144126351,0.004974674088286745,0.005526984223409644,-0.004274008653533432,0.016800192219146443,-0.002989636482671552,0.01465253654882019,4.9193515678634825e-5,0.01141144331986322,500
12,shock_x_occ7,0.006832688638427315,0.0055564770231838045,0.0053382443802998695,-0.003468733969134453,0.01670187124090681,-0.0019639475062719716,0.014994312649418973,0.0013767055085177518,0.01245268538046745,500
12,shock_x_occ8,0.005299588884558056,0.003976165173542029,0.004308262622358459,-0.002405196743181272,0.013941302372578011,-0.0018680682306846605,0.012261548792270432,0.0013151415858900298,0.009624590241840064,500
12,shock_x_occ9,-0.0002599949518432576,0.0048086364299485115,0.004353400734118312,-0.008521747470268244,0.007865514798991991,-0.007479326856478891,0.006850328759444964,-0.0047243418895999605,0.0040622146475412565,500
12,shock_lag1,0.004294183941257411,0.003213389688622527,0.0035256560255889787,-0.002386912644793566,0.011653452529147157,-0.0013886735687102534,0.009931407186044431,0.0007357687175206637,0.007857851417827544,500
12,shock_lag2,0.0012304586000413229,0.002926283934502914,0.0032215215384710613,-0.004739732389437243,0.007645642673008959,-0.0039652928773660934,0.0064382015320196846,-0.0020274691467217203,0.004177711578834892,500
12,shock_lag3,-0.0013352868181633099,0.0031337425849275427,0.0032888212265750143,-0.007839384318083068,0.004802373207411932,-0.006748871092246567,0.0038843327866701955,-0.004815268921441145,0.0017600234061893464,500
12,shock_lag4,-0.0004218034151429407,0.0025053482509938096,0.002595968939247176,-0.005605999659472782,0.004471802839073525,-0.004624800602996295,0.0036862688975221164,-0.003127686536910237,0.0020567880524010916,500
12,shock_lag5,0.0018670825941918996,0.002763895134587183,0.0029620863519356747,-0.004104575828204829,0.007115878060469878,-0.002992425247310765,0.006488932855047017,-0.0011163585508924513,0.004625031625547393,500
12,shock_lag6,0.00024405517642560383,0.0026560613157772927,0.002808062640056033,-0.005160448051163034,0.005517673343662637,-0.004539450836168296,0.0047359897102834435,-0.0024333410415257727,0.0028413827996942704,500
12,shock_lag7,-0.0031494191251986835,0.0026137341448142335,0.0030124781522613444,-0.008949450433093302,0.002349904951963716,-0.008084427422312775,0.001534836303518855,-0.006238920900875293,6.468904533190242e-5,500
12,shock_lag8,-0.0014414348423778488,0.0026934056671939015,0.0028163866097537784,-0.00652683702617188,0.003978183773299935,-0.005835396246700854,0.003236050820201654,-0.004049617286004173,0.0012464891443188634,500
12,shock_lag9,-0.0015295750199170253,0.0024582150720562795,0.0026696395840005074,-0.006726581589511208,0.0032670713161388866,-0.00580384929617045,0.0027954715888102357,-0.0039876173968065925,0.0012106390825718204,500
12,shock_lag10,0.00022049801381016597,0.0019611294097312913,0.0022317165352291487,-0.0037526978661213423,0.004848708540208928,-0.0032814063182858497,0.004206669374872018,-0.0018326978413818946,0.0024499964618017265,500
12,shock_lag11,-0.0021303216042204503,0.00209478725584846,0.0023038691493723665,-0.006437614044051397,0.0021481708109010083,-0.005801519067297908,0.0016123916638230728,-0.0042522123908784615,0.0003621041967544148,500
12,shock_lag12,-0.0039984759163118186,0.002331935004335226,0.0024419211117863503,-0.008746464743612178,0.0006151924096487666,-0.007983971022717626,-4.915892829369752e-5,-0.00636110209145647,-0.0014353764958998801,500
12,log_oil_lag1,-0.01770844618753807,0.006954422914176107,0.006363410866475173,-0.02958588751753615,-0.004714765865162115,-0.027454223465103084,-0.00681623220000924,-0.02365489090713466,-0.011045436341452178,500
12,ffr_lag1,-0.004127988109553991,0.001613522921704254,0.0014921102348028103,-0.007444457605669719,-0.0014889342202783426,-0.0067539505418832795,-0.0018824726404569581,-0.005764664715487252,-0.0028989887702508825,500
12,log_rincome,-0.13266070782296616,0.1733329634075318,0.17090007840924992,-0.4592088878975098,0.17586705998288615,-0.4163167814859611,0.14738236599762408,-0.3104269356095409,0.02669848135320965,500
12,log_rwage,0.05052117332444732,0.18013712625783707,0.17385265419494048,-0.2723902745331894,0.38023400742694563,-0.22846762489097083,0.34045492212476985,-0.11767426122426623,0.2292189533664986,500
12,age_mean,0.00010866475981836285,0.0032155284771937897,0.0028268448128702674,-0.005583207090872766,0.005413279994779193,-0.00470388581296225,0.004717161013142078,-0.002416419389176568,0.0029760788609966547,500
12,female_share,-0.05946366751356563,0.047669415090341026,0.043321565734861116,-0.15254251775250807,0.01934677855442623,-0.12987914942508066,0.009487599022646955,-0.10459941608220111,-0.017958883791877916,500
12,married_share,0.00971235264897758,0.09188222525750116,0.07977230622715813,-0.11208731162006302,0.1835307655540847,-0.09281815756052898,0.16076897766719594,-0.055460475260076,0.10167696185534379,500
12,hours_mean,0.010208974325243248,0.005325454940207749,0.005237446135032699,-0.00038740995419336827,0.020995062611965327,0.0012378388481794735,0.018677589875220994,0.004980660767001324,0.015321379036773525,500
12,unemp_rate,0.2230069816902518,0.1497024722740906,0.13699258968507866,-0.03694785236731525,0.48605311530201567,-0.006636315488459171,0.43551057987868413,0.07165946793885092,0.3509933818478081,500
13,intercept,-3.321140888259784e-8,0.0029329991368925853,0.0026524712861261584,-0.005082681361163185,0.004657635750382725,-0.004404624010896894,0.004095111446945719,-0.002851850998946667,0.0027488726974773895,500
13,shock,-0.0059766206279329125,0.004118448961341136,0.004460931967163513,-0.014688699033573498,0.0024613312078619522,-0.01325454565444269,0.001314175841871949,-0.010405334096386432,-0.0015710558162720365,500
13,shock_x_occ2,0.004468459569457005,0.004837409983950213,0.004949031074211129,-0.004106570589175818,0.01529277614614416,-0.002906201500637939,0.0133449251250914,-7.202254462792526e-5,0.009602194537817844,500
13,shock_x_occ3,0.01080315818070871,0.0048776400977448495,0.0046338216055527735,0.0022865061419267505,0.020316754827423532,0.003549378452032554,0.018583141780587096,0.006538321485595131,0.016077095919505024,500
13,shock_x_occ4,-0.0019159830665156973,0.0032768304303769703,0.0037324078002539582,-0.008952059025640323,0.006589662324259027,-0.00796921686598489,0.004953872439410358,-0.0050448919750712105,0.002101920262228015,500
13,shock_x_occ5,0.005985084675797396,0.003868699756258005,0.004226049470511769,-0.0011591514900150192,0.015245879905207652,-0.00024854416734519793,0.01385223290432847,0.0021421051244029966,0.010503407047347929,500
13,shock_x_occ6,0.005738698976779048,0.005479877433999748,0.005858854098641499,-0.004535344342902849,0.018292663172039467,-0.0034730963331037652,0.01557215675303611,0.00036906709770706325,0.011577032801107872,500
13,shock_x_occ7,0.013531042153164185,0.006234763775362555,0.006370903552407069,0.0018780008784157224,0.02572322525254009,0.0032852496629508492,0.02413856936362835,0.00770051900648948,0.02058066291140305,500
13,shock_x_occ8,0.005672319382911933,0.0044195301101044035,0.004397848054125747,-0.002301032225082827,0.015523881998235754,-0.0012608164374478244,0.012930575914949506,0.0016261020266336336,0.010192587642098383,500
13,shock_x_occ9,0.0003948873021890178,0.005014003359566223,0.004963556847208471,-0.01020623940211431,0.009529481520762311,-0.007505875070033416,0.008002652860320897,-0.0044194699021041575,0.005545386103867158,500
13,shock_lag1,0.004807116562037387,0.003495279070389122,0.0036628171946759356,-0.001955444129289133,0.012168142872387815,-0.0011883594606997624,0.011087950792272162,0.0012243672472542237,0.008271269866842741,500
13,shock_lag2,0.0008196782871627469,0.003291053678000512,0.0034770409413489205,-0.006665522176409838,0.007189801966714482,-0.0053224124939527835,0.00633603009244479,-0.0024930534302986924,0.004519813272738632,500
13,shock_lag3,-0.001681064606102078,0.0032121027667702837,0.0031927413394248726,-0.007441737139403654,0.004369769125043476,-0.00662822014452256,0.0034916545304096765,-0.004607940190787042,0.0018367174711465106,500
13,shock_lag4,0.0009610479008971786,0.0030791781929733627,0.0034146583489683357,-0.005393203442891568,0.008590192747328168,-0.0044233522876714814,0.00683166923601037,-0.0020297969491769085,0.0044976496730053115,500
13,shock_lag5,5.662658889004558e-5,0.002529512322026985,0.0027603121913394196,-0.004762283401950007,0.0059507867856572905,-0.00407213567283038,0.004811919018447214,-0.0025714398114894017,0.0028637476208858165,500
13,shock_lag6,-0.002725129048075893,0.002838106952366268,0.002904685565649134,-0.008374556300254755,0.0029553293006294775,-0.00727220681023368,0.0022167277321973136,-0.005282454103856197,0.0005595360569229987,500
13,shock_lag7,-0.0030254705998717848,0.0027611646533672205,0.0028743146842007336,-0.008713927830113552,0.002549112152474917,-0.007738127889630545,0.0017958035014424762,-0.005420556834804628,-0.0001336392716346024,500
13,shock_lag8,-0.0018394196943239227,0.002856158737632226,0.0027966935574338324,-0.0076282856699301065,0.0036566566126890166,-0.0068847073199845114,0.0026331669199764485,-0.004522207752973151,0.0007386285940976198,500
13,shock_lag9,-0.0006010512954415813,0.002436392773192592,0.002560799696223356,-0.005851185420174716,0.004399479420546378,-0.005061975641122267,0.003685123228379447,-0.002977564724067671,0.002040765289786759,500
13,shock_lag10,-0.0011592190312149859,0.002379201449650381,0.002471268108712262,-0.0063357371087999406,0.0032112743640922816,-0.005391853905530534,0.002701925889437282,-0.0037143820598218476,0.0013531791011768314,500
13,shock_lag11,-0.003219453785831076,0.0024724519827053386,0.002637130921749146,-0.008706432043269954,0.0014496712579500585,-0.007613410831835928,0.0007987677353030887,-0.005911843423744741,-0.00043267018821250696,500
13,shock_lag12,-0.0023493211589154833,0.0022371462039389224,0.0024411258894915704,-0.0074109443239735095,0.0025724048106362065,-0.006426183114758265,0.0018407174672459175,-0.004530404695480045,0.0003001176577355974,500
13,log_oil_lag1,-0.01977143349243969,0.007456017612000903,0.006998297693834126,-0.030766151117370195,-0.005218406144816678,-0.029417933442434253,-0.007706202059564937,-0.026239622702675797,-0.011259845518073568,500
13,ffr_lag1,-0.004240584687492526,0.0017536006836188622,0.0016601741608742507,-0.00770046410555961,-0.001252263270968331,-0.0070035944025759,-0.0018297794476850252,-0.0058780627836444695,-0.0026323246486366224,500
13,log_rincome,-0.09604093445744379,0.1904958061562413,0.20334037730354396,-0.545557731502061,0.27474643699165147,-0.4369439603399684,0.21102637877742592,-0.30788401633194734,0.08099722730845638,500
13,log_rwage,0.016783091731300312,0.1988238714761681,0.20800498407147675,-0.3734817805093744,0.42447717024209364,-0.3124614594471881,0.38310429606076507,-0.17912701526494568,0.23162530664571984,500
13,age_mean,0.00024283203484627895,0.0035141414834273764,0.0030462777863606537,-0.006513094022687399,0.005956125290296056,-0.004824948357163233,0.005121630910356616,-0.002615338278482801,0.0033182952444438065,500
13,female_share,-0.047402796807999074,0.050493621353312736,0.04549386411631331,-0.1360844859049403,0.03477734682419145,-0.1181168594503825,0.024781569598796578,-0.09321113242323079,-0.0014657981876311681,500
13,married_share,0.016813241043294368,0.09384393859579072,0.08740879461404386,-0.12473789417847855,0.2282911629645329,-0.1051780705720617,0.17215366003671964,-0.05601481501132124,0.12010940196298445,500
13,hours_mean,0.00952835784024147,0.006139272158580629,0.006417761558980052,-0.00258708307421572,0.02233240830916922,-0.00029064387038035345,0.020089736065410778,0.0038754578763149665,0.016075249033850457,500
13,unemp_rate,0.30126557455156494,0.1491474961197494,0.14720063316621673,0.019187878446277753,0.6055370857201855,0.0511703761019687,0.5372652484760199,0.14178184089832951,0.42844384693040954,500
14,intercept,-3.562006274658571e-8,0.003097635793479163,0.002595306472888147,-0.004988736335314757,0.004882640723874019,-0.004207665566178262,0.004085663819261369,-0.002425214249143133,0.002908717007013453,500
14,shock,-0.006083400223814175,0.004310177163915686,0.004733236798462586,-0.01519270717074245,0.0026881117099830194,-0.013678188927289912,0.0013061180920460008,-0.01112239419789141,-0.0015096189036787836,500
14,shock_x_occ2,0.003684799781840155,0.00493755903813516,0.005244833743630229,-0.005961603789896429,0.014683942944167607,-0.003892455422209408,0.013380714702417022,-0.001071394458810696,0.009609612657605085,500
14,shock_x_occ3,0.012195372870596957,0.0047168196770510686,0.0050338123022384,0.003497451356807291,0.023006592115163944,0.004595613686759403,0.021018288039704333,0.00749074756860503,0.017967477309326955,500
14,shock_x_occ4,-0.0014225181653027415,0.0033057918777055647,0.003637395717893979,-0.008210593413928713,0.005835607955356743,-0.0073234626740312945,0.004894317690649349,-0.004666152737371762,0.0022713414828718,500
14,shock_x_occ5,0.0039056542206393568,0.004417989904484008,0.004849232396377941,-0.004937124983085663,0.014010961497278394,-0.00402376133297565,0.012443606362483654,-0.0004906825957427116,0.008729505430113395,500
14,shock_x_occ6,0.005976854557071931,0.005839838186906395,0.006044933510295268,-0.005301229738794577,0.018109292004807036,-0.003319426805170403,0.016667867429052893,0.0007562249465142974,0.01275056143743798,500
14,shock_x_occ7,0.012730703603860031,0.007383151021827283,0.007940492050187596,-0.0029727318113447294,0.02926259362043292,0.00014270770954016135,0.026011747531344682,0.00581929024924923,0.020954123595012336,500
14,shock_x_occ8,0.006732888208698243,0.00453516435887998,0.004749194823011934,-0.0029656354873034262,0.015249437429149597,-0.0011898852524688203,0.014128355939513365,0.002474505574474676,0.011862757488094905,500
14,shock_x_occ9,0.0008090675479942342,0.005243390063999756,0.00525504186637671,-0.010260534702032772,0.010489314535066999,-0.007673037437414588,0.008854548036790382,-0.004595462609320219,0.006108643566365564,500
14,shock_lag1,0.004331651057461284,0.0038443774763595243,0.004229354801076731,-0.004284671074957011,0.012138630028755377,-0.0030446675285218587,0.011039585849523744,8.909229975150016e-5,0.008214718637294059,500
14,shock_lag2,0.0006427767802618921,0.003177119045866486,0.0033908027398838222,-0.006154726098406334,0.0072673465634979385,-0.00502891812204462,0.0058782233712303174,-0.002814192212304092,0.003913774353657257,500
14,shock_lag3,0.00013605456315953648,0.00367028928210888,0.003905070078329924,-0.007319838493561378,0.008071020182360252,-0.006014832373359596,0.006936312561073879,-0.003332988905289227,0.0043239677922862485,500
14,shock_lag4,-0.0006066464659980043,0.0028447457902445934,0.0031943126266358495,-0.0065213485532022095,0.005743658513146199,-0.005258953106227584,0.005069179196525823,-0.003749989014466794,0.0026299372343176223,500
14,shock_lag5,-0.0027400266715235824,0.0028287189818889894,0.0031208134580918354,-0.008282776998870398,0.0035272667336635746,-0.007553326155585712,0.00255823451065093,-0.005630910229355699,0.0005943006261351092,500
14,shock_lag6,-0.0026598395146190503,0.0030218288284567627,0.0031621669493587337,-0.008804664399874453,0.0037356455003141682,-0.007628097791995355,0.00273639894726544,-0.0054633641742057515,0.0006475004449611337,500
14,shock_lag7,-0.003567356470347636,0.002895132531318636,0.003165400526077984,-0.010081092899083747,0.0025636430656232794,-0.008916761524302012,0.001982698409824426,-0.006402400729031687,-0.00019533708737694164,500
14,shock_lag8,-0.0010741804880454728,0.002871011411618105,0.002774746831882062,-0.006372207493170861,0.004860177181803271,-0.005179759004736206,0.0037862993052064572,-0.0034390417256666096,0.0019656018065749665,500
14,shock_lag9,-0.0020160618764866124,0.002803372031763963,0.002871998446905256,-0.0070389607102205685,0.0035233708396329054,-0.006554635012040356,0.002725206638000182,-0.004878332288140394,0.000938799629446377,500
14,shock_lag10,-0.0024143364758488993,0.002775595518037361,0.0029529719424537634,-0.008216845190001694,0.0031270064755013426,-0.007199993054538433,0.002410753077303467,-0.005037908830809621,0.0007660843210868995,500
14,shock_lag11,-0.00155904007475008,0.0024142259459549644,0.0028007802096061455,-0.007079369372860279,0.0035885093686699714,-0.006360163778304999,0.0029270255704845517,-0.00409138084314684,0.0014691709615800596,500
14,shock_lag12,-0.00018775009006046666,0.00239065839760325,0.002547283394767764,-0.005126889357198261,0.004783550239385105,-0.00422538496656872,0.004236778666698083,-0.002373179615674577,0.002581931446490573,500
14,log_oil_lag1,-0.02311319745581319,0.007777997504236964,0.007270453697659427,-0.037232948600117347,-0.009673427502190463,-0.03551868335848019,-0.011114749900734768,-0.03035802962736346,-0.01589431644888671,500
14,ffr_lag1,-0.003797514269510259,0.0018928287485430171,0.0017536859099333327,-0.007334597998066049,-0.0007804404364470741,-0.00680073540720849,-0.0010291417183044685,-0.005675999561694228,-0.002172847985555555,500
14,log_rincome,-0.12360631112832056,0.20623438575271003,0.2050731280718927,-0.5110206364775778,0.27451348013965815,-0.4355945186055278,0.21138285682808142,-0.3234151012707781,0.09604872126971026,500
14,log_rwage,0.04718553406100872,0.2226816967068123,0.21519882574605548,-0.38749956440260036,0.42977953086875287,-0.3189123689846843,0.3824122546865488,-0.1880468327965531,0.24062237004517795,500
14,age_mean,0.0017267156530457474,0.003704885701058514,0.003338089075318582,-0.004886722135575679,0.008520316894569838,-0.004366809615726629,0.006439949740990605,-0.0016127994838118376,0.004885737665199002,500
14,female_share,-0.07732029844188394,0.05624687844934787,0.05001817773667238,-0.17096211615145934,0.01566500502321595,-0.15560263975199934,0.003990036729658777,-0.1260540434892603,-0.02656847057311717,500
14,married_share,0.046850595267339645,0.09933728907088489,0.08552057649765082,-0.09752027217359788,0.231238032393548,-0.08499071975271294,0.20275489549184703,-0.030350427014604397,0.14420137274428324,500
14,hours_mean,0.00828757666079954,0.0068583120053578,0.006812691636934965,-0.006060779754255324,0.020664271989599955,-0.0034909101598664923,0.01856375495559086,0.0010992956005704932,0.014812684481428976,500
14,unemp_rate,0.4183660625967891,0.1521950429899601,0.14845909889114298,0.12686965209767584,0.6930835716168313,0.17507225869126203,0.6456500037810824,0.2563491828118723,0.5691093214936244,500
15,intercept,-2.1948048977506122e-8,0.003247194812147082,0.0027343118315710374,-0.005344776862426277,0.005444699282291882,-0.004520579257446731,0.004780008547928251,-0.0024152018253298406,0.0029331314010960516,500
15,shock,-0.00618244313934983,0.004427427360981478,0.004744528211780211,-0.0156539906593053,0.0024236549895392686,-0.01338318147616553,0.001168089960915911,-0.010989547971655477,-0.0012151865876473293,500
15,shock_x_occ2,0.00031822406168268005,0.004970213030485537,0.005310964798129156,-0.009766958464463037,0.011927770879639256,-0.007647486989744789,0.00918581157070302,-0.004278132936848873,0.005711055763724235,500
15,shock_x_occ3,0.010668779233823438,0.00459937574516134,0.004720654423554774,0.0017092474022496226,0.020022944993808314,0.003184829474805181,0.018475074617372002,0.006276713953354421,0.015885748393195558,500
15,shock_x_occ4,-0.0012831260958636572,0.00339627117404529,0.00391618344733175,-0.008958356727382712,0.00626837741909949,-0.00724909388763471,0.005370693075909012,-0.004546771101739932,0.0028576610437551675,500
15,shock_x_occ5,0.002512345229482486,0.0048173441095781255,0.005115803247356233,-0.006799687540082542,0.013065015641367445,-0.005781646980471268,0.011827915648528151,-0.002368359685603588,0.007794790291737376,500
15,shock_x_occ6,0.0040585724822679225,0.006044576869208897,0.006348713002711267,-0.008478952964247274,0.017558882607761627,-0.005823070901665188,0.015095774844411585,-0.0019210257903990971,0.010427103522258866,500
15,shock_x_occ7,0.011654578730617393,0.008087525140234666,0.008270116298533244,-0.004514950886467637,0.02764991777535871,-0.0013896279401827067,0.02499954311500236,0.0033215970369257428,0.019413276292322135,500
15,shock_x_occ8,0.004427073915367838,0.004642641215981933,0.0048905895350893815,-0.004447459259056353,0.014672599035995978,-0.0029508345835725894,0.012992476182491833,-0.000157359496477261,0.009501595064537441,500
15,shock_x_occ9,-1.5713754640886598e-5,0.005603628339497929,0.00568703223455592,-0.011212302707186025,0.009981101090587918,-0.009734397133764288,0.008878508461988746,-0.0060564590054422865,0.005685076827963031,500
15,shock_lag1,0.004098010689267287,0.0035664449294263035,0.003942065040166035,-0.003892836162575423,0.011741449665902213,-0.0026532109052792236,0.010254831657263933,8.119103704143561e-5,0.007865054783343164,500
15,shock_lag2,0.002762018598387793,0.0036221630338231585,0.003916705471934774,-0.004275627110814179,0.010142656104601503,-0.0035974126152079813,0.009157790963101067,-0.0012199921188473953,0.006598271241479905,500
15,shock_lag3,-0.0012960634020039096,0.0033428991097345945,0.0034380516228481746,-0.008570785252462656,0.005146074036301122,-0.006970317651578832,0.003950344554612397,-0.004689402588866492,0.002268030052527716,500
15,shock_lag4,-0.003481482352940698,0.0031569210862996537,0.003523477488131214,-0.010944036226837655,0.0032757897458967726,-0.009501080021060093,0.0021440553689589955,-0.006430622282637123,-1.0410768736654181e-5,500
15,shock_lag5,-0.0026664502490899604,0.003028708582956349,0.0030257115981915843,-0.008462576393967792,0.0029875464124535563,-0.007609437769702324,0.0021436295306613436,-0.0057818583496779905,0.00044879426451932097,500
15,shock_lag6,-0.0029565408051034467,0.0030781575130128446,0.002946399838774332,-0.009037870735887065,0.002995710525481177,-0.0077165359845518915,0.0018314822081703687,-0.005982930840370344,-5.674414266779311e-5,500
15,shock_lag7,-0.0029025680577456706,0.002900340899532633,0.002952439867852165,-0.008688733970944641,0.0029441397508068907,-0.007487662022768687,0.002389491791203393,-0.005351782184378361,0.00042966282080189177,500
15,shock_lag8,-0.002462705815292441,0.00310635094863607,0.003158288969999805,-0.008985658341846493,0.003116868077617273,-0.00786439503149933,0.0026972934304262076,-0.005446572836718043,0.0007972078382938732,500
15,shock_lag9,-0.0034701291528777905,0.003255689533185271,0.0033688395998788764,-0.010415082137067756,0.003219901526064939,-0.009036435345654173,0.0022707961589891646,-0.006380803809054423,0.00013384674873812607,500
15,shock_lag10,-0.0009106397823361396,0.002755218475206331,0.002668681708100569,-0.006008559249150877,0.004376308472843531,-0.005417623952717803,0.0035269557458917165,-0.003378136798862813,0.0017592617855597213,500
15,shock_lag11,0.0005948916707649953,0.0025793137346743146,0.0026311329439424047,-0.0048778982895517214,0.0055672695550976255,-0.003694218454903737,0.0048444719062082356,-0.001997292712874828,0.003143468611253996,500
15,shock_lag12,-0.0009394396820557138,0.0028606477706984803,0.002946168369975693,-0.00682669397598296,0.00471023090394645,-0.006063372312996273,0.003513965868284803,-0.003738999324312922,0.001872456451497927,500
15,log_oil_lag1,-0.027626253924673494,0.007749512025861953,0.00706443368613216,-0.039512789844199064,-0.012441154643924326,-0.03780652077124895,-0.014652847715273259,-0.033845598553046384,-0.02018746206367923,500
15,ffr_lag1,-0.0026739925606071497,0.0019243439065372856,0.001766119461605958,-0.006016491148726709,0.0008888359370007126,-0.005352745465015584,0.0003538387653205453,-0.004386113289653737,-0.0007480552267593645,500
15,log_rincome,0.06434311567002633,0.21254393328619686,0.22409087036293343,-0.3721734366610431,0.47398884105425343,-0.3214109280804211,0.40427908968766324,-0.18869876198588628,0.27732710951868045,500
15,log_rwage,-0.1352289909871959,0.23001903689221162,0.2372771685696737,-0.5705521826890017,0.3259383481571805,-0.5156632291866183,0.2720365521333209,-0.36149837866215734,0.12241136142568737,500
15,age_mean,0.0040774459624938735,0.0038417010134597102,0.003144806763751173,-0.0021948741795326373,0.010105001987552972,-0.0007178322609856374,0.009093223489911246,0.000976404947202317,0.007323833440290447,500
15,female_share,-0.09519703910529634,0.05496860133914464,0.049818359219912206,-0.19415600716258774,0.006637637298784555,-0.17555100794729506,-0.009869860425945783,-0.14296690275394658,-0.043560978476116514,500
15,married_share,0.06961816907705495,0.09886349184132018,0.08596408938342286,-0.07332606814718498,0.26046215118613397,-0.05097491142839302,0.22887221088400536,0.0004665718453558534,0.1644664275123357,500
15,hours_mean,0.0004455092395402083,0.00724081640601815,0.00748988700376672,-0.013230791405551057,0.014868553822643162,-0.010985756451959133,0.013063943279536082,-0.006869759278996299,0.008495842915583047,500
15,unemp_rate,0.5848401908233936,0.15197484038840825,0.14257246739543392,0.29261533050512567,0.8848568180023886,0.3519220656979389,0.8272802643285485,0.44240480489603384,0.72162383729553,500
16,intercept,-1.556434544150039e-8,0.0033622309533943903,0.002898336334665127,-0.00514570149366398,0.006154255840591564,-0.004427993048100406,0.004983436159249341,-0.002492758567994609,0.003213379156016047,500
16,shock,-0.007379507842625623,0.004441811260589932,0.005130524718531655,-0.01733949953774365,0.002301361746530085,-0.015881126229752438,0.0003783517804465063,-0.012782307018050922,-0.0024132162680312696,500
16,shock_x_occ2,0.0023342391946921262,0.004799949435193615,0.005458576063550381,-0.007414531497043729,0.014820543903213114,-0.005909537303109506,0.012216058801442622,-0.0017564124231378886,0.008109907042915617,500
16,shock_x_occ3,0.011318967490817526,0.004267933325169393,0.004481455616555874,0.0037230578148466963,0.02200356121507758,0.0047433155154489775,0.01977460980444615,0.007528741654114482,0.01609615002840906,500
16,shock_x_occ4,-0.0010374949388931934,0.003580800995472753,0.004140504939451842,-0.008251391886357146,0.007219805913840631,-0.007413874368797549,0.006258860073579904,-0.004594926865442664,0.003594441556979597,500
16,shock_x_occ5,0.0018710682908920926,0.005000601968561627,0.005383004472184297,-0.007749230551015085,0.013510538851034313,-0.0062018902956153315,0.011100166820576143,-0.0032111981369431744,0.007608099317140541,500
16,shock_x_occ6,0.0034524945420271566,0.006294235468325589,0.007007572236255991,-0.007930447127126148,0.019563135025047192,-0.005917756844260869,0.01709946132258089,-0.001989052508861262,0.011737403697087794,500
16,shock_x_occ7,0.010535017311108102,0.008784704909133266,0.009527864241920075,-0.009477173356562719,0.027660128825433915,-0.00581045757887679,0.025764046156183194,0.0011763581407779724,0.01982274757535446,500
16,shock_x_occ8,0.00450942690911423,0.004818307027712213,0.00513400970325282,-0.004705923568061548,0.015589593702727774,-0.003596646102469088,0.013564060572698145,-0.00025208923233963873,0.009908863257209705,500
16,shock_x_occ9,-0.0002410113824745543,0.00553656175849989,0.005884836380358838,-0.012061512620650812,0.010036107597794407,-0.010903913619747073,0.009019089089254188,-0.006887568473006081,0.005419375771986488,500
16,shock_lag1,0.005975590030061124,0.0038725381967242936,0.004320385246885417,-0.002039225089020783,0.014186095262896686,-0.000917485027603202,0.01309493921743523,0.001403934521180439,0.010257070664161334,500
16,shock_lag2,0.0016127446771810557,0.0032457536326982546,0.0033721234426474433,-0.004801425276599317,0.008260556002704412,-0.0037115512161916375,0.007207177546065387,-0.0015515696689198848,0.005227133698812754,500
16,shock_lag3,-0.004028958922351719,0.0036524009870690754,0.003995602904330337,-0.010988804153584941,0.004032619602596179,-0.010034317472327301,0.0030352202308738343,-0.007419874151961556,0.00019533242648551332,500
16,shock_lag4,-0.0033067797055014885,0.003372661733232462,0.003559137129154723,-0.010155040875514597,0.004084709097115542,-0.009024558213716458,0.0025761942825800886,-0.00662315512507131,0.00030304898164217265,500
16,shock_lag5,-0.0030971161096521684,0.003113900294727923,0.0034072105959368306,-0.009086859958666482,0.0035574592929991586,-0.008202551964432247,0.0026126649996897513,-0.006380694664075605,0.0003375001862910258,500
16,shock_lag6,-0.001982610226768094,0.0030722265633518027,0.0031722186870951855,-0.007877749105951235,0.0040807775010770885,-0.006830044631653114,0.0035195040988952923,-0.0049960506212155965,0.0012397907587484258,500
16,shock_lag7,-0.004309578972325067,0.0031347155025235832,0.003432349236721738,-0.011048728015677491,0.002151641758272982,-0.009590841781412295,0.001428311669836407,-0.007387810699213398,-0.0008855237893524736,500
16,shock_lag8,-0.0038044857122613656,0.0034320080208270908,0.003514878559912568,-0.01107634459423347,0.002672406186532257,-0.010019683736234764,0.0017170090215898402,-0.007282773612539236,-0.00042485726365991503,500
16,shock_lag9,-0.002045798225088547,0.003289678000485917,0.0035344600837540897,-0.008965263767664315,0.00502430867655808,-0.007337395656799568,0.003698383115905947,-0.005313234935062245,0.0016873003251495107,500
16,shock_lag10,0.0011050092579945748,0.0028562286805927325,0.0030568941187498156,-0.005162160309331478,0.007016786615261594,-0.003959880612191768,0.006292992836633285,-0.0016498236327466827,0.004387789595460283,500
16,shock_lag11,2.3218916256182092e-5,0.0031424475440057745,0.0030931660281705974,-0.0058073020039550935,0.006077882646570164,-0.004971470010697594,0.005249194130569078,-0.0028859075364233494,0.0031539772814685456,500
16,shock_lag12,-0.0020802338903396634,0.0030040489147165434,0.003072181674987733,-0.008327061574929623,0.003774776861617337,-0.007214708647220268,0.0030741058091415465,-0.0048808391203846125,0.0009598760922967209,500
16,log_oil_lag1,-0.03150354927019325,0.0076862203706953795,0.007153197587295094,-0.044234778633041996,-0.016477325906252206,-0.04239689286194238,-0.018736373163992515,-0.03864772401990118,-0.02440107311627803,500
16,ffr_lag1,-0.0016015558531710591,0.0019255168999990269,0.00170266158760603,-0.004868658847453836,0.001632447910022892,-0.004330884186757716,0.0011908513477422683,-0.003335908697512541,0.00012831812441067405,500
16,log_rincome,0.17197155351110238,0.21811548535020017,0.21654274201504298,-0.23482014380079247,0.615345663021418,-0.17653674128428506,0.5543286187736876,-0.03723663946003048,0.40169591316093556,500
16,log_rwage,-0.23914637360360386,0.24213398971314035,0.23436434601966954,-0.7087824153208221,0.19447812843427364,-0.6378039093688223,0.14342899732458175,-0.49460279564557763,-0.015055113824227064,500
16,age_mean,0.005709838394486018,0.003919332824201792,0.0034649797459138346,-0.001048627446464976,0.01249229526255044,0.00036358621564207836,0.011635873685086815,0.002391864950079444,0.009179188303512279,500
16,female_share,-0.08738525959746739,0.0560445252839264,0.0497135269255805,-0.17151519850673966,0.0088884788428706,-0.1632142449923313,-0.0020748404109774536,-0.13258873411425254,-0.03100341932667603,500
16,married_share,0.05663961597374823,0.09258422115529345,0.08212078925829353,-0.08881944031365804,0.2332673997940502,-0.06549742619004077,0.20092070167921863,-0.01706748554736456,0.14366753641329977,500
16,hours_mean,-0.00397781768759392,0.00738160534984485,0.0072423438345863836,-0.01888503319318229,0.008960656710846577,-0.016439260358781183,0.007361561252890301,-0.011707610019144448,0.002623287809790838,500
16,unemp_rate,0.769672660990893,0.15645630871274027,0.14973688339758862,0.5021954858308608,1.0767406144376128,0.5334907323722219,1.0430222080996032,0.6333558717095527,0.9297538623180613,500
17,intercept,-2.909693073019513e-8,0.0034249713604243286,0.0030323609771913266,-0.005720606291688738,0.006217210184022961,-0.004357449436849251,0.005186438544778055,-0.002603800499851988,0.0033592101570594592,500
17,shock,-0.00568368220381995,0.0049692279717669565,0.004925170240184016,-0.015256902380382702,0.0035890555391019418,-0.01345480351838959,0.002151723961531586,-0.010667136235785062,-0.0004211630355980898,500
17,shock_x_occ2,0.0022202205850981307,0.004917206419460017,0.005250231636027894,-0.0066369609277575296,0.013646493899964661,-0.005616606307595666,0.011256289914370752,-0.00297847340977105,0.007853398722997776,500
17,shock_x_occ3,0.011913603446651553,0.005134804187983132,0.005176165295103522,0.0022067962804660215,0.02165899042151579,0.0034524999188939986,0.02051688842019434,0.0066484906595486925,0.017047092561543707,500
17,shock_x_occ4,-0.002482260508044873,0.004553836220239071,0.004955829400696817,-0.01149323504256997,0.008577167441428623,-0.009814343453480942,0.006535406203063943,-0.007143357443022278,0.0027345681492502542,500
17,shock_x_occ5,0.0014403332897925001,0.005167336755881705,0.005256878276463532,-0.008690626928502612,0.012310449071359367,-0.006634079691507211,0.010401828583403541,-0.003577703807174748,0.006648144084487101,500
17,shock_x_occ6,0.006085770592717071,0.007330441863308545,0.007745353275730368,-0.007687472199894825,0.023610785217117465,-0.005992310351979132,0.02053009636043824,-0.0008086230821607737,0.01379807058815102,500
17,shock_x_occ7,0.008825368101973872,0.00840466281702146,0.009564661094909869,-0.009387836752630989,0.02799036011973741,-0.006021107219967887,0.024891376151559976,-0.000655023147791125,0.018087009488624916,500
17,shock_x_occ8,0.0022544328130544755,0.00562295930789959,0.005489689272578494,-0.007927316677516588,0.012942086538368458,-0.006126565024780925,0.01137938290079813,-0.0029786436175746568,0.007858312633897113,500
17,shock_x_occ9,-0.002606043359809846,0.005428033181989941,0.005513607581245657,-0.014984238338906452,0.008065323727863295,-0.012169843695267262,0.005279280200763671,-0.008126208492773096,0.00231880099907932,500
17,shock_lag1,0.00453693156346587,0.003570705431227517,0.0038533906830888116,-0.0029180028049194066,0.012288862036379335,-0.0016398188095487073,0.011038183576928916,0.0007651214545933218,0.008402476795856557,500
17,shock_lag2,-0.0009198380275113684,0.0034078356984714917,0.0037665824462243887,-0.007968135185769089,0.0066994688723167675,-0.007085363162221821,0.005555211160277843,-0.004378286528506605,0.003126056522292008,500
17,shock_lag3,-0.003589753901470566,0.0038274099118052736,0.0038433734847958105,-0.010982404266291905,0.004153249353481634,-0.009767012181378999,0.0025406262614726676,-0.0073793552962401875,0.00028185509654549015,500
17,shock_lag4,-0.003478254702039873,0.003383824033931383,0.003495796707557301,-0.010310378355211678,0.0034099656181517356,-0.00911423483841092,0.0022504601467100006,-0.0070716053008589,-3.7479490279357434e-5,500
17,shock_lag5,-0.0020976493250790687,0.003084434220251078,0.0033122718495115343,-0.008595094648778449,0.00438634542510223,-0.0075857889779156655,0.0033125176126367383,-0.0055314262496348405,0.0009961493624034727,500
17,shock_lag6,-0.003120591561035827,0.0032223127028449304,0.003516826672152681,-0.010849031594446893,0.0034254300072781613,-0.009071257624378522,0.002577548948053872,-0.006785946562558027,1.139284299177038e-5,500
17,shock_lag7,-0.005635177902304734,0.003465885107035923,0.003636447939005626,-0.012849421465903236,0.0011027182635570596,-0.01191654073074439,-8.388343845989712e-5,-0.009418457659621906,-0.002241153598568325,500
17,shock_lag8,-0.0023142872485489192,0.0033632140902240476,0.003556507219958939,-0.009468858805626784,0.0039119572104901424,-0.00832984630733913,0.0031735323660394238,-0.0058148292410181174,0.0013388044733738114,500
17,shock_lag9,-6.618372837762158e-5,0.003277896919166426,0.003557097259006504,-0.006889811085561847,0.006580433546522371,-0.006174286508543335,0.005815850442787083,-0.0035298713957806556,0.0035998091622866987,500
17,shock_lag10,0.0005102454230597359,0.003339600547903018,0.0034850221346316174,-0.006708767361042369,0.006901340275765809,-0.005618078572835248,0.005831853123696627,-0.003312723016817047,0.003569298544427913,500
17,shock_lag11,-0.0009180195184935369,0.0033195076102676465,0.0034147371864309745,-0.008003015122757445,0.005388589958841098,-0.006765780785415618,0.004209581234658594,-0.004514518468704135,0.002236291133915637,500
17,shock_lag12,-0.0027503923283366655,0.003025147023068184,0.0030763606986829338,-0.008503021856980542,0.003205041721857525,-0.007818141970871587,0.0025906697259257625,-0.005916714651028965,0.00031623259131573916,500
17,log_oil_lag1,-0.03520427176392049,0.00782549734577851,0.007076046886775193,-0.049107315135214616,-0.020817384631940397,-0.04704384726981202,-0.02313739118750473,-0.04203104619866096,-0.027853945507398822,500
17,ffr_lag1,-0.0010023607124968,0.001916376519035643,0.0017263550578116682,-0.004246204168691912,0.0020457293732400773,-0.0038338728895282864,0.0016175012325347659,-0.002523301505854378,0.0007599281573240915,500
17,log_rincome,0.19567070183616828,0.21018990567311963,0.2275070595239454,-0.22028800841688007,0.6481551999771543,-0.1706214938863916,0.5611330748555902,-0.03593997610346762,0.43060512433256254,500
17,log_rwage,-0.258589344782262,0.2363690897494935,0.246106665408341,-0.7565102202026814,0.19385772561069725,-0.6555309779039997,0.13177155338750104,-0.5182484191330425,-0.009639515585382482,500
17,age_mean,0.007762526403898343,0.004074179437986934,0.003464059560452844,0.0006707533114056064,0.014326236901031133,0.0018183442207436269,0.013461752908337902,0.004177927692326517,0.011044537882156485,500
17,female_share,-0.08805517833701378,0.057417133649877425,0.053200405600395184,-0.18012455723893506,0.024506831412062766,-0.1703841299972528,0.0075627172290366595,-0.1305098396230686,-0.024343810375103546,500
17,married_share,0.08717272497524235,0.08963305403205506,0.0763725166924015,-0.05184017930544893,0.2515038138689373,-0.025089699982397004,0.22186046157710398,0.018655492683794784,0.17542438110766836,500
17,hours_mean,-0.006189416753744641,0.006981430388975868,0.007244281872288779,-0.021526033384568263,0.007662391553954193,-0.018114814435039036,0.005464168603373249,-0.013043033568517813,0.0013978554145111872,500
17,unemp_rate,0.8697579371930603,0.16630336334534562,0.15481447474296034,0.6093058155989781,1.2035222997785908,0.6532081950726749,1.166661730862042,0.7458425750917554,1.049581456897597,500
18,intercept,-2.2012333342961578e-8,0.003419500198750009,0.0030544190476278375,-0.005700093703891669,0.006274649642309631,-0.0047043792485646765,0.0052927976382759374,-0.002491781302655165,0.003250079333092646,500
18,shock,-0.007837896579891339,0.004949888981404078,0.005126016181394208,-0.0180681653445515,0.0016452283556587502,-0.016566196877684364,0.00022360009337988934,-0.013211370206165161,-0.002442249774383144,500
18,shock_x_occ2,0.004506793473208481,0.005029759502828857,0.005333313728238982,-0.0044709284617257174,0.015665711994113957,-0.003379557230927019,0.014095408977063247,-1.4258475273058976e-6,0.010481076610631563,500
18,shock_x_occ3,0.01234765024086665,0.005024220934205332,0.005085113975082596,0.002870346792060916,0.022818474640612783,0.00391412016227705,0.021081553317641024,0.007606769039948109,0.01787922811349811,500
18,shock_x_occ4,-0.0003024457510386326,0.004382312615804903,0.004870751165529921,-0.008693002265869429,0.009865685990556037,-0.007863165487913106,0.008628248495163674,-0.004776546047881615,0.004776704262059946,500
18,shock_x_occ5,0.002025226291793177,0.004900516055286149,0.005230532080764587,-0.007765334954739023,0.01397327392297279,-0.005890863373232273,0.011366410835530177,-0.0024554010211079993,0.008025115168803765,500
18,shock_x_occ6,0.005056883057831531,0.006956494434300926,0.00735798446524582,-0.0074848124080815846,0.02021495848952093,-0.005835355142525864,0.0182046408333418,-0.0018012095053319551,0.012578122177005352,500
18,shock_x_occ7,0.003227107970808883,0.008151718518304209,0.008719552801278596,-0.01419303078909067,0.020986552952113935,-0.011496008799920786,0.018510058217558953,-0.004820584385894286,0.011706096018711448,500
18,shock_x_occ8,0.0035649278329887126,0.005619145536179847,0.005685131792723626,-0.005906260370473216,0.015480764293202543,-0.004690590988427485,0.013881984261872994,-0.0015943769301834188,0.009973547251689575,500
18,shock_x_occ9,-0.002065694583854044,0.005031937608945606,0.005126721887163409,-0.012300147090178966,0.007806354642681803,-0.010526713780410066,0.0063562774334679295,-0.00701668557843315,0.0029674173762835156,500
18,shock_lag1,0.0017913780569733934,0.0036151796132663735,0.003955235004300344,-0.006633474028795459,0.008616590737996562,-0.005411734832160283,0.007418542786546344,-0.0024317202230271255,0.005578406589602902,500
18,shock_lag2,-0.0004994141555532563,0.0033995494318048735,0.0035047693652616855,-0.007370585085944507,0.006378213824619013,-0.006403007687249511,0.005030919740130369,-0.003673447931725831,0.0032519323946871735,500
18,shock_lag3,-0.0034891650838149778,0.0036960973239304248,0.004026792341305577,-0.011471756415719186,0.004465626784815344,-0.009735160154313775,0.003130414580033869,-0.00718489963691366,0.0005128031244916055,500
18,shock_lag4,-0.0022429822958474396,0.0032058989123502813,0.0036430031081614847,-0.00866849891202109,0.0051106522242223285,-0.007683018466268076,0.004245576492779854,-0.005575032036526613,0.001589996225752776,500
18,shock_lag5,-0.0029289464907204335,0.0030618451977059264,0.0033602778152064454,-0.009468872894291526,0.0038866662599691217,-0.008419999168821095,0.0022904729981469067,-0.0062122146878343274,0.0003434923675036217,500
18,shock_lag6,-0.0041064482508580335,0.003449765043122223,0.003359376716845454,-0.01160906774652311,0.001978951472172567,-0.010262354783167765,0.0008523274055629473,-0.0074949441112882684,-0.0007104609939815131,500
18,shock_lag7,-0.004051512313668065,0.003244673491046672,0.0034293670576529115,-0.010700002377989522,0.002655216994786249,-0.00957889308319664,0.0016516366827531918,-0.007263695913569864,-0.0006689090708764465,500
18,shock_lag8,-0.00016472788815640287,0.0032307549032588646,0.0031846816684129196,-0.006196505232551568,0.005970625081140946,-0.005226436148098476,0.005101158717355277,-0.003208495853389712,0.0032116391343038086,500
18,shock_lag9,-0.00046129540993098393,0.0035934553898725945,0.003720059877579453,-0.007939438291943393,0.0062503892943398115,-0.006340506803629947,0.005498353737572392,-0.004029860401412063,0.003529175935835305,500
18,shock_lag10,-0.00031582052027044724,0.0033885610347080476,0.0034128578846312446,-0.007454230487819324,0.005762777596355607,-0.006122361804567237,0.004956131472031822,-0.003499710814658373,0.0031962021584092623,500
18,shock_lag11,-0.001311618156316247,0.003250216021383624,0.003260814280009856,-0.007655656353058554,0.004652011105747162,-0.006726124471848742,0.003807787792931461,-0.004538830715603162,0.001944790037850071,500
18,shock_lag12,-0.0026678996717263465,0.0028368588477374152,0.0029778280495113196,-0.008613442993093749,0.003128682919407543,-0.007885603295306647,0.002118338055651432,-0.005379086965189652,0.0003592752603802206,500
18,log_oil_lag1,-0.03931154027454578,0.007684161510017778,0.006981223297054563,-0.05212525500983746,-0.024091185038763827,-0.05014273298502138,-0.02774068971278153,-0.04589513239431686,-0.03240110929856947,500
18,ffr_lag1,-0.000560021710818835,0.0018508982933126425,0.0016676693077653552,-0.0034855291379114663,0.00271738951189986,-0.0031509237218398153,0.0022159505670570566,-0.0021640827441597845,0.0012089340920293536,500
18,log_rincome,0.2558449110281582,0.2000908566349795,0.20557717821763946,-0.1396941796144406,0.6746242201596544,-0.0719848384264313,0.6034831546233416,0.07963856855912962,0.48898783760247266,500
18,log_rwage,-0.3218206203431878,0.22363171558205783,0.21942295413635662,-0.7906535592489423,0.09075426352128343,-0.7012844425136594,0.005839232753483966,-0.5603340625341019,-0.11402421864708943,500
18,age_mean,0.010100449075442233,0.004060264937592894,0.003464259496773618,0.0034667042886515876,0.016767649561235786,0.004582623794584354,0.015625564517588397,0.00670115228055629,0.013853483182654166,500
18,female_share,-0.10692434125263073,0.05804144411962938,0.04677613531293785,-0.1902747331119538,-0.0050336550019611835,-0.17635436236740828,-0.020267739158092445,-0.14209108883959246,-0.05168623960953048,500
18,married_share,0.11905269466526001,0.08795498430486705,0.07923102352514447,-0.013237374969587625,0.2845256083078006,-0.002202415802524339,0.24947633820201076,0.03758628482610353,0.20061525282434375,500
18,hours_mean,-0.011255349183204083,0.006664755904859732,0.006805748992684515,-0.02524055951588109,0.001815583415565457,-0.022931537258845492,-0.0005735191131560073,-0.018928784729505942,-0.0053019309695775405,500
18,unemp_rate,0.8895691801448355,0.17132140607677585,0.1776749872560143,0.6309038549838859,1.3548030875403803,0.6634276150078978,1.2170122962615355,0.7426082157684522,1.0921042635936091,500
19,intercept,-2.7165816812919758e-8,0.0033576662952774995,0.002999711420824618,-0.005476998212976931,0.0065793234131695435,-0.004181859165532006,0.005194718742963139,-0.0026503174086050622,0.003352640620047363,500
19,shock,-0.008247975691392583,0.005061870748665024,0.005664663941754114,-0.01949201874797469,0.0028333093385242434,-0.01750664245793878,0.0006245854039571292,-0.014045360381138189,-0.0030829338390929444,500
19,shock_x_occ2,0.004585906773028946,0.005227189839428448,0.005376280576399934,-0.004684458238622003,0.01709440196326538,-0.003056720281040035,0.014167735787733476,7.722372210238111e-5,0.010621931271849284,500
19,shock_x_occ3,0.0073127163692157495,0.005440699632227171,0.005383554388936357,-0.0021039612909730825,0.019550872123476774,-0.000250690336067495,0.017151841585944093,0.003044049993754944,0.013126756800977859,500
19,shock_x_occ4,-0.0018258079291465093,0.004387529081609759,0.004838024543253072,-0.010568012130806496,0.008740339958168246,-0.009315242129419593,0.007302909841641095,-0.006081624973399983,0.0029884632197357494,500
19,shock_x_occ5,0.0006913948518923965,0.005214072827848567,0.005630611668345557,-0.009033189642988614,0.013398946980878308,-0.0073456006433851445,0.011523921372585037,-0.0039727050048157745,0.006944047771179413,500
19,shock_x_occ6,0.00011498175997612563,0.007078995735202808,0.008082923261239385,-0.014002798048047905,0.017232590012171003,-0.012012780429957017,0.01477956419469194,-0.0074203680716459185,0.00843923878358067,500
19,shock_x_occ7,-0.0018496392454177503,0.007897017842406994,0.008513890402080865,-0.01833353674194106,0.014313874843458384,-0.016100101260168198,0.01184504286989853,-0.01035684658420372,0.006123201252709593,500
19,shock_x_occ8,0.0026236927621597255,0.0057828351079894065,0.0057830279827334055,-0.007145482502582776,0.01453805564383122,-0.005868508354739147,0.013103006782660907,-0.002261601585689829,0.009248756202339434,500
19,shock_x_occ9,-0.006865344453922773,0.0053867196563266995,0.005418265008956394,-0.0176586779098369,0.003325933886004568,-0.016061959009760582,0.0023992735255986097,-0.012411273896733094,-0.001555486243954964,500
19,shock_lag1,0.0018331426545743644,0.0036000816907459155,0.0038580047697248663,-0.005491974581717111,0.009005342776574367,-0.004851871144897619,0.007704396572519143,-0.002531250567532703,0.005279432337045796,500
19,shock_lag2,-0.0007563249657706668,0.0032115263309123216,0.003336599359043211,-0.0071893766961096724,0.005786811774695809,-0.006342663394807714,0.004430183575550546,-0.004413667512443419,0.002083144890367869,500
19,shock_lag3,-0.002501275267523518,0.0034131809223494954,0.003497468522604492,-0.008707684983705034,0.004722893782590508,-0.008016227804370842,0.003200098049811764,-0.0056819907138566,0.0011635724977614047,500
19,shock_lag4,-0.003176174648979138,0.003172823820932679,0.0033697101762629462,-0.009449373691508028,0.003877687656084875,-0.00855507583812255,0.0023636014048855534,-0.006379067119681782,0.00033509750680118383,500
19,shock_lag5,-0.00412636566138932,0.003282120817187993,0.0034385139114731823,-0.010229891942745152,0.0028566323285828714,-0.0095339523949701,0.0015208913262136012,-0.007254506051274053,-0.0005825155179529719,500
19,shock_lag6,-0.0022583843018097044,0.00318266041531008,0.00342436368954,-0.008796384915040947,0.0046601287513453864,-0.007516465302918022,0.0035727434553922744,-0.005410639941451508,0.0010350310157319984,500
19,shock_lag7,-0.0018599351407913418,0.0030403444834366383,0.0032712554008627044,-0.007632370963718072,0.00416056468303326,-0.0068128848419753705,0.0035952250200877193,-0.004774327622942119,0.0015733112408609267,500
19,shock_lag8,-0.0004906777765170271,0.003403700856994624,0.0034630682512274036,-0.007464795352312228,0.005999422105163931,-0.006139136515474443,0.004916710573016706,-0.0041711380740433734,0.002857542827345375,500
19,shock_lag9,-0.0014665859977106323,0.0035968766292900794,0.00383910719357911,-0.009214208573650733,0.005437192218129532,-0.007762106233425614,0.00449489762720169,-0.00528911277772896,0.0022621749311954554,500
19,shock_lag10,-0.000732091988314375,0.0032405298428311593,0.0034870912681841623,-0.007911821059417068,0.00566491639748619,-0.0064181577719758945,0.00532663377783964,-0.0042423666166342515,0.0027031088366951603,500
19,shock_lag11,-0.0013030417857886867,0.003061007759478861,0.0032175959564216985,-0.007870015490561683,0.0053116863878952475,-0.006647815540907432,0.0043290253196175965,-0.004154659688627543,0.0019470693221037116,500
19,shock_lag12,-0.0033896906669953907,0.0027193066825415635,0.0028571911400321584,-0.00883390038675547,0.0027042704223994244,-0.007812499117166495,0.0015853111647400515,-0.005985118223506222,-0.0005062231957926371,500
19,log_oil_lag1,-0.04008114948249553,0.007567838642415529,0.006896191649834745,-0.0533523388534235,-0.02640272900871856,-0.05027109173028751,-0.028533480154064275,-0.04592025669919047,-0.032786225085532,500
19,ffr_lag1,-0.0012719835435959954,0.0017690941732421725,0.0016651872609526523,-0.004378630674396431,0.00221740210581594,-0.003818167814993551,0.001476828699403041,-0.00284243734469535,0.00045864953353511875,500
19,log_rincome,0.02113731836340915,0.1960788367463621,0.19683099964860126,-0.34268279443306127,0.39443681595405006,-0.2804314981401582,0.34839911911818144,-0.1592464981020496,0.23278870140884486,500
19,log_rwage,-0.08636794597947088,0.2174165432724693,0.21226620025990459,-0.5157490052076656,0.30466793044743484,-0.43409714950521266,0.24758294010135876,-0.30980864418136134,0.11154491612539884,500
19,age_mean,0.009551462010569004,0.004035344551182582,0.0033002880549689063,0.0029590386169565403,0.0161905029470781,0.004472249635911001,0.01475717646963473,0.006265701575255134,0.012937199230568044,500
19,female_share,-0.1263051932554212,0.05974462747348414,0.05352187981314242,-0.22291106399205748,-0.011780951831347971,-0.20847514781685922,-0.030773021691601076,-0.1716437086480193,-0.06913379550101612,500
19,married_share,0.12856696510118615,0.08903589619194642,0.07428356771820113,-0.008338624779244679,0.27483472444731494,0.012339690615592697,0.2577241285602351,0.05821204300765288,0.21431892158958657,500
19,hours_mean,-0.005101223400750562,0.0064391183500832495,0.006292989810074326,-0.01787239663185871,0.006261676818146843,-0.016091291047428877,0.004202719148266107,-0.011716167508696848,0.0009626681334295046,500
19,unemp_rate,0.8633918183872735,0.17184996097698524,0.1603993341411461,0.5980328070822347,1.225415678226415,0.6418335513121037,1.1777282706287793,0.7331612712924217,1.063079342113771,500
20,intercept,-4.216589206614094e-8,0.0032915563711455593,0.0027864271437216116,-0.004946393113819049,0.005793733905807126,-0.004437555880042723,0.004956084144101577,-0.002501850157125964,0.0029033410436781677,500
20,shock,-0.009387551521408565,0.004765149758475269,0.005411516637402531,-0.019897489804734433,0.0010140234153541215,-0.018017597096682828,-0.0011868500098425412,-0.01457998751080354,-0.0038974974711506803,500
20,shock_x_occ2,0.009168770576626685,0.004551872863533461,0.005189682128472012,-0.00036616333035990547,0.01904595995943538,0.0010527488596005971,0.017561112899048673,0.0037496732685337567,0.014550887869844143,500
20,shock_x_occ3,0.00855283636231852,0.005669541626834202,0.006169778179682964,-0.0018953344630409492,0.022253273445817144,-0.0005764549048894554,0.02002369445564258,0.002648732290403863,0.015207473376190694,500
20,shock_x_occ4,0.0013643242138177173,0.004568180572847569,0.0049980371532345556,-0.0074735941015078525,0.01107955783516361,-0.006480531845754305,0.00967156952216696,-0.003516868646295025,0.006623545914305926,500
20,shock_x_occ5,0.0017600636612228446,0.004881276500967405,0.005528435680773787,-0.007913390718910444,0.013436641091498322,-0.00667404523012857,0.01123454484660307,-0.0036178629118667994,0.007783401912452962,500
20,shock_x_occ6,0.0006244699018728025,0.006690293128322408,0.007567090727802274,-0.012499916530192437,0.015933868943618236,-0.010189266996417522,0.01417353304883181,-0.006103030178510612,0.00886780175651993,500
20,shock_x_occ7,-0.003517257104582552,0.007801418375773103,0.008151670503668938,-0.018807768231370425,0.01315612164315019,-0.01610446595639648,0.01090443605547598,-0.01174953574856195,0.004484148275019805,500
20,shock_x_occ8,0.0056063786674700996,0.005020497673485308,0.005432312793901411,-0.0041101675194823465,0.01669320167888446,-0.0027711832486466467,0.015087552290110667,0.0002754213977064326,0.01137863037607871,500
20,shock_x_occ9,-0.005858865149803282,0.005600089751107676,0.005456092108285032,-0.01668511349848369,0.004834079763033885,-0.015511918888463256,0.003340636850864992,-0.011457424290600858,-0.0007990681018670913,500
20,shock_lag1,0.0016579926557402343,0.003569009142429892,0.0036927250168620742,-0.0053367609952632445,0.008580489577458562,-0.004466085313078361,0.007390532063297007,-0.0022075831776847193,0.005324790649235865,500
20,shock_lag2,0.00042920794614790495,0.0031489827096365408,0.0032751718302674987,-0.00568497388353204,0.006735852459836758,-0.004924418228845549,0.006041153258995507,-0.0031083591116357508,0.0036895980975606064,500
20,shock_lag3,-0.003241573635746451,0.003368709902196782,0.00347427001155096,-0.01045344017983672,0.003379514628383195,-0.009174828125707385,0.0022977045296545327,-0.00675071940299781,0.00022776497815586667,500
20,shock_lag4,-0.004033584830528468,0.0033386585825358004,0.0035068040322650297,-0.01109342265781282,0.0027660589825937365,-0.00981475715787495,0.0017544779453596293,-0.007594262802404722,-0.00058001763146337,500
20,shock_lag5,-0.002114885192881712,0.0029426236370173457,0.0032583170266223807,-0.008669814690245484,0.0036184296295956263,-0.007547116649060988,0.0029898157971309193,-0.005381515683986961,0.0012185756798494755,500
20,shock_lag6,0.0004469245173176417,0.0029645289862542177,0.0031572319946811273,-0.0061009392350480016,0.006109086905761148,-0.005049844515773526,0.005584934824177403,-0.002259781929156144,0.003851263468554428,500
20,shock_lag7,-0.0016602735371408738,0.0033387555832939254,0.003430622555746304,-0.008591465849094926,0.004771610327463156,-0.007469518551593687,0.004050945117019744,-0.0048529619411517505,0.002135325919358633,500
20,shock_lag8,-0.001077929837788083,0.003408110871222307,0.0035184222179893694,-0.008360609388739922,0.005468758322056829,-0.0068505875375955375,0.00458321088732956,-0.0044927492660885495,0.0025735187915586167,500
20,shock_lag9,-0.001714488157641877,0.00349873057668106,0.003665071398787122,-0.009191414752314924,0.005347639444467939,-0.00804221376882574,0.003969060976106795,-0.005339323083843399,0.001989039131118492,500
20,shock_lag10,-0.000480855621570853,0.0030289601983746316,0.003383857803446479,-0.007061479633984126,0.006094970671012092,-0.0060906241053054755,0.004805825156413536,-0.0037604707765242877,0.002719571391929257,500
20,shock_lag11,-0.002005989641293117,0.002949004382237682,0.003058516282918902,-0.008016240549646442,0.00425820828453629,-0.007243909600575511,0.0029036536245447228,-0.0051093367949287235,0.0009975643894711698,500
20,shock_lag12,-0.0028611883180857875,0.0026545908039337864,0.002608141854955075,-0.007930432017117345,0.001721661707884428,-0.007056716642809027,0.0012968998433284479,-0.00532892575912239,-4.756921749936817e-5,500
20,log_oil_lag1,-0.04073533952362048,0.007566575541795677,0.006210689594781792,-0.052252229012157904,-0.028555057531558507,-0.050584193750155826,-0.02976835657331735,-0.04667511099574338,-0.03438181232332097,500
20,ffr_lag1,-0.0024528374848948697,0.0017314716836455647,0.0015632356481770865,-0.005793451367080395,0.0004344507525997749,-0.005048694802925137,6.820335513844152e-5,-0.004071689016076209,-0.000996013811438064,500
20,log_rincome,-0.08912887591192291,0.21344044792426498,0.223078036704919,-0.49706474108248827,0.33541857024226385,-0.4623413827174382,0.2868115523454114,-0.30142037933455834,0.14440276554562806,500
20,log_rwage,-0.002033667869707645,0.23026035079069473,0.23564901128641294,-0.48057028992906514,0.44707362873342105,-0.39027817286293676,0.38457609828163297,-0.2587400321356172,0.2226319359222736,500
20,age_mean,0.008483029156847694,0.0038935572713375798,0.0032764525669954888,0.0025334344483753874,0.014889310984494444,0.0032504135492875197,0.014130624053236233,0.005258579491848729,0.011581757048569556,500
20,female_share,-0.14442060313039998,0.060464798666892604,0.05256622954177429,-0.2455760346739807,-0.04697101955917068,-0.23129000389435528,-0.05936858705742304,-0.19417856747591627,-0.08881822048140016,500
20,married_share,0.1047274366273534,0.08623122077206209,0.07946950513037788,-0.03160561798367892,0.2759836610879822,-0.005827451845660067,0.2483197447964104,0.039066425119710695,0.19507991658161958,500
20,hours_mean,-0.0007071848088791364,0.006742387240301847,0.0069393835346859365,-0.014663296954649527,0.012623633112127166,-0.01269171814968819,0.01005027961601139,-0.007809572066938503,0.005589480678977677,500
20,unemp_rate,0.8020811514985448,0.1723339746680501,0.15331167061504428,0.532034576276254,1.1247785260329706,0.5769844356992367,1.0647227772501826,0.662315252472551,0.9829700124377351,500
21,intercept,-4.0443155971881395e-8,0.003224549008921582,0.002679314524989332,-0.005699712970661229,0.005378441024720815,-0.004113925237395844,0.004343014591850185,-0.0022188301820746177,0.0027986355555984,500
21,shock,-0.009020519355742869,0.0050729227753816665,0.005400721871869346,-0.02029120186704475,0.0012072159863544965,-0.01812900717704714,-0.000483277916825453,-0.014119701201054541,-0.0038396641151968586,500
21,shock_x_occ2,0.006163692140450906,0.004552703045213126,0.0046564749015466835,-0.0018351427900715964,0.015910411977112307,-0.000593278708099546,0.014384275265128622,0.002389347899598853,0.01096469566585799,500
21,shock_x_occ3,0.00808890711544049,0.006058503457526688,0.006199800206632639,-0.002947106926618755,0.02065843736767903,-0.0015424384398141971,0.019123753880113895,0.002540356229814013,0.015101278737876993,500
21,shock_x_occ4,0.003231541813642311,0.0044766229431841996,0.004831767187076353,-0.005759670184493668,0.012955383545958585,-0.004018733698322339,0.011596853361362694,-0.0015676579480000076,0.008543045586497482,500
21,shock_x_occ5,0.0006389896466903338,0.004928224713367568,0.005028787581905256,-0.008526787009237,0.010816100679959716,-0.006971921011343915,0.009585237249458993,-0.0037724531182838886,0.005993204207670135,500
21,shock_x_occ6,0.001126054298895846,0.007129433395732503,0.007500221562937758,-0.012518367780531538,0.01544777200759529,-0.009588803112866542,0.01394240656698788,-0.005871733582044987,0.0094773686559518,500
21,shock_x_occ7,-0.0032371458405225594,0.007184379800529334,0.007055443695701294,-0.015918801983468463,0.011191995247422112,-0.01385259155738334,0.009099893597444803,-0.010318566834517583,0.003765900819653229,500
21,shock_x_occ8,0.005466268896583475,0.00536844885285381,0.005539359111970009,-0.004373462469991529,0.016993346984881565,-0.003218692397965257,0.014902114229751585,0.00041623354572933814,0.011612054504773916,500
21,shock_x_occ9,-0.006707282537232456,0.005735483978052663,0.005369682363047612,-0.017516998546005455,0.0047691273065591806,-0.01524010697596359,0.0020284567125853537,-0.011824015593377469,-0.0013238614361735493,500
21,shock_lag1,0.0027974354775769828,0.003508275099531845,0.0039028370225892756,-0.004549364123979395,0.010376784632695977,-0.003387250171880274,0.008944743261470014,-0.0011413484016475515,0.006720629062037951,500
21,shock_lag2,-0.0006285696297563356,0.003069681295621473,0.003471954087058239,-0.007561139574343008,0.006900464924117354,-0.006569789871416423,0.005206398010658634,-0.0037612253209499706,0.002783090489934818,500
21,shock_lag3,-0.004263263493417553,0.003501445231164689,0.0036054870791016012,-0.011103740450258363,0.0027890389509155145,-0.010040105552343298,0.0018935558770471232,-0.007763254477711045,-0.0001719135905544988,500
21,shock_lag4,-0.0020716724827706968,0.0030324430296228572,0.003051391379817878,-0.008634502375823241,0.003526827104178888,-0.0071109559235230805,0.0027991414213242097,-0.004860542619040856,0.0011067546586259582,500
21,shock_lag5,0.0005814347573441978,0.0026567614720116443,0.0029283992806582665,-0.005656885061486494,0.006094280904421286,-0.004769157904356633,0.005108054064603785,-0.0023688654189160264,0.00323178056661396,500
21,shock_lag6,0.0005505307599277962,0.0031610429282810347,0.0033086336717821647,-0.006231601894149554,0.0065874695609606515,-0.005142477459256623,0.005666298838616739,-0.0031514182719338205,0.0033927111710470212,500
21,shock_lag7,-0.002029221680415607,0.003279037777768738,0.003524827615715677,-0.009666947934126448,0.004302048560762327,-0.008417395870536793,0.003170199670247195,-0.005613447429542248,0.0009079016371568833,500
21,shock_lag8,-0.0012341468273900525,0.0032892852375790028,0.0034073795049276824,-0.007863277036953924,0.00527792888414295,-0.00684044441320048,0.004610834108242767,-0.004646334461244063,0.0019715736611169744,500
21,shock_lag9,-0.0012643155220793034,0.003226094214367556,0.00326677479617345,-0.007871538281902615,0.0050379684622186,-0.006890801148737157,0.004166306562715047,-0.004458242841179231,0.0017774542823161181,500
21,shock_lag10,-0.001070154332827428,0.0028346982756898144,0.002898686124406508,-0.006996031512626387,0.004212718606767023,-0.006042470606153544,0.0034967168898685868,-0.00389329563957521,0.0017138616671347876,500
21,shock_lag11,-0.0014087471399127176,0.0027947289416669742,0.0027848175872585796,-0.007077876229682974,0.004056362381949597,-0.006052147253313618,0.003210811217641743,-0.004329883738616537,0.001041240029306585,500
21,shock_lag12,-0.0016556178867968402,0.0023090748227191605,0.002482274436841596,-0.006147657631981866,0.0031824968744782927,-0.005589602329895348,0.002384339346806985,-0.004055984765390832,0.001051722021196614,500
21,log_oil_lag1,-0.04054080908171811,0.007629665344798847,0.007237379568105958,-0.05219489225795655,-0.024047778079347264,-0.05123448678932354,-0.027790397651197174,-0.04702896741634446,-0.03250763282939369,500
21,ffr_lag1,-0.004015927426663229,0.0017151367506505568,0.0015687929472668752,-0.006997727658330531,-0.0008154617321200719,-0.006427741980943085,-0.0014688430684509865,-0.005588873932805483,-0.002476162089344259,500
21,log_rincome,-0.18216734908696203,0.20046077878265667,0.19986315012333958,-0.593585637659957,0.18635956158685563,-0.49353288778266347,0.1317170741084948,-0.3729935037690467,0.03464903501665162,500
21,log_rwage,0.06375777652644526,0.215714277923614,0.20966663153952483,-0.3264725813557213,0.469569925670033,-0.28339303249545417,0.4010199766632475,-0.16579860432590632,0.26955943822527517,500
21,age_mean,0.00671144332972811,0.0036108405685638563,0.0030961851389183993,0.0007033486274185168,0.012812820200994977,0.0013903698462896194,0.01222845473409085,0.003570680926961966,0.009604716228332517,500
21,female_share,-0.16021720491880412,0.06181921606627748,0.053733034850545806,-0.26634770388968587,-0.05467298843973328,-0.24988012321215494,-0.07505578976218323,-0.20775678708129486,-0.10503348104886517,500
21,married_share,0.08517771468931433,0.08930336157968491,0.08265469338440622,-0.046932053943535376,0.27556301966953645,-0.026033308859515263,0.24010295429683867,0.019919667117010716,0.18267422697049834,500
21,hours_mean,0.004013416790008259,0.005723612233118842,0.005765714819185431,-0.00688879592243277,0.014946799081154913,-0.005736211535640916,0.013337359336403693,-0.0027245854497730255,0.009419094922169587,500
21,unemp_rate,0.7090626561061701,0.1665030263328756,0.15813866383384037,0.39990927901489914,1.0265034397669381,0.46079540935140084,0.9843231172304849,0.5698027548007452,0.8661122945188227,500
22,intercept,-5.1648654782141174e-8,0.003166718587419741,0.0027108712136418587,-0.005129020012479495,0.005224674885467128,-0.00448656007664022,0.004551877830559616,-0.0026137657107175114,0.002775335220656569,500
22,shock,-0.007613419789396909,0.005096874902705213,0.005578601795654625,-0.019054101274841632,0.0023147729563848737,-0.016750916693419684,0.001316882054549809,-0.012528096629986541,-0.0016938525422019836,500
22,shock_x_occ2,0.003956830071894306,0.00445144698553185,0.0050743615550428705,-0.0055415061544318335,0.014620493104481424,-0.003767444843666817,0.012657036032895013,-0.0009472949609361486,0.009020355106204756,500
22,shock_x_occ3,0.008373648628610286,0.005681914173567871,0.005716091309316556,-0.0025109687707234075,0.020491626668434057,-0.0009834508158682372,0.018507741430606444,0.0032422509002419816,0.014239863096361938,500
22,shock_x_occ4,0.0019797628663984486,0.004326576165434828,0.0048663496667403095,-0.006770325650788672,0.011851808041603115,-0.005700317780060709,0.010080357810956574,-0.002316589306213871,0.007294507600358363,500
22,shock_x_occ5,0.0028015571426071857,0.004981578018349276,0.005337004200651141,-0.006338260662628315,0.013483260004472966,-0.0052289078813087956,0.011882572745466256,-0.0019364621049645667,0.00844527953100552,500
22,shock_x_occ6,0.004214078638091737,0.006600399597377301,0.007424121070478462,-0.009439623124963683,0.017635131577065307,-0.007961218380089397,0.016318003972837423,-0.0034566835312087635,0.012175204467517454,500
22,shock_x_occ7,-0.0014231687754813764,0.006806344153909051,0.00657827522465894,-0.01415635658451602,0.01153477207643596,-0.012232673829984966,0.009660670802561094,-0.007603774542762913,0.0048073923580980935,500
22,shock_x_occ8,0.0035096832139674757,0.005428612213494936,0.005666032051248012,-0.006289956004986429,0.015673140312455428,-0.004475512722106002,0.013712593346478438,-0.0016488996335490996,0.008955289537768701,500
22,shock_x_occ9,-0.006986603922338273,0.005182813204099505,0.005170250120855208,-0.01696376938556665,0.003781035941208606,-0.015128444345098788,0.0018977551082644606,-0.011621942704301655,-0.0016783501282543207,500
22,shock_lag1,0.0019169277023988404,0.0035479948168325444,0.0038059044063548375,-0.005427121424017151,0.009127674506265188,-0.004708127491963793,0.007947213271774273,-0.002228045967823637,0.005704351086940618,500
22,shock_lag2,-0.0017055385693131161,0.003333110325357801,0.0036790832865634736,-0.008954349297239535,0.005119684579195948,-0.00804084315161793,0.00400093447477343,-0.005454634136374172,0.0019582183345791784,500
22,shock_lag3,-0.0021570753291902745,0.0031726261604422355,0.0035294452397191317,-0.008911640201866928,0.004383584723837325,-0.007924524976453755,0.003646377701961443,-0.005785769219648216,0.0012944714438223172,500
22,shock_lag4,0.0006763356371702753,0.002768122351621761,0.00316353283059511,-0.005461464898781915,0.007420344931382779,-0.004196170810741601,0.005934253725023409,-0.002445093086005545,0.0040042252127288425,500
22,shock_lag5,0.0008458751258083365,0.0028422838305743226,0.0029483966275268398,-0.005353973901018081,0.006611135932530674,-0.003865190968559511,0.005871294730392892,-0.002130491720835338,0.003604199900453034,500
22,shock_lag6,7.185076146226207e-5,0.0031346056636424265,0.0031022704909937837,-0.0059348729539950695,0.005712390567325438,-0.005038855647618225,0.005287590724362771,-0.003085681026564522,0.0030184009816718324,500
22,shock_lag7,-0.0018834502886975546,0.0031398728366010746,0.0031349622826721763,-0.008289809551303292,0.003974007981331298,-0.0073764207874755915,0.002786449690358406,-0.005141854868757121,0.0012604306799100361,500
22,shock_lag8,-0.0005846977503968998,0.0030793665537412057,0.0029952417429469497,-0.006104700425830048,0.005740929750583496,-0.005429226223268168,0.004543438828444672,-0.00351574355971833,0.002303585803963187,500
22,shock_lag9,-0.0015927286886957329,0.0030595315721797405,0.0031405297203864237,-0.0078060031902941075,0.0043317597467690434,-0.006633234333514064,0.003692048036027068,-0.004345671431955203,0.001634008425128132,500
22,shock_lag10,-0.0003102977113159315,0.0027090738593049716,0.0028455652706169464,-0.00583338603925538,0.005712919608461995,-0.0046616003409489645,0.004394342392015222,-0.002764407414331288,0.0027908124935433877,500
22,shock_lag11,-7.729939074327211e-5,0.002412478460355821,0.0025291212510299135,-0.004763254366243235,0.004983164434896358,-0.00404897692348086,0.004077698253240989,-0.002199592129253116,0.0027187144990388104,500
22,shock_lag12,-0.00020666137097986672,0.0022068954518974933,0.0023024753532532695,-0.0041913428479346485,0.004846992360645025,-0.003452977170136421,0.003955620591002251,-0.002010004865194368,0.0025247691467853656,500
22,log_oil_lag1,-0.041580796601410654,0.007986066838351978,0.0067626305135976466,-0.052855256655018445,-0.027345115703234744,-0.05154902682994092,-0.02953682190419942,-0.04792531010250521,-0.03382468891140394,500
22,ffr_lag1,-0.005732814546237905,0.0016950508206441735,0.0014448664917060667,-0.00867225888848008,-0.0028970562391952134,-0.008128564178924328,-0.0035072276457762865,-0.007273151187953709,-0.004465359944940932,500
22,log_rincome,-0.18891785337145092,0.2284442255862227,0.21984894861724225,-0.6347420771052643,0.21894315271325304,-0.5555631644820018,0.17024701880747772,-0.42080854994328454,0.01924654982388126,500
22,log_rwage,0.024967671907862334,0.2387028032260925,0.2252606296977315,-0.4142236180695473,0.45513588526940096,-0.3507235028495639,0.3901962592818679,-0.190020365998219,0.25152350783472444,500
22,age_mean,0.006334104296354308,0.003354696753466299,0.0026848873766330606,0.0012424297654867833,0.011873079367513938,0.002062739432236614,0.011082639722111398,0.004068816922906953,0.008934117062523266,500
22,female_share,-0.1668520963141194,0.061480875879383994,0.05502188457120551,-0.2692629990868837,-0.05287453600307532,-0.25864439579432325,-0.07325651187583629,-0.21851301592508093,-0.11078658776416136,500
22,married_share,0.08160776732462,0.09600856286362419,0.0890601081943894,-0.06966116545961598,0.2671411962573209,-0.04275419576270158,0.24584655265533092,0.013547805702939474,0.18775112515927495,500
22,hours_mean,0.008419710090430127,0.006085316699424112,0.006356235163263799,-0.004022358883632728,0.020712486565906144,-0.00231626608750982,0.01847503264684678,0.002503021744598075,0.01489134344527943,500
22,unemp_rate,0.5916018860186089,0.16835941683505448,0.16391520579670163,0.2681844216865622,0.922270944736514,0.3193084488860863,0.8421758716324103,0.4250613680632642,0.752260895459082,500
23,intercept,-5.736350370103749e-8,0.0031157772515485256,0.002659454599855162,-0.005456232032190102,0.005127494992412832,-0.004176038186141296,0.0044583398793584935,-0.0025692881953819145,0.0026142392400993206,500
23,shock,-0.008464860354196687,0.005011223691333425,0.005225312402949814,-0.018293730203979085,0.0017742350598898326,-0.016970792071792848,0.0009846241021536466,-0.012470802435098603,-0.0028481927356154408,500
23,shock_x_occ2,0.003528467394352195,0.0046785884139754486,0.004912305201476364,-0.006612770061539633,0.012876968328622106,-0.004434081337643769,0.011749110160767622,-0.001217187447359133,0.007724870857455875,500
23,shock_x_occ3,0.009092159042727177,0.005392217057467083,0.005272792173061305,-0.0004312152931241383,0.020163031258335802,0.0008209162659867229,0.017580308898971567,0.0038480246889108513,0.014419828600356038,500
23,shock_x_occ4,-0.0010119466782809703,0.004421702088790053,0.0047323390350154735,-0.0102880362761326,0.00855955533046022,-0.008799505429007674,0.006269172050094269,-0.00540671276018041,0.003724082123418334,500
23,shock_x_occ5,0.0014951533901851805,0.004761436082380508,0.005028493683495389,-0.00825841136804853,0.011842693882434266,-0.00696212821718678,0.010010297372997481,-0.0032745269359363946,0.006219707594398166,500
23,shock_x_occ6,0.002682099717425071,0.006111141763230345,0.007099855317085784,-0.011483679875349102,0.016757984456480645,-0.009454564403737452,0.01450309908855172,-0.00397552938694992,0.009338882873653687,500
23,shock_x_occ7,0.0035538554901245437,0.006608549618332762,0.006830837787845161,-0.010438303638119763,0.015832622837939805,-0.008255321337666169,0.01341066153842372,-0.0037290255133720428,0.009603676767635776,500
23,shock_x_occ8,0.00219095567200529,0.005623176046140245,0.006012577477378693,-0.010376946291148785,0.013330502516259463,-0.008116326969833441,0.01196851728943175,-0.00408020503026,0.007886380982874308,500
23,shock_x_occ9,-0.004229394820673607,0.005145433831880438,0.0051847104704166305,-0.014750779372463357,0.005833800506730715,-0.013044907451546212,0.0037103302351676826,-0.009780763491903346,0.0005743970126357751,500
23,shock_lag1,0.0007680051795164079,0.00374133163114094,0.004084629744084323,-0.007614822537060665,0.007779052890089072,-0.006546109416266341,0.006940377469011792,-0.0037177378962396333,0.004603813497148232,500
23,shock_lag2,8.27352179050039e-5,0.003118055766494818,0.00349091648147392,-0.006532953717763346,0.007107134911972768,-0.005533026023787084,0.005722628417880541,-0.003501990642527331,0.003608174614096757,500
23,shock_lag3,0.000558679653727513,0.002923526566940319,0.0033551720921285704,-0.006490930970636272,0.006635528337293571,-0.005113295812419615,0.00601364390707999,-0.002611111955926636,0.0040639205041657685,500
23,shock_lag4,0.0006937347220871602,0.002951565103019444,0.0032153880037829666,-0.005466154847098334,0.0064807128641749135,-0.004669534161062064,0.005853407639441394,-0.0030275069145678773,0.0037341529476793167,500
23,shock_lag5,0.0003824877048275159,0.0028161590068403472,0.0029978493291111675,-0.0058829028614648445,0.0056940177914580285,-0.004884711874500922,0.004905346423154875,-0.003041763164710144,0.0030212027656117747,500
23,shock_lag6,-0.0001636296482780034,0.003072166338897753,0.0031742684805434584,-0.006420057334891271,0.005493448295216921,-0.005816849760446614,0.004576696791410802,-0.004069436534390892,0.002652538566212759,500
23,shock_lag7,-0.001195535742311518,0.0028827449370098504,0.0029864911813769182,-0.007169151190111312,0.00411054135957833,-0.006270961407574976,0.003456503058765626,-0.004434670025387536,0.0015786433709646156,500
23,shock_lag8,-0.000826377906926011,0.002966691162855613,0.0029108655224569214,-0.006777135938268567,0.004689345869905057,-0.005847496359323149,0.003739110073880247,-0.0036001900293811248,0.002058546832893602,500
23,shock_lag9,-0.0006471148296951704,0.002938599549962521,0.003013087344542844,-0.0068273551775026526,0.004837315217195741,-0.005885096542292455,0.004101786700830952,-0.003435745538082826,0.0024191023772813843,500
23,shock_lag10,0.0009674046063619315,0.002396645470917202,0.0024712874375152414,-0.003819824356822591,0.0060271632180038445,-0.002917175115214682,0.0053724905463663625,-0.0012754626281371124,0.0034854807108230775,500
23,shock_lag11,0.0014036146738352728,0.0022345300294273063,0.002475027370052152,-0.0040514701846491585,0.005983218516433174,-0.0026576259314325212,0.0052046968411476905,-0.001003182766361623,0.0037815135505998394,500
23,shock_lag12,0.0005655104105275368,0.002398329424859731,0.0027036460752479065,-0.004645706661636584,0.0058025586251341365,-0.003609269954352128,0.0052286048590422015,-0.001991710925780826,0.0032565709531283227,500
23,log_oil_lag1,-0.04257690856153182,0.00829949301936968,0.007900671010115795,-0.05443187646597372,-0.02474810889946852,-0.053177587050523695,-0.028523171380768483,-0.0492006629977738,-0.03336129262489017,500
23,ffr_lag1,-0.007221219238611681,0.0016997685456651597,0.0013830945337695287,-0.010181503625180104,-0.004615952958174413,-0.009640659882911748,-0.005098240832770292,-0.008693946926339458,-0.006052147397390087,500
23,log_rincome,-0.08565362436713002,0.2272183595275405,0.22695443322169684,-0.5622837691036895,0.34334352582101,-0.455789532760681,0.26531078606124325,-0.3258326299213459,0.10803602209040825,500
23,log_rwage,-0.11966338615293085,0.2398740861112323,0.23502771742046824,-0.5569086716917847,0.3682591614482824,-0.49098250177448727,0.26589112886771826,-0.3307694957284423,0.12595721762870443,500
23,age_mean,0.005338342583245159,0.003441269536408789,0.003079117143958834,-0.0006023784329732614,0.010971645716712886,-8.862448173832138e-5,0.01002731923937796,0.0021169579366748653,0.008280786789910479,500
23,female_share,-0.17483278259964882,0.061208730657517085,0.054365560742281875,-0.2899709244688343,-0.07998936389164618,-0.2750204687706944,-0.09306945698892301,-0.22892450309466134,-0.12301491494387604,500
23,married_share,0.0591551256378329,0.09744177896181261,0.09357488536071455,-0.08759650900268703,0.2866109709404885,-0.05951688626580988,0.2596180204019766,-0.010636334349504763,0.17253696406074048,500
23,hours_mean,0.009305439307933245,0.006427611246183222,0.006372480798589203,-0.0029421530399655208,0.021651702044089748,-0.0005699908821354403,0.018925769923776987,0.002776468460307642,0.015525878142384899,500
23,unemp_rate,0.5170583443142213,0.17454806596584407,0.15593838200470822,0.18688769241504294,0.7819640810503614,0.2543859229764692,0.7421197841135635,0.3536781750765552,0.6571842888868322,500
24,intercept,-5.9037263243896456e-8,0.003110517241944376,0.00254122511588741,-0.004817136527239216,0.004949001853684099,-0.004226741546134397,0.004220830092536483,-0.0024213346718216385,0.0026111655387653313,500
24,shock,-0.009693711291815812,0.005576092558580746,0.00593687421860843,-0.022162225838266082,0.001848469594924519,-0.020247199356874714,0.00037201917596189096,-0.015325222331691465,-0.004255032195312479,500
24,shock_x_occ2,0.003962350493736651,0.005446966215206689,0.005753585682918496,-0.006727681800260145,0.016125675994486423,-0.005241999759563698,0.014716458853642787,-0.0013272437431138834,0.009819241420590319,500
24,shock_x_occ3,0.011086977178046693,0.006033704159978254,0.005814582581383441,-0.0006782627569315897,0.021586703075553472,0.0010533460358842066,0.020473591405837044,0.005216032349329871,0.0169699605910577,500
24,shock_x_occ4,-0.005490030347224833,0.004838147480406631,0.005306825002583039,-0.015383867438296435,0.0058790519624712205,-0.01406494257151693,0.004135695587505456,-0.010254321080505061,-0.00016122255868530902,500
24,shock_x_occ5,0.0031896423182979513,0.0052845840499515006,0.005860446570458544,-0.007269570753960735,0.016333220037319716,-0.005622130923831789,0.01331646399916114,-0.002105385203010351,0.009374018667983708,500
24,shock_x_occ6,0.0030731718443934583,0.007213951781636881,0.007759181098381862,-0.012644361545478208,0.017941701355684903,-0.009593563748389137,0.014923367697207044,-0.00419246374167565,0.01083273264834986,500
24,shock_x_occ7,0.0030132798068105296,0.006763308680167671,0.007290136498569552,-0.011105248760553698,0.01759935073241095,-0.008542801179818541,0.015219320641713482,-0.00406095624063128,0.010120597786098104,500
24,shock_x_occ8,0.0021514906542167106,0.0061506782516974464,0.006338285508472128,-0.009636842831511585,0.015472021676416155,-0.008324620542745596,0.012715860691129196,-0.003359588385131305,0.008634485495036403,500
24,shock_x_occ9,-0.0022613127884161116,0.005345541886018411,0.005040726815120405,-0.011545174525786864,0.007791088934208634,-0.0100372929542605,0.00638423598845983,-0.007178481005770291,0.00270633289523077,500
24,shock_lag1,0.0023938988219912873,0.0036421355410354676,0.003954333096312531,-0.004896471714935811,0.010110864830682197,-0.004193301844326969,0.008870140103883623,-0.002065815906708642,0.006069018085849613,500
24,shock_lag2,0.0027004030933931306,0.003047118816361199,0.0035928328527450983,-0.004219112303526798,0.009476630987446786,-0.0033232473626025123,0.008599534640074687,-0.0011335444006811005,0.006070074991617223,500
24,shock_lag3,0.0006522928433837813,0.003145854956670613,0.0035302475432567055,-0.006677427071200199,0.008119263223816555,-0.0049672152202846894,0.006347378293146837,-0.003000231060541739,0.0039725244892221566,500
24,shock_lag4,6.75450307443328e-5,0.0029696378158094437,0.003171061294841426,-0.006825271544931293,0.005697966515538113,-0.005965932403703278,0.004859834119360754,-0.0032095948696845,0.0029368030129685333,500
24,shock_lag5,-9.502307113193124e-5,0.0028986292890950636,0.003085797031670498,-0.00662654722856279,0.00517871215176297,-0.005609901285625065,0.004667086707493437,-0.00352442084391447,0.002797042149671776,500
24,shock_lag6,0.00023704729958530656,0.002988491310885671,0.003043545617001048,-0.006315292050669583,0.005531481510500683,-0.005288353638060261,0.004853345046803276,-0.0031362418177322497,0.0027991752814580688,500
24,shock_lag7,-0.0018293542485057568,0.002882316631416496,0.0029454619957462744,-0.008113679558704835,0.0034145259780430544,-0.006889688118539189,0.0026858338633237097,-0.004632520128722787,0.0010882306779947549,500
24,shock_lag8,-0.00017806479628910293,0.0029966385109891453,0.002870017049684884,-0.0056800067017923565,0.005659143447060047,-0.004868730213438792,0.004533361802044751,-0.0027992403559806657,0.002698342680408034,500
24,shock_lag9,0.00024483047127401143,0.0027939157032587977,0.0028498359723885536,-0.004992956439520621,0.005595870223235978,-0.004586443338254177,0.004840627354932668,-0.002361838599266893,0.003149876194212171,500
24,shock_lag10,0.002231611334419876,0.0024196523748764103,0.002567511813330939,-0.002688802560104152,0.007536264656455457,-0.0015425915018818762,0.006721958089822925,-7.121044729193871e-5,0.004953368773234838,500
24,shock_lag11,0.001958751745348564,0.0025479090812103684,0.002937489084217298,-0.0032282914490109537,0.008484249036982609,-0.0027651246623741203,0.0075666890952076505,-0.00027006261720539834,0.005235553931607793,500
24,shock_lag12,-0.0012579738903301576,0.002658312160074222,0.003011909501148349,-0.006535076669066537,0.0047451392853181795,-0.005564343213050486,0.003958943450002195,-0.003836942346545603,0.0023284034531829267,500
24,log_oil_lag1,-0.043714883150744094,0.008820640627194721,0.007461328850355795,-0.05585678212701134,-0.028913425699714855,-0.05425120206761096,-0.03023376968390809,-0.05001776281161578,-0.03434551456273836,500
24,ffr_lag1,-0.008157981928201906,0.0017517414968257336,0.0014979704795442862,-0.011189145406747494,-0.005460149361618235,-0.010819440121805548,-0.005791329703188053,-0.009885100454015019,-0.006783533663790481,500
24,log_rincome,-0.14468791977893125,0.23983249495735326,0.2361044824447202,-0.593826044395371,0.26955812110108146,-0.5479446315079295,0.22131779318907013,-0.435958720067873,0.06192685179621309,500
24,log_rwage,-0.08820081858890329,0.24355989861613814,0.24025756685285013,-0.5507490782164495,0.38277492833114357,-0.45716206670514764,0.3203931142311387,-0.2986961278145208,0.18980302712603525,500
24,age_mean,0.0052392846001258825,0.003548014735093052,0.0029826105966702203,-0.000866626376590315,0.010884717739428142,-0.00021512909750672648,0.009852469641127902,0.0020026559550714957,0.00778234836782005,500
24,female_share,-0.1782423702389979,0.06129870059126626,0.052639824297715465,-0.27833293345597154,-0.07058678521877464,-0.26695708963602743,-0.09190341817834202,-0.22873957499897438,-0.12437620057732302,500
24,married_share,0.07173987311265861,0.09853226448248081,0.08814733428727349,-0.06088197033790063,0.26792798960259656,-0.03804848381462998,0.2372235091997243,0.009592918523383127,0.18907193220431223,500
24,hours_mean,0.012330255441157411,0.0070998090791827,0.007210846426464294,-0.0017439479316861519,0.026231892077722037,0.00020169200794968744,0.024308369242977176,0.005393154025134605,0.020301149076835768,500
24,unemp_rate,0.48046800701755404,0.1796144282495143,0.1630140795806372,0.1367133387005177,0.7599752025140926,0.18016209453120416,0.7204660353207573,0.2851808468699173,0.612871923857568,500
25,intercept,-6.577028341996739e-8,0.0031301251125440016,0.0028047654851044847,-0.005364304598856,0.005678058246609375,-0.0044525728375773045,0.004682522486638258,-0.0024464237502673054,0.0030394715480649265,500
25,shock,-0.008524799446326886,0.005664086155361298,0.006538113980370475,-0.02100293856112763,0.0036259438769299128,-0.01913000684226232,0.0021015842067089816,-0.014702430511057036,-0.0012967840471891515,500
25,shock_x_occ2,0.0017647342785400584,0.005324020204027396,0.005967756011766676,-0.008912297692123724,0.013939857477798918,-0.007869657173538012,0.01180748035663289,-0.004538837081559995,0.0076719916401158245,500
25,shock_x_occ3,0.008199660436993932,0.005785377841859966,0.00639509511516126,-0.004110671224541771,0.019703083460103438,-0.002661880024144249,0.018523063961711172,0.0016209557014864396,0.014769913056727226,500
25,shock_x_occ4,-0.00482447398217879,0.005210980664454062,0.005880566051814603,-0.01564111541291427,0.006421138785500211,-0.014389858420505225,0.004480891092893213,-0.011050113488770354,0.0012962188038368344,500
25,shock_x_occ5,0.003364229889870714,0.005222142541249019,0.005621396037187881,-0.006031774942318092,0.015852977463909672,-0.004897797692470454,0.01429094212915845,-0.001993299427279202,0.00891308394518098,500
25,shock_x_occ6,0.0013967870732903287,0.007351454035746378,0.00804675838620394,-0.013517270826108603,0.017705516862141914,-0.011336104796156123,0.01514230273339714,-0.006741572629580382,0.010019276211683496,500
25,shock_x_occ7,0.01012832162805665,0.0073172329032134085,0.00750526657127822,-0.004614071523108332,0.024414133017548467,-0.0032869124378970467,0.021900050309756527,0.002951420486780987,0.017195652018507486,500
25,shock_x_occ8,0.0014331532159945692,0.005849160543023981,0.006091767523923012,-0.009642861901281094,0.014245081781851101,-0.00837083456967929,0.01304705326876434,-0.005024386682330784,0.006911294902894677,500
25,shock_x_occ9,-0.0009197169145538957,0.0053609606423240435,0.00517994519270209,-0.0114512074845224,0.008341286269648153,-0.009785646800525225,0.007426065295929226,-0.006456924646068001,0.003935172271242997,500
25,shock_lag1,0.005286824266054424,0.0037152422527486416,0.0038870068978350634,-0.002470759310190455,0.012885380427203618,-0.0015703169271522421,0.011455314921191319,0.0013882236510026735,0.008960161688268221,500
25,shock_lag2,0.0029987390880384488,0.003361699884599662,0.003603224626506988,-0.0038333099771131396,0.010085720310934576,-0.0027478702105824117,0.00913972969790797,-0.0006743009892651248,0.006733919782932182,500
25,shock_lag3,0.0003755409988167381,0.003211322837399775,0.0035717737624256923,-0.0065901104675444595,0.007460626008641634,-0.005737813410943112,0.006711766457638734,-0.0031274620714847588,0.003962218175179068,500
25,shock_lag4,-8.993684463432463e-5,0.0031239616991255987,0.003412884433982509,-0.006918633910446448,0.006584236242737636,-0.005759518485332432,0.005375878995845273,-0.0038173681766932757,0.003066001476718193,500
25,shock_lag5,0.000645234975917925,0.002884681894523729,0.003128943673778412,-0.005969527660317135,0.006389994046880822,-0.005319794306895341,0.005565566200184046,-0.0031784367390150373,0.0031235536854383114,500
25,shock_lag6,-0.00057678621303785,0.003075945288094979,0.003367803973896588,-0.00804784309585438,0.0048777676389589845,-0.007118241076213873,0.004164576479140394,-0.0042672522477785685,0.0021285078987130363,500
25,shock_lag7,-0.0009921965417234526,0.0030121627661924924,0.0032296648960570516,-0.007297100888336136,0.005545909482011207,-0.006025798997610208,0.004477588014502512,-0.004089650287406519,0.0022342722292473544,500
25,shock_lag8,0.0008077491702651033,0.0030126619788383,0.0029157271342927327,-0.005072107026551991,0.006476298845154589,-0.003692750136447826,0.005653973940639134,-0.00175675167085113,0.00384781047896161,500
25,shock_lag9,0.0017933223943639863,0.0029960575479673233,0.0029725062647800037,-0.002924321173100101,0.009067214095257424,-0.0022309604265126253,0.007478874609235311,-0.0007060302157583793,0.005224445837865673,500
25,shock_lag10,0.0028317945441668295,0.0028464571651468733,0.0029557294981982576,-0.0020515948866324457,0.009678119515007879,-0.0010266017410204273,0.008836437295708524,0.0006080418305796333,0.006417423720708117,500
25,shock_lag11,0.00036585041900610426,0.002842812435408585,0.0029629672415214746,-0.004565841576058067,0.007061672565035178,-0.0037571439535883174,0.00580611437475358,-0.0021354113925313055,0.0039321533003321765,500
25,shock_lag12,0.0038148257714813,0.003344593559608224,0.003474223652649101,-0.0019195370491203025,0.01127005249611586,-0.0009198851641010494,0.010542432169340055,0.0007598574788504382,0.007766378257267959,500
25,log_oil_lag1,-0.04747156146663457,0.008874323486323516,0.008250170275722373,-0.060835300360097724,-0.029996493449362484,-0.058615141625836316,-0.03167794431617974,-0.054218910662048474,-0.037177005492773765,500
25,ffr_lag1,-0.007997577911074675,0.0017689296765265583,0.001591616802584626,-0.011339864895013912,-0.004978402712331943,-0.010770836041056386,-0.00545848299103154,-0.009581695478515274,-0.0065433274921598405,500
25,log_rincome,-0.033142979878155204,0.23719453110525732,0.2334311110885647,-0.5242410192470734,0.3690731058755361,-0.4407441580227129,0.3108330115829609,-0.2803073635495311,0.1658590272683213,500
25,log_rwage,-0.22638744993183021,0.2358152359099856,0.24061208798387024,-0.644691239178214,0.29054824836683735,-0.5712233294905219,0.20063101139615963,-0.421879480832404,0.03976658473490642,500
25,age_mean,0.007496605785225211,0.003459888913354115,0.0030586772392837613,0.001653608305252073,0.013103522978145583,0.0020965153313911578,0.012039998254291834,0.003945718601273463,0.010214771327911725,500
25,female_share,-0.17028441938690547,0.06257318757306728,0.05767412750884266,-0.2756765478371511,-0.057891222465844744,-0.2639161585109043,-0.07227552117333025,-0.2273209297424758,-0.11242961980070379,500
25,married_share,0.11021329457841675,0.09622933648136693,0.09001931619928676,-0.03247776096855635,0.312916438945107,-0.01195221455643877,0.28072045445228094,0.040306812500851504,0.2225894318033358,500
25,hours_mean,0.00848747147597879,0.007306939139637496,0.0072174063111985955,-0.0039037525538696714,0.022820338671799785,-0.001985016256595756,0.01986272312186318,0.0014833215149178364,0.01618137280535613,500
25,unemp_rate,0.5052089641359501,0.17588282678667091,0.17529907032528444,0.13767332876824157,0.8549533375098499,0.21228343606680347,0.7830827563955419,0.32541727105624274,0.6687638665140547,500
26,intercept,-7.076902711679881e-8,0.0031613715026940635,0.0028370551558857364,-0.00505956662813728,0.006049922211621657,-0.004485741671778617,0.005048331153217447,-0.0026593425871055346,0.002856846407319225,500
26,shock,-0.007743630568136431,0.005826311950895209,0.0056746999163621685,-0.01969376028547017,0.0027243086821232007,-0.017482416609180342,0.0009927712413251046,-0.013370079986325068,-0.002025260582372422,500
26,shock_x_occ2,0.0005811933283929953,0.005544267529617942,0.005524134641330856,-0.010396694648525303,0.011943815906995801,-0.007759409824804925,0.010197367451699814,-0.004696507650729987,0.006294466795588459,500
26,shock_x_occ3,0.011362660450498073,0.005769308237321609,0.005664302269024296,0.0011799513988586452,0.02359385352869813,0.0033033197740286488,0.021806676528885887,0.006231160350206745,0.017627779213071827,500
26,shock_x_occ4,-0.002173783693444222,0.005181749273194597,0.005079730763418737,-0.011844312757879262,0.009060977253620917,-0.009819521349226475,0.0071737774359217025,-0.006895577342050975,0.0030656795134363407,500
26,shock_x_occ5,0.0030138534945692635,0.005245481401177463,0.0053166439872461314,-0.006830158882911116,0.013671011259622688,-0.005500016677209767,0.011804784067182326,-0.0018104832372739903,0.008568740162040575,500
26,shock_x_occ6,0.003568298308978746,0.007282708280616371,0.007404849723873748,-0.011385620302606946,0.019105708660458683,-0.008308327110488746,0.016219713057958968,-0.003122171684208695,0.01091924795829786,500
26,shock_x_occ7,0.014460655357831555,0.008016652692757906,0.008638862814100182,-0.0032183182744944484,0.030056786500396712,-0.00036401807681512796,0.028084431154787648,0.005715765084894346,0.022540791061582424,500
26,shock_x_occ8,0.003266845887820254,0.006079474926995941,0.005658706791563077,-0.006926763786636579,0.014561938314167258,-0.00532000267104899,0.013402521402888086,-0.0016325979653394364,0.00915106283006574,500
26,shock_x_occ9,-0.0008769173953119556,0.0048958717354670965,0.004906255802298659,-0.010319687381784246,0.008187190460528971,-0.009143492772592621,0.006832947691629247,-0.00590231563631733,0.004008876587170057,500
26,shock_lag1,0.005459166638721071,0.003909975508482848,0.004000481596631634,-0.002816307791148789,0.012482584223716172,-0.002103683285867208,0.011455978269681087,0.0009581828163695183,0.009234421489846186,500
26,shock_lag2,0.0025452510768641918,0.0033478220439040634,0.003403002179302112,-0.004335098994908479,0.009016130183641266,-0.003560855885341221,0.007961402621457522,-0.0010636145195079237,0.005922331409482251,500
26,shock_lag3,0.000313022309141548,0.0033849005967097686,0.0035401532510499017,-0.00693857195380887,0.006604013192508662,-0.005690667075718097,0.005946711226192866,-0.003192849558227924,0.003894365562651681,500
26,shock_lag4,0.0005779387563839619,0.003224592097933892,0.0035190681156687374,-0.005893071606970575,0.007763462341928987,-0.005008000686293933,0.006679443588069627,-0.003092424770743901,0.0038813263055600547,500
26,shock_lag5,-0.00011201319482599678,0.002990607889436865,0.0032099340592358465,-0.006518230443382374,0.005968994907014583,-0.005424802610012372,0.004791826247607196,-0.0035522407961642143,0.0030579253972329292,500
26,shock_lag6,0.00014706450783974465,0.003244515961504986,0.0033372232528070143,-0.006581969559401872,0.006099375485373407,-0.00559613471802659,0.005417258284495812,-0.003355943341282753,0.003292506353484539,500
26,shock_lag7,-0.0002712305248026404,0.003024584176343117,0.0032149243230323744,-0.006878403397192168,0.005726509484104391,-0.005859206368368121,0.0050586206004345985,-0.003596882686271807,0.0031105046281826275,500
26,shock_lag8,0.0022191330516289735,0.0032149680573887248,0.0031485557932131943,-0.003481059923007736,0.00883835532839942,-0.0029207526265751394,0.00740065495155988,-0.0008188046957915034,0.005652915834107528,500
26,shock_lag9,0.0022624928067120835,0.003395314320231867,0.0034596516606388962,-0.004268061222963575,0.008978450593253265,-0.00302755665161686,0.008084152360631822,-0.0009141695372282205,0.005664919674368507,500
26,shock_lag10,0.000962677661154782,0.002948886344991791,0.0030983200268935407,-0.004542308810310594,0.007234647189941162,-0.00385611174758521,0.006274617970891421,-0.001973129374471471,0.00418983001497898,500
26,shock_lag11,0.0054261731472999685,0.0035741767835159926,0.003784223105542959,-0.0017585346025662126,0.013709427126641829,-0.0005875268868344026,0.012114142470694063,0.0018561069216683638,0.00896376760549528,500
26,shock_lag12,0.004656133839800929,0.003196762216602779,0.0033059361635453034,-0.0016959318193159856,0.01116235863215933,-0.000694492780918874,0.010350611363289344,0.0017058923389801986,0.008385461763881856,500
26,log_oil_lag1,-0.05112465492319127,0.008809961231208654,0.008210033987477732,-0.0650774389861696,-0.03230626797108378,-0.06215659896698621,-0.034665315076701994,-0.05757001617884459,-0.04190564921394622,500
26,ffr_lag1,-0.007370982922263776,0.0017805890839997444,0.0015781871537756222,-0.010370930193328257,-0.004364815020724048,-0.009970647445681753,-0.0047784877448863216,-0.008969914929725225,-0.005859359220566747,500
26,log_rincome,0.02698447062958619,0.2589160348630537,0.2692303281360489,-0.47994292731780797,0.5627894272615703,-0.42302787003708486,0.4310144355810431,-0.26068522907298664,0.27570275042686876,500
26,log_rwage,-0.30095824958984835,0.2601079711165783,0.2693060650576692,-0.8444118850939695,0.19862998307372431,-0.7295809057136196,0.14913862297488986,-0.5660658202878869,-0.010551457581869601,500
26,age_mean,0.009665657637995243,0.003563482258386827,0.0032479295329759564,0.003082152685484355,0.015826032775013647,0.004111448710900095,0.014746810004158454,0.006139688341034617,0.01275337930598894,500
26,female_share,-0.18640529633317568,0.06383023762868702,0.05575335414499714,-0.2999746056562149,-0.0797567566138639,-0.2861930153725454,-0.10066661739567401,-0.2421148192063754,-0.1333897199632253,500
26,married_share,0.14718932432558657,0.0941646918810877,0.08539235903850238,0.0028501948040648645,0.3257867695691133,0.027027116630138185,0.29562775424173693,0.07626830356085759,0.24575972347759964,500
26,hours_mean,0.004579244307375907,0.008465751211475346,0.008662526296326937,-0.012268177573541136,0.020686145985966596,-0.00981653286529709,0.019026503672011287,-0.00413826562171977,0.013356846155858687,500
26,unemp_rate,0.5839323819525507,0.16639456394443677,0.15634504102560842,0.25846352999394767,0.8725705333784743,0.3112628582302839,0.8401919679682801,0.4113323724126438,0.729106160790505,500
27,intercept,-6.556616774777175e-8,0.003215616382683487,0.002901455487071758,-0.00527694835994018,0.00615075514335961,-0.00443131069740517,0.0052812041916403376,-0.0024704880652483,0.0031885209763045583,500
27,shock,-0.00783908269526673,0.0053668968933735335,0.005976367318234774,-0.01931805390821688,0.003200487352490731,-0.017268965520311902,0.0017627427531251385,-0.01351083449688357,-0.0017271314359240159,500
27,shock_x_occ2,-0.0012471857185505834,0.00527949397850807,0.005889643320215709,-0.011977863566116093,0.010777690669814747,-0.010552845345559394,0.008926871707781371,-0.006823354149429056,0.004827461620625707,500
27,shock_x_occ3,0.006556020904352154,0.00525881907889611,0.005252029528574105,-0.0029683113743555556,0.016541503751705676,-0.0011964895283430687,0.015583798209014465,0.0015394843725969262,0.012208875100692605,500
27,shock_x_occ4,-0.0010498344097541231,0.004826044416982954,0.005502053427655145,-0.012117434566436788,0.009750673359468085,-0.010208201979042692,0.007583650097497681,-0.006212853985714097,0.004239648606082004,500
27,shock_x_occ5,0.003318921775851044,0.005313727383517523,0.005934146899325132,-0.007277576380690798,0.014716804606357985,-0.006142980396911924,0.013467587570753321,-0.002308776138962452,0.009479046137862122,500
27,shock_x_occ6,0.0013180374161526757,0.007316334599432864,0.00795432813018228,-0.012854378040250806,0.01727014712243105,-0.011583098723984666,0.014937426406145411,-0.006099408315721671,0.009509485582542828,500
27,shock_x_occ7,0.014765601457981078,0.008920184638274724,0.010108151792973329,-0.005945933173302611,0.03332976720021279,-0.003081029486687877,0.030277792422563538,0.0042773196577867,0.024499863826655758,500
27,shock_x_occ8,0.0035838549521719997,0.005916674160239183,0.006265826898700962,-0.008467656413064299,0.016446154008076093,-0.0059143168799686155,0.013749723020202565,-0.0024350821131692247,0.009741911064670893,500
27,shock_x_occ9,-0.0004914090789238898,0.004587530987362623,0.00493493227752134,-0.009273157535757843,0.009410450572165892,-0.008271598582672138,0.007762033831719505,-0.005759150169876916,0.0038288384293193173,500
27,shock_lag1,0.004812536882605936,0.0037185087135639438,0.0042154133533076656,-0.0035745984424880605,0.012301392628030516,-0.0021418496972839874,0.01130147000208454,0.0004142021424719637,0.008903429440782713,500
27,shock_lag2,0.0022484798483454888,0.0034193933517443547,0.003883671917057448,-0.0046438609804853575,0.009959632065613972,-0.003837426981547611,0.008926047898752431,-0.0016445332676411845,0.006401486365736854,500
27,shock_lag3,0.0007554892010416221,0.0034951715270014586,0.0039272389952334594,-0.006646109952132592,0.009082030655326982,-0.005207314727429222,0.0077748024261778195,-0.0027387850368247968,0.004903588039840595,500
27,shock_lag4,-0.000557018422157369,0.003402627846888176,0.003493282177564083,-0.007730530536424958,0.0060010562567056865,-0.006101495610122829,0.0046801128550295135,-0.003981678305533222,0.0029039955166558825,500
27,shock_lag5,0.0002635050304316837,0.003271455928129154,0.0033452246443520977,-0.007125284123535255,0.006119655305062794,-0.005681330185468271,0.005143467167358872,-0.003391659669695673,0.0033537363298712236,500
27,shock_lag6,0.0007106268877966623,0.003212090136343603,0.003357034152839516,-0.006335756382417252,0.006892828264774812,-0.005206705596804414,0.0058338154549998755,-0.003053809263311666,0.003615205095423209,500
27,shock_lag7,0.0004634758984867605,0.0032625630258564086,0.0036054560989568184,-0.006503942264818697,0.0076307008597254165,-0.0056429713247360125,0.006425028521924427,-0.003306961838173697,0.0040523518449209674,500
27,shock_lag8,0.0026084720716408752,0.0035999475866613016,0.0036013740335509065,-0.004459408728139899,0.009861823419292218,-0.00310526079969018,0.00857360127838793,-0.0007412798441696746,0.006343231334702257,500
27,shock_lag9,0.0006254495876723095,0.0034553880471393126,0.003474805327010204,-0.005333011700188318,0.0075803202737757085,-0.004475167179708723,0.006334677047159877,-0.0027129398998326426,0.004583348160525529,500
27,shock_lag10,0.005219512554273669,0.003747764165317974,0.0038243026810276214,-0.0016348669075442889,0.013369607559061731,-0.0005964761602103579,0.012233524000036102,0.0017460343208333718,0.009382994671326547,500
27,shock_lag11,0.00586788621196273,0.0033918906524293773,0.003485258806628439,-0.0010144287721854171,0.012741823689471153,0.00015077023110984352,0.01179722317407116,0.0027885999963517746,0.009547109346348365,500
27,shock_lag12,0.0038656365614421644,0.003007073887895805,0.003202778018304025,-0.002327196980872938,0.009967588847471572,-0.0017034500209794795,0.008913850980610004,0.0008744588952003461,0.007180766275184902,500
27,log_oil_lag1,-0.054090389876684075,0.008437808294664915,0.007615644511513682,-0.06863927439016027,-0.03864248872773063,-0.06590244368887811,-0.04038773668882203,-0.06093076905059595,-0.04590754394086997,500
27,ffr_lag1,-0.006385443891312891,0.0017497219145732202,0.001617533155712433,-0.009455161289496222,-0.0030201515745454707,-0.008848935735925805,-0.003668961825465138,-0.007963160922835588,-0.004767830032653022,500
27,log_rincome,0.06191153378091233,0.2475730423032832,0.2604979062621066,-0.41980116428832037,0.5892405675909975,-0.3691600908312823,0.47841087532250887,-0.18498961852302717,0.3339440072233666,500
27,log_rwage,-0.31798352558248333,0.24963117408060181,0.26320033442158997,-0.8628326328874245,0.17634952911548066,-0.7447922675462078,0.10757764587104303,-0.5738353673112685,-0.05464226563981174,500
27,age_mean,0.011100707274275262,0.003633336728748957,0.00335714677468582,0.004347926078347365,0.017568324293643144,0.005435375810163112,0.016365511991946243,0.007801840725883035,0.014341620560193846,500
27,female_share,-0.19657205868331276,0.06091326184848995,0.05562727279776933,-0.29536667269650696,-0.08480516194870064,-0.28018349288060745,-0.10322025128907394,-0.25135202772877385,-0.13793397464480373,500
27,married_share,0.15988847973183426,0.08599909786696419,0.07954105554858887,0.026204516408487533,0.3360423486818246,0.05158513732420843,0.31275739926499735,0.0983954645754029,0.2570131997738163,500
27,hours_mean,0.001841973125946867,0.008193697867309557,0.008754141346532384,-0.016158118562116516,0.01853376520918454,-0.012308842127325711,0.015216563506772699,-0.007698658702129315,0.009751482321575636,500
27,unemp_rate,0.7189526281364614,0.1585834201320205,0.15537093392902707,0.44354312795140305,1.0124718999002738,0.47809101400155635,0.9813972742559761,0.5792764251765516,0.8895537580670885,500
28,intercept,-6.811795182907903e-8,0.0032794411158240983,0.0028223557712693604,-0.005032018917561949,0.006049106315543841,-0.004025495026843712,0.005307269661824333,-0.002089506697729879,0.003356108155132744,500
28,shock,-0.01025058149555667,0.005324768708366349,0.005674350821161399,-0.021266050189532724,0.0013710787942618748,-0.01882648471159906,-0.0005746817122464667,-0.015040955586649427,-0.004015177671829307,500
28,shock_x_occ2,0.00022828397094827693,0.005456435301588757,0.005736919989977216,-0.009910855585782941,0.01209359631277425,-0.00850648931822658,0.009941294993642566,-0.005427540411866307,0.006145891258806934,500
28,shock_x_occ3,0.009928670082745002,0.005374901401746699,0.005438332911501964,-0.0003862589874208698,0.020459232529449485,0.0014597614916572307,0.019375230230749312,0.004448770350227345,0.015465656920818149,500
28,shock_x_occ4,-0.0004299178748279704,0.0049956865942719685,0.005621867994675779,-0.011383399138645953,0.010265764457117136,-0.009111780826703057,0.009240264066407534,-0.005923287119104257,0.005348975786575185,500
28,shock_x_occ5,0.004720810289636542,0.005344304316421132,0.005747949941878207,-0.006121248408523239,0.016740363015966576,-0.00448047977793439,0.01456728063737687,-0.0012972589878102938,0.010228719210689399,500
28,shock_x_occ6,0.0038224361232153305,0.00746228309829106,0.0083590076244792,-0.011726913738171339,0.02126348067160983,-0.009415084591942458,0.017304913588963303,-0.0044954989666163665,0.012069656270955584,500
28,shock_x_occ7,0.012847499171693859,0.009305202520979628,0.009834342791870928,-0.0071879309051546166,0.03058771371592929,-0.0038358393152112167,0.028653096001251863,0.0022082732627920583,0.022250921780710295,500
28,shock_x_occ8,0.006049158589188284,0.005313246301677618,0.005292630827324546,-0.003664717351606177,0.017008732467520982,-0.00235294567156058,0.014956685440095473,0.0003629734614390551,0.01115579720013705,500
28,shock_x_occ9,-0.0010128791055568395,0.00460392707852642,0.004382204570264897,-0.009344654008168807,0.007108233899075628,-0.00816708589305437,0.006151590407125382,-0.0058154491930109565,0.0029744413933030698,500
28,shock_lag1,0.004176926362891544,0.0037002946423639964,0.003917515438604845,-0.004158616932194782,0.011154815100963453,-0.002825737456493449,0.009841672761009106,0.00022612807754587646,0.008089950455621638,500
28,shock_lag2,0.0028049923250490364,0.003596325956310926,0.003843499657282572,-0.004402625312080697,0.010230458445424417,-0.0034621389682108687,0.009163823743652783,-0.0012162881824003143,0.00650159878894828,500
28,shock_lag3,-0.0004545551455238989,0.0037014626718851673,0.0039604435161240395,-0.008077567289689499,0.007499246090581923,-0.0068176616169408856,0.006292441945712422,-0.004480479446722176,0.0035064874973048644,500
28,shock_lag4,-0.0002929193324783499,0.003709014924898882,0.004085809100128216,-0.008296708731184354,0.0071177722316407115,-0.007085486523839203,0.006303337700223694,-0.004533778429115192,0.0036099564085563837,500
28,shock_lag5,0.0004892889727557765,0.003284847922310151,0.003492874634643753,-0.006300897573783825,0.007168320376385472,-0.005533352868141686,0.006338290162693276,-0.0029391361768084773,0.003874841313632502,500
28,shock_lag6,0.001511185386976656,0.003418835490890568,0.003466322317302558,-0.005052594673083543,0.008607250497250182,-0.004170246646280447,0.0073322572780629,-0.001998943707634989,0.0048619108403596765,500
28,shock_lag7,0.0006711274586719732,0.0036228465596115345,0.003843100412453494,-0.0065116233192146315,0.007670116623769055,-0.005696087969304589,0.007020544840110234,-0.0030606281693122406,0.004473020809022194,500
28,shock_lag8,0.0009113452578982403,0.0036405417983934305,0.003664776132600348,-0.006133847471826704,0.008538331445151207,-0.004887328343065488,0.007130640068004191,-0.0020406992098894287,0.00459953797423819,500
28,shock_lag9,0.004348971752741445,0.004157429849039258,0.004300214826666166,-0.004126212292145083,0.012879673106856344,-0.0024928238922602938,0.011831233210238445,0.00035573821529336167,0.009067930765951656,500
28,shock_lag10,0.005486289686831747,0.003587405204530854,0.0037974808984264875,-0.001073141157303526,0.01284518612326369,-0.00025343734576214685,0.011996849810420594,0.0015237222225226877,0.009380787154779588,500
28,shock_lag11,0.005072400713402594,0.0033971645058324955,0.003369805102874531,-0.0016083082600454927,0.011638720390667275,-0.00022330362705471783,0.010777294185717035,0.001649703946602307,0.008419632838667599,500
28,shock_lag12,0.001520483266874775,0.00319612543439746,0.0032979079490797177,-0.0050476716325853835,0.008234278204206072,-0.0036508289104607893,0.007246811967925604,-0.0012299560914945439,0.004925112595323187,500
28,log_oil_lag1,-0.05590826268984873,0.008208781356506737,0.007783135304980497,-0.0701679537303018,-0.03836849500884408,-0.06793204719782932,-0.04236175762442575,-0.06269715420508908,-0.04766065189144348,500
28,ffr_lag1,-0.0054753201884379455,0.0017536190276585257,0.0016982059541937181,-0.00892965958245474,-0.0019868311367838743,-0.008321657809263847,-0.002705362673354899,-0.007168545645195631,-0.0038566786994355447,500
28,log_rincome,0.07041885796098045,0.2356119494311273,0.2365334911037673,-0.4026734519802334,0.498514445893691,-0.3350058654517472,0.4291763624623741,-0.17876213694757004,0.26536555522170036,500
28,log_rwage,-0.30476978815876427,0.24102843782120434,0.2442566245023028,-0.7316904608721889,0.1917971754155312,-0.6732581176450092,0.10098818271607998,-0.5134321262908429,-0.03984853191817261,500
28,age_mean,0.011908439529131693,0.003829229943931028,0.0034340199272921202,0.005296356320000769,0.018317232938543024,0.006331612932392466,0.017630068149258507,0.008409909411538772,0.015353220900786899,500
28,female_share,-0.18450769705266537,0.059318694639438674,0.054306749497309924,-0.27912568931446397,-0.06755160284777922,-0.26154503303799914,-0.08323164040844934,-0.2258356306712541,-0.1201848578166986,500
28,married_share,0.1735492589411299,0.07970623306913288,0.07032501654179976,0.05557825439743598,0.3249898910314787,0.06927763069597552,0.29488993203735747,0.11306317121867177,0.2527561452242417,500
28,hours_mean,0.0005176743998702032,0.00795253859353478,0.007849746274082295,-0.013334458303995,0.01675699990775121,-0.010832061759214508,0.014220900220897933,-0.006367707911792804,0.008672389330079026,500
28,unemp_rate,0.8735354607164865,0.1605802637288766,0.15771851515492685,0.6174302228466024,1.2106918289318833,0.6622763702273091,1.1593587178483773,0.741861125501883,1.0650476997656289,500
29,intercept,-6.810285454514909e-8,0.0033111085075608012,0.002780916691336889,-0.004970045711006645,0.005912618583361466,-0.00436846771678746,0.004920062378626477,-0.0021979354939334066,0.0033220893775304247,500
29,shock,-0.010675785746902484,0.005323466466738374,0.0057887478772254254,-0.021788364547681523,0.0008131298374363567,-0.020212474028637316,-0.0014461834534725143,-0.016433922564578915,-0.005001150882216058,500
29,shock_x_occ2,0.0008653515812544285,0.00550562072137346,0.0058675866758404515,-0.009704834036548302,0.012776416162297516,-0.0074835873493677525,0.011169991068514238,-0.004340872096354504,0.00691219287294862,500
29,shock_x_occ3,0.009804415116051691,0.005206499943707478,0.0053053987316616525,-0.000576735711837218,0.020333651900192595,0.0019098473759162685,0.018715102692657987,0.004916735334133998,0.01530089979356285,500
29,shock_x_occ4,-0.00017089459827737596,0.004701421577364699,0.005409311438849463,-0.010292388331746342,0.01027317149403617,-0.008446477008398408,0.008968648903841143,-0.0052290254773211566,0.005236424873274216,500
29,shock_x_occ5,0.005416409230294461,0.0053158301651058185,0.005953885715684851,-0.004810491644976923,0.018140952900102533,-0.0034356751729204553,0.015991853576398225,-0.0002760813616813491,0.011674750473773305,500
29,shock_x_occ6,0.004697294824749252,0.007638439855581798,0.008422635672502001,-0.011901294882929505,0.021987367539230397,-0.00957089319379505,0.019009593392275547,-0.00358969496067722,0.012741667427781347,500
29,shock_x_occ7,0.008098007384092538,0.009162308252084334,0.010293221295062084,-0.013143064641776343,0.027573727290806937,-0.008212300711739246,0.02410080663078831,-0.002289679532838315,0.018519530652787136,500
29,shock_x_occ8,0.0034508619747338574,0.0052372342927508985,0.005899520402445356,-0.007804972294965256,0.015299471967050296,-0.0060591506595873345,0.0131098103461211,-0.002154164918301186,0.009443806329848056,500
29,shock_x_occ9,-0.0023062659720263098,0.004597468632774703,0.005074400722922298,-0.012442244640462962,0.007347107220496458,-0.010778164547091733,0.005994182861213566,-0.007232537577391805,0.0020155661185368187,500
29,shock_lag1,0.004658942062893904,0.0038645942257526803,0.004369141358931054,-0.0033301817244279965,0.013305825196291143,-0.0024487413170376465,0.011697832483925969,0.00036042628928217846,0.009393342038885255,500
29,shock_lag2,0.001937207492505495,0.003694395068013975,0.0040421215018925215,-0.005675095385399764,0.010616214142897613,-0.0043218469226387075,0.009409678732159029,-0.001861155276738912,0.006078327263158305,500
29,shock_lag3,6.004409942431411e-5,0.003969227979359753,0.004327672479649864,-0.008534114593791005,0.008161037367958424,-0.007220494952419767,0.006816023083032227,-0.00411749141219696,0.004379382515712819,500
29,shock_lag4,0.00036249154803586744,0.003633197558143876,0.0040542606827111876,-0.007643152344026354,0.00830218861921282,-0.005889723233718007,0.007290761908283863,-0.0032882387062048136,0.004764189402040095,500
29,shock_lag5,0.0014545028822550458,0.0034395845546196986,0.0035993837090715656,-0.005637572982019816,0.008813649229005925,-0.004332742814778678,0.007832441410930254,-0.0020032481784461086,0.005084661749469895,500
29,shock_lag6,0.0021280853114197832,0.0036746169387760685,0.003836212003786333,-0.00510718728037805,0.009769876024214419,-0.0039061010786531933,0.008638133701484432,-0.00147208734514208,0.006031238663963822,500
29,shock_lag7,-0.0008503256003471464,0.003633863703208271,0.003981477189406188,-0.008354676513428992,0.007179589610133355,-0.007350005921982647,0.0059788623651099645,-0.004463545063081196,0.0034717577848997353,500
29,shock_lag8,0.004777032513979277,0.004198832202904373,0.004192301907848332,-0.0021635555960189856,0.013797808400677302,-0.0008844366483853157,0.012151298766978038,0.001344227904964403,0.009865290078928973,500
29,shock_lag9,0.004688548839883102,0.004042903693281157,0.004080592283685256,-0.0027204644799983867,0.013517356806632134,-0.0016550853883373557,0.011644053893343623,0.0009368287613684087,0.00915860312565654,500
29,shock_lag10,0.004833301532588241,0.0035217854121811017,0.0037610369849579114,-0.002264024913206027,0.012048651702503986,-0.0012672577132137825,0.011371551925368147,0.0012595858435039287,0.008644233904569887,500
29,shock_lag11,0.002925989292861283,0.003561239375620055,0.003703854009600712,-0.004099307826544288,0.010352522723021538,-0.003317264055448745,0.008840900679302268,-0.0011041072160617384,0.006586016950112711,500
29,shock_lag12,0.0014659835987072788,0.002921540009986979,0.0030446240338021036,-0.004442741990480317,0.007264228289697514,-0.003773394069773773,0.006659178379959531,-0.0017300028936284356,0.004383008459107596,500
29,log_oil_lag1,-0.05788766329547927,0.00817835797809139,0.007676964758070742,-0.07176443609024591,-0.04139866074944561,-0.07009702920915604,-0.043903395514743274,-0.06419968247137502,-0.04923040008810372,500
29,ffr_lag1,-0.004806949400700513,0.0017211299218518126,0.0016687660927747804,-0.007425481561755928,-0.0013776051120370464,-0.007028843813050989,-0.0017461173468437295,-0.006330396376588068,-0.0029452470847449565,500
29,log_rincome,0.04891138754652623,0.24243617583069682,0.24669899075374038,-0.43472491937482005,0.539134635814742,-0.35516529498057453,0.4344123082775645,-0.21471238516600055,0.2896969957480137,500
29,log_rwage,-0.2744915783016368,0.24877456597531575,0.2560201929054104,-0.7684368850337413,0.22225006456903487,-0.6806975356562123,0.16248520554278192,-0.5203111924721167,-0.006582369653926116,500
29,age_mean,0.013254548335731673,0.004004692137395468,0.0035008486519244072,0.005602289463111804,0.01970159730943035,0.007356631507125516,0.018676543548317194,0.009850597625360178,0.016460908660648706,500
29,female_share,-0.1956146148828769,0.05906362830348227,0.052835177079936346,-0.29004877070172935,-0.08473332924486061,-0.2760442352440985,-0.10557096982383032,-0.2459728488346388,-0.1361172718883251,500
29,married_share,0.20231754155839557,0.07539576460236082,0.06920929875013014,0.07747714571730688,0.3471190789459688,0.09352571619648717,0.32791725045872366,0.13602195616724133,0.27759486348772594,500
29,hours_mean,-0.0007623174172561785,0.008030286120527922,0.008052592543891098,-0.015502823279366225,0.014511019661977528,-0.013908618543146109,0.012907928354123542,-0.008841510542298057,0.007844170910639587,500
29,unemp_rate,0.9616119600285596,0.1699045620414026,0.17221564093533528,0.6826390642882232,1.3622355768358925,0.7375524946215417,1.2842052272066922,0.8207470200307551,1.1479194117048659,500
30,intercept,-9.074283608841922e-8,0.003287323953286184,0.0027527569128145283,-0.0048605243378938776,0.005622302390493952,-0.004023437090743972,0.00497965099770629,-0.002258134494483264,0.0033152965375998888,500
30,shock,-0.009869146385100664,0.005416776417091553,0.006145239676209217,-0.02052554212828634,0.0022563012641316034,-0.018839766222026263,0.0006651042089129201,-0.015453788805881509,-0.0027126678690916036,500
30,shock_x_occ2,0.00036101992396661716,0.005154757523935086,0.005729720997155527,-0.01083572010501449,0.012408093870647821,-0.008388863733017869,0.010594318821493242,-0.005344539815709611,0.005569189900088479,500
30,shock_x_occ3,0.00984936919780765,0.005074072098101379,0.0049609141057199765,0.0006760129093126286,0.020302544747379796,0.0018449007212791373,0.017944345671931143,0.004651082681522465,0.014801493592970878,500
30,shock_x_occ4,-0.00043573656055673405,0.004723889016322846,0.005709164848013886,-0.011372637569510916,0.010624947539701224,-0.009933085407030735,0.00867486385188515,-0.006244522583380073,0.004991945174962512,500
30,shock_x_occ5,0.00598904275621623,0.005090321345963854,0.0058120439026300786,-0.0051345279340052246,0.019309255705438337,-0.0034866581663695177,0.015676595264262124,0.0004016891839571337,0.011082762229227602,500
30,shock_x_occ6,0.0032226134424402433,0.007651143247377872,0.008552368446119589,-0.01353113755314891,0.019174073660065696,-0.010661136825081421,0.016658233417374733,-0.005925040206577646,0.01174680979735113,500
30,shock_x_occ7,0.007527800945897879,0.009627648934018398,0.009880327445976193,-0.011134076445885963,0.025803416000499558,-0.0095233067410495,0.023218147195919754,-0.00268741494223272,0.017304716794231692,500
30,shock_x_occ8,0.003136305677140023,0.005038369648140627,0.005310329069052384,-0.006882713722804764,0.013586767604184546,-0.005586035802063307,0.011967274545304402,-0.0022197478646006252,0.00805135077051024,500
30,shock_x_occ9,-0.0036898535443045492,0.00447695196918092,0.004483066606619824,-0.01250131326995517,0.004733334260825551,-0.010981739941696888,0.0038146594982229522,-0.008067129358318487,0.0007138336244142953,500
30,shock_lag1,0.0038453893001133125,0.003859033892159401,0.003999558665829997,-0.003736308362225902,0.011517763339290346,-0.0027579453161321174,0.010415141947628614,-0.00018339887177826918,0.007982229762750741,500
30,shock_lag2,0.0027274674871541793,0.0037944708551220434,0.003982122673827279,-0.004797095270216181,0.010416765883085578,-0.003966128895620589,0.009101860438699606,-0.0016675377052222337,0.0064941397349868235,500
30,shock_lag3,0.000970354143836264,0.003741690376200988,0.0039794256732439,-0.00587137195242856,0.009454186860790104,-0.004941912465846059,0.00740391617754577,-0.0028271810481115545,0.004942046788838301,500
30,shock_lag4,0.0018262992057850069,0.0036384226504721623,0.003861692527904038,-0.005060539402417053,0.009614074874951608,-0.004170025373138821,0.00857673559701911,-0.0019701174409888092,0.005700695581432453,500
30,shock_lag5,0.0021207543365335765,0.0035229649398818524,0.003637712020642657,-0.004598688996198577,0.00921353467817642,-0.0038062026366431517,0.007960522585443976,-0.001434961291668307,0.0058023571718760925,500
30,shock_lag6,0.0007996284360871773,0.0035215798334468757,0.003733610988158252,-0.006851001885276221,0.008139805791196785,-0.005317017229973747,0.007017864637669839,-0.0029209712297623767,0.004433885612662962,500
30,shock_lag7,0.0035223323955363493,0.00406720682514483,0.004273328386448307,-0.004009832237745281,0.012906151797652726,-0.0028777676318281465,0.011422947332558572,-0.0003946043946156557,0.007827825734616831,500
30,shock_lag8,0.005429734519269766,0.003878540878393625,0.004009168104805695,-0.001689853639795578,0.013562246345193537,-0.000626419848737025,0.012607800700280338,0.0018975619629561095,0.009884310224748016,500
30,shock_lag9,0.00361861936604524,0.0038274323277690406,0.003852896821065943,-0.0035142421822929905,0.011204214559389258,-0.0026597117361121117,0.010014794914968575,-2.796977451551806e-6,0.00789906521559827,500
30,shock_lag10,0.002843828604814618,0.0035884465431768376,0.0037435752862172234,-0.004587935727297184,0.00992213387389678,-0.003162841953661323,0.008666326205289263,-0.0010145354059321364,0.006383311739447723,500
30,shock_lag11,0.002983769671584076,0.0032265796475444285,0.003354366233359054,-0.003477582074614169,0.009168117199599922,-0.002844502579315194,0.008230005224750234,-0.0006638016972116152,0.006138421423131176,500
30,shock_lag12,-0.00047598092793868757,0.0029857779933778,0.0031827392352368933,-0.0067586821477578305,0.0056183970263733,-0.005812882588014502,0.004506337377968318,-0.0035725544996823085,0.0027242431220754243,500
30,log_oil_lag1,-0.05989337634547549,0.008089952364875766,0.007212974704154409,-0.07230824130861124,-0.045026969729758004,-0.0706433755670849,-0.04684174668142249,-0.0666633866175427,-0.052054740337270686,500
30,ffr_lag1,-0.004432812491624241,0.0016485362508055494,0.0015032939427433358,-0.007318952185236191,-0.001472056194068654,-0.006876171607969743,-0.001926762266318501,-0.005698658088026255,-0.002736145138864577,500
30,log_rincome,-0.03187248848228615,0.24520092066145924,0.2506240749757092,-0.49519461154404226,0.4990400696546149,-0.42310974966957154,0.3876044894468166,-0.24561311421987495,0.23387849515620956,500
30,log_rwage,-0.19755130868174825,0.25167343490147914,0.2600287774076832,-0.7587810014831727,0.2961172919846394,-0.6534310825673113,0.20378819833712486,-0.4539273907948046,0.050247976839854575,500
30,age_mean,0.0150938661250544,0.003989200215962837,0.003336115489282633,0.008779842017558319,0.021843243749162793,0.00980302364065976,0.02094192763947834,0.012019169475183165,0.018633940199063014,500
30,female_share,-0.20190417146981934,0.0592900768001327,0.05179679509019134,-0.2944684616807274,-0.09407081641821242,-0.27910047395999404,-0.11166013462950106,-0.24672230903793244,-0.1465921432050018,500
30,married_share,0.2308286319494776,0.07355645005535842,0.06852906850211853,0.10369026489029134,0.3667418592454229,0.12016924588683833,0.3495685178669217,0.16483146463956475,0.30427364786693567,500
30,hours_mean,-0.00015912537221011863,0.008018988560632798,0.008062051023609382,-0.016939733833533,0.014031909442061462,-0.014515664181657945,0.011868313862557048,-0.008253791007273689,0.007330557792049664,500
30,unemp_rate,0.9765567561534867,0.17259569622933132,0.17813499266061172,0.6918517092398064,1.3701277851426108,0.75528722223349,1.3253154374195575,0.8368657732123149,1.1869635326117112,500
31,intercept,-8.877175721636841e-8,0.003228378710970523,0.0027086561170968177,-0.005066467368963208,0.0056137040876343075,-0.004052285857570794,0.004732499507488458,-0.0022903826857741936,0.0029471871071477394,500
31,shock,-0.010460736951457883,0.005738954921378111,0.006413157577865379,-0.02292646701189628,0.0025669414697532303,-0.020636832114066077,0.0007701230416724296,-0.016272470832960906,-0.003957019625341405,500
31,shock_x_occ2,0.005239663098607892,0.005657874497890732,0.006208095557624938,-0.00653426379982533,0.017646055159300768,-0.004891989068518911,0.016354751171951024,-0.0007098873790777033,0.011464178803203572,500
31,shock_x_occ3,0.007313641467236007,0.005483078974924057,0.005504450684578197,-0.0027215305346816126,0.018728881570427257,-0.0011460617392226196,0.016766616123127354,0.002050513967510088,0.013287815343291962,500
31,shock_x_occ4,1.0659561322205826e-5,0.005358740309295626,0.005852788018625215,-0.011739038095739274,0.010794400278323834,-0.009272633330752069,0.009181754784864502,-0.005628886779285274,0.005920265708852694,500
31,shock_x_occ5,0.0065012628859994655,0.005146163492079947,0.006103540544991834,-0.005022787510805604,0.018452480029243712,-0.0032909278320197937,0.016974359787224613,0.0008891430037233684,0.012977863170785205,500
31,shock_x_occ6,0.0014443679388835074,0.008217855694152464,0.009083560614376169,-0.015886746399328168,0.01998623567120294,-0.013114733505268634,0.017700063168025842,-0.007216825210724505,0.010688953203534367,500
31,shock_x_occ7,0.0014439628129361052,0.009043388504622996,0.009530649348380943,-0.015676964180855096,0.019835993506890623,-0.013172475903307227,0.017364948560950205,-0.008251786894437054,0.011213978737985712,500
31,shock_x_occ8,0.0068383392778071685,0.0057273519012118745,0.005868808385016195,-0.0038639756748965813,0.019064668918956466,-0.002548460265518385,0.017478362821134283,0.0015091641234349783,0.012927923644118832,500
31,shock_x_occ9,-0.005300343307385031,0.004599546032089084,0.004521053316404204,-0.01346190224131045,0.0035278253767855802,-0.012350043609438137,0.002635197189064436,-0.009929704098872286,-0.0010214274622292313,500
31,shock_lag1,0.004306541795188912,0.0038058774359333524,0.0037799306122745925,-0.0032724490370426964,0.01214454436408257,-0.0017384951212439975,0.01082742567595916,0.00032586202283219404,0.008224888476351644,500
31,shock_lag2,0.0031808604877669963,0.0035187519632249057,0.003559708764868046,-0.004050936298651589,0.009326275877829618,-0.002498930816004156,0.008463211096269995,-0.00032030758549836033,0.0068312010182711574,500
31,shock_lag3,0.002078361584038721,0.0036557506854221554,0.0038236328905969625,-0.005270432091500283,0.009328875571154392,-0.004344674234588379,0.007958468488492415,-0.001812599232856641,0.00565468112850704,500
31,shock_lag4,0.0023625304396956747,0.0036407828937628957,0.0038685503101978623,-0.0043528428188303716,0.010241562655987595,-0.003667615130505734,0.008896525420733208,-0.001626643519567798,0.00625347208244436,500
31,shock_lag5,0.0007824206638690947,0.0033390488614470477,0.0035701426553587674,-0.005696978865598655,0.008214739952659526,-0.004651092336761807,0.00690702555975169,-0.0026580292278490522,0.004408916797091591,500
31,shock_lag6,0.00521397070704056,0.003926344370114553,0.003953869084243958,-0.0019264254971158709,0.012535342318295213,-0.001238115855758436,0.011805439170928765,0.0012816958513589226,0.00912377054830007,500
31,shock_lag7,0.004052159547756285,0.0037303223848381816,0.003648213326319115,-0.002988641200996034,0.01166842955672889,-0.0014847583910078902,0.0101745675438499,0.0007094216551644216,0.007932800917651741,500
31,shock_lag8,0.004400577042417702,0.003592026432267971,0.0036565811806537015,-0.002427652621956461,0.012001400751496317,-0.0012272296207996262,0.010967025953491218,0.0010082669709480388,0.008286015725682857,500
31,shock_lag9,0.0013617779928480251,0.0037480094563089638,0.0040741028235867565,-0.006673946895973741,0.009225938562168032,-0.0048466729012662715,0.007842221226454107,-0.002665560139060914,0.0056143481578340105,500
31,shock_lag10,0.0029592179547685148,0.0031381264911965624,0.003367190914456471,-0.0043494041351049865,0.009449032490823357,-0.0029443982382433244,0.008296717520328263,-0.0004738675931510208,0.006010748482718557,500
31,shock_lag11,0.0008988399183626336,0.0032155895986053554,0.003518333229277064,-0.005896060243773605,0.00749984747187918,-0.005104246282997057,0.0066388808789300275,-0.002706677629832421,0.004038552163981737,500
31,shock_lag12,-0.0025361813509855017,0.00306754645273225,0.003315053972628763,-0.009463027593791197,0.003312226715311512,-0.007947297040352977,0.0023905980731221037,-0.006057691294770412,0.00046114941307944077,500
31,log_oil_lag1,-0.0589635149652458,0.007937588354093281,0.0073849793486586565,-0.07212238839922148,-0.0439591694270163,-0.06971155889236245,-0.04668877874063266,-0.06541714141336652,-0.05103695687599302,500
31,ffr_lag1,-0.004964252172137581,0.0015888584930123647,0.0014593060483645685,-0.0075355403729906135,-0.00175963200577616,-0.007090331220771191,-0.002336216867275096,-0.006167988271003732,-0.003520583472140971,500
31,log_rincome,-0.22162226684008313,0.24828825954131184,0.2416290571125065,-0.6254940825931612,0.2541834068507318,-0.5723957622875726,0.1670319519879069,-0.4425618003979217,0.035283944461079825,500
31,log_rwage,-0.008315140184228752,0.25709498662396413,0.24702688752967286,-0.4908304927647123,0.4240558508794875,-0.4005702344352081,0.3693005224432343,-0.24609952525732037,0.23304750749986963,500
31,age_mean,0.01409973875810542,0.003851609141126031,0.00348448105843575,0.006993678437108037,0.02020559686130687,0.00803889021113252,0.019401121460514266,0.0101402118817625,0.01732507765225232,500
31,female_share,-0.2209981026857367,0.05919662856897469,0.05147755730723087,-0.30810820231627045,-0.105052088278107,-0.294487183996476,-0.12555044523799985,-0.2626893285776252,-0.15744243877120775,500
31,married_share,0.2353986207606538,0.07223260553236396,0.07309333085769813,0.1153629303780164,0.3930241145138453,0.1324752637541156,0.3692162563422876,0.17691563422586717,0.3226973668104709,500
31,hours_mean,0.00394136890906943,0.007872819354252167,0.007449998271595325,-0.012011055486377747,0.01690871863017899,-0.00846257385352764,0.015251344759582999,-0.0035854269419733206,0.01061680715667874,500
31,unemp_rate,0.9412470872596785,0.16903003948867762,0.15933274618504878,0.7120372353983309,1.3226908776115516,0.7407115412190741,1.2469065398817705,0.8172241472761856,1.1305770643321997,500
32,intercept,-8.615337745443336e-8,0.0031300747209898226,0.0026944105758023177,-0.004521272770996723,0.005938207520465852,-0.0038496399605556144,0.005094478408437987,-0.001955322747452004,0.003216776865585106,500
32,shock,-0.010355065805432077,0.005490699523557027,0.0061763147613344595,-0.022422859138540217,0.001987473189544964,-0.02004424420781254,-0.0004281286892260848,-0.016080327787071403,-0.004105248109789931,500
32,shock_x_occ2,0.008861203368045955,0.005379321267602723,0.005682176470885806,-0.0019075537336634924,0.020528167449533626,0.00023914534738057392,0.018877463405750125,0.003545677738896748,0.01454189261173456,500
32,shock_x_occ3,0.006746792105801767,0.005021364653777129,0.005314406260793851,-0.003113852409935873,0.01780484183506089,-0.0017971703159759735,0.01566990166905675,0.0012054120596536966,0.011554012453388145,500
32,shock_x_occ4,-0.00022558110310968375,0.005210265996942458,0.005642995778320368,-0.011143008767131441,0.01117943776612099,-0.009031218002520578,0.009200324001309679,-0.0058019749467174125,0.005285739057582272,500
32,shock_x_occ5,0.007833753158440508,0.005550385260081641,0.006049883176830017,-0.003468009238662903,0.021116017155709804,-0.0009290519700123293,0.01855065950679434,0.002343331187188364,0.01383766658045002,500
32,shock_x_occ6,0.002062024441277974,0.007981565431624,0.008502377967749445,-0.014747910623461341,0.01985657554102741,-0.01196264766919354,0.016876479638027946,-0.005412388557651951,0.010763113725059718,500
32,shock_x_occ7,0.004343863163581524,0.009272449295214372,0.009829160016184925,-0.0154119035569254,0.024555728677090032,-0.011899279155503711,0.02156939435210375,-0.005091031265762849,0.014055962382142564,500
32,shock_x_occ8,0.00860980108223778,0.005588349244339429,0.006072652025530309,-0.0026782769937103035,0.01996597394059947,-0.0005512219799298128,0.018522762585744985,0.0027955774289686354,0.014497027224065498,500
32,shock_x_occ9,-0.0058995107347796566,0.00462703048657273,0.004561691806028185,-0.014539490866114023,0.003561747979599191,-0.012942700612243879,0.002266943445223975,-0.010083665245930209,-0.0007799689961662098,500
32,shock_lag1,0.0047914212199679,0.0036403117250011752,0.0035797532653122468,-0.002332455341200121,0.011955492941645777,-0.001453005603616558,0.010336600181647677,0.0007684157271369421,0.007914768446397285,500
32,shock_lag2,0.004263184239496599,0.0035346258366829894,0.003483938898024046,-0.0026538776744144295,0.010796988494982583,-0.0020605155259360505,0.009771342899457608,0.0003566073249415836,0.007176067971175157,500
32,shock_lag3,0.002386154226470391,0.003610952738580291,0.003923275495791339,-0.00556154509916705,0.009564669344001204,-0.004203853783789187,0.00853461081712564,-0.001524934582785597,0.006074183314583879,500
32,shock_lag4,0.0007433300188704327,0.0034480083206399315,0.0034813146381116647,-0.005583052068359714,0.007761392107798816,-0.004694514075125459,0.006272394485236703,-0.0027665569955747896,0.004140436104705714,500
32,shock_lag5,0.005508240044364059,0.0037420987391231196,0.003866051514106855,-0.00267598675306482,0.013507941124328977,-0.001275344927013509,0.011081240691954916,0.001879208992617135,0.008874993230599341,500
32,shock_lag6,0.006036828417185592,0.0036649652772080747,0.0036564309394654946,-0.001044653417911522,0.01271786443314378,-0.0003495687941107009,0.011567770707501663,0.0020634615072892618,0.009177921131119787,500
32,shock_lag7,0.003057051000466797,0.0034916610934118413,0.0036627105673328313,-0.0037644335556498228,0.01053211609658638,-0.0025384893425266473,0.009521044730917581,-0.0005723623476240896,0.006642200139786827,500
32,shock_lag8,0.0021254523074290942,0.003535876679893128,0.0036608240768061084,-0.00501443317442606,0.008189256127032444,-0.003709379438761619,0.007348805110150965,-0.0018749410267545257,0.005974162820589541,500
32,shock_lag9,0.001435083977240884,0.0033072620949763875,0.003400253974681002,-0.0052283065206003496,0.007790190898081584,-0.004438290420983878,0.00671909590879713,-0.0020662710260784247,0.004856310436063631,500
32,shock_lag10,0.0010388310744874373,0.00308811241696405,0.0033666918771851173,-0.005799266753294495,0.0069163354484339905,-0.004906161692492801,0.006202047788799234,-0.0028438107062534897,0.004214244345423187,500
32,shock_lag11,-0.0013376059113561639,0.003180118982189577,0.0035547869165396795,-0.009136858890382998,0.005609534418042529,-0.0074501997324027645,0.0043344811025485324,-0.004890090007921249,0.002172224335390581,500
32,shock_lag12,-0.0021481500211746295,0.0028147290989724598,0.002915445193579681,-0.008071612013309972,0.0033899854258381554,-0.007022288963907565,0.0025107148244061395,-0.004914411737219802,0.0008339103481103116,500
32,log_oil_lag1,-0.0567835661050349,0.008012133399290487,0.007805782218261315,-0.068120255656022,-0.03790370202845439,-0.06727447959729789,-0.04118413373632558,-0.06267491577744624,-0.04756415384820492,500
32,ffr_lag1,-0.006215663847831705,0.001499069269000604,0.0014668284984954943,-0.008885619174293435,-0.002964043698187437,-0.008378891858159597,-0.0033406312546383167,-0.007447585606434745,-0.0045495095879794206,500
32,log_rincome,-0.5228414502552746,0.32105182931617615,0.3224664450271557,-1.210836072885375,0.02397580066471782,-1.1173522492124432,-0.04516213536761782,-0.8357210078081094,-0.21006913104960387,500
32,log_rwage,0.27370860730499097,0.3330078832103941,0.33239097036881493,-0.27042369702350066,0.9892524081876741,-0.20646266385802542,0.8678064082592283,-0.04319660395750114,0.6160955927649993,500
32,age_mean,0.012583569834269106,0.003716428471881649,0.00320650037830297,0.005774984893721262,0.018533492472984317,0.006810544985726132,0.01754132200983058,0.009068833729155429,0.015331345919512799,500
32,female_share,-0.21455006426490386,0.06178297006706176,0.05258934990477508,-0.30511462150976854,-0.10860621602631479,-0.29431469672172217,-0.12866343749585385,-0.2657191845862196,-0.15756121064372178,500
32,married_share,0.2340809599717322,0.07324126213102229,0.07370536109203839,0.10622909619881737,0.3949399826490718,0.12764206894037144,0.3741030677170914,0.16837387698348796,0.3144891578592071,500
32,hours_mean,0.015147371972589488,0.009744218108099362,0.009697621610000548,-0.0021108958399228186,0.03615123228883123,0.0006030820886208187,0.032184280220719584,0.005528840569507916,0.024476967803876058,500
32,unemp_rate,0.8715003287678417,0.16216164339841505,0.16560553078756982,0.6121231991547945,1.2322012858138849,0.6488699587821045,1.1865873579113289,0.7352537838248305,1.0708983221095512,500
33,intercept,-7.34214186336388e-8,0.0030255803997620598,0.002474763510000963,-0.0044403112086651,0.005345826097435946,-0.0035726010013724997,0.004457225330720034,-0.0020139724478238493,0.002971496106944057,500
33,shock,-0.008895096692818193,0.00553652729983956,0.006149965599761578,-0.02156813469005603,0.003156998821785507,-0.019216469683565933,0.0011251552434731328,-0.014512400931522226,-0.002995277284271916,500
33,shock_x_occ2,0.007056712017558271,0.005250148800987722,0.005806587295146451,-0.0040787927687833386,0.01992908664258975,-0.0023901164847150067,0.01708665179591958,0.001831665004954542,0.012664938585904166,500
33,shock_x_occ3,0.0054702494437294386,0.005728644742747391,0.005825832684859992,-0.005004072346549305,0.017430826487816884,-0.0036383967840945184,0.014985542463172585,-9.05071284069846e-5,0.011413971633066011,500
33,shock_x_occ4,0.0007619086032376481,0.005511815682976708,0.006153319313940445,-0.010162804981931338,0.013233563409221768,-0.0090524465900314,0.011137453996470035,-0.005066146264127599,0.0069711724650849145,500
33,shock_x_occ5,0.0034740403160005914,0.005721630163683118,0.006275262154134004,-0.00860828230939079,0.017425284168498943,-0.006298773854761668,0.01357109948854205,-0.002416226602830901,0.00986767914074417,500
33,shock_x_occ6,0.003120548615995303,0.007966568374524596,0.009060213889476858,-0.013759103518207827,0.021855746702589877,-0.01041917507531712,0.01912874171209592,-0.00512814576886309,0.012566351433142612,500
33,shock_x_occ7,0.004020649073653868,0.008739853041999979,0.009194233800862886,-0.014047464497307463,0.02401287925975383,-0.010095626008165397,0.01959881345988794,-0.00484798270352257,0.013020617578723545,500
33,shock_x_occ8,0.005662884514824048,0.005887967764249592,0.006363361550941732,-0.005026760022366836,0.01854922972503187,-0.003172945654141288,0.01647998939584338,-0.00016953328404323463,0.012294461700744327,500
33,shock_x_occ9,-0.0005881933994474852,0.005040040691743261,0.0047448508638322775,-0.009026282350146447,0.009596573844311642,-0.00777672018586028,0.007377520568200635,-0.004827366521183779,0.004238951337001596,500
33,shock_lag1,0.006127471226951815,0.0037140051306985113,0.0037695232918911873,-0.0011515729811908794,0.013686006169082186,0.00014619351177146586,0.012312882513559449,0.0024196293077877367,0.009889330619146658,500
33,shock_lag2,0.004299924599307575,0.003485759102669775,0.0036424745125888556,-0.002687817090076871,0.011336699282755092,-0.001978727324824593,0.010275747123477027,0.0007536962995308698,0.00815246858413925,500
33,shock_lag3,0.0004034735799622079,0.003571757254449321,0.0037040157823916716,-0.006096761969535113,0.0077942221985623315,-0.0051989139460047774,0.006633918214124113,-0.0028422778815927795,0.004455089235307029,500
33,shock_lag4,0.005682169303191577,0.0038815658415123164,0.003868986528816749,-0.001655956203112771,0.01403043744475764,-0.0005918176425576877,0.012639407568718227,0.002041259689104129,0.009456544916584734,500
33,shock_lag5,0.006665032616309618,0.003482073939617275,0.0035972669404285085,-0.0008868149341685939,0.01348009831159203,0.0006205565736119116,0.012463038365845985,0.002882791256922793,0.010104883745727725,500
33,shock_lag6,0.004801475785697174,0.003245274245884885,0.0034603699495155123,-0.002508352262031274,0.010886398779110514,-0.000994598070971252,0.010125797899260021,0.0010560598099913303,0.008081996339179727,500
33,shock_lag7,0.0011235532958934998,0.003448583471122782,0.0035942118955501158,-0.005973552534555538,0.007793273052276963,-0.0048426964420023285,0.00689245422658649,-0.002200608663668509,0.004861935856779007,500
33,shock_lag8,0.002375764518532203,0.003009127022631158,0.003210753314570234,-0.0040521956358271,0.00847219448980273,-0.003042606741185656,0.007721629338894788,-0.0005726973721080917,0.005697503541755794,500
33,shock_lag9,-0.00017870703215990615,0.0031854140835741976,0.00335157983868905,-0.006221257344409006,0.006075541142755,-0.005629398452433626,0.004914199757924421,-0.0036734935094040696,0.003245995462076655,500
33,shock_lag10,-0.0011051302581118608,0.002969585965238368,0.003100983963258572,-0.007412992768526175,0.0045400560634701465,-0.006317474473887534,0.003995434825446822,-0.004071124547677453,0.0020991933652705695,500
33,shock_lag11,-0.0009061000769349111,0.0028333853734397833,0.0029226337457629154,-0.0068792526803473,0.004386251020603686,-0.006143525888736918,0.0037169200723898353,-0.0036835453455719763,0.0020313773160101746,500
33,shock_lag12,-0.0006701885981140794,0.0025206317853545494,0.0024704303447604424,-0.005543030261980746,0.004215739980984421,-0.00454734176659272,0.003192903833030852,-0.003007100376654171,0.0018571367685339085,500
33,log_oil_lag1,-0.05449338369415454,0.007877040718697463,0.007125653135344747,-0.06709665215939803,-0.03938167797026883,-0.06550062815129189,-0.04131809835921745,-0.06104578342192217,-0.046786795510014675,500
33,ffr_lag1,-0.007597464206758754,0.0014834716651274794,0.001332473555875885,-0.009845432907950806,-0.0047053246566631825,-0.00966027287184743,-0.005244589600226478,-0.008730041767857896,-0.006215767869762852,500
33,log_rincome,-0.6667945991717772,0.34401847092607996,0.332495177784161,-1.2746697975199464,-0.027470446399693003,-1.1965374550241692,-0.1017977615299287,-1.0034144750913763,-0.3426393556708267,500
33,log_rwage,0.38336202170969924,0.35567609436932807,0.34149142774105623,-0.2578555511587253,1.0307825332585767,-0.1600200645907966,0.9448664353856371,0.059303226165398334,0.7241312741937188,500
33,age_mean,0.01106344296115317,0.0034245611149376644,0.002992668624886159,0.00480583487763693,0.01690817159192208,0.006219851557513216,0.015844598199238873,0.008026635713020282,0.013930502006317805,500
33,female_share,-0.2112563969257184,0.06402452257391096,0.05950974210890282,-0.3322189487734599,-0.09298739634481953,-0.30051045799496834,-0.10840305707017515,-0.2585193697788165,-0.1469615059132705,500
33,married_share,0.22945446199057443,0.07381507227092371,0.0695898768666429,0.10803606996557846,0.3784027987414144,0.12867518558014587,0.35241356090697656,0.1679139857193318,0.3115347798367508,500
33,hours_mean,0.021937313857320204,0.01002137831157764,0.009582799252400215,0.00402706415066358,0.04011319031036836,0.006210492495182449,0.037230996187686924,0.012119519044304248,0.031048018922852333,500
33,unemp_rate,0.7604151993012831,0.1544227371128585,0.1499861742131445,0.50368928471525,1.0739235889869403,0.5499274204793532,1.0317906025148418,0.636424910649843,0.9381211147461171,500
34,intercept,-6.608820473548204e-8,0.00291039990956408,0.002511794631293694,-0.004393821267868636,0.005037418390562937,-0.0036527260527562068,0.004333735762324638,-0.0018883676004188491,0.0031133905189088167,500
34,shock,-0.006532798801342616,0.005123673057375457,0.005765455966706898,-0.017376113551264918,0.0044737138493535795,-0.015539880018816147,0.002915741962759632,-0.011895073183943892,-0.0009854331234362796,500
34,shock_x_occ2,0.0034585463887061804,0.005039412916099378,0.005526704503519148,-0.00683388227662976,0.014785812588341022,-0.005373662749802733,0.01253821680180325,-0.0015786898341352378,0.008889319838562422,500
34,shock_x_occ3,0.005187215131604116,0.005642031744033034,0.005832874115641546,-0.006345930233730056,0.015589201751849645,-0.004304968878441803,0.014248577147984831,-0.0007164530510695388,0.011372910078580099,500
34,shock_x_occ4,0.0006751692297771434,0.005423672456862133,0.005860039945538832,-0.010077762399367222,0.01176220800104579,-0.008753384725819309,0.009800971964612422,-0.005217302508129732,0.006619795971718062,500
34,shock_x_occ5,0.003931029426015265,0.005824002766052795,0.006305720902527957,-0.008148712739923429,0.01710385261055193,-0.00603879052191011,0.014557079653355752,-0.0017333285636083838,0.01024460313412873,500
34,shock_x_occ6,0.006049086406000253,0.00782042861328988,0.008015399538379583,-0.00893705472636334,0.022816063370279124,-0.006374250896320618,0.019829624688901155,-0.0013212896796872893,0.01407061542359914,500
34,shock_x_occ7,0.004223147986919817,0.00877484017062168,0.009461969188874875,-0.014562109768464393,0.02288577814575954,-0.011102044083866803,0.02058642452511572,-0.004642325764222231,0.013843939599277169,500
34,shock_x_occ8,0.004358032150959458,0.00550343386595711,0.005820039604540637,-0.005845760212563659,0.016014617224274132,-0.004081364837729562,0.014488047482374915,-0.0007069746668612935,0.010605735048415043,500
34,shock_x_occ9,0.0002447882912313508,0.00523910202638866,0.005398015404946593,-0.010227049084798129,0.011399277451294331,-0.008549953010404098,0.009273762301107207,-0.004982027591883659,0.006069555293651151,500
34,shock_lag1,0.006204191207179347,0.003685759096021201,0.0036283937275351586,-0.000866735405649107,0.013529998961832709,0.0003228627750556604,0.012190103532344034,0.002492063677188996,0.010119991028498537,500
34,shock_lag2,0.001619964185940231,0.003159388451046526,0.0032776832513272446,-0.004320379796020398,0.008214370393035316,-0.0033784816560004406,0.007797313809321779,-0.0013397577829460116,0.0051705107273054335,500
34,shock_lag3,0.005426892658119879,0.003820029136394735,0.004030490543912643,-0.0019569803468428276,0.01338992785096645,-0.0005339996259931598,0.012272099711483837,0.0014643360014963678,0.009691351038895296,500
34,shock_lag4,0.0068896203167776145,0.003638953881315963,0.0036733839293120315,-0.00033037334304358086,0.01483952067855898,0.0009758138320380677,0.013108393656427905,0.0034862880113611973,0.01030364410222673,500
34,shock_lag5,0.005461484060386526,0.0029154765573188974,0.0030750254043391974,-0.0008190838601917041,0.011082276573568868,-3.692657970523251e-5,0.010224882214670218,0.0023769149978810646,0.008761424031741296,500
34,shock_lag6,0.0025250236544525555,0.0030708852225989776,0.0033423871617192244,-0.003787215500169731,0.009165539607043078,-0.0028968747890168603,0.007966235056941537,-0.001000703116484199,0.006055344234164846,500
34,shock_lag7,0.0015860729260348174,0.0029237034548888294,0.003133224840590255,-0.00418972946641122,0.00810470132742523,-0.00312946204415718,0.006938994325885951,-0.001197355451043719,0.00474832392851643,500
34,shock_lag8,0.0010942818261139159,0.0028312267679931795,0.0030518287165376503,-0.004500398483259829,0.007074338156341621,-0.003612567149077963,0.0063742554475594996,-0.0015917914540740101,0.0045615546523084735,500
34,shock_lag9,-0.002149391982245854,0.0029618873940983315,0.00286746495177619,-0.007413079515175989,0.0037822919332813638,-0.006218183101381681,0.0030613424861162166,-0.004611080299103733,0.0010891641591489153,500
34,shock_lag10,-0.0005310865534939313,0.002632371981109786,0.0027463946080728227,-0.005483714985517923,0.0045928606344801115,-0.00471625391258854,0.004101474345481946,-0.003307450060575141,0.00246002037561521,500
34,shock_lag11,0.0006112868692831763,0.0024702014209546544,0.0026976528469829985,-0.004366331662849056,0.006087499479543316,-0.0033945459464937615,0.005355107737995206,-0.001925462750677419,0.0031913257552426606,500
34,shock_lag12,0.0004660296246486545,0.0022468489077169668,0.0025222679341698083,-0.004330652374707424,0.005316033398514717,-0.0036709730235973455,0.004835791157812621,-0.0016849288275191969,0.0031977719397957554,500
34,log_oil_lag1,-0.052039126139714814,0.007674073565945018,0.006657149805041157,-0.06303933974055238,-0.038494920549286264,-0.06142835273672382,-0.04046563529348471,-0.05805450128183189,-0.04397292987489313,500
34,ffr_lag1,-0.009207276047096242,0.0014958639774424426,0.0014312846368336413,-0.011595802308171744,-0.006075911338801103,-0.011238634308408725,-0.0066802885039178046,-0.010501007356022649,-0.007650490285037227,500
34,log_rincome,-0.597694013268328,0.3092137988861839,0.28452885591430566,-1.16417778856025,-0.06434306392233924,-1.0597342531652496,-0.13873794983105603,-0.8652686565562833,-0.27603709655303643,500
34,log_rwage,0.2558110836509709,0.31650580720947047,0.2905623022852057,-0.2690575081033219,0.8445295509072828,-0.21723407274199372,0.7303440553314161,-0.05386058878973449,0.5550913307890539,500
34,age_mean,0.009724221562879137,0.003290226030197326,0.0028392785045812897,0.0037505929247736254,0.01469980866568848,0.00494653401503421,0.014051783217257708,0.006571192762688388,0.012122443393618367,500
34,female_share,-0.2291365140727182,0.06227120743841421,0.0566886841127136,-0.32876069129030205,-0.11191712680143112,-0.3150757287383468,-0.13165959750282114,-0.2859683803767492,-0.17044065460208885,500
34,married_share,0.23831278724886584,0.06698638383115806,0.06577202899195626,0.11353043176442439,0.37788187978102256,0.13908711942938223,0.3540034641120462,0.1804175734997452,0.3083382969385324,500
34,hours_mean,0.022825355159336164,0.008822961738825791,0.008189710463082664,0.0071504146134216875,0.037375430935127726,0.00905086097329788,0.035659243949275124,0.013939959631446841,0.03028751441528514,500
34,unemp_rate,0.5959492645798874,0.1443051935995607,0.14581234372448665,0.3426782284087288,0.9166627750154939,0.39821156980292893,0.8743024269676926,0.4770096344023852,0.7584643572769598,500
35,intercept,-8.009997403665591e-8,0.0028043890654388926,0.0023819634091291463,-0.004087304161239737,0.005079944945256355,-0.0033437305205777645,0.004274388143279963,-0.00208469280883402,0.002860443958677898,500
35,shock,-0.005678434951041468,0.005078907899144039,0.0057501992788093715,-0.017652458624829087,0.0047999197911703685,-0.014766818771640967,0.0033629878549068823,-0.011332239519042261,0.0003021548831853685,500
35,shock_x_occ2,0.0015571059260840621,0.00525518791021469,0.005595830012762128,-0.008743948974969535,0.012589228688031799,-0.0068921645144036274,0.011042822111005096,-0.0040158238685568965,0.007171262772594297,500
35,shock_x_occ3,0.0033196699394515846,0.006107751611462535,0.005976095019684257,-0.007378442378891062,0.015597541631338903,-0.006217424680304685,0.013786988879994081,-0.002473290366417422,0.009660189015206573,500
35,shock_x_occ4,0.0011753063995320852,0.00600225144800486,0.0066094693044126416,-0.011133376928261177,0.014394761991165045,-0.00943411699165733,0.012062073531910881,-0.005756458601020808,0.008145027013938162,500
35,shock_x_occ5,0.0035965823798573284,0.005887801724949155,0.00613626365941676,-0.008032645066586658,0.016167838192066814,-0.005618755089318958,0.014439944650571203,-0.002419868653818232,0.010000053820899546,500
35,shock_x_occ6,0.007135899316211063,0.008582535840020993,0.0091857303929602,-0.008632292483269487,0.026418233353734694,-0.0072485329939931875,0.023136777014809668,-0.001807868981761641,0.01600996622486776,500
35,shock_x_occ7,0.004422118939273317,0.008341742627326114,0.008561626647888898,-0.011683880626601265,0.02159915239693481,-0.009110500539548014,0.01903065604176088,-0.0033572421100239312,0.013785703494056036,500
35,shock_x_occ8,0.005533050677560608,0.005770470895868058,0.006181848823820235,-0.005350451831995489,0.017950065261331194,-0.003930552819854948,0.016287349359376507,-0.0006662679028169449,0.012048212522644507,500
35,shock_x_occ9,0.001220315734762268,0.0053899099129324935,0.005187123973556292,-0.008106910512983973,0.012749743749545066,-0.006606987685320169,0.010120626325287638,-0.0037876771878169973,0.006177688948951153,500
35,shock_lag1,0.003054126739479213,0.0027263439005660987,0.0028757133941285655,-0.0024818753819991195,0.008574229528751996,-0.0019136631614874743,0.007880356509773326,0.0005500871070243898,0.006321260279797767,500
35,shock_lag2,0.006128154646127408,0.0036496579726210524,0.003613251762709679,-0.00013563755607136726,0.01404579578095179,0.0007960788284072443,0.012982417360659818,0.0029777904245106724,0.01003433161019569,500
35,shock_lag3,0.006276904067241371,0.003309037865350911,0.003487705632676655,-0.000605335548880216,0.013700694483583072,0.0005751666442629016,0.011985454729953696,0.0031135598407098933,0.009859701087915283,500
35,shock_lag4,0.004860669011768884,0.0030053161715831774,0.003095814065637179,-0.0010623999617905377,0.010855303652608301,7.769071080099662e-5,0.009918792530021994,0.001835331547907814,0.008343612039985572,500
35,shock_lag5,0.002808893163174871,0.0028510778932781446,0.002962774161914089,-0.0032884905357920885,0.008608896842371807,-0.0024030744082247386,0.0073200989846875465,-0.00016109596921509554,0.005601017213458029,500
35,shock_lag6,0.002257389248223752,0.002500126327222946,0.0026518244909137945,-0.002698747149682401,0.007641964898239756,-0.0019791153034006467,0.0069278612175662484,-0.00039260961319034706,0.004965912368336102,500
35,shock_lag7,1.4669644188227637e-5,0.0027005015716506653,0.0028861851549208156,-0.005340404244963526,0.005651549267171603,-0.004541400630125779,0.004637332488822649,-0.002742380107557352,0.0032009230624404712,500
35,shock_lag8,-0.0011906615921442655,0.0026596265430753963,0.0026948907782592614,-0.006138763524295819,0.00409505610275415,-0.005369751554874924,0.00327149252946031,-0.003753015307475096,0.0016241662791005964,500
35,shock_lag9,-0.001699571667520932,0.002637606397038911,0.002660184114139132,-0.006186749627560965,0.004034075481351933,-0.005292220826497274,0.0029884778096888583,-0.003877848227628112,0.0012495844273886015,500
35,shock_lag10,0.0008418819402798876,0.0023340839195052565,0.002417251976451062,-0.003731241510832376,0.0056346471177709506,-0.0029663512035828024,0.004954781074955229,-0.0012770687668066313,0.0036391002239146656,500
35,shock_lag11,0.0015601145664215122,0.0021547257340945726,0.0023797838918562042,-0.0028601000464215775,0.006173074047456104,-0.0021062257141316707,0.005674638465782065,-0.0005128280339173209,0.004296083445865168,500
35,shock_lag12,-0.0006315740113139504,0.00242089120576946,0.002520461707586744,-0.005625977401768298,0.004018721881952944,-0.004475594172958705,0.0034047327132379207,-0.0030266390264906597,0.0020161972852687196,500
35,log_oil_lag1,-0.04651380653219148,0.007718494940059439,0.0063151720748212065,-0.05786363124956115,-0.03407344704464665,-0.056754254624775465,-0.03576569793333707,-0.053073132145760704,-0.04068334464000332,500
35,ffr_lag1,-0.010873930602644273,0.0014546991954168744,0.0012387989165854726,-0.012941202133250935,-0.008100586898654593,-0.012720033267519538,-0.008497190867261946,-0.011820574013605832,-0.009465522878491516,500
35,log_rincome,-0.6093335679354729,0.28693362884835383,0.28375465075697315,-1.1738466649276162,-0.05303968925120163,-1.0692635351132407,-0.14805952091491986,-0.8690680803812877,-0.3007280106581536,500
35,log_rwage,0.2092178831256264,0.2960026134592469,0.293320156935443,-0.3319054628099525,0.8091739130738294,-0.2605827140128434,0.6847841821586881,-0.09414239452628104,0.4935713369348448,500
35,age_mean,0.006916844865861538,0.0033063218227345646,0.00279734714967152,0.00165707459593543,0.01198353413850426,0.0022829043839262732,0.011482973288332761,0.00401664661999716,0.009667515303735774,500
35,female_share,-0.26266960453111265,0.060457365037308364,0.05121809570430633,-0.35165195830315676,-0.14991268638830918,-0.3371738261440892,-0.16988358527739056,-0.30551847382471453,-0.206228587935261,500
35,married_share,0.2362015612175869,0.061755165845032274,0.05720726208067024,0.12301232823074683,0.354048831139967,0.14335296239326017,0.3339341271960882,0.1823286892971428,0.29080037253781593,500
35,hours_mean,0.025745995578063587,0.008449287480350358,0.008548072789160477,0.009391182588190862,0.04162493369747964,0.01114516935211628,0.03954861858931631,0.016218836792541085,0.0332353153918052,500
35,unemp_rate,0.4318019046546076,0.1416756536599408,0.12803391303108666,0.2330382055886734,0.7275516537467488,0.2635687778251396,0.6879833553772071,0.3356741980211244,0.586124147692612,500
36,intercept,-6.371298968628053e-8,0.002821779807559081,0.0025081846477412457,-0.005293600268131925,0.004439205603374681,-0.004381601121517091,0.003887483324585009,-0.002414484334665947,0.00282053311522249,500
36,shock,-0.0071908351902849315,0.0056267267901809045,0.0060231635330364386,-0.018803706643429088,0.004217056491640022,-0.017723779745784783,0.0026382194455674625,-0.013077177086586378,-0.0008978247996147652,500
36,shock_x_occ2,0.003934091959390204,0.005944528822372207,0.0063538712274617114,-0.007519965264820671,0.016460993798234715,-0.0066001438815489226,0.015318905044636335,-0.0020430652320847552,0.01105188356399912,500
36,shock_x_occ3,0.0023148365367519907,0.006755334462473483,0.006240231723091267,-0.00939073445711538,0.01449852144640839,-0.008038360424629193,0.013083995657244812,-0.003944933881024721,0.008254901300436776,500
36,shock_x_occ4,0.0019288694002985087,0.006747590543260527,0.006794501722053722,-0.010217383242447177,0.01527256671523531,-0.00902224710169474,0.01338721862179725,-0.004623490900130916,0.009172059518284965,500
36,shock_x_occ5,0.004296999808639958,0.006371945848003685,0.006721012828976895,-0.008635112469511912,0.01807206571882603,-0.006757033877903315,0.015866194876388805,-0.0018802739088854027,0.011243505416357895,500
36,shock_x_occ6,0.009468991876192242,0.00928335909556592,0.009616554072346083,-0.007215093403398029,0.03012078987974074,-0.005078060520078366,0.0254251589895891,0.0002548107605494878,0.019780747902200746,500
36,shock_x_occ7,0.005388072070765871,0.008804999017511066,0.009085821849287986,-0.009982180644267721,0.022610655717807786,-0.008406444412933135,0.020978704333105853,-0.004144685525744303,0.014495276355134631,500
36,shock_x_occ8,0.006373888410314464,0.006669241202017052,0.006943106861228893,-0.00647961863444407,0.021445113312522142,-0.0038739312672002877,0.018959765526576113,4.2980198495687245e-5,0.013720301628303061,500
36,shock_x_occ9,0.0017889536583224617,0.0059138494900903265,0.005622519052237399,-0.007903191406413714,0.013710765721431938,-0.00605763308282588,0.011669029983397765,-0.0033729333643786673,0.007564000768736005,500
36,shock_lag1,0.006429493134233144,0.0033341634113618485,0.003690789959254015,0.00013430246713293047,0.01403219073945533,0.0010772899831012093,0.013216915787621396,0.003255422202549989,0.010607706921401656,500
36,shock_lag2,0.006219297487833573,0.003312697307395634,0.0035769072977153487,-0.00034878688293308593,0.01414454799189551,0.001194441674845741,0.012405321569860416,0.003289942125749492,0.010422674338914325,500
36,shock_lag3,0.005769178734442213,0.003127940671870777,0.0032826752428810908,-0.00029175801601711746,0.012257203596884172,0.0007075417107749208,0.011198188688447649,0.0029613913058305543,0.00924477610972383,500
36,shock_lag4,0.002629208914700232,0.003035265574819451,0.003196649528692791,-0.0037059384259009575,0.009113160454435651,-0.0023235393012835054,0.008035851681613158,-1.1528464741481886e-5,0.006097873028822289,500
36,shock_lag5,0.002973791931269651,0.002490670805297121,0.002698299038260124,-0.002305630381880055,0.008544540467778262,-0.0015305181727804033,0.0076218746071144905,0.0004805913873487949,0.00566511833331759,500
36,shock_lag6,-2.0345077936963492e-5,0.0025265436349075463,0.0026587065061021696,-0.005206871035788453,0.005317267814877336,-0.004292378958308125,0.004318667814422663,-0.002586184582541937,0.0026420672484924277,500
36,shock_lag7,-0.0018922168495158842,0.0028504953453450713,0.0029489243001279064,-0.007622243754321677,0.0037742540963502085,-0.006941266293580641,0.0032465095435573596,-0.004795898688611174,0.0008291838357680676,500
36,shock_lag8,-0.0012129321040117984,0.002623078886802079,0.0027311449583913433,-0.006513487444366556,0.004295645417710084,-0.005705155880693671,0.0036507865751822985,-0.003533664742093808,0.001694110669470014,500
36,shock_lag9,-0.0002923039961614657,0.002437424958480105,0.002587528899702561,-0.004948281993105949,0.005079871720181629,-0.004266282561304123,0.0040376801087862796,-0.002650848777190873,0.0023769599871866494,500
36,shock_lag10,0.0012898398128865277,0.0023317155296844606,0.0024987541266655562,-0.002954816070631641,0.0063074006938515755,-0.0025246385585313462,0.005566998201002284,-0.0010888263132710948,0.00407108407296603,500
36,shock_lag11,-0.000532388771320743,0.0025088592538042107,0.002682454319520237,-0.005522030205479916,0.004662021349123906,-0.004734728669744143,0.003895929472690767,-0.0031628186771611045,0.0021955803821821353,500
36,shock_lag12,-0.0005541731145327434,0.002318296215848548,0.002465263967528221,-0.005607214795474042,0.004068017577360635,-0.0046743423785219704,0.003333016140024797,-0.0029032651001969145,0.0020323109014323453,500
36,log_oil_lag1,-0.04530993651075179,0.008225169419706945,0.006759224334162739,-0.058352470412514595,-0.031635568711599324,-0.05664951927715347,-0.03419311019573118,-0.05262382394780067,-0.03921802642041108,500
36,ffr_lag1,-0.011571443152642578,0.0015235738126718331,0.0014367284091496412,-0.013960071908291356,-0.008276575193729317,-0.01348639840644831,-0.00881454963582549,-0.012760309917071146,-0.009856450658658169,500
36,log_rincome,-0.5959764607585385,0.26496547445655944,0.2636766278672644,-1.1209504772536107,-0.0889612713097567,-1.0380469029831234,-0.16242889015212886,-0.8570928887969147,-0.32743807567608896,500
36,log_rwage,0.1767997924846435,0.2723159932881266,0.27190913648824355,-0.31858693781536035,0.7302745886259485,-0.2585872551511095,0.6574078013284604,-0.06835163687710881,0.4675112979453052,500
36,age_mean,0.005851270894437642,0.0034822953174254317,0.003022138130427503,0.00016089053351716728,0.01214713461381911,0.0007734889676009537,0.011252367369150456,0.0032526949787203543,0.00886220418215001,500
36,female_share,-0.2573237201803121,0.062271577504373066,0.05742395258309126,-0.3562925889660835,-0.13015555154041544,-0.33975334538180285,-0.1549711462909832,-0.3083639520160268,-0.1939378787153907,500
36,married_share,0.2409541178177577,0.06822029854030358,0.062360013370940104,0.12617377813799519,0.3938654593662504,0.1423859635941055,0.34990393451230695,0.18424715009173612,0.2974221617832519,500
36,hours_mean,0.02648632759583166,0.007898937271244678,0.008038220406355392,0.01101667687151515,0.04142428423618664,0.01313600501249603,0.0394420701090267,0.018202018035831373,0.0341300685341706,500
36,unemp_rate,0.41688284156456046,0.16066977152241915,0.14714596364405688,0.1765019648800672,0.730505392512377,0.20994277132650485,0.6899807116610128,0.30517884371876136,0.5918113818769635,500
