horizon,coef_name,beta,dk_se,boot_se,ci_lo95,ci_hi95,ci_lo90,ci_hi90,ci_lo68,ci_hi68,n_boot_valid
0,intercept,5.036843789158891e-10,1.345603123887071e-5,1.3239615793876577e-5,-2.6420378070395843e-5,2.4380530931034902e-5,-2.2072998066144086e-5,2.0794419567551733e-5,-1.2991221494735638e-5,1.2480059198886864e-5,500
0,shock_x_ind1,-0.00026426815972718456,0.00014716527377070176,0.00015636742117689363,-0.0005921763074008797,2.9656823569616977e-6,-0.0005434034560515564,-3.3067816069543044e-5,-0.0004182830422382734,-0.00011364862587893953,500
0,shock_x_ind2,-0.0005068087860747154,0.00016845984441751677,0.0001737008436708152,-0.0008719641597978733,-0.0002079131911661599,-0.0008370240919189321,-0.00026708897688768464,-0.000716059010601509,-0.0003672446874263573,500
0,shock_x_ind3,8.568339569900417e-6,0.0004230408080038825,0.00045335617835659504,-0.0009110478650640351,0.000915499794659628,-0.0007619751980492977,0.0007498173998075447,-0.00043774413515516365,0.00043672244957311063,500
0,shock_x_ind4,0.0001466788308188128,0.00034290215145540255,0.00036671313301290745,-0.0005747464483890238,0.0008232348246836502,-0.0004588646337724764,0.0007459253616025577,-0.00019559435670174613,0.0005448210195986578,500
0,shock_x_ind5,0.0007433200442316598,0.00047055663475188144,0.00045770663510137616,-0.0001451966305605383,0.0016588056587587836,-1.0110275039976476e-5,0.0014980503984889366,0.0002562461690426365,0.0011981552530645932,500
0,shock_x_ind6,0.0001863048758406617,0.0005660899965371273,0.0005294534281724092,-0.0007800358690898163,0.0012178574667418268,-0.0006579419472621388,0.0009880740570823935,-0.0003175101261356321,0.0007516296736477882,500
0,shock_x_ind7,0.000198244146308775,0.00035836938348119497,0.00035638511450211403,-0.0005359363835828008,0.0008375252864957416,-0.0004094543961638077,0.0007451212590568707,-0.00017145004443390167,0.0005148649017009865,500
0,shock_x_ind8,-0.00017428876456759167,0.0004391431424112422,0.0004484187952083989,-0.0009901294078573787,0.0007386051036032347,-0.0008629591397392345,0.0005765836706939424,-0.0005867395154853282,0.00030611705911796374,500
0,shock_x_ind9,-0.00040785435617324376,0.0005721405518533805,0.0005425114023555171,-0.0014491534101894038,0.0006219917931307831,-0.0012744726313466603,0.0005286436506714571,-0.0009414304350915096,0.00013945969383641937,500
0,shock_x_ind10,-7.635784130046748e-5,0.0004636640972067242,0.00045916304601574374,-0.0008981894468179531,0.000776240469799114,-0.000788405358465589,0.0006765928465338937,-0.0005000970922063542,0.0003760864835182947,500
0,shock_x_ind11,-0.00041874401353952554,0.0003614906405615815,0.00030969402960216355,-0.0010779700420714034,0.00010622448655063174,-0.0009269738805403813,5.064815484456974e-5,-0.0007657073606046759,-0.0001288913969420921,500
0,shock_x_ind12,0.0007591278907809028,0.00072519516518501,0.000786896705319385,-0.0007935500983732341,0.002242833569873115,-0.000567425842283186,0.002094034804814184,-6.548168323067166e-5,0.0014901839267616951,500
0,shock_x_ind13,-5.183004675070001e-5,0.00038063829409301777,0.00039073287735291056,-0.0007284670981578126,0.0007688111745760573,-0.0006153865085313533,0.0006371649583128754,-0.0004073725711511752,0.0003911840734178082,500
0,shock_lag1,1.8069453773900436e-5,1.5840784454381855e-5,1.6085144429381025e-5,-1.416723868079413e-5,4.826105290807866e-5,-9.828515951369331e-6,4.2379797185319596e-5,1.4200964385217102e-6,3.258424861331372e-5,500
0,shock_lag2,2.0751681303465194e-5,1.6951529432857456e-5,1.770421632369743e-5,-1.626273349426508e-5,5.274111239708189e-5,-8.747929523924502e-6,4.7762799934999935e-5,1.8935596459716298e-6,3.598591810603153e-5,500
0,shock_lag3,3.336344956162039e-5,1.7859870628418876e-5,1.894192923138469e-5,-6.087224111962349e-6,7.194871731703567e-5,2.1598689504324676e-6,6.464286661932098e-5,1.4923589976531065e-5,5.082722554204993e-5,500
0,shock_lag4,1.7705423103271383e-5,1.8191937025139737e-5,1.9588112674561294e-5,-1.5034329519586858e-5,6.077394354756942e-5,-1.0791089026196737e-5,5.312248571792479e-5,-1.494393933260638e-8,3.847729604636279e-5,500
0,shock_lag5,2.3564368356530296e-5,1.507865124192241e-5,1.606091311581212e-5,-8.185858672319987e-6,5.473734087046202e-5,-4.378083974794985e-6,4.946848872720443e-5,7.978986407410186e-6,3.89428546655558e-5,500
0,shock_lag6,1.573062867754311e-5,1.8356247333416513e-5,1.8559278171490162e-5,-1.9402815953518302e-5,4.8534941395180634e-5,-1.653672440595921e-5,4.4178350637486266e-5,-2.678945816573594e-6,3.2822297226518915e-5,500
0,shock_lag7,1.940971896301039e-5,1.5417470033959683e-5,1.7086036230102186e-5,-1.0131146676308005e-5,5.7318766017624544e-5,-5.941598788754365e-6,4.915206519916023e-5,4.83727003010412e-6,3.609934061626264e-5,500
0,shock_lag8,2.864892650313952e-5,1.778620386822942e-5,1.9553730055113236e-5,-7.5604432751331155e-6,6.869891451655297e-5,-2.327643237857362e-6,6.136724768564754e-5,9.48206493348765e-6,4.7644165396746686e-5,500
0,shock_lag9,3.962415207159218e-5,1.7559506444880637e-5,1.920757555032905e-5,4.582045808587812e-6,8.097711616878917e-5,9.513046766686828e-6,7.349482380412977e-5,2.1630546807262573e-5,5.999826414882723e-5,500
0,shock_lag10,3.241823664029145e-5,1.679865374026768e-5,1.8026625727364088e-5,2.0056350191928897e-6,7.194797514444843e-5,6.0585803126699044e-6,6.259407427386185e-5,1.5676150286974126e-5,5.1017563538449354e-5,500
0,shock_lag11,4.267445167561481e-6,1.790985242687298e-5,1.8365351831668144e-5,-3.379373919705667e-5,4.092144564516947e-5,-2.4163104109016278e-5,3.526720466278127e-5,-1.3692223715744391e-5,2.013377638073087e-5,500
0,shock_lag12,4.367602689914942e-5,1.6843830130248505e-5,1.806592678948424e-5,1.2805943248094347e-5,8.000816279662287e-5,1.7354031063694436e-5,7.572966729611758e-5,2.746223756443629e-5,6.282363907845973e-5,500
0,log_oil_lag1,-0.0001818255912277821,6.341073256378721e-5,6.416204286851737e-5,-0.00031441671966518203,-6.084333414730756e-5,-0.0002861994295295239,-8.241519654284159e-5,-0.00024444798005701695,-0.00012342461259237162,500
0,ffr_lag1,-1.392992944482441e-5,2.0479698296613138e-5,2.058962235712769e-5,-5.407750668101102e-5,2.8621101913972076e-5,-4.609917271665939e-5,2.0842120172483057e-5,-3.3405594270210105e-5,5.886534030449786e-6,500
0,age_mean,8.894801485683236e-5,4.595106812479784e-5,4.788172980483507e-5,-3.5245882079330557e-6,0.00017953784366604573,1.2348710925339009e-5,0.00016638837191751505,4.2069198090301384e-5,0.0001338827304381895,500
0,female_share,-0.008816908350779685,0.002028063636840919,0.0020729620675839907,-0.013048904694336783,-0.005085797313124722,-0.012114241598106933,-0.005521685437766846,-0.010952901569026452,-0.006767096899652124,500
0,married_share,0.002184514167940027,0.0014008557442198681,0.0014722586596868335,-0.0005061106541886027,0.004817096976190783,-0.0002505948333243633,0.0044805065675027015,0.0004944700929554894,0.0036167665557594103,500
0,hours_mean,0.00038909206613915145,5.558021765830434e-5,5.856499404807033e-5,0.00026809987499227904,0.0005076815545862152,0.0002976827324733563,0.0004849092044235759,0.0003337365567874461,0.0004510111725243291,500
0,unemp_rate,-0.0037656070050182417,0.0017657521940194617,0.0020347809702540892,-0.007776975508379752,0.00012955572455689753,-0.007279932909136494,-0.0004981803243174829,-0.005713305024656352,-0.0017229524223199976,500
1,intercept,-9.173829757047933e-11,8.830592923448985e-6,9.118599991082469e-6,-1.8713478183277014e-5,1.5304515951781775e-5,-1.614587615737818e-5,1.3229985258694448e-5,-9.24213395844923e-6,6.476338378544153e-6,500
1,shock_x_ind1,4.49602439496119e-5,0.00017973095821776082,0.00017133643285681722,-0.0002866053211867789,0.000382058885767856,-0.00024616521697783366,0.00032260906714346756,-0.000126793342744072,0.00021173797810762428,500
1,shock_x_ind2,-7.607622889017408e-5,0.00014603752393733775,0.00015595281668540883,-0.00040554317595565875,0.00020162821657886037,-0.000341760654445593,0.0001523454271516713,-0.00026030954785500964,6.547918203627328e-5,500
1,shock_x_ind3,0.0005826770010740228,0.0004051454767939094,0.0004147293377853405,-0.00018463417491513872,0.001431505284552792,-2.013005372590569e-5,0.0012849225832808973,0.00016061503252568084,0.0009965532483102568,500
1,shock_x_ind4,0.0004445868038704126,0.0003452180663342191,0.000354075128381511,-0.0002386211230196398,0.0010634526160928574,-0.00015971548637940848,0.000995114721618788,6.557799575027099e-5,0.0008015583220634481,500
1,shock_x_ind5,0.00017386252882103289,0.0004160535874738496,0.0004257576398640492,-0.0005227902848724194,0.0010751052006163012,-0.0004620616774771398,0.0009255733605884555,-0.00021401542515044628,0.0006536648907929521,500
1,shock_x_ind6,-0.00014180518135661283,0.0005162655767370239,0.00047972495782902275,-0.001146597480191041,0.0007631300312340035,-0.0009402599666607669,0.0006105742132302029,-0.0006583763673281633,0.0003122046407758633,500
1,shock_x_ind7,0.00016449904834765625,0.00036215966585163937,0.0003532187186928005,-0.0005227394650546696,0.0008942305505708307,-0.00035840834108399113,0.0007734817202120521,-0.0001708600986091378,0.0005185224295208757,500
1,shock_x_ind8,-0.0004663749970256787,0.00044195164840486756,0.00043026196913396425,-0.0012566593181859648,0.0003684409212831868,-0.0011541899682949088,0.0002669110954145291,-0.0009092899853782278,-3.103232820674953e-5,500
1,shock_x_ind9,-0.0005652737002603285,0.0006387305380312303,0.0005925299953068344,-0.0017604368223600717,0.0005136888585917544,-0.0016105942910577611,0.00038880005336144907,-0.0011394650905485997,4.254889630329689e-5,500
1,shock_x_ind10,-0.00046805455439792045,0.00042118529536296686,0.0004214292782073331,-0.0012352163749777744,0.0004215995250006762,-0.0011097055460636753,0.00031575427655486377,-0.0008937493306855896,-4.413554945867635e-5,500
1,shock_x_ind11,-0.00027566861903345266,0.0003126075216605567,0.00031503895444991175,-0.000912207664112034,0.0002625949903308037,-0.0008090820613686506,0.00020974714418995767,-0.0006157435906588254,3.166410257932907e-5,500
1,shock_x_ind12,0.0006526492472729234,0.0008237822808047193,0.0007946180084923682,-0.0009155189099546825,0.0021757693803762562,-0.0006114688976927974,0.001899092985028768,-0.00016414042817929406,0.0014450177913906232,500
1,shock_x_ind13,3.505154473244064e-5,0.0004385694112622794,0.0004696019724792527,-0.0008603011482452804,0.0009680882543261495,-0.0007175691765065945,0.0008412678036652296,-0.0004162679291023462,0.0005102477645845364,500
1,shock_lag1,3.7966719596938996e-6,1.0748960054991075e-5,1.2160281932725515e-5,-1.805982984090789e-5,3.096366899983299e-5,-1.4929458436180263e-5,2.5474439971259742e-5,-7.662455938522724e-6,1.5866505392620156e-5,500
1,shock_lag2,-1.9759780639413682e-6,1.2411637272959343e-5,1.4566126039951256e-5,-3.0548442377089976e-5,2.8096397871690994e-5,-2.4791058399394963e-5,2.1361631459133508e-5,-1.6574456576188255e-5,1.2929592792138711e-5,500
1,shock_lag3,2.726541334546862e-6,1.173307879521041e-5,1.5075397206831605e-5,-2.471224745474758e-5,3.524784442917716e-5,-1.9271796258018758e-5,2.9085503677913742e-5,-1.007573719888705e-5,1.8779460547684696e-5,500
1,shock_lag4,4.877681696939044e-6,1.1330306312627093e-5,1.3812393822877773e-5,-1.86464429352774e-5,3.6134643041666807e-5,-1.4686918750136819e-5,3.149455235671817e-5,-5.946417576656413e-6,1.9015807313424418e-5,500
1,shock_lag5,7.277170394533535e-6,1.1605927868377838e-5,1.2981097509105894e-5,-1.5731383100068472e-5,3.676228085261356e-5,-1.0725572592344481e-5,3.017414269309319e-5,-4.651593373882088e-6,2.0731644743757954e-5,500
1,shock_lag6,8.859066501689336e-6,1.156001415991816e-5,1.2949065518657183e-5,-1.3755524574144762e-5,3.669470683712637e-5,-9.97892225247735e-6,3.260173277308549e-5,-2.4230634261107612e-6,2.125255813241836e-5,500
1,shock_lag7,9.975138250870667e-6,1.1577121163655699e-5,1.2941577040265297e-5,-1.2974807869622215e-5,3.9054537087612566e-5,-9.09232942929253e-6,3.27458907305202e-5,-2.4433389139981847e-6,2.196352142941745e-5,500
1,shock_lag8,9.079994618813516e-6,1.1395825488189654e-5,1.3544505163348655e-5,-1.5805727448207597e-5,3.987183364799093e-5,-1.0158453182308613e-5,3.177647195867734e-5,-2.8661347379182965e-6,2.0938431133050903e-5,500
1,shock_lag9,1.2200493392221932e-5,1.2530370677612469e-5,1.411911527539071e-5,-1.240008477442241e-5,4.620613000114217e-5,-7.236039459405791e-6,3.794675553019761e-5,-4.4937979298783344e-7,2.4472248907278173e-5,500
1,shock_lag10,1.1908371798470145e-5,1.1662302306771163e-5,1.3792058568789315e-5,-1.2702674687828182e-5,4.097882735096502e-5,-9.310358929340973e-6,3.541398239001441e-5,-3.117161885760491e-7,2.4544497711033334e-5,500
1,shock_lag11,9.508186354423522e-6,1.117602601612545e-5,1.2742827958545334e-5,-1.0547605658699433e-5,3.8270268579223855e-5,-7.955134560569023e-6,3.247619174591042e-5,-2.982327437518503e-6,2.2785319928820564e-5,500
1,shock_lag12,1.0075609581409671e-5,1.1570159292174848e-5,1.37728100521998e-5,-1.1964738572722552e-5,4.1084870670136725e-5,-9.799912002716216e-6,3.395813267085142e-5,-2.652364041808515e-6,2.3181755971466416e-5,500
1,log_oil_lag1,-3.612817306647279e-5,5.189452707932582e-5,5.953416032261677e-5,-0.0001567798773666702,8.630041737723673e-5,-0.00014416711498325407,5.807434981744888e-5,-0.00010126984057213747,1.6853335753151443e-5,500
1,ffr_lag1,-2.0180022908068126e-5,1.8375541110923636e-5,2.1013187773591906e-5,-6.340323254077613e-5,2.138554219744574e-5,-5.2917718004230813e-5,1.4353804303091057e-5,-3.789618197528476e-5,1.276692800732009e-6,500
1,age_mean,-1.8586059870852726e-5,4.39036479882067e-5,4.78614859548092e-5,-0.00010807905319092434,7.406142963245722e-5,-9.41145699172742e-5,6.533387718079564e-5,-6.602771100774245e-5,3.203191691210373e-5,500
1,female_share,-0.0011328082571614017,0.001975696470972198,0.002032935801591221,-0.0052174400063925,0.002988162006993965,-0.004632198592173024,0.0024111156072325786,-0.0031198997360983955,0.0007530817251288899,500
1,married_share,-0.0010347060268002229,0.0014090223507889606,0.0016634788109749362,-0.00434692394607826,0.002035460446772791,-0.004063915737062295,0.0014925157723540343,-0.002832763404393216,0.0005520157489684801,500
1,hours_mean,-1.0243262998554172e-5,5.1865027711928874e-5,5.795839345341156e-5,-0.0001228412111983333,9.877755726244999e-5,-0.00010899505203742779,8.027540112352755e-5,-7.031473791555023e-5,4.302450647565535e-5,500
1,unemp_rate,-0.0039781199544720175,0.0017942130981851085,0.0022993284770351004,-0.00872682668861769,0.0002574472028451318,-0.007763932640375035,-0.00029875954718631005,-0.0063598948876236565,-0.0016754290551394464,500
2,intercept,-5.0102244047475214e-11,4.419035932908746e-6,6.330057524757722e-6,-1.2181916647319378e-5,1.375786724440341e-5,-1.042159015050547e-5,1.0351706388829913e-5,-5.569417997461195e-6,5.580875186629766e-6,500
2,shock_x_ind1,-9.937768912704818e-5,0.000174261832864063,0.0001687819790226432,-0.0004095089931906911,0.0002199799737200136,-0.0003674458664749426,0.00017979878852074826,-0.00025760534072411976,7.440828113296345e-5,500
2,shock_x_ind2,-0.0002681878188578738,0.00016816922495813512,0.00016774508810300765,-0.0005738871329039595,6.118525246105658e-5,-0.000527472544589195,2.913226813565537e-5,-0.0004389580255398979,-9.63016410767081e-5,500
2,shock_x_ind3,0.000810799268806631,0.0003638617988605895,0.0003883046424066405,7.144717311368758e-5,0.001593080221197282,0.00019253019605800024,0.0015075065126809967,0.0004336067456237085,0.0011869178509503059,500
2,shock_x_ind4,0.00014772513456045192,0.00040534305321078025,0.00040612065412569257,-0.0006336171125691185,0.000966073723619263,-0.000536346681610495,0.0008144103412874438,-0.00023429701076967924,0.0005714389606745876,500
2,shock_x_ind5,0.0001107601544329096,0.00043533288547289913,0.0004738009867315036,-0.0008118462882328807,0.0010668614374432497,-0.0006632969218713072,0.0009134972232122447,-0.0003219080795076147,0.0005889619700000484,500
2,shock_x_ind6,0.0006063430193673394,0.0005007682472081251,0.000499186598093817,-0.0004451230701307638,0.001538573916036266,-0.00032248724831338493,0.0013728429265008925,7.917692626422407e-5,0.0010683871826388976,500
2,shock_x_ind7,0.0005632744921563757,0.000335761602468443,0.0003462903575438712,-0.00016080278273398465,0.0012002277397832198,-1.830233959100391e-5,0.0010758968244705173,0.00019088229839321898,0.0008848586910100492,500
2,shock_x_ind8,-6.284176445346207e-5,0.0006212709282704525,0.000598653660031142,-0.0012225911208361981,0.0010368680119237621,-0.0010358744383723417,0.000895572463310753,-0.0006883641953497065,0.0005206149081900091,500
2,shock_x_ind9,-0.0010869284842758677,0.0005795371587992179,0.0005349509661323783,-0.0021811209826942514,-5.131674667466335e-5,-0.002038094935663477,-0.00024439847927694967,-0.0016224038320077124,-0.0005778376869789181,500
2,shock_x_ind10,-0.0003056851903318144,0.000390259690345611,0.0004044761532404302,-0.0010206770991762512,0.0005167350388683785,-0.00090010203990531,0.0004003060796182475,-0.0006827180592982482,0.00010872276515992753,500
2,shock_x_ind11,-0.000120079610490093,0.0003588507471193954,0.00036253951847368265,-0.0008416909354096668,0.0005882450347465627,-0.0007269305286593426,0.0004509319934709245,-0.0004952519362532362,0.00021829166745017652,500
2,shock_x_ind12,0.0003988461297552199,0.0008233359938575928,0.0007691364840043879,-0.0009022912642071576,0.001975968677909135,-0.0007040623923533249,0.001697874243238817,-0.00029871191793846743,0.0012115323748439963,500
2,shock_x_ind13,-0.0006868155715630991,0.00044273634699907075,0.0004269552296604483,-0.0015704440358383811,0.0001297966658512516,-0.001433894428716449,8.94289197668374e-6,-0.0010946250181191452,-0.00027291710798190414,500
2,shock_lag1,1.239400431629131e-5,9.27678550473397e-6,1.1704259705256339e-5,-8.974622022329937e-6,3.731727482110146e-5,-5.0555959247666635e-6,3.16758737678765e-5,9.687273697842117e-7,2.3107175120890913e-5,500
2,shock_lag2,1.6075086043270647e-5,1.0647844958675664e-5,1.294812566404867e-5,-7.07510004563545e-6,4.295217850454741e-5,-2.2116360426735646e-6,3.7933330529894434e-5,4.780512490520521e-6,2.9931253918246738e-5,500
2,shock_lag3,1.741152756851588e-5,1.1395396618055137e-5,1.410473605269416e-5,-4.6033082250381005e-6,5.1163281829325764e-5,-2.3129802767064697e-6,4.6761969806998375e-5,4.596182715568203e-6,3.149051997776866e-5,500
2,shock_lag4,1.228516644696208e-5,1.059639186792651e-5,1.2795237154105161e-5,-1.0031600406159224e-5,4.1456575198750694e-5,-6.74499225283293e-6,3.64536531398839e-5,1.7472313869932464e-6,2.468733780776209e-5,500
2,shock_lag5,1.2684161923838112e-5,1.0617571911596675e-5,1.2473156875867068e-5,-1.0007833815872062e-5,3.8975333520239935e-5,-7.5584985733734724e-6,3.400082537162447e-5,9.086520939295621e-7,2.402509357466926e-5,500
2,shock_lag6,9.691662212549081e-6,9.689370468240723e-6,1.1885289777481242e-5,-1.0881507097536904e-5,3.346919533818152e-5,-7.864941299557005e-6,3.0631964839503565e-5,-1.1428731583047853e-6,2.0923530223483222e-5,500
2,shock_lag7,8.220954798183958e-6,7.480209287596959e-6,1.0237833601978735e-5,-7.764977855079718e-6,3.3660473717166215e-5,-5.286092606455202e-6,2.8059206974018833e-5,9.471581237489553e-7,1.8728205531671585e-5,500
2,shock_lag8,6.284982513947896e-6,6.6227532910661435e-6,9.77682458631959e-6,-1.1962733225398529e-5,2.922818978129252e-5,-8.697418648470293e-6,2.497394420167933e-5,-9.475754587071772e-7,1.6674051761226954e-5,500
2,shock_lag9,8.459074616529647e-6,7.174787164780712e-6,1.0150987208136852e-5,-8.942960373414091e-6,3.3629999312583407e-5,-5.0318437484642475e-6,2.6650839379634664e-5,1.1769705726652714e-6,1.912469748560688e-5,500
2,shock_lag10,6.74543262385375e-6,6.515570585220959e-6,9.736659753902312e-6,-8.04856406606558e-6,2.8795624029072493e-5,-6.218759881811044e-6,2.5107571998343647e-5,-8.955171729222406e-7,1.6430019089269757e-5,500
2,shock_lag11,4.506189132594733e-6,6.064880027990348e-6,8.998639625329282e-6,-1.192874532265223e-5,2.3711035544890308e-5,-9.51292794141033e-6,2.0757031789625716e-5,-3.9710034419313185e-6,1.2814144995258275e-5,500
2,shock_lag12,9.582412546390796e-6,7.13727847151959e-6,9.444963489542277e-6,-8.26863680908566e-6,2.8203650787927394e-5,-5.390780634125483e-6,2.4633434287622916e-5,9.7063312809211e-7,1.8438423886933955e-5,500
2,log_oil_lag1,-9.76854481502772e-5,6.471361140392638e-5,7.006477726906051e-5,-0.00023570148551958474,3.9556954133026004e-5,-0.00020965355338595134,1.552318789495256e-5,-0.0001736621351167877,-2.9027511298674967e-5,500
2,ffr_lag1,2.3530916270686935e-5,2.1517913210645424e-5,2.47498112935552e-5,-2.4419481272841503e-5,7.564496043178064e-5,-1.662170520464167e-5,6.709377545229781e-5,7.450022531858601e-7,4.7430924535439524e-5,500
2,age_mean,7.112811346541046e-5,4.927280036681918e-5,5.2207960785830246e-5,-2.5000407014037824e-5,0.0001717389730144045,-1.2262837201461498e-5,0.00015900292673034122,1.8118992545365343e-5,0.00012265984737421583,500
2,female_share,-0.000989900130206605,0.0021766983931217412,0.002421647937675669,-0.005801796363993366,0.0038231581218605786,-0.004977805641864519,0.003114669685762991,-0.0033577831454688328,0.0014535213051075641,500
2,married_share,-0.0008991407811365064,0.0015281305272298762,0.0017203421087367068,-0.004271311364668753,0.00245758474600432,-0.003604327486397453,0.0020718878095543586,-0.0026596980974973963,0.000768265987181104,500
2,hours_mean,5.6536827384185404e-5,5.445937939965793e-5,5.8100641865578886e-5,-5.860583444567399e-5,0.0001799712683287287,-3.343157953872122e-5,0.00015630453102736483,-4.5071582183959916e-7,0.0001135442255915026,500
2,unemp_rate,0.0008463287182086648,0.0020270301507894226,0.0024589941350502895,-0.004288955105931337,0.005631412285482638,-0.0032914917533494394,0.00475660418196271,-0.0014940033971831738,0.0032761340814591484,500
3,intercept,-2.2819377274097893e-11,1.0158933700183364e-5,1.0417296792249128e-5,-1.9204343260823955e-5,1.9852221831991597e-5,-1.5330350455308098e-5,1.6989102555218488e-5,-8.052744551571527e-6,1.1336441762180006e-5,500
3,shock_x_ind1,0.0001979180893968358,0.000172463545894313,0.0001766460116102447,-0.00014413531824595467,0.0005300585042348799,-7.983345957939285e-5,0.0004839497137568796,1.6756125128934585e-5,0.0003550094874499633,500
3,shock_x_ind2,-0.000120663356660823,0.00016108585247581134,0.00015950225793281912,-0.0004432845156988321,0.00021547455709711497,-0.0003579905915238997,0.00015502226087596096,-0.0002621857724337135,3.7936976729633856e-5,500
3,shock_x_ind3,0.0006626892834818384,0.0003934627263134095,0.00043156732691603363,-0.0002060071175044813,0.0014899461701560275,-0.00010451989262773706,0.0013217806856875918,0.00021425295879696425,0.0010511049506269075,500
3,shock_x_ind4,0.0005098940755295164,0.00038056118186281817,0.00039458196355351174,-0.000264425693382712,0.001230812821158049,-0.00013109933234092664,0.001145203448760716,9.554660290585276e-5,0.0009123328442347612,500
3,shock_x_ind5,0.0006165828086842213,0.0004945525993963942,0.0005132073949945297,-0.0004233032978238531,0.0016152490539539821,-0.0002635901781620452,0.0015020832637448588,0.0001196939555393906,0.0011457804588727387,500
3,shock_x_ind6,-3.1610290107471165e-5,0.00043371774677296526,0.0004819628620206745,-0.001055004955049319,0.0008011738384231539,-0.0008307352142454358,0.000701121237322118,-0.0005242519622263937,0.00046642147608771386,500
3,shock_x_ind7,-0.00025713720590236905,0.000332232354419636,0.0003549592541783947,-0.0010075868017275812,0.00044735610132120673,-0.0008530953154182847,0.0003323401872266615,-0.0006221308513604503,6.570840549712939e-5,500
3,shock_x_ind8,-0.000512666867262702,0.000498817450582619,0.0005190383760745065,-0.0015796497461245944,0.0003985135599079361,-0.001397662992763335,0.0002989053089480478,-0.0010541318667071297,-7.286166728196576e-5,500
3,shock_x_ind9,-0.0005502890755523226,0.0004745370942169337,0.0004991838385924447,-0.0014290232756315646,0.00046538194990477144,-0.0013120684786611233,0.0002937014842229975,-0.0010403304030158441,-1.072807908905475e-5,500
3,shock_x_ind10,-0.0006951673380830877,0.00037724656731325174,0.0004183202729482337,-0.0014728620743299117,0.000142597378516499,-0.001373891103538904,1.6814797337168663e-5,-0.0011074868333405422,-0.0002742160272213286,500
3,shock_x_ind11,2.1432481172624213e-5,0.0002915067156106251,0.0003087193022588497,-0.0005822254879395383,0.0006500244513456314,-0.000515892553354848,0.0005373378760768317,-0.00026765839229712506,0.00033614706610354394,500
3,shock_x_ind12,0.0003815814422451608,0.0007735935649598722,0.0008117743641710594,-0.0010871087179138395,0.0021041284891407446,-0.0008162885287562455,0.0018443633653097164,-0.00037804409991970826,0.0012126358759091819,500
3,shock_x_ind13,-0.0002952962779541961,0.0003973307621184141,0.0004312933343848774,-0.0010978211539115392,0.0005638212144895384,-0.0009633406210426908,0.0004373073991870755,-0.0007176849134857154,0.00016266756340909235,500
3,shock_lag1,2.1906731256538666e-5,1.310879377606116e-5,1.5791590364387657e-5,-8.3253724685599e-6,5.6429633033665375e-5,-2.1726526038887947e-6,5.104480551527187e-5,1.007862663989694e-5,3.851520392253362e-5,500
3,shock_lag2,3.497345142126797e-5,1.288191827474247e-5,1.4125650819730583e-5,1.0158974326937488e-5,6.439067891198923e-5,1.3747694372120368e-5,6.127586522860473e-5,2.2498012405185356e-5,4.849058553228849e-5,500
3,shock_lag3,3.26787757270653e-5,1.5028770804623043e-5,1.6394824614213958e-5,5.124094006021621e-6,7.022930837396613e-5,1.0071427253651848e-5,6.26691229132861e-5,1.870970968593214e-5,5.15831703578993e-5,500
3,shock_lag4,2.171579542381612e-5,1.546556689761352e-5,1.647744246161755e-5,-6.103725247061651e-6,5.626118248896427e-5,-7.496695687267561e-7,5.118746453207473e-5,7.1640035398124754e-6,4.1476469390278843e-5,500
3,shock_lag5,2.0346702906781708e-5,1.626387173128986e-5,1.7196554813106586e-5,-1.292499605637192e-5,5.639979707663295e-5,-9.34233681793044e-6,4.7396725734514176e-5,3.8113682859730504e-6,3.700531848130812e-5,500
3,shock_lag6,1.0984179740617958e-5,1.3618734670424533e-5,1.5820554976476576e-5,-2.2555981136644467e-5,4.003163897947493e-5,-1.4148902393072327e-5,3.415080761036218e-5,-3.431680065965183e-6,2.640497372981059e-5,500
3,shock_lag7,6.752805699420876e-6,1.2153357509449108e-5,1.3584049030327672e-5,-2.221483971449797e-5,3.600583484402242e-5,-1.4022825631840782e-5,3.0041684207137913e-5,-4.281038072245612e-6,2.0011384333999266e-5,500
3,shock_lag8,2.040613790414441e-6,1.0255179466182015e-5,1.2222883976083683e-5,-1.9386326856567583e-5,2.7540467796726347e-5,-1.5401473975338297e-5,2.3247257060838212e-5,-7.758707667611521e-6,1.575731471479982e-5,500
3,shock_lag9,3.255119418102854e-6,1.0255048376996317e-5,1.2622056060408181e-5,-2.2833807232883168e-5,2.7749143797268534e-5,-1.6926846841779196e-5,2.4780331372024452e-5,-7.141276740996234e-6,1.6828383517905322e-5,500
3,shock_lag10,1.9979160166598493e-6,9.928283107052857e-6,1.314952096947055e-5,-2.496956143218132e-5,2.717445678160252e-5,-1.8333093305977347e-5,2.378596043615211e-5,-9.735905706678944e-6,1.4999838540483537e-5,500
3,shock_lag11,1.7001403841605322e-6,9.739606603039644e-6,1.2814751328900826e-5,-2.614585433057141e-5,2.7449256112788666e-5,-2.0121843935484548e-5,2.2993449210825907e-5,-8.865273310167511e-6,1.3233488072004423e-5,500
3,shock_lag12,9.316257078361298e-6,1.0798273195139765e-5,1.3093761016042208e-5,-1.500082559623448e-5,3.37460467851941e-5,-1.2294587643048657e-5,3.074269893727833e-5,-3.6643562634235163e-6,2.2125333628893354e-5,500
3,log_oil_lag1,-0.000169441919066786,7.512037797037119e-5,7.330980049879239e-5,-0.0003208218112570288,-4.848387749172597e-5,-0.0002945031535049099,-6.172572877629815e-5,-0.00024740967106626585,-0.0001020069792790614,500
3,ffr_lag1,6.940256390735385e-5,2.0765129281940315e-5,2.304394717119371e-5,2.5391974799599535e-5,0.0001156112426143532,3.286762605572716e-5,0.00010728849630687062,4.780907302221991e-5,9.404397250897387e-5,500
3,age_mean,0.00017355055493533124,4.943363421682143e-5,5.057149444610989e-5,7.835600465097258e-5,0.0002738809015384703,9.689081678823968e-5,0.0002533841025936651,0.0001244758998252312,0.00022538816612943885,500
3,female_share,0.00011939227375456616,0.0022715661028919255,0.002349622162408746,-0.004736896254856755,0.004495155216061272,-0.0042099556848117494,0.0037427480014929145,-0.0023395977679749446,0.0022126980071528438,500
3,married_share,-0.0008274152768193259,0.0014091415769497471,0.0017103125193130733,-0.004748063753513221,0.002084739705002237,-0.0037291302865544995,0.0017353348449745823,-0.002527566935445469,0.0007533237248104062,500
3,hours_mean,7.661646924861411e-5,6.059084172138836e-5,6.128844249272119e-5,-4.6490947161981845e-5,0.00018936800460561155,-3.0360839549579455e-5,0.00016988662709673238,1.4078210427435369e-5,0.00013468324181926567,500
3,unemp_rate,0.005042195297727695,0.002180005342258948,0.002481001949107513,0.0005902615216465864,0.010227598566480832,0.0012116167625550618,0.009486530255444114,0.002615304075424412,0.0077832298647964844,500
4,intercept,2.4452321249022235e-11,1.77516054330833e-5,1.6706175247619238e-5,-3.03995862369384e-5,3.8706977383609015e-5,-2.3676223967422257e-5,3.1610493484015835e-5,-1.274032874122842e-5,1.8525038308165457e-5,500
4,shock_x_ind1,0.00011368819355438599,0.00019011133297434972,0.00018998400437863794,-0.0002761742926049313,0.0004586538238702915,-0.0001917671762638665,0.0004198970312801879,-8.238704882478854e-5,0.00030552147571539313,500
4,shock_x_ind2,-0.00018802499466399281,0.00016907395471221404,0.00015306922799956552,-0.0004992440059163965,8.681897974884326e-5,-0.00043263955524181776,4.1236900236938085e-5,-0.0003370713378546636,-3.792986492967594e-5,500
4,shock_x_ind3,0.000201286264962675,0.00044152716179390926,0.0004786213009053947,-0.0007079228652004564,0.0010850722621143058,-0.0005937593689186179,0.0009433453164325007,-0.0002870295071278617,0.0007230753926473082,500
4,shock_x_ind4,0.0006149779145236401,0.0003186983551299769,0.00033341019705413047,-0.00010865758329322341,0.0011921098177743584,4.6227487596127004e-5,0.0011331308990190705,0.00026599281733354226,0.0009333928803025916,500
4,shock_x_ind5,0.0005196708682623732,0.000429080637326592,0.0004652228348505935,-0.0003836516877623927,0.0014282385693309726,-0.00022807716897318847,0.0013054057134046803,5.014883131888135e-5,0.000991979181729402,500
4,shock_x_ind6,-0.0005330403540093069,0.00048037699174693075,0.00047910072580322193,-0.0014407987444684592,0.0004264530927575403,-0.001303945938466539,0.00027789477774040587,-0.0009798406896267817,-5.5113791150703813e-5,500
4,shock_x_ind7,0.000300867208302513,0.0003383789622362699,0.000340386152884436,-0.0003097357223590556,0.0009610147636752667,-0.00023736260954075313,0.0008819502949834284,-2.6089722054112966e-5,0.0006300217341328128,500
4,shock_x_ind8,-0.0006185689673247054,0.0005503270666900291,0.0005311019640686062,-0.0015565839912054283,0.00040212705804406116,-0.0013864646993247945,0.00031446517677571895,-0.0010845687897938331,-3.901247241490359e-5,500
4,shock_x_ind9,-0.0009612337800298477,0.0005226121044804591,0.0005287982356113964,-0.0019868758996028873,2.9393636840782292e-5,-0.0018073742107291737,-0.00011047757381711606,-0.001494480378860023,-0.00041703234015350195,500
4,shock_x_ind10,-0.00013925678777082962,0.0005079734913727931,0.0004969170702773915,-0.001116049840796184,0.0008407629161346526,-0.0009396052408511793,0.0006218463689875949,-0.0006479018312382185,0.0003458208814927899,500
4,shock_x_ind11,-0.00038605893200382394,0.0003595814056617347,0.00033099244100568895,-0.0010063857588956723,0.00028659401650014385,-0.0008957765522178856,0.00016792474703207583,-0.0006775270881591918,-2.1396540708650658e-5,500
4,shock_x_ind12,0.0014845220875699286,0.0007451049051710272,0.0007418444143341162,0.00017244352948884344,0.0029795432516880457,0.00044675502142706966,0.0028231878366922806,0.0007836077541478375,0.002295978355092563,500
4,shock_x_ind13,-0.0006125682906933393,0.0003994314081313221,0.000423207467299275,-0.001458817133745491,0.00023275791077606383,-0.0013323291086835927,5.797456771594514e-5,-0.0010409706637302576,-0.00022590680878010203,500
4,shock_lag1,2.5315268417421076e-5,2.0332777078241053e-5,2.2927807749925025e-5,-1.713115326432895e-5,7.248175558937836e-5,-7.841325515833858e-6,6.379952693373428e-5,2.971472709416007e-6,4.804875800912661e-5,500
4,shock_lag2,4.652479155056925e-5,2.0880503141046987e-5,2.2031359918680495e-5,7.306795223695205e-6,9.329081303378848e-5,1.2900314677190221e-5,8.42247971906704e-5,2.5598272772266954e-5,6.831950478060796e-5,500
4,shock_lag3,3.8732185647296345e-5,2.4815971525309693e-5,2.5857213169359914e-5,-4.478969502720617e-6,9.44596696539922e-5,3.114848204832242e-6,8.577255403646385e-5,1.7121864341759943e-5,6.875423174175034e-5,500
4,shock_lag4,2.183378585480878e-5,2.4783829591193558e-5,2.6422591669325752e-5,-1.921425028243265e-5,8.333025112022157e-5,-1.3707506136736487e-5,7.408218909828156e-5,2.964168996014308e-7,5.2261176445892016e-5,500
4,shock_lag5,1.7970875840107514e-5,2.6271624303843068e-5,2.8676526015987147e-5,-3.330462536652502e-5,7.638286563403972e-5,-2.7685682700667167e-5,6.84243897716596e-5,-7.320671179107448e-6,4.801691795565072e-5,500
4,shock_lag6,9.683215577218501e-6,2.1755787141212366e-5,2.5021457742425825e-5,-3.79404653353875e-5,6.058158178930698e-5,-2.9455242065573974e-5,4.898442680855773e-5,-1.4033819355853134e-5,3.467437793789213e-5,500
4,shock_lag7,4.356031326883307e-6,2.0499046420769272e-5,2.2668332745228954e-5,-3.6044207092743123e-5,5.4392162154423146e-5,-2.8720548777292783e-5,4.003452497723788e-5,-1.4860018070186062e-5,2.652097320276256e-5,500
4,shock_lag8,-3.1324546657079195e-6,1.8148928354508488e-5,2.2688974586255458e-5,-4.7590232405579946e-5,4.3655969034219527e-5,-3.799861157224308e-5,3.331176787882679e-5,-2.2262389678640136e-5,1.872876516777105e-5,500
4,shock_lag9,-3.1337867967602154e-6,1.9172325287942733e-5,2.2553171933568825e-5,-4.274522164653691e-5,4.576717196825341e-5,-3.649268931714672e-5,3.6766378542724706e-5,-2.3534578375429132e-5,2.0403689364237465e-5,500
4,shock_lag10,-6.901884994896408e-6,1.8532122949873913e-5,2.075463003984526e-5,-4.640811179301947e-5,3.06080598002089e-5,-4.007231452246045e-5,2.735672895588151e-5,-2.5790883453198593e-5,1.3778777785112882e-5,500
4,shock_lag11,-4.650318613776181e-6,1.8785067700157946e-5,2.146899173405307e-5,-4.729813731087214e-5,3.721701694174846e-5,-4.0540932751414655e-5,3.139168635915599e-5,-2.500029088534253e-5,1.4384694865714044e-5,500
4,shock_lag12,1.0553307945248163e-6,1.9605528434670367e-5,2.176172530104721e-5,-4.3141080539627165e-5,4.5143620288851016e-5,-3.3864566140211154e-5,3.959255238888253e-5,-1.660681208395821e-5,2.1991526886963418e-5,500
4,log_oil_lag1,-0.00018020614449019943,0.00010118573375299528,9.98292550496948e-5,-0.00040169319557263735,-1.2694601150032472e-6,-0.0003561863872403676,-2.3532043733479197e-5,-0.00028500927474663074,-9.008406837135114e-5,500
4,ffr_lag1,0.00010702015328718464,2.3473347265887535e-5,2.579715377901501e-5,6.244707096249511e-5,0.00016090033983018,6.944298350690994e-5,0.00015071684127631831,8.545198856571931e-5,0.00013361383762736513,500
4,age_mean,0.0002107952055646144,6.290155452078507e-5,6.519265065346258e-5,8.125461856578065e-5,0.00034626438814915197,0.00012175736722909734,0.0003205630307951939,0.00015218645541229014,0.0002792579297184353,500
4,female_share,0.0007341687425831351,0.0023189404506336496,0.002226037357912747,-0.0036641533339002814,0.004907339433638733,-0.00318765886946452,0.004057486378407538,-0.0015315893735179508,0.0027593290657102567,500
4,married_share,-0.0019192267528483327,0.00153046928035496,0.0015669842480325231,-0.004927562051960619,0.0010060139521777009,-0.004383003078414893,0.0005493216560170475,-0.003561826134019212,-0.00030118271443534844,500
4,hours_mean,0.00013048774216378766,6.531604452462984e-5,6.329185769693598e-5,1.8398689307324428e-5,0.0002708250950220776,3.247272944994933e-5,0.0002365510171029323,6.738056593918145e-5,0.0001936972524705458,500
4,unemp_rate,0.010739016931578315,0.002777858013510867,0.0030072718175366687,0.00574075114323936,0.017559468722548908,0.0066935507135657615,0.016312323548617346,0.008429856970115317,0.014390393212047853,500
5,intercept,-4.293737280223033e-12,2.225044775909051e-5,1.971821597551983e-5,-3.4088410778604575e-5,4.4876651307300676e-5,-2.887722082192345e-5,3.5026855450757086e-5,-1.750360199482435e-5,2.2477134818759965e-5,500
5,shock_x_ind1,-5.1231632149532886e-5,0.0001661431985461711,0.00017460736517778207,-0.0003946844253163996,0.0002953188742630487,-0.0003499166231134827,0.00021221888852381097,-0.0002296360838334808,0.00011674616612753917,500
5,shock_x_ind2,-0.00010697796185151662,0.00016989999912655254,0.00016772517946652072,-0.0004513334949385211,0.00020648372672349617,-0.00040170476800849574,0.00016383414855148008,-0.0002642784410869461,6.064142653965661e-5,500
5,shock_x_ind3,0.00042248414222585196,0.00046156372008235666,0.0004948353543263973,-0.0005781776611577774,0.001371283192384525,-0.0004305582934392939,0.0012059462285271784,-0.00010785586265111385,0.0008889699138364852,500
5,shock_x_ind4,7.1338247638260735e-6,0.0004279132202056534,0.00041511698826135403,-0.0008708907000763398,0.0007359771651385611,-0.0007320669310137518,0.0006390343890234251,-0.0004280849601991471,0.000371871245424649,500
5,shock_x_ind5,-0.0002531173041912349,0.0004936965794266468,0.0005462054479531738,-0.0012955078166778898,0.0008524139134558566,-0.0011018124509741007,0.0007010170942427624,-0.0007930993498963178,0.0002768448681156454,500
5,shock_x_ind6,-0.0005666481837279052,0.0004141624889143647,0.0004299355612709297,-0.0013868363069986186,0.00031097640330755025,-0.001254971135967118,0.0001654293339350512,-0.0009789497807264585,-0.00013295331917183544,500
5,shock_x_ind7,-4.232933696672437e-5,0.0004232570996335151,0.00044905734096698093,-0.0008821866403541141,0.0009137633833827354,-0.0007561027960746021,0.0007103918991285411,-0.00043713827631161725,0.0003986029790373812,500
5,shock_x_ind8,-0.0006391156106287185,0.0005401890239316868,0.0005707946632988397,-0.0017206307649188747,0.00047678758583922923,-0.0015509322563357414,0.00029267818491721657,-0.0011985378949020142,-4.8454465938636056e-5,500
5,shock_x_ind9,-0.0007233517429090259,0.0004713287029593227,0.00046114139457356423,-0.0016120691289349242,0.00022755536931354638,-0.0014326578483524414,5.060500801120259e-5,-0.0011359193406937195,-0.0002377729955922726,500
5,shock_x_ind10,-7.608662441811078e-5,0.00035837071549492654,0.00039054087163976973,-0.00080352964318755,0.0007091479565863781,-0.000681465983901503,0.0006164318458466847,-0.00044921732797743494,0.0003331337940888352,500
5,shock_x_ind11,-0.00032326881385119887,0.0003364600767084029,0.000329197923377358,-0.001017666756166942,0.0002830653026890202,-0.000865466703834016,0.00015926338481863137,-0.0006808084205219341,-2.0635255774525947e-5,500
5,shock_x_ind12,0.002688400383548709,0.0007998979996361722,0.0007944730081025634,0.0013040568540532128,0.004350830197235915,0.0015646869643228616,0.004178066846843826,0.001894508459928372,0.0034785871337971357,500
5,shock_x_ind13,-0.0006069625619796577,0.00044772172093655453,0.00047169179856721436,-0.001443002376120077,0.0003531618111298978,-0.0013578365965445712,0.00022405842525641313,-0.0010555275313135384,-0.00010060445709866717,500
5,shock_lag1,1.7992710261180023e-5,2.3535619673241072e-5,2.5585501241724437e-5,-2.8196568728283383e-5,7.649622209945402e-5,-2.3410746604239842e-5,6.210194285137046e-5,-4.696494745482316e-6,4.416646011342721e-5,500
5,shock_lag2,4.31480748459776e-5,2.3755597161604754e-5,2.541339349618851e-5,-3.101984028343529e-6,9.784286180432894e-5,5.191707546457316e-6,8.853372974129693e-5,2.0347955488920715e-5,6.987572031896832e-5,500
5,shock_lag3,3.131907659714935e-5,2.756801693314894e-5,2.892335697395146e-5,-1.5174318074928213e-5,9.87638849947541e-5,-1.0316908664250882e-5,8.50650353667934e-5,6.401858645068723e-6,6.37467183125663e-5,500
5,shock_lag4,1.6679895904528303e-5,2.8749478966877633e-5,3.271776022014808e-5,-4.0931413866372154e-5,8.791384664922508e-5,-3.264917369584855e-5,7.657048647384258e-5,-1.110535401025615e-5,5.172386915893455e-5,500
5,shock_lag5,9.046100927970762e-6,3.009810680252451e-5,3.315637547834014e-5,-5.219872860513911e-5,7.954160146019303e-5,-4.387524532914948e-5,6.645093003554764e-5,-2.192682448253255e-5,4.380050247724699e-5,500
5,shock_lag6,5.1048264900594235e-8,2.5852069852614035e-5,2.8539969002150965e-5,-5.8092556106482693e-5,5.3746079001318694e-5,-4.925274337991646e-5,4.477595058375442e-5,-2.9316441073087778e-5,2.7063870997439478e-5,500
5,shock_lag7,-4.43279352084812e-6,2.5419477222088396e-5,2.5402449742391347e-5,-4.9954430105894385e-5,4.688004138694449e-5,-4.224838488665751e-5,3.733395941995119e-5,-2.6703522473853107e-5,2.278744360493997e-5,500
5,shock_lag8,-1.3303580668188108e-5,2.3870028549537416e-5,2.4895257777703837e-5,-6.310105236130426e-5,3.3591114344442806e-5,-5.3634271405999436e-5,2.687505671271776e-5,-3.6322573561502196e-5,1.1978773884239456e-5,500
5,shock_lag9,-1.5086400830682643e-5,2.5708884613204688e-5,2.7046995992438895e-5,-6.575802050015178e-5,3.7387787903694e-5,-5.749594191941777e-5,2.7777085575239405e-5,-3.945722370891987e-5,1.2370948436237884e-5,500
5,shock_lag10,-1.9207400209860983e-5,2.458032099908694e-5,2.6644283685899713e-5,-7.532545489768815e-5,2.9350283995775188e-5,-6.430947529366387e-5,2.1874613912476506e-5,-4.553556958839533e-5,6.606487026616967e-6,500
5,shock_lag11,-1.2030561681019981e-5,2.4848207030683666e-5,2.77323265029663e-5,-6.982355168614504e-5,3.982571937226681e-5,-5.921334320961857e-5,2.8505854402381374e-5,-4.06159878751762e-5,1.2822551208052948e-5,500
5,shock_lag12,-9.477562340125851e-6,2.5161337854342178e-5,2.77088942196415e-5,-6.733312426327652e-5,4.212481837612837e-5,-5.849335023347056e-5,3.298257432139925e-5,-3.881608775046841e-5,1.5468837487414035e-5,500
5,log_oil_lag1,-0.00012204985787720562,0.00010437365809679453,0.0001047581242687567,-0.00033110661784132396,6.027995701895406e-5,-0.0002905242213620395,4.722470031789568e-5,-0.0002319113213376762,-1.5017255864951182e-5,500
5,ffr_lag1,0.00011152332584657484,2.396188330827097e-5,2.652969847774448e-5,5.9473150115589275e-5,0.00016168059173537114,6.983861514266537e-5,0.00015509081169357987,8.564703684759627e-5,0.00013970532717190193,500
5,age_mean,0.00019473623721887788,6.0052627515764706e-5,6.473523718601044e-5,7.12194862471112e-5,0.0003191708593621934,9.13021527129248e-5,0.00030059613628296075,0.00013263210012885192,0.00026060195110240257,500
5,female_share,0.0022692219034176715,0.002568655763705831,0.0025561020130349765,-0.0025705840172424834,0.007696360617401799,-0.0016848595588060905,0.006803908349981972,-1.147647380065765e-5,0.004889817797647175,500
5,married_share,-0.0012046238718515024,0.0014378173658293866,0.0015276355295010184,-0.004151592992601705,0.0016972802690112974,-0.0037407385235912654,0.0012385564657577672,-0.002679659035626751,0.0002106432600156835,500
5,hours_mean,0.00011227679578485698,7.18314944581959e-5,6.808105726376686e-5,-2.057735697659398e-5,0.00023295149503593148,5.23909024385831e-7,0.00021900647062792197,3.878968967648941e-5,0.00017627494928082623,500
5,unemp_rate,0.013198992821304977,0.002887685304270051,0.0028888595618104455,0.008705647853250339,0.020179432850818052,0.009221659811010018,0.0187966214398969,0.010881171275237503,0.016491929771157293,500
6,intercept,-3.3296782519864534e-11,2.5253544913955054e-5,2.3008513544697853e-5,-3.522778582951329e-5,5.5328425421864575e-5,-2.8022260048072283e-5,5.022630598854673e-5,-1.5071635643832151e-5,2.9489323755282845e-5,500
6,shock_x_ind1,-9.278228416039487e-5,0.00016160308662113623,0.0001708689021777539,-0.0004179134529433754,0.00025507649725809486,-0.000350448439287864,0.00020495557154847472,-0.000261089714508289,9.605487884927176e-5,500
6,shock_x_ind2,-0.00028421933410595443,0.00018749662101569226,0.00017550658523959823,-0.000612618962343687,7.343264030004233e-5,-0.0005639692871105263,1.2010657424397788e-5,-0.00045514200050954587,-0.00011951959930397613,500
6,shock_x_ind3,0.0008890691614559442,0.000445451618748962,0.0004625534029829653,4.490241100747001e-5,0.0018884563978376278,0.00017046364548558798,0.0016748328058251174,0.0004562901996080878,0.0013600049860015787,500
6,shock_x_ind4,0.0006680776594652261,0.00034214950188423565,0.00036402507145822267,-1.5634717841764424e-5,0.0013621726895650865,6.775226447305516e-5,0.00124471313263997,0.00028627656809360793,0.0010374815549561492,500
6,shock_x_ind5,0.0004661008268320895,0.0005226413019828682,0.0005198574663881439,-0.0005345008799591619,0.0014880350723979734,-0.00038437166686917045,0.0013784758025916905,-3.696723991235543e-5,0.0009494455485732931,500
6,shock_x_ind6,-0.0001129970680404131,0.0004678122314758805,0.0004706005310505228,-0.001095225538662212,0.0007278708329177348,-0.0009002672076167419,0.0005821788736944138,-0.0005935803359312522,0.00029695826923634193,500
6,shock_x_ind7,0.00037059208034273127,0.00034769528819212427,0.0003452057157930078,-0.0003046262428265935,0.0010274518749813807,-0.00019627466991658585,0.0009395228146683252,5.730955335384922e-5,0.0007445783121087032,500
6,shock_x_ind8,-0.0011142357872960908,0.0005330711961104292,0.0005179066895874733,-0.0020288382716870243,-3.348126270090049e-5,-0.001883019616137164,-0.00016054451104327133,-0.0015857667448209082,-0.0005527077014684165,500
6,shock_x_ind9,-0.00018261629323927152,0.0005084025147653438,0.0005497866562996909,-0.0012487863197176447,0.0008716815603201928,-0.0010944928564045786,0.0007718676665651065,-0.0006942959684505398,0.00035121165743887356,500
6,shock_x_ind10,-0.0003801712602838411,0.0004642762280899523,0.0005006675499847307,-0.0013385894935530752,0.0006384909895174078,-0.0011889081098623035,0.0005003957294625381,-0.0008643902331978598,0.00011961892368825257,500
6,shock_x_ind11,0.00013128387403435178,0.00028606140313780363,0.00030078310456593555,-0.0004298706665296039,0.0007358324690635148,-0.00037333492877660365,0.000643435069951396,-0.0001484988482662303,0.0004304222851597665,500
6,shock_x_ind12,-0.0002514490486426602,0.0007593295869788058,0.0007941676665960376,-0.0018150920741058572,0.001165628163071711,-0.0015912209434280615,0.0009933585003739113,-0.0010903040485455509,0.0005278483181791434,500
6,shock_x_ind13,-0.0004342054362249079,0.00048691493311617105,0.0004692867040988301,-0.0012929598620431654,0.00046471105122417635,-0.0011350556637503661,0.0003804918407768842,-0.0008598413057192419,0.00011453064957367407,500
6,shock_lag1,3.243335455596606e-5,2.6110184565748395e-5,2.9630255965469092e-5,-1.564855967618815e-5,9.726468361977232e-5,-8.076266408655797e-6,8.800253746088855e-5,7.943114320691306e-6,6.678120508467392e-5,500
6,shock_lag2,5.9987929485928986e-5,2.7068831030186935e-5,2.9697468056306045e-5,1.005786645808523e-5,0.0001225613678202077,1.6278532107253112e-5,0.00011471382872234739,3.4253169275096916e-5,9.344902078742002e-5,500
6,shock_lag3,5.0319911704602056e-5,3.129047140518952e-5,3.261155357425841e-5,-1.1462810914803537e-5,0.00012097456957476733,3.892545035913372e-6,0.00010774664135148399,2.0386588102211313e-5,8.544620615257907e-5,500
6,shock_lag4,2.75660687331696e-5,3.246153070882925e-5,3.623014273629089e-5,-3.3120403596391436e-5,0.0001031225765247968,-2.5936925647781576e-5,8.98960041578072e-5,-5.435442077115508e-6,6.441471368865437e-5,500
6,shock_lag5,1.8700791379591833e-5,3.4246222697590705e-5,3.734249006737273e-5,-5.200462383572399e-5,9.614687103733822e-5,-4.007752257920573e-5,8.184669805121143e-5,-1.3413810429220405e-5,5.53196805062702e-5,500
6,shock_lag6,1.202031877726651e-5,2.949038516522756e-5,3.316503503842117e-5,-4.837921359213582e-5,7.579603258311304e-5,-3.9373605931028054e-5,6.700623552574528e-5,-1.75988273662605e-5,4.6290832832059405e-5,500
6,shock_lag7,2.5333786278434786e-6,2.8366012842465097e-5,3.0586209363252295e-5,-5.9474537386443524e-5,6.78335615776675e-5,-4.2815967089657185e-5,5.8959445037466015e-5,-2.3299730282833004e-5,3.228610150504307e-5,500
6,shock_lag8,-8.223689836878954e-6,2.6107087024475777e-5,2.9466963173022027e-5,-6.581731922243891e-5,5.347905404359498e-5,-5.353374534664361e-5,4.4361794672706766e-5,-3.262502421301185e-5,2.1533677933687973e-5,500
6,shock_lag9,-1.0857672084445446e-5,2.7955823941270076e-5,3.182601833290183e-5,-6.895841208907962e-5,5.424606152553916e-5,-6.144499198365775e-5,4.5104836409007295e-5,-3.868593732358209e-5,2.0635785380149968e-5,500
6,shock_lag10,-1.2199490853448529e-5,2.669680840076388e-5,3.137003013444075e-5,-7.318227341833914e-5,5.0765642382185754e-5,-6.193040296833055e-5,3.706998429973789e-5,-4.440183799731197e-5,1.9669804230764355e-5,500
6,shock_lag11,-3.972039730709248e-6,2.6609411613727978e-5,3.161939162530161e-5,-6.943256324816364e-5,5.8648991492243e-5,-5.404764822180823e-5,4.9469939447302194e-5,-3.3965108604310547e-5,2.394266124585471e-5,500
6,shock_lag12,-5.217646173016365e-6,2.7061756054800767e-5,3.059309146613325e-5,-6.70459840147828e-5,5.769853770517695e-5,-5.4067426882577514e-5,4.7306259149251684e-5,-3.153030901311977e-5,2.6782791726130235e-5,500
6,log_oil_lag1,-0.00021629347944376556,0.0001156409103380989,0.00010780693465582656,-0.00046252247792860315,-1.5195727046296539e-5,-0.00041129700540846933,-4.9794037274355475e-5,-0.0003311025246239051,-0.0001244418675258198,500
6,ffr_lag1,0.00014954836384702065,2.4243162430727392e-5,2.5715509755783947e-5,9.859401363110757e-5,0.00020289177896183722,0.0001104126369089708,0.0001918941685680899,0.0001260688552747357,0.00017631740860759893,500
6,age_mean,0.0002599426164262365,6.284765240519897e-5,6.0024380514629456e-5,0.00014672270917259284,0.00039089517927391775,0.00016986448951053032,0.0003529481253658621,0.00020571698627408318,0.0003194562528846274,500
6,female_share,0.0012732072634187674,0.002583107069057609,0.002667717436599994,-0.004089567744323506,0.0059178349679279785,-0.0031709105846571477,0.00549085636123781,-0.0014103828786607847,0.004065029128883117,500
6,married_share,-0.003487083548206994,0.00165632776980676,0.0016126443429633184,-0.00664236125721775,-0.0006515602084691779,-0.006265578092990808,-0.0011291370463699477,-0.005108895909045232,-0.0019188352118879952,500
6,hours_mean,8.744898439725286e-5,6.70786909642342e-5,6.66679279521617e-5,-3.3908813038451927e-5,0.00021368112342667222,-2.042093731747154e-5,0.000200938189744796,2.2964514549320794e-5,0.00016051325782533038,500
6,unemp_rate,0.015156139245937082,0.0030440282182277647,0.003060429228800323,0.010253118982725046,0.022264679234395637,0.011055535936943894,0.02108746963979479,0.013082054534143163,0.019135607395046876,500
7,intercept,-1.259158336944996e-10,2.2410136022288797e-5,2.1098812074857802e-5,-2.8736791973995225e-5,5.677537405794592e-5,-2.354438999978841e-5,4.5912631026346766e-5,-1.2584915996901336e-5,2.5582267845787813e-5,500
7,shock_x_ind1,-0.00021246486644037435,0.00014576133928753622,0.00014881407218108117,-0.0005376936077117137,8.704210942531032e-5,-0.00047594607458028014,4.042046138421492e-5,-0.00034421753769073223,-7.642551460570251e-5,500
7,shock_x_ind2,5.5803658893732226e-5,0.00021495506272423468,0.00022472745416557543,-0.0004082123717856559,0.0004711928920344571,-0.00033402673154513335,0.0004130572368360054,-0.00016811350715097647,0.0002593353369446384,500
7,shock_x_ind3,8.383632056511722e-5,0.0004938500308197913,0.0005165056628549314,-0.0009597552362820811,0.0010451407284693868,-0.000738283483952834,0.0009424528593016924,-0.00041570950362450294,0.0006020045161457125,500
7,shock_x_ind4,5.6991420315489116e-5,0.00032932174645923295,0.00033885293712701715,-0.0005712364005014312,0.0007526051655238143,-0.00046806628048978255,0.0006277405259663229,-0.00029294672742938364,0.000373811159521787,500
7,shock_x_ind5,-0.0003974490364271438,0.0005321454699650901,0.0005625573580323777,-0.0014392489987818035,0.0006888011201182864,-0.0012652903887865846,0.0005481457984578714,-0.0009396968933565496,0.00019522211711895721,500
7,shock_x_ind6,-4.289160815782963e-5,0.000465977315711544,0.00043633909862162524,-0.0009005718641027726,0.0008737689784122288,-0.0007765435700384113,0.0006980080065229997,-0.0004833715023263013,0.0003851331967945069,500
7,shock_x_ind7,-0.0001508328498961047,0.0003926259728150585,0.00037028129155050545,-0.000904222920072541,0.0006012055815030468,-0.0007638323773437453,0.00044023214559478653,-0.0004948219265421112,0.00022499225747201775,500
7,shock_x_ind8,-0.0002148403087647374,0.0005791493442262464,0.0005906328389368148,-0.001301200852450004,0.0009696362545185556,-0.0011780059890524146,0.0008078810621532629,-0.0008435923697527942,0.00032104807053658416,500
7,shock_x_ind9,-0.0006018234901248743,0.0004883895670954741,0.0004847305121846939,-0.0014842954104172209,0.00034400868802429046,-0.0013917328271095253,0.00018461323250234426,-0.0011002229975392702,-0.00010625274583577308,500
7,shock_x_ind10,-0.00034257309163154446,0.0004647377301243602,0.00048063118757381545,-0.0013522225811495835,0.000639719047041388,-0.001131783939196429,0.0004839407109094102,-0.0007348490346882338,0.00012624242116333076,500
7,shock_x_ind11,-0.0001379241514540849,0.0004085303747634169,0.00039268638591735715,-0.0009930789560326364,0.0005641912650408133,-0.0007975623761218016,0.0004889536552476114,-0.0004954239074184616,0.00026960660495568644,500
7,shock_x_ind12,0.001953606277424215,0.0010102723235376168,0.0009828560721607807,9.0410752318949e-5,0.00407707777869935,0.0003353923627325279,0.0036051672080687383,0.0010066674669127265,0.0028802701657062095,500
7,shock_x_ind13,-0.00030666781789404063,0.0004786253122389177,0.0004622711011185511,-0.0011784117109495378,0.0006826506964066492,-0.001007868992463729,0.0004678474454415194,-0.000748484205716555,0.0001750018294575182,500
7,shock_lag1,2.748224467996633e-5,2.471742128245055e-5,2.7699006927794222e-5,-1.982774272434123e-5,8.948878287088451e-5,-1.2096188514788287e-5,7.391926615352733e-5,2.5548240517244785e-6,5.6770041767538864e-5,500
7,shock_lag2,5.73907318543446e-5,2.559412368168054e-5,2.6895075690776054e-5,1.0480265455288323e-5,0.0001178581325772533,2.022128764012735e-5,0.0001057141381537525,3.391666352810243e-5,8.646885297807072e-5,500
7,shock_lag3,4.272031416848166e-5,2.7532665419849274e-5,3.0415801493991157e-5,-5.553791741292622e-6,0.00011225306271335245,2.157802459425768e-6,0.00010139900404601878,1.7342610464345623e-5,7.639205884965389e-5,500
7,shock_lag4,2.1053480251484573e-5,2.8492978080759583e-5,3.261768717841312e-5,-3.567731013657482e-5,8.584236364579346e-5,-2.6644953705228727e-5,7.271596557502166e-5,-1.042534293865926e-5,5.534255989198612e-5,500
7,shock_lag5,1.5859525667086142e-5,3.018946404003992e-5,3.404113112012228e-5,-4.463045077276792e-5,8.488986373218532e-5,-3.646344946635861e-5,7.521249585618169e-5,-1.3970205750289897e-5,5.101066208335374e-5,500
7,shock_lag6,4.098447276992198e-6,2.5753478671846544e-5,2.8108820654915462e-5,-4.894295675303636e-5,6.600189186338522e-5,-4.1031562033852876e-5,5.243986948113027e-5,-2.007333349463588e-5,3.0783035771451576e-5,500
7,shock_lag7,-2.345092041670319e-6,2.52664043397321e-5,2.7515573148330666e-5,-5.505170561478811e-5,5.198850716874978e-5,-4.466974074586412e-5,4.5126823437597176e-5,-2.875586198043716e-5,2.4327639032053808e-5,500
7,shock_lag8,-1.3083974064994315e-5,2.3845638597418353e-5,2.710321246905621e-5,-7.030546245357023e-5,4.0025835488496757e-5,-5.832862037523976e-5,2.7967132940743847e-5,-4.080881528536318e-5,9.334560830584849e-6,500
7,shock_lag9,-1.1884227358890217e-5,2.5227041583328284e-5,2.8854556806158593e-5,-6.787396386842476e-5,4.458417027776654e-5,-6.06988157045474e-5,3.484885755691424e-5,-4.186816882335614e-5,1.516671809900514e-5,500
7,shock_lag10,-1.313390310404328e-5,2.4174487448325037e-5,2.7764428865059355e-5,-7.871328717643039e-5,3.559289633722618e-5,-6.59091040146947e-5,2.6754600942292593e-5,-4.086983711171378e-5,1.1694920913968035e-5,500
7,shock_lag11,-9.206732494836325e-6,2.4593975701017407e-5,2.85751952490932e-5,-7.259305335171272e-5,4.412447837037031e-5,-5.776524401019072e-5,3.403445322923863e-5,-4.021254977553327e-5,1.5822358730853933e-5,500
7,shock_lag12,-8.661260817326425e-6,2.42569976034814e-5,3.0628283488250295e-5,-7.335686101473247e-5,5.1885717878628804e-5,-5.6376131347496014e-5,4.355007727523782e-5,-3.710901945180383e-5,2.134975337706794e-5,500
7,log_oil_lag1,-0.00018176201468880115,0.00010015656352331335,0.00010457141983028263,-0.00039514822009607527,1.566696132750987e-5,-0.00035669506691332,-1.795949887913213e-5,-0.0002962203216705877,-8.64703686853053e-5,500
7,ffr_lag1,0.00012383531595807105,2.169984003520646e-5,2.4091794159734705e-5,8.046687720559882e-5,0.00017533712636858348,8.717305246561425e-5,0.00016881261445073957,0.00010244220850135342,0.00015068720078629735,500
7,age_mean,0.0002403166625176678,5.8729572499972735e-5,6.395054418678237e-5,0.00011804016382816745,0.00036199909714070987,0.00014000766044757222,0.0003478091149947364,0.00018357328512604555,0.0003112324574299479,500
7,female_share,0.0024356027096410935,0.002296814869839435,0.0023131125753008334,-0.002111706069958397,0.006700606491744763,-0.001414561929380928,0.006177235878000862,0.00012558675628630318,0.0048691859302813,500
7,married_share,-0.0015938368696808661,0.0014804689904899006,0.001605113834599076,-0.004790303145893177,0.001601889592067522,-0.004252897121746157,0.001103718036507061,-0.003188208927038524,-7.463921644979594e-6,500
7,hours_mean,0.0001207454849578432,6.137560541950251e-5,6.603074933378991e-5,-7.677811416983666e-6,0.00024584782615415376,1.9402437751928962e-5,0.0002209722197947666,5.66388539774448e-5,0.00018600793971301256,500
7,unemp_rate,0.013289356159464468,0.0030785649328935565,0.003185024089174725,0.008437136289697219,0.021197180972180363,0.009579439808946237,0.0198781302910283,0.011082730643043272,0.017301831730357063,500
8,intercept,-2.6475482801386004e-10,1.9013748112071057e-5,1.8918546627131625e-5,-3.0022698821323384e-5,4.452705745538267e-5,-2.262749743344948e-5,3.373302187761384e-5,-1.325737456877556e-5,2.1756424936212465e-5,500
8,shock_x_ind1,-8.016653725615335e-5,0.00016154048181444408,0.00016319122096839777,-0.00040032872613980283,0.0002468365360202811,-0.0003462391508373224,0.0001874694045065305,-0.00023677162216667255,9.147054245997215e-5,500
8,shock_x_ind2,0.00017419249613200976,0.00019135257446097962,0.0002001588099454204,-0.00021171727694686458,0.000569790969964284,-0.00016169623474883692,0.0004826859822411824,-2.6472448642124275e-5,0.00036562561709269884,500
8,shock_x_ind3,0.0007853199095651411,0.0004677495654663756,0.0004895046517481674,-0.00014967936497840042,0.0017503442311912736,2.4652047475196267e-5,0.0016417846347640637,0.00033855181492842236,0.0012985497373117372,500
8,shock_x_ind4,0.00041280781404852976,0.0003292574265433032,0.00034928382393953355,-0.00022072296791507786,0.0011389144721987952,-0.00013502361081667272,0.0010167286740204598,6.999415465624158e-5,0.0007742860691076323,500
8,shock_x_ind5,0.00036268566887178724,0.0005478947586481463,0.000585503728576757,-0.0007319748645254589,0.001523986925209522,-0.0005790027255086045,0.0013628029092677151,-0.00013806432350522217,0.0009741601156987514,500
8,shock_x_ind6,-0.00026935350340655674,0.00046643900576966965,0.00046265378900289046,-0.0011197041709568967,0.0006074895507053812,-0.0010077904391876532,0.00048639225157694416,-0.0007625253312224616,0.00020390914175968838,500
8,shock_x_ind7,0.00020544461962246593,0.0003309583315548805,0.00034720269560325773,-0.0004765424647603071,0.0009228182758332533,-0.0003488703882029977,0.0007700056091629653,-0.00012786371641262782,0.0005434369029348219,500
8,shock_x_ind8,-0.0010291602902096353,0.0005433461587688014,0.0005380913271937686,-0.0020419273590153906,0.00010338109433351647,-0.0018867999317706272,-6.636144359991511e-5,-0.0015070346520420245,-0.0005151514327613957,500
8,shock_x_ind9,-0.0004738942304045194,0.0005587660733280159,0.0005396245765859837,-0.0015396920481565465,0.000519978916086759,-0.0013384889986156733,0.0003763313342525013,-0.001043743925038543,6.7112131520216e-5,500
8,shock_x_ind10,-0.00030291060283207125,0.0003917204578055059,0.0004143797397587094,-0.0011110808575523277,0.0005189328853171351,-0.0009710276253372321,0.0003794602062607751,-0.0007266878299022698,0.00012196905986320315,500
8,shock_x_ind11,-0.0008672630912157685,0.0003487959378210701,0.00035769328329320705,-0.0015844911145862308,-0.00015925031350322554,-0.0014346964431304651,-0.00028218996603915277,-0.0012009957098583425,-0.00048549519772677496,500
8,shock_x_ind12,0.0016039056385956118,0.0008540106361611526,0.0008583306170172841,-0.00012511827053252744,0.0033127197379992247,0.0001319129611171559,0.0029002694505700995,0.0006594091103826892,0.002405425141351841,500
8,shock_x_ind13,-0.000711946589360457,0.000389059054507114,0.0003957689414442568,-0.0015820691447233095,3.554015825126584e-5,-0.0013429098466500363,-7.134981705319397e-5,-0.001089466497826805,-0.00032493931197591895,500
8,shock_lag1,3.437791626662017e-5,2.3315028959109226e-5,2.64077749149081e-5,-4.4569003579486e-6,9.189738875077681e-5,3.709941434155188e-7,8.73358341920511e-5,1.5035901752888138e-5,6.751164838075636e-5,500
8,shock_lag2,5.406491256402862e-5,2.392139572009818e-5,2.7553996832612343e-5,1.3115415931835232e-5,0.00012125793490315231,1.8611040404642717e-5,0.00011008036613340679,3.3200790396875595e-5,8.671367851937238e-5,500
8,shock_lag3,4.3205710369708536e-5,2.463120730544078e-5,2.9656940936513e-5,-4.072843004503024e-6,0.00011671543246297351,5.480090835770824e-6,9.973460889776186e-5,2.1231306935986793e-5,7.742382648355855e-5,500
8,shock_lag4,2.7907027605740308e-5,2.5284476975272508e-5,2.9572528965423944e-5,-1.867197382032885e-5,0.00010044191177753852,-1.3020396408729901e-5,8.463933043484657e-5,3.970189765735866e-6,5.978465772990539e-5,500
8,shock_lag5,2.0055068244153923e-5,2.5805491282210345e-5,2.957666829719642e-5,-3.572178109779879e-5,7.919359200079206e-5,-2.4249877146960715e-5,7.127891004774131e-5,-9.474723302377407e-6,4.854379358435322e-5,500
8,shock_lag6,1.0377512075760432e-5,2.1521471758479384e-5,2.4504884283039264e-5,-3.5177058384947375e-5,6.225574443129325e-5,-2.8301768742308907e-5,4.952803215738227e-5,-1.388792349177087e-5,3.400704872336711e-5,500
8,shock_lag7,8.238989885642779e-7,2.042631873537585e-5,2.25447604017854e-5,-4.126320507801916e-5,4.8341093495212376e-5,-3.3110974907934254e-5,3.811253307093763e-5,-1.8780795554339826e-5,2.273027888674146e-5,500
8,shock_lag8,-5.793139416911248e-6,1.8548029120648814e-5,2.0779184531847006e-5,-4.1992363892225055e-5,3.689987031659994e-5,-3.811431837552012e-5,2.7406985429637302e-5,-2.6206697128632808e-5,1.415070968550297e-5,500
8,shock_lag9,-3.7160526527665352e-6,2.006564623954833e-5,2.2013902858250586e-5,-4.780738199572632e-5,4.076674242063129e-5,-3.999864529914536e-5,3.217862748251611e-5,-2.2966693766311587e-5,1.740424624707378e-5,500
8,shock_lag10,-6.776025071319281e-6,1.8739901146010004e-5,2.15870550945192e-5,-4.7950877133555465e-5,3.6864252078389864e-5,-3.9837350643988256e-5,2.8929130160714062e-5,-2.6214127982006855e-5,1.5332714775243935e-5,500
8,shock_lag11,-4.408601784725526e-6,1.9936866661377822e-5,2.424467131345313e-5,-5.599348813180531e-5,4.217500361182957e-5,-4.491181083713701e-5,3.2030117610909554e-5,-2.8236354971239243e-5,2.0133557591977217e-5,500
8,shock_lag12,1.7036030113247741e-6,2.0367294650598537e-5,2.3293239686094952e-5,-4.3807758391568345e-5,4.7975510939398694e-5,-3.383958322513757e-5,3.9778484855633864e-5,-1.8583092101736768e-5,2.5287713557141797e-5,500
8,log_oil_lag1,-0.0002172172148901998,9.738584465466022e-5,9.939255001746912e-5,-0.0004369025304435593,-4.533390476969181e-5,-0.0004029874285638768,-6.629619063724682e-5,-0.00032486392715660057,-0.00012880515212815291,500
8,ffr_lag1,0.00011948634714679308,2.456558330762772e-5,2.7189161414754664e-5,7.186190109834259e-5,0.00017666343425823638,8.095944625443723e-5,0.0001675183420840379,9.444283372073014e-5,0.00015011223457934267,500
8,age_mean,0.0002518260973354267,6.018844749384517e-5,6.330981810791511e-5,0.00014101009754184825,0.00038015151798223405,0.00015612569142905942,0.00036261464579449826,0.00019258878665243286,0.00032233054745986044,500
8,female_share,0.0008248051821369804,0.002343252697489143,0.002376384458295823,-0.0038963516576695284,0.005144726146871488,-0.00310100993366301,0.004584722871389804,-0.0015305101555911755,0.003058476812268647,500
8,married_share,-0.0013697568863837368,0.001604127838695499,0.0017153848064841955,-0.00463906256226182,0.0018688607038391419,-0.004106731302652576,0.0012494933726065359,-0.0031487783571889885,0.0002856656624611375,500
8,hours_mean,5.6878537468597385e-5,6.175821146538753e-5,6.132451971409142e-5,-5.869042842037694e-5,0.00018855636072466676,-4.263315365530565e-5,0.00015633332291906734,-2.3918798033988513e-6,0.00011947060437416936,500
8,unemp_rate,0.010385024486025702,0.0030923210800700186,0.003171836438943822,0.005152723332215739,0.017611974783569607,0.00595260608954149,0.01615060204608192,0.007838713503816808,0.014129919011058586,500
9,intercept,-1.1587562477692236e-10,1.4562422983441954e-5,1.5028773961545302e-5,-2.361453315676212e-5,3.5402056321486236e-5,-2.1162292977204056e-5,2.7438651821739396e-5,-9.85777128557211e-6,1.843776945202864e-5,500
9,shock_x_ind1,-0.00015637605671621656,0.00013883182861788504,0.00014682691660890165,-0.0004148558001556945,0.00016583832226645633,-0.0003855622397674305,0.00010391412802613862,-0.00029641542953260936,-1.0178324582525865e-6,500
9,shock_x_ind2,-8.886863845105617e-5,0.00018327033455588148,0.0001917391076540192,-0.0004702830140047019,0.00028086328536101716,-0.0004388508002838245,0.00022249648947559103,-0.00028746183182908644,9.003516313820847e-5,500
9,shock_x_ind3,0.00043557157838327193,0.0004350055582130573,0.0004537349084176307,-0.0005594823423440225,0.001290966483618622,-0.0003493643893426537,0.0011268425896029139,3.6201211983918445e-6,0.0008501534401516567,500
9,shock_x_ind4,4.3751285336362944e-5,0.00034170899192375096,0.000342689931479979,-0.0006657951619122014,0.0006759899933773414,-0.000542150361565026,0.0005945887268972615,-0.0002847572929686657,0.00039878167458999646,500
9,shock_x_ind5,0.0007402039951288895,0.0005380944027075887,0.0005763275876249938,-0.0005694455169182365,0.001728639356475105,-0.00028111730733079775,0.0015812327932064004,0.00011784634967682719,0.001252209713654407,500
9,shock_x_ind6,-0.0006370091535584799,0.0004761583368854203,0.00048377337318922383,-0.001655276686133284,0.00030038243176986105,-0.0014493279659331998,8.187749667299557e-5,-0.0011230775562074524,-0.00017363837920948217,500
9,shock_x_ind7,0.0002786505855745883,0.00034836262715561966,0.0003486009442523918,-0.00033660324713610524,0.0010113835246217749,-0.00022231469882842,0.000875776388778814,-4.43431155816068e-5,0.0006422574417021401,500
9,shock_x_ind8,-0.0005818133458107959,0.0004911511809277756,0.0005224621491176807,-0.001524976904667181,0.0004994045275904017,-0.0013636441164731972,0.0002617432144060609,-0.0010868809640071835,-4.798896168709838e-5,500
9,shock_x_ind9,-0.0005632511719521787,0.0005016846731165871,0.000512295003289661,-0.0015925589484390421,0.00041283621848546017,-0.0014062526745645795,0.00024260736828318437,-0.0010670032221465784,-4.69649375180718e-5,500
9,shock_x_ind10,-0.0006049045116622392,0.0004693973630139543,0.000489534595041582,-0.0016464949433596175,0.00027719337364657615,-0.0015132737889275115,0.00015428922328647788,-0.001079877804241012,-0.0001431566902665683,500
9,shock_x_ind11,-0.0006569956421326116,0.000270013929630971,0.0003024048790256325,-0.0012914126812941763,-5.504412497849525e-5,-0.0011653245684364827,-0.000204569035542593,-0.0009716372171494062,-0.00039583088472893563,500
9,shock_x_ind12,0.0015607486315988455,0.0009276051354057775,0.0009071228664881363,-0.00025915939790215504,0.0035675630395806263,0.00026360082168504635,0.0031115948524998954,0.0008214752918070983,0.0025317646539814794,500
9,shock_x_ind13,0.00012206915235266072,0.00048725987716227107,0.00045428104005195737,-0.0007191861092190787,0.0010270988904388747,-0.0005848224045807023,0.00091220837405305,-0.00029687851315685966,0.0005699554247892827,500
9,shock_lag1,3.0084649067925782e-5,1.8233189290800997e-5,2.0489629564400364e-5,-5.357181919046315e-6,7.608840714770805e-5,4.171043967063944e-8,6.84232341912458e-5,1.2642632969441247e-5,5.1020995194709853e-5,500
9,shock_lag2,4.21742746692288e-5,1.866163204815429e-5,2.0819544770593753e-5,9.613008135794641e-6,8.916991528033262e-5,1.416273849458809e-5,7.951186343468583e-5,2.4593067315413694e-5,6.614372371032021e-5,500
9,shock_lag3,4.01583009281646e-5,2.0258257691841154e-5,2.3118836448564706e-5,2.6314966899359793e-6,9.232682868988868e-5,9.006369126714016e-6,8.4091164693095e-5,2.1662296929002274e-5,6.652858132124942e-5,500
9,shock_lag4,2.2865871560251357e-5,2.00187418089015e-5,2.3324385522605348e-5,-1.8254529579327577e-5,7.229746758276637e-5,-1.1696939961345015e-5,6.442740228665317e-5,1.8847738272412195e-6,4.505780911151429e-5,500
9,shock_lag5,1.8850518195507714e-5,2.1574222892617046e-5,2.4668436983141216e-5,-2.7865799551269985e-5,6.73553496224738e-5,-1.992199809346533e-5,5.9802948684428474e-5,-5.118595606311305e-6,4.16876417996405e-5,500
9,shock_lag6,1.1759275008830345e-5,1.7479293773259672e-5,2.182080981188491e-5,-3.353093821677242e-5,5.256543797674802e-5,-2.7171138507055036e-5,4.392765665550742e-5,-9.979995302222239e-6,2.9947614957199363e-5,500
9,shock_lag7,6.082659550928637e-6,1.6650859235239872e-5,1.9176043236657775e-5,-3.0119281458348186e-5,4.600722095926615e-5,-2.40493008491542e-5,3.8774033765090054e-5,-1.0810828908643549e-5,2.476622373368167e-5,500
9,shock_lag8,3.742359302764493e-6,1.4568942804526076e-5,1.700968146806565e-5,-3.0322131641720015e-5,4.042178830723176e-5,-2.2385469846101238e-5,3.64142856715825e-5,-1.0565256719748764e-5,2.0741576226284217e-5,500
9,shock_lag9,1.7326334732445593e-6,1.5047665671374192e-5,1.800452076185526e-5,-2.8895219073964648e-5,3.9495597020042575e-5,-2.5674991420617994e-5,3.327577722396696e-5,-1.3590026416983612e-5,2.0761801234119247e-5,500
9,shock_lag10,-2.500013495703959e-6,1.443383363573147e-5,1.964158944041056e-5,-4.175929254078143e-5,3.606214681147966e-5,-3.619529229760023e-5,2.6938351967935932e-5,-2.0226020615382105e-5,1.8051179984748585e-5,500
9,shock_lag11,-1.4805522415419934e-6,1.3976030292175289e-5,1.7740798488333067e-5,-3.549282393883726e-5,3.368098026266481e-5,-2.7078985532557737e-5,2.8642735342292125e-5,-1.7383113134246576e-5,1.6968112812306982e-5,500
9,shock_lag12,6.90782538673473e-6,1.5605701956481095e-5,1.7809106278620844e-5,-2.6367905589304958e-5,4.157052966168374e-5,-2.0536495918417918e-5,3.823032246933118e-5,-9.134903882192224e-6,2.6627358577257538e-5,500
9,log_oil_lag1,-0.0001966193135919771,8.7151280148079e-5,8.851152135208875e-5,-0.0003818441291817182,-4.466060143341121e-5,-0.0003552387262588322,-5.833976547864465e-5,-0.0002899548318565769,-0.00011828691369246357,500
9,ffr_lag1,9.742288069056076e-5,2.3502998985554574e-5,2.2608898100238503e-5,5.3216744647044716e-5,0.00014362366837846523,6.38657593420636e-5,0.00013687628007894866,7.858914530585149e-5,0.00012352297217740812,500
9,age_mean,0.00019400348647569517,5.8460178892266085e-5,5.614625958754799e-5,8.921962976775098e-5,0.00031042214033251067,0.00010816711516215795,0.0002938438493486635,0.00014314047114425869,0.00025881759748643056,500
9,female_share,-0.0023922181987676566,0.002273839660679506,0.0023082414290661653,-0.00700831464790434,0.0021512319372433046,-0.006239813916453744,0.0013822495143576744,-0.004803409329534293,-0.00029106684012870405,500
9,married_share,-0.0015599933865458337,0.0015290750702945898,0.0016349391450643461,-0.004577217472916757,0.0014751138782781517,-0.0043137732158087545,0.0010594392993353498,-0.003332791241298642,2.7848257959951226e-5,500
9,hours_mean,7.086949079375908e-5,5.570021182313752e-5,5.949995048598032e-5,-4.9658624206349774e-5,0.00020277141920889852,-2.339737778251426e-5,0.0001727551770945602,1.5516051927335125e-5,0.00012884215502058184,500
9,unemp_rate,0.0081660496633968,0.0027851659502376603,0.0028174057801536516,0.0038675600419567336,0.014947575899567737,0.004687695532891601,0.013785163488291906,0.006145340497354798,0.011528679262273177,500
10,intercept,-8.375845898063526e-11,1.0566168892993709e-5,1.0325263215294575e-5,-1.9233266752672174e-5,2.3732290939052668e-5,-1.621456416019722e-5,1.89006635017638e-5,-8.188560243687632e-6,1.0573370690357535e-5,500
10,shock_x_ind1,-0.000116836389710306,0.00015564799964713473,0.00015652624250524314,-0.00040781556814401085,0.0001879802982148737,-0.00036061232048105056,0.000150331774771379,-0.0002562704493097525,5.0444351129505524e-5,500
10,shock_x_ind2,-0.00013860494772980164,0.00018521273321968132,0.00020695565125002603,-0.0005654232189659704,0.00023705111999957202,-0.0004987331520665566,0.00019449043363241949,-0.0003570516478167055,4.876508717102204e-5,500
10,shock_x_ind3,0.00039257796182540504,0.0004433735500888827,0.00045045089459042276,-0.00043186741491715305,0.0013461047017731495,-0.00034077893605128924,0.0011061353586988081,-5.7674027946033925e-5,0.0007935411286927516,500
10,shock_x_ind4,-0.0003784639590660336,0.0003805619410613638,0.0003736220463276121,-0.001023814359295385,0.00039913603857091786,-0.0008996718028201756,0.00031020819190267476,-0.0006988552116651502,6.878582395261993e-5,500
10,shock_x_ind5,0.00026818884454089375,0.0006061716607624637,0.0006073335044411791,-0.0009354794218463876,0.0014697042473072685,-0.0007153032009503236,0.0012939071053490122,-0.0002672834134580693,0.0009182201008015608,500
10,shock_x_ind6,0.00013063951759291226,0.00048263078482547756,0.00047046771185785475,-0.0007451665775376468,0.001003848750288297,-0.0006447922521144322,0.0008608070519219256,-0.00038990818384143785,0.0006060285857536052,500
10,shock_x_ind7,-0.000345799862774676,0.00040301802408519304,0.00037789941745052923,-0.001148473122142802,0.00035102690834222375,-0.0010122025180162558,0.00025556575440248685,-0.000757420812017026,-3.8729291927556315e-5,500
10,shock_x_ind8,-0.000438959635448263,0.0005698850203496794,0.0005201152746414943,-0.0013358480296961068,0.0005389661126950959,-0.001257437425295647,0.000399440527867229,-0.0010102964126393263,6.597744009883497e-5,500
10,shock_x_ind9,-0.0006234900769265437,0.0005320099284876446,0.000527900786784125,-0.0017161886364673836,0.0003295183977702287,-0.001521436783679346,0.00021104541798871987,-0.0011633082580417213,-6.40963463430499e-5,500
10,shock_x_ind10,-0.0003641071248679227,0.00043753271496686997,0.00041912457536414353,-0.0011802342290495454,0.00048201411337914083,-0.0010565408682204512,0.00034189704299888665,-0.0007979237445227359,2.8663390417894492e-5,500
10,shock_x_ind11,-0.000318199639383498,0.00026051677673783185,0.0002772379977244925,-0.0008194484802557978,0.00027152139821254176,-0.0007564102068263393,0.00017756943112172093,-0.0005583486112647794,-3.155534279590983e-5,500
10,shock_x_ind12,0.002052094157447961,0.0007618568765275464,0.0007947315569212385,0.0005954411038357481,0.0036190841703474443,0.0007582239954038018,0.003348077911855751,0.0012795750857550762,0.002844221090143233,500
10,shock_x_ind13,-0.00015929495124561617,0.00047628279673599176,0.0005283716572355786,-0.0010795889424249456,0.0009289540018010806,-0.0009772056696193,0.0007722262185965055,-0.0006425626493726347,0.00040905108452540676,500
10,shock_lag1,2.5916105644469905e-5,1.4646966817033364e-5,1.68272018974589e-5,-3.126204870010961e-7,6.600188030625384e-5,4.075515389066858e-6,5.9212641614916824e-5,1.277008201137618e-5,4.389350830008285e-5,500
10,shock_lag2,3.73352888142684e-5,1.603037584364822e-5,1.8044671328493564e-5,1.2647744014932125e-5,8.133624293114826e-5,1.5634251121858185e-5,7.339527918799283e-5,2.375710701847466e-5,5.794901108335012e-5,500
10,shock_lag3,3.566021336008874e-5,1.685768096643168e-5,1.841914497552372e-5,8.434740604427998e-6,7.69517562895632e-5,1.1383441830457416e-5,6.95754042851601e-5,2.0029986617314764e-5,5.7654770781759586e-5,500
10,shock_lag4,2.2676193326386222e-5,1.5612745065584393e-5,1.7651294109977608e-5,-7.17341230837201e-6,6.225594966232024e-5,-2.5191163710183e-6,5.484749057560247e-5,8.990404136803585e-6,4.2180414174082935e-5,500
10,shock_lag5,2.1075294981167274e-5,1.6515322565026163e-5,1.7379192809872405e-5,-1.2480472200244447e-5,5.807864193844829e-5,-7.339537416712978e-6,5.267948379687984e-5,5.8061184939408e-6,3.847212604845246e-5,500
10,shock_lag6,1.4949084574296158e-5,1.3500431468893845e-5,1.534618586929513e-5,-1.3413844639716166e-5,4.438039657290427e-5,-1.0768668477680664e-5,3.989505679452329e-5,2.025063668295776e-7,3.00564593748177e-5,500
10,shock_lag7,1.2475835031719038e-5,1.1915416115887543e-5,1.3284523163933616e-5,-1.131612927526197e-5,3.979495726542736e-5,-6.0708098771354885e-6,3.563801015150813e-5,1.4994829412703806e-6,2.4670478815377876e-5,500
10,shock_lag8,6.569670865252621e-6,1.0546380635835214e-5,1.2541330717758125e-5,-1.963841083676179e-5,3.42853975216682e-5,-1.3659154153108488e-5,2.894825408291391e-5,-3.0275917048751252e-6,1.9223848657539512e-5,500
10,shock_lag9,7.846679146311255e-6,1.1001735563256668e-5,1.2798770970978387e-5,-1.644308850839911e-5,3.2335725130519806e-5,-1.2273031823432999e-5,2.8979585385174807e-5,-3.3842914157895802e-6,2.178801907810255e-5,500
10,shock_lag10,5.2357432011775026e-6,9.930403120071095e-6,1.3089475316170207e-5,-2.1089393501991334e-5,3.2562321687359236e-5,-1.4535342636056347e-5,2.751581843085577e-5,-5.074560104371056e-6,1.7573325436252497e-5,500
10,shock_lag11,5.077016227440824e-6,8.903957707652751e-6,1.2232926954420373e-5,-1.9135377595130567e-5,2.9266077143718867e-5,-1.3623398391675296e-5,2.4933392787110163e-5,-5.109160299708561e-6,1.7031156293899342e-5,500
10,shock_lag12,1.1837172083720058e-5,1.108609264009519e-5,1.3601049081470871e-5,-1.2051861256648105e-5,4.039789880306144e-5,-7.450715012588899e-6,3.482223880785501e-5,6.310481722834181e-7,2.5254875756519453e-5,500
10,log_oil_lag1,-0.00019679283936555728,8.209898533378231e-5,7.814838240571756e-5,-0.00034862311489693956,-5.462222205572497e-5,-0.00032414631383883197,-7.424563557152602e-5,-0.0002828152382730529,-0.00012656590025797787,500
10,ffr_lag1,7.318611212557787e-5,2.7900224317513468e-5,2.6538319015633137e-5,2.542860252176849e-5,0.00012588802380808753,3.380467058479249e-5,0.00011927161817473225,4.738569288032484e-5,0.00010221493962714289,500
10,age_mean,0.00017459644910739822,6.151191945609214e-5,5.87882408291949e-5,7.594185379139381e-5,0.0003012340914101218,9.333548303977486e-5,0.00028464275886644076,0.00011951955364457802,0.00023772307372626166,500
10,female_share,-0.0008849618313079007,0.0023293399718862283,0.0022099062616413724,-0.005086484117094451,0.0031665310942910986,-0.004616288473844639,0.0026680599866669655,-0.0030607790240897554,0.001283354811426118,500
10,married_share,-0.0019379007698148796,0.001561140204581898,0.0016726868597150815,-0.005424210631109599,0.0012821760757056888,-0.00459448656222286,0.0009604092318989815,-0.0035338327732474095,-0.00020213760483623326,500
10,hours_mean,8.394299615689293e-5,6.0768190898267176e-5,6.141836250525994e-5,-3.360495919469183e-5,0.00020212250352742912,-1.5641653520282034e-5,0.00019178278227419251,2.696336762170362e-5,0.00014539594640833144,500
10,unemp_rate,0.00485021914826932,0.002844830397942409,0.002666869945733576,0.00020182083716350835,0.010301661755977264,0.0010036097994509175,0.009490023066601207,0.002256378495905919,0.007817925496240774,500
11,intercept,-1.6134049691601072e-10,1.2536103358841329e-5,1.2466985931899877e-5,-2.3320676874093268e-5,2.571020999203517e-5,-2.026928067085269e-5,2.1629059699907116e-5,-1.2193319208008784e-5,1.1693457257583924e-5,500
11,shock_x_ind1,-0.00011806598094533953,0.00013049383204619675,0.00013845810620731152,-0.0003678718445206119,0.00014080082781360668,-0.0003254341657704456,0.00010526783955439926,-0.00025626535418117895,2.6390467057134182e-5,500
11,shock_x_ind2,0.00012722561445501843,0.00018439131780760868,0.00020332903250586782,-0.0002721312552795344,0.0005075781890992541,-0.00021465653840649438,0.0004617334646775332,-6.426676326976615e-5,0.00032364137864592527,500
11,shock_x_ind3,0.0005130893544318392,0.00042439612831913934,0.0004286785073512265,-0.00033141382296882435,0.0013461830909812767,-0.0001958193447867116,0.0012268608142352818,9.267993419239869e-5,0.0009704505992920197,500
11,shock_x_ind4,0.00021736069712024152,0.0003533628160983327,0.00034054150069003693,-0.0004360831568337195,0.0009185872967031306,-0.0003360032552711946,0.000801836060133466,-0.0001115132039081292,0.0005544004102903993,500
11,shock_x_ind5,-6.985671988697228e-5,0.0005174809230474301,0.0005383425531405266,-0.0012046363400679714,0.0008455341496024582,-0.0010535096707339178,0.0007061104755357198,-0.0006406130502143944,0.00040634727644355754,500
11,shock_x_ind6,-0.0003644163164219597,0.0004491287454999015,0.0004252119361652389,-0.0011852444376145646,0.0004429261288999032,-0.0010445109259469296,0.00028827151383617304,-0.0007931210263302635,1.4444660924489585e-5,500
11,shock_x_ind7,-8.120034396488044e-5,0.0003157415743764356,0.00032957969667781465,-0.0007302221867497365,0.0005421308522928017,-0.0006140502142486843,0.0004435302625828742,-0.0004045165584730739,0.0002581332412812601,500
11,shock_x_ind8,-0.0003705364852978395,0.0005237565386841534,0.0005421845732709683,-0.0014639477358971069,0.0006429720080465249,-0.0012302608221700412,0.0005478081260627878,-0.0008434005737075986,0.00014348130473085832,500
11,shock_x_ind9,-0.00045062207408339726,0.0004927473448897788,0.0004723343654273103,-0.0013974556177418916,0.00048213176154071743,-0.0011945137905978124,0.0003800135998583248,-0.0008848624019584191,7.2640087899359806e-6,500
11,shock_x_ind10,8.97912607694136e-5,0.00048806628300902133,0.0005340455850166501,-0.0009388201078231535,0.0011181836516384008,-0.0008096420812057914,0.0009894486717249296,-0.00042811244282491673,0.0006172738069391448,500
11,shock_x_ind11,-0.00026715110623766713,0.0002726938093482463,0.0002821802493817332,-0.0008434533410968243,0.0002459121501889391,-0.000743323759451614,0.00017329382512805213,-0.0005352488968194692,9.479671025969568e-6,500
11,shock_x_ind12,0.0006717975139767705,0.0007678796323114471,0.0007998758648921541,-0.0007445917337427979,0.0023327811143014363,-0.0005436221856474656,0.0019512001031812025,-6.668350579663728e-5,0.0015246076052862615,500
11,shock_x_ind13,0.00012848586233478711,0.00038327087181396375,0.0003951378042470586,-0.0005949738101376168,0.000967516279572473,-0.0004643857082794778,0.0007599163018696202,-0.00025701974664379886,0.0005396120733459509,500
11,shock_lag1,2.4338619950067437e-5,1.337622230906898e-5,1.5313981082141214e-5,-5.566755322479087e-7,5.955441809299911e-5,3.817727062837969e-6,5.299480161502999e-5,1.1133158660441386e-5,4.204008441999485e-5,500
11,shock_lag2,2.7625615805056467e-5,1.4615567689660208e-5,1.6426436209512848e-5,-1.462137576925563e-6,6.34753997373697e-5,3.609773359967798e-6,5.64941887857917e-5,1.3542692212632202e-5,4.622237724933952e-5,500
11,shock_lag3,3.219290317494304e-5,1.533990444392861e-5,1.6654994657556084e-5,4.1850920353694495e-6,7.030043313959673e-5,8.150688596109837e-6,6.25324701450682e-5,1.790706502761294e-5,5.097406980930262e-5,500
11,shock_lag4,2.3917645268543664e-5,1.5218869878379183e-5,1.6062150530071162e-5,-2.6977514459786193e-6,6.0914630708833135e-5,2.3595687791133277e-6,5.38494903489179e-5,9.8462061184185e-6,4.189926571868237e-5,500
11,shock_lag5,2.71622113402459e-5,1.5265948326395144e-5,1.635111362932731e-5,7.834238754103681e-7,6.383631694156086e-5,3.282239841605453e-6,5.799813547475471e-5,1.108022841105867e-5,4.2098196313547066e-5,500
11,shock_lag6,2.3515610108282974e-5,1.4213638461211621e-5,1.58533028414522e-5,-2.7054233554478294e-6,5.784295095678889e-5,8.675438194935032e-7,5.110244920033421e-5,1.0158597902805255e-5,4.1040635502540335e-5,500
11,shock_lag7,2.505826785592823e-5,1.3728016826158203e-5,1.5451531314822523e-5,1.6045370987850923e-6,6.010881052142198e-5,3.4959506682987844e-6,5.315547019161097e-5,1.250766807281211e-5,4.156821866795848e-5,500
11,shock_lag8,1.8372043973251008e-5,1.4219949001921354e-5,1.6186723659531486e-5,-7.631686982438011e-6,5.5639167022284025e-5,-4.269015344523111e-6,4.833345252638249e-5,6.541311728412452e-6,3.519129305536618e-5,500
11,shock_lag9,2.279219923574983e-5,1.4429721462786367e-5,1.546930132075156e-5,-1.761738206407748e-6,6.0792604433065925e-5,1.7066319353869484e-6,5.371164406880999e-5,1.0286150279928212e-5,3.8168359364934835e-5,500
11,shock_lag10,1.8738087229944512e-5,1.3047955255913053e-5,1.529527629920482e-5,-3.300540211868732e-6,5.8370898778904124e-5,8.028874890880943e-8,5.033194716754229e-5,6.6380000980661905e-6,3.517339859424338e-5,500
11,shock_lag11,1.900915943272182e-5,1.1903988703015525e-5,1.4013677475049827e-5,-1.7861400100782745e-6,4.997592096907513e-5,1.0614634122884037e-6,4.540193008340872e-5,7.60204244303807e-6,3.3175803053730515e-5,500
11,shock_lag12,2.0417450996130935e-5,1.4793326082808611e-5,1.5383500790897234e-5,-3.523394566410534e-6,5.606758358038186e-5,1.2526416204422397e-7,5.1482267748581816e-5,7.080962523406345e-6,3.599159925149302e-5,500
11,log_oil_lag1,-0.0001919058999241227,7.346676236445988e-5,7.521052218801878e-5,-0.00035422828952925354,-6.121172371246159e-5,-0.00032783275883441676,-8.264266906910132e-5,-0.000276104198883107,-0.00013191859118787515,500
11,ffr_lag1,5.087772327791437e-5,2.5975348702002133e-5,2.5407576213828546e-5,3.000318093511436e-6,9.926646897317454e-5,1.0780141588895358e-5,9.278139199889716e-5,2.67667752437728e-5,7.808652086379823e-5,500
11,age_mean,0.0001169251053397676,5.715573140495865e-5,5.476583133493462e-5,1.0803966303951807e-5,0.00022622448833214249,2.4470958698970594e-5,0.00021025136396441636,7.167305439873914e-5,0.00017675655014440852,500
11,female_share,-0.0007095740359851162,0.002017172700750134,0.0019861967921869805,-0.004620734126828658,0.003046017135502753,-0.004182882132705122,0.002339306088823039,-0.0029085783908835133,0.0010859305169209198,500
11,married_share,-0.0047992092285130536,0.0015075328405808758,0.0015734564192307376,-0.008150314136198628,-0.0018006629789875605,-0.007622036728926187,-0.002528295211701318,-0.006419376028353029,-0.0033234459366588004,500
11,hours_mean,4.499547055165722e-5,5.267740897775129e-5,5.15437559102361e-5,-4.942823906421265e-5,0.00014878633278750356,-3.341874489615137e-5,0.0001364216613793178,-2.3543847986065637e-6,0.00010138723189987505,500
11,unemp_rate,0.001140579069365536,0.0031194064871519064,0.0029525280201474907,-0.004679677266618695,0.006674966559453689,-0.0037243871400523317,0.005891395685294568,-0.0020714544264974146,0.003810390392625095,500
12,intercept,1.1149129471377228e-10,1.0659705356026975e-5,1.055664988016979e-5,-2.402150675363318e-5,1.845824173912456e-5,-1.9284115210631454e-5,1.4307298628583906e-5,-1.1103510241022961e-5,7.625409517599972e-6,500
12,shock_x_ind1,-8.029119985513354e-5,0.000150493390931687,0.00015613667946395252,-0.0003842606243909726,0.0002078469560753559,-0.0003400356090557649,0.000164320755472232,-0.00024969675659810826,6.626152577374793e-5,500
12,shock_x_ind2,-0.0001129518230849277,0.000187038089756176,0.00020317860412933796,-0.000522625407036946,0.00025298278634098875,-0.00044779947665305885,0.00021550276028726032,-0.00031192737113988606,8.60632199047841e-5,500
12,shock_x_ind3,0.0005121246736397605,0.0004990561481335821,0.0005460040455001922,-0.0005906369396046847,0.0014747050362335767,-0.00043366289884760103,0.0013858804858359374,-4.6304549145984994e-5,0.0010300547722016965,500
12,shock_x_ind4,0.000509834177298365,0.0003786887537765334,0.00037191952387382297,-0.0002268924877899557,0.001256845346928473,-9.976275359456023e-5,0.0011182740839624057,0.00015918370236423903,0.0008671426293911183,500
12,shock_x_ind5,-0.0004447522271491473,0.0004836389864553402,0.0005023324670181511,-0.0015205938569913405,0.0004134389466179966,-0.0013915782463223862,0.0003137992616330129,-0.000990209835047831,3.297208890692015e-5,500
12,shock_x_ind6,0.000499194680118449,0.0005149748300454804,0.0004998083020249774,-0.00048349625963573905,0.0014973274568344695,-0.00033154448439962037,0.0012935293555698178,1.6585571663143264e-6,0.000960763909392977,500
12,shock_x_ind7,0.00026679105903072665,0.00039423758425878,0.0003759340650717476,-0.0004256629257247482,0.0010034876184464086,-0.0003218426738473758,0.0009191531846937952,-9.202031759325309e-5,0.0006539306361306489,500
12,shock_x_ind8,-0.0007031219297113814,0.0005404728871182888,0.0005603293653726296,-0.0017470365493560424,0.0004837679570191498,-0.0015548716360246609,0.00031656901640083755,-0.00119031107339536,-0.00010018168391072926,500
12,shock_x_ind9,-0.0008620506934543066,0.0006232955702829949,0.0006072990619070955,-0.001997125273430469,0.00031121570090619235,-0.0018903830503082615,0.000149747041250418,-0.001496910714700641,-0.0002928568445325504,500
12,shock_x_ind10,-0.0005388705291690517,0.00044133841777977523,0.0004259990391599969,-0.0014137989419141562,0.000211712212143146,-0.0013233701000503677,0.00010815472883691552,-0.001020412644649775,-0.0001727651762466832,500
12,shock_x_ind11,-0.0005185307427921439,0.00033872078056590123,0.0003559206460995807,-0.0011701997300134304,0.00013006561403194926,-0.0010805534318876432,3.900690479515545e-5,-0.0008479313713226866,-0.00015715219613619987,500
12,shock_x_ind12,0.0012730066743189313,0.0008580534484594796,0.0009123122595726739,-0.0005656282181666638,0.003050415890378976,-0.00028212718921156126,0.0027632290933741876,0.00044502017260370083,0.002170428894365622,500
12,shock_x_ind13,0.0002840090688614137,0.0003944066010152068,0.00041297609194484845,-0.0004687336717537892,0.0011149853389041974,-0.0003643343202775877,0.0009561595710298108,-0.00010555247072578499,0.000672740412892794,500
12,shock_lag1,2.52494109518654e-5,1.326695537988243e-5,1.583348814405293e-5,-3.6135305506240193e-7,5.9999561786738785e-5,3.420606004407887e-6,5.4254003921622676e-5,1.3308154132819386e-5,4.2362935379741326e-5,500
12,shock_lag2,2.7901476418884892e-5,1.5842749166084493e-5,1.7260438246629054e-5,-2.4617410057652744e-6,6.398935256640115e-5,2.7520873198440935e-6,5.706186063187792e-5,1.3742965208646041e-5,4.6457818509651034e-5,500
12,shock_lag3,3.5944437135813055e-5,1.639731433365309e-5,1.758276512909514e-5,7.850287508419644e-6,7.287855357969488e-5,1.0650755921765688e-5,6.60610242404803e-5,1.9618534799380088e-5,5.413652546039633e-5,500
12,shock_lag4,2.5572313090683854e-5,1.6647481421316394e-5,1.7353502309026782e-5,-6.000065466813921e-6,6.419625423953994e-5,-2.733138263762463e-7,5.705457486260654e-5,8.972809144680664e-6,4.204127202722549e-5,500
12,shock_lag5,2.7701552698607704e-5,1.581495228776487e-5,1.746933477523089e-5,-4.105959709145183e-7,6.423039589398974e-5,2.412458505398956e-6,5.756025144853347e-5,9.372542225482573e-6,4.389718341547214e-5,500
12,shock_lag6,2.340760626105837e-5,1.4453272009428338e-5,1.816286355029503e-5,-8.646352797954157e-6,6.13256894628044e-5,-3.152787031613968e-6,5.284822603966836e-5,6.457144347294272e-6,3.988222431530901e-5,500
12,shock_lag7,2.4039209146246764e-5,1.4447490483437422e-5,1.7594874772697314e-5,-2.638232006859485e-6,6.367670267921102e-5,9.167958969464748e-7,5.747512007645324e-5,8.824980431819632e-6,4.198654830230481e-5,500
12,shock_lag8,2.422611713099506e-5,1.4399900476648347e-5,1.6987104926112305e-5,-7.435270252769682e-8,6.75118728555843e-5,2.839062103084111e-6,5.8575000518150966e-5,1.0458316642011412e-5,4.329312939348965e-5,500
12,shock_lag9,2.7598578654983368e-5,1.5468326556976076e-5,1.6597918502861125e-5,2.37027755174276e-6,6.976377384270915e-5,8.081335494408472e-6,6.316861087625662e-5,1.5476614112599686e-5,4.649032157777917e-5,500
12,shock_lag10,2.2159859506971715e-5,1.4616937281568727e-5,1.5883740052681253e-5,-1.2697953414696754e-6,5.9492404884501955e-5,2.6753047551948777e-6,5.39916529187177e-5,9.296546317232718e-6,3.911099545658583e-5,500
12,shock_lag11,1.3175463792871919e-5,1.3936948575058682e-5,1.4322805839306052e-5,-1.0491734704926695e-5,4.593311924228119e-5,-5.645572204361779e-6,4.054099911934814e-5,1.1703038164816607e-6,2.8618592207651146e-5,500
12,shock_lag12,3.0119316995743315e-5,1.6753131020097004e-5,1.71399505944892e-5,2.5493459140436097e-6,6.900462492099653e-5,7.182893146864909e-6,6.19672481194885e-5,1.4503761929934052e-5,4.7606266634475707e-5,500
12,log_oil_lag1,-0.00020624145624819438,8.29949929412219e-5,8.104569881202438e-5,-0.0003682962197082998,-5.4424411831174665e-5,-0.00033942264339796623,-7.907810384540618e-5,-0.0002941688117286742,-0.000134477331476349,500
12,ffr_lag1,3.340881209222972e-5,3.192398996585622e-5,2.9419248712065615e-5,-2.0185789138943628e-5,9.59378273156832e-5,-1.1137821218169935e-5,8.275291907401761e-5,4.711849562302995e-6,6.43350483200787e-5,500
12,age_mean,0.0001247339833004448,7.049888199676949e-5,6.436971704129584e-5,5.32783624456844e-6,0.0002587329349087737,2.0880186952468954e-5,0.00023431586071723972,6.450650012781713e-5,0.00019256592844258929,500
12,female_share,-0.004722134261272312,0.002354319705987926,0.002275625648678803,-0.009662973506759695,-0.000803608697313245,-0.008722034609456527,-0.0015494722313226662,-0.007274961186811995,-0.0025751058409998195,500
12,married_share,-0.0016188423105148164,0.001674439357792899,0.0016612848440375372,-0.004929987853525013,0.001526748634852595,-0.004437643828511897,0.0009853421093552071,-0.0032912963115782133,-0.00011154662286707894,500
12,hours_mean,0.00015050528697182938,6.45362455985661e-5,6.422625691015773e-5,2.9907144254562732e-5,0.00028343320883707305,4.4349405668202574e-5,0.0002509750013592815,8.455005084291027e-5,0.0002105364566656257,500
12,unemp_rate,-0.0005051648586871634,0.00351028512218485,0.0032530748249606756,-0.006887499893719191,0.005651619209437776,-0.0058883229887988185,0.004921469303955093,-0.003949567509183044,0.0025487822715475512,500
13,intercept,-1.3666595273887794e-10,1.2343168777296611e-5,1.2116584163161749e-5,-2.727233286664651e-5,2.276923092557706e-5,-2.3596618469059717e-5,1.6765501383536664e-5,-1.326763254857949e-5,8.995259788132009e-6,500
13,shock_x_ind1,7.481702279741256e-5,0.00016052055905716912,0.00016275395786317302,-0.00024059237986030863,0.0003737030113859639,-0.00020281672154172283,0.000328362130465407,-0.00010414770245583378,0.00023357808882146209,500
13,shock_x_ind2,-0.0001162508276850315,0.00019248580716328459,0.0002099156779908678,-0.0005461919862162214,0.00027991806532522894,-0.00046241985792963813,0.0002308981957652179,-0.00030869609704228584,8.245168323231766e-5,500
13,shock_x_ind3,0.0003614081209506452,0.0005028760951970778,0.0004875182505737843,-0.0006047068389070374,0.0012829666134166712,-0.0004434299912848462,0.0011227823261821563,-0.000115416906785647,0.0008253707125628211,500
13,shock_x_ind4,0.000752228052789481,0.00034556318166896504,0.0003677982907509125,-5.072010511764887e-5,0.0013844436308628322,3.386026456276864e-5,0.0012990544126161244,0.0003424544139070565,0.0010762622571780889,500
13,shock_x_ind5,0.00036779643625579656,0.0005279155384987712,0.0005542216797501974,-0.0007477721134165568,0.0013602685543878802,-0.0005598874381494391,0.0012456182333977508,-0.00018105187629986107,0.0008755868112698043,500
13,shock_x_ind6,-0.00023455718037949353,0.00046925025505131616,0.0004721626416420135,-0.0011528403481568363,0.0006034317870599343,-0.0010153414887731692,0.0005013986657400241,-0.0007439233823742487,0.00024851465351788805,500
13,shock_x_ind7,0.000357588444718628,0.0003499458001140906,0.0003307059784762768,-0.0002653714891978022,0.001067520967533219,-0.00014217553271010094,0.0009427825386472505,5.667833339838627e-5,0.0007207838863086302,500
13,shock_x_ind8,-0.0012488115154660497,0.0004631433240472367,0.0005086823019019512,-0.0022222452902834946,-0.0002500915234467144,-0.00209852394883213,-0.0004612336259613246,-0.0017646671384197966,-0.0007615969838049109,500
13,shock_x_ind9,-0.00021128752115926602,0.000637446156202127,0.0006117684119315235,-0.0013146721265855882,0.0009812709378113295,-0.0012001880296347851,0.0007680048183148272,-0.0008146006479241222,0.00039798149466718693,500
13,shock_x_ind10,-0.0006791434585131643,0.00044689589742333556,0.0004551658277896921,-0.0015354370561601808,0.0002545060493257871,-0.001379966176357535,5.713367266542927e-5,-0.0011518788515498563,-0.000197517968812851,500
13,shock_x_ind11,-0.0003782820003378181,0.0003578404549591084,0.00035676352624821125,-0.001090084410961833,0.0002482823966377933,-0.0009740649305236026,0.0001753287748614884,-0.0007492507515876531,-4.2228673135948785e-5,500
13,shock_x_ind12,0.0012614920943572674,0.000954197396782161,0.000934000443633836,-0.0004785752014085311,0.003122057732749294,-0.00029229325091111545,0.002816590961920329,0.00034424026750967164,0.0022346277877810738,500
13,shock_x_ind13,-0.00025520548349204506,0.0005217562885216859,0.0005260494935472025,-0.0012559729297465356,0.000776459659200818,-0.0011052381384251428,0.0006123596351382352,-0.0007486771522028573,0.0002972567087077606,500
13,shock_lag1,2.63558053524457e-5,1.3426210633517255e-5,1.5129447535205885e-5,3.1166067944800663e-6,5.756448560904035e-5,5.3347006735664585e-6,5.449531239902926e-5,1.3804319886287993e-5,4.292425235447861e-5,500
13,shock_lag2,3.060139609910932e-5,1.4547009760826268e-5,1.61593304366474e-5,2.374550546703716e-6,6.706611315681984e-5,6.462661979426711e-6,5.847470326053267e-5,1.5784214274892395e-5,4.6182053167825495e-5,500
13,shock_lag3,3.412079232556054e-5,1.525783008865007e-5,1.762056439938906e-5,3.618782248942432e-6,7.434164952200169e-5,7.175633417704511e-6,6.538137392762842e-5,1.7457632530145e-5,5.033773996466616e-5,500
13,shock_lag4,2.338871526181307e-5,1.5893484118765196e-5,1.7508016132853336e-5,-6.482770055731773e-6,6.435321603941316e-5,-2.152517307378656e-6,5.384767050110708e-5,5.3477661732203775e-6,3.973855877479112e-5,500
13,shock_lag5,2.928046179370971e-5,1.6432403529289056e-5,1.8324654171135345e-5,-4.106972946312158e-6,6.59042109971014e-5,-6.168109957127065e-7,6.039766099285878e-5,1.0030697318253587e-5,4.390280185807304e-5,500
13,shock_lag6,2.737178763966871e-5,1.6197556930708647e-5,1.9931780350401965e-5,-4.599940633536747e-6,7.221830679451447e-5,1.885138732021209e-7,6.360488857069642e-5,9.01545281853958e-6,4.6228662496365484e-5,500
13,shock_lag7,2.6471055940557085e-5,1.5710368903551275e-5,1.8857346343750455e-5,-9.57602958354554e-7,7.033641925224484e-5,2.0548182945933033e-6,6.169909983651265e-5,1.0974611766243048e-5,4.3534209236170016e-5,500
13,shock_lag8,2.1108374545488803e-5,1.504200971801191e-5,1.864148305217927e-5,-5.3021832544587076e-6,6.44265283842873e-5,-2.2285600823041585e-6,5.6285091256248686e-5,5.899647733334407e-6,3.9798022613221416e-5,500
13,shock_lag9,2.635329016130529e-5,1.6172838020739513e-5,1.8057626568292896e-5,-1.973327925837551e-6,6.722671087566108e-5,2.008346947632246e-6,5.8880515880502086e-5,1.0521980451560603e-5,4.41614061528875e-5,500
13,shock_lag10,2.2106910406934852e-5,1.5201127808073277e-5,1.681641132249894e-5,-6.854115045017112e-6,5.761523397740289e-5,-2.1471525112746307e-6,5.195684571478759e-5,7.128808751798699e-6,3.743823863827038e-5,500
13,shock_lag11,1.991899223322548e-5,1.408168650483563e-5,1.6103462792155853e-5,-3.301983408499145e-6,5.8820667343312144e-5,-7.086469680531977e-7,4.981538759761281e-5,5.980837884078958e-6,3.662665330213063e-5,500
13,shock_lag12,2.330869993460381e-5,1.6969513419145936e-5,1.7434270801441007e-5,-2.4932238270711315e-6,6.338694528956268e-5,-5.488828645644672e-7,5.546203412936272e-5,7.468707915057246e-6,4.148608133634945e-5,500
13,log_oil_lag1,-0.00019799585625936825,7.703505998711034e-5,7.904417196429011e-5,-0.00035813657373231665,-5.5730071015338775e-5,-0.0003257397914800308,-7.412513389664688e-5,-0.0002827704452840473,-0.00012198351700161701,500
13,ffr_lag1,4.985202984185591e-5,3.107812466791723e-5,3.0014025577500012e-5,-1.761975997024349e-5,0.00010895688109205558,-1.1633181465504642e-6,0.00010033759074553302,2.1911499514901838e-5,7.768234212286718e-5,500
13,age_mean,0.0001154365812478384,6.124523535256063e-5,5.853596755719051e-5,6.207080863033771e-6,0.00022785279346255384,2.1288710392697016e-5,0.00020955192119546988,5.638136608668942e-5,0.0001749087978192428,500
13,female_share,-0.0017695204625991644,0.0025661304712896516,0.002559385919209533,-0.0069192885612401195,0.0031186104141298046,-0.006085474443695358,0.002199812016687755,-0.0045152727226523675,0.0006639266891438035,500
13,married_share,-0.004710551673128616,0.001648984153090152,0.0018260556637334933,-0.00816060113883926,-0.0012583267648421195,-0.007705840153253666,-0.0018656462764673988,-0.006600600027017275,-0.0029140431244613126,500
13,hours_mean,7.744540393178509e-5,7.058758182789699e-5,6.67346871840337e-5,-4.229141444694585e-5,0.00021672547360991308,-2.6531316469248008e-5,0.00018354325203862222,9.93853735019136e-6,0.00014711989899311704,500
13,unemp_rate,0.001247429528604582,0.0036573459963537233,0.003483685752032239,-0.0059678696041933176,0.007481995636323052,-0.004891209197513055,0.0067193943344558745,-0.0023966060668627583,0.004625379764402311,500
14,intercept,1.1784132094567578e-10,1.2682687379777734e-5,1.2338895645139166e-5,-2.8575553514418108e-5,2.2174000358239898e-5,-2.1250494960953186e-5,1.8298762931755464e-5,-1.1610997586905373e-5,1.094767321156328e-5,500
14,shock_x_ind1,1.3823133893452151e-6,0.00018253464868484205,0.00018640123676648526,-0.00035854711261791377,0.0004105124400389475,-0.0002726992342717396,0.00033352757153200696,-0.0001776421342762918,0.00018656153925877155,500
14,shock_x_ind2,-3.107194168261308e-5,0.00020053162761117676,0.00020968883568573386,-0.0004496359480106398,0.00035246091876181676,-0.00039935261094162515,0.00028233652640944436,-0.00025864904126954075,0.00016961011046786678,500
14,shock_x_ind3,0.0006060805909572462,0.0005175261997583634,0.000560321843343273,-0.0005634342406526275,0.0016936830979305563,-0.00038510371449510677,0.001483393605720172,9.441085638541102e-5,0.001165286059085214,500
14,shock_x_ind4,0.0004528290022732967,0.0004034248347332523,0.00040252385768432694,-0.0003996167411969128,0.001267786813883977,-0.0002118607199701255,0.001063491379913198,5.812452869801099e-5,0.000798782624809619,500
14,shock_x_ind5,0.00013510303380204506,0.0005504075532856503,0.0005632617585296555,-0.0010373853521738984,0.0011438177478460248,-0.0008273350295509741,0.0010002364985454732,-0.0004587566442503734,0.000662061430402454,500
14,shock_x_ind6,0.00021038959937811507,0.00047574472944881256,0.0005345367198431038,-0.000878781520457459,0.0011461394564621888,-0.0007251895174382199,0.0009735854212772689,-0.000378927381067232,0.0007243962009968668,500
14,shock_x_ind7,0.00011897249623594841,0.0003787998175348484,0.0003858218819904295,-0.0006639744237467871,0.0008772144061561381,-0.0005138461056095482,0.0007828956750983782,-0.00022560607282546798,0.000503698237811063,500
14,shock_x_ind8,-0.000561076577955404,0.0005113289614426833,0.0005013750797087949,-0.001537512924107351,0.0003786639335163133,-0.001394238353326166,0.0001848968785630881,-0.001048146488347023,-4.6503335400806316e-5,500
14,shock_x_ind9,-0.00011993786163181889,0.0005440861123828936,0.0006068966112118004,-0.0013066861934458761,0.0009906218598217417,-0.001134875577149578,0.0008560204867917059,-0.000746883343099706,0.000498862188743922,500
14,shock_x_ind10,-0.00045460712446554263,0.0005122141813922798,0.0005397738821243008,-0.001458551890738733,0.0006788223149235926,-0.0013359783584025434,0.000396104234814336,-0.0010092591256332414,6.767292759262105e-5,500
14,shock_x_ind11,-0.0004153385326686947,0.0003831113310892108,0.0003714518103850463,-0.0012055122467607721,0.00021588450894592133,-0.0010773692963565186,0.00015638267216434298,-0.0008025613053995603,-7.51857064498842e-5,500
14,shock_x_ind12,0.0003972385885867386,0.001060775944419067,0.0010393610563976161,-0.0015247735201812719,0.0025024434348972376,-0.0012924721390385986,0.002150649747914248,-0.0005273003412431756,0.001494107368707321,500
14,shock_x_ind13,-0.00038977418112016207,0.0005348946569943061,0.0005534967352013243,-0.0014107505322593621,0.0008129504751799386,-0.001288761593286985,0.0006148637808620846,-0.0009355453711037964,0.00017675421979943288,500
14,shock_lag1,3.0142341712752302e-5,1.565178512453078e-5,1.9997963007337256e-5,-1.2421823672671477e-6,7.414760157659303e-5,5.234880605580085e-6,6.733986664408828e-5,1.549582573777696e-5,5.246739504609655e-5,500
14,shock_lag2,4.339813806091377e-5,1.631322657668981e-5,1.939282313080679e-5,1.5871487270107704e-5,8.913054691679971e-5,1.8936666092653666e-5,8.123828357186763e-5,2.700296463442906e-5,6.3249001903518e-5,500
14,shock_lag3,4.217185080835494e-5,1.660542918973231e-5,1.8765621635573543e-5,6.993375131795001e-6,8.150567283226053e-5,1.3183795693303905e-5,7.360895346663724e-5,2.380006555195428e-5,6.002113640926423e-5,500
14,shock_lag4,2.446472800891986e-5,1.8596006095190734e-5,2.1217771975775995e-5,-1.710122186889752e-5,6.692989078456213e-5,-1.2158080626919123e-5,6.266821658760697e-5,7.07862115254661e-6,4.428219442674002e-5,500
14,shock_lag5,2.5872937992022605e-5,2.136591361418803e-5,2.3283592810130513e-5,-2.507377169923243e-5,6.765102251026548e-5,-1.6959827843890127e-5,5.993655512457841e-5,4.112110090622631e-6,4.83517893150335e-5,500
14,shock_lag6,1.9622311032278224e-5,1.6160278517954018e-5,1.9349186174898222e-5,-2.4506004257447428e-5,5.518557295736811e-5,-1.5771859745209902e-5,4.933213679280842e-5,1.9944426396591543e-8,3.7015458773662855e-5,500
14,shock_lag7,1.6538906705698448e-5,1.5546325885023458e-5,1.7186455284823664e-5,-2.043117141107016e-5,5.1480774422867523e-5,-1.0203901412667859e-5,4.463288348567144e-5,1.6362757594329689e-6,3.306884295524909e-5,500
14,shock_lag8,1.0089924443511956e-5,1.4516483909191136e-5,1.6541857328672566e-5,-2.0994950039873447e-5,4.495897628487431e-5,-1.5703984429164347e-5,3.714966107857163e-5,-1.9863876655237694e-6,2.7523939242949143e-5,500
14,shock_lag9,1.3254774314702311e-5,1.533907568624529e-5,1.7752190582353385e-5,-1.663109111427699e-5,5.0964189869913244e-5,-1.261216592113708e-5,4.2300332925800946e-5,7.730606784892244e-7,3.1446418828222406e-5,500
14,shock_lag10,7.368227273377837e-6,1.4352032030523525e-5,1.8168319207204448e-5,-2.8180883532174036e-5,4.056400777161143e-5,-2.1184018700715122e-5,3.5474086639125866e-5,-8.72211447211444e-6,2.4532148190283085e-5,500
14,shock_lag11,5.607660394052665e-6,1.2228805847455546e-5,1.650361769459189e-5,-2.7690707073108445e-5,3.57835234715921e-5,-2.252671262105982e-5,3.09971623735992e-5,-1.0993732879930464e-5,2.0390701599439895e-5,500
14,shock_lag12,1.2790105560392598e-5,1.586215086192352e-5,1.7500884979342204e-5,-2.4394228217064465e-5,5.046749248068812e-5,-1.500827127911433e-5,4.317521315292325e-5,1.0851911162684525e-7,3.0095878301679503e-5,500
14,log_oil_lag1,-0.00023285561415741348,8.869326329513893e-5,9.293786063146724e-5,-0.00043405248087583545,-6.478706299134423e-5,-0.00040457378943922875,-8.745629460253521e-5,-0.00033385876204110505,-0.00015504319117531194,500
14,ffr_lag1,8.363023355768778e-5,2.975731151283408e-5,2.9004613907173444e-5,2.8856146636202058e-5,0.000145366755955995,3.7787671364918624e-5,0.00013313532518926337,5.546232459752286e-5,0.00011130694801355504,500
14,age_mean,0.0001866368150122965,6.766815040169785e-5,6.84394907033564e-5,6.220171231246327e-5,0.00034011835473623847,8.871456185417777e-5,0.0003051399159180745,0.00012839576946030752,0.00026174485813125356,500
14,female_share,-0.0011553652996951996,0.00255672165007831,0.002539210032488297,-0.006012284765022599,0.003915621408829612,-0.005124948987493608,0.0026742732158519544,-0.003924980996505461,0.0012912220052063298,500
14,married_share,-0.0036002393498686643,0.0016160590194816014,0.0017597667656449446,-0.007069964267780628,-0.00022802462764402953,-0.006448089911030575,-0.0007692574313896393,-0.005421931257917515,-0.0018216007244641146,500
14,hours_mean,0.00014763972343556596,7.252985718836495e-5,7.444591005351923e-5,-1.4096552748315186e-5,0.000292167013344166,2.2296785725564142e-5,0.0002699225904444341,8.184098916036449e-5,0.00022172553166382634,500
14,unemp_rate,0.0061347772348008455,0.003526324400494939,0.0034346321457243098,-0.0005139537738583426,0.012641588683874496,0.0003407157262411174,0.011806238915427215,0.0027586315547611746,0.009479450179934273,500
15,intercept,-1.224696228894853e-10,1.7015110448050227e-5,1.609480308264948e-5,-2.999867353286555e-5,3.314116994669885e-5,-2.5056244725742088e-5,2.7868208825053615e-5,-1.3709179919644779e-5,1.6807773209667632e-5,500
15,shock_x_ind1,0.00018523445205030284,0.00016513593350905742,0.00016764296306791534,-0.00012114865509640311,0.000500533598692558,-7.397599232527902e-5,0.00045581685195391925,2.7142020437707264e-5,0.0003635994269463065,500
15,shock_x_ind2,-0.0001138082479482509,0.00019202507147376088,0.00020400161547552296,-0.0004854092620195525,0.00028430229266555905,-0.0004464217255057866,0.00023979800412190632,-0.000328081727345696,8.832733973403108e-5,500
15,shock_x_ind3,0.0003100476406746107,0.0005620839208810133,0.0005582315017199145,-0.000849445884583645,0.0013030253122947406,-0.0006082611197983795,0.0011498213281252285,-0.0003076061573531708,0.0008786430663471562,500
15,shock_x_ind4,0.0003419209204244991,0.0003550133890357788,0.0003407687059201601,-0.0002912564272874864,0.000987856342605435,-0.0001742409398727227,0.0008965955479453087,-3.451712144419437e-5,0.0006660917095500935,500
15,shock_x_ind5,-4.344898430204814e-5,0.0005945677616496462,0.0006383993562836787,-0.0013302344807377489,0.0012202767126066737,-0.0011279111325508235,0.0009609839630220205,-0.0006951939507983312,0.0005212212728658794,500
15,shock_x_ind6,-0.00012846018912368825,0.0005596569313799478,0.0005173322549714075,-0.0011293630720150161,0.0009045515519217893,-0.0009571756572858816,0.0007150856752775464,-0.0006189974483456281,0.00042845795626780483,500
15,shock_x_ind7,0.00022076073568126473,0.00035633361646987555,0.0003371372545938785,-0.000503012016689239,0.0008460605681397827,-0.000352929238566379,0.0007288019634018045,-0.00011082907818665067,0.0005568526518690967,500
15,shock_x_ind8,-0.0004291979419572935,0.0005118137786132788,0.0005249124343699507,-0.0014172305590179953,0.000593806895213739,-0.001311523968146282,0.0004455857620243092,-0.0009489560798542845,0.00010502485282168533,500
15,shock_x_ind9,-0.0003929948991231611,0.0005507313944685167,0.0005873601662723545,-0.0015721448345400748,0.000852293912551656,-0.0013391178566995942,0.0006843363902960599,-0.0008623709658954644,0.00021182103345071876,500
15,shock_x_ind10,-0.00044420094224748914,0.0004337398489506959,0.00048317825642408516,-0.0013710257164665464,0.0004978781753864375,-0.0012247771084604167,0.0003420764682927095,-0.0009452749757601689,2.130020323226558e-5,500
15,shock_x_ind11,-0.0003759315267779674,0.0004085953636328239,0.000390200905912509,-0.0010966821733686453,0.00034892953345829446,-0.0010243709319722788,0.00027429670162583945,-0.0007885270679129955,3.6138604420521505e-5,500
15,shock_x_ind12,0.0009735001957029436,0.0011580279687510347,0.001137965027387687,-0.0012216949622195872,0.0031917762060120008,-0.000855489114310506,0.0027545734887605006,-0.0001866645004603157,0.002173755489157211,500
15,shock_x_ind13,-0.0002557887917326202,0.0005141344345179425,0.0005345342942413239,-0.0012623156446862503,0.0008548497519812303,-0.0010032984084695164,0.0007029836592632478,-0.0007275401919696183,0.0003593695341408243,500
15,shock_lag1,3.4078236375876176e-5,2.1429355870660595e-5,2.322473631583682e-5,-4.572187682395734e-6,8.466013951875545e-5,2.62760369857603e-6,7.753071170965666e-5,1.748953526448448e-5,6.254484637594523e-5,500
15,shock_lag2,5.240372657711318e-5,2.195092765671989e-5,2.2839002388729073e-5,1.7285778774496193e-5,0.0001031710719010693,2.2889741385577306e-5,9.624678750091235e-5,3.234404381493343e-5,8.029187716396998e-5,500
15,shock_lag3,4.857303712199938e-5,2.2443258418017286e-5,2.5188707477905632e-5,7.096447290092503e-6,0.00010183137850457079,1.3540431170874587e-5,9.306931613214135e-5,2.5888882364062173e-5,7.319025154426016e-5,500
15,shock_lag4,2.7483716031521145e-5,2.49284782326102e-5,2.7308211558514973e-5,-2.9350258195480297e-5,7.967944276207616e-5,-2.0078339827774624e-5,7.248180389832517e-5,3.2082749389505516e-6,5.7411975163028496e-5,500
15,shock_lag5,2.374547916055416e-5,2.7613226059765174e-5,2.8043411243851072e-5,-3.0825027343594935e-5,7.861354826549411e-5,-2.0694230701078923e-5,7.201061425220674e-5,-1.748206858632632e-6,5.014894927712798e-5,500
15,shock_lag6,1.6089916650311866e-5,2.215568982499143e-5,2.4887757156311096e-5,-3.691625575167218e-5,6.106515875109151e-5,-2.8383222565035353e-5,5.470413870194492e-5,-6.0649392319276085e-6,3.9600755977736256e-5,500
15,shock_lag7,8.154432356807412e-6,2.179291174101818e-5,2.3818506097813714e-5,-4.089529672936019e-5,5.43978315440476e-5,-3.027507511229224e-5,4.671093290452473e-5,-1.3316817166003037e-5,3.1930128980962684e-5,500
15,shock_lag8,1.3433133397558252e-6,1.9673155231154438e-5,2.1811820095399215e-5,-4.389161711573301e-5,3.90110899329759e-5,-3.501853417318418e-5,3.387877397121064e-5,-1.90494933540113e-5,2.246885166757614e-5,500
15,shock_lag9,1.547806047522199e-6,2.0488807984552207e-5,2.2719709703437054e-5,-4.3704657422310676e-5,4.3477703851270376e-5,-3.425706637965064e-5,3.837537685344367e-5,-2.019405512235421e-5,2.6178547292493394e-5,500
15,shock_lag10,-2.5711009755753836e-6,1.9208512948451638e-5,2.2057057667963025e-5,-5.118167507272133e-5,4.0359133091128766e-5,-3.788330733053877e-5,3.333162588433242e-5,-2.1658790651412236e-5,1.879065389440522e-5,500
15,shock_lag11,-3.1178082927089484e-6,1.7184591753949265e-5,2.0599212616289155e-5,-4.4515809164815105e-5,4.0007141111922005e-5,-3.615673177486178e-5,3.128379347174301e-5,-2.18766779535727e-5,1.542575971658226e-5,500
15,shock_lag12,6.581997744944388e-6,1.87977978473503e-5,2.1115895192362e-5,-3.406548308386392e-5,4.720378583363671e-5,-2.7236995845017263e-5,3.933408145922264e-5,-1.4688038833336306e-5,2.681668729622729e-5,500
15,log_oil_lag1,-0.0002674606975183125,0.00010607460173996308,0.00010406300789100501,-0.0004710135122234294,-7.642396644537812e-5,-0.0004416871660011439,-0.00011350134310984653,-0.00038985615175420556,-0.0001707987459392492,500
15,ffr_lag1,0.00011703358187329269,3.2721241258307285e-5,3.0316462003249916e-5,5.547480917505026e-5,0.00016980168709594237,6.560935619301625e-5,0.00016256240195643016,8.864828195649084e-5,0.00014791401229559157,500
15,age_mean,0.0002511559351181989,7.193597359982433e-5,6.742488184692671e-5,0.00013393137579688542,0.00038742116582706073,0.00015419501066648203,0.00036764226229321157,0.0001896548096221667,0.0003292596151086497,500
15,female_share,-0.001974755157425144,0.002758355818875446,0.0025476966018443004,-0.006887415612138986,0.002875719988348051,-0.00629797148410099,0.002134823906039591,-0.004775101543312267,0.0004922488516170717,500
15,married_share,-0.0023550761386858733,0.0017244163566382822,0.0018960837876586926,-0.006117147909070048,0.0016245288910763512,-0.005481802163648831,0.0007679429273538936,-0.004181978980884732,-0.000539445189239233,500
15,hours_mean,0.00011479665983347362,7.22092253972461e-5,6.95867996804683e-5,-2.8631414137529328e-5,0.00024048361338146584,-3.2153025843883947e-6,0.000219395403554543,4.047620452434725e-5,0.00018294271898567897,500
15,unemp_rate,0.009240429015454962,0.003528638608164996,0.0033497933169772285,0.0019147453614409356,0.01593810639136884,0.003584874128080714,0.014176134177584636,0.006128914632198387,0.012480328834639518,500
16,intercept,1.0346844191559139e-10,2.5950392058078294e-5,2.293611403970466e-5,-4.086312513150656e-5,5.008688943961608e-5,-3.5742113273943594e-5,4.152150775550604e-5,-1.8198624421709367e-5,2.5536232663183056e-5,500
16,shock_x_ind1,8.431423794171588e-5,0.00018308696411498745,0.00018542397412465303,-0.00025132827117171376,0.00043436572012034013,-0.00022116946865952228,0.0003861384458222197,-9.994301245652973e-5,0.00029050571757587495,500
16,shock_x_ind2,-0.00010640545875386332,0.0002111481428271564,0.00022368639569177181,-0.0005544507398655895,0.0003264143978593034,-0.00047669664005225835,0.00025788309361508263,-0.0003118325884033118,0.00011092936539345782,500
16,shock_x_ind3,0.00042192225183611243,0.0006051653285035365,0.0006544678250420528,-0.0009249624592187861,0.0016287175926799767,-0.0006668993897234101,0.0014324753553046857,-0.0002727101152704537,0.001030906236207115,500
16,shock_x_ind4,0.0004402247837869089,0.0003895675721189065,0.00041405470147359207,-0.00031386078217922136,0.0012677652060766867,-0.00019775381193194803,0.00113887374318312,3.914258430464424e-5,0.0008597900535727666,500
16,shock_x_ind5,-0.00040531865093830483,0.0005659646451659035,0.0005875884443077378,-0.001545529311958877,0.0007426349377364297,-0.0014678114031875906,0.0004866055769484705,-0.0010169649553481794,0.00012283665427447124,500
16,shock_x_ind6,-0.0008420535033252168,0.000529477705138105,0.0005363880600593518,-0.0019667215066557857,0.0001424363441886289,-0.0017908800914578826,4.801808095714324e-6,-0.001415076218268409,-0.0003357931156032121,500
16,shock_x_ind7,0.0002657508064926566,0.0003659668616613977,0.0003525474578955734,-0.00044410943721802474,0.0009534927964199793,-0.0003417213696085814,0.0008533559714452162,-6.975509557503744e-5,0.0006454567076031187,500
16,shock_x_ind8,-0.0009115699945819343,0.0005349965708948636,0.0006007815531217713,-0.002059435426662982,0.00028590260408286304,-0.0018876866929427103,8.969056193939835e-5,-0.0015060725563676223,-0.0003501865380264519,500
16,shock_x_ind9,-0.0008653650948261703,0.0005897813105638569,0.000597307132820246,-0.0019808348317197164,0.00042047676090261097,-0.00178088008441985,0.00013372988662208374,-0.0013809370097118139,-0.00022687911302123488,500
16,shock_x_ind10,-6.598112781080513e-5,0.0005075343073989831,0.0005271085003722392,-0.001026833455171977,0.0010422736390101146,-0.0008937728326740735,0.0008081072499215243,-0.0005826472988473756,0.000483587534236447,500
16,shock_x_ind11,-3.259076251650686e-5,0.00041240154601406535,0.0003798224169092879,-0.0007968086366376473,0.000645848205179915,-0.0006858163088211284,0.0005739047573161035,-0.0003878480116825764,0.00034954412509221195,500
16,shock_x_ind12,0.001463208108903535,0.001016134476685395,0.0010036194650263324,-0.000222178427312871,0.003686147506831915,1.7176178491604875e-5,0.0033433475459917397,0.0005866122724526606,0.0024780188254644774,500
16,shock_x_ind13,0.0002971978306412436,0.0004918903883023615,0.0005323697926761957,-0.000622086841458453,0.0013898411561600664,-0.000445317479863221,0.0012405448570092757,-0.00019651480382346245,0.0008540398332611389,500
16,shock_lag1,4.5537626824296815e-5,2.9673521314125367e-5,3.117521326399011e-5,-8.1275735841444e-6,0.00012048550263812724,-6.428623655854092e-7,0.00010786528456224219,1.9605137128017264e-5,7.653123020296586e-5,500
16,shock_lag2,7.272721085261256e-5,2.9331831821408057e-5,3.223943790610573e-5,1.5283391886892616e-5,0.0001426043847782155,2.6218941573502457e-5,0.00012880353441835788,4.382803722786319e-5,0.00010358864464563373,500
16,shock_lag3,6.334140616494997e-5,3.26250552521827e-5,3.461833513282457e-5,2.9197983194771268e-8,0.00013819167398371337,1.2584045765110185e-5,0.00012351099801964093,3.293089612868376e-5,0.00010184651246881988,500
16,shock_lag4,3.3236600996899896e-5,3.5269001232397645e-5,3.6815314470903994e-5,-3.91453378136132e-5,0.0001046308807769434,-2.8160240010338086e-5,9.346176926867081e-5,6.5028175426959e-7,7.16679813935031e-5,500
16,shock_lag5,2.7224796474973996e-5,3.868999414262609e-5,3.952691401266969e-5,-5.3814528371378466e-5,0.00010140103800074861,-4.087352381247696e-5,8.573300622115968e-5,-9.302435575957056e-6,6.793306318220898e-5,500
16,shock_lag6,1.6678848405995833e-5,3.082316816917664e-5,3.398599686748758e-5,-5.2827590578611637e-5,7.766452975608617e-5,-4.134118685579956e-5,6.90626743795027e-5,-1.4766600173935544e-5,4.900733508219565e-5,500
16,shock_lag7,6.0159028317738706e-6,3.049951756517825e-5,3.255175250703951e-5,-5.519985114465798e-5,8.163328361927882e-5,-4.2877508748350484e-5,6.555132281925952e-5,-1.7678051717013368e-5,3.932619711310484e-5,500
16,shock_lag8,-4.911246914836532e-6,2.7234767996017513e-5,2.911722302548769e-5,-6.0992436552745045e-5,5.406305800351863e-5,-5.0928863348337765e-5,4.4049822357605926e-5,-2.604778543260468e-5,2.5580644897674114e-5,500
16,shock_lag9,-4.664316140580344e-6,2.8124987142372798e-5,2.957439878257266e-5,-5.747060115471884e-5,5.193520682447478e-5,-4.8801879645548346e-5,4.4041908680107586e-5,-3.0531020319598444e-5,2.761993476529854e-5,500
16,shock_lag10,-1.2489714178450594e-5,2.6824189306403865e-5,2.9715093416894455e-5,-7.006554403226597e-5,4.328834778555422e-5,-5.987470847161892e-5,3.552717649751683e-5,-3.7766073959597585e-5,1.9874289677933774e-5,500
16,shock_lag11,-9.405533797060126e-6,2.5131147230527585e-5,2.7751159806089357e-5,-6.936048019315832e-5,4.084190503041727e-5,-5.5310800167468475e-5,3.2818194133197646e-5,-3.667075179176559e-5,1.7940908201909095e-5,500
16,shock_lag12,-8.009806781648457e-7,2.5689377342402714e-5,2.8475121820917497e-5,-5.696503012868386e-5,4.974509443082918e-5,-4.854662109025771e-5,4.44851560486011e-5,-2.78959003962938e-5,2.5908284575546518e-5,500
16,log_oil_lag1,-0.0003496302206970417,0.00013144943834418726,0.0001205877608197812,-0.0005897928099575236,-0.0001056611105739238,-0.0005467543425779416,-0.00014597192016486014,-0.00048029466184078425,-0.00024405494424072628,500
16,ffr_lag1,0.00017022500342713448,3.071819411695651e-5,2.879243977153657e-5,0.0001117324063470472,0.00022589395670007822,0.0001234212460222632,0.00021707568893165245,0.00014108849415789504,0.00019818036737543417,500
16,age_mean,0.00033750740237496204,7.637952094263885e-5,6.868790685691556e-5,0.00020942433080026993,0.00047456412286294667,0.00023807209126759654,0.0004500167065207767,0.00026821163628834,0.0004122849886371671,500
16,female_share,-0.0011591171893303082,0.0026624947413141325,0.002582290193662285,-0.005879299652590732,0.003570521258254141,-0.005304209302443022,0.0031402942505496666,-0.003654710853055353,0.0013467283519165455,500
16,married_share,-0.004289120860478315,0.0018039692782139169,0.0019267679658800394,-0.008371354536837797,-0.0005777592842018939,-0.007805039124358119,-0.0014736533127591496,-0.0064910676562041055,-0.0027169550035703255,500
16,hours_mean,0.0001993460505964059,7.922266702314702e-5,7.606970125698432e-5,5.017387483610565e-5,0.0003540183944567099,7.200871861577815e-5,0.00032948563442614234,0.00012838131481388384,0.0002719677631070523,500
16,unemp_rate,0.01549884152107669,0.0034147286407711203,0.0032425281060861474,0.009774853464431573,0.022582046490438008,0.010850899627410045,0.021149624091533124,0.01283111287055891,0.019076101018360568,500
17,intercept,2.5766313452502152e-11,3.05410076290882e-5,2.7750838890486425e-5,-4.794574920013978e-5,5.94460610855107e-5,-3.6613534251204484e-5,5.271931258708156e-5,-2.4217987155028783e-5,2.9846379473133717e-5,500
17,shock_x_ind1,-7.672243511101227e-5,0.00015695037086077026,0.00017224544994118166,-0.0004204356322723917,0.0002703239536927404,-0.000365131195939068,0.00018727957004476242,-0.00022953987719772273,0.00010363751006481242,500
17,shock_x_ind2,1.5184909717676758e-5,0.00018289344072672557,0.00020566166320177252,-0.00037893455650606865,0.0004114031723971163,-0.00030536085852451533,0.0003598262285264899,-0.00019833958606190608,0.0002081720529457991,500
17,shock_x_ind3,0.00016655949306577662,0.0005693030638970237,0.0005938579109665256,-0.000984827118076756,0.001262816433030537,-0.0007843778137015091,0.0011443510910589861,-0.00038722442820740734,0.0007313630180206658,500
17,shock_x_ind4,0.00024762157207431723,0.00035395269401381315,0.00037287742546427587,-0.0005112553720330567,0.0009038087462776151,-0.0003973971813926171,0.0008367030549811542,-0.00014669369712561948,0.0006006215251003105,500
17,shock_x_ind5,-0.00014010615747242494,0.0005814402350008193,0.0006341303528586685,-0.001318024256305336,0.0010698998127069686,-0.001115961863737707,0.0008930506592417003,-0.0007845529388750753,0.0005287829307471443,500
17,shock_x_ind6,0.00026233538891027653,0.0005501961240183008,0.0005226724998705193,-0.0007409534649064475,0.0012751742277075481,-0.000606799732829244,0.0011212533772521835,-0.00030418777574649615,0.000770793774522907,500
17,shock_x_ind7,-0.00019705522494347345,0.00045638682503069044,0.0004344304707153656,-0.001053047770802142,0.0006973578533148503,-0.0008866619086242052,0.0005219131937552301,-0.0006316404919550645,0.00022815879648052,500
17,shock_x_ind8,-0.00040490701930010766,0.000540713195577977,0.0005715282869526616,-0.0015028778449323046,0.0007605936659883733,-0.0012922985639781893,0.0005402877059671381,-0.0009224752718097788,0.0001878981350006918,500
17,shock_x_ind9,-0.0014000493211938113,0.0005331107638936262,0.000523132256392145,-0.002349579260963548,-0.0003878195482989091,-0.002255763530996394,-0.0005306792782345734,-0.0018727052179187075,-0.0008202435312072673,500
17,shock_x_ind10,-0.0011344747164005913,0.0005031024145683783,0.000515647474151786,-0.0021384971345635067,-6.188699434896319e-5,-0.0019798229232546928,-0.00026178561862120055,-0.0016206321421777035,-0.0006468897923240257,500
17,shock_x_ind11,-9.467159274174328e-5,0.00035166152437572515,0.0003563319140918702,-0.0007457386095432296,0.0006724449180662613,-0.0006146032491234669,0.0005069101753412336,-0.0004455446760175375,0.00025278475553822946,500
17,shock_x_ind12,0.002700047478958004,0.0010590660612061027,0.0010248513200843883,0.00072797615311498,0.004666044502169653,0.0010609085248921785,0.004430899140954321,0.0017591430641790435,0.0038645275728349687,500
17,shock_x_ind13,-0.00031099273238313385,0.00047516817446085054,0.0005285826888991132,-0.0012887000386303973,0.0007571023207367293,-0.001143817300324416,0.0005747825043825782,-0.0008405085536682174,0.0002294009246799762,500
17,shock_lag1,4.193039384895622e-5,3.558239475456594e-5,3.7939736414445785e-5,-2.830087083867278e-5,0.00012434546395056703,-8.640380959279195e-6,0.00011512044301066457,1.606402226639445e-5,8.752166101041659e-5,500
17,shock_lag2,6.78974212825872e-5,3.5363893395268524e-5,3.757492932703934e-5,7.485325592879236e-7,0.00014971860899058015,1.2925177748740703e-5,0.00013791166037202502,3.699344899651661e-5,0.00011158522975085976,500
17,shock_lag3,5.9402834340665396e-5,3.82305712965697e-5,4.033314505462273e-5,-9.909230935514041e-6,0.000147717819874932,3.3152420940862594e-6,0.00013241190752295504,2.442621956554634e-5,0.00010243286083690124,500
17,shock_lag4,2.8893317667198938e-5,4.096391955239591e-5,4.118440603347917e-5,-4.4943418862195775e-5,0.00011706392800192708,-3.238521309986323e-5,0.00010103674742251475,-9.219998371180997e-6,7.662541238839892e-5,500
17,shock_lag5,1.66767794285835e-5,4.4782467752438676e-5,4.520336748856627e-5,-7.303254584426471e-5,9.788327198324838e-5,-6.020502591000033e-5,8.83702566793601e-5,-2.8918417798307645e-5,6.304565058893627e-5,500
17,shock_lag6,5.298200977506606e-6,3.729230109001967e-5,4.153521885549188e-5,-8.381276914772824e-5,8.632190149653805e-5,-6.81566691867895e-5,7.038716776583851e-5,-3.1726817689493136e-5,4.457519799482185e-5,500
17,shock_lag7,-1.068161003491247e-5,3.734118058231579e-5,3.823206006102443e-5,-9.713563462624596e-5,6.194438105260326e-5,-6.96918833309721e-5,5.159682938624354e-5,-4.332009623066962e-5,2.3376398075060922e-5,500
17,shock_lag8,-1.7534324564862733e-5,3.277641795982559e-5,3.587103687043358e-5,-8.726776382981035e-5,6.031253255249547e-5,-7.394907083788132e-5,4.240152668088224e-5,-4.783377280891009e-5,1.914060889331112e-5,500
17,shock_lag9,-2.2650511248242873e-5,3.4976315600010805e-5,3.865553217359089e-5,-0.00010005767163927671,5.586639183722225e-5,-8.095721878015761e-5,4.2396423990282315e-5,-5.871468830148003e-5,1.720944727442816e-5,500
17,shock_lag10,-2.475690707276319e-5,3.243294422944881e-5,3.54633989278352e-5,-9.636126896222803e-5,4.57450028603491e-5,-7.911560178204049e-5,3.3168379144732664e-5,-5.323193222157954e-5,1.514434338182474e-5,500
17,shock_lag11,-2.22552416004553e-5,3.128524645218123e-5,3.6624681349582894e-5,-9.175751997230348e-5,4.611865539651582e-5,-7.874627206201047e-5,3.6394367735688984e-5,-5.6913336777081796e-5,1.6867453972580813e-5,500
17,shock_lag12,-9.216378573709881e-6,3.125737059406034e-5,3.485571939936349e-5,-7.402860068480515e-5,6.341892077488706e-5,-6.602757749631583e-5,4.676242239715692e-5,-4.351233041069845e-5,2.323198606017847e-5,500
17,log_oil_lag1,-0.0003332622935242165,0.0001411322998929245,0.0001300761439407711,-0.0005967100023946746,-0.00010168533463725217,-0.0005726408055251617,-0.00013336834832516708,-0.00047133238892517275,-0.00021050145266964676,500
17,ffr_lag1,0.0001902227999342563,3.0623923691198434e-5,3.1230810480049804e-5,0.0001356020174479824,0.00026105153913748644,0.00014322304422022662,0.0002449582466618648,0.0001604346306939656,0.00022419238625853103,500
17,age_mean,0.00035605107585451144,7.470861445454447e-5,7.381343055629607e-5,0.0002308507239875528,0.0005031567832811639,0.00024075110702112627,0.00048350973537325255,0.0002850356908014614,0.0004366972233484545,500
17,female_share,-0.0035594102039124774,0.002763326482170586,0.002684508144238901,-0.00862307782186336,0.001574195555424725,-0.007824846433924667,0.0008983064476238621,-0.006336366021140674,-0.0009432284158377417,500
17,married_share,-0.002123554838702239,0.0017960900541929697,0.001987702783442066,-0.006746852392417362,0.0014407711098500075,-0.0057119526780223156,0.0007868674531809431,-0.004416027815377127,-0.0004037135396410493,500
17,hours_mean,0.0001397464825628864,8.084434622018447e-5,7.847555483174996e-5,-1.6470356406883437e-5,0.00030726816020603645,5.96039529363307e-6,0.0002693380228872279,6.468537598577936e-5,0.00021992386327639575,500
17,unemp_rate,0.017900889209365015,0.0035102329538956017,0.0034187755123825853,0.012381197919859772,0.025232194503934068,0.013186674116116714,0.02431578887206477,0.014909956862737168,0.021999158358452717,500
18,intercept,-1.8932023109737584e-10,3.3972518083610923e-5,2.999162262816878e-5,-5.4676545544473436e-5,6.71318926131046e-5,-4.401264318628779e-5,5.461985759679577e-5,-2.4259963327765267e-5,3.130588170948466e-5,500
18,shock_x_ind1,-0.00018831906032902088,0.0001777127822628036,0.00018330396323436283,-0.0005154741304049191,0.00021102655149122387,-0.000457743424104624,0.00013060476195998476,-0.00034754612691115244,1.2762984398069494e-5,500
18,shock_x_ind2,-7.643576533566844e-5,0.0002009387201985142,0.0001996806547890304,-0.00046002451393803694,0.0002921350380295705,-0.00041094930601933745,0.00023125827901737092,-0.0002841201633253962,0.0001116333607814063,500
18,shock_x_ind3,0.0007220762466762435,0.0005458568648778203,0.0005650920281302967,-0.0005103037885210231,0.0017548308405071346,-0.00032446763039683824,0.0015733548988762335,0.00015740557622221727,0.0012442622187505883,500
18,shock_x_ind4,0.0004064155552967034,0.00036792355139111786,0.00039536159944657587,-0.0003653645109746769,0.0011578957889186322,-0.0002598576691609956,0.0010276617748502968,3.0010809365602807e-5,0.0007944895135967197,500
18,shock_x_ind5,-9.566620159004277e-5,0.0006483055178690266,0.0006328026231950547,-0.0013645377307556494,0.0011011627477018537,-0.0011434690642940755,0.0008665256610202049,-0.0007772495243042227,0.0004985324096593398,500
18,shock_x_ind6,-0.000206171511316559,0.0005081735114555595,0.000504158262713475,-0.0012240368613943386,0.0007488440373718951,-0.00112085042595815,0.0005994785428623775,-0.0007171168668993165,0.0003256394522200844,500
18,shock_x_ind7,0.0006088242063730199,0.0003856825225775788,0.0003942245879082373,-0.00010880375632677703,0.0013749644535447246,-2.3544118459305628e-5,0.001256978685052825,0.0001852873540038236,0.0009736061258581638,500
18,shock_x_ind8,-0.0006177386431764319,0.0005202076471481162,0.0005092253823325198,-0.00161628483731291,0.00035164344966426926,-0.0014395746398009294,0.00024174326054496225,-0.0011086820655432502,-8.500815111333166e-5,500
18,shock_x_ind9,-0.0005180153436222696,0.0005103418957669216,0.00055572520416767,-0.0016329493451435646,0.0005666080638804384,-0.0013950402384984325,0.0004292350235288336,-0.001022881086211241,5.569978488733573e-5,500
18,shock_x_ind10,-0.0005884823439936081,0.0004733938873256448,0.0005055861500557397,-0.0016493726846515033,0.0003511804645137707,-0.0014174296661227438,0.00017554451203344892,-0.0010876017700404824,-7.513529708653734e-5,500
18,shock_x_ind11,-0.00023147016770038164,0.00037430932244615655,0.00037543876256725177,-0.0009801360750021832,0.0005711611013689201,-0.000818756132070518,0.00044939094106164146,-0.0005916728325741589,0.00011365534096643058,500
18,shock_x_ind12,0.0006315405931723504,0.0010512349484578872,0.0010054699676920284,-0.0011837514910309967,0.002679577241448401,-0.000927599256701731,0.0023443059099508604,-0.0002873227190437238,0.0016851835583415833,500
18,shock_x_ind13,-0.0002712319190178764,0.0005315639146516592,0.0005285869611639207,-0.0011926277056531617,0.0007488370902121704,-0.001098899400568963,0.0006138467428146421,-0.0007552658969814792,0.00031748643468549204,500
18,shock_lag1,4.55927745778311e-5,3.8855877090773396e-5,4.2496994397851626e-5,-3.449191958747429e-5,0.0001279415619420735,-2.0262467905615776e-5,0.00011786573528241203,1.2473349567497016e-5,9.567366953652947e-5,500
18,shock_lag2,8.054063114987546e-5,3.827748401206502e-5,4.225181694940597e-5,6.766687569274451e-6,0.00017056045367687896,1.9249546201727803e-5,0.00015936154083563296,4.4574006867378896e-5,0.00012596109281842445,500
18,shock_lag3,6.903854234581436e-5,4.147289144312534e-5,4.423646367094746e-5,-4.557128050340619e-6,0.00016525122968755288,9.85367926168207e-6,0.0001484194408769609,2.9342354061703094e-5,0.00011938812794381539,500
18,shock_lag4,3.509357050810015e-5,4.550943871908968e-5,5.0463958587974685e-5,-5.747823388690931e-5,0.00013701391933466526,-4.806494195598024e-5,0.00012068935081235299,-1.2660740103436192e-5,8.978195369039522e-5,500
18,shock_lag5,2.0724093135967248e-5,5.027997052540605e-5,5.4126558230553494e-5,-8.682034278979163e-5,0.0001275535448919433,-7.52117507867515e-5,0.00010161835703227634,-3.336623092841607e-5,6.812165540362397e-5,500
18,shock_lag6,7.927328924459071e-6,4.2310421800531175e-5,4.584613192537822e-5,-9.759139817031406e-5,8.834911801705028e-5,-7.908843691387274e-5,7.253950549821278e-5,-4.1783708741705105e-5,4.8233662423400865e-5,500
18,shock_lag7,-9.013382477243433e-6,4.098476467154566e-5,4.082737074163764e-5,-8.630881448014475e-5,6.595623789484279e-5,-7.403607426561236e-5,6.051831577628335e-5,-5.055533411748484e-5,3.0465916145378656e-5,500
18,shock_lag8,-2.0481987274394503e-5,3.61272418132368e-5,3.684007368348757e-5,-8.740782134748377e-5,5.43853935362215e-5,-7.971902431167454e-5,4.396045591624224e-5,-5.630730399446586e-5,1.590727084180482e-5,500
18,shock_lag9,-2.0834738856935795e-5,3.7625740233316625e-5,3.7073453763497855e-5,-8.967359171640418e-5,4.889831473963713e-5,-8.053920320431147e-5,3.902148527224191e-5,-5.678338075659986e-5,1.565418169493221e-5,500
18,shock_lag10,-2.3903715846210438e-5,3.512029358415003e-5,3.894172267282481e-5,-0.0001070698601293096,4.3191437763529894e-5,-8.905365339012795e-5,3.261200544760904e-5,-6.298966742915248e-5,1.2209877545728705e-5,500
18,shock_lag11,-1.8450687364145997e-5,3.424505574961273e-5,3.920416149160732e-5,-0.00010211755417214395,4.936590484712503e-5,-9.013260605516383e-5,3.977213734311193e-5,-5.608810557058873e-5,1.9312851942085547e-5,500
18,shock_lag12,-6.278433349175735e-6,3.349291864850281e-5,3.967874912695571e-5,-8.519906272824669e-5,7.230052051604194e-5,-6.994280330914646e-5,5.9818049658373566e-5,-3.9716272961538616e-5,3.375343918924789e-5,500
18,log_oil_lag1,-0.0003966174629707715,0.0001587894126831048,0.00014894780001893502,-0.0006966980602068878,-0.0001097447980127535,-0.0006517887511537541,-0.0001753291573004056,-0.0005726731981788772,-0.0002669261026271747,500
18,ffr_lag1,0.00021840035981244551,3.283188794021257e-5,3.177205904529551e-5,0.00015921341712558473,0.00028989065795405783,0.00016961080851570238,0.00027889588013373047,0.000192372671488418,0.0002543183271507593,500
18,age_mean,0.0004238209936891857,8.361075051807264e-5,7.906277547305519e-5,0.0002781823088540229,0.0005855291848346151,0.00030746121325615045,0.0005592792162732982,0.00035615812965275823,0.000515244594132928,500
18,female_share,-0.002648638452236971,0.002849083928526061,0.002783894089799035,-0.00808766475732257,0.002727239496605887,-0.007179308214522543,0.002036594958644785,-0.005573624016049019,-3.405612022884938e-5,500
18,married_share,-0.002729710301079823,0.0018488754211114689,0.0019290215994445339,-0.006622896535913205,0.0007217216659074754,-0.005897237277927658,0.00014683845284628447,-0.004708451388961262,-0.0007933815223070661,500
18,hours_mean,0.00011046946011632807,7.848431426335647e-5,6.94719238289382e-5,-1.6382360398313992e-5,0.0002401358151852234,-3.6766225241289066e-6,0.00022818734259268022,3.8741602521112823e-5,0.0001860571681458051,500
18,unemp_rate,0.019185678362793307,0.003529337770533142,0.003605583631899248,0.012547288129971305,0.026762906834446855,0.0133045214926842,0.025324648140004503,0.016484950428599335,0.023558692687773594,500
19,intercept,-2.59206170995011e-10,3.2914495222976176e-5,3.069196866653678e-5,-5.251999965596519e-5,6.641695159429235e-5,-4.732412827474848e-5,5.2291601714138406e-5,-2.675422628677432e-5,3.4320284374949915e-5,500
19,shock_x_ind1,-4.2374744240757785e-5,0.0001697366010021612,0.00017260181115851564,-0.00039259337016093955,0.000277320222368167,-0.0003198788475384208,0.00023206885860303488,-0.00020708653869357677,0.00012039868869051366,500
19,shock_x_ind2,-3.435111714150309e-5,0.0002018660580831263,0.00021210398168490844,-0.00045469535038528797,0.0003736273318393691,-0.00039282501250560893,0.0003155372819816803,-0.00025394531362618513,0.00017617527968566378,500
19,shock_x_ind3,-0.00011085804407789277,0.000680392298960823,0.0007091659235596371,-0.0014863294570634945,0.0012044607881818172,-0.001358613741718783,0.0010113071488974887,-0.0008853242660467874,0.0005261324595044038,500
19,shock_x_ind4,0.0002246454893382254,0.0003704120156042295,0.0003952877390149629,-0.0005530273006944563,0.0010146202126245832,-0.0004384153685932538,0.00087682117004095,-0.0001358486780459552,0.0006238866392015233,500
19,shock_x_ind5,-0.0002450441336632102,0.0005550297600528978,0.0006180900154891789,-0.001557404640579588,0.0008071004079458666,-0.0013393931699416863,0.0006531935667102246,-0.0009093125650347096,0.00033738073385761094,500
19,shock_x_ind6,-0.0006406970439747845,0.0005224084053458522,0.0005134660261639619,-0.0016380520203415623,0.00032942017800047344,-0.0015144640232787755,0.00021372708081015008,-0.001178034062691609,-0.00012032189885848507,500
19,shock_x_ind7,0.000520247744632761,0.00042042498219667797,0.0004187913564068356,-0.0003127514040310616,0.0013251993102236664,-0.00016180664299503896,0.001179484541537131,0.0001481800363017722,0.0009570321544619515,500
19,shock_x_ind8,-0.0005854728936585671,0.0005154418164496985,0.0005158612601070744,-0.0015126693905359043,0.0004490754943984026,-0.0013704309600201354,0.0003118569312633892,-0.0011057918691339504,-6.90723459122175e-5,500
19,shock_x_ind9,-0.0007699570183407904,0.0005129276304354903,0.0005627416617762164,-0.0018680070380396234,0.00047850692875278926,-0.0016672184763253156,0.0002090371836100269,-0.0012629215702109535,-0.00019479416053456297,500
19,shock_x_ind10,-0.0005594342925979991,0.00043915715249156324,0.00048667256873316045,-0.0015236834646117224,0.00040018675443575494,-0.0013533370386409433,0.00019579637798263356,-0.0010191528946641723,-9.240506019908149e-5,500
19,shock_x_ind11,-0.0006801629126668154,0.000320182547898276,0.00033753211834184856,-0.0013919187720172702,-2.58034699805711e-5,-0.001269538274337306,-0.00014429423637688063,-0.0010503096016404442,-0.0003764104649944853,500
19,shock_x_ind12,0.003141482233753758,0.0010700606459664768,0.0009952749044814166,0.0013415132241039666,0.005106424913913397,0.0015275653988153454,0.004830151787414045,0.0022480690217844108,0.004206858398981538,500
19,shock_x_ind13,-0.0006753388160255596,0.0006060382550697195,0.0006786886542329561,-0.0019417540715457042,0.0007776169450711627,-0.001653093518157283,0.0005979624819863298,-0.0012394576519392931,5.0815021927110844e-5,500
19,shock_lag1,4.0676172657811904e-5,3.74832995951613e-5,4.191270475805193e-5,-2.5568223129328087e-5,0.0001430388210446463,-1.3475035846583169e-5,0.00012520498450934502,1.2204719286633644e-5,8.91775513921077e-5,500
19,shock_lag2,7.35334988118085e-5,3.703758228898009e-5,4.033650072920791e-5,1.2081700236365445e-5,0.00017176095775987498,2.3270269551656345e-5,0.00015067318184538604,4.20468418131543e-5,0.00011752300091744093,500
19,shock_lag3,5.980363608089466e-5,3.9113613081857745e-5,3.962794296798589e-5,-1.0535421067325609e-5,0.00014470622194476615,2.1817437887620576e-6,0.0001337788476117123,2.5103083570766437e-5,0.00010355101283446766,500
19,shock_lag4,2.7405023641219417e-5,4.334344364358739e-5,4.623608807088442e-5,-6.459547326606935e-5,0.0001286765593296166,-4.79782742796861e-5,0.0001041807332683625,-1.2533978148900537e-5,7.732556199129041e-5,500
19,shock_lag5,1.4200197409995322e-5,4.691996562447018e-5,4.92737010719777e-5,-8.75568061850471e-5,0.00010838641301051334,-6.63608607442936e-5,8.953123865944021e-5,-3.0118423522191962e-5,6.446857549576846e-5,500
19,shock_lag6,2.7523240769867036e-6,3.9651798178082856e-5,4.207781067878567e-5,-8.507601892678253e-5,8.14682707541794e-5,-6.791720942434009e-5,6.940033820225565e-5,-3.838183231879966e-5,4.232130134961477e-5,500
19,shock_lag7,-1.3194039796577293e-5,3.9214532259887106e-5,4.07020948834304e-5,-8.84210922452687e-5,6.659542174139243e-5,-7.606629923990362e-5,4.96774607905735e-5,-5.2771321354815256e-5,2.505935631739759e-5,500
19,shock_lag8,-2.3474158978559527e-5,3.434570715530195e-5,3.743348630745749e-5,-9.118135311585277e-5,4.7570705308045665e-5,-8.114721323315656e-5,3.594666020929938e-5,-5.9665214542646505e-5,1.539535619884981e-5,500
19,shock_lag9,-2.4825052233980488e-5,3.673044140727957e-5,3.947662470316824e-5,-0.00010130894324981928,5.622732726244703e-5,-8.47090870104982e-5,3.889677835160895e-5,-6.183585480477755e-5,1.7631105333477954e-5,500
19,shock_lag10,-2.6902990493757703e-5,3.43316458061097e-5,3.897200033860332e-5,-0.0001056205654722399,4.895379915010184e-5,-9.160228484806652e-5,3.3710456520077764e-5,-6.167074809274357e-5,1.1177604911832725e-5,500
19,shock_lag11,-1.8377522865505213e-5,3.3785388268839656e-5,3.9611306336669394e-5,-0.00010356329454692519,5.6701289230051027e-5,-8.569056249638026e-5,4.405724611794132e-5,-5.6296216347195114e-5,1.8479884107856675e-5,500
19,shock_lag12,-1.0876937584325247e-5,3.2744268555744656e-5,3.697773919316528e-5,-7.661262255872682e-5,6.32725691754391e-5,-7.300046859425511e-5,5.043936682199152e-5,-4.615972842208267e-5,2.6044735296235794e-5,500
19,log_oil_lag1,-0.0003500752900532082,0.00014444800952317474,0.00013556867565444843,-0.0006183598228142088,-0.00010515998591974442,-0.0005938013310159583,-0.0001444080543787373,-0.0004997287166524501,-0.00023013296155105023,500
19,ffr_lag1,0.00020568170710972877,3.29920399602113e-5,3.159745503926781e-5,0.00014965600851853708,0.0002769307845438659,0.00015791472449272207,0.0002662224650006968,0.00017820397788518286,0.00024091239395239726,500
19,age_mean,0.00039263640126629084,7.81182902426073e-5,7.379934352372351e-5,0.0002647153975053562,0.0005481392957450903,0.00027918958025334944,0.0005278637523776679,0.00032607483367342433,0.00047349033271120496,500
19,female_share,-0.0004814496706422737,0.002924518523817641,0.0027967500944625673,-0.005825275778330152,0.004687241542488398,-0.005275137964643222,0.0035851489031936937,-0.003714734404972542,0.0022166740537570145,500
19,married_share,-0.0027377275920375047,0.0018745981676678487,0.0019111665985371623,-0.006727485887948118,0.000538058303300706,-0.0061897035440402004,7.028966533360415e-5,-0.004772464668374001,-0.001030156318364334,500
19,hours_mean,9.013691128023471e-5,6.798611235779311e-5,6.274466325821028e-5,-3.9972308004127956e-5,0.00021130819126801017,-1.7530242159434157e-5,0.00019008969856620518,2.5165601223716863e-5,0.00014819645789949324,500
19,unemp_rate,0.018723120714696135,0.003571261813143817,0.0032070303881380395,0.013561618112846438,0.02617876577030706,0.01449644979269758,0.024845136174927836,0.016201325051483046,0.0224478779987128,500
20,intercept,-1.746031396116333e-10,3.0641960622732775e-5,2.9050320106863405e-5,-5.300833879628648e-5,5.3514071761513835e-5,-4.5278380993693946e-5,4.625057790927271e-5,-2.6967178478248854e-5,3.1342585574305055e-5,500
20,shock_x_ind1,-0.00027087259866722513,0.00017308316895045203,0.0001663696075463712,-0.0006019588544007159,7.7238837178844e-5,-0.0005330998985849986,3.4157082653819964e-5,-0.0004146709676276487,-9.569663091274128e-5,500
20,shock_x_ind2,-9.126365591279278e-6,0.00021678574851995367,0.00024262996139802633,-0.0005252008163147472,0.0004669593769499636,-0.00041807922290154663,0.0004231653723733144,-0.00022282117921201375,0.00023550681237444402,500
20,shock_x_ind3,0.00046594557093184103,0.0006593253050132885,0.0006711437504893334,-0.000871426529358482,0.0017471801411456612,-0.0006978876202832543,0.0015384149215123069,-0.00023070763621276273,0.0010927540406603866,500
20,shock_x_ind4,0.0003976442540922902,0.00033577936016508165,0.0003346015288710855,-0.00034813638954995553,0.001005377861200986,-0.00013192598669686166,0.0009032803544033771,6.651252512873663e-5,0.0007341561836832825,500
20,shock_x_ind5,-8.298857034890382e-5,0.0005577230793760511,0.0006207964813685699,-0.001285074491465252,0.0011021634926654837,-0.0010751770491281049,0.0009112635174165575,-0.0007178612355872529,0.0005095108167713159,500
20,shock_x_ind6,6.681684965029365e-5,0.0004952655728894926,0.0005343550753107492,-0.0009714598651970586,0.0010687465307225256,-0.0008033106462091401,0.0009148078596608192,-0.0004915097447971283,0.000601970824032805,500
20,shock_x_ind7,4.733966638271725e-5,0.00031780051714554267,0.000344549200154683,-0.000617192273991716,0.0007302095582131746,-0.000557189751778099,0.000632818320305951,-0.0002793268275915547,0.00040771767550813845,500
20,shock_x_ind8,-0.0008222453822347796,0.0005879188663009402,0.0005621541437866499,-0.0018429091910585928,0.0002987990142231822,-0.001769652135501251,9.809391263386529e-5,-0.001404007488229222,-0.0002850918524552224,500
20,shock_x_ind9,-0.00046642859122625097,0.0005897961845091057,0.0005732430795092262,-0.0016110754001104597,0.0006009374408274179,-0.001410582660312348,0.0005089078277618635,-0.001016667858916242,0.00014700757497955423,500
20,shock_x_ind10,-0.00021202499539076054,0.0005169927500509325,0.0005235587372370887,-0.0011603847196109403,0.0008080614524117519,-0.0010622635588537705,0.0006209571483209062,-0.0007538525271652783,0.0002979908994088493,500
20,shock_x_ind11,-0.0005866629471686782,0.0003945352682772236,0.00038264926947902974,-0.0013336738504678015,0.0001231850464576951,-0.0012444259085170942,2.8601537102114892e-5,-0.0009590217999060362,-0.00019601315091158968,500
20,shock_x_ind12,0.0016640033363868416,0.0011277980099290838,0.001087957501935918,-0.00026603212213986975,0.003991220318058226,5.5078408685753334e-5,0.0035363146828872307,0.0006409693010520693,0.0028268722634658813,500
20,shock_x_ind13,-0.0005769922232280502,0.00047163057779221453,0.0004954844962354911,-0.0015252416759084094,0.0004072122898273393,-0.0013599057430019187,0.0002557241195301104,-0.0010338819526186597,-7.221675126371172e-5,500
20,shock_lag1,4.864656489071031e-5,3.533205969276183e-5,4.047211623182875e-5,-1.4451873444080278e-5,0.0001393117916322374,-3.140547673832473e-6,0.0001236843644424359,1.6179492529762535e-5,9.511074283482073e-5,500
20,shock_lag2,7.885222725908606e-5,3.610964819239461e-5,4.1109451774686375e-5,7.527784539346777e-6,0.00016844452847782342,2.1814927422537867e-5,0.00015302445253419266,4.4429428301077876e-5,0.0001229152480316497,500
20,shock_lag3,6.965303315020696e-5,3.8238960775821744e-5,4.17832415594862e-5,-1.6845283851341405e-6,0.00015673466740830075,8.733218627297321e-6,0.00014042310139688157,3.0117219555104955e-5,0.00010984489519045794,500
20,shock_lag4,3.597879277102633e-5,4.161802324930149e-5,4.4490956660660035e-5,-5.071074672946616e-5,0.00012240349483954292,-3.666006137217661e-5,0.0001059022675528607,-5.5798050274564585e-6,7.81250104777023e-5,500
20,shock_lag5,2.547749094916986e-5,4.578203078379409e-5,4.638930046379683e-5,-6.97561028225071e-5,0.00011813792508540315,-5.61333928950053e-5,0.00010061643170860925,-1.6415175731507425e-5,7.148587515775486e-5,500
20,shock_lag6,1.4978470621373086e-5,3.7172037077015993e-5,3.78851662161786e-5,-5.9370759230973984e-5,8.13151370314747e-5,-5.002070925326478e-5,7.506686999018387e-5,-2.3168228257901274e-5,5.391934395105142e-5,500
20,shock_lag7,7.987114933089186e-8,3.611640014559046e-5,3.5095220287890314e-5,-6.89108008776967e-5,6.828451911066385e-5,-5.1814243469677676e-5,5.883488299300944e-5,-3.0607559558435537e-5,3.7793942881679806e-5,500
20,shock_lag8,-8.219273647516927e-6,3.070358532958847e-5,3.202048085778272e-5,-6.834880635256033e-5,5.412150136870532e-5,-5.537042561658313e-5,4.6275699045747056e-5,-3.6494103926885686e-5,2.7277249015632868e-5,500
20,shock_lag9,-8.79228966570867e-6,3.2045277006153186e-5,3.433624858275359e-5,-7.922853350839746e-5,5.890329154409812e-5,-5.814876484061507e-5,5.2725799634726375e-5,-3.727792829038829e-5,2.8071437497749355e-5,500
20,shock_lag10,-1.3609892188897351e-5,3.00282360693788e-5,3.3109811612735255e-5,-7.557856255588714e-5,5.267684217074092e-5,-6.598255159136969e-5,4.2360153045659256e-5,-4.369884063545073e-5,1.9176372745177688e-5,500
20,shock_lag11,-1.0634999369552555e-5,2.886079580383485e-5,3.297670989042283e-5,-7.263743255036814e-5,5.288478810741848e-5,-6.572943880794154e-5,4.088115793913634e-5,-4.415675777542599e-5,2.1327183582271334e-5,500
20,shock_lag12,2.92952137346898e-6,2.8820802820819127e-5,3.244661728929864e-5,-6.039227696869557e-5,6.567285699762452e-5,-4.839856448321458e-5,5.839259640636034e-5,-3.0380213100628642e-5,3.2188797580950894e-5,500
20,log_oil_lag1,-0.000402230385296221,0.0001487215281179793,0.00014149367271447524,-0.0006904690611315033,-0.00015467040767319694,-0.0006494644807339726,-0.00018831442868337303,-0.0005608773601662831,-0.00027354260446219795,500
20,ffr_lag1,0.00020397763592975925,3.328235497690039e-5,3.187122036934022e-5,0.00014770894884614405,0.0002716948861830529,0.00015518919835311008,0.0002609775307867093,0.00017664894272751547,0.00023713126980483902,500
20,age_mean,0.0003961600774214565,8.545040080283572e-5,7.944368994060316e-5,0.00024877939776293226,0.0005735976493271542,0.00027453034126323337,0.0005254148861612925,0.00032507793825288967,0.0004810364585885841,500
20,female_share,-0.0036851214320434106,0.0029334686819305704,0.0027015088688494295,-0.009518631274717559,0.001527815942083633,-0.008183477768377889,0.0009584333573717022,-0.006389658829726481,-0.0013081116372079915,500
20,married_share,-0.003742992284403285,0.0017842963489885931,0.0019396914029781358,-0.007880992748627708,-0.0002636564183543322,-0.007288398155336187,-0.0008691468665666942,-0.00591857261895395,-0.001995216194274572,500
20,hours_mean,0.00013944517819192376,8.328802327384523e-5,7.954288852925152e-5,-7.0440349050732985e-6,0.00030804671992963714,1.7287236350340326e-5,0.00028270230843373793,6.849799998715923e-5,0.0002321518873543857,500
20,unemp_rate,0.01728082666543551,0.0035589979022302466,0.0033811149933777674,0.011263371107106573,0.024936652092792784,0.012188511394051575,0.023304971256938596,0.014562526145259314,0.021117590743142838,500
21,intercept,-2.0921996942572143e-10,2.8332542135445476e-5,2.617936669354219e-5,-5.441190682806043e-5,5.2433936839476605e-5,-4.198545505467677e-5,4.245943158015348e-5,-1.828136761887982e-5,3.0480007869436134e-5,500
21,shock_x_ind1,-0.00015795268428642618,0.0001411333860232389,0.00015015106215231322,-0.00041759247152988485,0.00014118357096522185,-0.0003838530173852458,9.805525808057839e-5,-0.0003044341465542852,9.933994569490493e-6,500
21,shock_x_ind2,6.444544391837849e-6,0.00019257978383346234,0.00021603969201396892,-0.00037656712878646507,0.0004942741571337676,-0.00033169390015984004,0.0003721259503814573,-0.0001946623596209646,0.00023284222725662,500
21,shock_x_ind3,5.813510997734129e-5,0.0005776351490145228,0.0006279343733809429,-0.001180458289859969,0.0012247303844645293,-0.0010015528839643153,0.0010320935218684592,-0.0005814390941265208,0.000676356538453586,500
21,shock_x_ind4,1.673291414198809e-5,0.0003584928501628533,0.00039992746276137773,-0.0007835022164390431,0.0008019386244251521,-0.0006872837850602058,0.000687681077318732,-0.0003562016108325438,0.0004430536066290895,500
21,shock_x_ind5,-0.0003019559110942436,0.0005962813136198208,0.0006380523233996897,-0.0014867641442931406,0.0009787124988856677,-0.001368925099204738,0.0007644990864672477,-0.0009399347273037683,0.0002937401738695798,500
21,shock_x_ind6,-0.00045990723848435803,0.0004929528326207119,0.0004887452118585647,-0.001429495447105137,0.0005621560525738893,-0.0012704356843459689,0.0003492413432646469,-0.0009144457841597062,2.3986236499918706e-5,500
21,shock_x_ind7,0.0005563528970129311,0.00042350472011990555,0.0004392658662823901,-0.00022944748621140407,0.0014605367657201463,-0.00012106713709792549,0.0012313108073538407,0.00010586898977658553,0.0009943959329302607,500
21,shock_x_ind8,-8.915111079780011e-5,0.0005229225978131885,0.0005389169371503662,-0.001173496427925085,0.000993498188235406,-0.0009368600149533169,0.0007985761058278587,-0.0006306191573804739,0.0004275821988233821,500
21,shock_x_ind9,-0.0008390510353583855,0.0005765612678738431,0.000642926604358056,-0.0021914052432699966,0.0004041938864445614,-0.0018630747770207667,0.00018679241264285047,-0.0014822073548378795,-0.00019550546120537658,500
21,shock_x_ind10,-0.0005518480434334749,0.000548346896666865,0.0005443993377526684,-0.0016171339911500281,0.0005291444513264576,-0.0014548236608012475,0.00026047345198138727,-0.0011134341307573537,-6.646792688175273e-5,500
21,shock_x_ind11,-0.0007547222461809702,0.00034701862057895513,0.0003291484408307029,-0.0013184845195712766,-5.4358295298309694e-5,-0.0012295011247458094,-0.00013223956793289378,-0.0010385973727808175,-0.0003935910931251001,500
21,shock_x_ind12,0.0017761431044737545,0.0010042628259875291,0.0009649145552936539,-0.00011100245899785515,0.0036622146139696225,0.0002617123771058317,0.003410986149430407,0.0008263150635622752,0.0027166201996899207,500
21,shock_x_ind13,0.0004046322183196377,0.0005128121800722843,0.0004985748166229476,-0.0005204556598919465,0.0013846211540149808,-0.00043013972020785777,0.001212712955507955,-4.6530178049125767e-5,0.0009239184764395742,500
21,shock_lag1,5.196527478764962e-5,3.254357258173903e-5,3.7475365619180666e-5,-5.424446179618131e-6,0.0001395024430881572,3.1186719695301827e-6,0.0001229000698119286,2.4752305249852738e-5,9.648377969138374e-5,500
21,shock_lag2,7.561002721818523e-5,3.2339075733171785e-5,3.741332611396091e-5,1.4567869235167935e-5,0.00016646172706593693,2.8255835620576148e-5,0.00014777304828013772,4.61333644691368e-5,0.0001165654290305842,500
21,shock_lag3,7.143013039208721e-5,3.532523466218486e-5,3.84347360604607e-5,1.4273723979878196e-5,0.00016526080016911204,2.231244638535005e-5,0.0001475996648004796,4.086991716106108e-5,0.000116751580129515,500
21,shock_lag4,4.218334120898792e-5,3.893936441462339e-5,4.243339333710737e-5,-3.910887745296835e-5,0.00013599029098167664,-1.966847727744505e-5,0.00011595272853618853,5.7774758723993785e-6,8.717719297205259e-5,500
21,shock_lag5,3.2322544850375605e-5,4.347831178726576e-5,4.4239251694413664e-5,-5.4921735423362736e-5,0.00011659892704646898,-3.518116733883524e-5,0.00010078269989905135,-8.277769627847591e-6,7.993592866528627e-5,500
21,shock_lag6,2.5453978518249415e-5,3.529433358714203e-5,3.8585639731773426e-5,-5.1633292740418297e-5,9.55673171902424e-5,-3.926382071426218e-5,8.469936922840238e-5,-1.1146285480861049e-5,6.250002082984706e-5,500
21,shock_lag7,8.194762690268236e-6,3.4157795088296076e-5,3.423351322744189e-5,-5.509915179231873e-5,8.019373792567876e-5,-4.425792880160465e-5,6.835310208963201e-5,-1.9997849835987452e-5,4.596368460944473e-5,500
21,shock_lag8,2.0515263475684965e-6,2.8553605309264442e-5,3.085098720308462e-5,-5.3554553847872704e-5,6.728219522523188e-5,-4.4209563870504145e-5,5.204588672086152e-5,-2.5259657629693946e-5,3.471502130452202e-5,500
21,shock_lag9,1.4843204496455504e-6,2.8472970559905307e-5,3.196949091504941e-5,-5.7233611811522714e-5,6.635291798165177e-5,-4.352221865951117e-5,5.854856937831769e-5,-2.5756218267587044e-5,3.688836570812621e-5,500
21,shock_lag10,-1.5284916511122841e-6,2.6891717452086748e-5,3.309711722604151e-5,-6.405237672104866e-5,6.671552099491996e-5,-5.193597617859258e-5,5.743598766550385e-5,-2.779861012096566e-5,3.208071426257479e-5,500
21,shock_lag11,-8.480693339923024e-7,2.532654749222043e-5,3.209539601119025e-5,-6.418063884570623e-5,6.0023639932630396e-5,-5.122824367506482e-5,5.268177205300457e-5,-2.9694730487492324e-5,3.015259825216103e-5,500
21,shock_lag12,1.3958313782740503e-5,2.593736326359876e-5,3.0514668739239704e-5,-3.988899535253255e-5,7.991718222783466e-5,-3.161922075966235e-5,6.891888001908714e-5,-1.2444068642037888e-5,4.612154453289562e-5,500
21,log_oil_lag1,-0.00042141732150491866,0.00014414925587279812,0.00013689641690628105,-0.0007093284655811053,-0.00019973099003087403,-0.0006773076119390164,-0.00023843258605774856,-0.0005860693437367289,-0.0003101619151048598,500
21,ffr_lag1,0.00019840073020529415,3.457965023539845e-5,3.301840644870256e-5,0.00013635655103615867,0.0002649588284641032,0.00015095572800560768,0.00025891936396653896,0.00017170429363163117,0.00023723532798388942,500
21,age_mean,0.0003894788512726765,8.418093559661227e-5,7.691498221272264e-5,0.0002640080520158815,0.0005546579750528614,0.0002848186258467358,0.0005370241225439413,0.00032731200333429504,0.00048437746374186167,500
21,female_share,-0.006299617612985136,0.0027860291802530167,0.0027371861335051683,-0.01133464894375848,-0.0012266001064112717,-0.010734501749793795,-0.0020961998780402516,-0.009323028097428483,-0.003536877594822547,500
21,married_share,-0.0037347007905993487,0.0019068896201860088,0.002102920073076271,-0.00795025623991841,-0.00010150257685681246,-0.007255540478257681,-0.0005883176722967046,-0.006181078989499023,-0.0018578570089310914,500
21,hours_mean,7.407612613642537e-5,7.825312186101787e-5,7.47435780581819e-5,-7.564059479969818e-5,0.0002147291640728081,-4.648615390767227e-5,0.0001922968899371881,2.748752489466311e-6,0.0001534884829728612,500
21,unemp_rate,0.014586384964146869,0.003617741941059485,0.003628611550683757,0.007906089456358565,0.02253669022247492,0.009672218570081489,0.021849938108539135,0.011961086496101437,0.01845730236563954,500
22,intercept,-3.7891939791380235e-10,2.6272564222968313e-5,2.3800592850544246e-5,-4.373199702406711e-5,5.4649855303274804e-5,-3.4827304797075515e-5,4.5777869224689654e-5,-1.858334653736441e-5,2.5962597715023573e-5,500
22,shock_x_ind1,-0.00015267566840403778,0.00019402881146294516,0.00018882114382845868,-0.00047253467560699324,0.0002389495957744168,-0.0004244994346059912,0.00016691925260238385,-0.00032445823759096336,4.161358020642003e-5,500
22,shock_x_ind2,-7.0858524099329e-5,0.00019510526362643296,0.00019722637556054146,-0.00042772229088691434,0.0003050928532226407,-0.0003759834289953617,0.0002674052522378756,-0.0002632372719749281,0.00013343900867922176,500
22,shock_x_ind3,0.0001575407582167945,0.0005798900271804908,0.0005962132082609506,-0.0009101739189627426,0.0013304298471836016,-0.0008113093389288339,0.0011109833986369699,-0.00045944851934018283,0.0007741849003547633,500
22,shock_x_ind4,0.000280788444274721,0.0003993535910799381,0.0003884932138853507,-0.0005044278258156938,0.0010688916450468976,-0.0003222383917273534,0.0008873665081899191,-7.475885692012061e-5,0.0006801903547531357,500
22,shock_x_ind5,-3.0103093723654397e-5,0.0006211258418222603,0.0006477795348029215,-0.001282910154031799,0.0012721534998633886,-0.001081019958733797,0.001073876029226275,-0.0006053130559130544,0.0006806941720006146,500
22,shock_x_ind6,-0.00028128848056288634,0.0005463633342193613,0.0005570329334545797,-0.0012515484122703768,0.0009325573075920563,-0.0011299296259931141,0.0007210963891951626,-0.0008133523935745582,0.00027892684808428924,500
22,shock_x_ind7,7.503902556274166e-5,0.0003872490810565605,0.0003869220965658483,-0.0006993011536020608,0.0008072870337658816,-0.0005326708945047644,0.0007142761978825139,-0.00028907532560012295,0.0004654119863084617,500
22,shock_x_ind8,-0.0008395865305264716,0.0004942605276008617,0.000502427741137034,-0.0017021032828899762,0.00021554451057156058,-0.0015618511683852328,6.140159779568309e-5,-0.001322156229575923,-0.0003051288645618593,500
22,shock_x_ind9,-0.0007487648029692101,0.0005535288323831904,0.0005517320659125674,-0.0017274169287941643,0.0003022321765244889,-0.0016084414179004106,0.00016481321496463692,-0.001259974678958639,-0.00017497025996791535,500
22,shock_x_ind10,-0.0005269895048394844,0.000539825482206719,0.0005637156380730405,-0.0016723609023014461,0.0005439057193708978,-0.0014549359702824972,0.00035116497686390384,-0.0011527525974934704,5.049751348069e-6,500
22,shock_x_ind11,-0.00029740994867660336,0.00038145511125186357,0.00038197471860845967,-0.001072992396799275,0.0004026447599250316,-0.0009596432629091683,0.0002660641125127846,-0.0007008172404479051,6.615291442090595e-5,500
22,shock_x_ind12,0.0020339787473163933,0.0010525286014960854,0.0010371360142899834,-3.143829882229215e-5,0.0042585323563591624,0.000288062007907199,0.003672857295119388,0.0009436893245033503,0.0030044394725301485,500
22,shock_x_ind13,0.00020278417010522983,0.0005347419462949448,0.0005490386876425278,-0.000861440806432871,0.001234326315117212,-0.0006730480973770143,0.001055401906297503,-0.0003413928005360078,0.0007619102027124723,500
22,shock_lag1,5.729398554172913e-5,3.0136156267906598e-5,3.276374000872688e-5,-1.4569248185016504e-6,0.00012540483567085814,1.4079133875420991e-5,0.00011809907456479188,3.158614864309205e-5,9.517454992761962e-5,500
22,shock_lag2,8.07453188602604e-5,2.953508093272475e-5,3.261519162882458e-5,2.657924725693636e-5,0.00015322652597889145,3.3683987756521286e-5,0.0001415207769049221,5.2015234955624234e-5,0.00011499223133594851,500
22,shock_lag3,7.88536966786752e-5,3.352135393722071e-5,3.31244253605936e-5,2.4081929642297633e-5,0.00015782155306090663,3.166606205257164e-5,0.00014396978168721385,5.291810415288245e-5,0.0001167216177504811,500
22,shock_lag4,4.978189858630005e-5,3.621502599785969e-5,3.528860718133516e-5,-1.4455405181322767e-5,0.0001241835466949379,-1.161683942335278e-6,0.00011223284445856474,1.925812734484245e-5,8.851959832915487e-5,500
22,shock_lag5,4.3933809248420236e-5,4.0157561763119395e-5,3.981726679540091e-5,-3.4802778539175656e-5,0.00012004944999142684,-2.0039460493134793e-5,0.00011095615794382692,7.287642301016416e-6,8.670890576706762e-5,500
22,shock_lag6,3.5227349837926274e-5,3.255276003138801e-5,3.386688694813416e-5,-3.4309979708540076e-5,9.424593110373295e-5,-2.3530660568297222e-5,8.865177940394299e-5,2.830315770452698e-6,6.984192203251236e-5,500
22,shock_lag7,2.156916203714497e-5,3.132733439240756e-5,3.059276407267793e-5,-3.7837293250233026e-5,8.106997372526117e-5,-2.7949521962379927e-5,7.159559160363524e-5,-6.030234189230388e-6,5.5721074714480056e-5,500
22,shock_lag8,1.1965906854973817e-5,2.5868211331406104e-5,2.8113071727013455e-5,-4.3835723783760976e-5,6.922424789267489e-5,-2.9962972109749806e-5,6.105042447319289e-5,-1.4311476645837497e-5,4.382214569602827e-5,500
22,shock_lag9,1.4852896263208531e-5,2.496135001505814e-5,2.8770980057280466e-5,-3.84791702712268e-5,7.447470929945296e-5,-3.058761383793377e-5,6.794744685737709e-5,-8.106376689917756e-6,4.672835445992035e-5,500
22,shock_lag10,8.897786172045912e-6,2.4281240214022878e-5,2.9182740436473913e-5,-4.582133827065279e-5,6.855597737795389e-5,-3.655909810097208e-5,6.213818451929735e-5,-1.634015628402079e-5,4.149707535581733e-5,500
22,shock_lag11,8.952143051982615e-6,2.114760419891156e-5,2.7212482881004184e-5,-4.1983184150043204e-5,6.310538395036236e-5,-3.180216113620208e-5,5.6208130265364225e-5,-1.30362313414552e-5,3.835551793387487e-5,500
22,shock_lag12,2.1417538068844656e-5,2.2995824902616286e-5,2.636478331672605e-5,-2.522041661452597e-5,7.683334071124428e-5,-1.657498760218918e-5,6.728149470719133e-5,2.27582944267606e-6,5.309295902375281e-5,500
22,log_oil_lag1,-0.0004499079258437977,0.0001422134037878677,0.00012567020988513757,-0.0007188824151671519,-0.00023489504617731446,-0.0006849089889529227,-0.00027406933436417046,-0.0005979892611239075,-0.0003571167162109801,500
22,ffr_lag1,0.0001822298936532536,3.531230108926924e-5,3.352157452099795e-5,0.00012217927302532808,0.0002524424572791518,0.0001317174337767112,0.0002390713501399704,0.00015085443900239335,0.00021997278380124846,500
22,age_mean,0.00039266994239039554,8.759984852800966e-5,7.993448231125612e-5,0.0002650905436642574,0.0005570649143479822,0.00028807034684025457,0.0005451466999835786,0.0003287258844951599,0.00048817710620751437,500
22,female_share,-0.004289182652542811,0.0025533930286898198,0.002429388874673195,-0.009520597273250013,0.0003222679515529869,-0.008674145291059974,-0.00040585324137054727,-0.006652451233412228,-0.0020419231374374457,500
22,married_share,-0.004909394795109234,0.0016115550588148538,0.001837498506322726,-0.008430483305191756,-0.0013083877109358406,-0.007817513425442098,-0.0017829272870570339,-0.006803833849524836,-0.003134590951678598,500
22,hours_mean,0.00012123138386883784,8.039073367504482e-5,7.576129926575158e-5,-2.6865737011823222e-5,0.0002673130347815608,-2.2206653052425043e-6,0.0002444319054589128,5.383528329223913e-5,0.00020310390397609358,500
22,unemp_rate,0.012109407248137588,0.003686353760734648,0.0035115918848091098,0.005453083743222107,0.019373659427421752,0.006785369006585745,0.018081961610656668,0.008882944634326031,0.01585057759063562,500
23,intercept,-5.528924487397834e-10,2.4750239540797766e-5,2.215201565732758e-5,-4.682030194947022e-5,4.170333084790268e-5,-3.8287833129905445e-5,3.329784496852482e-5,-1.8165845781474486e-5,2.328064923098098e-5,500
23,shock_x_ind1,-0.00014190536274943856,0.00015530499167770592,0.0001660719007355393,-0.00044335677157381255,0.0001793175183284966,-0.00038628068739507177,0.00014839076898003162,-0.0002975875762466472,4.45926733014031e-5,500
23,shock_x_ind2,-0.0001538233937980374,0.00020323886953766467,0.00023299586832192898,-0.0005677306022045792,0.0003173367702352727,-0.0005169322287495135,0.00024636443899426363,-0.00037297166397902106,9.485951029807724e-5,500
23,shock_x_ind3,7.376719191519181e-5,0.0005510900190287284,0.0005958924848123219,-0.001102704715361562,0.001144291513970884,-0.0008848642543278474,0.0009922768795725886,-0.0005602706988593418,0.0006672783029571538,500
23,shock_x_ind4,0.0003936454526683937,0.0003865862452273943,0.0004134277201285266,-0.00032008205940587927,0.0012017537385446294,-0.00023408924996666292,0.0010837507447949589,-1.0071688609415534e-5,0.0008336922467417234,500
23,shock_x_ind5,-0.00048817622920360667,0.0006362703434629393,0.0006757195163756001,-0.0017313800683769769,0.0008659407582420665,-0.0015711690254289249,0.0006753704633416524,-0.0011213048654042438,0.00021557214925184225,500
23,shock_x_ind6,-1.4627688167335727e-5,0.0005091990112811317,0.0005142759148591343,-0.0009667723270723029,0.0010180306466204265,-0.0008226291799678328,0.0008577990564595961,-0.00048261822804569076,0.0005357033387640493,500
23,shock_x_ind7,4.091302023133197e-5,0.000326248962630056,0.00033094150282711465,-0.0006200815568315628,0.0006244173711283322,-0.0005371859650248471,0.0005697951631565933,-0.00032763212930650643,0.00033668661533963894,500
23,shock_x_ind8,-0.000618401080380874,0.0005840701797832676,0.0005747184029599,-0.0017129383353989519,0.00047184922728893365,-0.0016078061367897996,0.0003222853826127185,-0.0012580052576326418,-6.27983274304682e-5,500
23,shock_x_ind9,-0.0002897559269431661,0.0006307924953790005,0.0006388914664186088,-0.0014444308950190886,0.0010311114142256138,-0.001168050913987839,0.0008221082628856545,-0.0008231361948169607,0.00041413828949461685,500
23,shock_x_ind10,-0.00018760712667975247,0.0005426990873659088,0.0005438047920921933,-0.0011499952703945035,0.0008984675972900375,-0.001045900127638563,0.0006780920868893036,-0.0007429525065631688,0.00031871278991981057,500
23,shock_x_ind11,-0.0004628103353575439,0.0003129082828703594,0.0003104854446327846,-0.0010888162870574135,0.00016084740923547175,-0.0009551034885046095,6.367598689295371e-5,-0.0007304074388651655,-0.00014293044544961753,500
23,shock_x_ind12,0.0011729458243531,0.0009832490122420087,0.001015147652090268,-0.0007544544180136389,0.003252232799499392,-0.0005188365625443749,0.0027959277987475383,0.00012144216487010374,0.0021972196396983722,500
23,shock_x_ind13,0.0006172429402952501,0.0005235758152946624,0.0005583259076998208,-0.0004311315559410214,0.0016993030893102182,-0.00026585560177459924,0.0014664357560270251,-5.210660629754021e-6,0.0011704570185288507,500
23,shock_lag1,6.128780671387822e-5,2.6113582596200692e-5,3.125502323526331e-5,1.2725161448307095e-5,0.00012986123536053428,2.0415604868575447e-5,0.0001206841891158228,3.705552249076722e-5,9.597415025049588e-5,500
23,shock_lag2,7.945040296534778e-5,2.575099814555942e-5,2.827420515867972e-5,3.6254298301413704e-5,0.00014093491186517988,4.007141432398954e-5,0.0001311354933178704,5.384287188035767e-5,0.00010741958405328804,500
23,shock_lag3,8.169353924782287e-5,2.9456430154878548e-5,3.0821726186521156e-5,2.6687086064404197e-5,0.00014339618314415843,3.6041466797895825e-5,0.00013609608190107497,5.7322041066214256e-5,0.00011675358638634924,500
23,shock_lag4,5.731473266571195e-5,3.265124524992084e-5,3.356496970235201e-5,-4.85565234782183e-6,0.00012766140025414168,6.004929846017747e-6,0.00011429538887993356,2.7602758455397704e-5,9.525803414013899e-5,500
23,shock_lag5,5.524834869315581e-5,3.6084933196422855e-5,3.573092673576768e-5,-1.5203504913445318e-5,0.00012154047798504887,-3.1326149453054305e-6,0.00011359719365227888,2.047699372135957e-5,9.128295199981626e-5,500
23,shock_lag6,4.694783334724185e-5,2.97835254823872e-5,3.051361564456174e-5,-1.0896855214944808e-5,0.00010777787899782735,-1.7591860959378858e-7,9.920096606779237e-5,1.671716610622443e-5,7.731353016286012e-5,500
23,shock_lag7,3.544868894854045e-5,2.9207555316773952e-5,2.7156822175720055e-5,-1.7547785177654228e-5,8.991879375766854e-5,-5.2628040747824695e-6,8.025027138758383e-5,1.1052064868226005e-5,6.421764645832545e-5,500
23,shock_lag8,2.3969265881491608e-5,2.4489064659554826e-5,2.4884838098390927e-5,-2.4169983986744087e-5,7.604304230096934e-5,-1.174993680825646e-5,6.940504934473766e-5,2.022110154199064e-6,5.0345447432524265e-5,500
23,shock_lag9,2.8735916992062915e-5,2.338198963896731e-5,2.3314903354196e-5,-1.72737412960249e-5,7.46393673499586e-5,-1.1086918489401842e-5,6.795451653092508e-5,7.713678742855156e-6,5.418829172784083e-5,500
23,shock_lag10,2.2437050686407845e-5,2.2535002037592863e-5,2.418166307899774e-5,-2.550067860447854e-5,7.01079289454169e-5,-1.821705330908106e-5,6.320126491555468e-5,6.472748756505348e-7,4.7209361589102716e-5,500
23,shock_lag11,2.171812657179928e-5,1.831097324682619e-5,2.1249600742135483e-5,-1.9039158945895933e-5,6.705216769998509e-5,-1.0830715991712406e-5,5.7938460897216124e-5,3.1004458662941383e-6,4.311777407734622e-5,500
23,shock_lag12,3.063387842396499e-5,2.1781359949470326e-5,2.2871707256363133e-5,-9.409899554309447e-6,7.768446883655943e-5,-4.856081917467598e-6,7.169073793638049e-5,9.807837605352876e-6,5.351522678995264e-5,500
23,log_oil_lag1,-0.0004559753643285234,0.00012629625602010046,0.00011877677956328617,-0.0007161856660274346,-0.00024490856276497325,-0.0006679262579047811,-0.00026820755838348335,-0.0005888105876354541,-0.00035213450417500354,500
23,ffr_lag1,0.00016014830831540105,3.705553248761349e-5,3.22709174225937e-5,0.00010063043819154679,0.00022591174494163285,0.00010730023372508595,0.0002172831976335485,0.0001311529057991304,0.000192424398160801,500
23,age_mean,0.0003688500305737554,8.505498483738336e-5,7.635451562202904e-5,0.00023402600722570828,0.0005205973371053658,0.00025798153456407433,0.0004991644396270662,0.000298203702078586,0.0004516445578024366,500
23,female_share,-0.003788072145448447,0.0027087145055328644,0.0025719013181610246,-0.008807342619814609,0.0015063704960810984,-0.007906458587910184,0.0004918321445006802,-0.006388191646974841,-0.0011281406847302214,500
23,married_share,-0.005915254345846186,0.0018845394008872854,0.0018342414389625572,-0.009541622471534344,-0.0023895625307433794,-0.008882833992004808,-0.0031280990337576755,-0.007967613702798849,-0.004321387432456023,500
23,hours_mean,7.966513865274639e-5,8.309413131016603e-5,7.791707798511631e-5,-7.458713273310091e-5,0.0002396864546591271,-4.9588690226136006e-5,0.00020878883845674298,7.869615559025854e-6,0.00015787905003159295,500
23,unemp_rate,0.00814503003610918,0.003949943234089078,0.0034695943735125936,0.001334637482561267,0.014889409626015182,0.002570072664166111,0.013771617599165209,0.005196232217150633,0.011850256139795045,500
24,intercept,-3.832858622088439e-10,2.1715148276645537e-5,1.977099254455939e-5,-4.4849391459084946e-5,3.693267630995699e-5,-3.253006833777905e-5,2.9436585321525326e-5,-1.670032848331623e-5,1.7261301739013325e-5,500
24,shock_x_ind1,-6.95567396146334e-5,0.0001626772646792106,0.00015364885519356176,-0.0003657055687389254,0.00023577012370344582,-0.00032216923311327746,0.0001891150072825675,-0.0002163866117977294,8.043589947322854e-5,500
24,shock_x_ind2,-0.00016268255577747855,0.00022262795759630705,0.00024098023915482595,-0.000592225390144939,0.0003050488637958926,-0.0005161202140778839,0.00023149405830334103,-0.00040351782465320693,8.291438644288713e-5,500
24,shock_x_ind3,0.0003083346070233663,0.00066616780978025,0.0007136207989398734,-0.001146192146380576,0.0016704822555022618,-0.0009791645097692386,0.0014424237888914547,-0.00036492699936635715,0.0009934893674257515,500
24,shock_x_ind4,0.00014331169552760827,0.00042912546719475075,0.0004274142961308291,-0.0006851185615700605,0.000951633175004409,-0.0005477541083417781,0.0008200996647806308,-0.0002847197648711661,0.000581878260745701,500
24,shock_x_ind5,-0.0005049832847960594,0.000680576532174366,0.0007164618896564177,-0.0020072133134936354,0.0009342242471683129,-0.0017279261496545041,0.0005566128704488041,-0.001245666691611495,0.00011457119814116463,500
24,shock_x_ind6,2.013308219772668e-5,0.0005430255595555228,0.0005387804304285421,-0.0010958024967008565,0.0009698288925860297,-0.0009227828542998721,0.000860574875543512,-0.00046544531691426554,0.0005626348321928741,500
24,shock_x_ind7,0.0005193033031739856,0.00033441117259975627,0.0003522148189187518,-0.0001851922045030423,0.0012039941996878241,-6.678978131099713e-5,0.0010953406926215666,0.00018120236428655802,0.0008657926399550802,500
24,shock_x_ind8,-0.0007464074861503491,0.0005525604058704564,0.00054368086027572,-0.0017736565719003285,0.00043384628771152376,-0.001608500767801781,0.00021678158870600667,-0.0012337846802288213,-0.0002003855418190262,500
24,shock_x_ind9,0.0002175256475331831,0.0005945578661802532,0.0005960427889615919,-0.000923882046120405,0.0013873466251651582,-0.0007510183065416961,0.0012147963064353244,-0.0004064552338270393,0.0007737174085755204,500
24,shock_x_ind10,-0.0009102644814359895,0.00051317900715543,0.0005079934453198416,-0.00184321410075772,0.00019044309308870568,-0.0017046035995378203,-4.518346302389026e-5,-0.0013668157334465964,-0.00038441379069162633,500
24,shock_x_ind11,-0.0006242599038846163,0.00038408775948173106,0.00038174524639631016,-0.0014178752975560222,6.511521455375698e-5,-0.001318624590905377,-2.8796172108406797e-5,-0.000997059614206169,-0.0002906849042102595,500
24,shock_x_ind12,0.0013696396145522086,0.0011481519048983375,0.0011856888177059527,-0.0007253949255872265,0.0036197695451032604,-0.0004847929943885343,0.0033102630352399185,0.0001767282709719643,0.002604041168731443,500
24,shock_x_ind13,0.00039680053353231473,0.0005448772092836704,0.0005452141109030617,-0.0006742394241591375,0.0014562199493406754,-0.0005046387314778125,0.0013192459132580444,-7.044591493268529e-5,0.000985371602375459,500
24,shock_lag1,5.665526384496195e-5,2.4478312055047497e-5,2.8210324321582596e-5,1.0025378820698231e-5,0.00011735837299122287,1.728909054636356e-5,0.00010714932940620293,3.40025459562606e-5,8.921530049448852e-5,500
24,shock_lag2,7.0693284925652e-5,2.446438599822611e-5,2.6791352871151486e-5,2.4465555898380994e-5,0.0001279223696795224,3.0479005916393088e-5,0.00011773265050339237,4.770735094781462e-5,9.859142217705672e-5,500
24,shock_lag3,7.31124836541002e-5,2.652253773005015e-5,2.565301257526861e-5,2.659237679538814e-5,0.00012468621671405866,3.371568005467749e-5,0.00011692549108262976,4.8249705523925826e-5,9.793421352342796e-5,500
24,shock_lag4,5.245862087191507e-5,2.9796243688592113e-5,2.8989490873961527e-5,-3.0279405280287617e-6,0.00010849012553574792,4.3460619468061064e-6,9.904425508314845e-5,2.6077953667624072e-5,8.264755482699321e-5,500
24,shock_lag5,5.049395263895146e-5,3.3449329841092805e-5,3.273235320196557e-5,-1.7118015647138358e-5,0.00011500793852616621,-1.3963457614912088e-6,0.00010254827798163404,1.931444498902916e-5,8.101703802510147e-5,500
24,shock_lag6,4.460338359994936e-5,2.695102743633736e-5,2.639410360190208e-5,-6.160358458004262e-6,9.490295827670905e-5,3.175596775906221e-6,8.96233668520058e-5,2.1964087050968622e-5,7.40920139443132e-5,500
24,shock_lag7,3.381087496710512e-5,2.647680974101302e-5,2.4188047581785953e-5,-1.0571204832129036e-5,8.413064232366173e-5,-4.3419492762572705e-6,7.493511803119605e-5,1.1125226782736636e-5,5.797718203717409e-5,500
24,shock_lag8,2.6391820896923898e-5,2.3061656472262436e-5,2.210711908285051e-5,-1.1485352154752973e-5,7.34404935416038e-5,-4.1009654955803456e-6,6.78690124340096e-5,8.619264646099762e-6,5.2338046993657066e-5,500
24,shock_lag9,3.06143116230249e-5,2.2448231362784683e-5,2.3546179432169892e-5,-1.1695392843541367e-5,8.227334157092194e-5,-5.2516131407342425e-6,7.188770052273885e-5,1.2369467117606185e-5,5.561043523599559e-5,500
24,shock_lag10,2.227215237953504e-5,2.1531195621884242e-5,2.3214467835160794e-5,-2.0241662961393985e-5,7.186239747015093e-5,-1.2588778997394472e-5,6.578719798567608e-5,3.93344578215753e-6,4.9032238964271596e-5,500
24,shock_lag11,2.127691761617815e-5,1.6810451165670148e-5,2.0043276721802788e-5,-1.3587292466352677e-5,6.984865678929722e-5,-7.0619081648421e-6,5.848800174446027e-5,3.7816436548221913e-6,4.0845646912640304e-5,500
24,shock_lag12,3.437222551302694e-5,2.1190930388669344e-5,2.3277257097547605e-5,-8.872254211298e-6,7.986746769697944e-5,-4.049849700627727e-7,7.780844984885104e-5,1.2589508552078569e-5,5.5498918782380326e-5,500
24,log_oil_lag1,-0.0004116684844134777,0.0001236269310248493,0.00011706685966853122,-0.0006643648831659,-0.00020022880447897838,-0.0006204296757155294,-0.00022328761391278003,-0.0005332872182327431,-0.00031066956816245064,500
24,ffr_lag1,0.00014097137300148621,4.033007015260475e-5,3.400550197322585e-5,7.939163294581639e-5,0.00021310855986964586,8.766178375526694e-5,0.00020099536483354983,0.00010934523973213603,0.0001726562320324687,500
24,age_mean,0.0003102588797635391,8.681178707744145e-5,8.19168736014016e-5,0.0001613097245926869,0.0004810725918879738,0.00018260052803717214,0.0004508578278803437,0.00023944404974683583,0.00040096522373225536,500
24,female_share,-0.0061019619708808075,0.0028061021985275594,0.0027238314262853515,-0.01161119888407381,-0.0013150367026195427,-0.010743289289588594,-0.0019065733878427886,-0.009060484045406983,-0.003656885341145999,500
24,married_share,-0.00566798454744794,0.0019160623717716819,0.0019284899223955437,-0.009653082553956381,-0.0019403613044869973,-0.00890037766294313,-0.0024967955624120063,-0.00741157358440683,-0.0037124392138602833,500
24,hours_mean,8.649335572378898e-5,8.221138630599642e-5,8.094107122509498e-5,-6.56283265477519e-5,0.00027146746850473876,-3.734117335929753e-5,0.00022835208665752558,1.3146396018180203e-5,0.00016394836749953013,500
24,unemp_rate,0.007044348523025243,0.004330871427695352,0.0036838691130688475,-0.000730533910503084,0.013334094090160769,0.0006714600163307028,0.012652528420181615,0.0032892798991751527,0.010643153968477377,500
25,intercept,-5.210289401641249e-11,2.471871267739585e-5,2.230789060336624e-5,-4.709316744537862e-5,4.42566415990574e-5,-4.0078073362262416e-5,3.414494010398649e-5,-1.906839462561119e-5,2.234131185992796e-5,500
25,shock_x_ind1,0.00020080156052882213,0.0001630940520250251,0.00017895482434095126,-0.0001522864502472798,0.0005655983835125451,-9.070652219530205e-5,0.0004981185975220288,1.8897929625894637e-5,0.0003749902736062979,500
25,shock_x_ind2,-2.297524873682676e-5,0.0002406441447659686,0.00024265071505311035,-0.00048534303131300433,0.0005046083304655546,-0.0003974100065974529,0.00042377093225315246,-0.0002392490306079155,0.00023593802325586264,500
25,shock_x_ind3,-0.00033410476893368154,0.0006539715566996152,0.0006535214818659816,-0.001657244790079553,0.0008821381705426018,-0.001473718689088259,0.0007071814640216443,-0.0010124760128897466,0.0003074195914677241,500
25,shock_x_ind4,1.0417756433644198e-5,0.0003771398290220445,0.0003744176436519732,-0.0007144516155503875,0.0007274115802774217,-0.0005751771801906848,0.0005983340232752674,-0.0003364043892732411,0.0003970345672622852,500
25,shock_x_ind5,0.0005163510805443989,0.0006309289334836139,0.000653811007751295,-0.0007189408123674517,0.0018903321863869452,-0.0005042875697795993,0.0015857400464672276,-0.00010346753110410375,0.0011517704231872679,500
25,shock_x_ind6,-0.0005292036107333901,0.0004333781331202313,0.0004632082408246231,-0.001412083997960972,0.0003965596619482561,-0.001283020818648561,0.00022669378903583844,-0.0009983067065448545,-8.904686899884948e-5,500
25,shock_x_ind7,0.0002818343817956808,0.00040136888912723634,0.0004185797801868136,-0.0005338743698393475,0.0011028679103099533,-0.00037886968291910266,0.0009812330360839754,-0.0001188084677870666,0.0006967418231204486,500
25,shock_x_ind8,-0.0010045030850506205,0.0005408667605158704,0.0005589394473083959,-0.0020863533695725947,0.00013977383563070007,-0.001954907964523156,-2.1385564303487808e-5,-0.0015396386135810424,-0.00041523747211913545,500
25,shock_x_ind9,0.00032826275796107277,0.0006232616880929797,0.0005622212630012782,-0.0008351256702324232,0.0014686093224141462,-0.0006018903298845089,0.001245667836082187,-0.0001704672060646105,0.0009382654410545748,500
25,shock_x_ind10,-0.001458640726831962,0.0005426029576584775,0.000538674955101788,-0.0024319469253931796,-0.0003667633714673512,-0.002307855686714105,-0.0005226154374906019,-0.002026012110925089,-0.0009182835951758071,500
25,shock_x_ind11,-0.0008612867070962422,0.0003870740974512482,0.00039602596592866544,-0.0017065966299118767,-0.00015401314444917706,-0.0016010706888948576,-0.00024599560700824493,-0.0012701773206182723,-0.00048629984055615223,500
25,shock_x_ind12,0.0029588187067519168,0.0012719172554570691,0.0012184225080336094,0.0005107805571587584,0.005397937625068554,0.0009324936163138249,0.0050534464262274315,0.0017610905599637003,0.004098588655506894,500
25,shock_x_ind13,-0.0001462628644243598,0.00048357578222916575,0.00047918491956315036,-0.0009647910055598499,0.0008022639223055439,-0.0008621597314397721,0.000721678593884855,-0.0006074732039099123,0.0003705948711261769,500
25,shock_lag1,6.278199068877894e-5,2.6585379596227488e-5,3.2058140633099984e-5,1.1512339869504793e-6,0.0001377646157250355,1.5357637695169702e-5,0.00011734490209321779,3.321039337394413e-5,9.388021857383795e-5,500
25,shock_lag2,7.997839392011968e-5,2.5404826868934423e-5,2.9972683032496008e-5,2.6918832849414084e-5,0.00014346644315222122,3.386517590018877e-5,0.0001319167629929589,5.230926768112011e-5,0.00011234023140639556,500
25,shock_lag3,8.209986656547986e-5,2.711923570456746e-5,2.9251158972951785e-5,3.0508260505008017e-5,0.00014602770177403506,4.3989980711586297e-5,0.00013545223502582887,5.8313897574056315e-5,0.00011502033847947047,500
25,shock_lag4,5.714839910625976e-5,3.247568420286112e-5,3.412731413765346e-5,-8.865708978130956e-6,0.0001251903359678248,3.5996417255034314e-6,0.00011521693891040925,2.738672808521082e-5,9.517072072308722e-5,500
25,shock_lag5,5.3613172087002366e-5,3.6457685285925926e-5,3.8935254988291386e-5,-2.6096447109977086e-5,0.000126415970264919,-1.2009406449799188e-5,0.00011229809652451676,1.433855190292887e-5,8.911604119210674e-5,500
25,shock_lag6,4.526102887508366e-5,2.9981856169391724e-5,3.435908182564251e-5,-3.3654596376130934e-5,0.00010508215542336277,-2.0938913195284868e-5,9.702023240271657e-5,1.3718220447030674e-5,7.724748098112831e-5,500
25,shock_lag7,3.27455109599761e-5,2.946650510673248e-5,2.9366169781278005e-5,-2.240737625028601e-5,9.149514221521023e-5,-1.1168282786509516e-5,8.109196636590962e-5,8.084759198248296e-6,6.562485764762419e-5,500
25,shock_lag8,2.4495494242288858e-5,2.55272754663717e-5,2.695004119720009e-5,-2.8100640197456214e-5,7.764671566312373e-5,-1.926218033684401e-5,6.838903948264637e-5,1.422826356471681e-6,5.3470242533838385e-5,500
25,shock_lag9,2.8361037018881577e-5,2.4406699041251777e-5,2.5895651165925927e-5,-2.37706419424323e-5,8.260757215541464e-5,-1.0947944902210243e-5,7.289862856078847e-5,8.394412785232036e-6,5.667456623700435e-5,500
25,shock_lag10,2.2001658634202565e-5,2.3815482124071807e-5,2.6459431541736663e-5,-3.233519599093272e-5,7.311489967605054e-5,-2.403309890823596e-5,6.481115790335895e-5,-2.2431164425473035e-6,5.0213082699435016e-5,500
25,shock_lag11,2.370032962918733e-5,1.9187026134556343e-5,2.431549620726492e-5,-2.3389913570331095e-5,7.374427628184456e-5,-1.4808696638920295e-5,6.523069208375894e-5,1.1592671310787456e-6,4.811456689072665e-5,500
25,shock_lag12,3.289286179549318e-5,2.3029735955970888e-5,2.4288346598381152e-5,-1.115031917033165e-5,8.083399174492375e-5,-4.167489210933361e-6,7.675723101286392e-5,1.0765283885944774e-5,5.662225307576683e-5,500
25,log_oil_lag1,-0.0004666247247667404,0.00012501172886510107,0.00011664680222076445,-0.00069637951851829,-0.00023947680968385278,-0.0006670738175689405,-0.00027798202361518947,-0.0005812206473537803,-0.0003581475627123101,500
25,ffr_lag1,0.000162213594615948,3.968568457703404e-5,3.623222875783009e-5,9.381656923593593e-5,0.00023887813101646735,0.00010408319922887832,0.00022397266985693703,0.00012679529967086462,0.00019760233672992157,500
25,age_mean,0.0003704429720181682,8.151250342256351e-5,7.295130665588456e-5,0.0002318670142232419,0.0005154159827195173,0.00025763612403309776,0.0004947898426125837,0.00030156203649922574,0.00044000256724756255,500
25,female_share,-0.005545387457202037,0.002699738125450552,0.0027673498408551035,-0.010756699522405485,-0.00010469119624960979,-0.009638211293605222,-0.0010494963963584535,-0.008088278916062796,-0.002661016210169469,500
25,married_share,-0.005720663877292307,0.0018907947950025567,0.001931001543008427,-0.009693978565344239,-0.0023064607094724953,-0.008946961786685075,-0.00277873186973634,-0.007727601415613596,-0.0037942130787011743,500
25,hours_mean,0.00011712036324393716,8.348743890369626e-5,8.043177486447716e-5,-3.8960200006095324e-5,0.00027896306564582115,-1.3962804043859888e-5,0.0002320432723663022,2.99538566747764e-5,0.000189275274282445,500
25,unemp_rate,0.008638505387429362,0.0043219646036248525,0.0040790622137543454,0.0008574279484349812,0.01608912184592033,0.002130182542633107,0.015417546622512882,0.004581771278210281,0.012596753579924388,500
26,intercept,-2.3132306131154236e-10,2.940929411166837e-5,2.590889029340539e-5,-5.4196452592307965e-5,4.84093709819291e-5,-4.6658315267884776e-5,3.856297622222298e-5,-2.631547770953526e-5,2.366715960741463e-5,500
26,shock_x_ind1,0.0001698015883774113,0.00020047679110451398,0.00020033099983311203,-0.0002206129661792009,0.0005670469178444418,-0.00013609770933578922,0.0005166320685471977,-1.3529908276578208e-5,0.00037858683920572996,500
26,shock_x_ind2,6.539344583746797e-5,0.00023155680378802754,0.0002563864547851386,-0.00046081666577832317,0.0005404137149560595,-0.00036108692444128816,0.0004826871657392339,-0.00018203143165400766,0.00031868306759579674,500
26,shock_x_ind3,0.00014745825159927722,0.0006401973358425474,0.0006307139623892154,-0.0010936164862342657,0.0012595773171688832,-0.0009106958056799132,0.001108097040005566,-0.0005847328229878466,0.0007508203985295194,500
26,shock_x_ind4,0.00036922313456729325,0.00040319909271334354,0.0004070776355316468,-0.00038947235792133523,0.001207615320663484,-0.00028542315021563955,0.0010504926459099376,-1.652263726618982e-5,0.0007746261474826673,500
26,shock_x_ind5,2.730686695490165e-5,0.00065458041959689,0.0006561359972194593,-0.001187240820529442,0.001365875888382243,-0.001006822497399492,0.0011835411622078012,-0.0005587830849509618,0.0007546084845411042,500
26,shock_x_ind6,4.8691575675680145e-5,0.0005000191523449065,0.0005083864075212364,-0.001009842903845858,0.00108788732853878,-0.0008235109578186595,0.0008756785789692732,-0.00046754000732120014,0.000536951833338076,500
26,shock_x_ind7,0.00021736947219122812,0.0003996749469923842,0.00041605311570117926,-0.0006127526331349149,0.001020083064357532,-0.0004453319175121824,0.0009040807184366656,-0.00019937468227175807,0.0005923114486369605,500
26,shock_x_ind8,-0.0014475587716246238,0.0005598603113782164,0.0005737336625870165,-0.0025038505887540084,-0.00027967056096579496,-0.0023503150651267087,-0.0004734225245004474,-0.00197826611609982,-0.0009101554322243849,500
26,shock_x_ind9,0.00017064049101824376,0.0005482167309973611,0.0005441383062121609,-0.0009872777188727278,0.001212111061869379,-0.0008745550071721326,0.0009800830018585533,-0.0003665320908191605,0.0006957442112558746,500
26,shock_x_ind10,-0.0009793692674963457,0.0005468921899372359,0.0005427575940446805,-0.0020371292962690886,0.00010608821465085669,-0.0018379494894197013,-2.8173256828542767e-5,-0.0015030745201470763,-0.00043955345073210585,500
26,shock_x_ind11,-0.0004707434477417003,0.0003651763863295515,0.0003374241133910175,-0.001179373823138111,0.00015832906929644832,-0.0010391835451069764,8.226660799674365e-5,-0.0007686096832879544,-9.38337789271257e-5,500
26,shock_x_ind12,0.0016860163153494365,0.0010518718168883313,0.001078679463090494,-0.0002947419319901095,0.0036848056847928203,-1.3191560781278245e-5,0.003515761647276694,0.0005926183659416459,0.002796515916454588,500
26,shock_x_ind13,-0.00018326103254200988,0.0005709800272164832,0.0005876914101466021,-0.0012459296417643155,0.0010188473072514095,-0.0010847841866928865,0.0008445360897767781,-0.0007437947747148758,0.000454711229436604,500
26,shock_lag1,6.476931283955935e-5,3.506825745225257e-5,3.9086699478907106e-5,5.769972525159778e-7,0.00014854001936705734,1.287344669555264e-5,0.00013618994604616997,3.733273796100609e-5,0.00011029851941713477,500
26,shock_lag2,9.026991067372805e-5,3.270424127219226e-5,3.470286061754638e-5,3.4993198745172326e-5,0.00017021632891938684,4.675768374133816e-5,0.0001577491995692755,6.18352199567442e-5,0.00012716874077679636,500
26,shock_lag3,8.772107236227102e-5,3.558000014910488e-5,3.529309585065401e-5,1.928619524673489e-5,0.00015296005666870624,2.57043324237529e-5,0.00014532973876648354,5.343263830594353e-5,0.0001200640577958686,500
26,shock_lag4,5.575317873617399e-5,4.0465145032455446e-5,4.26966119837912e-5,-2.8532299463407353e-5,0.0001357716757517406,-1.2649487446954444e-5,0.00012536952227262067,1.2111106693651394e-5,9.828742552834874e-5,500
26,shock_lag5,4.850108634020824e-5,4.5156150707201824e-5,4.7840455491699164e-5,-6.497549015285706e-5,0.00012574439835447447,-3.8762760140491254e-5,0.00011419656516135871,-1.0357723384301027e-6,9.357136366789888e-5,500
26,shock_lag6,3.7789971502867296e-5,3.605748052625044e-5,3.982911979010101e-5,-5.328284304509254e-5,0.00010335951292931312,-3.259196720076281e-5,9.729772999728453e-5,-1.1513998609889616e-6,7.762545921614992e-5,500
26,shock_lag7,2.3282351937387106e-5,3.4786710746763854e-5,3.5772660717406685e-5,-5.6980040496521596e-5,8.366087307316508e-5,-3.932094932337828e-5,7.623202027712075e-5,-1.0482879127115717e-5,5.6426115590608846e-5,500
26,shock_lag8,1.1653217602165352e-5,2.974737691492599e-5,3.3509030277901504e-5,-5.54805508076969e-5,7.547288647404479e-5,-4.822441217096873e-5,6.347870564286808e-5,-2.164113948655241e-5,4.493339211848996e-5,500
26,shock_lag9,1.799675930648878e-5,2.8708795308734458e-5,3.192043483782544e-5,-4.310563262698093e-5,7.555782613240594e-5,-3.488597298545063e-5,6.59518302848087e-5,-1.5326099408216293e-5,5.124974750817161e-5,500
26,shock_lag10,1.5270145808368286e-5,2.793551616866018e-5,3.220368890643919e-5,-4.872295600005661e-5,8.115883873778212e-5,-3.673891595327907e-5,6.483454477730658e-5,-1.419837739009442e-5,4.682524101751748e-5,500
26,shock_lag11,1.2588670881340966e-5,2.380559369373204e-5,2.794976821435478e-5,-4.4444728433701145e-5,6.551829181491502e-5,-3.600757889007958e-5,5.685709830530651e-5,-1.4362357667227625e-5,4.192120442506953e-5,500
26,shock_lag12,2.252005917097443e-5,2.8052590817919658e-5,2.905868755726116e-5,-4.459820013588669e-5,7.411109163613459e-5,-2.9760219178496024e-5,6.660476306438195e-5,-6.404100320174978e-6,4.7867920110720004e-5,500
26,log_oil_lag1,-0.000510144843723668,0.00014841708246621124,0.0001374357998721751,-0.0007706135638850764,-0.00023034842233811225,-0.0007389364972898396,-0.0002824451348324246,-0.0006420593681538704,-0.0003833780407177235,500
26,ffr_lag1,0.00020121649577754618,3.984145476993794e-5,3.757249401693512e-5,0.00013014161010778934,0.00026944717764677996,0.00013848526361669468,0.00026128781064475235,0.0001650321574463104,0.00023883025896916937,500
26,age_mean,0.0004400226294377979,8.670253462726308e-5,8.075037904535767e-5,0.0002933322401530511,0.0006083424100851571,0.00030805936939044175,0.0005885631742361571,0.00035752008815773464,0.0005181120397258858,500
26,female_share,-0.004957353631425064,0.00312598092443906,0.003008316048782273,-0.01110592026837105,0.001282168053157665,-0.010090063730878342,5.470137156965058e-5,-0.007768773462636196,-0.0023041350006760474,500
26,married_share,-0.005694276142912371,0.0018815570702498527,0.002139947107566595,-0.010306889965363442,-0.00184112706339633,-0.009471265462187262,-0.0023369622716417297,-0.007900180095075888,-0.003764486479149432,500
26,hours_mean,0.0001381578086403453,8.288747881327975e-5,8.621646540161619e-5,-3.607395317715838e-5,0.0002935244409784969,-6.398657144989706e-6,0.0002718638906869494,5.0688999697833534e-5,0.0002214293859587323,500
26,unemp_rate,0.013101148682899376,0.004191207883068416,0.0039173536304423304,0.00563986311021575,0.02060427894817994,0.006260618413428614,0.019539779967833654,0.009015843069341676,0.016927439766228337,500
27,intercept,-3.87344898442898e-12,3.268010893100298e-5,2.9842978318276088e-5,-6.080867866044237e-5,5.840498601123853e-5,-4.803558137628317e-5,4.780962745764564e-5,-2.1450034780752957e-5,3.297847477858815e-5,500
27,shock_x_ind1,3.070748059563196e-5,0.0001800193218318375,0.00018741761855005286,-0.00033357969699836687,0.0003954423719437826,-0.0002933497725538571,0.000342316592585424,-0.00014733300528580172,0.00021809302042367687,500
27,shock_x_ind2,-9.471495868090811e-5,0.0002308384837814864,0.0002487232153077252,-0.0005331915261972643,0.00040831113920220224,-0.00046900970696633443,0.00033261943180823173,-0.00035145307806122003,0.0001551950076414488,500
27,shock_x_ind3,0.0006662216821652302,0.0006618960628048688,0.0007262422959602169,-0.0008629578792286937,0.001997143069956826,-0.0006454476002188147,0.001789086717106001,-6.551655092956273e-5,0.0013509085654247817,500
27,shock_x_ind4,0.0005834260472024506,0.0004029184704166338,0.0004075667731357814,-0.0001310525564628782,0.00142767873318538,-3.885739984499768e-5,0.0012577218268271257,0.00021133602041908508,0.0010259990751866751,500
27,shock_x_ind5,-5.0926177041537965e-5,0.0005331004358278394,0.000544249477735485,-0.001198930693638198,0.0009532191352574998,-0.000939525809568559,0.0008167522978251491,-0.0005953234655146717,0.0004719212266790588,500
27,shock_x_ind6,0.0004644184126680848,0.0005224150137467043,0.0005091392576780184,-0.0005357195890936034,0.0014740875200006938,-0.00039255606183936616,0.001322826408616549,-2.51675520997859e-5,0.0009680950522852219,500
27,shock_x_ind7,-1.145452968147368e-5,0.00040733622786814715,0.0004076395332007924,-0.0007425810629312084,0.0007733343757714182,-0.00065854959434513,0.0006586315202665158,-0.0004141595073759132,0.0003830278511314226,500
27,shock_x_ind8,-0.0008568489801140345,0.0005705361692159557,0.0005438231371208656,-0.002004569112881985,0.00016068687042983436,-0.001789196450349352,-5.8889233737118105e-5,-0.001439629842583522,-0.00036957036349783746,500
27,shock_x_ind9,-0.00020438956130867272,0.0006549065486656441,0.0005845399559533279,-0.0014656173254030088,0.0008375877310679036,-0.0012033850560058022,0.0007088816861553601,-0.0008107200004597674,0.00033825006132183976,500
27,shock_x_ind10,-0.0006877127767878309,0.000589652742353072,0.0005702323935906763,-0.001752487767878751,0.00048729586740347994,-0.0016094014534821974,0.00018619651954506159,-0.0011970112461943357,-9.913702394786439e-5,500
27,shock_x_ind11,-0.0005495972108795943,0.0003434837310461038,0.0003469703182988061,-0.001232616320568292,0.0001320379629742163,-0.0011632173414294965,-4.4244490567396654e-5,-0.0009040152700476524,-0.00021346452337793495,500
27,shock_x_ind12,0.0007008431060006382,0.001172779589251865,0.001206349300712793,-0.00152343588375274,0.0030465021680010744,-0.0011984911953998275,0.002625910721808093,-0.0005083859673942553,0.0020153185032370036,500
27,shock_x_ind13,-0.00034234337834524993,0.0005708719874666705,0.0005957936540205462,-0.001426225574533794,0.0008303339411682349,-0.0012035736988356457,0.0006969536940576442,-0.0009205652660800908,0.00028799106042172863,500
27,shock_lag1,6.041608086256215e-5,3.963416982118503e-5,4.3605430422142955e-5,-2.0317001722188007e-5,0.00013911352805803307,-5.302340139736373e-6,0.0001325949911103236,2.4931580284747197e-5,0.00010964017809277954,500
27,shock_lag2,8.984326096920885e-5,3.68605468782835e-5,4.046079214061129e-5,1.755478295845171e-5,0.00017683460639360146,2.8807939681906577e-5,0.00016164694839058106,5.6611264101917104e-5,0.00013385476584009927,500
27,shock_lag3,8.184565395058497e-5,4.002484783959159e-5,4.318511046533021e-5,2.399590603810135e-6,0.00017566836820277255,1.8907560219666176e-5,0.00015591372457481338,4.393714254897959e-5,0.00012884521980791142,500
27,shock_lag4,4.708145527438766e-5,4.588135481342418e-5,4.801804453133648e-5,-4.701755427245509e-5,0.00013314219327070423,-3.120683661480378e-5,0.00012708397146715314,3.6703459965504946e-6,9.920759002379984e-5,500
27,shock_lag5,3.46525928462047e-5,5.0539694850523445e-5,4.968153265022892e-5,-6.83663021744783e-5,0.0001268100108811283,-4.5444493499571876e-5,0.00011391710772352093,-1.4701185762074587e-5,8.644584972747984e-5,500
27,shock_lag6,2.4571389101144146e-5,4.07675769856745e-5,3.931903935770691e-5,-6.09074582724779e-5,9.08478058302705e-5,-4.722014457874374e-5,8.29301379430561e-5,-1.4449434582421844e-5,6.374981679903951e-5,500
27,shock_lag7,4.091416482730105e-6,3.972869335587599e-5,3.759047600209174e-5,-7.697119427039242e-5,7.456504254801612e-5,-6.419756335449067e-5,6.448025717676634e-5,-2.9201573814914076e-5,4.37853476770838e-5,500
27,shock_lag8,2.0239292697543263e-7,3.371369648644271e-5,3.417340680750504e-5,-6.57235313071804e-5,6.87883343019849e-5,-4.9358252560261615e-5,5.5387143900322434e-5,-3.196333128472963e-5,3.6699926534106256e-5,500
27,shock_lag9,1.0822104581027797e-5,3.394882320848737e-5,3.5949884215425174e-5,-5.22583259842572e-5,8.724818191141233e-5,-4.076464506353867e-5,7.493150567656048e-5,-2.0087751137908538e-5,5.1488561341057695e-5,500
27,shock_lag10,-6.126063531619827e-6,3.2350919127882826e-5,3.730108481946846e-5,-7.715344227978574e-5,6.580421959775969e-5,-6.436541372847398e-5,5.581165066082702e-5,-3.797070263124656e-5,3.161611200537234e-5,500
27,shock_lag11,-3.0920317980194455e-6,2.9983227557761284e-5,3.6459268906635536e-5,-7.487319976519106e-5,6.916345744650517e-5,-6.207333761269923e-5,5.5602010679226553e-5,-3.613286987310871e-5,3.530397609650795e-5,500
27,shock_lag12,1.9044532756710905e-5,3.2128078571532426e-5,3.4912159766435474e-5,-5.3061073313204044e-5,8.483255652363817e-5,-3.362294236486639e-5,7.659814428713147e-5,-1.0629392923415373e-5,5.78876522008121e-5,500
27,log_oil_lag1,-0.0005077703608786152,0.00016356338036201077,0.00014263805515198075,-0.000801551725038285,-0.00025432727344342984,-0.0007510361057025147,-0.00029271331814265605,-0.000665844598117826,-0.0003682316436862942,500
27,ffr_lag1,0.00022268043480647842,3.871508527797027e-5,3.5970899328860585e-5,0.00015721305263450387,0.000302770935906094,0.00016849904623383017,0.0002888153759622905,0.00018837449777520405,0.00026012933039722705,500
27,age_mean,0.0004763175616310609,9.242325830896204e-5,8.255919312772778e-5,0.00034309831412047823,0.0006392741946470151,0.00035877587599784466,0.0006234086852730357,0.0004002334877938252,0.0005719355940756746,500
27,female_share,-0.004650525582945073,0.0032563790602881952,0.0030199511264444733,-0.010557885925336458,0.0009430098184337581,-0.00971276402993518,0.0002527447424304014,-0.007705071766090829,-0.0018747792041885892,500
27,married_share,-0.004249831491985195,0.0018696780401378727,0.0020535716291941574,-0.008269713984527746,-0.00015494848248572135,-0.007518138715333451,-0.0010218527279787636,-0.006288350477254831,-0.002195355839479343,500
27,hours_mean,0.00014577228240690736,8.831173091004393e-5,8.577661823417281e-5,-1.4009908399783007e-5,0.0003173885705517316,2.278082758372513e-6,0.00027699842654399867,6.630762326355805e-5,0.00022864989579315866,500
27,unemp_rate,0.016493024983475237,0.004076884702575391,0.003823535538966936,0.009008196055367838,0.02398972415198415,0.010392654870418235,0.02327905573486121,0.013344263437052861,0.02072616488152971,500
28,intercept,8.97428762039985e-11,4.124423226653876e-5,3.673974487425977e-5,-7.336938063109451e-5,6.740515240140116e-5,-5.9998563167467965e-5,6.093268389110587e-5,-3.110193603085021e-5,4.0765681352503274e-5,500
28,shock_x_ind1,7.153000261718072e-5,0.0002228934393303343,0.00021770272849463152,-0.0003667575648826232,0.0005120313478014741,-0.00030080951177026557,0.000414562522448149,-0.00013586301311331107,0.0002890827604303763,500
28,shock_x_ind2,8.23215345325989e-6,0.0002234958146957449,0.00022605184377874063,-0.00041489539887161974,0.0004419280076339141,-0.0003451534344019395,0.00037696739977307567,-0.00020419216947373465,0.00022928175805225607,500
28,shock_x_ind3,0.000586672078607495,0.0007238037030585903,0.000710518048518287,-0.0008622811545782523,0.0018352088420023327,-0.0006482992596969453,0.0016867409478282355,-0.00016262302301725288,0.0012701026958400672,500
28,shock_x_ind4,-5.0308247192627485e-5,0.00040871041388907927,0.00041375596100696435,-0.0008345066794554041,0.0008233735681379644,-0.0007095459864465835,0.0006191780842036727,-0.00043304679831451473,0.00037377577215419385,500
28,shock_x_ind5,5.6220139542894465e-5,0.0005680073743734517,0.0006143804611968629,-0.0011438928021727623,0.0012563804608680077,-0.0009378380113005348,0.001040273229895908,-0.0005506530028110886,0.0006727090142315435,500
28,shock_x_ind6,-0.0002621088156740158,0.00046814606276559796,0.00045731491398182935,-0.0011452948528014675,0.0005961522705055374,-0.0010352620296451408,0.0005068476584771995,-0.0007455170824715173,0.00017027289628382086,500
28,shock_x_ind7,0.00018439890565052872,0.0004557590281816825,0.0004243791559998109,-0.0006369667686450186,0.0010290076588676156,-0.0004697177683527626,0.0009130356425434796,-0.00020830149898376578,0.0006547356792668364,500
28,shock_x_ind8,-0.00025972645882878643,0.0005595640238955357,0.0005467027868706425,-0.0013338755245654805,0.0008316687496713441,-0.001168296501083399,0.0006302458723805144,-0.0007873481635148137,0.00025539930631027745,500
28,shock_x_ind9,-0.00108484407871563,0.000507236567993026,0.0005193172668440197,-0.0020965066292244205,-0.00012696405471745035,-0.0019019385832042242,-0.00023485338808425476,-0.0016418202810179025,-0.0005466953012647457,500
28,shock_x_ind10,-0.0010878837769158257,0.000518144045623183,0.0005393667972002548,-0.0021365158868885143,-1.257143772940857e-5,-0.0019889946046163292,-0.0002009179688921039,-0.0016257135690434217,-0.0005082042909200249,500
28,shock_x_ind11,-0.0006571034445409307,0.00038083741866735835,0.0003395441450711061,-0.0012676281281637542,2.7900631561005378e-5,-0.0011558402296423013,-7.595046919708557e-5,-0.0009700239241464148,-0.0003312153651494302,500
28,shock_x_ind12,0.0019991928424059166,0.0011704146172016152,0.001087290724290114,-9.606374811528694e-5,0.0040155081793454075,0.0001241219095917615,0.003678249806149638,0.0009509887829684605,0.003100957185201135,500
28,shock_x_ind13,-1.1228064828883125e-6,0.0004925130158142209,0.0005389604150157711,-0.0009145750781435618,0.0010936483848360092,-0.0008172131631957844,0.0009429547657665805,-0.0005364875704918046,0.0005715376391097671,500
28,shock_lag1,6.663427725963616e-5,4.852453366642184e-5,5.2008422851765376e-5,-1.882702008103609e-5,0.0001823868794065864,-6.568324073332132e-6,0.0001586485708199057,2.298873523580798e-5,0.00012315594471694032,500
28,shock_lag2,0.00010365450918304736,4.543852936455181e-5,4.836977596808871e-5,2.0349843701249792e-5,0.0002086508156219681,3.321749404204099e-5,0.00019724446140219248,6.658803001251086e-5,0.0001563062076403797,500
28,shock_lag3,9.095939714942506e-5,5.031676939892352e-5,5.366630417748047e-5,-5.25208200005643e-7,0.00019188167571090084,1.1890113510917413e-5,0.0001826100700291324,4.094135890861993e-5,0.0001501191231295414,500
28,shock_lag4,4.796274279748813e-5,5.656530490789156e-5,6.195814794251272e-5,-6.573585358980052e-5,0.00016848450973935017,-4.762079137950062e-5,0.00014923703166477237,-9.53297003531829e-6,0.00011361846475114728,500
28,shock_lag5,3.196593432828556e-5,6.178149897150883e-5,6.5571806904807e-5,-0.00010304029009354282,0.00015368328841434595,-8.057471460513348e-5,0.00013848233629519297,-3.0163170797595758e-5,9.761617314560734e-5,500
28,shock_lag6,1.7510700399203885e-5,5.007332754542462e-5,5.363076317262413e-5,-9.218847882536765e-5,0.00011491867016269177,-7.598320847557908e-5,9.623612241719916e-5,-4.1743727196525344e-5,6.777364384996041e-5,500
28,shock_lag7,-3.4039041067676914e-6,4.870536589343607e-5,5.012603069470186e-5,-9.801207754943047e-5,9.927102666837749e-5,-8.785249761076894e-5,7.88194382000003e-5,-5.186921460162414e-5,4.7234610184378856e-5,500
28,shock_lag8,-5.292045637106403e-6,4.283183237412811e-5,4.748468216410803e-5,-9.818389679248387e-5,8.52878825143134e-5,-8.529252999074767e-5,7.442525956642118e-5,-4.958425140391086e-5,4.089321414677897e-5,500
28,shock_lag9,-3.666461513440365e-6,4.275498028785348e-5,4.807743187568669e-5,-9.604742797529898e-5,9.273567368147803e-5,-8.321077770122892e-5,7.482459402537553e-5,-4.8968386876691716e-5,4.9379462975947066e-5,500
28,shock_lag10,-1.948828143203105e-5,4.0524506663487045e-5,4.572658187053017e-5,-0.0001027194061667933,7.011239970302734e-5,-8.993702788290476e-5,5.493899405919189e-5,-6.239505935210441e-5,2.8235169964909534e-5,500
28,shock_lag11,-6.433746605866206e-6,3.9764163124283294e-5,4.6456771676855984e-5,-0.00010269720683829016,9.01043626573312e-5,-7.98441006045692e-5,7.580836037481438e-5,-4.734163815860446e-5,3.821066488439395e-5,500
28,shock_lag12,1.3909082538949225e-5,4.071789754736009e-5,4.915115498964347e-5,-8.306977984079117e-5,0.00012057309946013553,-6.260605840574606e-5,0.00010371020334671414,-3.0365448497221168e-5,6.235212532247458e-5,500
28,log_oil_lag1,-0.000581876918759859,0.00019479025560728555,0.0001806439308967108,-0.0009683261907152598,-0.0002524471704829711,-0.0009001612043605295,-0.0002899047565113337,-0.0007864060896844801,-0.0004273146071847924,500
28,ffr_lag1,0.0002737373973206951,3.76853433650439e-5,3.717825932720754e-5,0.00021188887556094967,0.0003493911666250709,0.00022072342628355675,0.00034282807374978513,0.00024328391227276304,0.0003206696139938511,500
28,age_mean,0.0005727888773303332,9.789405162824249e-5,9.232194356556327e-5,0.00042518730998186607,0.0007741645916600512,0.0004492158250940059,0.0007531506901049422,0.00049488195688467,0.0006871308046852503,500
28,female_share,-0.00412937054576148,0.0032300889088760867,0.0031096961622107742,-0.010399626493155182,0.0014002539563269171,-0.009457617140290591,0.0009190470070815072,-0.006942954874258486,-0.001109592982561035,500
28,married_share,-0.00458793582488744,0.0019833489803904145,0.002255347480322974,-0.009341717915593063,-0.00029709558920367667,-0.008493981884433262,-0.0009665751283764767,-0.006801564092340284,-0.0024238530826202567,500
28,hours_mean,0.00016041497517463578,8.139045058469392e-5,7.968347045319973e-5,4.340360754916164e-6,0.0003088804749748486,2.370727107231511e-5,0.000279061067000983,8.06690554009885e-5,0.00023795945061869778,500
28,unemp_rate,0.021701288913931752,0.0037518890454914665,0.0036249844908541654,0.01612636461174912,0.030147466294611527,0.016966701293203768,0.028714391061034874,0.01925593908832583,0.02612206667872294,500
29,intercept,8.194590246216384e-12,4.3939870846996796e-5,3.790015710778474e-5,-7.110383800417792e-5,7.925422773754555e-5,-5.535035060804492e-5,6.290727579503691e-5,-3.276326825566464e-5,3.8617719024941915e-5,500
29,shock_x_ind1,-9.629083244134365e-5,0.00020718121891273353,0.0002204630740014476,-0.0004937978806701987,0.00038042455645340395,-0.0004428510246067116,0.00029020978117084387,-0.0003136132613149283,0.00012287128467570245,500
29,shock_x_ind2,2.2147995950971972e-5,0.00023745294442553957,0.00023356503985470773,-0.0004382699470175848,0.00045511523969490994,-0.00037117859509142465,0.00040200869337845657,-0.00019090350371788405,0.0002573873534385437,500
29,shock_x_ind3,0.00022466056564529553,0.0007235000742172589,0.0007318503450788123,-0.0013057979606359992,0.0016581226873354149,-0.001087254383401407,0.0013296601702021472,-0.0004914638793856536,0.0009531138802460302,500
29,shock_x_ind4,0.0003053897751675984,0.00035441261175899526,0.00034759927887237645,-0.00038701300486443943,0.0009523601337954671,-0.0002523095870277513,0.0008773426269644926,-2.5643299377909214e-5,0.0006550281072440342,500
29,shock_x_ind5,-0.0009074613587049562,0.0006328512338899216,0.0006568659243464908,-0.0022215426554464835,0.00040101277159808985,-0.001940274305264766,0.00010244815595921083,-0.0016079295905386723,-0.0002470118695201507,500
29,shock_x_ind6,0.0005204042410443657,0.0005537375060653629,0.0005338203735645832,-0.0004439516247679227,0.0015879186160416953,-0.0003128435449844797,0.001429115305402128,-2.1745645251348835e-5,0.0010677994960837582,500
29,shock_x_ind7,0.00029616794154987486,0.0003879491106292446,0.00041647677714033086,-0.0004859079954378396,0.0011108700311266008,-0.0003649164163850565,0.0010326619480119888,-8.306088605991626e-5,0.0007503703675229846,500
29,shock_x_ind8,-0.0010993366147370167,0.00048112841988923465,0.0005024442653818225,-0.0020376930929209107,-0.00012287828993432515,-0.0018776212060387116,-0.00020475034591994247,-0.0015928198597240254,-0.0005851828822628568,500
29,shock_x_ind9,-5.8630220576157734e-5,0.0005294407948804223,0.0005758292021644008,-0.0011420837644354567,0.0010875204507251788,-0.0009557966810242081,0.0009279595897547204,-0.0006141284166553629,0.0006006393995131634,500
29,shock_x_ind10,-0.0014122790269227954,0.0005452489445716057,0.0005729722935363289,-0.0025990166122689855,-0.00033067489825745343,-0.0023563667763797664,-0.00046520734827632757,-0.00201002455796695,-0.0008680777393076665,500
29,shock_x_ind11,-0.0010099610536044505,0.0003325879656340519,0.0003187865703114921,-0.0016547769083609292,-0.00040947145455508905,-0.0015722691311432346,-0.0004882927446640631,-0.00133523948178938,-0.000706606370636067,500
29,shock_x_ind12,0.002315603064522988,0.0012467630953640159,0.0012241895492452002,-1.6622885919095744e-5,0.0046665569038613665,0.0002983458776244354,0.004378023837318786,0.0010557555090404827,0.0035624790912207774,500
29,shock_x_ind13,0.0002486110651799404,0.0005611551308048717,0.0005801711134973281,-0.0008606669272175388,0.00142397944362001,-0.0006948537315870682,0.001165437688735007,-0.0002997156600123748,0.0008681827039336649,500
29,shock_lag1,5.7427624868660976e-5,5.070476253421171e-5,5.3477208194886715e-5,-2.8217081971386446e-5,0.00018550220029299512,-1.5650173557613276e-5,0.00016360450157219903,1.56804222200626e-5,0.0001226029690929138,500
29,shock_lag2,9.473673075485818e-5,4.908356463157891e-5,5.053628196338239e-5,1.2905253500111992e-5,0.0002048380738536726,2.1725081454913418e-5,0.00018347959633983475,5.1241459127392104e-5,0.00014924481717158152,500
29,shock_lag3,7.997953114819176e-5,5.187066980405801e-5,5.331598860486921e-5,-2.182391226383443e-5,0.00018650868726050992,-4.440936497921424e-6,0.00016762064726614847,2.463881356472264e-5,0.00013356815927261716,500
29,shock_lag4,3.8671250289731645e-5,5.727116671786786e-5,6.182615090293727e-5,-8.270668277057902e-5,0.00016970986007961504,-6.13582535812141e-5,0.0001351247881781796,-1.7250063991224184e-5,9.85546187985084e-5,500
29,shock_lag5,1.523226275109815e-5,6.15184167601165e-5,6.110665139611667e-5,-0.00011186798072944251,0.000123251359224297,-8.338735277741646e-5,0.00010874628752190901,-4.26983859702002e-5,7.505267493255711e-5,500
29,shock_lag6,1.126056389250634e-5,5.1190405308867024e-5,5.3750174153922544e-5,-0.00011358158086557996,0.00010172772714281625,-7.912634839299119e-5,8.877722178096299e-5,-3.839347474473828e-5,6.293188755855191e-5,500
29,shock_lag7,-6.790859966683943e-6,5.137659999225973e-5,5.266092424397904e-5,-0.00011186483092203215,9.612362497244863e-5,-9.607273235672728e-5,8.04719486731405e-5,-5.5775249292489315e-5,4.55566387265201e-5,500
29,shock_lag8,-2.26672826489978e-5,4.436972184639622e-5,4.9286355160384326e-5,-0.00012596781207344966,6.861051004846717e-5,-0.00010197926915598666,4.9991340617550613e-5,-7.178557158808804e-5,2.9176434147461803e-5,500
29,shock_lag9,-1.9324362702392212e-5,4.7090847408241666e-5,5.200480935810283e-5,-0.00012393501786043387,8.167694536279236e-5,-0.00010247614667332752,6.60386555043031e-5,-6.591034923014792e-5,3.477742898670079e-5,500
29,shock_lag10,-2.012595269106736e-5,4.409327660725148e-5,4.908572066033933e-5,-0.00011910665385438007,7.719234460237931e-5,-0.00010103741342671504,6.310480076360184e-5,-6.58583540387124e-5,2.576538709978565e-5,500
29,shock_lag11,-1.505022970679303e-5,4.401240363089393e-5,5.0255539887787884e-5,-0.00011814802011361002,8.200088824994106e-5,-9.919876152567395e-5,5.93517822587228e-5,-6.408793027969666e-5,3.327205161689796e-5,500
29,shock_lag12,5.797699325636368e-6,4.459054592408003e-5,5.0050080982356675e-5,-9.631471598952956e-5,9.980535946287883e-5,-7.887251758942693e-5,8.604303365366608e-5,-4.944789418735928e-5,4.9430523121828576e-5,500
29,log_oil_lag1,-0.0005430141341260648,0.00019087685641093087,0.0001783182796662853,-0.0009006109309185658,-0.0001912791377263487,-0.0008514150131734075,-0.0002647118596975955,-0.0007350806600085345,-0.00039497192174093465,500
29,ffr_lag1,0.0002823325634907849,4.02112326691411e-5,3.5981712215043153e-5,0.00022325917965073413,0.00036309098127780353,0.0002312202514281127,0.0003465752107577954,0.00025293615557776025,0.0003236551955572255,500
29,age_mean,0.0005479250188673238,9.930837112753314e-5,8.89315847682417e-5,0.00039107539168209274,0.0007224506747596628,0.00042306251718563615,0.0007013731133107965,0.0004733089356698171,0.0006468283292853823,500
29,female_share,-0.006834902683012573,0.0032187887332682918,0.003218025927712673,-0.013395864371250493,-0.0005443188989748883,-0.012584317594044268,-0.0017250209343227505,-0.009937000552101609,-0.004064002136254064,500
29,married_share,-0.0036237755531212086,0.002117869014750462,0.0021201710773502544,-0.007754814308479586,-3.779130342028033e-5,-0.007245153643170615,-0.00041040427767481094,-0.006036883987545557,-0.0017231101912441957,500
29,hours_mean,0.00013837883447073574,8.901464208783818e-5,8.383293970069274e-5,-4.716575017182974e-5,0.00029076333461056645,-2.0885682667165253e-5,0.0002716997919818742,5.135630095125871e-5,0.00020932017962754427,500
29,unemp_rate,0.024068048429464358,0.0036847037248135513,0.0036441722534646457,0.018275364059417397,0.03219371027752922,0.01933846517378805,0.031155274757686226,0.02147893200613167,0.028258137701766183,500
30,intercept,-1.5259751466570903e-10,4.768520149178319e-5,4.49758877044655e-5,-8.989830894500029e-5,9.73569461004138e-5,-6.754211720304101e-5,8.135960745491447e-5,-3.653434065061005e-5,4.836000408280437e-5,500
30,shock_x_ind1,-8.317245586218145e-5,0.00017679251696327793,0.00018211015216672389,-0.0003964313882968498,0.0002989179777269734,-0.0003499551358276219,0.00024842912639417837,-0.0002487269275694673,0.00011887720881718213,500
30,shock_x_ind2,-0.00012798778719699211,0.0002496652285753102,0.00027036549892242367,-0.0006839758444859278,0.0004308061443557533,-0.000572686816231725,0.00032480416800003493,-0.00035184254836966234,0.0001503696159978307,500
30,shock_x_ind3,0.0001827390743552271,0.000630358436983562,0.0006394301891285069,-0.0010108018269682866,0.0014491985126748208,-0.000847846151431195,0.001335337215652711,-0.00040314761897154364,0.0008604489800912341,500
30,shock_x_ind4,0.00013137947448831137,0.0004270247324640991,0.0004342886558321428,-0.0006974899453520008,0.0009686978155605173,-0.0005488962847611091,0.0008168077358077385,-0.00033108159599437527,0.0005280890170433433,500
30,shock_x_ind5,0.0003479226004384466,0.0005798723256617644,0.0006986672216349818,-0.0009743228337741219,0.0017382489613732852,-0.0008174792571119775,0.0015473397309935133,-0.00025012351211001427,0.0010923593469782996,500
30,shock_x_ind6,-0.0003430330414364323,0.0005195991357105863,0.0004820199626484476,-0.0012371482045725512,0.0005829641480299718,-0.001158050455648998,0.00041564711269090885,-0.0008158577218058604,0.00010766693970934382,500
30,shock_x_ind7,-0.00021298189757649712,0.0004181525930595269,0.00041891756367111205,-0.0010368229595267237,0.0006149764047240891,-0.0009091472500748587,0.00044478713953544357,-0.0006050709263393406,0.0001662252797375419,500
30,shock_x_ind8,-0.00014881469450447253,0.0004961926800726027,0.0004970198915301589,-0.0011608284602212496,0.000801457033018561,-0.0009629880798766785,0.0006278562752418253,-0.0006165451371023147,0.00031950384082441726,500
30,shock_x_ind9,-0.0009236471871955982,0.0005966397968228866,0.0005742885926166622,-0.002040269364708246,0.00020563196460453555,-0.0018879952185998127,-1.0503759492324938e-5,-0.0014933895494472704,-0.0003413167957143821,500
30,shock_x_ind10,-0.0005586436545040017,0.0005137947503205299,0.0005211534754191542,-0.0015764864676439025,0.0004594434285628991,-0.0013841921575317739,0.0003197636942274556,-0.0010590294760169329,-5.0787116328748275e-6,500
30,shock_x_ind11,-0.0008122139126975226,0.00035900336351450977,0.0003514032187563137,-0.0015486576692529043,-0.0001716504089815109,-0.0014229610694323274,-0.000276829708921287,-0.0011408068840120878,-0.00046961564607304353,500
30,shock_x_ind12,0.0015322508058552458,0.0012413151170749593,0.001154623071908882,-0.0008651053926278063,0.003711278452439375,-0.00044951349854839616,0.003319260701974491,0.0003695335167902601,0.002616882898120615,500
30,shock_x_ind13,0.00033694578719585,0.0005235960679770942,0.0004960620957067335,-0.0006374105920723217,0.0013130744473347149,-0.00047953220936826043,0.0011930163142404322,-0.00012181124007140369,0.0008273276358347155,500
30,shock_lag1,6.485885131875791e-5,5.561668295234263e-5,6.439654166502446e-5,-5.2277558383178685e-5,0.00019384262822001687,-2.6299095643601786e-5,0.00017446007706250263,1.7967313251932415e-5,0.0001403357229971689,500
30,shock_lag2,0.00010548570094961772,5.356541906578392e-5,5.779449322305508e-5,-9.531154450571724e-7,0.0002241303872261163,1.4379055272057558e-5,0.00020416938747547987,5.680568641433151e-5,0.00017000815924798646,500
30,shock_lag3,9.04539966984533e-5,5.7563395668606377e-5,6.147381675792754e-5,-2.100809666559864e-5,0.00021344684344450085,-4.284316066701278e-6,0.00019242976491410014,3.588619252663486e-5,0.00015928434456451956,500
30,shock_lag4,4.540360849619864e-5,6.265109873170221e-5,6.799671458092272e-5,-9.096567153175937e-5,0.00018139750095211095,-6.345996809640829e-5,0.00016238534568093936,-1.0736532130454538e-5,0.00012262459197687922,500
30,shock_lag5,2.266260594783782e-5,6.801357739238658e-5,7.040879639561166e-5,-0.00010797625532595845,0.00015584234984490245,-8.990673473561763e-5,0.0001395856514101704,-4.116953056374503e-5,0.00010199777006394267,500
30,shock_lag6,1.8485200258287566e-5,5.875652964114644e-5,6.216571942620399e-5,-0.00011012276036340906,0.00013663240808592972,-8.010278749564384e-5,0.0001186380622194623,-3.925492788477326e-5,8.254774332947026e-5,500
30,shock_lag7,-7.849875801723179e-6,5.506002152143152e-5,5.681291649916927e-5,-0.00011702278519392264,0.00011425204352062004,-9.825130450557183e-5,9.273788336100307e-5,-6.110786079190498e-5,5.3431440464659724e-5,500
30,shock_lag8,-2.674160373974424e-5,4.811571628364652e-5,5.452103591200549e-5,-0.00013515263433976364,7.574349137368578e-5,-0.00011911889811320335,6.339113219952318e-5,-8.129225323766877e-5,2.844379809675369e-5,500
30,shock_lag9,-1.8043228392452123e-5,5.158273287539554e-5,5.776715744716956e-5,-0.00012814686399327036,9.036073916149347e-5,-0.00010941794989688154,7.792727045792135e-5,-7.383225366993207e-5,4.2499594852751035e-5,500
30,shock_lag10,-1.7914346361344968e-5,4.744065467894219e-5,5.589962849299898e-5,-0.00012501717683645826,8.943958102417903e-5,-0.00011031576439850964,7.052187326977527e-5,-7.59223722814884e-5,3.429239116332933e-5,500
30,shock_lag11,-9.91496441830983e-6,4.8147532863709556e-5,5.3181007184333563e-5,-0.00012607098667014927,8.65206711426533e-5,-9.988856231327872e-5,7.46644898127897e-5,-6.658725258652504e-5,3.678007344122754e-5,500
30,shock_lag12,9.467582857939668e-6,4.704679917197177e-5,5.2968831533633974e-5,-0.00010113758883855983,0.00010792743805761394,-8.44853309559708e-5,8.946571220438791e-5,-4.399414126806601e-5,5.688060075054101e-5,500
30,log_oil_lag1,-0.0006196595928363985,0.0002223276882050091,0.00020412921501149545,-0.0010651547083202059,-0.00028427864591780937,-0.0010054830511662823,-0.00033989259960888235,-0.000855321520151554,-0.00046143579051052065,500
30,ffr_lag1,0.00030963582870741974,4.0934225576450326e-5,3.939802017058446e-5,0.00024326837839141053,0.0003946992164124124,0.0002565746463592625,0.00038121783318582274,0.0002755675089297907,0.00035389385382284243,500
30,age_mean,0.0006318281162488768,0.00011443328589984034,0.00010292853482939048,0.00047172801681749676,0.0008509178248178176,0.0004878764254535875,0.0008218279929497454,0.0005507970931413012,0.0007568109304862279,500
30,female_share,-0.005934437243309625,0.003317911688996905,0.0031177213356996577,-0.012496050674510754,-0.00013993514072743615,-0.011302470904207551,-0.0008575532292480054,-0.009115085953895643,-0.002991445002656308,500
30,married_share,-0.003564029733687471,0.0022026727450911825,0.0022999776045223106,-0.008782313352135262,0.0003503283181156802,-0.007924376111969169,-0.00020573710606093822,-0.006226101553008935,-0.0016925359648695697,500
30,hours_mean,0.00011197515766758611,9.01716051336138e-5,9.008082142661292e-5,-6.822087196037751e-5,0.00027898647605325856,-3.9202525593361126e-5,0.0002563399354586929,2.5149241173777383e-5,0.000199206840979144,500
30,unemp_rate,0.025047969136921096,0.0038809066872676264,0.003936497656090919,0.01915052619656362,0.03407361590440809,0.01989018093821134,0.03293732503446176,0.02232147554821627,0.030022159459822863,500
31,intercept,-7.168134490400802e-10,4.641120165747412e-5,4.005474599990979e-5,-8.021669813676116e-5,8.009299914893329e-5,-6.385284438984704e-5,7.101215082914326e-5,-3.228613385860705e-5,4.6995912345857235e-5,500
31,shock_x_ind1,-0.00021607444520275616,0.00015524573374819914,0.00015824305220298482,-0.0005021589973712909,0.0001460931122812574,-0.00045137036127181117,7.44146278913671e-5,-0.00034949685824812164,-4.682503147603586e-5,500
31,shock_x_ind2,-7.70925311150996e-5,0.00023310725199352067,0.0002489878590675714,-0.0004969815311123891,0.00044186347121315185,-0.00045784652294491565,0.0003290128657811089,-0.00031694479301235,0.00018931284466487352,500
31,shock_x_ind3,-0.00033769245902134503,0.0007958193120021133,0.0007788430990237242,-0.0018949442951468921,0.0012982641695313845,-0.001620780526035625,0.00092841948213718,-0.0011324466661820922,0.0004122478171531576,500
31,shock_x_ind4,0.00031814993784485683,0.00037272662225894737,0.0004079660209765869,-0.00040655230010573174,0.0011288902082130675,-0.0002961647045964201,0.0010176623991371956,-4.503109845386619e-5,0.0007656282977364943,500
31,shock_x_ind5,0.0003954961449592862,0.0006476721447005393,0.0007144696882476193,-0.0011162368313834886,0.001750437505950186,-0.0008493004985448562,0.001455184589819922,-0.0003385303240518807,0.0010406078327052284,500
31,shock_x_ind6,-5.288101522481587e-7,0.0005227482820082211,0.0005209106657313369,-0.0010843953109705784,0.0009799399775602953,-0.0008963240502536299,0.0008218058614565766,-0.0005402067744365441,0.0005194786449149001,500
31,shock_x_ind7,-0.00030821175067922263,0.0004206656894274802,0.000387577790808627,-0.0011222169085058705,0.00039536593070974935,-0.0009626482629979516,0.0002779496448734557,-0.0006671678643035134,7.92745309661777e-5,500
31,shock_x_ind8,-0.001029820244433784,0.00048788677291556926,0.00048635043640968007,-0.0019238441333281908,-2.741637515424817e-5,-0.001808379055240726,-0.00018269681726141554,-0.0014979604775009624,-0.0005668816803696522,500
31,shock_x_ind9,0.000212652699856924,0.0005640039453132903,0.0005616811266024157,-0.000972293699906975,0.0012937817875070439,-0.000756418476701424,0.0011040980373479984,-0.000318197823909162,0.0007760771766265181,500
31,shock_x_ind10,-0.0008873298548450174,0.0005943467124194697,0.0006117125342693648,-0.0020966899808610062,0.00027452767137418975,-0.0019452422650745008,0.00012930703712137737,-0.001474329694785955,-0.00030738431686853066,500
31,shock_x_ind11,-0.0008215067756406504,0.0003552431254877794,0.0003572310305719612,-0.0015683726864662753,-0.00013940815007084284,-0.0014113169079619807,-0.00024924102156433645,-0.0011917495501464373,-0.0004692232859544187,500
31,shock_x_ind12,0.002432411953855509,0.0012049950312134595,0.0011657459001894275,0.00016366109576262394,0.0045810670395761265,0.0005627755270066012,0.004359005647320167,0.001253938251022306,0.0036495105639602256,500
31,shock_x_ind13,-0.000317796156510473,0.0005556064485400516,0.0005846413261645454,-0.0013923217908729897,0.0008906568442593511,-0.0011837572775257523,0.0006745990747419328,-0.0009070245709152388,0.0002909914159852511,500
31,shock_lag1,6.807095152566324e-5,5.42564977652298e-5,6.0351413738521245e-5,-4.393256947561628e-5,0.00020061553518117722,-1.747945776815023e-5,0.00018009522134737862,2.4494393897485782e-5,0.00013706233872180594,500
31,shock_lag2,0.00010887338886963094,5.17843714299303e-5,5.7742304763033735e-5,8.425896649890947e-6,0.00024736388651448824,2.984423477686825e-5,0.00021592134655590932,6.251522241446145e-5,0.00017264131899025995,500
31,shock_lag3,9.115901726685828e-5,5.474079005247601e-5,5.641580034331264e-5,-1.0255288892909426e-5,0.000216829417660096,7.14074535263568e-6,0.00018637982852771475,3.9036474300957135e-5,0.00014705334361703832,500
31,shock_lag4,5.667775793301698e-5,6.0264384303006983e-5,6.451020999366726e-5,-6.720582636979916e-5,0.00017749504859984678,-4.632562919672364e-5,0.00016251645088313972,-5.933204804682324e-6,0.00012388762498716154,500
31,shock_lag5,4.346389853705991e-5,6.61339202335135e-5,6.933563873250601e-5,-9.401061187151345e-5,0.0001732558955891935,-7.800914848802012e-5,0.00015115847186406223,-3.549873964663184e-5,0.00011054229691435165,500
31,shock_lag6,1.7153278234632165e-5,5.6759345256258075e-5,6.105264644477222e-5,-0.00012240349656634136,0.00012563630631206663,-9.327936817209544e-5,0.0001055204431165361,-4.852084732244463e-5,7.035612544034775e-5,500
31,shock_lag7,-3.9115460034635064e-6,5.350655218477176e-5,5.493457521221625e-5,-0.00010970002288844625,9.578607144348539e-5,-9.186073224331236e-5,8.447072526300751e-5,-5.8815874763885675e-5,5.292030641043674e-5,500
31,shock_lag8,-1.3275368616714847e-5,4.491541595632276e-5,5.2251200817092574e-5,-0.00010921422945395653,9.304030699778626e-5,-9.575103773837477e-5,8.315282695885027e-5,-6.212046017775244e-5,3.8282125975677485e-5,500
31,shock_lag9,-9.359268365755651e-6,4.783024226432513e-5,5.2902099659031566e-5,-0.00010936596019071331,0.00010084643233695521,-9.53136603516066e-5,8.8065950954358e-5,-5.196335018714086e-5,4.625835529689874e-5,500
31,shock_lag10,-8.528407645976066e-6,4.415483329759256e-5,5.038734872412303e-5,-0.0001103456634907856,8.996551286477117e-5,-8.736793269634353e-5,7.659634325473766e-5,-5.4822116988256916e-5,4.145440467506863e-5,500
31,shock_lag11,5.613461949937479e-7,4.491207604386078e-5,5.112311607528303e-5,-9.827119807218133e-5,9.568205945067524e-5,-8.292990358216552e-5,8.659631540448872e-5,-4.267552217147411e-5,5.330787130397763e-5,500
31,shock_lag12,2.0794802194792453e-5,4.423429485010221e-5,4.910114378281391e-5,-7.566808229405751e-5,0.00012180144667525312,-6.187325526981425e-5,0.00010790602554660093,-2.4646168537346552e-5,7.049082570771749e-5,500
31,log_oil_lag1,-0.0006582370651009457,0.00020606573364843114,0.0002005103749601983,-0.0010811318761885418,-0.00032437293786223434,-0.001002623199692408,-0.00037133204888074346,-0.000902970898771507,-0.00048178228125708695,500
31,ffr_lag1,0.0003083556879878647,4.112901770037362e-5,3.698607999701936e-5,0.0002453022161837563,0.00038583882028532296,0.00025424875921051124,0.00037219837480940103,0.0002771200579331559,0.00034889440757263383,500
31,age_mean,0.0006561249935458838,0.00010403103689108015,9.947250106527191e-5,0.0004855648651767815,0.0008491634275010899,0.000515995484267971,0.0008197281989070244,0.0005700791301570993,0.0007667446451872025,500
31,female_share,-0.004467406603650843,0.003196311010793242,0.0030193692342407722,-0.01039476054861117,0.0007471435666297417,-0.009464344446713253,0.00016605114618125423,-0.00791857422890044,-0.0016289618383437878,500
31,married_share,-0.004382005261103308,0.0023001708798558273,0.0022834553782741756,-0.009388424485357802,-0.0002877189674090888,-0.008630637768962427,-0.0009141299215622358,-0.007072259990724987,-0.002547694552079784,500
31,hours_mean,4.827463606025813e-5,8.074196230398927e-5,8.490727906350652e-5,-0.00011762480268244525,0.00021318881044542307,-9.756835545706818e-5,0.00018464609000469584,-3.519834637154464e-5,0.00012990967216710094,500
31,unemp_rate,0.02308236959643817,0.004030905223825424,0.0038134570249285893,0.01765485143820717,0.032271000074078474,0.01840810752912288,0.03108915226990014,0.02050500419612467,0.028175021863991317,500
32,intercept,-3.1998303767857956e-10,4.264426902880163e-5,3.877005839696539e-5,-6.564937854747612e-5,8.768302970160327e-5,-5.396154095618545e-5,7.438561877451897e-5,-2.812237969242976e-5,4.556756872145242e-5,500
32,shock_x_ind1,-6.637774003448643e-5,0.00015587686015066342,0.00016214219316605384,-0.00035558627524797314,0.0002897292014936468,-0.0003117972505620967,0.00021947259903086822,-0.00021430653093103857,0.00010199807565637047,500
32,shock_x_ind2,1.543826842094306e-5,0.0002482193947692865,0.0002599436649601948,-0.0004914930917203934,0.0005520938214757709,-0.0004067801666973353,0.000478482304571418,-0.0002457351532009997,0.0002616423392367867,500
32,shock_x_ind3,-0.00018038780232673885,0.0007731713542935818,0.0007976972611275959,-0.0017485982432089578,0.0013025289039454717,-0.0013900910691387884,0.0011635071152817486,-0.0009476262539184846,0.0006892040355454048,500
32,shock_x_ind4,0.0007237351589904241,0.00037014232712459755,0.00039322487016445244,-0.00012081748023192782,0.0015076567268721625,3.952493132354575e-5,0.0013637847862276156,0.0003551031618553083,0.0010609527027017934,500
32,shock_x_ind5,0.0003449313150647083,0.0006776108586069989,0.0006561219548408872,-0.0009247995433150451,0.001617975519067978,-0.0006898599579341174,0.0014303725437733487,-0.0003136104702359669,0.0010224497762983515,500
32,shock_x_ind6,-9.076931056766267e-6,0.0004369417755303225,0.0004644281832453283,-0.0008292524752834076,0.0009566869751350848,-0.0007691799457816182,0.0008088807856872118,-0.00045820057260298334,0.00044075667522412894,500
32,shock_x_ind7,-0.00021211595133263701,0.0003940816753791203,0.00040398522730088606,-0.0009110494275784468,0.000635543405649664,-0.0008205993801116963,0.0005024101366750659,-0.0005946664588481426,0.0002279088294145199,500
32,shock_x_ind8,-0.00025447943020892,0.0005581252738143029,0.0005760048936417317,-0.001235227275348432,0.0008864920487254232,-0.0010720737029086343,0.0007420687773188292,-0.0008179392297703366,0.00033520294365086876,500
32,shock_x_ind9,-0.0005690573136093318,0.0006068016207463152,0.0005817682882851356,-0.001640834866836864,0.0006108814414924509,-0.0014843652878096453,0.0004316588549223629,-0.0011389109819490402,1.7715184591534453e-5,500
32,shock_x_ind10,-0.0004893038696198107,0.0005910927994873034,0.0006048304318828517,-0.0016895798368877957,0.0006061844633236048,-0.0014752467085094006,0.0004431919429994996,-0.0011547192743084,9.431547155985472e-5,500
32,shock_x_ind11,-0.001003447496202735,0.00038392578067517806,0.0003619045379101515,-0.0017501884630810156,-0.0002970491003320351,-0.0016102266752143863,-0.00042327049658683275,-0.0013047592615653633,-0.0006493968963743422,500
32,shock_x_ind12,0.0014602182496204525,0.0011072577187618206,0.001175997989938487,-0.0009009872783696947,0.003946141861767791,-0.0005298433738215886,0.003339115371337712,0.00028216974673975394,0.002607757998665879,500
32,shock_x_ind13,-0.0003849088371768148,0.0005363679073458132,0.0005629763082452071,-0.001376472864288568,0.0008403521698059366,-0.0012650599579589474,0.0006354343719468761,-0.0008586327640350499,0.00024145188281350703,500
32,shock_lag1,6.509777190134626e-5,5.143804699202725e-5,5.578727876443299e-5,-2.3964086892615725e-5,0.0001942902283900751,-9.172551419566038e-6,0.0001808310180093911,1.7504696484695384e-5,0.000126851395089099,500
32,shock_lag2,0.00010198716442548259,4.928531520440024e-5,5.4265290514645e-5,1.072839847086257e-5,0.00021455335428096912,2.7151505641136534e-5,0.0002005700723599019,5.80123710365639e-5,0.0001580803945895925,500
32,shock_lag3,9.414781167213766e-5,5.211598059858879e-5,5.6213105244957455e-5,-7.884266880820274e-6,0.00019972877492439016,1.160606682603856e-5,0.00018819848580936408,4.3921557590899825e-5,0.00015632477335606154,500
32,shock_lag4,6.5981808391224e-5,5.882432748952059e-5,6.390525648518439e-5,-6.694902877043382e-5,0.00018977849690291875,-3.869097162773258e-5,0.00017365383134871357,1.1301962594213364e-5,0.00013194506204394166,500
32,shock_lag5,3.230201231063966e-5,6.376632763941712e-5,6.647507450218145e-5,-9.967806538920066e-5,0.00016147203916250748,-7.681754404479494e-5,0.00014586144033197033,-2.179431359778257e-5,0.00010257029318663567,500
32,shock_lag6,1.3269168559869733e-5,5.514815980969234e-5,6.0919277287790864e-5,-0.00011102082887537813,0.0001244774093505598,-9.310717508470258e-5,0.00010708483346084909,-4.1302978850860486e-5,7.373376400440083e-5,500
32,shock_lag7,9.379466376858444e-6,4.829609367582971e-5,5.2865175725526865e-5,-9.015102391555149e-5,0.00011837597202902028,-7.293156134122571e-5,9.836963256380085e-5,-3.3663840152241606e-5,6.439513170729935e-5,500
32,shock_lag8,-4.959997967284568e-6,4.113032953412765e-5,5.0546650967731054e-5,-0.00010265155407626148,9.30212732760568e-5,-8.904881000243819e-5,7.960160815464538e-5,-5.106862015501788e-5,4.5198765686439427e-5,500
32,shock_lag9,-1.2655259513222393e-7,4.412266974941591e-5,5.292520782676787e-5,-0.0001037105963404647,0.00010602439988045924,-7.91416037439565e-5,9.267799827399281e-5,-4.032259831049495e-5,5.871557091496911e-5,500
32,shock_lag10,-8.323951903964982e-6,4.1807485028677596e-5,5.200982445563994e-5,-0.00010653713790905324,0.00010332380241891503,-7.92875157810345e-5,7.849078756873812e-5,-4.7606371704121954e-5,4.222787445535249e-5,500
32,shock_lag11,3.6058198690904566e-6,4.304218709575372e-5,5.2505497977195354e-5,-9.991886322933339e-5,0.00010296046412954299,-8.134230829539458e-5,8.508752865152336e-5,-4.648354712682807e-5,5.759977080097056e-5,500
32,shock_lag12,2.1880248457662868e-5,4.0892997579106534e-5,5.016973319594943e-5,-7.365291980607482e-5,0.00011946803586731806,-5.606465601165812e-5,0.00010746561687968915,-2.3383754741050463e-5,6.878110099562787e-5,500
32,log_oil_lag1,-0.0006442051384115625,0.00020634446131484422,0.00019033662561962201,-0.001079387997263682,-0.00033206429665956624,-0.000996396890744942,-0.00039645530957698014,-0.0008735176573954911,-0.0004939161055992088,500
32,ffr_lag1,0.0002854131118931747,4.004477485555275e-5,3.7914741466704986e-5,0.00021876023690938339,0.0003659397140100889,0.000226082968589124,0.00034971708975439276,0.0002527668130889981,0.000324519407101608,500
32,age_mean,0.0006197844257555921,0.00011225152990753234,0.00010031422373107861,0.00044295106587849355,0.0008598187006356338,0.0004796080010130738,0.0008098979313775416,0.000535957873543565,0.0007237368526195678,500
32,female_share,-0.004243374338646762,0.0034571421662772752,0.0032202561499060996,-0.010487079136525294,0.0019028390535816495,-0.009532157701405202,0.0008883505959993755,-0.007840415910619418,-0.001181813071558692,500
32,married_share,-0.0047629542195165644,0.0020910771348700485,0.0021840329819895568,-0.00982336683324576,-0.0012018704855543353,-0.00904125205377973,-0.001905873417851302,-0.007404847109516074,-0.003126703448792869,500
32,hours_mean,0.00014179944698907047,9.114960503147913e-5,8.503494165961451e-5,-8.90626484971835e-6,0.00032793723530313303,4.955359171060312e-6,0.00029043182899961745,6.193296957980872e-5,0.0002241219799632143,500
32,unemp_rate,0.022202786431298055,0.004054492944256854,0.0042453277324277314,0.016123648754123913,0.033250829862784714,0.01671089563828023,0.03075223585652961,0.019319732384632946,0.027269663907327504,500
33,intercept,-9.667231486996087e-10,4.0386813999863854e-5,3.71987491251592e-5,-6.571007366069955e-5,8.313368564942438e-5,-5.18955417314318e-5,6.758251619985943e-5,-2.889308007354353e-5,4.330283528205538e-5,500
33,shock_x_ind1,-0.0002143571971166497,0.00016712178555096537,0.0001752723211882843,-0.000509484672182073,0.00016809256411326167,-0.00047114328916521823,0.00010074045923689322,-0.0003730355510841833,-1.7417824539511815e-5,500
33,shock_x_ind2,6.586003471593117e-6,0.00023225650621925932,0.0002545355310864333,-0.00047469214013372805,0.0004803302719908415,-0.00038489132810001807,0.0004051351504454795,-0.0002459360867017684,0.0002857019333714681,500
33,shock_x_ind3,-0.00022597934135810282,0.000753986234830063,0.0008071270035369638,-0.0018053264951583131,0.0014042233621270846,-0.0015738405512021184,0.0011024432197020205,-0.0010554675082365883,0.0005468794203501745,500
33,shock_x_ind4,9.259245844085338e-5,0.00036399412688292455,0.00037239906500679236,-0.0005971567428427217,0.0008135895831115625,-0.0005063735404674189,0.0007002661156970781,-0.0002883364421101549,0.0004913900465336457,500
33,shock_x_ind5,-3.796407121427015e-5,0.0006234094647353082,0.0006308666764649775,-0.0013221795290946864,0.0011878527847161118,-0.001018086505891895,0.0009771028646366996,-0.0006362362457653512,0.0006089011509353437,500
33,shock_x_ind6,-0.0006564782040469085,0.000543415721211035,0.0005618391111016906,-0.0017565491326684652,0.00036679298305987467,-0.0016244089127276215,0.00023039089984374625,-0.0012577158240346612,-0.00015215083469253561,500
33,shock_x_ind7,0.0001405953142610231,0.00040962592892710646,0.00039714653286568725,-0.0005922204180748376,0.0009605429939024369,-0.0004473890166357483,0.0008192077726276384,-0.0002093411859156146,0.0005635959703154818,500
33,shock_x_ind8,-0.0006150455127786135,0.0005238465877503807,0.0005614864706362806,-0.0016076705827122123,0.0005099004591860154,-0.0014503339134580562,0.000337013215914117,-0.0011511057003106607,-2.104056281129587e-5,500
33,shock_x_ind9,-0.0006493656198895671,0.000667205924481452,0.0006512347320175069,-0.0018623970786184494,0.000644415546714917,-0.0016481638268322008,0.00043883140371989854,-0.0012872013343708437,3.350189317745824e-5,500
33,shock_x_ind10,-0.00039762401870988825,0.0006261964408312697,0.0006467156800304067,-0.001636996540490087,0.000845056029601972,-0.0014755669502855729,0.0006592346545275425,-0.0010466989932489776,0.00022286553314267705,500
33,shock_x_ind11,-0.0007284860394491001,0.00033358272758843304,0.00033491259451456554,-0.001473213067348619,-0.00011818859159490875,-0.001315220165966675,-0.00022177507843738705,-0.0010512263988664496,-0.0004177960458860053,500
33,shock_x_ind12,0.0022830724695403087,0.001108121483730915,0.0010371913965546119,0.0002939071915112586,0.004153834826491783,0.0005237324303505989,0.0039992186982694905,0.0013126009940122498,0.0033727851909383546,500
33,shock_x_ind13,0.0004611107436295446,0.00046250787726687364,0.0004916515651902268,-0.00046182416262428297,0.0014228540539044452,-0.00028797786298024415,0.0012612395512863102,-3.904953291139157e-5,0.0009855306279513345,500
33,shock_lag1,7.127867105688616e-5,5.136098286901645e-5,5.4767247267085346e-5,-1.9458815488070757e-5,0.00019292362218109962,-5.248953921133071e-6,0.00017748142853657805,2.8289213559835936e-5,0.00013896271211173282,500
33,shock_lag2,0.00011452619189566007,4.764102444352196e-5,4.83043472819716e-5,3.6113822115428697e-5,0.00022343545466770343,4.47619936544013e-5,0.00020402797761941843,7.538622420470703e-5,0.00016759186124659704,500
33,shock_lag3,0.00012831248851501728,5.2171434350965445e-5,5.4735371675123306e-5,3.61712867640253e-5,0.00024445885234889293,4.8639161212686605e-5,0.00022852328917959486,7.844747731400207e-5,0.00018706945860756408,500
33,shock_lag4,6.86486221471711e-5,5.978746679274759e-5,5.998968469512178e-5,-3.517558240619604e-5,0.00018905331239199666,-2.0344209925581537e-5,0.00017752483988793744,1.0064623600688449e-5,0.00013657229877962445,500
33,shock_lag5,4.59509258806033e-5,6.515181921048044e-5,6.251948032060736e-5,-7.782436564659255e-5,0.00016961213415618082,-5.782786699692716e-5,0.00014931323694042145,-1.085123246958542e-5,0.00011131765877124252,500
33,shock_lag6,5.226405355246607e-5,4.6840116989557946e-5,4.529772112181875e-5,-3.364126282098678e-5,0.00014043559538630022,-2.3732305709481854e-5,0.0001250132910391021,7.074674862775418e-6,9.615244488691424e-5,500
33,shock_lag7,3.4549845089474254e-5,4.4263954919243844e-5,4.4612221355475486e-5,-4.603486656995586e-5,0.00012486812770327865,-3.0495958205267656e-5,0.00011525029062964171,-7.32878926934281e-6,8.202465941740645e-5,500
33,shock_lag8,1.7275830262489165e-5,3.674251243272756e-5,4.293929128044622e-5,-6.504765883070363e-5,9.981522469560462e-5,-4.55135047047392e-5,9.169585471585863e-5,-1.6045384577096893e-5,6.260191689863494e-5,500
33,shock_lag9,1.3224992931837941e-5,4.030441822792579e-5,4.526918158907867e-5,-7.006059867768149e-5,0.00010434786037596868,-5.550900903560362e-5,9.222344626565232e-5,-2.536394935174095e-5,6.506131315066418e-5,500
33,shock_lag10,2.2727656433046677e-5,3.911669508366649e-5,4.387417114615061e-5,-6.363305829180163e-5,0.00011080231506384975,-4.595006046608013e-5,0.00010047565745159408,-1.449024566132384e-5,7.167869681072238e-5,500
33,shock_lag11,2.432468043018002e-5,3.8647113558921846e-5,4.3971772769764875e-5,-6.288634844785445e-5,0.0001100107158099735,-4.743643654651499e-5,9.604453380128278e-5,-1.8133110727122913e-5,7.072761521309831e-5,500
33,shock_lag12,4.6527281273699566e-5,3.803935109471146e-5,4.525699743954704e-5,-4.640037239963683e-5,0.00013942489905810083,-2.6080642765669714e-5,0.00012232429603094565,7.972746011132908e-6,9.07896461214974e-5,500
33,log_oil_lag1,-0.0007389499964076203,0.00020094568521239676,0.00018157690507459938,-0.0011231120085412158,-0.0004007512567334191,-0.0010676761439517048,-0.00047553506397025945,-0.0009446835169372744,-0.0005863339872063092,500
33,ffr_lag1,0.00028724085674134195,3.999763885749164e-5,3.9458163422870614e-5,0.00021808001424422396,0.00037056019159543855,0.0002282010284646248,0.0003550114420979214,0.00025335964700141684,0.00033286336419950473,500
33,age_mean,0.0006556712782140105,0.00011554042242632822,0.00010172618023436718,0.00048426267337790867,0.0008784808653998742,0.0005134793240955324,0.0008417521069504408,0.0005698704956227423,0.0007764681857459945,500
33,female_share,-0.008805897991238786,0.0028834126545673375,0.002868301728519978,-0.014503452427684298,-0.0033659984825039906,-0.013512953275048922,-0.004038186014094215,-0.011573609238978667,-0.005847036297338197,500
33,married_share,-0.004847250573486302,0.002443868503184488,0.0023833500659909365,-0.009885522575791412,-0.0009769437757848635,-0.009178012033300261,-0.001301899736868373,-0.0075250570500641455,-0.0026852293814162206,500
33,hours_mean,-9.020109798782705e-6,8.24531243103843e-5,8.29047134451763e-5,-0.000176558297602369,0.00014465020686584527,-0.0001437690296976184,0.00013079872811313568,-9.342277821420322e-5,7.184245148930872e-5,500
33,unemp_rate,0.017399581067707427,0.004118345761006551,0.004145142331557989,0.010587498834856667,0.027358169556275614,0.011754595207150345,0.025555214686716236,0.014248078050426315,0.022169003857362778,500
34,intercept,-7.803463504759631e-10,3.567341970604741e-5,3.185009036239212e-5,-5.76673979615674e-5,6.495628725581464e-5,-4.992887381252488e-5,5.393501895972728e-5,-2.8936450289267328e-5,3.332193316982983e-5,500
34,shock_x_ind1,-1.0065748494129452e-5,0.0001877038652539065,0.00018981383522481953,-0.00036315051630899525,0.0003432312703883642,-0.0003198938968220178,0.0002939664231583931,-0.00020659062220855528,0.00018636937167032777,500
34,shock_x_ind2,-0.00021052408292927092,0.0002281434793441713,0.0002533478391702948,-0.0006828087310624412,0.0002866169258974693,-0.0006133320755951585,0.00022490243933453855,-0.00045800429666400383,5.810462879632905e-5,500
34,shock_x_ind3,0.00013879461944997523,0.0006567653456173525,0.0006657159372567997,-0.0011082152129898112,0.001507091789050924,-0.0008803427583494995,0.0012330687518589377,-0.0005178752983426259,0.0007914607472170687,500
34,shock_x_ind4,0.0006102090485256362,0.00037752005154059954,0.00038908301224157557,-0.00017327200890854594,0.0013549254827030497,-8.561521604277296e-6,0.0012524604891398098,0.00024732629120462153,0.0009879590241212515,500
34,shock_x_ind5,-0.0002604783237370642,0.0006072685959729506,0.0006674458745253654,-0.00161431724895607,0.0011084509450979155,-0.0013698474837335788,0.0007787970807490045,-0.0009368417866520164,0.00039196800416965586,500
34,shock_x_ind6,-0.00032201814226562884,0.0004836449258283191,0.0005012678880414419,-0.00126793960471715,0.00076581464828446,-0.0010622012466444603,0.0005354327258790629,-0.000779096958719958,0.000178489901282825,500
34,shock_x_ind7,1.813943110218727e-5,0.0004458746939807107,0.0004262670705165329,-0.0008088767774705344,0.000827763453674058,-0.0006736339017348425,0.0007453751602647891,-0.0004022965014808495,0.0004075813753588672,500
34,shock_x_ind8,-0.00012798275145722022,0.0004990990101426702,0.0005160021129526838,-0.001044324171425257,0.0008762904980469492,-0.0009635818704275933,0.0007197431401498406,-0.0006584184364252379,0.00038471904936651137,500
34,shock_x_ind9,-0.0002394364147724577,0.000528983951320308,0.000522229908452098,-0.0012048007902374265,0.0008473698704510347,-0.0010176509749609238,0.0006218619249589921,-0.0007182207197490658,0.00033365166756999,500
34,shock_x_ind10,-0.0010787358766457312,0.000595720769399919,0.0005735306074169172,-0.00219158553489081,1.004216706997168e-5,-0.0020502999838106655,-0.00014375672881370056,-0.0016349994043318625,-0.0005018305106124665,500
34,shock_x_ind11,-0.0006499006654238149,0.00033810859367204864,0.0003129622763246826,-0.001313277913620585,-8.953610808253511e-5,-0.001205174556293182,-0.00016568316824109076,-0.0009516982980380088,-0.00033685691453964455,500
34,shock_x_ind12,0.0015942034177238798,0.0010465284103336316,0.0009641284032368789,-0.0001840562693010997,0.0034663382225669217,1.8041399204227986e-5,0.00315375817056364,0.0005751645417143882,0.002548530180918858,500
34,shock_x_ind13,-3.429462053048952e-5,0.0005036288553501881,0.0004824642048105596,-0.0008975847407338883,0.0009364278150930114,-0.000765468487218293,0.0008426156059286615,-0.00048538064910898606,0.00046731099549841577,500
34,shock_lag1,8.393979734488541e-5,4.2887700798123414e-5,4.6694109974326883e-5,2.68543281830589e-6,0.00019049600259096966,1.475728818022821e-5,0.00016870728581210958,4.5023995214196554e-5,0.00013377308642571346,500
34,shock_lag2,0.0001420487125634583,4.71944751796549e-5,4.7904507745780676e-5,6.436952615183008e-5,0.00023956279418465854,7.359764688181594e-5,0.00022275557679738995,0.00010031129973061303,0.0001917523789468963,500
34,shock_lag3,0.00010804615662373087,4.706129286371058e-5,4.814066894302232e-5,2.7092066300648224e-5,0.00020518776228622726,3.974570342881661e-5,0.00019351501330145218,6.656628956155464e-5,0.00016357247410229254,500
34,shock_lag4,6.531081866280168e-5,5.825483337396433e-5,5.7833345473058134e-5,-4.591683521516417e-5,0.0001815516861631525,-2.5849919532971474e-5,0.00016235235862864614,1.3089621316287039e-5,0.00012810043890216995,500
34,shock_lag5,7.699745265134086e-5,4.7471085153089e-5,4.71488619022162e-5,-1.8255422969159762e-5,0.00016641732178478824,-3.9611338482717485e-6,0.00015409307533393492,3.1832465084746326e-5,0.00012612817537773922,500
34,shock_lag6,6.799799145299199e-5,3.753673365027873e-5,3.889522583677402e-5,-9.543433054089428e-6,0.00014362521647326546,5.837432155817886e-7,0.00013482776357649637,3.032180037585447e-5,0.0001064340942283638,500
34,shock_lag7,4.912838534754392e-5,3.6086665536717554e-5,3.805168219273291e-5,-1.8496396781460058e-5,0.00012701882684400056,-9.397827789486614e-6,0.00011657860229264953,1.7155146119263357e-5,9.139018891243164e-5,500
34,shock_lag8,2.4949154830915048e-5,3.1471557203350616e-5,3.843292353437279e-5,-4.469455281717891e-5,0.00010107735867082387,-3.7074442363185346e-5,9.002913937321405e-5,-5.975530374124374e-6,6.519900757187102e-5,500
34,shock_lag9,3.8002068161302794e-5,3.293768370546716e-5,3.847369219730234e-5,-2.8160840057225626e-5,0.00011355424686169194,-1.4173448516647763e-5,0.00010319510407877383,6.628114887172983e-6,7.944963409757247e-5,500
34,shock_lag10,2.8955705007148784e-5,3.4304947185478145e-5,3.862860943312246e-5,-4.600521174757456e-5,0.00011063148521878578,-2.9570832073822105e-5,9.88396240525662e-5,-4.483683396800355e-6,6.754228881789939e-5,500
34,shock_lag11,3.359521519641094e-5,3.46761025863741e-5,3.930966414319284e-5,-4.4072118831916645e-5,0.0001084715012790926,-3.401555078235815e-5,0.00010064189504203382,-3.81269963877921e-6,7.306601185371652e-5,500
34,shock_lag12,5.335311563465997e-5,3.327729977602533e-5,3.942418765074766e-5,-2.331174317936618e-5,0.00013543490270156967,-7.940424802346692e-6,0.00012075188505872836,1.691491366555409e-5,9.5699974820909e-5,500
34,log_oil_lag1,-0.0007697003378169223,0.00017133361558054367,0.00015793461619915473,-0.0011262840205640183,-0.0005217536675076373,-0.0010816968679246831,-0.0005627990612074025,-0.0009766358714402344,-0.0006480049937983567,500
34,ffr_lag1,0.00025667955046588473,4.321602181293461e-5,3.8037461756784944e-5,0.00018728550218954977,0.0003378981521467622,0.00019737660413089153,0.00032594197017085576,0.0002242260307227245,0.0002953151121394554,500
34,age_mean,0.0006370099780987359,0.00011985686497572203,0.00010243636048298162,0.0004760570222519014,0.000851180739694413,0.0004964406448670538,0.0008238760439274147,0.0005600620103540874,0.00076498770652427,500
34,female_share,-0.008515414425121758,0.002976013785120886,0.002803840114524227,-0.014288711824902246,-0.0031787103373071383,-0.013207805923378101,-0.0037788396081433755,-0.01150871874286602,-0.006017019975582584,500
34,married_share,-0.005196007286088469,0.002101576599088415,0.002137084860809145,-0.009705777341641499,-0.0014163252969157242,-0.008899365079626917,-0.0022293721073202415,-0.007614959661360681,-0.0032595421490988936,500
34,hours_mean,6.202973766667714e-5,9.322263097914706e-5,8.692280907898537e-5,-0.00010041164711381881,0.0002294562969161484,-7.811738239356341e-5,0.00021035316133773832,-2.2324718495494337e-5,0.00014731334474357954,500
34,unemp_rate,0.014514447392997608,0.004275520888342714,0.004169458044491892,0.007663442782990727,0.024442976911045147,0.008929461383670985,0.02235724311367309,0.011451685894460564,0.018819681070114624,500
35,intercept,-1.8236260698634657e-10,3.2627950705372436e-5,2.7549796149929352e-5,-5.567386442310121e-5,5.130957777342488e-5,-4.518808249183985e-5,4.659932383231547e-5,-2.4048920248635762e-5,2.929147205101269e-5,500
35,shock_x_ind1,2.2330513278192116e-5,0.0001727991496211541,0.00018596472705989777,-0.0003074930546455439,0.0004183032620679138,-0.0002560545512418064,0.0003478469426544775,-0.00014760993781427547,0.00022334666260434593,500
35,shock_x_ind2,6.018432571147479e-5,0.000249676777901748,0.00026761820430076013,-0.0003917598045404915,0.0006502648725789002,-0.0003379842875474765,0.0005483199790457669,-0.00019929768942913268,0.00032682569322203564,500
35,shock_x_ind3,-0.0004736079222186467,0.0006660047401724343,0.0007266717530730077,-0.0019379584352569854,0.0008830131223121784,-0.0017550717116748733,0.0007640544328908882,-0.0011299093836527234,0.00028014611748193705,500
35,shock_x_ind4,0.00034172253760643526,0.00040469688179261393,0.000405541859331707,-0.0004274998515204972,0.0010902655012342034,-0.0003407713169104422,0.0009973214839056426,-7.241730544121581e-5,0.000763514801026418,500
35,shock_x_ind5,4.307826559821587e-5,0.0006476985702565817,0.0006875217899970532,-0.0013661858193518416,0.0014008012250415057,-0.001128025374042697,0.001115778591735615,-0.000598257034273425,0.0006902709029533037,500
35,shock_x_ind6,-0.00021444538104472915,0.0004694221513936949,0.0004802568454284795,-0.0012805594502767069,0.0006496711584295224,-0.0010367243467463187,0.0005043158526657014,-0.0006803345864101029,0.0002363977875270659,500
35,shock_x_ind7,-7.942690856069714e-5,0.00040519368345390337,0.0003975224078099689,-0.0009775922220247215,0.0006950592684256943,-0.0008104786536876073,0.000529710253946805,-0.0004446627392137816,0.00026644217826236416,500
35,shock_x_ind8,0.0003201478372843244,0.000613452896873965,0.0006135261114322608,-0.0008997955984321151,0.0014950543685900448,-0.0006473392036865013,0.0012516710388290862,-0.00026257824289709384,0.0008683333462921863,500
35,shock_x_ind9,-0.00021166296259611997,0.0005094009940216696,0.0005250497373657889,-0.0011497660816065995,0.0008012039351960429,-0.0010167948391499122,0.0006787766556679168,-0.0007384883168864871,0.0003264796204475102,500
35,shock_x_ind10,-0.0008515621313294821,0.0006075856651538578,0.0006345277985256508,-0.0019599895442956703,0.0004498555905322602,-0.001822211870995381,0.00022229296963686293,-0.0014452363826143277,-0.0001757592780995136,500
35,shock_x_ind11,-0.0004099553202882532,0.0003674049389821273,0.00034337183726013294,-0.0010774943518237472,0.00017567198520299624,-0.0009945715509678335,0.00010579522920313522,-0.0007845538237610626,-0.00010282289011558172,500
35,shock_x_ind12,0.0012499249120151623,0.0011419742304732575,0.001172231893614309,-0.00104001288761208,0.0034380381381072618,-0.0005969863886539506,0.0032460345324718982,0.00011087810105487648,0.0024423514685266083,500
35,shock_x_ind13,-5.446940442265695e-5,0.0004301195866877106,0.0004467175149103985,-0.0009009197778691822,0.0008465184477694497,-0.0007624283366757605,0.0007309447106576394,-0.00048316372153411224,0.0004074149238995705,500
35,shock_lag1,0.0001240160520562738,4.3455229342013205e-5,4.398179759540544e-5,5.1156723432417686e-5,0.0002177327240478164,6.121928741400647e-5,0.0002017885201557333,8.193529497221395e-5,0.00016827786792475842,500
35,shock_lag2,0.00011066008684743993,3.5307740549449216e-5,3.812136497683132e-5,4.163372655792702e-5,0.00019335163918943773,5.527547167180801e-5,0.0001767444288960528,7.571806425736608e-5,0.0001523274085692594,500
35,shock_lag3,0.00010330041477530868,4.398916423645102e-5,4.552384431661867e-5,1.9954502921037852e-5,0.0001985772227454001,3.751137084805794e-5,0.00018505010209350723,6.288139069894178e-5,0.00015719954007638472,500
35,shock_lag4,0.00010654992107616011,3.5910278202183784e-5,3.829142760418735e-5,3.895260801390539e-5,0.0001924940562799567,4.51068544599178e-5,0.00017171611712581863,7.116494210537487e-5,0.0001453045354560066,500
35,shock_lag5,0.00010015650372025174,3.7528719110862095e-5,3.874199791760215e-5,2.7549659252779324e-5,0.00017353512418535118,3.738416893274319e-5,0.00016175971063409381,6.263294769338317e-5,0.0001391043929581752,500
35,shock_lag6,8.73377107948965e-5,3.4299975170678174e-5,3.716026692023774e-5,1.556328309756785e-5,0.00016099995715686353,2.9371754856491957e-5,0.00015155852547242449,5.099716061272592e-5,0.00012479397344494514,500
35,shock_lag7,5.9678903118443494e-5,3.2555093373401997e-5,3.5267089226729744e-5,2.193200468727521e-6,0.00013510884433875074,8.588437394409933e-6,0.0001287403954546484,3.0680139420678965e-5,9.868090360236775e-5,500
35,shock_lag8,5.288975166293844e-5,2.797106708759185e-5,3.1610750549179465e-5,-2.2636348335805584e-6,0.00011974300490640239,7.699824962912787e-6,0.00011210357860859396,2.5520660561466236e-5,8.4726215534332e-5,500
35,shock_lag9,4.811992040136115e-5,3.1055049113762326e-5,3.580758289937114e-5,-2.3276992740383373e-5,0.00012968581709678145,-5.958860795324449e-6,0.00011226079232604135,2.097296192284014e-5,8.786438913086724e-5,500
35,shock_lag10,4.7840155355290694e-5,3.3415758600380305e-5,3.7639078215879516e-5,-1.9382360636831415e-5,0.0001250433834670287,-9.545487006788511e-6,0.00011305914570915677,1.606746465083522e-5,8.971616619026228e-5,500
35,shock_lag11,4.200308564082861e-5,3.1652579866229125e-5,3.518126932620971e-5,-2.3748437361590497e-5,0.00011256389240119337,-1.3053425853260967e-5,0.00010427391101912259,9.215071978159519e-6,7.970769578612555e-5,500
35,shock_lag12,5.623140213739829e-5,3.0347911067277392e-5,3.5469538511183056e-5,-1.3733063125096164e-5,0.00013063911005584643,2.0407957314867656e-6,0.00011587539635810972,2.6904452213875682e-5,9.502445115004282e-5,500
35,log_oil_lag1,-0.0008199304153062352,0.00013292700794646,0.00012298468790129222,-0.001109952622241078,-0.0006205635382359473,-0.001070318742351944,-0.0006519854915532839,-0.0009756535964151433,-0.0007338701337558188,500
35,ffr_lag1,0.00022205503119526816,4.19157052200147e-5,3.5300036975807586e-5,0.00016299412188182247,0.00029894707880978464,0.00017020448660422588,0.0002844821339790159,0.00018861751623569848,0.0002622406458936963,500
35,age_mean,0.0006180190954737663,0.00010878026041095774,9.629225903525373e-5,0.0004525211553700581,0.0008229716169473302,0.0004792964129895685,0.0007882152796547602,0.000534971584208933,0.0007328718730489404,500
35,female_share,-0.00904327217093817,0.0028571101882757166,0.0026332179368519708,-0.014118048446967426,-0.003979514366108285,-0.013313504582802529,-0.004920976319855196,-0.01144385120197826,-0.006281803688000043,500
35,married_share,-0.005395605007199352,0.002104355179934827,0.0020883286908762798,-0.009931834381877683,-0.0015968626534944845,-0.009222022731045772,-0.0023380120059935763,-0.007969904626563882,-0.00380195612343725,500
35,hours_mean,4.843970190887673e-5,8.99338965357432e-5,8.497268891364066e-5,-0.0001264154129534574,0.00020879828004319483,-8.93760610742177e-5,0.0001869304494724456,-3.076701573460606e-5,0.00013296453869447185,500
35,unemp_rate,0.00989847300063135,0.0044973563401456565,0.0038832782024167305,0.0034425490799269206,0.018239852953566137,0.004312508622505682,0.016963073292793215,0.0066643568672780954,0.014554211743929494,500
36,intercept,-2.8907545176780077e-10,2.8784440595324535e-5,2.5015069845788702e-5,-5.072442957538108e-5,4.5678531878372094e-5,-4.383112749003597e-5,3.8101974450300764e-5,-2.656305560405727e-5,2.2936880750234208e-5,500
36,shock_x_ind1,0.0002706492898306457,0.00019712572239535258,0.00020519693289934585,-7.251747325404797e-5,0.0007132257417911592,-3.873165739194852e-5,0.0006369654997504955,9.017284584875324e-5,0.0004977470674022447,500
36,shock_x_ind2,-5.522168821688915e-5,0.0003006057769647306,0.0003120859604268207,-0.0006730982721046687,0.00049145007311681,-0.0005603790342872911,0.0004290022112304432,-0.0003931450213743563,0.00023832323939816452,500
36,shock_x_ind3,0.00036026446870025206,0.0007329004009825594,0.0007652262522777503,-0.0011018739120532643,0.0018158703993326978,-0.0008979252711059673,0.001666627843511594,-0.0004514454655450557,0.0011122474434172962,500
36,shock_x_ind4,0.00023935353281861904,0.00037690390830415367,0.0003776967074888113,-0.00040277515192784906,0.0010352861849317362,-0.00031453591059491616,0.000926734241669127,-8.745160258810318e-5,0.0006480234636078545,500
36,shock_x_ind5,3.9993791057323854e-5,0.0007691953657851993,0.0007668503583634597,-0.0015021318324612177,0.0015193818662374969,-0.0012254938806602674,0.0012522633818074984,-0.0006834392535214569,0.0008496295945050711,500
36,shock_x_ind6,6.492143569758645e-6,0.000570561674013842,0.0005734418718782834,-0.001158260483424372,0.001182824259797226,-0.0009426120944514467,0.0009553468092137838,-0.0005489098958289752,0.000553089886147071,500
36,shock_x_ind7,0.0005244943180866109,0.0003950286054813379,0.00041156259627592775,-0.00022781284953624922,0.0013236908577408195,-0.00013401732620109172,0.00120997882124423,0.00011418461010726637,0.0009302494343325402,500
36,shock_x_ind8,-0.0008824456199681973,0.0005687452375732103,0.0005569319652158763,-0.0019369845665900525,0.00031467993130214814,-0.001757968202820013,0.0001023137333689122,-0.001417205915157163,-0.0003384798647144575,500
36,shock_x_ind9,0.00025966597362656106,0.0005598000353250798,0.0005853850786859373,-0.0008560528974486208,0.0013681723226832386,-0.0007194580786562514,0.0011872384320197734,-0.00032331401856827864,0.0008288492575684351,500
36,shock_x_ind10,-0.0006104969362026748,0.0006272366717112551,0.0006081959236992708,-0.0017838879966550962,0.000519257206199734,-0.0016568690458776993,0.00032661912206834507,-0.0012210653931818407,8.43684563527381e-6,500
36,shock_x_ind11,-0.00025430707689832067,0.00032358496807751374,0.0003054961994949623,-0.0008557939249582425,0.0003093498835774344,-0.0007637154098489296,0.00021954044037290064,-0.0005820487159936617,4.6264835462331386e-5,500
36,shock_x_ind12,0.0009007099952730794,0.001254023934752041,0.0012428939937600412,-0.0014999067531402195,0.003131622668498052,-0.0013165485769486762,0.0029159159910004733,-0.00046692511259947497,0.002047801302528309,500
36,shock_x_ind13,-0.000630720319531305,0.0005087589348785415,0.00048252265081807574,-0.0014978373079127991,0.00037586509632355066,-0.0014041883291919287,0.0002417500989305747,-0.0010511625435487273,-8.493535507921238e-5,500
36,shock_lag1,8.662167494429884e-5,3.248055925856146e-5,3.31712882694309e-5,3.391350149036046e-5,0.000163277723895648,4.1568617305902866e-5,0.0001468712568383198,5.7736725180761866e-5,0.00012145991362453874,500
36,shock_lag2,9.029687047631832e-5,3.408264391441346e-5,3.4358784291184716e-5,3.476037502182493e-5,0.00016700822227299015,4.3685323012949416e-5,0.00015243415505121586,6.0494433916421966e-5,0.00012975830329381834,500
36,shock_lag3,0.00012362694378952865,3.0098938118374262e-5,3.0974414988403875e-5,6.842778326684329e-5,0.00019075019811052915,7.50715874911824e-5,0.0001754842993587175,9.472939787645766e-5,0.00015592229766728558,500
36,shock_lag4,0.00010897734676754102,3.0781275972039345e-5,3.32327780763743e-5,5.0176166279201476e-5,0.00018123631009241966,5.8318069862129014e-5,0.00016875749848034317,7.918316092097258e-5,0.00014343532901086716,500
36,shock_lag5,0.00010141172632037507,3.389075295371741e-5,3.594950260969409e-5,3.1599017484408554e-5,0.00016946917454532887,4.065208810171481e-5,0.00016321981669818687,6.45664748768927e-5,0.0001370568409838134,500
36,shock_lag6,7.603764084474668e-5,3.032605245177603e-5,3.346835669013867e-5,1.2429866812116709e-5,0.00014188137832290743,2.431613319450621e-5,0.00013136383238896245,4.586202700719888e-5,0.00010987708576157832,500
36,shock_lag7,6.759136292666056e-5,2.852572832273783e-5,3.242759841198288e-5,7.887966063226527e-6,0.00013626888544468027,1.8898233387338953e-5,0.00012424915328751774,3.8376176233847096e-5,0.0001018408101328702,500
36,shock_lag8,4.590935974373566e-5,2.5967209202220567e-5,3.0326573868529215e-5,-9.628716346308906e-6,0.00011069843220469535,-5.99665989139376e-7,9.78670724266113e-5,1.8741803478580404e-5,8.057511651194856e-5,500
36,shock_lag9,5.126319422564957e-5,2.8486592560086544e-5,3.456205651166112e-5,-7.266933414594381e-6,0.000125401467367607,1.5367843817868799e-6,0.0001129386236457038,2.1948227813406527e-5,9.055544380625995e-5,500
36,shock_lag10,3.924932941623772e-5,3.009215296738351e-5,3.483825583131677e-5,-2.153708154282632e-5,0.00010897019938844043,-1.0423148880771166e-5,9.808203809350413e-5,1.0801426772610114e-5,7.900179663008377e-5,500
36,shock_lag11,2.6377989031833213e-5,2.906247651188498e-5,3.2976607711296654e-5,-3.189527565157155e-5,9.718644827575804e-5,-2.1584010293141927e-5,8.503081958423177e-5,2.733936263811544e-7,6.289700209503124e-5,500
36,shock_lag12,6.429101155349996e-5,2.8185390892683414e-5,3.057280352282226e-5,6.636290367720183e-6,0.00012793784736755148,1.7245539172696455e-5,0.00011786613774280493,3.9211178818879464e-5,9.780315128954579e-5,500
36,log_oil_lag1,-0.0007827617432905824,0.00013500348310330697,0.00012252574258898248,-0.0010455740983773194,-0.000561872994215981,-0.0010097628899019145,-0.0006015101070347532,-0.0009311654140161232,-0.0007004751215837623,500
36,ffr_lag1,0.00019635031985108212,4.282899139881371e-5,3.818378675551992e-5,0.00012570182502779088,0.0002751208261420776,0.0001370933280936789,0.0002609285436867426,0.00016117104651748392,0.00023666462917357805,500
36,age_mean,0.0005780452666465033,0.0001183514081305231,0.00010127677933555041,0.0003935243513104735,0.0007797722785882046,0.0004180646957121833,0.0007544846682535597,0.0004887775067261324,0.000693714103039342,500
36,female_share,-0.008559800050696606,0.003003499451961269,0.0029994971945269335,-0.014233430217739478,-0.0027275888884927537,-0.013352845718110667,-0.003668736396833953,-0.01154988154026036,-0.0057843341852144336,500
36,married_share,-0.004410441525001905,0.0020318606133624337,0.00205254269360598,-0.008566554351312868,-0.0005650016948086142,-0.007972415730007835,-0.0010853576053977932,-0.006554530813195481,-0.002493228086498552,500
36,hours_mean,8.55833627143533e-5,9.536598834289996e-5,8.623700750770294e-5,-7.762085617544114e-5,0.0002557837915909137,-5.6247192399191595e-5,0.0002317715438968026,-5.1307499971062805e-8,0.00017182638449128032,500
36,unemp_rate,0.008768939262880531,0.00472108127527534,0.004455157957812089,4.711180570828921e-5,0.01757574338359285,0.0017577540955733362,0.016538132491699532,0.004444177146390743,0.012981625886944726,500
