horizon,beta,ci_lo90,ci_hi90,ci_lo68,ci_hi68,outcome,industry,industry_label,occ_group,occupation
0,0.0004651510111508665,-0.006600271596403806,0.00890966893983431,-0.0041990041189220876,0.004873606973603453,income,Energy_intensive,Energy intensive,1,Managerial
1,0.008497435647975197,6.719966958505623e-5,0.01542243292515174,0.00347915347235831,0.012738801847702645,income,Energy_intensive,Energy intensive,1,Managerial
2,0.009256057292838377,0.003939659537239619,0.015869266561948026,0.005829238517609478,0.013002408517379944,income,Energy_intensive,Energy intensive,1,Managerial
3,-0.0035700716973748464,-0.010330674482769593,0.002305891506596605,-0.007311997606724243,0.00031010513469507993,income,Energy_intensive,Energy intensive,1,Managerial
4,-0.009450666631815343,-0.01596354239172864,-0.002254873646743514,-0.013180373155936162,-0.004619292028590025,income,Energy_intensive,Energy intensive,1,Managerial
5,4.772794587957471e-5,-0.008084810603428097,0.007055814078960109,-0.0051497595346383755,0.0042367593250455865,income,Energy_intensive,Energy intensive,1,Managerial
6,-0.0021051317704895004,-0.010586069459563429,0.004492334383712682,-0.006343030810122958,0.001827061037915296,income,Energy_intensive,Energy intensive,1,Managerial
7,-0.0010971106367516931,-0.008287664179933287,0.004968055685293332,-0.005091315716000216,0.002566756961144472,income,Energy_intensive,Energy intensive,1,Managerial
8,0.002386555213585438,-0.0041166868114340255,0.00978392161421638,-0.0014770735274933964,0.006801141666447789,income,Energy_intensive,Energy intensive,1,Managerial
9,-0.001553758806363078,-0.011067306973604026,0.006822606396906511,-0.008024092131138229,0.003860943037005823,income,Energy_intensive,Energy intensive,1,Managerial
10,0.001724655171027781,-0.00562707764818555,0.008314000463329146,-0.0026815106728216073,0.005698745394945047,income,Energy_intensive,Energy intensive,1,Managerial
11,-0.004761587210461073,-0.012058165177501301,0.002335147820092238,-0.008633291938924774,-0.0004249937382169262,income,Energy_intensive,Energy intensive,1,Managerial
12,0.0071757805343668464,0.001742344213552227,0.013148031215036923,0.0038589363744154104,0.011058606378641254,income,Energy_intensive,Energy intensive,1,Managerial
13,-0.002202256988116587,-0.0076950451857312075,0.003619100498426795,-0.005340472565387748,0.001580701570290452,income,Energy_intensive,Energy intensive,1,Managerial
14,-0.0007150556983374418,-0.011399096777190736,0.009438070376067705,-0.007087629025985116,0.005182703337566094,income,Energy_intensive,Energy intensive,1,Managerial
15,-0.002865444140459652,-0.009901974810954768,0.004432586243770792,-0.006925950165216582,0.001382153097971911,income,Energy_intensive,Energy intensive,1,Managerial
16,-0.003385691695122039,-0.009004897579629483,0.0026777440982890797,-0.00694370137553325,0.00034064543317450895,income,Energy_intensive,Energy intensive,1,Managerial
17,0.013817654746257135,0.008377711554962829,0.020244901236408003,0.010218836928064199,0.01742832685195761,income,Energy_intensive,Energy intensive,1,Managerial
18,0.003253942469096929,-0.0028941546089677646,0.00926579786587834,2.510631246964651e-5,0.007076501696141995,income,Energy_intensive,Energy intensive,1,Managerial
19,0.003690886485158565,-0.0042320297287432775,0.010789274473275743,-0.0012033821563404048,0.0084604677623258,income,Energy_intensive,Energy intensive,1,Managerial
20,-0.004925832623160751,-0.010310164519895252,-7.047786840672001e-5,-0.008045227170809946,-0.00161701476171073,income,Energy_intensive,Energy intensive,1,Managerial
21,-0.004064382428722235,-0.011514710528890474,0.002739039706274168,-0.008788732327910664,-0.00019664267520745496,income,Energy_intensive,Energy intensive,1,Managerial
22,-0.010676200487609535,-0.018809944430611302,-0.0038176900112584875,-0.015210346374437082,-0.006371746759591991,income,Energy_intensive,Energy intensive,1,Managerial
23,0.013911404339876227,0.00789822077262887,0.019754947900272664,0.010438624970441348,0.017575656291986673,income,Energy_intensive,Energy intensive,1,Managerial
24,0.0010010455005563968,-0.005733815745125106,0.00810657007532566,-0.0031513178208600933,0.005260459390899176,income,Energy_intensive,Energy intensive,1,Managerial
25,0.0005274493434626158,-0.007163606694598295,0.007115830870372292,-0.0038344194083852353,0.004588171656488476,income,Energy_intensive,Energy intensive,1,Managerial
26,-0.0034346860788728585,-0.011297386488103215,0.0032636626552398833,-0.00841448782076919,0.0007046718238801777,income,Energy_intensive,Energy intensive,1,Managerial
27,-0.007968901363747232,-0.015255076985427224,-0.0005377054046968996,-0.01252260710570386,-0.003407762111102949,income,Energy_intensive,Energy intensive,1,Managerial
28,0.005331239103511243,-0.002403269480497394,0.01174687857585788,0.0002182830816024814,0.009390797132744315,income,Energy_intensive,Energy intensive,1,Managerial
29,0.00740350413835163,-0.00038449756028686565,0.014069100455464969,0.003133881467706685,0.011545405551342897,income,Energy_intensive,Energy intensive,1,Managerial
30,-0.006524301694623294,-0.011909836930803597,-0.0012852101910577904,-0.009612442872163588,-0.0036316385932631677,income,Energy_intensive,Energy intensive,1,Managerial
31,-0.003976907668980392,-0.010483474797654218,0.002459444841891886,-0.007741509185909793,0.00013370688295386013,income,Energy_intensive,Energy intensive,1,Managerial
32,0.003889673453716051,-0.0018100689468153867,0.010213597708697921,0.0002682669041729471,0.007560631920511997,income,Energy_intensive,Energy intensive,1,Managerial
33,0.007922431602229735,0.00033722529195358113,0.0147754452960304,0.0032611581859357574,0.012323228373795785,income,Energy_intensive,Energy intensive,1,Managerial
34,0.0024213501128543266,-0.0036926478431619884,0.009587753812820798,-0.001260744830661414,0.006228124356418278,income,Energy_intensive,Energy intensive,1,Managerial
35,-0.012678311498768857,-0.01978910967537133,-0.005999308097112157,-0.016876647812012247,-0.008958824845198329,income,Energy_intensive,Energy intensive,1,Managerial
36,0.009320492537764104,0.00025337617844605094,0.01689772007536373,0.0037063057338367882,0.013557697704449666,income,Energy_intensive,Energy intensive,1,Managerial
0,0.006298768729279048,-0.0013479701356370818,0.01512173598949389,0.001717665557061484,0.011850104518669363,income,Energy_intensive,Energy intensive,2,Professional specialty
1,0.00027902762515361545,-0.00988577815465195,0.011396551401489532,-0.006064217767987065,0.006855290122663782,income,Energy_intensive,Energy intensive,2,Professional specialty
2,0.000660594835855711,-0.007072348979700787,0.00973266103747519,-0.004437403667312793,0.005805030694121351,income,Energy_intensive,Energy intensive,2,Professional specialty
3,-0.0010370174429968693,-0.0089438874663433,0.008427871876002515,-0.005484587769351441,0.004873334902303336,income,Energy_intensive,Energy intensive,2,Professional specialty
4,0.0005235492123861459,-0.006411681617149224,0.007637447390473762,-0.004044078713221577,0.00551971076948085,income,Energy_intensive,Energy intensive,2,Professional specialty
5,-0.00628638006898572,-0.013467492428738712,0.00066958587875193,-0.010550041698101866,-0.0018194866258046975,income,Energy_intensive,Energy intensive,2,Professional specialty
6,-0.008083566387084597,-0.015992511928999663,0.0003148807104177871,-0.01272998321693314,-0.0035845717742983355,income,Energy_intensive,Energy intensive,2,Professional specialty
7,-0.0026744274915147855,-0.009306682596699638,0.0047001294548104965,-0.006455039929032577,0.002310780589077871,income,Energy_intensive,Energy intensive,2,Professional specialty
8,-0.007128924759192206,-0.01625699892330207,0.0020435557456691903,-0.01277516294898505,-0.0018381521844983715,income,Energy_intensive,Energy intensive,2,Professional specialty
9,-0.001445835715160652,-0.009670052243518088,0.006611232287634328,-0.00661797738880399,0.0038267275914005985,income,Energy_intensive,Energy intensive,2,Professional specialty
10,0.0037973279914835325,-0.006723660226304256,0.01483470329102144,-0.0023463670817855963,0.010681412158647869,income,Energy_intensive,Energy intensive,2,Professional specialty
11,0.0030503151695826752,-0.007350691258504946,0.011933801434050569,-0.0034165172343112167,0.008461834951378953,income,Energy_intensive,Energy intensive,2,Professional specialty
12,-0.00868325469293676,-0.018507333887899765,-0.00018766219657755448,-0.013849643043637883,-0.0031640012373652764,income,Energy_intensive,Energy intensive,2,Professional specialty
13,0.0016638199078848977,-0.006795199502421946,0.010093333083699453,-0.0035016200901619885,0.006517191315499448,income,Energy_intensive,Energy intensive,2,Professional specialty
14,0.005477145479388051,-0.003884290644773766,0.01621414431734993,-0.0005795261637712669,0.011744910524553877,income,Energy_intensive,Energy intensive,2,Professional specialty
15,-0.004486500776901782,-0.013645854134851955,0.003509548409357634,-0.009559020780390212,0.0001681353859810525,income,Energy_intensive,Energy intensive,2,Professional specialty
16,-0.003757854749167623,-0.01208111680311294,0.005283634610385744,-0.009122564251640842,0.001487268411068669,income,Energy_intensive,Energy intensive,2,Professional specialty
17,0.002307236238299493,-0.009651792534348853,0.014163498177668231,-0.004437350029727016,0.009448707731950941,income,Energy_intensive,Energy intensive,2,Professional specialty
18,0.00568649047279416,-0.0037435199822432787,0.014134849129570134,0.00021625891712566923,0.010715817071973433,income,Energy_intensive,Energy intensive,2,Professional specialty
19,-0.0017698817591417612,-0.009708819354698849,0.007345026654807192,-0.006683760287977066,0.004035823246751089,income,Energy_intensive,Energy intensive,2,Professional specialty
20,-0.007467256280599413,-0.016799561451824305,0.008162731875242496,-0.013650112614188097,0.0024700775066706744,income,Energy_intensive,Energy intensive,2,Professional specialty
21,0.005084155631536277,-0.0033289073214534852,0.01684345902894534,-0.0008401819402370702,0.012726321798739535,income,Energy_intensive,Energy intensive,2,Professional specialty
22,-0.006687400620353392,-0.016943121602768764,0.006679243996670174,-0.013061318285623083,0.0006741385242780909,income,Energy_intensive,Energy intensive,2,Professional specialty
23,-0.013879057233058639,-0.02201357383523131,-0.005909397345941621,-0.018568602856761453,-0.009883512197390573,income,Energy_intensive,Energy intensive,2,Professional specialty
24,-0.010122689402125748,-0.020059710660683357,0.0005830639532238419,-0.015864181053072864,-0.0036851496723967845,income,Energy_intensive,Energy intensive,2,Professional specialty
25,-0.008246956345754664,-0.017746332963274276,0.0011487562932551605,-0.013496841957154618,-0.00284205590050621,income,Energy_intensive,Energy intensive,2,Professional specialty
26,-0.004051272412361445,-0.012569595493799678,0.004727156102284646,-0.009884275797384318,0.0010322247135369353,income,Energy_intensive,Energy intensive,2,Professional specialty
27,0.011610255740947826,0.0008864634230449295,0.022708304605877142,0.005111788100471437,0.01788204621625831,income,Energy_intensive,Energy intensive,2,Professional specialty
28,-0.010485928629849267,-0.02074588479117452,-0.00183661675448624,-0.016709573886090606,-0.0054615842066107565,income,Energy_intensive,Energy intensive,2,Professional specialty
29,-0.007893253453787125,-0.01657853912751267,-0.0006868169381998137,-0.013167861769772842,-0.0027807791558962167,income,Energy_intensive,Energy intensive,2,Professional specialty
30,-0.00653119092338746,-0.015544876049493624,0.0021211332084367157,-0.01169780277913035,-0.0016700332210558997,income,Energy_intensive,Energy intensive,2,Professional specialty
31,-0.018469135630067468,-0.026509558595756037,-0.009385054589370155,-0.023322638707323706,-0.012508831230989559,income,Energy_intensive,Energy intensive,2,Professional specialty
32,0.002988898777290234,-0.0044504664980634,0.011562792831375306,-0.0019404835912562044,0.007969257137291706,income,Energy_intensive,Energy intensive,2,Professional specialty
33,-0.0036862934240099406,-0.012781086243336156,0.003955742121528627,-0.009013499122404997,0.0011753139506866053,income,Energy_intensive,Energy intensive,2,Professional specialty
34,0.004829988509321023,-0.00534787293136638,0.0149638999918474,-0.0013148102110478706,0.010745805063285239,income,Energy_intensive,Energy intensive,2,Professional specialty
35,-0.0016847912512430929,-0.012801126614808169,0.006601051889014655,-0.007792381056189457,0.003617186710762571,income,Energy_intensive,Energy intensive,2,Professional specialty
36,-0.002430645018336265,-0.011867298031833862,0.006870504658093876,-0.007564323689563761,0.0031377208674658163,income,Energy_intensive,Energy intensive,2,Professional specialty
0,0.011860711152888007,-0.006155393449808342,0.028409319261025755,0.00233386912829848,0.022061632621912453,income,Energy_intensive,Energy intensive,3,High tech
1,0.023349279624467333,-0.006284722868781539,0.04625148189564854,0.006495063668513278,0.037456014762202186,income,Energy_intensive,Energy intensive,3,High tech
2,-0.009450105851076416,-0.027258947873674645,0.012442228210226001,-0.020724319324842526,0.0038306709916534273,income,Energy_intensive,Energy intensive,3,High tech
3,0.016492333696826594,-0.004185090940563092,0.03880666881736826,0.005277935942032739,0.029211016362426966,income,Energy_intensive,Energy intensive,3,High tech
4,0.013906899663061377,-0.0017217697759987077,0.030028329660511235,0.0042185141419910244,0.023560554999638175,income,Energy_intensive,Energy intensive,3,High tech
5,-0.018664950032358955,-0.049104174699554706,0.009839320718767374,-0.0371994434979975,-0.003496773553577425,income,Energy_intensive,Energy intensive,3,High tech
6,0.027002570577426492,0.007564979353662432,0.05018195812996576,0.014082632521310668,0.03941915090940881,income,Energy_intensive,Energy intensive,3,High tech
7,0.016595279531262528,-0.001307238660245437,0.035428601544574334,0.005861745177650462,0.02761882274718564,income,Energy_intensive,Energy intensive,3,High tech
8,0.01621177839688987,-0.008547846303345576,0.04094931369745725,0.001951663686752897,0.0322806208307524,income,Energy_intensive,Energy intensive,3,High tech
9,0.006040858010675112,-0.014293981721841386,0.02562734341494391,-0.005814346964903427,0.017175937557325563,income,Energy_intensive,Energy intensive,3,High tech
10,0.028371062025212047,0.010486418271363394,0.050786313365138405,0.01546004760765728,0.04005685151881142,income,Energy_intensive,Energy intensive,3,High tech
11,-0.010540317006913236,-0.03278844661262222,0.01108791013610909,-0.023625864884761157,0.001397817300229618,income,Energy_intensive,Energy intensive,3,High tech
12,0.04571274349615035,0.024296930019902383,0.07201807545915781,0.03284341609498777,0.06260496184766298,income,Energy_intensive,Energy intensive,3,High tech
13,0.016712846055862873,-0.008340576255229073,0.04242162017321812,0.0015362207112264124,0.0328059146651375,income,Energy_intensive,Energy intensive,3,High tech
14,-0.011575410558568679,-0.03886085820562234,0.015153660907550402,-0.028398334994671377,0.0041858510570098525,income,Energy_intensive,Energy intensive,3,High tech
15,0.004630787884279052,-0.022383666579228835,0.025438601104190134,-0.011779473748347294,0.01656172814287053,income,Energy_intensive,Energy intensive,3,High tech
16,-0.002502724763299363,-0.02748852582485008,0.025406390516546033,-0.018238774028268567,0.010498612601120135,income,Energy_intensive,Energy intensive,3,High tech
17,0.03289157076471097,0.0021148660698848687,0.059843661432045545,0.015124128521486226,0.04933670663216189,income,Energy_intensive,Energy intensive,3,High tech
18,0.008731962770950093,-0.008622232706788331,0.029065419127122433,-0.0018399881500313197,0.02168914944815022,income,Energy_intensive,Energy intensive,3,High tech
19,-0.02234944794102857,-0.05164610611014704,0.0057741000120737455,-0.040819495255242796,-0.007521440842526088,income,Energy_intensive,Energy intensive,3,High tech
20,-0.021147976504580397,-0.03578955022501383,-0.0044749259293290315,-0.030222349482359565,-0.01158143874958482,income,Energy_intensive,Energy intensive,3,High tech
21,-0.013346708079967292,-0.03182977325231924,0.008640147101053878,-0.02492728552683698,-0.0001689600501274622,income,Energy_intensive,Energy intensive,3,High tech
22,0.02332597206146,0.0050020597769305335,0.03888221107418316,0.013305842490944214,0.03340667483373637,income,Energy_intensive,Energy intensive,3,High tech
23,-0.006817266596486059,-0.026069808705320913,0.010690283122299369,-0.018021755822580813,0.004113954275141848,income,Energy_intensive,Energy intensive,3,High tech
24,0.013815914539697967,-0.00881021492117102,0.03784740050903522,-0.0008872545551570927,0.027237503644857324,income,Energy_intensive,Energy intensive,3,High tech
25,0.0017134969948713952,-0.014823845695442327,0.023107405610252228,-0.00794000388617087,0.0155889501171414,income,Energy_intensive,Energy intensive,3,High tech
26,-0.031283709380874006,-0.05087072259614986,-0.008378316167545523,-0.041939202434863515,-0.017682110009669058,income,Energy_intensive,Energy intensive,3,High tech
27,0.010550982396028032,-0.014774089234347467,0.033992407697611325,-0.005994803333674819,0.022885278349045274,income,Energy_intensive,Energy intensive,3,High tech
28,0.004759576403856004,-0.01605157195885281,0.02270907013803277,-0.008380889554352186,0.015286825907644698,income,Energy_intensive,Energy intensive,3,High tech
29,0.006218682824259822,-0.01806107602262654,0.02899391518940936,-0.008866048639076043,0.019257645405905355,income,Energy_intensive,Energy intensive,3,High tech
30,0.008245089588135279,-0.013366457426778418,0.028698217800992916,-0.005596978930488427,0.021727057474466797,income,Energy_intensive,Energy intensive,3,High tech
31,0.006502655903248292,-0.011441308792790594,0.027409302052383726,-0.005905917222435636,0.020482774846487133,income,Energy_intensive,Energy intensive,3,High tech
32,-0.01553000135583192,-0.04143711974222166,0.008318819838426519,-0.030872988336622956,-0.0014472393733536062,income,Energy_intensive,Energy intensive,3,High tech
33,-0.008782987270613288,-0.026650410963629814,0.01080727698862333,-0.019773428903536068,0.002863092184987537,income,Energy_intensive,Energy intensive,3,High tech
34,0.01310560130767049,-0.011264636484622175,0.036425587656275515,-0.00315075669118685,0.02727692517849061,income,Energy_intensive,Energy intensive,3,High tech
35,0.0010793034725011194,-0.019583499682799654,0.019788542893683505,-0.010509759684563762,0.012902414931963573,income,Energy_intensive,Energy intensive,3,High tech
36,0.021403936647631763,0.000313570725031808,0.04419332406349867,0.008118125173255462,0.034999827609183666,income,Energy_intensive,Energy intensive,3,High tech
0,0.006340072270333762,-0.014222529053776928,0.02422633057259904,-0.006463920801851877,0.017408239955132826,income,Energy_intensive,Energy intensive,4,Sales
1,0.014427832697948903,-0.015454706548849664,0.03977543401277199,-0.0020890701410418207,0.0292390460153198,income,Energy_intensive,Energy intensive,4,Sales
2,-0.03344915878505173,-0.05870658336649219,-0.012172827726220161,-0.04785366543540651,-0.019106931543217846,income,Energy_intensive,Energy intensive,4,Sales
3,-0.01083715187073628,-0.03400574717766357,0.008969360819465174,-0.022771155456560867,0.0006853409668241307,income,Energy_intensive,Energy intensive,4,Sales
4,-0.02139034403946271,-0.04067431864813345,-0.0009618734128806587,-0.03231218773328605,-0.008790118937587578,income,Energy_intensive,Energy intensive,4,Sales
5,0.03266007862004343,0.011760015118643777,0.06099335771854074,0.019416894611061424,0.04703460650820315,income,Energy_intensive,Energy intensive,4,Sales
6,-0.0038131867911617634,-0.024470380581332326,0.01777374809345234,-0.015643362208518807,0.008290790939998606,income,Energy_intensive,Energy intensive,4,Sales
7,-0.0005094182262470019,-0.024308439785041207,0.024414350483696893,-0.015954708059642223,0.012248548243595218,income,Energy_intensive,Energy intensive,4,Sales
8,-0.010101001892607757,-0.033099145261681395,0.0110921947208692,-0.02465855667000289,0.0027432223631905246,income,Energy_intensive,Energy intensive,4,Sales
9,-0.02413179690047741,-0.0429392655318345,-0.0005074018363981393,-0.0354336792736387,-0.011024970147250642,income,Energy_intensive,Energy intensive,4,Sales
10,-0.014826828219138386,-0.03552417493481308,0.01311550792798224,-0.028346431870883076,0.0009596175083980019,income,Energy_intensive,Energy intensive,4,Sales
11,0.019331350414911675,0.0009599358621215949,0.03677298165187151,0.007794045565823913,0.03024195110646949,income,Energy_intensive,Energy intensive,4,Sales
12,0.02742291054134655,0.009363044296592626,0.047827407907564,0.0161134393187823,0.039856814111022563,income,Energy_intensive,Energy intensive,4,Sales
13,-0.002583773873732748,-0.02109749726908793,0.01896538732778773,-0.013294696597289728,0.011382733502279963,income,Energy_intensive,Energy intensive,4,Sales
14,0.023801348693582802,0.0015267087811211728,0.04681672806842781,0.010009081115317583,0.03793978108251371,income,Energy_intensive,Energy intensive,4,Sales
15,0.006110955140685289,-0.009682830702888985,0.02417108771021504,-0.0041470315950330235,0.017004361955397125,income,Energy_intensive,Energy intensive,4,Sales
16,0.012640620013447554,-0.014542628231742207,0.03445696332290184,-0.002435927023245762,0.02734239642850583,income,Energy_intensive,Energy intensive,4,Sales
17,-0.003994946659288977,-0.026159150002438288,0.018565115441950455,-0.01735420422832526,0.008697012404729214,income,Energy_intensive,Energy intensive,4,Sales
18,-0.008647735770827116,-0.02909935781312086,0.018878923234053185,-0.02197600669904961,0.007353050296970439,income,Energy_intensive,Energy intensive,4,Sales
19,-0.018416736538838983,-0.04258257466639884,0.0051176403062178355,-0.03325640559605992,-0.005451269047272547,income,Energy_intensive,Energy intensive,4,Sales
20,0.027976442554272108,0.004492023022225275,0.04523205741353622,0.01484117395529778,0.04018747686710951,income,Energy_intensive,Energy intensive,4,Sales
21,-0.03884737320360259,-0.061780674029918714,-0.011231896090981068,-0.053966928549138565,-0.021915797798809023,income,Energy_intensive,Energy intensive,4,Sales
22,-0.017976219340131123,-0.03898700639220916,0.004084672703239173,-0.030760770998837467,-0.004975230356037157,income,Energy_intensive,Energy intensive,4,Sales
23,-0.011887069826344776,-0.02872307412319096,0.010868486073065465,-0.0218911260145585,7.766489456706438e-5,income,Energy_intensive,Energy intensive,4,Sales
24,-0.030791155034672103,-0.04915934185409003,-0.017300841046481382,-0.04106782848037039,-0.022032678597056918,income,Energy_intensive,Energy intensive,4,Sales
25,0.0019503593012886217,-0.023958783685767527,0.02537084827138759,-0.012063340341956816,0.015468693093633286,income,Energy_intensive,Energy intensive,4,Sales
26,0.021918256301574925,-0.0057923796015540326,0.06325794087250917,0.005459414710025097,0.050245578558082135,income,Energy_intensive,Energy intensive,4,Sales
27,0.014667182138565956,-0.011647168725189684,0.03479315392910162,9.773546554986412e-6,0.02554377088806089,income,Energy_intensive,Energy intensive,4,Sales
28,0.031269066312936813,0.013032618351453307,0.05045111394796288,0.02151948627998529,0.042754756936910276,income,Energy_intensive,Energy intensive,4,Sales
29,-0.011753997731150196,-0.034566908124357414,0.010179104655602662,-0.025805457594986907,0.0005155839740564883,income,Energy_intensive,Energy intensive,4,Sales
30,0.00021459943266563536,-0.017957498083881744,0.018752402827586813,-0.01039330349504619,0.011291560378520023,income,Energy_intensive,Energy intensive,4,Sales
31,0.0119624782362944,-0.011748916508400986,0.031639537929195445,-0.0027855284774208466,0.02508557049644732,income,Energy_intensive,Energy intensive,4,Sales
32,-0.01879439328308114,-0.03804853551328507,0.00021152186503002254,-0.030815479670938194,-0.006582371768614783,income,Energy_intensive,Energy intensive,4,Sales
33,-0.021066721428825496,-0.04608999617403936,0.004575777678198813,-0.03572008896829656,-0.005534210913784981,income,Energy_intensive,Energy intensive,4,Sales
34,-0.031937105490110064,-0.05985588371870104,-0.008615489772468895,-0.04781392608704982,-0.01862506876985799,income,Energy_intensive,Energy intensive,4,Sales
35,-0.00970152830798162,-0.0334116925203546,0.012747419952227806,-0.023578051450090565,0.00474992675117461,income,Energy_intensive,Energy intensive,4,Sales
36,0.011452340625188219,-0.008116039825196784,0.03847063526675878,-0.0009569243971790826,0.025530699549378852,income,Energy_intensive,Energy intensive,4,Sales
0,-0.0004964907074515967,-0.006799144039259043,0.0050925123639632905,-0.00434246270307427,0.0029321332725317914,income,Energy_intensive,Energy intensive,5,Administrative support
1,0.0030428896614550075,-0.002849046963691412,0.009961061975330294,-0.0006837881319839431,0.007223136363966966,income,Energy_intensive,Energy intensive,5,Administrative support
2,0.0030684358641146795,-0.0017267643252394374,0.008371672503298889,0.0005865282757778097,0.006177109362073989,income,Energy_intensive,Energy intensive,5,Administrative support
3,0.0005137951159351951,-0.005594922171248426,0.006337171218175775,-0.002734425697116175,0.003620536276055492,income,Energy_intensive,Energy intensive,5,Administrative support
4,0.004093817779869696,-0.0012626612403228129,0.008679826150306685,0.0006434815043073216,0.006828941447015491,income,Energy_intensive,Energy intensive,5,Administrative support
5,0.0005323691320053802,-0.007066863988178497,0.006893391290514152,-0.004052249469624774,0.004124804982146991,income,Energy_intensive,Energy intensive,5,Administrative support
6,-0.003957841731548967,-0.009611313472602096,0.0017377786884519983,-0.007370624549707024,-0.0005006437647370526,income,Energy_intensive,Energy intensive,5,Administrative support
7,-4.8511897340857283e-5,-0.006250029849139626,0.006564040490918232,-0.003816592905262267,0.003959852574128989,income,Energy_intensive,Energy intensive,5,Administrative support
8,0.005122175010565773,-0.00016526037940864293,0.011488178448312252,0.0020035277170898976,0.008544917316890293,income,Energy_intensive,Energy intensive,5,Administrative support
9,-0.003486055530196962,-0.009851905613090326,0.0032160194898275445,-0.006960197017019618,0.0009942032104614572,income,Energy_intensive,Energy intensive,5,Administrative support
10,-0.0028960982409993487,-0.010157825801049476,0.002655190750916997,-0.00721400199161614,0.00014640831326448445,income,Energy_intensive,Energy intensive,5,Administrative support
11,0.003471322777499902,-0.002495223351028186,0.009942932192151656,0.0001957819755215905,0.007033851667882465,income,Energy_intensive,Energy intensive,5,Administrative support
12,-0.004301465089958249,-0.011049742632980022,0.0022770204028066095,-0.008395605898862972,-0.0002681650565222616,income,Energy_intensive,Energy intensive,5,Administrative support
13,-0.0014166387481563912,-0.007992894211174485,0.004288607189902905,-0.00520403789660791,0.001934280988910299,income,Energy_intensive,Energy intensive,5,Administrative support
14,-0.004386235302572644,-0.01008332132100877,0.0007880656729945994,-0.0073870520803559535,-0.0012140393573040796,income,Energy_intensive,Energy intensive,5,Administrative support
15,0.002761947633418107,-0.0023745275594813098,0.008539063806135228,-0.00025304950999096437,0.006503393604094205,income,Energy_intensive,Energy intensive,5,Administrative support
16,0.005933399803935391,-3.200400417427418e-5,0.011893357179408637,0.0026675318686040315,0.009251588986508005,income,Energy_intensive,Energy intensive,5,Administrative support
17,-0.0034903594951071824,-0.009969613210660404,0.002722311240346481,-0.007610959170578016,-9.35383700292839e-5,income,Energy_intensive,Energy intensive,5,Administrative support
18,0.0035498165379918806,-0.004254393377385618,0.010101883866264854,-0.0011169858129557344,0.007677737099841207,income,Energy_intensive,Energy intensive,5,Administrative support
19,0.0030334565375909183,-0.0028979889602165146,0.010113430167790653,-0.000534445930963422,0.007019861159830996,income,Energy_intensive,Energy intensive,5,Administrative support
20,0.003725849367582975,-0.001578041308696444,0.009239452983434992,0.000652964966517264,0.006844073019517854,income,Energy_intensive,Energy intensive,5,Administrative support
21,-0.0011471820153659221,-0.007954064016146347,0.00413871129191689,-0.004995095085447189,0.00242782414340414,income,Energy_intensive,Energy intensive,5,Administrative support
22,0.0014668006687623724,-0.004200173988178585,0.0073800813743216025,-0.0020799690038103566,0.004696639517489176,income,Energy_intensive,Energy intensive,5,Administrative support
23,-0.0011397981408275658,-0.007498971608207004,0.0035548843372121865,-0.005154744390527722,0.0017985535056712822,income,Energy_intensive,Energy intensive,5,Administrative support
24,0.008333006667635902,0.0036822173644214043,0.013624028389398937,0.004987688946522003,0.011353496048401433,income,Energy_intensive,Energy intensive,5,Administrative support
25,0.005285595170349109,-0.0032837587093025884,0.012269865825669406,0.00027376628657735293,0.009432224461920803,income,Energy_intensive,Energy intensive,5,Administrative support
26,-8.904758757346717e-5,-0.00518656592177483,0.005668568560462525,-0.0034725786985889354,0.003082028648538896,income,Energy_intensive,Energy intensive,5,Administrative support
27,0.0028307042103559396,-0.0031432917882751586,0.008452709114641478,-0.0009830191653506948,0.0059667922611873585,income,Energy_intensive,Energy intensive,5,Administrative support
28,2.0082537123643812e-5,-0.005269579312279194,0.005849394641653131,-0.0033558444974607715,0.003692890865428721,income,Energy_intensive,Energy intensive,5,Administrative support
29,-0.0018853770937909801,-0.008113739820742323,0.0046838011645457004,-0.005529772491736953,0.00201627473342241,income,Energy_intensive,Energy intensive,5,Administrative support
30,-0.003273647826149193,-0.009659380819648226,0.0020965807746295075,-0.0070591467892476955,-4.2824161613084794e-5,income,Energy_intensive,Energy intensive,5,Administrative support
31,0.005537632505221185,-7.734697011304702e-5,0.01272406925456434,0.0021816607872688627,0.00967671853478446,income,Energy_intensive,Energy intensive,5,Administrative support
32,0.0012072325666031252,-0.004073130924197957,0.006653622053855623,-0.002080281007617195,0.004662720654339498,income,Energy_intensive,Energy intensive,5,Administrative support
33,0.005417606668047149,-0.00015615915758764465,0.01120082684002699,0.002081923143016346,0.008931870647477982,income,Energy_intensive,Energy intensive,5,Administrative support
34,-0.00013393278527942552,-0.007604174385955352,0.007972586493656328,-0.004585953641818445,0.004577215036479412,income,Energy_intensive,Energy intensive,5,Administrative support
35,-0.0034439371804624278,-0.008770189962109428,0.0013036361934985973,-0.006589949120535592,-0.0007675848420337361,income,Energy_intensive,Energy intensive,5,Administrative support
36,-0.0030019388063155647,-0.007899135062041634,0.003288868255324595,-0.006012425631900449,0.0009512413801850235,income,Energy_intensive,Energy intensive,5,Administrative support
0,0.025460494309677267,0.007101660574119727,0.04863442981274961,0.014306875859006042,0.03962688600057318,income,Energy_intensive,Energy intensive,6,Service
1,-0.0016438068588629077,-0.04323951431171664,0.02642510739916586,-0.02577666977615689,0.016384375311848706,income,Energy_intensive,Energy intensive,6,Service
2,0.022056428910331913,-0.020177229372017148,0.07445252674551525,-0.0019000474272935532,0.04810329327886033,income,Energy_intensive,Energy intensive,6,Service
3,0.06410951790861436,0.03624266175431359,0.10336123761255883,0.046633323401536336,0.08841742453430672,income,Energy_intensive,Energy intensive,6,Service
4,0.010864408532309078,-0.027892838926191592,0.04046414686540156,-0.008659933064620182,0.02978933439726526,income,Energy_intensive,Energy intensive,6,Service
5,0.0010743388116249237,-0.029532873101181956,0.02749057729692831,-0.016455984830654715,0.017144224482729516,income,Energy_intensive,Energy intensive,6,Service
6,0.013077472033623276,-0.022268069648996247,0.04832766083440212,-0.008479692402263253,0.03472600636045329,income,Energy_intensive,Energy intensive,6,Service
7,0.021580185208284187,-0.008021424374620029,0.06022895772352463,0.004249724573114084,0.041867877295973646,income,Energy_intensive,Energy intensive,6,Service
8,-0.00701053114921401,-0.05441274356493161,0.015740567044947897,-0.036255290367645146,0.008642313570675571,income,Energy_intensive,Energy intensive,6,Service
9,0.03241171515436117,0.003065156562215794,0.05962811404129454,0.018439863136661058,0.047961453516522506,income,Energy_intensive,Energy intensive,6,Service
10,-0.012899594086089237,-0.03832712950304744,0.013768374706959782,-0.030270697616760697,0.002837868458278752,income,Energy_intensive,Energy intensive,6,Service
11,0.02603188901708362,-0.023523453793703162,0.06677006909687652,-0.004297380101753706,0.050849201803087565,income,Energy_intensive,Energy intensive,6,Service
12,0.02069661044032902,-0.007860869176346347,0.050804002849537344,0.003462380180323032,0.038790494301211585,income,Energy_intensive,Energy intensive,6,Service
13,-0.000709643238192363,-0.026908988869316922,0.024918632039839395,-0.017280467204990154,0.013795546850510737,income,Energy_intensive,Energy intensive,6,Service
14,0.029703957938981482,-0.0022871354893726527,0.06101791501409157,0.009903576752306766,0.048921623096767425,income,Energy_intensive,Energy intensive,6,Service
15,0.015501266761728718,-0.011533986959572046,0.04829381353300766,0.000724254880379931,0.03597934492989714,income,Energy_intensive,Energy intensive,6,Service
16,-0.02865419151441622,-0.057369977726104526,0.00479219889049913,-0.04656449268452249,-0.012092173818621616,income,Energy_intensive,Energy intensive,6,Service
17,-0.040244110587657644,-0.06992979679180072,-0.01503691877740235,-0.055814385709584496,-0.025588844093157814,income,Energy_intensive,Energy intensive,6,Service
18,0.02725342762032336,0.006653668147393151,0.05372210594416886,0.013926388105058423,0.0437659683475846,income,Energy_intensive,Energy intensive,6,Service
19,-0.012111781883309896,-0.03780981118924432,0.015828690927218905,-0.028803061218773497,0.004460117678698066,income,Energy_intensive,Energy intensive,6,Service
20,-0.003961163861206853,-0.03439172246206325,0.031159188377413147,-0.02297236191531059,0.01760290880684755,income,Energy_intensive,Energy intensive,6,Service
21,-0.014198991769906725,-0.03966707409713519,0.012087601053091758,-0.030281500621604646,0.0023973379642974416,income,Energy_intensive,Energy intensive,6,Service
22,0.01548640422188171,-0.026095232922033598,0.04701481436787968,-0.008824752364674338,0.03731758156283713,income,Energy_intensive,Energy intensive,6,Service
23,0.025433440582376236,-0.003858152460043684,0.04669124294228173,0.009650029283601088,0.03982023455988899,income,Energy_intensive,Energy intensive,6,Service
24,0.04619265013503508,-0.002811732983695754,0.0825355523452658,0.020960578606225272,0.06580740660599524,income,Energy_intensive,Energy intensive,6,Service
25,0.00828428653307737,-0.03567791247759832,0.05423276451677401,-0.01792800776544643,0.030485182810571637,income,Energy_intensive,Energy intensive,6,Service
26,0.007169398288153294,-0.01820976670290895,0.037628744662106216,-0.009502079860934286,0.02351153886321176,income,Energy_intensive,Energy intensive,6,Service
27,-0.012973975442818897,-0.052308019684451965,0.03480653810131813,-0.03972545482915694,0.014446211755884604,income,Energy_intensive,Energy intensive,6,Service
28,0.01103726656894629,-0.023636366694858482,0.04622455762990875,-0.008932273507188112,0.03250887335834467,income,Energy_intensive,Energy intensive,6,Service
29,0.008543078924459541,-0.04581170253744781,0.04387610636356654,-0.022953256625838254,0.031021675383525578,income,Energy_intensive,Energy intensive,6,Service
30,0.021083942076352214,-0.010330696405939557,0.05891438021784155,0.0006607746586971622,0.04128515335624114,income,Energy_intensive,Energy intensive,6,Service
31,0.025570938241273166,-0.002943093086662546,0.053546629645205554,0.008580792344973623,0.0404998276788273,income,Energy_intensive,Energy intensive,6,Service
32,-0.016181738957862953,-0.06415227341949854,0.030720278807935163,-0.04065785451673762,0.013412380985371074,income,Energy_intensive,Energy intensive,6,Service
33,-0.005875333691778369,-0.04453675947011407,0.029876835468825642,-0.030744897026655248,0.015759198987716147,income,Energy_intensive,Energy intensive,6,Service
34,0.047779531373027935,0.01813841526740292,0.07280433584643899,0.028714183282202432,0.061719404891303314,income,Energy_intensive,Energy intensive,6,Service
35,-0.025523357988487285,-0.04987435023554236,-0.004969704375806783,-0.03989853684322159,-0.011299376455903041,income,Energy_intensive,Energy intensive,6,Service
36,0.03614768471643587,-0.0034339919694300128,0.11161154408748286,0.01583644947118821,0.08384298157964887,income,Energy_intensive,Energy intensive,6,Service
0,2.9572771189036927e-5,-0.009405003429817206,0.009165331715347077,-0.005778146863137704,0.0051547050143964735,income,Energy_intensive,Energy intensive,7,Farming/forestry/construction
1,-0.006255046982733352,-0.01685831103366326,0.0041552127108538265,-0.013055982889717424,6.503564865827875e-5,income,Energy_intensive,Energy intensive,7,Farming/forestry/construction
2,-0.010955089079698097,-0.020751558827080872,-0.0023748875514326157,-0.016907850629995877,-0.006007002692927774,income,Energy_intensive,Energy intensive,7,Farming/forestry/construction
3,-0.0058722561841143,-0.014176989187499354,0.003478770830608594,-0.011247742894483954,1.8952338746323558e-6,income,Energy_intensive,Energy intensive,7,Farming/forestry/construction
4,-0.01101757844017624,-0.021591134129503878,-0.0009129036516447968,-0.01761698555612972,-0.004965590030592095,income,Energy_intensive,Energy intensive,7,Farming/forestry/construction
5,0.004183979273414528,-0.005352246511359085,0.014883025234285759,-0.0018595760298898596,0.009230813718201093,income,Energy_intensive,Energy intensive,7,Farming/forestry/construction
6,-0.000185272885465711,-0.00880240609343074,0.011248555327689891,-0.00541861464165245,0.006862857995795473,income,Energy_intensive,Energy intensive,7,Farming/forestry/construction
7,-0.007780363091420295,-0.018209493434307333,0.0019343099196202796,-0.013906517723578815,-0.0020690018878219947,income,Energy_intensive,Energy intensive,7,Farming/forestry/construction
8,-0.011316823399707278,-0.020568906692351265,-0.0010044077305768305,-0.01659542919143904,-0.004563859832169472,income,Energy_intensive,Energy intensive,7,Farming/forestry/construction
9,0.006558083249240139,-0.004602815313347949,0.020159260142570076,-0.00011706986562242099,0.01359946516086007,income,Energy_intensive,Energy intensive,7,Farming/forestry/construction
10,-0.003046262268143608,-0.01417029179566259,0.008660704525587724,-0.009923800391476195,0.003906527206358438,income,Energy_intensive,Energy intensive,7,Farming/forestry/construction
11,0.006032320809359273,-0.0033866324679628565,0.015569124504973064,0.00028063492439345337,0.012144401480629155,income,Energy_intensive,Energy intensive,7,Farming/forestry/construction
12,0.006994231557701771,-0.0032273404739999187,0.015318990612349072,0.0011025654117754963,0.012186862524651166,income,Energy_intensive,Energy intensive,7,Farming/forestry/construction
13,0.010520195169844595,0.002057229179000525,0.020582839103589243,0.005529086315409575,0.016350058092878057,income,Energy_intensive,Energy intensive,7,Farming/forestry/construction
14,-0.0012114890975791325,-0.010738697849338952,0.007810889131504684,-0.007176816935436931,0.003808545268728842,income,Energy_intensive,Energy intensive,7,Farming/forestry/construction
15,-0.008099068637707905,-0.016373957318369412,-1.977033252749047e-5,-0.013084690044637692,-0.00279733237963011,income,Energy_intensive,Energy intensive,7,Farming/forestry/construction
16,0.0016091358726312028,-0.007772541801987344,0.010032393950103774,-0.003946642667557904,0.006024614467896665,income,Energy_intensive,Energy intensive,7,Farming/forestry/construction
17,-0.005030654020373764,-0.016235755466105173,0.006896145894141326,-0.011746083392344574,0.0017251732476876664,income,Energy_intensive,Energy intensive,7,Farming/forestry/construction
18,-0.011041454769442143,-0.01887910974639137,-0.0029579471820669525,-0.015627183529507038,-0.005897360858159875,income,Energy_intensive,Energy intensive,7,Farming/forestry/construction
19,0.004166253734017042,-0.005974431619580645,0.013712971731104542,-0.0014014898006607006,0.009403763040539203,income,Energy_intensive,Energy intensive,7,Farming/forestry/construction
20,0.004072045609507066,-0.005288476942659307,0.011868395996460866,-0.0018914718746521862,0.008946250084918672,income,Energy_intensive,Energy intensive,7,Farming/forestry/construction
21,-0.006102207182264462,-0.016157421342613366,0.004495263406795185,-0.012091534360997375,0.00040497330701756793,income,Energy_intensive,Energy intensive,7,Farming/forestry/construction
22,-0.004617694339522969,-0.013077434034633044,0.004697179502263907,-0.009428577249407086,0.0010907490143084939,income,Energy_intensive,Energy intensive,7,Farming/forestry/construction
23,-0.012200295942881344,-0.02099034519319035,-0.0022580265538825074,-0.0178166992569613,-0.006064674787384746,income,Energy_intensive,Energy intensive,7,Farming/forestry/construction
24,-0.01759420579375698,-0.028681314086746595,-0.008903441879239507,-0.024250409598643732,-0.01242288252565166,income,Energy_intensive,Energy intensive,7,Farming/forestry/construction
25,-0.007181330039343379,-0.01637867143043428,0.0009010210648360221,-0.01310065285164387,-0.002065206994787153,income,Energy_intensive,Energy intensive,7,Farming/forestry/construction
26,0.004039518585158591,-0.005175273911236733,0.018348116408240266,-0.002280175394987466,0.011999525823926575,income,Energy_intensive,Energy intensive,7,Farming/forestry/construction
27,0.01170116154857377,0.0009480936242736455,0.02044309002088894,0.005651388973203181,0.017221369697652797,income,Energy_intensive,Energy intensive,7,Farming/forestry/construction
28,-0.0020303352868029675,-0.01321256597403996,0.007666206190759977,-0.0083410368319968,0.004165075007686344,income,Energy_intensive,Energy intensive,7,Farming/forestry/construction
29,-0.0019345643932708533,-0.012713527829395985,0.008144845619942158,-0.008780405283213421,0.004825110853648552,income,Energy_intensive,Energy intensive,7,Farming/forestry/construction
30,-0.004530626933890252,-0.016082854458965453,0.00792893778818514,-0.011047404550574767,0.002160030359577232,income,Energy_intensive,Energy intensive,7,Farming/forestry/construction
31,0.009070645472696906,0.00015808631323795813,0.01891076760614485,0.0037258499728440456,0.014706375312974158,income,Energy_intensive,Energy intensive,7,Farming/forestry/construction
32,-0.001889014500961832,-0.013831667054830365,0.01247316102588858,-0.009759659261432215,0.008245494707569974,income,Energy_intensive,Energy intensive,7,Farming/forestry/construction
33,-0.0001685870233081164,-0.009709409481754324,0.010652237827022851,-0.005728899974952206,0.00607612123846584,income,Energy_intensive,Energy intensive,7,Farming/forestry/construction
34,0.0006678420825945063,-0.007498858747011389,0.01019259483336188,-0.00429002503529867,0.00591302675269726,income,Energy_intensive,Energy intensive,7,Farming/forestry/construction
35,-0.0009890227372697671,-0.012121100503089647,0.01030219648040007,-0.008171912441762411,0.006107220845991925,income,Energy_intensive,Energy intensive,7,Farming/forestry/construction
36,-0.0022570852393936753,-0.010954622852547353,0.005328120795759721,-0.008060305242947308,0.002220042057669494,income,Energy_intensive,Energy intensive,7,Farming/forestry/construction
0,-0.005672099567548536,-0.011130491369196437,-0.0006610140428325471,-0.00912869911743553,-0.002625236051196427,income,Energy_intensive,Energy intensive,8,Precision production/repair
1,-0.0037983067517223545,-0.009816853796896887,0.0013739978710881466,-0.006980435715787403,-0.000670010795530009,income,Energy_intensive,Energy intensive,8,Precision production/repair
2,-0.007081387950596948,-0.011481600103335108,-0.0022629762362504904,-0.009501059630520057,-0.003814996528640001,income,Energy_intensive,Energy intensive,8,Precision production/repair
3,-0.01058701724735205,-0.016450860334926674,-0.004216405298719453,-0.013844841413839687,-0.006457027035855976,income,Energy_intensive,Energy intensive,8,Precision production/repair
4,-0.004934158723545977,-0.011198922245553525,0.0003589925045109823,-0.00888262132151824,-0.0015361181990992167,income,Energy_intensive,Energy intensive,8,Precision production/repair
5,-0.0017270183696121136,-0.00787634397833352,0.0038999916438009425,-0.0051668076027652126,0.0018638477725232167,income,Energy_intensive,Energy intensive,8,Precision production/repair
6,-0.004682365482423654,-0.011456413094164286,0.003007054923160805,-0.00860268644998098,-0.0005785315002566679,income,Energy_intensive,Energy intensive,8,Precision production/repair
7,-0.0031784862264813744,-0.008593926057313506,0.0015366259945037261,-0.00628347209388145,-0.00038393076250903746,income,Energy_intensive,Energy intensive,8,Precision production/repair
8,-0.004733689753608227,-0.009639005610233179,0.00037768094045251277,-0.007771567059814051,-0.0012784349994442441,income,Energy_intensive,Energy intensive,8,Precision production/repair
9,-0.00681571862824138,-0.012068441066703786,-0.0012742232024932007,-0.009807432344242611,-0.0034840900500301905,income,Energy_intensive,Energy intensive,8,Precision production/repair
10,-0.0052185768341699275,-0.011666725805701982,0.0010620423518737558,-0.008920296705512164,-0.0009254067199603805,income,Energy_intensive,Energy intensive,8,Precision production/repair
11,0.006543424259450279,-0.000985228926375435,0.013741330081967477,0.0024392984712795236,0.011204185956378721,income,Energy_intensive,Energy intensive,8,Precision production/repair
12,-0.0038011312276648294,-0.012187987761816595,0.003237501584635745,-0.009032850380467916,0.0003952010977171555,income,Energy_intensive,Energy intensive,8,Precision production/repair
13,0.0029985818873839638,-0.0022556818204655907,0.008137251507977296,-6.020318718725007e-5,0.005966744266843859,income,Energy_intensive,Energy intensive,8,Precision production/repair
14,0.005155026725772948,-1.5510107215852345e-5,0.011112054590644065,0.0019870624533547166,0.008305658158270154,income,Energy_intensive,Energy intensive,8,Precision production/repair
15,-0.007669577082253562,-0.013317608517732423,-0.0021639125805392413,-0.011197591304836371,-0.0039893841073184826,income,Energy_intensive,Energy intensive,8,Precision production/repair
16,-0.0014435609177716373,-0.009234824127880296,0.006127317012267321,-0.006195588019966168,0.0030998696073969026,income,Energy_intensive,Energy intensive,8,Precision production/repair
17,-0.0012875076565620884,-0.007066890891015627,0.004570294038751565,-0.004654009060078908,0.0022636430447596596,income,Energy_intensive,Energy intensive,8,Precision production/repair
18,-0.003907050330977185,-0.010122387280414178,0.0032985992527826474,-0.0076445337746984705,0.00020074486714341186,income,Energy_intensive,Energy intensive,8,Precision production/repair
19,-0.0018349658894529493,-0.007757999759247059,0.003536267286701878,-0.005437251995809655,0.00142354263797683,income,Energy_intensive,Energy intensive,8,Precision production/repair
20,0.0009636468298501189,-0.005270785506101374,0.006610825949157495,-0.0025587117180785384,0.004315590328206201,income,Energy_intensive,Energy intensive,8,Precision production/repair
21,0.0010903222316924034,-0.003621108139481617,0.006594403979451043,-0.0018335942092596448,0.004273224242497743,income,Energy_intensive,Energy intensive,8,Precision production/repair
22,-0.0009586315458018702,-0.007597354496040442,0.007301088316078765,-0.005141934497128128,0.003766784585312096,income,Energy_intensive,Energy intensive,8,Precision production/repair
23,-0.0049375366673772335,-0.010071507840748808,0.0004616397536392515,-0.008079493460336188,-0.0017545479243934467,income,Energy_intensive,Energy intensive,8,Precision production/repair
24,0.00245347352462424,-0.004999549367388762,0.0091543117176201,-0.0022216381736420753,0.00655598346603583,income,Energy_intensive,Energy intensive,8,Precision production/repair
25,0.0041171788592756515,-0.0019156577941597816,0.010295896132457398,0.0007922056843247148,0.007277533323029292,income,Energy_intensive,Energy intensive,8,Precision production/repair
26,0.004079279133474922,-0.0006457728888143782,0.009744890818618084,0.0011398437558451761,0.007136418028262209,income,Energy_intensive,Energy intensive,8,Precision production/repair
27,-0.007487433725952867,-0.015078785799830664,-0.0014369315712990313,-0.012206125556594241,-0.003917136551026575,income,Energy_intensive,Energy intensive,8,Precision production/repair
28,-0.006448186019081699,-0.01267335813441138,0.00015895484376530263,-0.010350223274014752,-0.002781300637758253,income,Energy_intensive,Energy intensive,8,Precision production/repair
29,0.0033052773265272754,-0.002221449125688199,0.00853050856316032,0.00025037783093161516,0.006171182557496066,income,Energy_intensive,Energy intensive,8,Precision production/repair
30,0.00238524129772199,-0.003196115972408118,0.007919113148016417,-0.001484205876002335,0.005828092555944899,income,Energy_intensive,Energy intensive,8,Precision production/repair
31,0.005994594155597593,-0.0006232746899549049,0.0128431496729847,0.002033984820308514,0.010212653331971678,income,Energy_intensive,Energy intensive,8,Precision production/repair
32,-0.0026387214060417372,-0.009380897483997416,0.003057332962438841,-0.006666241988856056,0.0012053512851741533,income,Energy_intensive,Energy intensive,8,Precision production/repair
33,-0.00917815245617435,-0.01660063255764493,0.00022672053961288706,-0.014110906127848393,-0.00414798678181028,income,Energy_intensive,Energy intensive,8,Precision production/repair
34,-0.002603685481989161,-0.010235883881894843,0.006928463343241345,-0.0073024274098996075,0.003094801452478959,income,Energy_intensive,Energy intensive,8,Precision production/repair
35,-0.0062357448421214,-0.012796114542930729,0.00013181766412160342,-0.010188415247275519,-0.0023287500316641853,income,Energy_intensive,Energy intensive,8,Precision production/repair
36,-0.007471049903482487,-0.017973165661946074,0.000949581256327674,-0.014246766021484406,-0.002768597327331513,income,Energy_intensive,Energy intensive,8,Precision production/repair
0,-0.00019024097651433141,-0.004906947890831861,0.005039810513972994,-0.002905594878565473,0.002560579096107862,income,Energy_intensive,Energy intensive,9,Machine operators/transport
1,-0.0039733400758877515,-0.00798565042931619,0.0004730508200980659,-0.00673145917666082,-0.0014174436489431653,income,Energy_intensive,Energy intensive,9,Machine operators/transport
2,-0.00235559877696175,-0.0076902033809558065,0.003216293087759565,-0.005556189844555552,0.000988962902124481,income,Energy_intensive,Energy intensive,9,Machine operators/transport
3,0.005229682203360392,0.0006982844670398248,0.01066551167255465,0.002309797636277245,0.008348799223709303,income,Energy_intensive,Energy intensive,9,Machine operators/transport
4,-0.008086023919648739,-0.013429323235861317,-0.0026526474197476153,-0.011070795302067196,-0.0047460739417980995,income,Energy_intensive,Energy intensive,9,Machine operators/transport
5,0.005301405196775125,0.0008850243384996024,0.010710460767295477,0.0025998342631226167,0.008413938357835767,income,Energy_intensive,Energy intensive,9,Machine operators/transport
6,0.0009126608225669148,-0.004902237617176797,0.0065492943427770435,-0.0022650298479165586,0.004047077020586152,income,Energy_intensive,Energy intensive,9,Machine operators/transport
7,0.0024169642495717267,-0.0034636713150549272,0.008256260161464007,-0.0011284201073474692,0.005718018751261116,income,Energy_intensive,Energy intensive,9,Machine operators/transport
8,-0.007357929549377595,-0.013246091846935228,-0.001596457881315229,-0.010606896436642324,-0.004206596897609438,income,Energy_intensive,Energy intensive,9,Machine operators/transport
9,0.0019720438093755355,-0.002892928140556,0.006911687947867588,-0.0012010046568845805,0.0049813991262537315,income,Energy_intensive,Energy intensive,9,Machine operators/transport
10,0.0029445973367958076,-0.003106534864753278,0.00985804316527705,-0.0008082824676662486,0.006869896267860309,income,Energy_intensive,Energy intensive,9,Machine operators/transport
11,-0.00427085072906201,-0.009494306521134276,0.0007789547711881282,-0.007180142809193589,-0.0010936366550582423,income,Energy_intensive,Energy intensive,9,Machine operators/transport
12,-0.0006627304060124131,-0.005600924019731477,0.0044326297223751905,-0.003526636315188352,0.0027014680739479947,income,Energy_intensive,Energy intensive,9,Machine operators/transport
13,0.00724275442027587,0.0025505832489252835,0.012042382205062,0.004468245159135769,0.010040551760130969,income,Energy_intensive,Energy intensive,9,Machine operators/transport
14,0.012289574754074602,0.007734726516395891,0.017583415013711492,0.009449305275173622,0.01584015512919548,income,Energy_intensive,Energy intensive,9,Machine operators/transport
15,0.005388374657003122,0.0009254457784765415,0.011543360567999383,0.0024614132395179887,0.009300223916727194,income,Energy_intensive,Energy intensive,9,Machine operators/transport
16,0.003434870250574215,-0.0015170026974626548,0.008798080533275139,0.0002659372547385917,0.006665148787319677,income,Energy_intensive,Energy intensive,9,Machine operators/transport
17,-0.0066942868163693365,-0.012680181402438023,-0.0008723204449377908,-0.01034764498782185,-0.0029538750658241932,income,Energy_intensive,Energy intensive,9,Machine operators/transport
18,-0.003426293187769471,-0.007984915866835165,0.0013653974429870285,-0.006180249961591217,-0.0005565285933442246,income,Energy_intensive,Energy intensive,9,Machine operators/transport
19,-0.0005866219075291473,-0.00652110241106292,0.004968714846774611,-0.004119041558431992,0.003071909949303164,income,Energy_intensive,Energy intensive,9,Machine operators/transport
20,0.0024026038837344807,-0.003219882678100166,0.008178020665162794,-0.0009539036132853807,0.005678283072869034,income,Energy_intensive,Energy intensive,9,Machine operators/transport
21,-0.000927668124805015,-0.005446885056087336,0.004190425278826312,-0.0038778176174076463,0.002002740454820944,income,Energy_intensive,Energy intensive,9,Machine operators/transport
22,0.006357610324104336,0.00136523042628985,0.012008008104592838,0.0034361669581934183,0.009537346063469144,income,Energy_intensive,Energy intensive,9,Machine operators/transport
23,0.005373701303536342,0.0003623613144554498,0.010773082683046574,0.0022400888826663713,0.008356265074037656,income,Energy_intensive,Energy intensive,9,Machine operators/transport
24,0.00531838921493856,-0.0007820354121664107,0.011118039037833819,0.0013705192885926322,0.008781202951461136,income,Energy_intensive,Energy intensive,9,Machine operators/transport
25,0.0013670507101152484,-0.004309656955104223,0.007555636706687574,-0.002058702373559881,0.00540304684330712,income,Energy_intensive,Energy intensive,9,Machine operators/transport
26,-7.329800975680898e-5,-0.005163398265575961,0.006068339372778223,-0.0030666577850283054,0.0032496941772519067,income,Energy_intensive,Energy intensive,9,Machine operators/transport
27,0.003131527464722314,-0.002301575749639826,0.0082578935121034,-5.54736768866651e-5,0.006178197458178353,income,Energy_intensive,Energy intensive,9,Machine operators/transport
28,0.0034202485775034833,-0.002173078402075138,0.008433986630233618,0.00022338879772325435,0.0064519020869982565,income,Energy_intensive,Energy intensive,9,Machine operators/transport
29,-0.001267118763775753,-0.006756726878736416,0.005053418934439854,-0.004785687429582497,0.0027460534703363524,income,Energy_intensive,Energy intensive,9,Machine operators/transport
30,-0.0023388218013401987,-0.007655813192566182,0.0033260095490344893,-0.005254604790816705,0.00046910853722235187,income,Energy_intensive,Energy intensive,9,Machine operators/transport
31,0.0023193038538216163,-0.0021806395634577287,0.007527085380908852,-0.00019162644837992637,0.004946261018904232,income,Energy_intensive,Energy intensive,9,Machine operators/transport
32,-0.0013299544748625737,-0.006317935703331617,0.0044816497027800415,-0.004346364242353811,0.0018646579553826623,income,Energy_intensive,Energy intensive,9,Machine operators/transport
33,0.0015083882870756437,-0.004058195654107422,0.007219090954382439,-0.0020071368796156664,0.005094454482006764,income,Energy_intensive,Energy intensive,9,Machine operators/transport
34,0.002328369104569537,-0.0024076804904871623,0.007800724125375847,-0.0010987099811938395,0.005524017302053233,income,Energy_intensive,Energy intensive,9,Machine operators/transport
35,0.0014692773650312816,-0.003600145666429493,0.006183875899197346,-0.0015386344989850571,0.004381105188150832,income,Energy_intensive,Energy intensive,9,Machine operators/transport
36,-0.0007784078499761166,-0.008709695383988289,0.005692506314890974,-0.005017844035032005,0.003048622739859846,income,Energy_intensive,Energy intensive,9,Machine operators/transport
0,-0.00029201670884456104,-0.00412742893352228,0.0038813483664081414,-0.0026219640248184,0.0021507351783997836,income,Manufacturing_Construction,Mfg. + construction,1,Managerial
1,-0.001817727865136673,-0.005875187412952163,0.002398736668155243,-0.004232891701752847,0.0008672825119255126,income,Manufacturing_Construction,Mfg. + construction,1,Managerial
2,0.005210585799581881,0.0012090243884949241,0.008760949625271196,0.002724862588853462,0.00742588222439746,income,Manufacturing_Construction,Mfg. + construction,1,Managerial
3,0.007691591007169595,0.0035731819837357083,0.012028434940589429,0.005050227382806138,0.010322445641400176,income,Manufacturing_Construction,Mfg. + construction,1,Managerial
4,0.0030523692817038175,-0.0007276628398126704,0.006927927229545191,0.0007590351964072168,0.005199928408906259,income,Manufacturing_Construction,Mfg. + construction,1,Managerial
5,-0.0031937986773174854,-0.00951967646516425,0.002289518793806699,-0.006817956404234902,0.0001617821532554427,income,Manufacturing_Construction,Mfg. + construction,1,Managerial
6,0.0025049511170882827,-0.0023841565366624854,0.00743616836319455,-0.00017690790986590486,0.005363572424878995,income,Manufacturing_Construction,Mfg. + construction,1,Managerial
7,-0.0022748079985368303,-0.006504905827862405,0.00283681916289568,-0.004890223625001798,0.000855909685219868,income,Manufacturing_Construction,Mfg. + construction,1,Managerial
8,-0.0005619469899429072,-0.005161277397791633,0.003017122255946014,-0.0032904743139762025,0.001833524486720419,income,Manufacturing_Construction,Mfg. + construction,1,Managerial
9,0.0022426546901063655,-0.0027145940723103962,0.007360389176555593,-0.00031962559418065393,0.005210440363552272,income,Manufacturing_Construction,Mfg. + construction,1,Managerial
10,-0.003289295330705616,-0.00822218259249127,0.001726412932493938,-0.006213297937481627,0.00018685859059325554,income,Manufacturing_Construction,Mfg. + construction,1,Managerial
11,0.0006918436123920882,-0.0035815044104037168,0.004956278161668261,-0.0019522051229175783,0.003734811427807574,income,Manufacturing_Construction,Mfg. + construction,1,Managerial
12,0.0005667928446066283,-0.003737094933348871,0.005509441258736559,-0.0019411419921390382,0.0033005864581669734,income,Manufacturing_Construction,Mfg. + construction,1,Managerial
13,0.006793155850064183,0.002362383850903712,0.011473562689156147,0.004341831248394016,0.00957050463950294,income,Manufacturing_Construction,Mfg. + construction,1,Managerial
14,0.006768532919804198,0.002386877436018197,0.01162288974569387,0.003981126763398389,0.009663033516220512,income,Manufacturing_Construction,Mfg. + construction,1,Managerial
15,-0.005078477829118011,-0.00997863289706246,0.0002629371186610562,-0.008034984039487814,-0.0018802596522416036,income,Manufacturing_Construction,Mfg. + construction,1,Managerial
16,-0.007403249760105556,-0.011962312892668733,-0.003194247025171173,-0.010372071387720005,-0.004677131521703506,income,Manufacturing_Construction,Mfg. + construction,1,Managerial
17,-0.002580205732608141,-0.008737262858137248,0.0031377193942336186,-0.006080756968701339,0.0007854528965567766,income,Manufacturing_Construction,Mfg. + construction,1,Managerial
18,-0.0005702627355856629,-0.004827349720701951,0.0037107820082612096,-0.0029447208278080735,0.002152567108894494,income,Manufacturing_Construction,Mfg. + construction,1,Managerial
19,0.0028477542276673785,-0.0014529045184525579,0.006540896739674313,0.0003409932388252976,0.005131916780632621,income,Manufacturing_Construction,Mfg. + construction,1,Managerial
20,-0.0035059562347245876,-0.009271418484702936,0.00242364581911237,-0.006945081429660609,-0.0001864994710948386,income,Manufacturing_Construction,Mfg. + construction,1,Managerial
21,-0.006259062174241323,-0.010975938345220633,-0.0013345260048196082,-0.009175488003416738,-0.0033485634520572373,income,Manufacturing_Construction,Mfg. + construction,1,Managerial
22,0.0011626888199556017,-0.0032117986175286594,0.005464362803008025,-0.001495778802818471,0.00402815482337158,income,Manufacturing_Construction,Mfg. + construction,1,Managerial
23,0.0008215179312275385,-0.004465311687693508,0.006043777921435596,-0.002294504033863279,0.0039879511836189065,income,Manufacturing_Construction,Mfg. + construction,1,Managerial
24,0.002837752097180486,-0.0016282725543604226,0.00819124497659609,0.00024530208992085915,0.005818609797213923,income,Manufacturing_Construction,Mfg. + construction,1,Managerial
25,0.0009858479793899819,-0.0041904865379680896,0.006378638889526315,-0.002268377373264888,0.003750460732152125,income,Manufacturing_Construction,Mfg. + construction,1,Managerial
26,-0.002160539238204272,-0.006293895793768612,0.002430949710120911,-0.004893553573200463,0.0008784553884445671,income,Manufacturing_Construction,Mfg. + construction,1,Managerial
27,-0.003514301761758642,-0.009053882155053108,0.003200674438217465,-0.007292679553917937,0.0001192507244084217,income,Manufacturing_Construction,Mfg. + construction,1,Managerial
28,7.926583602702229e-5,-0.004075380809521934,0.004251384689366084,-0.002237129432387649,0.002667150711983806,income,Manufacturing_Construction,Mfg. + construction,1,Managerial
29,0.0056552121398695775,-0.00012716084057978142,0.011043780708064159,0.0021311496561414677,0.009215091983863135,income,Manufacturing_Construction,Mfg. + construction,1,Managerial
30,-0.002346519047559267,-0.007156004378922288,0.0019764085455044943,-0.00511210236710033,0.0003832826028289946,income,Manufacturing_Construction,Mfg. + construction,1,Managerial
31,0.0009818861668190832,-0.0029385773074739998,0.005425360172237447,-0.001171102924458591,0.0034840374452012736,income,Manufacturing_Construction,Mfg. + construction,1,Managerial
32,0.0068806346295515975,0.0021569246383895705,0.011785323908651665,0.004103157331201741,0.009778386544636374,income,Manufacturing_Construction,Mfg. + construction,1,Managerial
33,0.003503142242028966,-0.0022171321212567452,0.008240196234963637,-6.309511990540027e-5,0.006546554367796392,income,Manufacturing_Construction,Mfg. + construction,1,Managerial
34,-0.0019388148999119842,-0.006592228668367201,0.0028224799548212777,-0.004493180811127782,0.0007821810548626839,income,Manufacturing_Construction,Mfg. + construction,1,Managerial
35,-0.002381232766225954,-0.00664515759426295,0.0030083817577672986,-0.005128669023157404,0.0006460069142964556,income,Manufacturing_Construction,Mfg. + construction,1,Managerial
36,-0.003498708405210572,-0.007103817216606004,0.0001498535609732207,-0.00548257810423423,-0.0012418787476048345,income,Manufacturing_Construction,Mfg. + construction,1,Managerial
0,0.0020098749759263775,-0.0028014107992905516,0.0067173826559929865,-0.0005320399088802603,0.004750358069060038,income,Manufacturing_Construction,Mfg. + construction,2,Professional specialty
1,-0.0031617931394249702,-0.008940585153329694,0.0012016493138109624,-0.006345293048732054,-0.0002994514500919941,income,Manufacturing_Construction,Mfg. + construction,2,Professional specialty
2,0.001176282453810678,-0.003571555131158104,0.0057693003637169565,-0.0013370284305170177,0.0041296361019627645,income,Manufacturing_Construction,Mfg. + construction,2,Professional specialty
3,0.005587658058133726,0.00047326638960581806,0.010238834817083976,0.002629501794368116,0.008416780233516512,income,Manufacturing_Construction,Mfg. + construction,2,Professional specialty
4,0.0009796212568666987,-0.004169379295770528,0.006804846049474568,-0.0020931465989099908,0.004039123840338316,income,Manufacturing_Construction,Mfg. + construction,2,Professional specialty
5,0.0016924853066984159,-0.003152647246952887,0.007063148875817264,-0.0011834623892809904,0.00516378997558771,income,Manufacturing_Construction,Mfg. + construction,2,Professional specialty
6,0.0029174250937042765,-0.0014798325983840198,0.007901482654453142,0.00017551904199450147,0.0057445313442795985,income,Manufacturing_Construction,Mfg. + construction,2,Professional specialty
7,0.001057841407078515,-0.0033700967932705594,0.00538007650347719,-0.0015195060775509664,0.0038283341751162232,income,Manufacturing_Construction,Mfg. + construction,2,Professional specialty
8,-0.001258859744280152,-0.007383717707639771,0.005387197127070011,-0.005045531976607913,0.0029141320801351176,income,Manufacturing_Construction,Mfg. + construction,2,Professional specialty
9,0.00053525412194622,-0.005729562815519472,0.006207722296395091,-0.002412952792116229,0.004134623444219155,income,Manufacturing_Construction,Mfg. + construction,2,Professional specialty
10,0.001217758759991357,-0.003448853321370978,0.007323137937215448,-0.001497844730307844,0.005072227205945213,income,Manufacturing_Construction,Mfg. + construction,2,Professional specialty
11,0.002277773202375114,-0.003703760201813422,0.008198238782111738,-0.0012973999349487697,0.005892308078473092,income,Manufacturing_Construction,Mfg. + construction,2,Professional specialty
12,0.002383942496249151,-0.003232853900347681,0.008187523341942846,-0.0008994008257619634,0.005783766317955841,income,Manufacturing_Construction,Mfg. + construction,2,Professional specialty
13,0.0016319249083750686,-0.0030609846617447277,0.005939121687512105,-0.0013950551821378435,0.004158089469846903,income,Manufacturing_Construction,Mfg. + construction,2,Professional specialty
14,0.000564779163368952,-0.005160597801364141,0.005371301390647857,-0.003227911238690101,0.0033752132037973433,income,Manufacturing_Construction,Mfg. + construction,2,Professional specialty
15,-0.0038624210933658246,-0.0081951087208794,0.000668597040822849,-0.006969882960581217,-0.0012380892588777911,income,Manufacturing_Construction,Mfg. + construction,2,Professional specialty
16,-0.002972802166121163,-0.00814479984336363,0.0034311039441950464,-0.0057164955403845395,0.0007261811856885069,income,Manufacturing_Construction,Mfg. + construction,2,Professional specialty
17,-0.004364357122719065,-0.010284492778596808,0.001011342658322604,-0.007873459838218543,-0.0008632364311686783,income,Manufacturing_Construction,Mfg. + construction,2,Professional specialty
18,-0.005000501615227758,-0.014167065709598439,0.0021330389777414133,-0.010402858315265762,-0.0007714978440575872,income,Manufacturing_Construction,Mfg. + construction,2,Professional specialty
19,0.0019239064747343215,-0.004278951333199933,0.008131381775493347,-0.0015500121504301077,0.005732329231032481,income,Manufacturing_Construction,Mfg. + construction,2,Professional specialty
20,-0.003920445408175991,-0.008354163665577414,0.0007272686878617421,-0.0067957899112653115,-0.0011470729580783361,income,Manufacturing_Construction,Mfg. + construction,2,Professional specialty
21,-0.0030466468818864233,-0.008406586334595578,0.0025251097091086817,-0.006480952149615258,-0.00011659862272521936,income,Manufacturing_Construction,Mfg. + construction,2,Professional specialty
22,0.003274053845983334,-0.004043721564492958,0.009054166166932434,-0.0012824996046685807,0.006749960131207003,income,Manufacturing_Construction,Mfg. + construction,2,Professional specialty
23,0.00015493204396591689,-0.005429269955880116,0.006542395933012366,-0.00333582570911374,0.00407576643245325,income,Manufacturing_Construction,Mfg. + construction,2,Professional specialty
24,0.000562818707590778,-0.004183707903643534,0.004949315225525797,-0.0025948260731274153,0.003466509186013984,income,Manufacturing_Construction,Mfg. + construction,2,Professional specialty
25,-0.005386324424429669,-0.010984219699673229,-0.0002531086394446198,-0.009011812661947578,-0.0026732972363732815,income,Manufacturing_Construction,Mfg. + construction,2,Professional specialty
26,0.0009496196535468701,-0.003725834592445303,0.005590350208252881,-0.001911891088671286,0.0036346880134620306,income,Manufacturing_Construction,Mfg. + construction,2,Professional specialty
27,-0.007494285166766754,-0.01377265233903147,-0.0009719227189279814,-0.01133697039424239,-0.003812039807069328,income,Manufacturing_Construction,Mfg. + construction,2,Professional specialty
28,-0.004225127270845139,-0.008890557390955123,0.0013731004635959632,-0.007221036082723658,-0.0015916938784760375,income,Manufacturing_Construction,Mfg. + construction,2,Professional specialty
29,-0.00429172976594998,-0.009401004794738686,0.0007105593287049031,-0.0073966626983967936,-0.001199543448231906,income,Manufacturing_Construction,Mfg. + construction,2,Professional specialty
30,-0.00038483777075127727,-0.0066951230767644246,0.005143952824909499,-0.003875075226158195,0.0031176293411127975,income,Manufacturing_Construction,Mfg. + construction,2,Professional specialty
31,-0.004157318192078576,-0.00932550052070871,0.0016118139162265557,-0.007159827020616487,-0.0010969760384836598,income,Manufacturing_Construction,Mfg. + construction,2,Professional specialty
32,0.0002750702041215622,-0.004613202842493815,0.00586542353474612,-0.0028247907481210727,0.003577136959574777,income,Manufacturing_Construction,Mfg. + construction,2,Professional specialty
33,-0.007707857284874548,-0.015457568445773631,-0.0005484723550646525,-0.011965321901246702,-0.0034644400101942804,income,Manufacturing_Construction,Mfg. + construction,2,Professional specialty
34,-0.0030978530335055406,-0.008731441154452652,0.0020645916877112935,-0.006312617642505379,-1.4623915355157623e-5,income,Manufacturing_Construction,Mfg. + construction,2,Professional specialty
35,-0.0031937223154322077,-0.008269672628973235,0.0013484696571143626,-0.006114058924435712,-0.00014367764404503696,income,Manufacturing_Construction,Mfg. + construction,2,Professional specialty
36,0.0002752860515738752,-0.005598355987638722,0.007478719449823328,-0.002895273762013203,0.004555375144964786,income,Manufacturing_Construction,Mfg. + construction,2,Professional specialty
0,-0.009842750937198998,-0.019555496964480723,0.000592489903482242,-0.016097921302058265,-0.004033951052523066,income,Manufacturing_Construction,Mfg. + construction,3,High tech
1,-0.004944328227090067,-0.015069918800713901,0.004538763714830451,-0.01134662278772689,0.0003835072278323805,income,Manufacturing_Construction,Mfg. + construction,3,High tech
2,5.1309949363029196e-5,-0.006266857354039238,0.006498749671483099,-0.0038442852193183736,0.003676100256206607,income,Manufacturing_Construction,Mfg. + construction,3,High tech
3,-0.002750541634919306,-0.011419268844118261,0.005208843499243832,-0.007622228405068077,0.002163316830495936,income,Manufacturing_Construction,Mfg. + construction,3,High tech
4,-0.008487082811250966,-0.016806808540140102,0.0009413405235537374,-0.013300382931185892,-0.00274423842168384,income,Manufacturing_Construction,Mfg. + construction,3,High tech
5,-0.011210017659214677,-0.019227037624009048,-0.003222425277812838,-0.015407320287208558,-0.006433239815742127,income,Manufacturing_Construction,Mfg. + construction,3,High tech
6,0.0034875740601111086,-0.003989340737487452,0.011569373634236858,-0.0006659703627770008,0.00910012006527455,income,Manufacturing_Construction,Mfg. + construction,3,High tech
7,0.0006420634391861707,-0.008964725363387651,0.009509775898408429,-0.0040726767675990936,0.006563926849116371,income,Manufacturing_Construction,Mfg. + construction,3,High tech
8,-0.005431259813363806,-0.014739396889701106,0.0029314808036842582,-0.01074754288038811,-8.644531122661316e-5,income,Manufacturing_Construction,Mfg. + construction,3,High tech
9,-0.01110962360323282,-0.019590108453546508,-0.003286525136760355,-0.016248958019955975,-0.006187990641445901,income,Manufacturing_Construction,Mfg. + construction,3,High tech
10,-0.009541345335534671,-0.018664373108143777,-0.0004773623505085617,-0.015072478332522659,-0.003888981522203323,income,Manufacturing_Construction,Mfg. + construction,3,High tech
11,-0.015138406298717171,-0.022864086585504647,-0.008306223810861716,-0.019765173751204172,-0.011002767542669007,income,Manufacturing_Construction,Mfg. + construction,3,High tech
12,-0.013902302093578045,-0.024028393503336035,-0.00659838196009737,-0.019825998403460363,-0.009454522514393385,income,Manufacturing_Construction,Mfg. + construction,3,High tech
13,-0.01503783589597975,-0.025559377495370926,-0.005544348188299686,-0.021218933623121713,-0.009481737905356051,income,Manufacturing_Construction,Mfg. + construction,3,High tech
14,-0.0037213059008877666,-0.012925022888084801,0.004506888455766269,-0.008825732789052316,0.001797340480785001,income,Manufacturing_Construction,Mfg. + construction,3,High tech
15,0.0012325791445846333,-0.007529536599089535,0.009963220613642394,-0.0041840293344606065,0.006348940930286382,income,Manufacturing_Construction,Mfg. + construction,3,High tech
16,0.0008320745717480444,-0.008258210979735722,0.009777491831586578,-0.004506873697976516,0.005774501960360728,income,Manufacturing_Construction,Mfg. + construction,3,High tech
17,-0.004948700214909819,-0.014636463421471178,0.0037830229225798706,-0.010755047572113773,0.0004766459591678063,income,Manufacturing_Construction,Mfg. + construction,3,High tech
18,0.004438038491200754,-0.00481990843459568,0.012551927124573072,-0.0015120804309848457,0.00950412285400104,income,Manufacturing_Construction,Mfg. + construction,3,High tech
19,-0.006847432846302486,-0.01547628037922168,0.0012753286301143115,-0.011820117571878933,-0.0019355251468124064,income,Manufacturing_Construction,Mfg. + construction,3,High tech
20,-0.005733326173875631,-0.013225877951073262,0.0022281342562542657,-0.010593281106244521,-0.0008916089790849922,income,Manufacturing_Construction,Mfg. + construction,3,High tech
21,-0.003842636282450128,-0.013613244061106694,0.004554605156059398,-0.009337858068446656,0.000946264495416346,income,Manufacturing_Construction,Mfg. + construction,3,High tech
22,-0.00988966397768937,-0.016545141753840004,-0.003874519720655191,-0.013934379876497104,-0.006259378477805097,income,Manufacturing_Construction,Mfg. + construction,3,High tech
23,-0.009756820887111049,-0.018317963538608546,-0.0007814035477436126,-0.014590441466671423,-0.004268891275612981,income,Manufacturing_Construction,Mfg. + construction,3,High tech
24,0.004763412747930831,-0.004733737414588344,0.01412989830758006,-0.0012347024486862122,0.010194851035593536,income,Manufacturing_Construction,Mfg. + construction,3,High tech
25,-0.005407488894693597,-0.015264810608629937,0.004256656615050083,-0.011114784804264189,0.00023582831292299263,income,Manufacturing_Construction,Mfg. + construction,3,High tech
26,-0.007349571111661945,-0.015857490173817382,0.0005008844331303728,-0.01269447741206766,-0.0019361765715289183,income,Manufacturing_Construction,Mfg. + construction,3,High tech
27,-0.0027414362462013135,-0.014478933375587762,0.005123874121825438,-0.008310497434744518,0.002556902236707022,income,Manufacturing_Construction,Mfg. + construction,3,High tech
28,-0.012664069863206204,-0.022366500253131406,-0.0022092868704911336,-0.018730417067820374,-0.006324822405146465,income,Manufacturing_Construction,Mfg. + construction,3,High tech
29,-0.009566755723815379,-0.018781063113874893,-0.0009551122435706057,-0.014684766605747643,-0.003971783360762574,income,Manufacturing_Construction,Mfg. + construction,3,High tech
30,-0.002511044913517533,-0.011456050887823732,0.0062733838070291575,-0.008128084277629944,0.0027724059949997635,income,Manufacturing_Construction,Mfg. + construction,3,High tech
31,0.009259193198423155,0.00028396997276794456,0.019687090993194406,0.004146849201499508,0.015119213764739552,income,Manufacturing_Construction,Mfg. + construction,3,High tech
32,-0.0014718953030093205,-0.009404480986273661,0.007197804154383443,-0.00672428146010971,0.003577316052450372,income,Manufacturing_Construction,Mfg. + construction,3,High tech
33,-0.021951384671575588,-0.03304668380224461,-0.008861648746551825,-0.028845333010978715,-0.014215931571468544,income,Manufacturing_Construction,Mfg. + construction,3,High tech
34,-0.0029383983724114923,-0.009864730267864052,0.004439610154303722,-0.0074064140260859355,0.001892630256401828,income,Manufacturing_Construction,Mfg. + construction,3,High tech
35,-0.00355079655098041,-0.013228494081959918,0.007083553236975134,-0.009209498378407396,0.0025414878992644826,income,Manufacturing_Construction,Mfg. + construction,3,High tech
36,-0.0013205186925980639,-0.009909238580461978,0.007539158640284536,-0.006089287593497673,0.004065077389253635,income,Manufacturing_Construction,Mfg. + construction,3,High tech
0,0.004838735424458008,-0.007634143206815395,0.016495396333769157,-0.002099433413874448,0.011125238000705154,income,Manufacturing_Construction,Mfg. + construction,4,Sales
1,0.0018603950822165796,-0.01174098058019857,0.013460595285094317,-0.00567200108403749,0.009620278553108605,income,Manufacturing_Construction,Mfg. + construction,4,Sales
2,-0.010559295893017635,-0.025259036205407565,0.0025067391731410805,-0.019113066138525918,-0.0029349424867170454,income,Manufacturing_Construction,Mfg. + construction,4,Sales
3,0.011364114417555827,-0.0026631031561186527,0.023428233622130815,0.003331273554006838,0.019154199721660513,income,Manufacturing_Construction,Mfg. + construction,4,Sales
4,-0.004411753554151853,-0.016300388637903045,0.008191429682368436,-0.010545948217841546,0.00360391195122495,income,Manufacturing_Construction,Mfg. + construction,4,Sales
5,0.015033501890867796,-0.003806044365286086,0.032257692279547036,0.00293598636157163,0.02537150209281497,income,Manufacturing_Construction,Mfg. + construction,4,Sales
6,0.020163495727457084,0.00993009666752496,0.03026087670486331,0.01390449865248472,0.026467554180317494,income,Manufacturing_Construction,Mfg. + construction,4,Sales
7,0.0006993627728439565,-0.010596134769432853,0.013507226828393384,-0.005643198304589552,0.008287364971390007,income,Manufacturing_Construction,Mfg. + construction,4,Sales
8,0.007107644452255549,-0.002802386539387327,0.016789105952682785,0.0006406779110433979,0.012856951703073442,income,Manufacturing_Construction,Mfg. + construction,4,Sales
9,0.006668443093521416,-0.0049941325297631275,0.01848592419282783,-0.00022572951096817232,0.014041216378012523,income,Manufacturing_Construction,Mfg. + construction,4,Sales
10,0.0048688244551654,-0.011374790968729957,0.01881685780070917,-0.0047683414259971505,0.012584558180998736,income,Manufacturing_Construction,Mfg. + construction,4,Sales
11,-0.004122483424948897,-0.014582677423547899,0.008790532932935845,-0.01056468198039888,0.0031126018606781733,income,Manufacturing_Construction,Mfg. + construction,4,Sales
12,0.004720146446189633,-0.005503396712010402,0.016517721383904855,-0.0014258288006098862,0.011816496879936026,income,Manufacturing_Construction,Mfg. + construction,4,Sales
13,0.00648789538149814,-0.004049341808003248,0.02010709183027372,-0.00047084039737423436,0.014379178005569145,income,Manufacturing_Construction,Mfg. + construction,4,Sales
14,-0.0012962867851260237,-0.013266264768811993,0.010869548312912352,-0.00837371757338051,0.006091269383071907,income,Manufacturing_Construction,Mfg. + construction,4,Sales
15,-0.027550734963138184,-0.04446152709285224,-0.009873467077381341,-0.03663141360505972,-0.016844590126034925,income,Manufacturing_Construction,Mfg. + construction,4,Sales
16,-9.267355851004161e-5,-0.014356452532108974,0.012195572783544011,-0.008280761278338305,0.006986208775611948,income,Manufacturing_Construction,Mfg. + construction,4,Sales
17,-0.007467397970010418,-0.018194163074386115,0.004586163507308453,-0.013258151130354494,-2.7461952150090868e-5,income,Manufacturing_Construction,Mfg. + construction,4,Sales
18,0.005686480827940069,-0.004121639680952575,0.014989665625072951,-0.00042422929200005167,0.011215014243339975,income,Manufacturing_Construction,Mfg. + construction,4,Sales
19,-0.025059390424466983,-0.039768138219305235,-0.010010390599899907,-0.03306028045360188,-0.01575368248226638,income,Manufacturing_Construction,Mfg. + construction,4,Sales
20,-0.006730973535527533,-0.01897431344976852,0.006685734138731483,-0.0142846386700223,0.0014585084072167437,income,Manufacturing_Construction,Mfg. + construction,4,Sales
21,-0.01996593794967259,-0.031535678987738805,-0.007847294771887432,-0.026711638661672678,-0.012031011342767765,income,Manufacturing_Construction,Mfg. + construction,4,Sales
22,-0.01065017189987587,-0.02086396053955756,0.0008416829309942971,-0.017074744565604136,-0.0038922070959524786,income,Manufacturing_Construction,Mfg. + construction,4,Sales
23,-0.011652649121447829,-0.022386943985587063,0.003990370917320924,-0.019158658879394184,-0.0028086806359625457,income,Manufacturing_Construction,Mfg. + construction,4,Sales
24,0.013810006958503757,0.0004923697487533348,0.028800483895769065,0.005730669628458874,0.02274851588646116,income,Manufacturing_Construction,Mfg. + construction,4,Sales
25,-0.002290913640194648,-0.016835800080232815,0.01733301195936276,-0.011116680154488759,0.007777170313426078,income,Manufacturing_Construction,Mfg. + construction,4,Sales
26,-0.0016373086086927044,-0.013903445430603066,0.010288554179435264,-0.009558931074575356,0.005278088443665071,income,Manufacturing_Construction,Mfg. + construction,4,Sales
27,-0.0016213197858508258,-0.011701120961836453,0.009101804479388208,-0.007712117322649191,0.005154957731800267,income,Manufacturing_Construction,Mfg. + construction,4,Sales
28,-0.0035211501813708517,-0.016884833870278722,0.010770190397773952,-0.011492528011667587,0.00481785612293293,income,Manufacturing_Construction,Mfg. + construction,4,Sales
29,-0.011346663123139094,-0.022809114013200515,0.0003159706465003208,-0.01825135897249901,-0.005365162694219548,income,Manufacturing_Construction,Mfg. + construction,4,Sales
30,-0.018207485079896103,-0.037035669338436945,0.0011905307283479882,-0.029240791566065107,-0.006176092577300387,income,Manufacturing_Construction,Mfg. + construction,4,Sales
31,-0.010441478176557174,-0.027919754104646997,0.009838816946391103,-0.02083989741127469,0.0015391156705980083,income,Manufacturing_Construction,Mfg. + construction,4,Sales
32,-0.011844997920793684,-0.02832944695675492,0.002729890284210409,-0.021006052864644582,-0.0037973631793827203,income,Manufacturing_Construction,Mfg. + construction,4,Sales
33,-0.01421820153079261,-0.02609812141277435,-0.0020728239747343745,-0.02200415287212822,-0.007188072120053836,income,Manufacturing_Construction,Mfg. + construction,4,Sales
34,-0.020931775385566453,-0.042196347613430135,-0.005479803002685997,-0.03266932721053243,-0.01097200336395584,income,Manufacturing_Construction,Mfg. + construction,4,Sales
35,-0.009773104383641193,-0.02117365638553831,0.001566790748274342,-0.01703561258528529,-0.002295772902585211,income,Manufacturing_Construction,Mfg. + construction,4,Sales
36,-0.00565391277517252,-0.020325319191142582,0.006910115840359928,-0.013803610493306133,0.0018387704654079951,income,Manufacturing_Construction,Mfg. + construction,4,Sales
0,0.004355322959121359,-0.0004996204161208002,0.008845558669844883,0.0015829571348407278,0.007120439147143922,income,Manufacturing_Construction,Mfg. + construction,5,Administrative support
1,-0.004745499873346706,-0.009865880183773166,0.0008044711441030344,-0.008026693463243549,-0.0010940070225982693,income,Manufacturing_Construction,Mfg. + construction,5,Administrative support
2,-0.008658122573017287,-0.01297907693208709,-0.004052594484138858,-0.011283409623787388,-0.005672440355050694,income,Manufacturing_Construction,Mfg. + construction,5,Administrative support
3,-0.0018043699174353897,-0.0071437392084969355,0.0036670162426727894,-0.004978259037764729,0.0018403767347823345,income,Manufacturing_Construction,Mfg. + construction,5,Administrative support
4,-0.006114297094253096,-0.012274888914297698,-3.534955994082163e-5,-0.009747364008278022,-0.0019879746747712814,income,Manufacturing_Construction,Mfg. + construction,5,Administrative support
5,-0.0008626090234253933,-0.006215996405796996,0.005377582050145527,-0.004409106100625712,0.002927098173955113,income,Manufacturing_Construction,Mfg. + construction,5,Administrative support
6,0.0026925478608584236,-0.0022848779367712667,0.007874653605802072,-0.0007438257330257031,0.005935713605400229,income,Manufacturing_Construction,Mfg. + construction,5,Administrative support
7,-0.0006565356968597231,-0.0064198413658502484,0.005052420525085777,-0.00436236686046751,0.0031994985383618554,income,Manufacturing_Construction,Mfg. + construction,5,Administrative support
8,0.0030713886464843864,-0.0024745592720984647,0.009457962521930015,-0.00030107249962044516,0.006867738165345177,income,Manufacturing_Construction,Mfg. + construction,5,Administrative support
9,-0.0038032680731197965,-0.011007619003846475,0.0020593218070390803,-0.008536323637463586,-4.6477090936444636e-5,income,Manufacturing_Construction,Mfg. + construction,5,Administrative support
10,0.004889366420201946,-0.002078395199351178,0.01075173696145204,0.0008815976101291308,0.008309471629064478,income,Manufacturing_Construction,Mfg. + construction,5,Administrative support
11,0.0008922254689655055,-0.0035045436839464435,0.006460606672822078,-0.0018413208135877812,0.004009665446403107,income,Manufacturing_Construction,Mfg. + construction,5,Administrative support
12,0.004491223306604451,-0.000997841709008805,0.010261503880040442,0.001171378849850314,0.00826452394154636,income,Manufacturing_Construction,Mfg. + construction,5,Administrative support
13,-0.008426498736734048,-0.013334938329318386,-0.0034677244893666463,-0.01141592151423814,-0.005281831844755076,income,Manufacturing_Construction,Mfg. + construction,5,Administrative support
14,-0.005073742257033919,-0.01135193084081675,0.00041718575926849837,-0.009030263939977738,-0.001463537816634187,income,Manufacturing_Construction,Mfg. + construction,5,Administrative support
15,-0.004031231153042864,-0.009778113546830615,0.002090583408332216,-0.007794681248746672,-0.0007164575290251837,income,Manufacturing_Construction,Mfg. + construction,5,Administrative support
16,0.002390751172605611,-0.0028571727009438315,0.007913136395873085,-0.0008866964501315169,0.00532304611805371,income,Manufacturing_Construction,Mfg. + construction,5,Administrative support
17,-0.0044466831312955065,-0.009837164812119624,0.0009768014608381413,-0.007713481183176203,-0.0012140271674311851,income,Manufacturing_Construction,Mfg. + construction,5,Administrative support
18,0.006014545322885735,0.0011507520874269456,0.011016151607610637,0.002780745891096256,0.009042610761447335,income,Manufacturing_Construction,Mfg. + construction,5,Administrative support
19,-0.0029977760561299277,-0.010809061792633034,0.003570244547426016,-0.0076078300433383515,0.0010026458850731527,income,Manufacturing_Construction,Mfg. + construction,5,Administrative support
20,0.0001560677722503586,-0.006424845495047387,0.006575022863946794,-0.0033072533639990046,0.004335424632337834,income,Manufacturing_Construction,Mfg. + construction,5,Administrative support
21,-0.008615889004909857,-0.014123671662557307,-0.003572436265802046,-0.011686933808515796,-0.005438084912018063,income,Manufacturing_Construction,Mfg. + construction,5,Administrative support
22,0.0013418385710837356,-0.0043470826637394735,0.007962070142382968,-0.002137289388227779,0.00543321887793294,income,Manufacturing_Construction,Mfg. + construction,5,Administrative support
23,-0.0051376729553982555,-0.01229813548879696,0.002521884009061298,-0.00897705985848891,-0.0009034298435182768,income,Manufacturing_Construction,Mfg. + construction,5,Administrative support
24,0.0020418843918876715,-0.004924215168739196,0.008207052110676304,-0.002401217558818924,0.005804926847161583,income,Manufacturing_Construction,Mfg. + construction,5,Administrative support
25,-0.003220443265765816,-0.00839328403523606,0.0024829945487589056,-0.006611609134691005,0.0004117806871055006,income,Manufacturing_Construction,Mfg. + construction,5,Administrative support
26,-0.0065690388184819525,-0.012371775217976113,0.0006025451699289827,-0.010258346014418938,-0.0020939443424221596,income,Manufacturing_Construction,Mfg. + construction,5,Administrative support
27,0.0026874695128927166,-0.002525435472538806,0.006731058901776819,-0.00012607943574059798,0.0051777279188994964,income,Manufacturing_Construction,Mfg. + construction,5,Administrative support
28,0.010953679625692743,0.003251382120038261,0.017459743896994492,0.006487373600488081,0.014626224635128424,income,Manufacturing_Construction,Mfg. + construction,5,Administrative support
29,0.0022995711183821915,-0.003140259732003792,0.007792917040084957,-0.0009334706546454846,0.005747403570478015,income,Manufacturing_Construction,Mfg. + construction,5,Administrative support
30,-0.0014596314448278435,-0.008362335600566536,0.005024415746430402,-0.005412734830511433,0.002820820785069427,income,Manufacturing_Construction,Mfg. + construction,5,Administrative support
31,0.0035943487023765972,-0.0009735087835060206,0.008406917644231881,0.0011025478444963792,0.006419152247796347,income,Manufacturing_Construction,Mfg. + construction,5,Administrative support
32,-0.0025377110785226795,-0.007305117361433887,0.0024526514007641234,-0.005568527960178928,0.0007074359476736888,income,Manufacturing_Construction,Mfg. + construction,5,Administrative support
33,-0.001742339974609265,-0.0073261533286633415,0.003165190235607464,-0.005466555890335269,0.0011360865079674107,income,Manufacturing_Construction,Mfg. + construction,5,Administrative support
34,-0.0008092252449965836,-0.006443600832566253,0.00446215954908815,-0.004085423454510727,0.0021505443411539748,income,Manufacturing_Construction,Mfg. + construction,5,Administrative support
35,-0.004900859421610663,-0.01078074697910347,0.0007217576228497032,-0.008034193478680163,-0.002073003355729436,income,Manufacturing_Construction,Mfg. + construction,5,Administrative support
36,-0.002907708938235866,-0.007928578140320601,0.001983594228095035,-0.006024276035721785,0.00011125172500288513,income,Manufacturing_Construction,Mfg. + construction,5,Administrative support
0,0.02854923163235851,0.0045507559313105045,0.061338670992918426,0.01376416539021978,0.048559203210765206,income,Manufacturing_Construction,Mfg. + construction,6,Service
1,-0.017736950575952756,-0.05302873524188993,0.0245539182872002,-0.03873906269233214,0.008153180055034518,income,Manufacturing_Construction,Mfg. + construction,6,Service
2,-0.015812079572715024,-0.046309046024293074,0.013457894164283501,-0.03494742156309312,0.0003208911710430168,income,Manufacturing_Construction,Mfg. + construction,6,Service
3,0.012439486640082953,-0.017659691545178297,0.048283097461757116,-0.007701267481837021,0.03277384977902932,income,Manufacturing_Construction,Mfg. + construction,6,Service
4,0.005081932651017323,-0.03763682092214079,0.05719466643271985,-0.02035453297135045,0.037643944674585185,income,Manufacturing_Construction,Mfg. + construction,6,Service
5,0.02719462020908478,-0.01704058290175403,0.08297484282960288,8.72441276985117e-6,0.0615948166271343,income,Manufacturing_Construction,Mfg. + construction,6,Service
6,-0.020100702899435528,-0.050416942025865864,0.005282239429943828,-0.037025009618250115,-0.005713063453193676,income,Manufacturing_Construction,Mfg. + construction,6,Service
7,-0.039865250723281974,-0.09571138545945237,0.0050901695694734045,-0.07287223753611766,-0.014111591551764308,income,Manufacturing_Construction,Mfg. + construction,6,Service
8,0.0009156287743728437,-0.03357216879424091,0.032908230945531254,-0.018653231060432738,0.02023372861577242,income,Manufacturing_Construction,Mfg. + construction,6,Service
9,0.005022598577436339,-0.02128719688886011,0.03465910743344075,-0.011648260208854885,0.021068888183652563,income,Manufacturing_Construction,Mfg. + construction,6,Service
10,-0.013271092405503955,-0.04555702391760769,0.014417389163427885,-0.03244812139186397,0.005136101688532596,income,Manufacturing_Construction,Mfg. + construction,6,Service
11,0.030751149954796612,-0.0019711911037737194,0.06104684897474035,0.012390165029773761,0.04583350328092213,income,Manufacturing_Construction,Mfg. + construction,6,Service
12,0.012575002458106544,-0.012185617557870645,0.04100252269054093,-0.002438472616136894,0.028370051343344502,income,Manufacturing_Construction,Mfg. + construction,6,Service
13,-0.04029996746677884,-0.06127409448169896,-0.006582700949526177,-0.05467623703533062,-0.01888027435075206,income,Manufacturing_Construction,Mfg. + construction,6,Service
14,-0.008199946167197894,-0.047550594432825916,0.04321192946232107,-0.02904317841186171,0.021109947018743237,income,Manufacturing_Construction,Mfg. + construction,6,Service
15,0.035865131239079785,-0.03426011603286778,0.15587287059498572,-0.002667617798674485,0.11267003959297961,income,Manufacturing_Construction,Mfg. + construction,6,Service
16,-0.013209241871785165,-0.05431179752721077,0.029300997385248006,-0.03903972862717853,0.009362646608598223,income,Manufacturing_Construction,Mfg. + construction,6,Service
17,-0.0355314115093333,-0.1888322632738612,0.025426836648015302,-0.12038680262511707,-0.0016795887457719746,income,Manufacturing_Construction,Mfg. + construction,6,Service
18,-0.021526722987957776,-0.11763883129481298,0.039627754997131774,-0.07952976000952036,0.01177618369274358,income,Manufacturing_Construction,Mfg. + construction,6,Service
19,0.024524868044589736,-0.008521275201459195,0.06170797983845301,0.005984527236039053,0.047569687007217226,income,Manufacturing_Construction,Mfg. + construction,6,Service
20,0.05031606776631912,0.012766290460058546,0.10476774503904629,0.026972525524208597,0.0791172731276242,income,Manufacturing_Construction,Mfg. + construction,6,Service
21,-0.035520643692980663,-0.08503574347108285,0.0033507508282447293,-0.06169551955571784,-0.010459708202166362,income,Manufacturing_Construction,Mfg. + construction,6,Service
22,-0.01173152249374507,-0.08689520352956663,0.04416267190166158,-0.053070678820251294,0.02471791134661294,income,Manufacturing_Construction,Mfg. + construction,6,Service
23,0.013798762297962787,-0.012313836534110513,0.04591985627467524,-0.0012589978535466825,0.03354759831438703,income,Manufacturing_Construction,Mfg. + construction,6,Service
24,-0.02009488333978287,-0.07872273518261232,0.028445670432018302,-0.053270926667807555,0.008415964482568115,income,Manufacturing_Construction,Mfg. + construction,6,Service
25,0.012107803128269168,-0.02182460627449643,0.055017548344135955,-0.006705135675862535,0.03326968648316748,income,Manufacturing_Construction,Mfg. + construction,6,Service
26,0.036250932976923854,-0.04398214992462208,0.09610005289023052,-0.013124665394439558,0.06557348479580034,income,Manufacturing_Construction,Mfg. + construction,6,Service
27,-0.033422203805765126,-0.08981005674022266,0.008683322596326204,-0.059725499309716906,-0.006095495056389847,income,Manufacturing_Construction,Mfg. + construction,6,Service
28,0.014294370164789577,-0.03021055519736575,0.053622926940994846,-0.010480158352205437,0.04003510812276667,income,Manufacturing_Construction,Mfg. + construction,6,Service
29,0.028719711589235242,-0.010271206195973059,0.08035516520520222,0.0025938553941581392,0.05875802228912218,income,Manufacturing_Construction,Mfg. + construction,6,Service
30,-0.025222972689715142,-0.055386416031922986,-0.0013730853149952933,-0.04317000346254224,-0.01096035696636028,income,Manufacturing_Construction,Mfg. + construction,6,Service
31,-0.058755347880656804,-0.08289643048048036,-0.021465392740023258,-0.07458742965278023,-0.038189694246548764,income,Manufacturing_Construction,Mfg. + construction,6,Service
32,-0.030779824945193057,-0.07085990008958665,0.00691637211862112,-0.053565421215284015,-0.00824896986396089,income,Manufacturing_Construction,Mfg. + construction,6,Service
33,0.018614890643796622,-0.04632893721718055,0.06451497175534629,-0.020055761879254383,0.04756181019572865,income,Manufacturing_Construction,Mfg. + construction,6,Service
34,0.037989888055571505,-0.008001332771492918,0.07548061706024041,0.01076690816616516,0.06022507754984955,income,Manufacturing_Construction,Mfg. + construction,6,Service
35,0.01403545750022227,-0.018104874117761932,0.050802277863386536,-0.005886768949467535,0.034750953368989465,income,Manufacturing_Construction,Mfg. + construction,6,Service
36,-0.0001317544357992816,-0.03726840889189727,0.04603824508349712,-0.024850216990586888,0.028221023920023094,income,Manufacturing_Construction,Mfg. + construction,6,Service
0,-0.004725084017645629,-0.009592145304086355,9.293947907021254e-5,-0.0077989793658724636,-0.0018710183650095208,income,Manufacturing_Construction,Mfg. + construction,7,Farming/forestry/construction
1,-0.0006526777779090661,-0.005189559456843414,0.004327728776221268,-0.0033416972737077195,0.0021401762009721705,income,Manufacturing_Construction,Mfg. + construction,7,Farming/forestry/construction
2,0.0014483829361136597,-0.003083921639889269,0.006175395494257073,-0.0011295806494251847,0.004393055435236868,income,Manufacturing_Construction,Mfg. + construction,7,Farming/forestry/construction
3,0.005166431851014028,0.0005522093321925804,0.010058018418461424,0.002575378163101236,0.008388113891289146,income,Manufacturing_Construction,Mfg. + construction,7,Farming/forestry/construction
4,-0.005418875879539899,-0.010320293926130248,-0.00038123612362322545,-0.00851772402138659,-0.002432268854971357,income,Manufacturing_Construction,Mfg. + construction,7,Farming/forestry/construction
5,0.007793902213414121,0.0030749243586255326,0.012573782536074865,0.0047634849084659675,0.010761598396884006,income,Manufacturing_Construction,Mfg. + construction,7,Farming/forestry/construction
6,0.0042972973105609505,-3.3023722264003026e-5,0.008928336088949315,0.0017224961667963814,0.007100483985449563,income,Manufacturing_Construction,Mfg. + construction,7,Farming/forestry/construction
7,-0.003500319433957431,-0.00885081799739122,0.0017979244148002105,-0.006062464877501907,-9.684610449007917e-5,income,Manufacturing_Construction,Mfg. + construction,7,Farming/forestry/construction
8,0.0029613544877974875,-0.0011283480329949214,0.007670466529365416,0.0005855926684909998,0.005637494532305338,income,Manufacturing_Construction,Mfg. + construction,7,Farming/forestry/construction
9,-0.0018500177279174562,-0.006837744628307638,0.004311053871320904,-0.004899190114554275,0.001650979658395529,income,Manufacturing_Construction,Mfg. + construction,7,Farming/forestry/construction
10,-0.002782929669759644,-0.006651229178380541,0.0015920590875921456,-0.005181520017808682,-0.00014917051503761207,income,Manufacturing_Construction,Mfg. + construction,7,Farming/forestry/construction
11,0.002504680978267945,-0.0014657471355665982,0.006608114091968048,0.0001327481044044159,0.004977043133277612,income,Manufacturing_Construction,Mfg. + construction,7,Farming/forestry/construction
12,-0.004669012546961864,-0.009226342747962347,-1.9915334280623705e-5,-0.0070343493326618335,-0.0017545348117813868,income,Manufacturing_Construction,Mfg. + construction,7,Farming/forestry/construction
13,-0.005129640998181451,-0.009713993840732904,0.00014944217113776418,-0.00795528845475981,-0.0017113885747180408,income,Manufacturing_Construction,Mfg. + construction,7,Farming/forestry/construction
14,-0.0023287306468755134,-0.007463044859112537,0.0026892322908611656,-0.005147700242436701,0.0005953801839452639,income,Manufacturing_Construction,Mfg. + construction,7,Farming/forestry/construction
15,0.0005054979859481682,-0.00457602235564559,0.005638500433520382,-0.002473389314613014,0.0035762039340383883,income,Manufacturing_Construction,Mfg. + construction,7,Farming/forestry/construction
16,-0.004846403354408427,-0.008925278547152773,-0.0008879499500215934,-0.00731170718034981,-0.0025850814701061146,income,Manufacturing_Construction,Mfg. + construction,7,Farming/forestry/construction
17,0.0031176955002966446,-0.002687418929569611,0.008743450197068852,-0.00047871652314389985,0.006924838735314264,income,Manufacturing_Construction,Mfg. + construction,7,Farming/forestry/construction
18,-0.000899979601317627,-0.004937356530600948,0.0037629913251573683,-0.003311467177386112,0.0016812072346420314,income,Manufacturing_Construction,Mfg. + construction,7,Farming/forestry/construction
19,-0.0007687865879707861,-0.005699041255647781,0.003794698314649286,-0.0038046599131102182,0.002067149017477063,income,Manufacturing_Construction,Mfg. + construction,7,Farming/forestry/construction
20,0.0021146491284968804,-0.0034375331912167902,0.00980433193746735,-0.0015715651467518377,0.006503994763752504,income,Manufacturing_Construction,Mfg. + construction,7,Farming/forestry/construction
21,-0.0046009287648081975,-0.008829983144733062,0.0006311602751443218,-0.00689447499442402,-0.001604774106617027,income,Manufacturing_Construction,Mfg. + construction,7,Farming/forestry/construction
22,-0.0050945637254310215,-0.009293178335688124,-0.0009784426755647165,-0.007885826746495198,-0.0024702737965961318,income,Manufacturing_Construction,Mfg. + construction,7,Farming/forestry/construction
23,-0.004537517167750413,-0.008560042128852889,-0.0006066971212234278,-0.006986221490432536,-0.0021071508874955917,income,Manufacturing_Construction,Mfg. + construction,7,Farming/forestry/construction
24,-0.0011862136189210656,-0.0065532662133032825,0.004499887357424018,-0.004296074450065622,0.0020657164475208563,income,Manufacturing_Construction,Mfg. + construction,7,Farming/forestry/construction
25,-0.008953789814012876,-0.01429706197528712,-0.0034212123063523704,-0.012407535768072579,-0.0060455984062625775,income,Manufacturing_Construction,Mfg. + construction,7,Farming/forestry/construction
26,-0.003838160447732943,-0.008872839493794006,0.00129945951355819,-0.007154003518061308,-0.000716812837045915,income,Manufacturing_Construction,Mfg. + construction,7,Farming/forestry/construction
27,-0.0026542283162152734,-0.00733926701537923,0.0027761783370362737,-0.005748254380979961,0.00038963556635592846,income,Manufacturing_Construction,Mfg. + construction,7,Farming/forestry/construction
28,-0.00312083517412193,-0.007829226513504955,0.0020590692961394586,-0.005864124980484187,5.9823599154916734e-5,income,Manufacturing_Construction,Mfg. + construction,7,Farming/forestry/construction
29,-0.00882998430667331,-0.014197278811585414,-0.0038057590017328844,-0.011949800812994927,-0.005848332215126787,income,Manufacturing_Construction,Mfg. + construction,7,Farming/forestry/construction
30,-0.0015023410164362472,-0.005153105703502135,0.002581083897076672,-0.0037745309348034104,0.000973755327046041,income,Manufacturing_Construction,Mfg. + construction,7,Farming/forestry/construction
31,-0.009721346404972658,-0.016143095965121784,-0.0029375305066390925,-0.013614906262982365,-0.005593915330139464,income,Manufacturing_Construction,Mfg. + construction,7,Farming/forestry/construction
32,-0.0025147747653173204,-0.007794437404904677,0.003242033447708259,-0.00565668421633281,0.001056331786031003,income,Manufacturing_Construction,Mfg. + construction,7,Farming/forestry/construction
33,-0.006247980326215191,-0.013027434688356895,-0.0009200855863663801,-0.009862040223409895,-0.003214780527979325,income,Manufacturing_Construction,Mfg. + construction,7,Farming/forestry/construction
34,-0.006468702778758041,-0.0103530327169346,-0.0023935105152831093,-0.0090273540712841,-0.003918913553402695,income,Manufacturing_Construction,Mfg. + construction,7,Farming/forestry/construction
35,-0.01328387748214883,-0.017214741959062658,-0.009631509724047577,-0.01556053004994056,-0.011016855986923212,income,Manufacturing_Construction,Mfg. + construction,7,Farming/forestry/construction
36,-9.916152186249393e-5,-0.006087254978112374,0.007514120132591864,-0.003486738814192713,0.003929415707100009,income,Manufacturing_Construction,Mfg. + construction,7,Farming/forestry/construction
0,-0.001587575622499706,-0.006450534318987581,0.003468146479846724,-0.004540263981650602,0.0015263409299449743,income,Manufacturing_Construction,Mfg. + construction,8,Precision production/repair
1,-0.006463782463780275,-0.01027863367375743,-0.002317762426243746,-0.008625248416339064,-0.003979266399914402,income,Manufacturing_Construction,Mfg. + construction,8,Precision production/repair
2,-0.0006090273679783332,-0.005249031359095942,0.003929233808009037,-0.0033385096174424773,0.002032446920364493,income,Manufacturing_Construction,Mfg. + construction,8,Precision production/repair
3,-0.003394362117565675,-0.008133810623433598,0.0016885574459047092,-0.006061572990251242,-0.0005238852037736217,income,Manufacturing_Construction,Mfg. + construction,8,Precision production/repair
4,-0.0017104166393110912,-0.0060155410345538105,0.002820154156535729,-0.0044821076835902885,0.0007221988073602393,income,Manufacturing_Construction,Mfg. + construction,8,Precision production/repair
5,-0.0041284968971385776,-0.007795388996080193,-0.0006038803231285567,-0.0065080665056838054,-0.0018306660237157706,income,Manufacturing_Construction,Mfg. + construction,8,Precision production/repair
6,-0.003389683472237934,-0.006864850613176798,0.00042862829230199675,-0.005501952277062384,-0.0010250772485865976,income,Manufacturing_Construction,Mfg. + construction,8,Precision production/repair
7,-0.003150482928972419,-0.007470782013074549,0.0009812948561968688,-0.005791987410397209,-0.0006122075551146518,income,Manufacturing_Construction,Mfg. + construction,8,Precision production/repair
8,-0.005175445922514495,-0.0096283932139614,-0.0006802590989906715,-0.007794601640959282,-0.0023233681234138253,income,Manufacturing_Construction,Mfg. + construction,8,Precision production/repair
9,0.003053332908985275,-0.0012919998426611495,0.008180500843302206,0.00044037549445730606,0.005972008386934525,income,Manufacturing_Construction,Mfg. + construction,8,Precision production/repair
10,0.0012076777788931066,-0.002811176112418303,0.005655673067854432,-0.0009827379851524262,0.0038351318211782394,income,Manufacturing_Construction,Mfg. + construction,8,Precision production/repair
11,-0.004327256233591226,-0.007741422164640136,-0.00015771060122331607,-0.006233702299136218,-0.0018420664230405148,income,Manufacturing_Construction,Mfg. + construction,8,Precision production/repair
12,-0.008729568270328643,-0.013003411965762011,-0.0039008771080022864,-0.01142929651607225,-0.005836746540785327,income,Manufacturing_Construction,Mfg. + construction,8,Precision production/repair
13,-0.00152562691274414,-0.0051810828608196535,0.0026113866947099886,-0.0038213069368287465,0.0009024541639450609,income,Manufacturing_Construction,Mfg. + construction,8,Precision production/repair
14,-0.0040538136666953,-0.007459044420860152,0.0003051767462251692,-0.0063820983830696395,-0.001454386627706146,income,Manufacturing_Construction,Mfg. + construction,8,Precision production/repair
15,0.0027650642962603793,-0.0013707009533051873,0.006639647197204562,0.00042097046214294425,0.005314444764405733,income,Manufacturing_Construction,Mfg. + construction,8,Precision production/repair
16,-0.00473398847870725,-0.010075303153902176,0.00034989121042264867,-0.007920905648784343,-0.0017190616768542328,income,Manufacturing_Construction,Mfg. + construction,8,Precision production/repair
17,-0.0030478086015686525,-0.00762053151444736,0.0014706185632068682,-0.006081391638993565,-0.00027915098793473894,income,Manufacturing_Construction,Mfg. + construction,8,Precision production/repair
18,0.0017328380964307104,-0.003890465884789731,0.005947260288521338,-0.0013205953614714107,0.004044151676163903,income,Manufacturing_Construction,Mfg. + construction,8,Precision production/repair
19,-0.00040052024797880765,-0.0054904505012925015,0.0046007385584678874,-0.003436656951590026,0.002459406835643104,income,Manufacturing_Construction,Mfg. + construction,8,Precision production/repair
20,-0.0023185829602242443,-0.006644787441395237,0.0022632895968036594,-0.005101433349136808,0.00043866450129739125,income,Manufacturing_Construction,Mfg. + construction,8,Precision production/repair
21,-0.00770023678250802,-0.01342697601438059,-0.0029812467145691407,-0.011039449951123518,-0.004969456039281139,income,Manufacturing_Construction,Mfg. + construction,8,Precision production/repair
22,0.0025269399632438455,-0.002010777258359805,0.00617237153778164,-0.00038127537317373793,0.004652297259900762,income,Manufacturing_Construction,Mfg. + construction,8,Precision production/repair
23,-0.004065064052412666,-0.008862187488333053,0.0006944666116749133,-0.007002771578646598,-0.0011261501666625685,income,Manufacturing_Construction,Mfg. + construction,8,Precision production/repair
24,-0.0036880991307604786,-0.007735529996723278,0.0006242835683428279,-0.006193329440777379,-0.0013522238166551888,income,Manufacturing_Construction,Mfg. + construction,8,Precision production/repair
25,-0.003100877421407782,-0.00817675501785994,0.0020626718854170195,-0.006229225861859758,-0.0002640219763720545,income,Manufacturing_Construction,Mfg. + construction,8,Precision production/repair
26,-0.006829873245942905,-0.011379378227641578,-0.0025686121044621634,-0.009744066695139771,-0.004102150292131996,income,Manufacturing_Construction,Mfg. + construction,8,Precision production/repair
27,-2.326475398400773e-5,-0.004631352153281973,0.004073044982944372,-0.0025734144757384005,0.0024422341618988465,income,Manufacturing_Construction,Mfg. + construction,8,Precision production/repair
28,-0.003849634762340556,-0.008318694993066799,0.0008367077795289816,-0.006464092220988939,-0.0010145633315323433,income,Manufacturing_Construction,Mfg. + construction,8,Precision production/repair
29,-0.004765223813388121,-0.009608218927027953,-0.00042113917872773233,-0.007638287134705281,-0.0021109334407087782,income,Manufacturing_Construction,Mfg. + construction,8,Precision production/repair
30,0.00024956679493847735,-0.004085204407716877,0.003770507763990197,-0.0024537595008506047,0.0022266033008117078,income,Manufacturing_Construction,Mfg. + construction,8,Precision production/repair
31,-0.006973950905355512,-0.012541784261014701,-0.0006168097080182866,-0.010522451677853557,-0.003412395116790616,income,Manufacturing_Construction,Mfg. + construction,8,Precision production/repair
32,-0.005946074142563168,-0.010649879690685921,-0.0012026613048894252,-0.008650889209172424,-0.0031394891923903303,income,Manufacturing_Construction,Mfg. + construction,8,Precision production/repair
33,-0.007013050703093948,-0.011834505094897158,-0.002930152664687858,-0.010032235711027845,-0.004588157433279006,income,Manufacturing_Construction,Mfg. + construction,8,Precision production/repair
34,0.0010710437941889618,-0.0037764922553639915,0.006644380102541635,-0.0021568758173083984,0.004219529483195874,income,Manufacturing_Construction,Mfg. + construction,8,Precision production/repair
35,-0.004455722233375744,-0.009331373123743998,5.806990248782319e-5,-0.007460025603412289,-0.00211098615114665,income,Manufacturing_Construction,Mfg. + construction,8,Precision production/repair
36,-0.0006105491522054735,-0.0059816470927474795,0.00431079275946601,-0.003758011661918468,0.002442991574042571,income,Manufacturing_Construction,Mfg. + construction,8,Precision production/repair
0,-0.0010283354130557784,-0.004849236833132391,0.0033577084176020845,-0.0033870625104782627,0.0013024018782014733,income,Manufacturing_Construction,Mfg. + construction,9,Machine operators/transport
1,0.0006684508611546141,-0.0028556201971879445,0.0050843050978435595,-0.0016772065840429111,0.003304023805134312,income,Manufacturing_Construction,Mfg. + construction,9,Machine operators/transport
2,-0.0015130028422032076,-0.005950374888583947,0.003030239526613154,-0.00433800451571925,0.001143463327990033,income,Manufacturing_Construction,Mfg. + construction,9,Machine operators/transport
3,0.001187219633667734,-0.002216450953470924,0.004668907889684675,-0.000831661478130049,0.003362528121431736,income,Manufacturing_Construction,Mfg. + construction,9,Machine operators/transport
4,0.0023284661580713338,-0.0017382585833109125,0.006247101309243087,-0.0004259433259436872,0.004821186192994406,income,Manufacturing_Construction,Mfg. + construction,9,Machine operators/transport
5,-0.001557133634444918,-0.005230300380990304,0.0025021180990863886,-0.0035586569463312867,0.0007811043587255314,income,Manufacturing_Construction,Mfg. + construction,9,Machine operators/transport
6,-0.0017149800096144187,-0.005553849733153683,0.001965000296173487,-0.004046522832345212,0.0005061191878173161,income,Manufacturing_Construction,Mfg. + construction,9,Machine operators/transport
7,0.0033149435772175107,0.0008969787251598225,0.006388943155468932,0.0017408869112722032,0.00497445154932704,income,Manufacturing_Construction,Mfg. + construction,9,Machine operators/transport
8,-0.0014095294533086403,-0.005566116429369242,0.002120421861623255,-0.00403611488362307,0.0009897988620827737,income,Manufacturing_Construction,Mfg. + construction,9,Machine operators/transport
9,-0.0019274473966278815,-0.004759700401130891,0.0010047659295827364,-0.003665306012978031,8.374367934593178e-7,income,Manufacturing_Construction,Mfg. + construction,9,Machine operators/transport
10,-0.002192654312061406,-0.00489739297034158,0.0009145676473681472,-0.0038486898422166963,-0.00028222011779160624,income,Manufacturing_Construction,Mfg. + construction,9,Machine operators/transport
11,-0.0007916814977442073,-0.0038681758225194447,0.002035995146544028,-0.002592860312336741,0.0010309468133332614,income,Manufacturing_Construction,Mfg. + construction,9,Machine operators/transport
12,-0.002848305018595755,-0.0057148207530547356,0.0001296930292756424,-0.004500011643750936,-0.0010063463581674729,income,Manufacturing_Construction,Mfg. + construction,9,Machine operators/transport
13,0.00025314286494752504,-0.0032294100107756307,0.003241777390388006,-0.0018741992790344748,0.00213162848442634,income,Manufacturing_Construction,Mfg. + construction,9,Machine operators/transport
14,0.0012409737327250757,-0.004766323760514203,0.005818360629854875,-0.002270714432570539,0.004006059708317971,income,Manufacturing_Construction,Mfg. + construction,9,Machine operators/transport
15,-0.0005523300420996461,-0.0035108525305932244,0.002984631559022148,-0.0024012617275259193,0.0014145941195226976,income,Manufacturing_Construction,Mfg. + construction,9,Machine operators/transport
16,-0.004706627683149227,-0.008739685958822763,-0.0011458350518219569,-0.006936861392755771,-0.0026165795893420274,income,Manufacturing_Construction,Mfg. + construction,9,Machine operators/transport
17,-0.006664123115555614,-0.010244350702045855,-0.003844886949430729,-0.008634617878142539,-0.005069270462643952,income,Manufacturing_Construction,Mfg. + construction,9,Machine operators/transport
18,-0.0011663868273431,-0.004649786007057849,0.0024365179498407634,-0.003340792398191685,0.000845178652186395,income,Manufacturing_Construction,Mfg. + construction,9,Machine operators/transport
19,-0.0022054337135078384,-0.005891066933578177,0.0015939019270725546,-0.004411050803417605,7.395482582753937e-5,income,Manufacturing_Construction,Mfg. + construction,9,Machine operators/transport
20,-0.002950412979828863,-0.007112467443495937,0.0015990953853391456,-0.005555140266450199,-0.0003800082789696068,income,Manufacturing_Construction,Mfg. + construction,9,Machine operators/transport
21,-0.0009557361062114669,-0.0040468391516454115,0.0019112664331774343,-0.0028172097968385467,0.0007580874459654455,income,Manufacturing_Construction,Mfg. + construction,9,Machine operators/transport
22,0.000897311370380868,-0.0031529053249456937,0.004835494061843431,-0.0016755288943180674,0.0033024367937065117,income,Manufacturing_Construction,Mfg. + construction,9,Machine operators/transport
23,-0.0014100620869908042,-0.005046675008845538,0.002381744111430293,-0.0036634116083638993,0.000547156648965,income,Manufacturing_Construction,Mfg. + construction,9,Machine operators/transport
24,-0.0030853906829027286,-0.006901767836778861,8.804759163651837e-5,-0.0052201592220986765,-0.0010069163930327852,income,Manufacturing_Construction,Mfg. + construction,9,Machine operators/transport
25,0.0006766624389624432,-0.0014462976234745058,0.0031265133498670043,-0.0006427997039068366,0.002306482563936442,income,Manufacturing_Construction,Mfg. + construction,9,Machine operators/transport
26,-0.004433239934257021,-0.00804375418397135,-0.0006094601898546845,-0.006505429469895115,-0.0021014380847212996,income,Manufacturing_Construction,Mfg. + construction,9,Machine operators/transport
27,-0.0014780555781238396,-0.004857156799009996,0.0025195020064281695,-0.0035539746079323873,0.0009812768321028106,income,Manufacturing_Construction,Mfg. + construction,9,Machine operators/transport
28,-0.004773967359209176,-0.008996369203834044,-0.0018390282817968878,-0.007149373524240017,-0.00284400603366787,income,Manufacturing_Construction,Mfg. + construction,9,Machine operators/transport
29,-0.0035443585442692196,-0.00706966978962534,-0.0002289317826324488,-0.005596490838930398,-0.0015028433797139285,income,Manufacturing_Construction,Mfg. + construction,9,Machine operators/transport
30,-0.004911475217364222,-0.008520869767102191,-0.0012863990187971953,-0.006916275118572974,-0.002796477630434017,income,Manufacturing_Construction,Mfg. + construction,9,Machine operators/transport
31,-0.002323818838824227,-0.005382351253399591,0.0004306481473492301,-0.004073636508354601,-0.0004801039512919451,income,Manufacturing_Construction,Mfg. + construction,9,Machine operators/transport
32,-0.00362137211883879,-0.007577984613982573,-0.0003597423901023399,-0.005839142436020236,-0.0019392471887370044,income,Manufacturing_Construction,Mfg. + construction,9,Machine operators/transport
33,-0.0029871102399984875,-0.00694733412102054,0.0004548411613641322,-0.005455861954608957,-0.000999021085679284,income,Manufacturing_Construction,Mfg. + construction,9,Machine operators/transport
34,-0.004939120063024998,-0.009798575780279394,-0.0007569444537572417,-0.00771878781008181,-0.0024823593746348335,income,Manufacturing_Construction,Mfg. + construction,9,Machine operators/transport
35,-0.0053269013189994,-0.009067317058815746,-0.0018585159216111245,-0.0074880344195978835,-0.003261564778514973,income,Manufacturing_Construction,Mfg. + construction,9,Machine operators/transport
36,-0.007251728902912124,-0.011765788252456123,-0.0035718066099235187,-0.00984029350981511,-0.005084222149197762,income,Manufacturing_Construction,Mfg. + construction,9,Machine operators/transport
0,0.012157203705311457,0.00538900048051767,0.017764821582787693,0.007837181054283037,0.015712674996855244,income,Trade,Trade,1,Managerial
1,0.009303735572681823,0.0026237039409598055,0.015417868274703438,0.005264915574574748,0.012975047133334713,income,Trade,Trade,1,Managerial
2,0.008698546940583413,0.003176977710427801,0.014326508128976956,0.004885777955402784,0.012689439909664873,income,Trade,Trade,1,Managerial
3,0.0008209353724274073,-0.005422279801037872,0.00638438317193452,-0.0036363466200736785,0.004524961743305323,income,Trade,Trade,1,Managerial
4,0.002440119784056696,-0.004016940921484455,0.008873161336247624,-0.001425538439328303,0.006302363028973778,income,Trade,Trade,1,Managerial
5,-0.005637413713756424,-0.010683103136492858,-0.00014125416772960055,-0.008478049081509075,-0.0017632997995646518,income,Trade,Trade,1,Managerial
6,-0.0024383436013547086,-0.01081537241026504,0.005151393230390449,-0.008220879127739843,0.0020223023606595002,income,Trade,Trade,1,Managerial
7,-0.005265382746059845,-0.012829776278200988,0.000949276057925926,-0.00984207493051806,-0.0020354152518129434,income,Trade,Trade,1,Managerial
8,0.003916012364490513,-0.004419501746755907,0.011048595944067038,-0.0013235034428240667,0.008638262179903574,income,Trade,Trade,1,Managerial
9,0.008510003340089618,0.0030611905080255757,0.0157040147117224,0.0055866203238263655,0.012880453609863752,income,Trade,Trade,1,Managerial
10,0.003926774481726033,-0.0028059981943052226,0.011537275689483416,-4.413274166394955e-5,0.00869888169822134,income,Trade,Trade,1,Managerial
11,0.0026349757244813247,-0.002086659101693127,0.008256628430963479,-0.0003131756723857575,0.005913415117849743,income,Trade,Trade,1,Managerial
12,-0.002086108358969778,-0.008382683881335628,0.003865878694466406,-0.005984452510785138,0.0018275229931414864,income,Trade,Trade,1,Managerial
13,-0.0007774180209742664,-0.006369386259561868,0.005107834609694236,-0.0039429008396487325,0.0030710746289780073,income,Trade,Trade,1,Managerial
14,0.006529781307117227,-0.0025260223127355945,0.014317417397448299,0.0016016255533821367,0.011330636913131124,income,Trade,Trade,1,Managerial
15,-0.0003493119015549842,-0.006478733304352343,0.005625930071039431,-0.0041755602262780215,0.003099122453515327,income,Trade,Trade,1,Managerial
16,-0.0007182563561069152,-0.008266862321551889,0.006729688874865839,-0.0046623904721528435,0.004168359434341169,income,Trade,Trade,1,Managerial
17,-0.0021528648391880775,-0.0091617400818691,0.004385355015558796,-0.006646658202324695,0.002187468651706175,income,Trade,Trade,1,Managerial
18,0.001498461211322864,-0.004961074289244451,0.007553332444565877,-0.0020608672592373183,0.004863846909974367,income,Trade,Trade,1,Managerial
19,-0.004849628757879507,-0.01198660121995173,0.0012260995774469492,-0.00914780251806663,-0.0012624949296110278,income,Trade,Trade,1,Managerial
20,0.0007457534698383039,-0.0062650998441045715,0.007348243929180984,-0.0031096170016450724,0.0045972497834287996,income,Trade,Trade,1,Managerial
21,-0.0025208917568524288,-0.009619540118923183,0.003318250510567975,-0.006548644398932929,0.0011745716208492697,income,Trade,Trade,1,Managerial
22,-0.006523063903315502,-0.012617259761063888,-0.0011381605850483744,-0.00974564896382896,-0.0033606081391146024,income,Trade,Trade,1,Managerial
23,-0.008357719991569682,-0.014970382692749078,-0.002858264237340112,-0.012469276170332132,-0.00542355859942135,income,Trade,Trade,1,Managerial
24,-0.002535176354611154,-0.0081724980864893,0.0028902347796126967,-0.00622433422302222,0.0009518782640821023,income,Trade,Trade,1,Managerial
25,0.004949604452429623,-0.0006766071492931751,0.01176319056861461,0.0011310881829003942,0.008712215465268507,income,Trade,Trade,1,Managerial
26,-0.007921289671982681,-0.014160866785092995,-0.0018316981970837804,-0.011985873725240088,-0.003880220879787708,income,Trade,Trade,1,Managerial
27,-0.005720154926249981,-0.010245238629327625,-0.0007031078300123198,-0.008165295949124261,-0.002324705341299113,income,Trade,Trade,1,Managerial
28,0.004735168355989075,-0.0013167281375090446,0.010374154107914056,0.0012255397742819227,0.008004855464022444,income,Trade,Trade,1,Managerial
29,-0.008139715491538274,-0.014512655684858978,-0.001316740486360106,-0.01216764629971451,-0.004119377780933786,income,Trade,Trade,1,Managerial
30,-0.0033030422478049133,-0.009113137963521289,0.0024812379654417494,-0.006636635512299586,0.0009413078344997551,income,Trade,Trade,1,Managerial
31,-0.010228196396354201,-0.01805889478687174,0.0002176363575127748,-0.015002194569536515,-0.003286330201227432,income,Trade,Trade,1,Managerial
32,-0.001830294912304422,-0.008822569382250865,0.00389684475455045,-0.006000523145643704,0.001063381152446392,income,Trade,Trade,1,Managerial
33,-0.004485764229087184,-0.010229420908618085,0.0015582448103427906,-0.007991265509400188,-0.001010643928923409,income,Trade,Trade,1,Managerial
34,0.009027825233377721,-2.5131559369164988e-5,0.015308162853185687,0.003668099328538295,0.012603381002840763,income,Trade,Trade,1,Managerial
35,-0.0005146619327664041,-0.006513478494840012,0.0064934426722340795,-0.004085175197716097,0.004071129377718348,income,Trade,Trade,1,Managerial
36,0.005627647220290015,0.0007499455533518627,0.01077905714851412,0.002837957499341474,0.008771431447586372,income,Trade,Trade,1,Managerial
0,0.014724224548986845,0.0012498710559229118,0.025358288876546994,0.0077048596812082345,0.021425615743890184,income,Trade,Trade,2,Professional specialty
1,0.010297580967231086,-0.0012149940389557193,0.02012165123760158,0.0030096294503690214,0.015588527151626314,income,Trade,Trade,2,Professional specialty
2,-0.011074797419477814,-0.02355162840687915,0.0008721207799700734,-0.01808697444197084,-0.003911249851889341,income,Trade,Trade,2,Professional specialty
3,-0.0036454619670237684,-0.013293647207631754,0.0072074002328166775,-0.00917408699428731,0.0034571583308617383,income,Trade,Trade,2,Professional specialty
4,-0.007182980616481209,-0.020027249657608843,0.006356984451751723,-0.014670313002277387,0.0015816977276585124,income,Trade,Trade,2,Professional specialty
5,-0.003078400353000754,-0.014946612684831013,0.012875921661422525,-0.009900367403050031,0.005550657288764542,income,Trade,Trade,2,Professional specialty
6,0.00965923478756025,-0.00019199999660044278,0.0205312691197771,0.0029057406162609697,0.017168853474268685,income,Trade,Trade,2,Professional specialty
7,0.0034489661910023506,-0.009668475788997682,0.020914451731942476,-0.0046708802074225085,0.012453388503785244,income,Trade,Trade,2,Professional specialty
8,-0.005576632918443936,-0.02099259979495476,0.004107297814282995,-0.014328852536964365,0.0007315517317214842,income,Trade,Trade,2,Professional specialty
9,-0.012930207110180078,-0.027308598454690657,0.0005002179395507868,-0.01963099800943285,-0.003094394375830291,income,Trade,Trade,2,Professional specialty
10,-0.023468973005411013,-0.036075187355016004,-0.008832893915491179,-0.03089500527069544,-0.014037760084039511,income,Trade,Trade,2,Professional specialty
11,0.005812578087664404,-0.0065404273014033915,0.01804961184709116,-0.001823747631767192,0.012620737810463061,income,Trade,Trade,2,Professional specialty
12,0.0028840172382409933,-0.008237446192917003,0.014871551856448456,-0.0038235524135915027,0.009946628051885214,income,Trade,Trade,2,Professional specialty
13,-0.0042254404980679085,-0.020312509518743548,0.01413253353393863,-0.014111695525517954,0.007911176982020034,income,Trade,Trade,2,Professional specialty
14,-0.0022308461114686064,-0.014147927863008418,0.007935478741862602,-0.010014638588475245,0.004513241130992688,income,Trade,Trade,2,Professional specialty
15,0.004263411069075685,-0.01129100668766958,0.01591840043920082,-0.005024827591400593,0.010842968126904393,income,Trade,Trade,2,Professional specialty
16,-0.023172141528073842,-0.04092943009855414,-0.009998269479693596,-0.0325887146206294,-0.01567665571732593,income,Trade,Trade,2,Professional specialty
17,-0.015725195767713893,-0.03127011773767992,-0.003402096728587479,-0.0244539038993261,-0.008386247021678454,income,Trade,Trade,2,Professional specialty
18,-0.004456260599116455,-0.018109257268834437,0.007552833482794085,-0.013265175841334815,0.002428191306604356,income,Trade,Trade,2,Professional specialty
19,-0.003484253565278034,-0.01762720889431666,0.008626032721890718,-0.010917517940530861,0.004828135686129454,income,Trade,Trade,2,Professional specialty
20,-0.0028012632499442697,-0.014770859762840044,0.007392705947795456,-0.010132848560271076,0.0032941953085349426,income,Trade,Trade,2,Professional specialty
21,0.005717358858493971,-0.007631851949768726,0.018229528323530197,-0.0025273363087576755,0.013620753199377713,income,Trade,Trade,2,Professional specialty
22,-0.007549495475295053,-0.017659615990138863,0.0033752622302622957,-0.014273252135148028,-9.794819397506392e-5,income,Trade,Trade,2,Professional specialty
23,0.00030177330393165195,-0.011961715381699848,0.011260687312578508,-0.006681844697469621,0.007110631002419149,income,Trade,Trade,2,Professional specialty
24,-0.00801302924369307,-0.01723942953006639,0.002688302951561196,-0.013560234215139143,-0.0028616246707090258,income,Trade,Trade,2,Professional specialty
25,0.004144976372083958,-0.01112681063749477,0.018216255806521968,-0.003988010227767011,0.012217637526152188,income,Trade,Trade,2,Professional specialty
26,-0.0022348659472130215,-0.012552657501091507,0.012671008132454333,-0.008980503418588016,0.006947845654155317,income,Trade,Trade,2,Professional specialty
27,-0.00894588809290405,-0.020002351259966362,0.0016564663588977367,-0.01574849160867323,-0.002753457423278787,income,Trade,Trade,2,Professional specialty
28,-0.012441457366569127,-0.029448713291366654,-0.0009684961450191452,-0.0224740595147361,-0.006015147362716492,income,Trade,Trade,2,Professional specialty
29,0.005883110538350278,-0.008066180616403422,0.017903304420869348,-0.0026339801712617177,0.01216131993921522,income,Trade,Trade,2,Professional specialty
30,-0.015457889899096576,-0.025387849088676733,-0.0037512796163034386,-0.02152385712826837,-0.008452533864482723,income,Trade,Trade,2,Professional specialty
31,0.0017516150506903688,-0.009135389871147901,0.010715594421398909,-0.004929308203511474,0.007869430051873592,income,Trade,Trade,2,Professional specialty
32,-0.011556158455374445,-0.023346736480877716,0.0024908889005498935,-0.018108965328376032,-0.0029400850831892214,income,Trade,Trade,2,Professional specialty
33,0.006464466472191109,-0.0075783894896140755,0.017429214863758907,-0.0015311043655946805,0.01257384275372838,income,Trade,Trade,2,Professional specialty
34,-0.0034924620359287543,-0.014612932240310478,0.005561220209167255,-0.01032138290265776,0.002459627606097805,income,Trade,Trade,2,Professional specialty
35,0.004287791240358644,-0.011901275725109928,0.017728549734422047,-0.003891503532693784,0.01280292509477295,income,Trade,Trade,2,Professional specialty
36,-0.005396861930132638,-0.01658018732135024,0.0059814189918821455,-0.012893811899707813,0.000914837934376982,income,Trade,Trade,2,Professional specialty
0,0.03529793586970528,-0.01768044929932633,0.0736868765580821,0.01032861236307003,0.0504712967659893,income,Trade,Trade,3,High tech
1,-0.06767157145607429,-0.08453123110614179,-0.049148814336421175,-0.07983921727541819,-0.056029638315090155,income,Trade,Trade,3,High tech
2,2.6906298532036526,2.647230296074405,2.7182962661096965,2.6575009824081817,2.7042641910569567,income,Trade,Trade,3,High tech
3,-0.06597286279868017,-1.1100081760820384,0.6192109581635039,-0.15453324115893774,0.5094453696741293,income,Trade,Trade,3,High tech
4,-0.022707047529772106,-0.8580335411731236,0.6071365135795322,-0.5693780935214063,0.21048519337570287,income,Trade,Trade,3,High tech
5,0.0009453853078803082,-0.006393388688229536,0.00595220922570983,-0.0036059387692807714,0.0039007187755684724,income,Trade,Trade,3,High tech
6,0.12638848973893058,-2.354193082584181,5.43897499539371,-2.025278783793405,4.15500535454397,income,Trade,Trade,3,High tech
7,0.35000319817737896,0.32727347835176557,0.38895569696716414,0.3398850114443939,0.37442669013124613,income,Trade,Trade,3,High tech
8,-0.13764582637609948,-0.1587847725464937,-0.11432889846670141,-0.15068562104368438,-0.12387703928528837,income,Trade,Trade,3,High tech
9,0.18682750082871014,0.17679614789805928,0.19839180720266295,0.18080730982785229,0.19355793267050778,income,Trade,Trade,3,High tech
10,-0.17528895538524508,-0.18486447409859696,-0.16818011770953503,-0.18115394369861929,-0.1719509505136829,income,Trade,Trade,3,High tech
11,-0.20965864777598506,-0.2297909800005424,-0.18950518497986316,-0.21915561803907907,-0.19793537416084878,income,Trade,Trade,3,High tech
12,-0.0690710854272001,-0.0778397195762793,-0.06064088558369491,-0.07450160661260766,-0.0645301369886257,income,Trade,Trade,3,High tech
13,-0.038053590602277344,-5.098388674951833,3.650959394353873,-3.8618469817798027,3.1637513641507673,income,Trade,Trade,3,High tech
15,0.14857049540548892,-0.5379435694843463,0.5249467958447482,-0.14619143242725088,0.16116606784165288,income,Trade,Trade,3,High tech
16,0.19192160934006205,0.17252108857443776,0.21732863620274653,0.1812852416344511,0.2073859460538845,income,Trade,Trade,3,High tech
19,-0.0015917427340408782,-0.0064348869694360045,0.002851621991041564,-0.004752333516112688,0.0008614072140685743,income,Trade,Trade,3,High tech
23,-0.029419547595894106,-0.033225019690780046,-0.026411228571056856,-0.031728683720310895,-0.02721520020627653,income,Trade,Trade,3,High tech
28,0.12272990388703166,0.11894040462676683,0.12666565885946066,0.12046637046156869,0.12493083355247131,income,Trade,Trade,3,High tech
31,0.06557443749628164,0.06085559850551234,0.07029031040992374,0.06270792579026502,0.0683402385375248,income,Trade,Trade,3,High tech
32,-0.03839094749436416,-0.042231327008063674,-0.034646498792432236,-0.04069175613664094,-0.03613592861063324,income,Trade,Trade,3,High tech
0,-0.0014367257780126522,-0.006104859758450546,0.0029188302512531353,-0.004114595463422648,0.001168859566737346,income,Trade,Trade,4,Sales
1,-0.0037522959766612763,-0.00978838678107877,0.0008990138853569359,-0.006817682802942494,-0.0013295664045459726,income,Trade,Trade,4,Sales
2,-0.0052507419511268315,-0.011594431753381457,-0.0010423812841413192,-0.008938397116499026,-0.002655019343751452,income,Trade,Trade,4,Sales
3,-0.0020568091341735917,-0.006346260806302012,0.0021322916888253823,-0.004678784425492668,0.00020312055299601377,income,Trade,Trade,4,Sales
4,-6.145892017893994e-5,-0.004376775486313383,0.004321315398276786,-0.0028843072371826694,0.0026799724846906024,income,Trade,Trade,4,Sales
5,-0.0001629980304907858,-0.004501456222703997,0.0036076266783375776,-0.002597191975709013,0.0023817809747604924,income,Trade,Trade,4,Sales
6,-0.006149423936485938,-0.009605718073105306,-0.002759938713326068,-0.008435024697444251,-0.003973505382563448,income,Trade,Trade,4,Sales
7,-0.002563800190797532,-0.006080899439231426,0.0003502033838305137,-0.004724682721207533,-0.0008703176924974027,income,Trade,Trade,4,Sales
8,-0.008878716817324724,-0.01213222990270434,-0.0059449382058658,-0.010736372368177758,-0.007174968282539011,income,Trade,Trade,4,Sales
9,-0.01290278259637758,-0.01613536427223703,-0.009534327551461108,-0.014687362933068153,-0.011017540609483106,income,Trade,Trade,4,Sales
10,-0.004906703218934594,-0.010092118692916298,-0.0005290889459133221,-0.00823778876945342,-0.003359614399833603,income,Trade,Trade,4,Sales
11,-0.00518451221898346,-0.008920840703310973,-0.000824765628692832,-0.006959529069871443,-0.002851129916305547,income,Trade,Trade,4,Sales
12,-0.008003486205195639,-0.012780455301791217,-0.004014095878721,-0.010478514231153924,-0.005615197116903064,income,Trade,Trade,4,Sales
13,-0.007120966062236741,-0.011531469398209435,-0.0023094769413271148,-0.009872624695528156,-0.004245961684529545,income,Trade,Trade,4,Sales
14,-0.007268260488677633,-0.011380645694926986,-0.0028312175168558208,-0.009931616186425227,-0.004620173710455461,income,Trade,Trade,4,Sales
15,-0.008616120188835407,-0.012384411042844106,-0.004424664300556278,-0.01090086927490349,-0.006038251780493087,income,Trade,Trade,4,Sales
16,-0.005125843259040925,-0.011074198526696263,-0.00038312240410551604,-0.008259106249420365,-0.002015774830481259,income,Trade,Trade,4,Sales
17,-0.007402218474630708,-0.01194116948930137,-0.0033060169443802634,-0.010202030140402444,-0.0047555275918779475,income,Trade,Trade,4,Sales
18,-0.0012869367843486653,-0.004835504098659307,0.003363321228038368,-0.003756604643930088,0.002083972816356063,income,Trade,Trade,4,Sales
19,-0.0007131257229760679,-0.005437646281542177,0.004274229610304407,-0.003658058123287431,0.002191023393101281,income,Trade,Trade,4,Sales
20,-0.004577614226776869,-0.008476436792063878,-0.0009989060164252049,-0.007115120243786129,-0.0024709911135658877,income,Trade,Trade,4,Sales
21,-0.006583115965905378,-0.01092244670106492,-0.0016054016572193373,-0.009177578927790364,-0.0035589141762562204,income,Trade,Trade,4,Sales
22,-0.011790603875114346,-0.017713417227634004,-0.007591841088086911,-0.01567365281977864,-0.009519750585078486,income,Trade,Trade,4,Sales
23,-0.009405231673868766,-0.014262682034467532,-0.004404707579929741,-0.012384963830081655,-0.006378303992071959,income,Trade,Trade,4,Sales
24,-0.0029263421369140545,-0.008187570854396647,0.0017340313939170709,-0.005924679612431793,2.151959267757131e-5,income,Trade,Trade,4,Sales
25,-0.0067032872564580384,-0.011284779081446686,-0.002892522632687263,-0.010025307734809107,-0.004524262130733293,income,Trade,Trade,4,Sales
26,-0.0069273865692776855,-0.012280848634693354,-0.0020822590093376664,-0.01035808759614998,-0.0038492379702439665,income,Trade,Trade,4,Sales
27,-0.006100774559183086,-0.010836639201559684,-0.0011417769523293297,-0.008858880230250258,-0.0030507909791099488,income,Trade,Trade,4,Sales
28,-0.0034884008016479603,-0.009158168237051423,0.0018340784800361643,-0.0069562567419470395,-0.0006176550476392961,income,Trade,Trade,4,Sales
29,-0.0076374089335002286,-0.013481695783683646,-0.0027464174537402625,-0.011621669186276327,-0.004580169931433553,income,Trade,Trade,4,Sales
30,-0.011145552766283385,-0.01632013659998921,-0.0056572881309291,-0.014373751261009995,-0.008037183654963328,income,Trade,Trade,4,Sales
31,-0.014508243453002893,-0.019142377945945727,-0.009410783194909247,-0.017210134622900476,-0.011273373921154049,income,Trade,Trade,4,Sales
32,-0.012159364683719663,-0.019457485790078437,-0.006246556065615383,-0.016554100787119205,-0.009227018013216064,income,Trade,Trade,4,Sales
33,-0.00677915794883156,-0.012403194958430614,-0.0017613230083318478,-0.009969105457166259,-0.0037589881897497563,income,Trade,Trade,4,Sales
34,-0.013214050071241608,-0.018931144456672582,-0.008314056857838615,-0.017074643864919768,-0.010340830701048362,income,Trade,Trade,4,Sales
35,-0.003223872320122557,-0.008533432796594808,0.0010616959959889325,-0.006455725626275256,-0.00041351243927609726,income,Trade,Trade,4,Sales
36,-0.004826926739635244,-0.009985094442578932,-9.131181647557135e-6,-0.007388157434154297,-0.0017702149252485553,income,Trade,Trade,4,Sales
0,-0.0008574054601712953,-0.006381711664662442,0.004367226462453773,-0.004099523421506644,0.0023198816703567902,income,Trade,Trade,5,Administrative support
1,-0.006408683887804182,-0.011917012551715343,-0.001434297201830026,-0.010058474713175537,-0.0036176542757977376,income,Trade,Trade,5,Administrative support
2,0.0037173068281311206,-0.002096657896627653,0.008421059225803395,-0.00010680971637668738,0.006191843304453748,income,Trade,Trade,5,Administrative support
3,0.0024461412031750503,-0.0027039889429602343,0.008579168221873726,-0.0008135605588645424,0.0057874145359644675,income,Trade,Trade,5,Administrative support
4,2.0174684492110975e-5,-0.005788777239543517,0.009559255631839736,-0.0037992844401154757,0.005574260410663546,income,Trade,Trade,5,Administrative support
5,-0.00625206605158242,-0.01150704480327736,-0.0005742765455236014,-0.009483135816662446,-0.0022696368840767088,income,Trade,Trade,5,Administrative support
6,-0.0013304082789151743,-0.008475396376890782,0.00723577017146107,-0.005798685583120015,0.0032279085462857495,income,Trade,Trade,5,Administrative support
7,0.00019227810578857705,-0.005533673930548907,0.00679607396661968,-0.0032898780385245798,0.004283399859663386,income,Trade,Trade,5,Administrative support
8,-0.004935567877936794,-0.011505790798596621,0.0008957119520809414,-0.008541376053603953,-0.0007461219118129591,income,Trade,Trade,5,Administrative support
9,0.0032843196643140954,-0.002873982203932569,0.009164010813292593,0.00014972133130822197,0.007201544117754985,income,Trade,Trade,5,Administrative support
10,-0.005204077766746973,-0.011226875584074206,0.002266007097548718,-0.009409132931276088,-0.0004382720113217135,income,Trade,Trade,5,Administrative support
11,-0.004312168181198455,-0.010205676579314215,0.0025203388813171716,-0.007950214337649265,-0.0005352087543215858,income,Trade,Trade,5,Administrative support
12,-0.0009648280084970521,-0.006020063994828437,0.005346816953778992,-0.004003813488029948,0.0034656043806583136,income,Trade,Trade,5,Administrative support
13,0.0012836521217192253,-0.005580746696665877,0.009235634763127276,-0.002861290637407277,0.006058698908391397,income,Trade,Trade,5,Administrative support
14,-0.0029787140768480487,-0.009055476787807028,0.0030474703856990617,-0.006798493935910596,0.0009156715761689995,income,Trade,Trade,5,Administrative support
15,-7.759151515166305e-6,-0.00634862010196288,0.00554976838147405,-0.0035415569147504615,0.003414955812946248,income,Trade,Trade,5,Administrative support
16,-0.0013519760581994923,-0.0061853468415986705,0.0038217188543879,-0.004246385724583589,0.0018242357007696825,income,Trade,Trade,5,Administrative support
17,-0.0006353037226625635,-0.005599971785915556,0.004746689000880851,-0.0034284935063706575,0.0025510128922559203,income,Trade,Trade,5,Administrative support
18,0.005204179636779611,-0.0026585384221065947,0.011120186110384747,0.0007190715055947847,0.009372755707462611,income,Trade,Trade,5,Administrative support
19,-0.0029371124061060333,-0.007620368835884371,0.002069584769995169,-0.005920500560787004,0.0002507501932373954,income,Trade,Trade,5,Administrative support
20,-0.008834147272425059,-0.015258828238847246,-0.00024918403021833603,-0.012813458809499318,-0.0043413144716123635,income,Trade,Trade,5,Administrative support
21,-0.0028925946540362666,-0.009481796679958111,0.004299015786737163,-0.007232133919654353,0.0010864823627300285,income,Trade,Trade,5,Administrative support
22,-0.011989716495975473,-0.01785052755869247,-0.005954737434004014,-0.015376428329986112,-0.008171284621410006,income,Trade,Trade,5,Administrative support
23,-0.005021304964316303,-0.011213887051487336,0.0009893043322521554,-0.008805951334505763,-0.0010469438791205418,income,Trade,Trade,5,Administrative support
24,0.005238245405933702,-0.0011277355993334426,0.010883351464063471,0.0014267186433112927,0.008720376891745527,income,Trade,Trade,5,Administrative support
25,0.0008433957782127506,-0.007050851240730579,0.007961569581189078,-0.0037749902272756217,0.004738432905482013,income,Trade,Trade,5,Administrative support
26,-0.004728628055177233,-0.010945451232289311,0.005966410323529497,-0.008603419616800728,0.0009018108518474375,income,Trade,Trade,5,Administrative support
27,-0.00021634457417906276,-0.005743740014637608,0.006739389433289141,-0.0037691178149445274,0.003453801887886068,income,Trade,Trade,5,Administrative support
28,0.0011454899934132139,-0.005969938557222736,0.007634045487596028,-0.0036203707566522933,0.004594919904814792,income,Trade,Trade,5,Administrative support
29,-0.0016703634183631985,-0.007643580038003326,0.004673069364861184,-0.005113604176202297,0.0021296291520467915,income,Trade,Trade,5,Administrative support
30,-0.005158602164017568,-0.01057459277158872,0.0013098304226725165,-0.007931186142960856,-0.000968790858541126,income,Trade,Trade,5,Administrative support
31,-0.002434842743374815,-0.008389520601338808,0.005903443645727657,-0.00575239358878458,0.002638626315957226,income,Trade,Trade,5,Administrative support
32,-0.006198313679659003,-0.011854052458867148,0.00016587471078067639,-0.01009224018779194,-0.0030746795175800768,income,Trade,Trade,5,Administrative support
33,-0.00845847818852215,-0.014515181905701422,-0.002513879600874895,-0.01225953232929145,-0.005136997879919789,income,Trade,Trade,5,Administrative support
34,-0.005014219224188543,-0.010515850347642203,0.0016433088923488654,-0.00826366987822189,-0.0008594710879493168,income,Trade,Trade,5,Administrative support
35,-0.0018377169076080275,-0.007505317613111435,0.00430323029302737,-0.00526663347829727,0.002304039182492795,income,Trade,Trade,5,Administrative support
36,-0.0055673738548326565,-0.012595464713913769,0.0011890938266125228,-0.00935939176056165,-0.0011979116724271368,income,Trade,Trade,5,Administrative support
0,0.007800975399730472,0.003101021528142443,0.012886638697241328,0.005072004966983597,0.010647707731631208,income,Trade,Trade,6,Service
1,-0.003935469678602341,-0.009733283770510949,0.0012009054669278223,-0.007784042322450465,-0.0007203632280532698,income,Trade,Trade,6,Service
2,-0.004063801598057433,-0.009751668586311024,0.0010451166756640417,-0.007734975013399096,-0.0005646980168782555,income,Trade,Trade,6,Service
3,-0.0008193181346075016,-0.005674431962602082,0.00420577688691264,-0.0037536891716716844,0.002518266897724152,income,Trade,Trade,6,Service
4,0.0004277118932901557,-0.0059885436788826695,0.005920070367548191,-0.003134021243972814,0.003695854224656237,income,Trade,Trade,6,Service
5,-0.002999989758680382,-0.00916123626943454,0.0029430734945104535,-0.007290447067427048,9.327949505968372e-5,income,Trade,Trade,6,Service
6,-0.005786978750051999,-0.01305728025786837,-0.0005202635411700558,-0.010288851868474554,-0.002401272821616762,income,Trade,Trade,6,Service
7,0.0012634430491067657,-0.0035133784416657354,0.006380384171841378,-0.001869640106401597,0.004380666745397955,income,Trade,Trade,6,Service
8,-0.008684425434439817,-0.013826892382603663,-0.0033540793596723763,-0.011778057279349247,-0.0050765407971523945,income,Trade,Trade,6,Service
9,-0.0012945901889198131,-0.005777030669234785,0.00440021516065149,-0.00409742107800926,0.0019021820308195213,income,Trade,Trade,6,Service
10,-0.003585011886014106,-0.007646460607173023,0.00034724067023769256,-0.00578808860572095,-0.0012522947851447536,income,Trade,Trade,6,Service
11,0.004072721935727914,-0.0007955804114723524,0.008453259534550811,0.0016427703606726697,0.006853028273963566,income,Trade,Trade,6,Service
12,-0.0028064901541107563,-0.00819434541819903,0.0032584431694427296,-0.006061321339124691,-0.0001958986385614714,income,Trade,Trade,6,Service
13,-0.006342591376485744,-0.011633728045234456,-0.001712720702468436,-0.009597789310298702,-0.003586697405840812,income,Trade,Trade,6,Service
14,-0.009386211091229595,-0.01436846355787558,-0.004051576241729148,-0.012354773916677334,-0.0063997407706790806,income,Trade,Trade,6,Service
15,0.0008499783545252673,-0.005435440113729161,0.006700346302158882,-0.00239083599397064,0.004278696490698897,income,Trade,Trade,6,Service
16,-0.002438570060980656,-0.009499892125309401,0.005910576335509909,-0.007152465241765825,0.002926891424973629,income,Trade,Trade,6,Service
17,-0.0017524681001062788,-0.007732584580301896,0.005170729940275636,-0.005334619536425151,0.0024571848974970635,income,Trade,Trade,6,Service
18,-0.007102270847864097,-0.013091662038287105,-0.0014606454430244444,-0.010986349426892836,-0.003438379482954775,income,Trade,Trade,6,Service
19,-0.003102148858211435,-0.007672336811747095,0.001464412106742679,-0.005884092857916995,-0.00043070482748473055,income,Trade,Trade,6,Service
20,-0.01346464514150977,-0.017963448234745376,-0.009537648843214255,-0.015982689166992848,-0.010811683141248533,income,Trade,Trade,6,Service
21,-0.00795038894920213,-0.01328981937379763,-0.001871773521807782,-0.0111137802278121,-0.00428431349871659,income,Trade,Trade,6,Service
22,-0.007448269638028065,-0.012270446880002842,-0.001782459271265806,-0.010459100973323865,-0.0041143422503658236,income,Trade,Trade,6,Service
23,-0.006535301896485125,-0.011999820985347133,-0.002091085481442127,-0.009721153164060952,-0.0037342780950840415,income,Trade,Trade,6,Service
24,-0.005574267479538968,-0.010481321022786266,-0.00041100712469441594,-0.00858719913457766,-0.0026876934222433728,income,Trade,Trade,6,Service
25,-0.008512742333256051,-0.013878826513841617,-0.001215483899203255,-0.012023398461293511,-0.00407758409020975,income,Trade,Trade,6,Service
26,-0.007326319377097137,-0.012604110305546392,-0.0018790398422327157,-0.010044886425885687,-0.003744126325243543,income,Trade,Trade,6,Service
27,-0.006594374272755978,-0.013499942477345563,-0.0003197491558027121,-0.0105194735806293,-0.0032932882602470957,income,Trade,Trade,6,Service
28,-0.0006892974465608493,-0.0064399750420252285,0.005716942994543779,-0.004026767565369358,0.0032041232255527953,income,Trade,Trade,6,Service
29,-0.0007822386583380106,-0.00830139534726492,0.004705884409493523,-0.00479979221951732,0.002731390438604155,income,Trade,Trade,6,Service
30,-0.005707611622711375,-0.01282339499465956,-7.232875618400515e-5,-0.009395885447351633,-0.0029482674049535426,income,Trade,Trade,6,Service
31,-0.008564122405864202,-0.014096148019467587,-0.003795472474306694,-0.01214431149172179,-0.006210571730193808,income,Trade,Trade,6,Service
32,-0.008018509037957967,-0.013434613497445801,-0.0018051977309325867,-0.01183492116362447,-0.004420807503223842,income,Trade,Trade,6,Service
33,-0.002195580711430079,-0.006973112845746904,0.004251871532550342,-0.005222081017935392,0.001219271883988925,income,Trade,Trade,6,Service
34,-0.007702622072234268,-0.013187517237748778,-0.00249547173863308,-0.010666731269864005,-0.004800721403335981,income,Trade,Trade,6,Service
35,-0.01048373037373625,-0.015149520285069773,-0.006049731437214293,-0.013201628132757725,-0.00755766735747798,income,Trade,Trade,6,Service
36,-0.006852693822827211,-0.012401165794909129,-0.0018789737657210126,-0.01010330256925966,-0.0043631878593308835,income,Trade,Trade,6,Service
0,NaN,NaN,NaN,NaN,NaN,income,Trade,Trade,7,Farming/forestry/construction
1,NaN,NaN,NaN,NaN,NaN,income,Trade,Trade,7,Farming/forestry/construction
2,NaN,NaN,NaN,NaN,NaN,income,Trade,Trade,7,Farming/forestry/construction
3,NaN,NaN,NaN,NaN,NaN,income,Trade,Trade,7,Farming/forestry/construction
4,NaN,NaN,NaN,NaN,NaN,income,Trade,Trade,7,Farming/forestry/construction
5,NaN,NaN,NaN,NaN,NaN,income,Trade,Trade,7,Farming/forestry/construction
6,NaN,NaN,NaN,NaN,NaN,income,Trade,Trade,7,Farming/forestry/construction
7,NaN,NaN,NaN,NaN,NaN,income,Trade,Trade,7,Farming/forestry/construction
8,NaN,NaN,NaN,NaN,NaN,income,Trade,Trade,7,Farming/forestry/construction
9,NaN,NaN,NaN,NaN,NaN,income,Trade,Trade,7,Farming/forestry/construction
10,NaN,NaN,NaN,NaN,NaN,income,Trade,Trade,7,Farming/forestry/construction
11,NaN,NaN,NaN,NaN,NaN,income,Trade,Trade,7,Farming/forestry/construction
12,NaN,NaN,NaN,NaN,NaN,income,Trade,Trade,7,Farming/forestry/construction
13,NaN,NaN,NaN,NaN,NaN,income,Trade,Trade,7,Farming/forestry/construction
14,NaN,NaN,NaN,NaN,NaN,income,Trade,Trade,7,Farming/forestry/construction
15,NaN,NaN,NaN,NaN,NaN,income,Trade,Trade,7,Farming/forestry/construction
16,NaN,NaN,NaN,NaN,NaN,income,Trade,Trade,7,Farming/forestry/construction
17,NaN,NaN,NaN,NaN,NaN,income,Trade,Trade,7,Farming/forestry/construction
18,NaN,NaN,NaN,NaN,NaN,income,Trade,Trade,7,Farming/forestry/construction
19,NaN,NaN,NaN,NaN,NaN,income,Trade,Trade,7,Farming/forestry/construction
20,NaN,NaN,NaN,NaN,NaN,income,Trade,Trade,7,Farming/forestry/construction
21,NaN,NaN,NaN,NaN,NaN,income,Trade,Trade,7,Farming/forestry/construction
22,NaN,NaN,NaN,NaN,NaN,income,Trade,Trade,7,Farming/forestry/construction
23,NaN,NaN,NaN,NaN,NaN,income,Trade,Trade,7,Farming/forestry/construction
24,NaN,NaN,NaN,NaN,NaN,income,Trade,Trade,7,Farming/forestry/construction
25,NaN,NaN,NaN,NaN,NaN,income,Trade,Trade,7,Farming/forestry/construction
26,NaN,NaN,NaN,NaN,NaN,income,Trade,Trade,7,Farming/forestry/construction
27,NaN,NaN,NaN,NaN,NaN,income,Trade,Trade,7,Farming/forestry/construction
28,NaN,NaN,NaN,NaN,NaN,income,Trade,Trade,7,Farming/forestry/construction
29,NaN,NaN,NaN,NaN,NaN,income,Trade,Trade,7,Farming/forestry/construction
30,NaN,NaN,NaN,NaN,NaN,income,Trade,Trade,7,Farming/forestry/construction
31,NaN,NaN,NaN,NaN,NaN,income,Trade,Trade,7,Farming/forestry/construction
32,NaN,NaN,NaN,NaN,NaN,income,Trade,Trade,7,Farming/forestry/construction
33,NaN,NaN,NaN,NaN,NaN,income,Trade,Trade,7,Farming/forestry/construction
34,NaN,NaN,NaN,NaN,NaN,income,Trade,Trade,7,Farming/forestry/construction
35,NaN,NaN,NaN,NaN,NaN,income,Trade,Trade,7,Farming/forestry/construction
36,NaN,NaN,NaN,NaN,NaN,income,Trade,Trade,7,Farming/forestry/construction
0,0.0034418768303244676,-0.0029476126366755847,0.010512620881531733,-0.0007859328853805909,0.007691042129745232,income,Trade,Trade,8,Precision production/repair
1,-0.010817814411135792,-0.020936788077177703,-0.0021221705896459116,-0.01748007525713457,-0.004933525622880426,income,Trade,Trade,8,Precision production/repair
2,-0.006068763646858744,-0.013277256717697463,0.000201524619249052,-0.009641080274939332,-0.0024357898821789495,income,Trade,Trade,8,Precision production/repair
3,-0.010460104659535133,-0.018337476826504863,-0.003958715100289781,-0.015550844177581912,-0.00668774497057832,income,Trade,Trade,8,Precision production/repair
4,-0.00811856086357423,-0.014271442835213258,-0.0009242399219046736,-0.011838886750613984,-0.00374311254218201,income,Trade,Trade,8,Precision production/repair
5,-0.006100259576809556,-0.01227926734760866,-0.0006477367477053242,-0.010252370119054572,-0.002714252709605734,income,Trade,Trade,8,Precision production/repair
6,-0.005368368951968114,-0.011787064725711414,0.0019331647030436522,-0.009527585155552003,-0.0017796107643441015,income,Trade,Trade,8,Precision production/repair
7,-0.006381691458593127,-0.013217114066271992,0.00042051690392287417,-0.01041841274254218,-0.0014679945417098187,income,Trade,Trade,8,Precision production/repair
8,-0.01357931056436627,-0.02008120077219776,-0.0072419789936441995,-0.017136019095339933,-0.0104016773977951,income,Trade,Trade,8,Precision production/repair
9,-0.01220726550479894,-0.020458705806716333,-0.0044926122991167635,-0.016363511034868276,-0.007262917891613247,income,Trade,Trade,8,Precision production/repair
10,-0.013213712845344476,-0.020401889471236116,-0.0060039260878994895,-0.017426808556717792,-0.0087162148358409,income,Trade,Trade,8,Precision production/repair
11,-0.014081419690152102,-0.02209594146720536,-0.007199232285573726,-0.018641382891937897,-0.009776105895913753,income,Trade,Trade,8,Precision production/repair
12,-0.0023113945795115785,-0.010430866887719678,0.004750653761402511,-0.006916335492662618,0.0021490055411986955,income,Trade,Trade,8,Precision production/repair
13,-0.01764636307971952,-0.024488830162381355,-0.009020386719069776,-0.02211892755436878,-0.0126303595518913,income,Trade,Trade,8,Precision production/repair
14,0.00030125462017571356,-0.008912545201839638,0.007079548936747715,-0.005404705868765088,0.004862527099453394,income,Trade,Trade,8,Precision production/repair
15,0.0010409350000411429,-0.005174845471853742,0.007543496635545066,-0.0028930470751723147,0.0046442166779281915,income,Trade,Trade,8,Precision production/repair
16,-0.010649089718598926,-0.017258976389112075,-0.00450257567063713,-0.014773589278022126,-0.006749536253671149,income,Trade,Trade,8,Precision production/repair
17,-0.015253665466756291,-0.022963464025271413,-0.008087286089852923,-0.019906106803900578,-0.01072998306653028,income,Trade,Trade,8,Precision production/repair
18,-0.004234081254877422,-0.011559159869789459,0.0015846045546812166,-0.008596027810421812,-0.0007983095824693953,income,Trade,Trade,8,Precision production/repair
19,-0.011475677405018373,-0.018833431263574018,-0.002399602708112309,-0.01583194944014218,-0.00695754319439576,income,Trade,Trade,8,Precision production/repair
20,0.0005904463161610125,-0.00845111532154083,0.007790304303422917,-0.005445529657424937,0.004518210877056588,income,Trade,Trade,8,Precision production/repair
21,-0.013364584492351547,-0.020263667869273434,-0.007178860723855185,-0.01766607303928685,-0.009834957470748765,income,Trade,Trade,8,Precision production/repair
22,-0.0070394883888671685,-0.01728140542462412,-0.00021689016461861384,-0.013262222999805489,-0.0030563262679746536,income,Trade,Trade,8,Precision production/repair
23,-0.013996654602810736,-0.02098679266109886,-0.006453493097544811,-0.018166176829455448,-0.009830637644452883,income,Trade,Trade,8,Precision production/repair
24,-0.008243550291150205,-0.016080382184598153,-0.0013696124768329734,-0.013125928655374375,-0.005313264704981957,income,Trade,Trade,8,Precision production/repair
25,-0.011523778393359907,-0.020716407820542564,-0.006012652617324638,-0.018254118834506103,-0.008583506378495732,income,Trade,Trade,8,Precision production/repair
26,-0.013804540740479253,-0.021067070446975724,-0.007029857669524601,-0.01843693852679071,-0.009349948209571975,income,Trade,Trade,8,Precision production/repair
27,-0.019304756131670986,-0.029330816641884392,-0.010664649499636447,-0.025446503101827993,-0.014125290676340656,income,Trade,Trade,8,Precision production/repair
28,-0.013021727571286173,-0.02162321980898097,-0.005065287523552429,-0.018734256757226394,-0.00826269681535887,income,Trade,Trade,8,Precision production/repair
29,-0.0096793889768502,-0.017153749230775645,-0.0022278341328057887,-0.014763055099151275,-0.004748154176080441,income,Trade,Trade,8,Precision production/repair
30,-0.002230111376305259,-0.01352168397674052,0.006319876629363893,-0.008333194558038527,0.002624389602955746,income,Trade,Trade,8,Precision production/repair
31,-0.0060758222395598275,-0.01396421460310554,0.003024750270970009,-0.011511476774169721,-0.0008578300076506938,income,Trade,Trade,8,Precision production/repair
32,-0.010412351341673046,-0.016993297552305033,-0.0028979883839415355,-0.014136035264243372,-0.006285375946414606,income,Trade,Trade,8,Precision production/repair
33,-0.012834570499152416,-0.02139740198064531,-0.005956846279256512,-0.01856820811188894,-0.00883981539329342,income,Trade,Trade,8,Precision production/repair
34,-0.01004579314181058,-0.018057319175191475,-0.0017612066902176152,-0.01482369527836155,-0.005320278949587338,income,Trade,Trade,8,Precision production/repair
35,-0.0016897161630520944,-0.008467227987141761,0.0055375462515094955,-0.005952971722894242,0.0026537108381473155,income,Trade,Trade,8,Precision production/repair
36,-0.011249858834163042,-0.018056493265056744,-0.004191451612688725,-0.015549011378743025,-0.007126751615936941,income,Trade,Trade,8,Precision production/repair
0,-0.0006970034815877682,-0.0058267740633368426,0.004381347915793655,-0.004071124160645175,0.002295119237297938,income,Trade,Trade,9,Machine operators/transport
1,-0.007057178468761324,-0.012238275442434766,-0.0017250715764539218,-0.010156030229533205,-0.004084336379693256,income,Trade,Trade,9,Machine operators/transport
2,0.0030841641773452443,-0.0026993504805916464,0.009418655573862353,-0.0006815091823120928,0.006605001595414265,income,Trade,Trade,9,Machine operators/transport
3,0.0011839789791265518,-0.006973304910400769,0.009612921702605717,-0.003185188383937192,0.00529768601677252,income,Trade,Trade,9,Machine operators/transport
4,0.005881566111622354,-0.0008037105258904484,0.012774893242685275,0.0021663598471468363,0.009799232823397144,income,Trade,Trade,9,Machine operators/transport
5,0.004075937149058276,-0.0016898920308107464,0.009281333393972795,0.00024293911907910743,0.007472228904417749,income,Trade,Trade,9,Machine operators/transport
6,-0.0009139701276743933,-0.00800530492461478,0.006500512042803429,-0.00571701723927848,0.0038935111527821377,income,Trade,Trade,9,Machine operators/transport
7,0.00024982891417767953,-0.0047771131038096635,0.006166591446687638,-0.0031193018659985655,0.00423390125740737,income,Trade,Trade,9,Machine operators/transport
8,0.0014974377501437925,-0.003821402327482807,0.0085035902694104,-0.0017042850769175273,0.00565194498376258,income,Trade,Trade,9,Machine operators/transport
9,0.006134378600609847,2.512995338178805e-5,0.014349882116129219,0.002556725766083666,0.010443598884029506,income,Trade,Trade,9,Machine operators/transport
10,0.004264034592228632,-0.0031705873558757714,0.010334316311529701,-0.00033768314930063877,0.007613761396121778,income,Trade,Trade,9,Machine operators/transport
11,-0.007848184427067844,-0.01332957973791439,-0.002078110547825299,-0.011115118732796426,-0.004810836986467131,income,Trade,Trade,9,Machine operators/transport
12,-0.007184126058013672,-0.013330471703846483,-0.0014115470296104512,-0.010851828788141083,-0.003857895502504477,income,Trade,Trade,9,Machine operators/transport
13,-0.004588784836730202,-0.009960483954926637,0.0005129335996357813,-0.007882676731517543,-0.0017662013108210367,income,Trade,Trade,9,Machine operators/transport
14,5.568341308512073e-5,-0.005652287965575518,0.005093544517898379,-0.0035277735310752303,0.0029536892270835852,income,Trade,Trade,9,Machine operators/transport
15,0.0019413303230824245,-0.0034683421278261474,0.007705210221440096,-0.001568309723507008,0.0058529439049620595,income,Trade,Trade,9,Machine operators/transport
16,0.0028455918907987665,-0.0019386625365757095,0.009273696005878046,-2.2215345082952573e-5,0.006195420463080853,income,Trade,Trade,9,Machine operators/transport
17,-0.007977256658274985,-0.013175798177963853,-0.0025729165504207296,-0.011080068323612819,-0.004557868525896845,income,Trade,Trade,9,Machine operators/transport
18,0.00011175881372104211,-0.006679557358620626,0.006509689829578874,-0.004059079124573685,0.004034646059412991,income,Trade,Trade,9,Machine operators/transport
19,-0.003919852675740656,-0.009600941776513657,0.0017409983945039067,-0.007377414354743303,-0.00031442333006899935,income,Trade,Trade,9,Machine operators/transport
20,-0.013048670032269486,-0.01974279718769701,-0.005465850420116053,-0.017308396717550606,-0.009123610601482833,income,Trade,Trade,9,Machine operators/transport
21,-0.008706906836569958,-0.01462579258938795,-0.0025720965113805233,-0.012433216417261268,-0.005189520016474852,income,Trade,Trade,9,Machine operators/transport
22,-0.007808271455713049,-0.014284159721664042,-0.001496792151675812,-0.011743744033776482,-0.003654308093438991,income,Trade,Trade,9,Machine operators/transport
23,-0.0006568485906261149,-0.005557436749231024,0.004895417855094687,-0.003996029155760053,0.0029290415003394715,income,Trade,Trade,9,Machine operators/transport
24,0.005964688439485625,0.00029741844909941285,0.01203178101270607,0.0023275305780535997,0.009014449302768478,income,Trade,Trade,9,Machine operators/transport
25,-0.006671265944183236,-0.011824424556673891,0.00032541211992392904,-0.009857290684760057,-0.002183444731759297,income,Trade,Trade,9,Machine operators/transport
26,-0.00941442247323564,-0.014820051831069417,-0.004702396055672699,-0.012624858363222009,-0.006627701451900008,income,Trade,Trade,9,Machine operators/transport
27,-0.003436005724616255,-0.008535791442107414,0.001710013919904647,-0.00625867531496084,-0.00013960917943868154,income,Trade,Trade,9,Machine operators/transport
28,-0.002098604409360414,-0.008996268061591987,0.0050138927470960515,-0.005897217147224732,0.002135990767615935,income,Trade,Trade,9,Machine operators/transport
29,0.0013903496674420722,-0.004353934404108549,0.007520823403165795,-0.0022078305710231992,0.004730458571898905,income,Trade,Trade,9,Machine operators/transport
30,0.004858777908904973,-0.0007331943702001773,0.01042175480824191,0.001077081173870037,0.008749379797079165,income,Trade,Trade,9,Machine operators/transport
31,-0.0036682208417734927,-0.009634250655033892,0.0013111054850599123,-0.007241141843800831,-0.0007127216076412133,income,Trade,Trade,9,Machine operators/transport
32,0.001800866674874612,-0.004611193948941277,0.006910494238446655,-0.0019994932897685483,0.005084766376602105,income,Trade,Trade,9,Machine operators/transport
33,-0.007002812624893845,-0.01215796287275461,-0.001862881095992596,-0.009994895442294604,-0.0037565221717536486,income,Trade,Trade,9,Machine operators/transport
34,-0.0036511805782804795,-0.009314585305358586,0.0008793287687879105,-0.007219197368117867,-0.0006220184564040441,income,Trade,Trade,9,Machine operators/transport
35,-0.002256170884367225,-0.00895333106409536,0.004102979871941607,-0.006004283396495407,0.0018692275748054053,income,Trade,Trade,9,Machine operators/transport
36,0.0009718134704202323,-0.006621372064536837,0.007661548334309148,-0.0032885954512912284,0.005242196587168455,income,Trade,Trade,9,Machine operators/transport
0,0.0015365887365450738,-0.0010180013991212583,0.004479218109933881,-9.126020023488587e-5,0.0033714572092647024,income,Services,Services,1,Managerial
1,-0.0006305096085275523,-0.004542209185283314,0.002428106087986479,-0.002826971866933566,0.0014092681753814567,income,Services,Services,1,Managerial
2,-0.000651469037097458,-0.0042099713070204966,0.003184678605449081,-0.002723264591529991,0.0013785132942173714,income,Services,Services,1,Managerial
3,0.0009100616700569681,-0.002243915061772467,0.00430674033745063,-0.0010649628931182335,0.002999348843090069,income,Services,Services,1,Managerial
4,-0.0026544351150912635,-0.005835001127906109,0.0011544902171585856,-0.004634339744078038,-0.0004000063182628159,income,Services,Services,1,Managerial
5,0.0019051371837094514,-0.0022113095848935943,0.005604885202086208,-0.0006196364252143347,0.0040328493219360115,income,Services,Services,1,Managerial
6,0.0008310306899465946,-0.0023400648640573007,0.004021008305016476,-0.0008367178136836086,0.002661580824741732,income,Services,Services,1,Managerial
7,-0.002233104773370877,-0.005518873801819346,0.0012618422934508378,-0.0042844613400420135,9.498497479458815e-6,income,Services,Services,1,Managerial
8,0.0013579045628031381,-0.0028376587593191014,0.005202080495811138,-0.0010609564699887418,0.003810610604074824,income,Services,Services,1,Managerial
9,-0.0034180229361146348,-0.0070418078502694804,0.0005127661317814521,-0.005568630573225965,-0.0009071393469861056,income,Services,Services,1,Managerial
10,-0.0017429104611800044,-0.0052373314443484665,0.0021550599815084526,-0.0035813520139262086,0.0007370874963779342,income,Services,Services,1,Managerial
11,0.002019397586772067,-0.00163913838730625,0.005474589638555514,-0.0003150592015761732,0.0042691726009169186,income,Services,Services,1,Managerial
12,0.002942204041079624,-9.790858172551006e-5,0.006519376408665203,0.0011186372872538798,0.004890353578838242,income,Services,Services,1,Managerial
13,0.0010942621560845768,-0.0029742851438304503,0.004770068201577829,-0.0014251473522256311,0.003479763522824187,income,Services,Services,1,Managerial
14,0.0002564269605971164,-0.0030019394299169526,0.0037721186526682706,-0.0018499230182638148,0.0024294886821842583,income,Services,Services,1,Managerial
15,-0.000689946181255623,-0.004307839058650384,0.0028601529903513195,-0.002970778739937144,0.001400270344626455,income,Services,Services,1,Managerial
16,-0.00318071905075619,-0.0068606084214410615,0.0008941496508092215,-0.005489951383222166,-0.0006958905972472484,income,Services,Services,1,Managerial
17,-0.0030130042215263378,-0.006401228356055303,0.0007877332862380477,-0.0050778509784156715,-0.0010117820797097186,income,Services,Services,1,Managerial
18,0.0014106343600508253,-0.002388899010992258,0.004609162221767524,-0.0007543386403760092,0.0033756674606778662,income,Services,Services,1,Managerial
19,-0.0030526239261563165,-0.006855360587131794,0.00020673661375269917,-0.005194168264241881,-0.0011264578031563426,income,Services,Services,1,Managerial
20,-0.004339012074551484,-0.008222412236576965,0.0001381172135690098,-0.006917970790978632,-0.001985750602206869,income,Services,Services,1,Managerial
21,-0.003252891694832143,-0.007741832952887996,0.0010120728051241559,-0.005807820590573342,-0.0009063375963295674,income,Services,Services,1,Managerial
22,-0.0058453541065270785,-0.009650212643938692,-0.0021391680760860926,-0.00818382596291969,-0.003460499736639904,income,Services,Services,1,Managerial
23,-0.000397846522711482,-0.004872957550593208,0.0036763720785770093,-0.0032416357249975217,0.001972672264851153,income,Services,Services,1,Managerial
24,-0.0020413675260858052,-0.006617259914534962,0.002391115733558702,-0.004594378476869195,0.0005220773142704592,income,Services,Services,1,Managerial
25,0.0011703545427376597,-0.002308563552225048,0.004460012777617883,-0.0010837779279834147,0.003287162220841418,income,Services,Services,1,Managerial
26,-0.0017870525215552503,-0.00515591007888401,0.0010373282835373855,-0.00358571821878119,6.031141440496213e-5,income,Services,Services,1,Managerial
27,-0.0036499057300052058,-0.007947865978638224,0.0006540666592547558,-0.006084847949393561,-0.0009403020957027301,income,Services,Services,1,Managerial
28,-0.001900355492569538,-0.005731112185520682,0.0018080606598850062,-0.0041885129692363745,0.00026261249263456916,income,Services,Services,1,Managerial
29,0.0012357026680388874,-0.002688460012747228,0.0056247562481636535,-0.0012975485154762768,0.003896397028772182,income,Services,Services,1,Managerial
30,-0.000457233717966624,-0.0035872047355976497,0.0033348452852764417,-0.0023715137984144144,0.0017875108997290738,income,Services,Services,1,Managerial
31,-0.002498106772999278,-0.006521576756996994,0.001573803042140384,-0.004758633765260418,8.118929958720851e-5,income,Services,Services,1,Managerial
32,0.0006105666568418984,-0.0033415870228384057,0.004581227133635798,-0.00191421365126549,0.0031459092448554143,income,Services,Services,1,Managerial
33,-0.0013687496035191692,-0.005683898009042082,0.0026977013972074165,-0.0038568082247842916,0.0010454699852632508,income,Services,Services,1,Managerial
34,-0.0034007776042165915,-0.007219374369238238,0.00018776827239306258,-0.005640710447992811,-0.0009725026883789815,income,Services,Services,1,Managerial
35,-0.0010902717120151977,-0.004522418208224517,0.002525382522741566,-0.0033528117044209884,0.0010504655714520088,income,Services,Services,1,Managerial
36,-0.0036111259427357356,-0.007245656727872267,-0.00015995656853327097,-0.005881064937720837,-0.00157381875729657,income,Services,Services,1,Managerial
0,-0.001008739817247938,-0.004204650796666459,0.0027244410157829663,-0.0030155054497985907,0.001068059276812207,income,Services,Services,2,Professional specialty
1,0.0008035600963478163,-0.0022339094919941764,0.003830751778201946,-0.0010610212298021976,0.002530171692235326,income,Services,Services,2,Professional specialty
2,-0.003702290333390487,-0.007153956969529815,3.815541957334027e-5,-0.0059343112980243425,-0.0015230064497836564,income,Services,Services,2,Professional specialty
3,-0.0013027822173806048,-0.00435716391427724,0.0018395099835399208,-0.0032534359746407794,0.0004539445443531593,income,Services,Services,2,Professional specialty
4,0.004452995216033115,0.0005065551991073839,0.008786989197509778,0.0020530692000446838,0.006938041906611384,income,Services,Services,2,Professional specialty
5,0.0021494048874108607,-0.001870043558057092,0.005496783125908312,0.00016694619607164878,0.004206520176429373,income,Services,Services,2,Professional specialty
6,-0.0006042625719423224,-0.004274666415906415,0.0030501038181808514,-0.002686952281917373,0.0016776869814586802,income,Services,Services,2,Professional specialty
7,-0.001913656892107488,-0.005509637264668661,0.0020321380636609994,-0.004063637297887524,0.0006877396375544605,income,Services,Services,2,Professional specialty
8,-0.005230045520176481,-0.008751586563562766,-0.0013818048307278133,-0.007239450535460176,-0.002857999626321649,income,Services,Services,2,Professional specialty
9,-0.004754026457268954,-0.008448717987355877,-0.00010457698609013435,-0.007027451835899826,-0.00185780701477161,income,Services,Services,2,Professional specialty
10,-0.00336241023959567,-0.006690709827759106,0.0004224352510670843,-0.005390835190202648,-0.0012407460748417526,income,Services,Services,2,Professional specialty
11,-0.004293281294931166,-0.007597282874792437,-0.00019596111733376134,-0.006338300385802521,-0.0019589913393717054,income,Services,Services,2,Professional specialty
12,-0.005379259982601475,-0.009208413843177086,-0.001874645918311111,-0.007719574513156022,-0.003356518280729495,income,Services,Services,2,Professional specialty
13,-0.000895192296445599,-0.004505629311206654,0.0027498620771140084,-0.0030496291262076445,0.0013832469170678907,income,Services,Services,2,Professional specialty
14,-0.0023665179683952193,-0.007111762661000209,0.0017243625571465165,-0.004766307760016718,0.0003798542593178816,income,Services,Services,2,Professional specialty
15,0.001794548239865835,-0.0029636789226437994,0.006116356142218039,-0.0011979826764504042,0.004285773919909924,income,Services,Services,2,Professional specialty
16,0.0020475122065720555,-0.0019327181794042201,0.006673434265665678,-0.0001224904915506338,0.004839788251861822,income,Services,Services,2,Professional specialty
17,0.00187429471277956,-0.002461560079714848,0.006230508181227378,-0.0006787345764347886,0.004246180907468299,income,Services,Services,2,Professional specialty
18,-0.004569643219767995,-0.010054070517126187,-7.716942955547992e-5,-0.007725111764489035,-0.001843329130074125,income,Services,Services,2,Professional specialty
19,-0.0028099061550328685,-0.0074193206902802115,0.0010233468767769536,-0.005752980960352379,-0.0006234114655133825,income,Services,Services,2,Professional specialty
20,-0.0061538666620764996,-0.010653669996986928,-0.0017620677679768635,-0.008949516994375536,-0.003450207951204056,income,Services,Services,2,Professional specialty
21,-0.005714618663390568,-0.010391719015671274,-0.0010706848183696773,-0.00840073587234927,-0.0030832364643801095,income,Services,Services,2,Professional specialty
22,-0.003413939863890938,-0.007862884704843462,0.0006485882650351629,-0.0062931342367800605,-0.0010873065009311825,income,Services,Services,2,Professional specialty
23,-0.0012451058011670336,-0.006179723630670065,0.0032267018758160787,-0.00421999378968149,0.0012555241030755828,income,Services,Services,2,Professional specialty
24,0.0007582348473040768,-0.003356879386220873,0.0046988666197300775,-0.0018030426798543533,0.0029754598230914476,income,Services,Services,2,Professional specialty
25,0.0008375399442166082,-0.0038619920395688468,0.004718632652092195,-0.0021818937980810508,0.0035641071626783313,income,Services,Services,2,Professional specialty
26,0.004532351566361648,-0.0008450704030728146,0.009692149478095307,0.0011420821201623779,0.007402180189066062,income,Services,Services,2,Professional specialty
27,0.0018778179507544107,-0.00306237736722446,0.006151425763309608,-0.0010916317751489865,0.004578181557839028,income,Services,Services,2,Professional specialty
28,0.0006199935224886122,-0.00422597924520198,0.004976043790580391,-0.0025633330121709597,0.003226770682879389,income,Services,Services,2,Professional specialty
29,0.0014615014295825497,-0.003135435102439071,0.005884464727713224,-0.0013747922785517022,0.003932271518721912,income,Services,Services,2,Professional specialty
30,-0.0009366982213961036,-0.00520028917348837,0.0031934159113436045,-0.0036210551492087753,0.0010741777833098624,income,Services,Services,2,Professional specialty
31,-0.000851585372031417,-0.005116886041414039,0.003271392278677925,-0.0036683214876297486,0.0017924869823201907,income,Services,Services,2,Professional specialty
32,-0.0057607940126981234,-0.010559673581477615,-0.001360646576069803,-0.008541738728449124,-0.003003345462009709,income,Services,Services,2,Professional specialty
33,-0.0017378318372871186,-0.006675210365249279,0.0028578766563767894,-0.004571774822947776,0.0010116335122289863,income,Services,Services,2,Professional specialty
34,-0.0007523172077221807,-0.004940382558136358,0.0032609715606171656,-0.0030573005130718764,0.0016831399804052632,income,Services,Services,2,Professional specialty
35,-0.0033472704635967654,-0.007625765330851997,0.001348524911849813,-0.005742410149268559,-0.0007543273315340749,income,Services,Services,2,Professional specialty
36,-0.0055165445946275034,-0.010097123254122903,-0.001249213906851187,-0.00808722608703379,-0.0027994129866361255,income,Services,Services,2,Professional specialty
0,-0.004861374346547414,-0.010774830868254055,7.734175190571985e-5,-0.007920714151233167,-0.0018834885401132493,income,Services,Services,3,High tech
1,0.0036987868072606294,-0.0013122651334129174,0.008524330217901102,0.00043464864808506927,0.006279540408786463,income,Services,Services,3,High tech
2,-0.0068316460973397,-0.012146178881605792,-0.0017728022088471102,-0.010372649046084526,-0.0038089361617329315,income,Services,Services,3,High tech
3,0.0020304260460338643,-0.00413481276674077,0.00889169898028426,-0.001573708153343106,0.0059134820900893234,income,Services,Services,3,High tech
4,0.003624302162717459,-0.00243413786998482,0.00962056474542715,-0.0003860913055896745,0.007517296294235984,income,Services,Services,3,High tech
5,0.004008149325892251,-0.0013558597188634463,0.009658129840940305,0.0008654536035029069,0.0078017825194137864,income,Services,Services,3,High tech
6,0.0003984619695420422,-0.003913089995551808,0.005104614425626027,-0.002127056878396133,0.0035094694916948093,income,Services,Services,3,High tech
7,0.0018686241968606046,-0.003563052626766561,0.007056293202933875,-0.0008560762504736055,0.005001446822484004,income,Services,Services,3,High tech
8,0.003465433888912036,-0.001486980039790552,0.009170177753172165,0.00035131588587616674,0.006943002147047142,income,Services,Services,3,High tech
9,-0.0012192628015685425,-0.006124788160938331,0.004065199211319743,-0.004276399577545992,0.0020286920174279435,income,Services,Services,3,High tech
10,0.0009965068481287722,-0.00565129762937589,0.007090642135634238,-0.0027089474186734854,0.004779847396605643,income,Services,Services,3,High tech
11,0.004731883276360004,-0.0009623503016631786,0.009928579656857832,0.0017282292342911607,0.00820317381742529,income,Services,Services,3,High tech
12,0.0023389846820610575,-0.003240112129327841,0.007213700359211081,-0.0007127199939944845,0.005485792500891727,income,Services,Services,3,High tech
13,0.005749625345900526,-0.0003626825393528736,0.012686145125024577,0.0016099943974336927,0.00939306926204779,income,Services,Services,3,High tech
14,-0.005383424360958817,-0.009484400114470895,-0.0005470031833823448,-0.007903993822178282,-0.0023955450128145817,income,Services,Services,3,High tech
15,-0.005569546516154878,-0.010618144868317874,0.0006163042812576914,-0.008926775866169776,-0.0020570408607115055,income,Services,Services,3,High tech
16,0.006831814586962718,0.0023592482751424726,0.012169177606673274,0.00410490083863476,0.010103857050552466,income,Services,Services,3,High tech
17,0.005605860514752839,0.001462023742299535,0.011040783848850395,0.0028828878298190995,0.008639754915762726,income,Services,Services,3,High tech
18,-0.005875942508221192,-0.011622129853074334,0.00035439537468552607,-0.00929609143120273,-0.0023342836157179184,income,Services,Services,3,High tech
19,0.0023529961015862255,-0.002140033718066371,0.006371505278886601,-0.0006776015781676434,0.0048103351141077205,income,Services,Services,3,High tech
20,-0.0031420222229622623,-0.007906772752294547,0.003121908940990605,-0.006274714176849596,0.0004390089245963186,income,Services,Services,3,High tech
21,-0.001063852283124287,-0.006311024821836749,0.004278516449638002,-0.004021106998329837,0.002073283819901646,income,Services,Services,3,High tech
22,-0.008156688255724315,-0.013994142824961876,-0.003203040235176634,-0.011512238139595888,-0.005133013427615518,income,Services,Services,3,High tech
23,0.0007249365897277805,-0.003602928240838346,0.005055889422570996,-0.0016532847532886045,0.0032627833261661228,income,Services,Services,3,High tech
24,0.00311961604503712,-0.0027839946899031512,0.008386348145295456,-0.0002838633745764199,0.00606644375231292,income,Services,Services,3,High tech
25,-0.000559682718635408,-0.004899411213045034,0.004164016411169988,-0.003451903685616553,0.0020213515700633605,income,Services,Services,3,High tech
26,0.0028497823347933536,-0.0013417475132255084,0.00773964604409769,9.360244932446297e-5,0.005708578819855352,income,Services,Services,3,High tech
27,-0.0031075945307879422,-0.00847228663472713,0.0021018359149988326,-0.006348653849755458,0.00018685752711864118,income,Services,Services,3,High tech
28,0.006384173259514616,0.0001100424132420251,0.012191027992094546,0.002889899938073583,0.00982357606739394,income,Services,Services,3,High tech
29,0.00029394872753085044,-0.004351379771633663,0.006313992361028556,-0.002550618248126124,0.004210523855691133,income,Services,Services,3,High tech
30,0.0004619294260335364,-0.005170086322920258,0.006549848123921036,-0.0030672694510439527,0.004061110303348071,income,Services,Services,3,High tech
31,-0.005799032692077994,-0.009973611923946107,-0.00123968249979285,-0.008344490928456617,-0.0029850020648177827,income,Services,Services,3,High tech
32,-0.0008080052165999881,-0.006223203468414425,0.006039989968948076,-0.004218285569431355,0.0028171534432457936,income,Services,Services,3,High tech
33,-0.0004855125947608596,-0.0053573767592234554,0.004366061526964322,-0.003564336693499566,0.002149979369028033,income,Services,Services,3,High tech
34,-0.0021802821495646935,-0.008148981971233538,0.003552205225005718,-0.005402265999884111,0.0012811985288285824,income,Services,Services,3,High tech
35,-0.007288541386693779,-0.012796343225986724,-0.0011938031681215776,-0.010403342970464054,-0.003861383810538209,income,Services,Services,3,High tech
36,-0.0015681313939331781,-0.006546197315505204,0.00287303223061671,-0.00451434093379008,0.0011808883980669671,income,Services,Services,3,High tech
0,0.008450450229004192,0.0018711597391984766,0.015023927173354396,0.004509379683909003,0.012315713344367048,income,Services,Services,4,Sales
1,0.002210770621430262,-0.005027553538712426,0.00965132194307301,-0.0019270033035815558,0.006202925396485202,income,Services,Services,4,Sales
2,-0.008983574878132632,-0.015176624327048674,-0.0036233592522834594,-0.012771258526105222,-0.00591126916198252,income,Services,Services,4,Sales
3,-0.002791980386480822,-0.009570114224729425,0.003510953911848477,-0.00689164766060075,0.0009049933750309908,income,Services,Services,4,Sales
4,-0.00027756538444970733,-0.006431535192040214,0.0062058135845481175,-0.004266369479752501,0.0036426964850579022,income,Services,Services,4,Sales
5,0.0010019317054425995,-0.004731402821383422,0.009073959578296011,-0.002953919665821921,0.005793692921808621,income,Services,Services,4,Sales
6,-0.00937269829430525,-0.01609076068537728,-0.002402262149369937,-0.01328507989786368,-0.005039778735996945,income,Services,Services,4,Sales
7,-0.010403939030090837,-0.01766786885497059,-0.0016512386312568187,-0.015426989167086489,-0.005373686422772647,income,Services,Services,4,Sales
8,0.003829069683126313,-0.0033437013898862055,0.009931086468740405,-0.0008930145058327669,0.007653482625316193,income,Services,Services,4,Sales
9,0.007402649079980178,-0.0006299290092724712,0.014823034461855324,0.0030906632896213846,0.011822550321178798,income,Services,Services,4,Sales
10,0.0005088443953303826,-0.0063936228469974234,0.008264629995902467,-0.0036875093524037297,0.004997544700799678,income,Services,Services,4,Sales
11,0.0021972268245809405,-0.004214575256353183,0.008988361270566646,-0.001958708205902398,0.006246815396269636,income,Services,Services,4,Sales
12,-0.0006068209132727648,-0.00824680537794022,0.00626399352215673,-0.005031445145276462,0.0035912163647264395,income,Services,Services,4,Sales
13,0.005641193153906956,-0.0006277597070179905,0.015031118041450237,0.0014409524178229825,0.011013766704441305,income,Services,Services,4,Sales
14,0.004192472347192491,-0.0020686682008930844,0.011166762710348145,0.000832939027297966,0.008663444034295732,income,Services,Services,4,Sales
15,0.002151903571511373,-0.005766666639722652,0.010869122755878698,-0.0017061215933524302,0.007485703739856133,income,Services,Services,4,Sales
16,0.00021383114169798808,-0.006289559158076091,0.006410175656710727,-0.0038766829543516105,0.003683115671828981,income,Services,Services,4,Sales
17,-0.002317948351578972,-0.010523958918077794,0.006120983580355294,-0.007245341081039432,0.0030369951176804494,income,Services,Services,4,Sales
18,0.004465745679095454,-0.003281796212929805,0.011494349923357055,0.00032275117752613835,0.008631792041945347,income,Services,Services,4,Sales
19,0.00015447398387899376,-0.008152980110748685,0.007988566195059565,-0.005136212222600086,0.00492344875429146,income,Services,Services,4,Sales
20,-0.004563221797946905,-0.011586436417634032,0.003536484702187848,-0.008668468098010789,0.0008035721505503871,income,Services,Services,4,Sales
21,-0.0028837103489633338,-0.0086043875316988,0.00416421835490091,-0.006476256624040428,0.0010908195237088456,income,Services,Services,4,Sales
22,-0.008511318977004778,-0.017512582101466764,0.0003155353598383939,-0.013450297879088654,-0.0032342985034192213,income,Services,Services,4,Sales
23,-0.006054320270387682,-0.013173139735715819,0.0015932039216199016,-0.010779750394303216,-0.0014472642193012466,income,Services,Services,4,Sales
24,0.002157396035499911,-0.004702272099721712,0.009048522252075562,-0.0018529892539015389,0.006226898971371843,income,Services,Services,4,Sales
25,2.573065912200849e-5,-0.007009397641724909,0.008113343446384069,-0.0042954041716708954,0.005245292127781565,income,Services,Services,4,Sales
26,0.00043215157165352094,-0.007244407804229451,0.008335754500473486,-0.00403330639929989,0.004488384036339307,income,Services,Services,4,Sales
27,-0.007491963660017133,-0.014246232767951322,0.0010768259854244547,-0.01163971924037708,-0.0029079433764196893,income,Services,Services,4,Sales
28,0.00014728553517621163,-0.00785222160265016,0.007526911653657461,-0.004585138292590829,0.00458385089824298,income,Services,Services,4,Sales
29,-0.0005104716377023056,-0.009077871056067078,0.006072908450008628,-0.005472960705535192,0.0035336893025775177,income,Services,Services,4,Sales
30,-0.002554590703082829,-0.009985177194354374,0.005967078732261407,-0.007143323544489646,0.002632278679097421,income,Services,Services,4,Sales
31,-0.0014382801114766286,-0.009223461677950833,0.0065240986168062405,-0.006947879461330321,0.0030678182430566338,income,Services,Services,4,Sales
32,-0.012946154547172042,-0.019789711717970306,-0.003877782400109109,-0.016878155305245973,-0.007624353244935421,income,Services,Services,4,Sales
33,-0.013059470231880503,-0.018782936971695592,-0.005783584020904809,-0.016691721022628954,-0.008740735689237372,income,Services,Services,4,Sales
34,0.007680241679238434,-0.0007705368397734041,0.01623899926939696,0.0025294424859202743,0.012657983185141355,income,Services,Services,4,Sales
35,-0.007834256550060991,-0.015221695178552333,0.0006446315566796743,-0.012395803761045706,-0.0030217722778039333,income,Services,Services,4,Sales
36,-0.001824915154508298,-0.009012854861311573,0.005182023176883934,-0.006406345775046065,0.002490775521912881,income,Services,Services,4,Sales
0,-0.0008823203131573713,-0.005258269493054227,0.0027877646467382574,-0.003611991824696798,0.0013932742044077107,income,Services,Services,5,Administrative support
1,-0.000976687571353464,-0.004612321035150453,0.002668716445096442,-0.0030567887784557334,0.0011304515568008548,income,Services,Services,5,Administrative support
2,-0.0037883592682510523,-0.008472939452012936,0.00036714849221834885,-0.006676884019699238,-0.0010949734452786876,income,Services,Services,5,Administrative support
3,0.00016515614458809653,-0.00433063648851268,0.0041194933702805485,-0.002535183087968579,0.0026570464064673907,income,Services,Services,5,Administrative support
4,0.0038397770900540527,-0.0009810542041809797,0.008436204624302883,0.0009750773725886539,0.006393103752256602,income,Services,Services,5,Administrative support
5,0.0015354344253522595,-0.002173496957453872,0.005591638453345805,-0.000768980782677859,0.003665965408800949,income,Services,Services,5,Administrative support
6,-0.0004956725123651134,-0.004737990469493565,0.004821876191304565,-0.0030174599363053463,0.002464963081676573,income,Services,Services,5,Administrative support
7,-0.0005413637151183471,-0.004711562952844262,0.004699844720305027,-0.00313721723321724,0.002616427326706891,income,Services,Services,5,Administrative support
8,-0.0007498193454677025,-0.00659907088047497,0.005557132420921123,-0.004109670520751959,0.002768979793115126,income,Services,Services,5,Administrative support
9,-0.0012594737504191022,-0.006708460319018854,0.004159784959350322,-0.004704043085211584,0.002412542407784206,income,Services,Services,5,Administrative support
10,0.0010520163093725946,-0.0034943510295712393,0.005653693384434545,-0.0016880021034266623,0.0036593657351254557,income,Services,Services,5,Administrative support
11,-0.0024266056756329576,-0.005588826859484253,0.0016809215470477172,-0.004445588051108821,5.0919172120160536e-5,income,Services,Services,5,Administrative support
12,0.002285063243414493,-0.0019136531086505777,0.005968936605323981,-0.00018170013784146993,0.004365906588225885,income,Services,Services,5,Administrative support
13,0.000887406826080588,-0.003073074945882769,0.0050681413706391825,-0.0016363398481988103,0.003531870151588266,income,Services,Services,5,Administrative support
14,-0.0008988949981530724,-0.004832631773396283,0.0032764567233784505,-0.002998327170262862,0.0016849199077183458,income,Services,Services,5,Administrative support
15,0.003133536711204893,-0.001626900499628721,0.007637095994113655,0.0004341123259738117,0.006095329776837044,income,Services,Services,5,Administrative support
16,0.005055518777157943,0.0012297431593042284,0.009447113527228775,0.003023263390913658,0.007500162569596194,income,Services,Services,5,Administrative support
17,0.0011903298453299046,-0.0033695946426407367,0.005937652030728329,-0.001440487278280258,0.0041660730871638215,income,Services,Services,5,Administrative support
18,-0.0007612370607756748,-0.0047276878190863035,0.004085211607685638,-0.003127015944414545,0.0018941688590980211,income,Services,Services,5,Administrative support
19,-0.0032840200958899387,-0.007812704866144618,0.000978083443292802,-0.00579326074429508,-0.000795711985275927,income,Services,Services,5,Administrative support
20,-0.0025267530764896263,-0.009737469442694116,0.003132187620898647,-0.006801480567909862,0.0011350678624052497,income,Services,Services,5,Administrative support
21,-0.00018053751325595294,-0.0066432136859090165,0.0048400011091097985,-0.003468249131948595,0.0029318639431996736,income,Services,Services,5,Administrative support
22,0.0012177281863828325,-0.003898957158534353,0.005706380962356198,-0.001820170737334503,0.004212661306047885,income,Services,Services,5,Administrative support
23,-0.0008859266362130097,-0.00457313865876095,0.0026907090315542994,-0.0031363035731390675,0.001438880753334846,income,Services,Services,5,Administrative support
24,0.001569723849498414,-0.001441051225819039,0.005512436872976517,-0.0005065670168593651,0.0037877321548768945,income,Services,Services,5,Administrative support
25,-0.000369735184755629,-0.004434467501795035,0.004110580877999795,-0.002941639046190157,0.0022909959155968714,income,Services,Services,5,Administrative support
26,-0.002575834139755839,-0.006002607388754147,0.001714044884812581,-0.0049297274161570655,-4.903291286176021e-5,income,Services,Services,5,Administrative support
27,-0.002034367750338209,-0.006074573713232287,0.002518628227669893,-0.004626731779442595,0.0008999899771904955,income,Services,Services,5,Administrative support
28,0.0035023870720263892,-0.00173301505505554,0.00875715856070709,0.0005664271601121744,0.006437465057235015,income,Services,Services,5,Administrative support
29,0.004074279605068952,0.001059691175571812,0.007441656566065633,0.0021769433066454328,0.006093338523916076,income,Services,Services,5,Administrative support
30,-0.0041965483475879676,-0.007987695806598078,-0.0001063183126072528,-0.006321664858336007,-0.0014840482129040021,income,Services,Services,5,Administrative support
31,-0.0009201445980371511,-0.0046150464956648376,0.0031815032667770206,-0.003107927411751411,0.0015426626733445574,income,Services,Services,5,Administrative support
32,-0.003243428555106313,-0.007784487805478648,0.0016832472503331558,-0.006168356612749382,-0.0002290943543364738,income,Services,Services,5,Administrative support
33,0.0013590602014558555,-0.003501677003194472,0.006098822673873268,-0.0016757085183123559,0.004279591245807077,income,Services,Services,5,Administrative support
34,0.00429152475268766,-0.0002978759553475749,0.008817422658346643,0.001407718990751529,0.006774700680285102,income,Services,Services,5,Administrative support
35,-0.00014718995347313217,-0.003865524350994503,0.004214041745995971,-0.0024982095682591827,0.0024597681984180565,income,Services,Services,5,Administrative support
36,-0.0012444732818723044,-0.00640615413341614,0.0032533041797789273,-0.004762475413094455,0.0012982909646136634,income,Services,Services,5,Administrative support
0,0.001257767452486361,-0.002552081736750934,0.005163184876561653,-0.0008487935911557314,0.0034117433510211202,income,Services,Services,6,Service
1,-0.005543973859146741,-0.009577869654374765,-0.0017946823257161165,-0.008214302250647537,-0.0036162964693090423,income,Services,Services,6,Service
2,-0.0030293677037262984,-0.006226932809861651,0.00018097855673707575,-0.005192921070434337,-0.001029333947655889,income,Services,Services,6,Service
3,0.0009982507381546826,-0.00342945821541957,0.004791924465427505,-0.0016109551988486572,0.003204068172157735,income,Services,Services,6,Service
4,0.0017114736580707052,-0.0025838845378216317,0.005608244204133362,-0.0008535336295602458,0.0040000228119885265,income,Services,Services,6,Service
5,0.0025690310861155984,-0.002341225435820743,0.0071166141828640575,6.0059706697459993e-5,0.005326688503956197,income,Services,Services,6,Service
6,6.764230103138652e-5,-0.004052259910797135,0.004198106561605147,-0.002583349861280765,0.002494796931917716,income,Services,Services,6,Service
7,0.0019692442589438106,-0.002230897497336757,0.005883367047204954,-0.0005424851500995045,0.004270541609893042,income,Services,Services,6,Service
8,-0.0021298020264982746,-0.0052700283503088734,0.000868310772976525,-0.004205469772572832,-0.00011202101385081797,income,Services,Services,6,Service
9,-0.0018110461652251302,-0.0055942899413407,0.0014827068342151864,-0.004211032606503429,0.0001719734246286627,income,Services,Services,6,Service
10,-0.0015447712182339091,-0.005063197310786963,0.0016133865822906186,-0.0037814426316657656,0.00016643067808151863,income,Services,Services,6,Service
11,-0.0011407093489745185,-0.004922484939001318,0.002087990650183953,-0.0033627949463434616,0.0009039052239667473,income,Services,Services,6,Service
12,-0.0023322570044906044,-0.00549267221918425,0.0010879003051036096,-0.004320129757847274,-0.0001701361847145544,income,Services,Services,6,Service
13,-0.002537885381512986,-0.006421168632958002,0.00153224195756999,-0.00485022305650131,-0.0002592701374902347,income,Services,Services,6,Service
14,-0.0029630272621710943,-0.008346646212468669,0.0011394281584059455,-0.006133890119103102,-0.0005486034505232588,income,Services,Services,6,Service
15,-0.00019622685308974726,-0.004790458324744708,0.0033627092320573392,-0.003039224106128737,0.0019077360692008709,income,Services,Services,6,Service
16,0.0021858019493218904,-0.0025035956205241103,0.006246414773344977,-0.0005594662555330663,0.004719762113878678,income,Services,Services,6,Service
17,0.0011974754835570357,-0.0022432600575697124,0.00497766324048521,-0.0007891812030845445,0.003586399409624343,income,Services,Services,6,Service
18,-2.813189880060115e-5,-0.003473330779329378,0.0029374159181827,-0.0020666931098117032,0.001636311725924532,income,Services,Services,6,Service
19,-0.00452081928674034,-0.007567344555310988,-0.0014416667062281366,-0.0063343351619471735,-0.002637396086354294,income,Services,Services,6,Service
20,-0.00473345342210585,-0.008281076978840705,-0.0008633799132311427,-0.006970553137190478,-0.0025374752624014564,income,Services,Services,6,Service
21,-0.005119869840747073,-0.008917359649265693,-0.00047942153765198267,-0.007375773026493717,-0.002605722035279664,income,Services,Services,6,Service
22,-0.0004446199109828551,-0.003762937351437628,0.003215065738027287,-0.002470907935970501,0.0015357862047468815,income,Services,Services,6,Service
23,-0.002836902810697455,-0.006946697753587048,0.0010271222485597822,-0.00514805449323593,-0.0005647025801571973,income,Services,Services,6,Service
24,0.0010114741348541895,-0.0032877230313159136,0.0055382768865353885,-0.001590403764105477,0.003817721069226848,income,Services,Services,6,Service
25,-0.00018487464514971178,-0.003960262037549762,0.0040904480834926,-0.0025007275841931556,0.0024840711676720134,income,Services,Services,6,Service
26,-0.0006574698861510036,-0.0052837685883933005,0.003930566178434496,-0.0032352991627557608,0.0021326567310853166,income,Services,Services,6,Service
27,-0.002867554441826555,-0.00736532089791148,0.001302520956926471,-0.005516361826030174,-0.0003459875039190986,income,Services,Services,6,Service
28,0.004504718988028562,1.3064819710674469e-5,0.008778411969498603,0.001853537278559107,0.007043057042815666,income,Services,Services,6,Service
29,-0.000653820330771889,-0.005126258583810106,0.0033127463955338076,-0.003293189321663426,0.001870731733245045,income,Services,Services,6,Service
30,-0.00255322605505787,-0.006415134823689445,0.0011597708216772207,-0.004903253886055697,-0.0004902781274939536,income,Services,Services,6,Service
31,-0.00305339326438994,-0.006671303261326868,0.000632966100993559,-0.005386599233745515,-0.000999935599140188,income,Services,Services,6,Service
32,-0.006435251455668516,-0.00972642585517192,-0.003631977505544882,-0.008495615764139909,-0.004578608273237198,income,Services,Services,6,Service
33,-2.940625775367105e-5,-0.004045825353867393,0.004924225715516748,-0.0025164811249901073,0.0024928980481052744,income,Services,Services,6,Service
34,-0.002795649922344378,-0.006892106605283476,0.000557162828207905,-0.005452725238410108,-0.0007453314580113104,income,Services,Services,6,Service
35,-0.002823362323395634,-0.007239772371922342,0.0015091669309419595,-0.00549149667765012,-0.00041784180661132023,income,Services,Services,6,Service
36,-0.006795621887422436,-0.011306603999439058,-0.002896401421793899,-0.009177891043270102,-0.00443762028923168,income,Services,Services,6,Service
0,0.00012495462499565493,-0.0052367798748718265,0.0054747599255875684,-0.0031544659083214653,0.0032956428460992116,income,Services,Services,7,Farming/forestry/construction
1,-0.004173175886522461,-0.010746370804451974,0.00198565716145981,-0.008295332116907375,-0.0007384363759626775,income,Services,Services,7,Farming/forestry/construction
2,-0.009721208539116993,-0.015819917491622967,-0.003951552818065128,-0.013245277623346081,-0.006095719772271581,income,Services,Services,7,Farming/forestry/construction
3,-0.012481850914345486,-0.019974658455285454,-0.005282371252479604,-0.01699769376840614,-0.008247082019794648,income,Services,Services,7,Farming/forestry/construction
4,0.002329970890666349,-0.004777119041379922,0.009506686281307018,-0.002151789347038423,0.006092296384876994,income,Services,Services,7,Farming/forestry/construction
5,-0.00040884524990438106,-0.009417251328959353,0.0077758905158194684,-0.006033949171772088,0.004457640848470968,income,Services,Services,7,Farming/forestry/construction
6,0.0009386091685359209,-0.005493561599492713,0.007539066622137023,-0.00324816456852356,0.004838003115986913,income,Services,Services,7,Farming/forestry/construction
7,0.0031783337472103645,-0.004431777217803624,0.009998072755841676,-0.0011285468579999374,0.0073280918010655265,income,Services,Services,7,Farming/forestry/construction
8,-0.0005713189411305415,-0.008122909896313297,0.005831662230745932,-0.004608352253002809,0.003388372644525763,income,Services,Services,7,Farming/forestry/construction
9,-0.001734914569721245,-0.008559667878659706,0.004695688885387856,-0.006053381237432976,0.00219014541613934,income,Services,Services,7,Farming/forestry/construction
10,-0.0037442865910554493,-0.010998478819894353,0.0025073487931435256,-0.007890591681807732,-0.0002474242873104224,income,Services,Services,7,Farming/forestry/construction
11,-0.013624690365954421,-0.0222943196657207,-0.0069906712750004325,-0.018290369752181804,-0.009545073487166201,income,Services,Services,7,Farming/forestry/construction
12,-0.00979818984226611,-0.016194886716298235,-0.0030014631315754756,-0.013614178630118332,-0.005935544046925506,income,Services,Services,7,Farming/forestry/construction
13,-0.015903692132978417,-0.02348433706392973,-0.009297749724276157,-0.020015556209541957,-0.011685267254981568,income,Services,Services,7,Farming/forestry/construction
14,-0.011410105942159158,-0.018170943352976886,-0.005688693865778711,-0.015586321675717815,-0.007869053953871302,income,Services,Services,7,Farming/forestry/construction
15,-0.004695478378716227,-0.012454031813759814,0.0031885882116273355,-0.009468970703237864,-8.585709110769165e-5,income,Services,Services,7,Farming/forestry/construction
16,0.002723399707074405,-0.0035063263407962785,0.008321427722963093,-0.0013607168786111405,0.006067887360435363,income,Services,Services,7,Farming/forestry/construction
17,-0.006330686570568315,-0.012503291049236422,0.000368995382902213,-0.010101530190875493,-0.0018861160519867493,income,Services,Services,7,Farming/forestry/construction
18,-0.00537940460531017,-0.01192074337284556,0.0013858034218352392,-0.00976908952314422,-0.0014907976874286555,income,Services,Services,7,Farming/forestry/construction
19,-0.0126476148901132,-0.019088888410339237,-0.005159044169806264,-0.017082743668858605,-0.008566544513229005,income,Services,Services,7,Farming/forestry/construction
20,-0.010348785280166741,-0.016833442488836114,-0.004218763450708414,-0.014412737070986135,-0.00681349961361627,income,Services,Services,7,Farming/forestry/construction
21,-0.00914254823355426,-0.016784669930683817,-0.0014846308390998077,-0.014183153525203742,-0.004610043308157358,income,Services,Services,7,Farming/forestry/construction
22,-0.004304299093891073,-0.01143701996842171,0.002556112939560485,-0.008798372257952443,-2.2817459051313084e-5,income,Services,Services,7,Farming/forestry/construction
23,-0.007041232956496127,-0.015085629948279946,0.0012721418739729175,-0.011552464649127289,-0.0019496978410257857,income,Services,Services,7,Farming/forestry/construction
24,-0.006600887895585248,-0.013751302573329453,-0.00030763399000155803,-0.010636331859733665,-0.0027438338425008497,income,Services,Services,7,Farming/forestry/construction
25,-0.004944192198958436,-0.010983370708723805,0.0016092967609530303,-0.008497953921262085,-0.0008557781432288313,income,Services,Services,7,Farming/forestry/construction
26,-0.0022887521985626787,-0.008964085127467014,0.005848171165890434,-0.006287144929694068,0.0023641578999709528,income,Services,Services,7,Farming/forestry/construction
27,-0.004159147304029387,-0.009888148272571815,0.0020819374260288605,-0.007588536369563912,-0.000489553559942498,income,Services,Services,7,Farming/forestry/construction
28,-0.0061630775821461614,-0.012372476981619734,0.0021531136709683945,-0.00977138987811346,-0.0012673590785241204,income,Services,Services,7,Farming/forestry/construction
29,-0.008196802944420196,-0.02043711931739752,0.0002019689634945067,-0.01566433013474055,-0.0027872241874258895,income,Services,Services,7,Farming/forestry/construction
30,-0.0017878173530840589,-0.008341942937590701,0.005729751712477849,-0.005584502719681275,0.0028108631564710412,income,Services,Services,7,Farming/forestry/construction
31,-0.012787984535923778,-0.02054449949816222,-0.005758991476650191,-0.017418443154701604,-0.008269855598087381,income,Services,Services,7,Farming/forestry/construction
32,-0.009998225452822354,-0.016792884311665056,-0.0030015236129029114,-0.014062216963704369,-0.005560011061063338,income,Services,Services,7,Farming/forestry/construction
33,-0.005938374865306609,-0.011766308817454243,0.0004715135466524089,-0.009895808306947251,-0.002203471728531627,income,Services,Services,7,Farming/forestry/construction
34,-0.01190357516586278,-0.021077066855940366,-0.0024351447931978965,-0.017639328188636706,-0.00640261464741467,income,Services,Services,7,Farming/forestry/construction
35,-0.0058994897357814245,-0.014853758680344047,0.0011982837026656042,-0.011381200421293796,-0.00126987861342977,income,Services,Services,7,Farming/forestry/construction
36,-0.0031037449381884456,-0.011060938182976128,0.0034045970233171005,-0.00760935478007578,0.0010737524283367904,income,Services,Services,7,Farming/forestry/construction
0,-0.012797890356105889,-0.01952334594182589,-0.005994216213881656,-0.0168350620503063,-0.008648776026447983,income,Services,Services,8,Precision production/repair
1,-0.009396082328283805,-0.01731474690376706,-0.002160786951602798,-0.014218212682637002,-0.004435966349082412,income,Services,Services,8,Precision production/repair
2,-0.005569443024348929,-0.011235804582642166,0.001089577215323375,-0.008852274301332773,-0.001701576526453104,income,Services,Services,8,Precision production/repair
3,-1.113008205453291e-5,-0.006151542342892196,0.00594424588526208,-0.0039814171391572,0.0036768249895066307,income,Services,Services,8,Precision production/repair
4,-0.0016113610047284635,-0.00816882146039309,0.005528280889505221,-0.005563387868913839,0.002300934118692367,income,Services,Services,8,Precision production/repair
5,-0.004674349081998967,-0.011317004086275274,0.003443783292298874,-0.008970852709989808,-4.300952134307298e-5,income,Services,Services,8,Precision production/repair
6,-0.0034782498837809773,-0.008923899530505956,0.002281667589038471,-0.006611587950838794,-0.00022728525488520347,income,Services,Services,8,Precision production/repair
7,-0.001607713151697219,-0.0075144030670876065,0.0037313444766963553,-0.004939701156337403,0.0019412460257125033,income,Services,Services,8,Precision production/repair
8,-0.004068281154550992,-0.01172762418109804,0.004779337296831797,-0.00853225220063447,0.001509880468584874,income,Services,Services,8,Precision production/repair
9,-0.002740484223440095,-0.00948252415643519,0.0038917424328475288,-0.006802012971971812,0.0012637632996817041,income,Services,Services,8,Precision production/repair
10,-0.004288444860511237,-0.011280152073459008,0.0032967827445212726,-0.008134885334198764,0.00036144103836851984,income,Services,Services,8,Precision production/repair
11,-0.011445981292368625,-0.017819241437279785,-0.006493637537180118,-0.015127126451968988,-0.008556777805815489,income,Services,Services,8,Precision production/repair
12,-0.009884791828561109,-0.015219315625024822,-0.004643366432743857,-0.012923433001122388,-0.006656486799444247,income,Services,Services,8,Precision production/repair
13,-0.011126534646869074,-0.01750352137492542,-0.004703247548666542,-0.015188812418394496,-0.0075477938789325445,income,Services,Services,8,Precision production/repair
14,-6.128367707012568e-5,-0.0055641556841539205,0.00731553889774111,-0.003672488018797005,0.004124408494812342,income,Services,Services,8,Precision production/repair
15,-0.006623538884466038,-0.01273924566065231,0.0005601629389184537,-0.010284724749298323,-0.0022090331822324618,income,Services,Services,8,Precision production/repair
16,-0.004792364291765709,-0.010667663416135677,0.0013739153481624683,-0.008151568746845618,-0.0013049462431810083,income,Services,Services,8,Precision production/repair
17,0.0006245484331412414,-0.006851754062369698,0.007952317834477533,-0.003579662144713539,0.004762824077145394,income,Services,Services,8,Precision production/repair
18,-0.000603499988382479,-0.007072248205402923,0.005822881174392072,-0.0044110290785153855,0.0032862771860381382,income,Services,Services,8,Precision production/repair
19,0.005651248467634653,-0.0009055283659584216,0.013407108135390713,0.0014467567430743742,0.010643325894711234,income,Services,Services,8,Precision production/repair
20,-0.001074811518686147,-0.007289321089042035,0.005432586198988126,-0.004732034668399785,0.00251748420078177,income,Services,Services,8,Precision production/repair
21,-0.006544348926107134,-0.01481453378725664,0.00013540892581677313,-0.011310419668874935,-0.002205910805822147,income,Services,Services,8,Precision production/repair
22,0.003223662119653687,-0.0034521469865737456,0.009475433012601142,-0.0007065155663896218,0.006680517156335284,income,Services,Services,8,Precision production/repair
23,-0.008646062507364652,-0.015591548215512833,-0.0019112233720931212,-0.01281617399797442,-0.004583413824224031,income,Services,Services,8,Precision production/repair
24,-0.0008658170454342167,-0.00680274989775951,0.0043847117118629144,-0.004727168254630018,0.002261242718760086,income,Services,Services,8,Precision production/repair
25,-0.0021838599305336083,-0.008426425308379129,0.005099755992711189,-0.005743362619920341,0.0020122756681967965,income,Services,Services,8,Precision production/repair
26,-0.007767973667954187,-0.01449296295622158,-0.0012591683948997142,-0.011754729385805882,-0.004098507579941398,income,Services,Services,8,Precision production/repair
27,-0.0045349003165572515,-0.010191300231424217,0.003121300757820314,-0.008331807134002986,-0.00036510039002700563,income,Services,Services,8,Precision production/repair
28,-0.010479711106165199,-0.01670600552513809,-0.004933846153300342,-0.014619314819350367,-0.006910844546595008,income,Services,Services,8,Precision production/repair
29,0.0002316831772524115,-0.0041979085071525216,0.00462593165315796,-0.00237735093902783,0.0024031976402225327,income,Services,Services,8,Precision production/repair
30,0.0021686490074958684,-0.0035942123740587747,0.00793806808201918,-0.001501710232114259,0.005560130999831101,income,Services,Services,8,Precision production/repair
31,0.0033587630102048373,-0.0021055233622154653,0.008273031882209856,-1.2833898477081652e-5,0.006669896470679833,income,Services,Services,8,Precision production/repair
32,-0.005437666833844278,-0.012995426368360936,0.001246316732043189,-0.010274246721810184,-0.0014338774953141188,income,Services,Services,8,Precision production/repair
33,-0.00981367801739412,-0.015567924226751056,-0.004853443004251208,-0.013134221688308032,-0.006535207912901831,income,Services,Services,8,Precision production/repair
34,-0.0005017527989049819,-0.007426012219579527,0.005284340790764747,-0.004854540838979559,0.0027726204652337902,income,Services,Services,8,Precision production/repair
35,-0.0017136359364824283,-0.007566279803301568,0.004620681761188832,-0.005383526169432115,0.0016008686644324427,income,Services,Services,8,Precision production/repair
36,-0.01137606932821791,-0.01678812514166545,-0.0050704734752121715,-0.014483103676988641,-0.007602547911835901,income,Services,Services,8,Precision production/repair
0,-0.007812055848265577,-0.01937640539958335,0.0012717728780788648,-0.013840822502390812,-0.0022812973342516973,income,Services,Services,9,Machine operators/transport
1,-0.007261108524022635,-0.015666345353230655,0.0004664547016079131,-0.012933438000987531,-0.0023367522832326354,income,Services,Services,9,Machine operators/transport
2,-0.007622405130748386,-0.014675713401703415,0.0009521643982985184,-0.011632862484747276,-0.003059372468185817,income,Services,Services,9,Machine operators/transport
3,0.009590880150698861,-0.001383157096408006,0.019560931734095174,0.0033331655049499203,0.015511563761113123,income,Services,Services,9,Machine operators/transport
4,-0.00037417411128327606,-0.00928127161444566,0.007692816367870758,-0.005749850805681582,0.004469989914926298,income,Services,Services,9,Machine operators/transport
5,0.0034641574893927787,-0.005672128743253657,0.011526432427508755,-0.0014225059732379166,0.008985306703344156,income,Services,Services,9,Machine operators/transport
6,0.0023256904564805687,-0.004551770966215416,0.008688920959337234,-0.0017339567812123579,0.006278093215721122,income,Services,Services,9,Machine operators/transport
7,-0.012769717808498799,-0.020998647701391156,-0.0037535090810862995,-0.018041101468003314,-0.007048684178052731,income,Services,Services,9,Machine operators/transport
8,0.0017273038567456262,-0.006632161607865527,0.011438367956027151,-0.0037060345610937613,0.0073086109498603,income,Services,Services,9,Machine operators/transport
9,0.004364737335010677,-0.0061647910396291595,0.013903380075380955,-0.0021561111181161987,0.009670174874963071,income,Services,Services,9,Machine operators/transport
10,-0.001668893014091421,-0.009807728018623896,0.007033177537584275,-0.006508520761500461,0.002662208015788854,income,Services,Services,9,Machine operators/transport
11,-0.006039495339081055,-0.013969684585826366,0.0013101855564782022,-0.010704252911400484,-0.0014251599374665719,income,Services,Services,9,Machine operators/transport
12,-0.014457706624717286,-0.0229147832116399,-0.0053789133739482395,-0.01929671628927119,-0.00887194233415268,income,Services,Services,9,Machine operators/transport
13,-0.0008675258210956325,-0.007726544807271147,0.00635247988785144,-0.005063150673972062,0.003239096591276798,income,Services,Services,9,Machine operators/transport
14,0.004481629282350944,-0.0034846705676514784,0.013696448556672673,-0.0004911888545011357,0.009651059363512593,income,Services,Services,9,Machine operators/transport
15,0.0070711415070095545,-0.0010486205498529784,0.0156845183643633,0.0019369655502009626,0.012359085994192151,income,Services,Services,9,Machine operators/transport
16,-0.014896766365484,-0.023610074638465102,-0.006707477307403984,-0.01964856231860493,-0.010143947272623887,income,Services,Services,9,Machine operators/transport
17,-0.00039903963427194704,-0.009160520646291246,0.007511929366480132,-0.005674123763124293,0.004614959530947618,income,Services,Services,9,Machine operators/transport
18,-0.0013663944982151976,-0.009069067356279444,0.006693425103640461,-0.006327644794668702,0.003279320288376143,income,Services,Services,9,Machine operators/transport
19,-0.006987881413261197,-0.014148209810139194,0.0003296296439822639,-0.011184544744459094,-0.0018005192520761364,income,Services,Services,9,Machine operators/transport
20,-0.003478428819954039,-0.010420182150881327,0.0033717682144576372,-0.00743422745143473,0.0006266864597755904,income,Services,Services,9,Machine operators/transport
21,-0.004411385715297394,-0.013778452029045311,0.004599990359297076,-0.010256752107124071,0.0010918308785447372,income,Services,Services,9,Machine operators/transport
22,-0.007566033618807091,-0.013355739975821956,-0.0019347096924153973,-0.011397174413194924,-0.004125730978539938,income,Services,Services,9,Machine operators/transport
23,-0.008913257998384026,-0.017513949409999303,0.0011108437500334419,-0.014314202240535624,-0.0029874242400140544,income,Services,Services,9,Machine operators/transport
24,-0.001151219973055044,-0.010977679218968247,0.006818400299787233,-0.006666500532975225,0.003561307368637196,income,Services,Services,9,Machine operators/transport
25,-4.829724700881909e-5,-0.00891512002030861,0.009484878580813889,-0.00550577340970217,0.00532295716210782,income,Services,Services,9,Machine operators/transport
26,-0.014573091169404624,-0.025477407897425152,-0.006562852889249508,-0.0207495044306521,-0.009206187381766668,income,Services,Services,9,Machine operators/transport
27,-0.00840784232316999,-0.018612741561401434,0.002725789342435614,-0.014766707169079858,-0.0009850110442943547,income,Services,Services,9,Machine operators/transport
28,-0.009018023273579404,-0.017499791967383133,-0.00182919779712498,-0.01445698863231811,-0.004339812633506101,income,Services,Services,9,Machine operators/transport
29,-0.003636365001328096,-0.011479083095055652,0.004966400809172631,-0.00826061018195369,0.0012214397743657034,income,Services,Services,9,Machine operators/transport
30,-0.0038606126235803595,-0.013861460976316319,0.005074917288874345,-0.009849502872635321,0.000984466830917935,income,Services,Services,9,Machine operators/transport
31,0.0007297236313313499,-0.007578413362758496,0.007837428033010699,-0.004471604015719282,0.005389539483992635,income,Services,Services,9,Machine operators/transport
32,-0.016697909195335845,-0.025080480874787356,-0.008674238926732414,-0.021896276669080252,-0.012107381662089006,income,Services,Services,9,Machine operators/transport
33,-0.006188548344147958,-0.014171356956218285,0.0005975556182526561,-0.010999162611975845,-0.0019460395619719508,income,Services,Services,9,Machine operators/transport
34,-0.010620535420586916,-0.018665333069966206,-0.002839071052245336,-0.015319144304125279,-0.00600820057122898,income,Services,Services,9,Machine operators/transport
35,-0.006689629768405703,-0.014716746065624333,0.0006982335879424303,-0.011385203980041884,-0.0019454198502287289,income,Services,Services,9,Machine operators/transport
36,0.005452629330387666,-0.004769106051377226,0.014692560221008214,-0.0014924609822794142,0.010974983021941886,income,Services,Services,9,Machine operators/transport
