horizon,coef_name,beta,dk_se,boot_se,ci_lo95,ci_hi95,ci_lo90,ci_hi90,ci_lo68,ci_hi68,n_boot_valid
0,intercept,6.53760992431806e-8,0.00143877874413837,0.0013060870881921123,-0.002184288017379406,0.002938569453883411,-0.0018554393815147622,0.002394108973876031,-0.0010410956122485508,0.0014355941835639896,500
0,shock_x_ind1,-0.015881437665158808,0.005818166103358236,0.006056596963813976,-0.026946590620659693,-0.004090734886875098,-0.02559764233770677,-0.006288435406559412,-0.022164737735005637,-0.009911221809390539,500
0,shock_x_ind2,-0.008355312777208952,0.00954006245656934,0.00911604442319288,-0.026309481143565953,0.007764283347921876,-0.025280865874043663,0.0042840433071686425,-0.018644000961446992,-0.0005436226029688002,500
0,shock_x_ind3,-0.002580640610371531,0.0035229461259129085,0.00355361763303252,-0.0092610252922669,0.004770534721242999,-0.008349693552525178,0.003131169794948942,-0.00628069823629851,0.0008111184819437301,500
0,shock_x_ind4,-0.0057575487413275015,0.0042577058532956655,0.004169101198087696,-0.013479084357448285,0.002348328870972317,-0.012492644714973715,0.0008940810941095467,-0.0095981052979191,-0.0013982174489391215,500
0,shock_x_ind5,-0.001847813488082079,0.0032394604868016185,0.003188629877340105,-0.008331400451095188,0.00454762252537725,-0.007180609503251763,0.0035531537387628225,-0.005186787181941303,0.0013181627787201078,500
0,shock_x_ind6,0.0025314599678072742,0.0035169745279959846,0.0035607586317903807,-0.0035719284756175716,0.00973029216357665,-0.0026733012007385828,0.008541823928175778,-0.0009006547564015862,0.006421714963315214,500
0,shock_x_ind7,-0.0004566989063786473,0.004236444038027911,0.004289528637338529,-0.008867036548251554,0.008075510381655061,-0.007242935820025699,0.006976077081887962,-0.004668779305523233,0.003535086412631705,500
0,shock_x_ind8,-0.0037526068130897495,0.0032399365032819484,0.0029088177590539193,-0.008755064161810778,0.0025156084660791413,-0.008221836567689256,0.0015991966318710926,-0.006425022178658392,-0.0008802547321308947,500
0,shock_x_ind9,-0.0064505106565773815,0.004340111602586575,0.004279431833194566,-0.0141961531594888,0.0015082706281463066,-0.013134428544289447,0.00010488004119504809,-0.010576911641957,-0.0018839252030052479,500
0,shock_x_ind10,-0.008270612532362269,0.004222782413673876,0.004178345517050404,-0.016235544564724827,-0.0003141987566715843,-0.015425700177965782,-0.001817465886322464,-0.01237467217080856,-0.004244642120338968,500
0,shock_x_ind11,0.002017236592389174,0.0043951833169066125,0.004555978347094211,-0.007081080103455125,0.010263293982567668,-0.005816881967635435,0.009113494637482827,-0.0025818958398188,0.0065579418124543,500
0,shock_x_ind12,-0.0004127017552738354,0.002524470839569963,0.002483343374282191,-0.004971204383786369,0.004449800583087242,-0.004538204611607337,0.003525498790714631,-0.0030481840767328837,0.0021424139847376574,500
0,shock_x_ind13,-0.002037935986676815,0.003197149678460982,0.003178929593985373,-0.007794189171338439,0.004511658149718751,-0.007021998325220783,0.0034373221492753955,-0.005253838993285854,0.0012595406331619723,500
0,shock_lag1,0.00023721449422669255,0.0015324051274984447,0.001705630131520945,-0.0031100102130694135,0.0035839116638033863,-0.0027057077058757688,0.002906747655150198,-0.001342948794075641,0.0019661934897358853,500
0,shock_lag2,-0.0007937887955775428,0.0017634102115308223,0.001826305329722372,-0.0041929868963665766,0.002933920556014262,-0.0036900304268211144,0.0025716488984800887,-0.002396828517143015,0.0011338878647931998,500
0,shock_lag3,0.0017614858708598828,0.0016232297613171293,0.0017936019264362462,-0.0016448050006960143,0.005278374503731607,-0.0010274431379164624,0.004806976115952256,-1.6120083647571306e-5,0.003404329130422913,500
0,shock_lag4,0.0006994837871140105,0.0016402345730191544,0.0017003481221827407,-0.0023855603377903514,0.00412951304652669,-0.0018556726694140865,0.003753777920809894,-0.0006812923915308062,0.0026250673451715814,500
0,shock_lag5,-0.0005014664937951009,0.0017502334623584236,0.0017867993965721147,-0.004043295316823337,0.003129714954593699,-0.0032543375429805095,0.002561380756949872,-0.0020669581443581034,0.0013850189831091282,500
0,shock_lag6,-0.00042958668986870044,0.001625847462919426,0.0018388660432567113,-0.003610579437108876,0.0032557721734349384,-0.003065417158171804,0.0025570566235753713,-0.00218257368122801,0.0015549071148968645,500
0,shock_lag7,-0.00046247460095856513,0.001676857737298968,0.0018899068213195462,-0.0038588441116348864,0.003433259392285449,-0.003377543818558187,0.0026716463128114384,-0.0023037564102237735,0.0014153280455706514,500
0,shock_lag8,-0.0024743252885767045,0.0016809788647790193,0.0018178096513478152,-0.0061423395886377255,0.0010777290839952285,-0.005510147333292308,0.0005220549743884375,-0.0042739996925254785,-0.0008246292282108284,500
0,shock_lag9,-0.001447458601393148,0.0014066217240976406,0.0015305399779476717,-0.004232659042212735,0.0016245815028855378,-0.0038165423938692896,0.0012096255087906892,-0.0030061106487088056,0.00020599917122666645,500
0,shock_lag10,7.025165968730819e-5,0.0015882049850359436,0.001621645662268224,-0.003242865273164394,0.003073688178930203,-0.002770208013513994,0.002623412822769858,-0.0014872405998582025,0.0016505691622048968,500
0,shock_lag11,0.0005486667649055939,0.0016348441023281216,0.0017474989478581773,-0.002280453397066419,0.004281526156569844,-0.0019028472943656896,0.0036456796621532144,-0.0010908190757949062,0.002453259795393712,500
0,shock_lag12,-0.0024511831062722414,0.00150236565552011,0.0016834274253920908,-0.005903385320245957,0.0006660871339767191,-0.005421999584932765,6.40126762614899e-5,-0.004218606403325985,-0.0008890485017426269,500
0,log_oil_lag1,-0.002468346412020411,0.004068287210165723,0.003678103618971999,-0.010984958445132378,0.0033313448227611456,-0.00929839779268679,0.0025365964493979346,-0.006919783960636777,0.0004081188240245143,500
0,ffr_lag1,0.0029986591882385813,0.0007481354383865134,0.0006895344091689023,0.0017215685391464555,0.00448560765585707,0.0019481737564540115,0.0042854066640398,0.0025183672282398126,0.003852281466071099,500
0,log_rwage,0.37414411681199844,0.03029063064621835,0.027049372329721114,0.3310491602334348,0.438085586851955,0.342028172724375,0.4277077412028238,0.35391259978075057,0.40733610685126787,500
0,age_mean,-0.004386817849752226,0.0012290839232245528,0.0013018722041867022,-0.006652024639441537,-0.0015080751524727206,-0.006286276914266521,-0.0020024884883045636,-0.005437313598045836,-0.0028151458730254,500
0,female_share,-0.06480900988533565,0.04156938727032806,0.03917963044126156,-0.1432680130736237,0.009954045804715123,-0.13016478834643386,0.0004582967435720728,-0.09907117404614123,-0.022579161353766825,500
0,married_share,0.2277748170756164,0.033739179194762645,0.0344358557032423,0.14821277749665024,0.283041575998065,0.1601055073044669,0.27671428925412955,0.1855639621112136,0.2543498271936498,500
0,hours_mean,0.018733676286415313,0.00151443947063825,0.001565394634270824,0.015753524985530988,0.021755543669945573,0.016159129360161718,0.021352371801811196,0.01727843662991672,0.020265956966067082,500
0,unemp_rate,0.15733813633977983,0.06932797317987613,0.06457265203914166,0.06108277958582944,0.3078877188212247,0.07293515261046725,0.28676654652334926,0.10603666052564742,0.2385281339294665,500
1,intercept,-1.5842530809302904e-9,0.0006849639964997178,0.0008027324811037823,-0.0016161827511445384,0.0014986509003544705,-0.0013164823353929468,0.0013174152292549312,-0.0008697676962598647,0.0007143912454092257,500
1,shock_x_ind1,-0.014804729309096128,0.006326999958980852,0.006034965915232165,-0.025698264567776408,-0.0021533866507027952,-0.02453077718337331,-0.005617805160620182,-0.021439834153951325,-0.009091941647787236,500
1,shock_x_ind2,0.018693109007191774,0.011063734594192071,0.01092899062970394,-0.003042520467463037,0.038162181126984926,-0.0010577846533385493,0.03480576772071451,0.0062252730137054985,0.0281179396260427,500
1,shock_x_ind3,-0.002398813881241208,0.0034753988084803775,0.003922843993841662,-0.009633164695224676,0.005754716914739958,-0.008638947143278597,0.004482147145908341,-0.006510865545631759,0.0012121501026243371,500
1,shock_x_ind4,-0.00678531631979612,0.006002073700935587,0.005355213120480311,-0.016796370746624142,0.003812831182259951,-0.01537193006489422,0.0022236781120788885,-0.011658612870401187,-0.0011382674988153487,500
1,shock_x_ind5,-0.002052725510230822,0.003723760103533767,0.0037864729023363796,-0.009653487826855375,0.0055008982718009695,-0.007669756511570395,0.004505211437525419,-0.005717599822510645,0.0017288359449827225,500
1,shock_x_ind6,-0.0001905740227776689,0.003674033120425432,0.0035556174092473956,-0.007022197117345849,0.006835171294592992,-0.005780043388968212,0.005578238303000803,-0.003692434480726932,0.0035797459680490416,500
1,shock_x_ind7,-0.008321526838197498,0.004391182789958561,0.004411838982856049,-0.016385736116325746,0.00044677649659507194,-0.015421451868036815,-0.0008769605526358216,-0.012463009611004458,-0.0036748015240447448,500
1,shock_x_ind8,-0.005659100290223666,0.0029631334370478287,0.0032429962181277573,-0.011724648321940865,0.0004719109136526382,-0.01097953800221859,-0.00024546292216892055,-0.009040802994004117,-0.00251043567177225,500
1,shock_x_ind9,-0.006103410499394794,0.0038694022751090784,0.003922477180176485,-0.01417105556655178,0.0013313868291124154,-0.013186145615505287,0.0002953352615967336,-0.009969940820309327,-0.0021765520748660812,500
1,shock_x_ind10,-0.009557500638798476,0.0034817421590720545,0.003932509601025706,-0.016667873714222726,-0.0019279334953042123,-0.01590713264254038,-0.003308992587569736,-0.013424822432809127,-0.005421880345022212,500
1,shock_x_ind11,-0.004876628966457477,0.005079355239266623,0.005047001851890237,-0.014413498190485862,0.004784641955619053,-0.013665054923802301,0.003677656284074741,-0.010157859760017329,9.228311485009777e-5,500
1,shock_x_ind12,0.0007738829822038256,0.0027029033204544963,0.0028412186764006212,-0.004609843937098779,0.006317982774745549,-0.0037439023327212424,0.00548498110312554,-0.0021907432927545786,0.003535815964113727,500
1,shock_x_ind13,-0.0041363384229026025,0.0034506938324388083,0.0034094339760933267,-0.010492660786015042,0.0027010497598046824,-0.009596942003271571,0.0016218141501466836,-0.007309827512920585,-0.0007623734657042166,500
1,shock_lag1,-0.0017306997741852557,0.0015071680285166375,0.0017042641806038436,-0.004605722012486768,0.002071085096955175,-0.004314858716552962,0.0012622523976393231,-0.0033220172702976176,0.00012802250627989086,500
1,shock_lag2,-0.00039182352022274034,0.0014401502221482725,0.0015671200591754202,-0.0030697671188164247,0.0029176069534138987,-0.002867512783890748,0.0023208203612356923,-0.0018422944766870817,0.0013477434843055117,500
1,shock_lag3,0.002526323433197511,0.0017145075108149577,0.0017585615014406352,-0.0006188045110225142,0.006170892046336498,-0.00014437244885789097,0.0054451974570177385,0.0007803589812267395,0.004316519004215915,500
1,shock_lag4,0.0012819722058035915,0.0014819709990325544,0.001490178173313334,-0.0017493461386284736,0.004088594192562016,-0.0012408952407999677,0.0036651579883794096,-0.00033925482034714047,0.0027426299451567813,500
1,shock_lag5,0.000378854805099444,0.001458968829257005,0.0014560840948868612,-0.002351810961983985,0.0034107877735721783,-0.0019681230371438965,0.0025746191569056263,-0.0010722981101742319,0.0017939496593140552,500
1,shock_lag6,0.0011957705373032794,0.0012993416169632416,0.0014791689003055375,-0.0018051874948798057,0.004295868307257662,-0.0013378038934019443,0.0037402264710105384,-0.00018963248872403598,0.002513027056420558,500
1,shock_lag7,-0.0014247096350675818,0.001557417530738866,0.0015115080229558975,-0.004248022704153998,0.0014298719385066891,-0.0038339333520888376,0.0009075475523680859,-0.002940245744204869,0.0001549550746779269,500
1,shock_lag8,-0.003096512031952474,0.0014088678372170677,0.0015174216658020653,-0.006197717796048493,-0.00042070412887096966,-0.005808754539951997,-0.0007172250078496574,-0.004719089371533523,-0.0016117537778106935,500
1,shock_lag9,-0.0009306346152884906,0.0015883374665696807,0.0015025402928397812,-0.004147382909850376,0.0018886718970815655,-0.0036455279822405276,0.0013711596682599466,-0.00254882653315905,0.00035792996905378534,500
1,shock_lag10,0.0026160735317695243,0.0017791134374297766,0.0017576181753289454,-0.0007357481922901309,0.006230832520820961,-0.00018323830576773165,0.005606680102651706,0.0008853583816556787,0.00449571933115997,500
1,shock_lag11,-0.0003630865812651266,0.0013092940947101507,0.001386240814368876,-0.002916279185502911,0.0024747925526663384,-0.002383653598341377,0.0020234871793172295,-0.0016790266293387343,0.0011428529184653777,500
1,shock_lag12,-0.0023186814056694407,0.001551560084553005,0.0015923760557199455,-0.005622255401173667,0.0005972444549070741,-0.00499529232364011,5.071372984728786e-5,-0.003970887997517768,-0.0007268868553080897,500
1,log_oil_lag1,-0.0003515480421809665,0.0021595541946466575,0.0024399957680937535,-0.004587649796121305,0.004862298989353137,-0.003971012547955207,0.003966282945079621,-0.002707091486742381,0.0021468009889280813,500
1,ffr_lag1,-0.00023471719554598073,0.0005767172827795467,0.0006280050968520072,-0.0015141786244745772,0.0008631703349701644,-0.0013351241701998458,0.0007386258969776299,-0.0009166227398180063,0.0003499178572509014,500
1,log_rwage,-0.006263916366097657,0.016097319424972924,0.016687889065125177,-0.03977592209735349,0.02822791189439159,-0.033685414628955565,0.021166495096739395,-0.022554153230315295,0.009126070045208793,500
1,age_mean,0.0004373124927635961,0.0013197796225219763,0.0013858835914870428,-0.0024408641014256197,0.0030153323045076386,-0.001822883165314217,0.0026664384056284914,-0.0009947152233909281,0.0018610699426170664,500
1,female_share,-0.05019869598586907,0.04749427441161832,0.04344120567646765,-0.13187021227107773,0.038693639722743756,-0.12187829622748657,0.020754729785679975,-0.09202613381023267,-0.005923487231191836,500
1,married_share,0.062151552702258216,0.03672845490606484,0.03731203379912673,-0.011894518698155467,0.13409881091319115,-0.001105411357579502,0.12206335231351766,0.02718428108350472,0.09915079521389498,500
1,hours_mean,0.0006383099912020964,0.0015325774204809493,0.0016233674752327478,-0.002381065233172216,0.004087013313161268,-0.0018309477177423873,0.0033042755181001094,-0.0008447564892610604,0.002322405474482236,500
1,unemp_rate,-0.0872112002419539,0.04199358087355789,0.046708272307507924,-0.18174076602242628,0.00016182996362194396,-0.16823181397097497,-0.013962105899504747,-0.13985804181082553,-0.0467686340950099,500
2,intercept,-8.019476846665894e-9,0.0008927020535472792,0.001037806541057342,-0.0018857262419516752,0.0019879594872973714,-0.0016635171591526231,0.001743782255691986,-0.0010413897636719098,0.001002724534653322,500
2,shock_x_ind1,-0.01859649576519619,0.006643290661481656,0.006268885463096575,-0.03114163862081548,-0.007336930348569502,-0.02979304454390377,-0.008498931743666775,-0.02541744694176587,-0.013287056254129551,500
2,shock_x_ind2,-0.0029655077969891414,0.010926299335838604,0.010852220893623043,-0.024404230501761236,0.01752156338624475,-0.020527889647215254,0.015745864642296183,-0.013658162302518994,0.008021538702531122,500
2,shock_x_ind3,0.0011048413234160293,0.003580412103103128,0.003578838936904514,-0.0059841258828162575,0.008252813451693049,-0.004865441768608055,0.006406446306242516,-0.0025054342158236926,0.004458966902235602,500
2,shock_x_ind4,-0.002288015687216254,0.004540789812645414,0.00450263678805047,-0.01067577355010415,0.007593254444715333,-0.009140442351470735,0.005316883212533864,-0.00649065445386521,0.0020826061908267163,500
2,shock_x_ind5,-0.0020306518511643066,0.003908515343878404,0.004225047737565525,-0.00971699240804829,0.006426686782331423,-0.00844036554482993,0.0051974847896546555,-0.006025418651356038,0.002412294453759484,500
2,shock_x_ind6,7.825353122633321e-5,0.0030665083616621515,0.0033330758236679464,-0.005775130668500017,0.006961664180699349,-0.004916364971880877,0.005752638943059916,-0.0030431964258420927,0.0034597877698476207,500
2,shock_x_ind7,-0.0012309858985136593,0.005328082143707137,0.005089330922132085,-0.010886644478334685,0.008382470904942225,-0.009728198262753101,0.0070975295769912005,-0.006074708820212687,0.004002030784675373,500
2,shock_x_ind8,-0.004459001006082786,0.003465307061279297,0.0036778594977925866,-0.011253217958055815,0.0027529221902150096,-0.01050324960100978,0.0020020416454426806,-0.007579022548065718,-0.0004086942147293546,500
2,shock_x_ind9,-0.008426756560489499,0.0036669191072742063,0.0038146995635792106,-0.01611032721407932,-0.0013949385896909058,-0.014702269186799989,-0.0024113804705448833,-0.011819909204527121,-0.004524025038113914,500
2,shock_x_ind10,-0.014555742624441337,0.0036587908245535932,0.0038786104070640203,-0.021907743846450556,-0.007153651734993233,-0.02054293697914121,-0.008409146813409823,-0.01814668320084661,-0.00996637599241504,500
2,shock_x_ind11,-0.005029703421611039,0.004807227749639317,0.00515591836339286,-0.014781707614270504,0.004516262260715618,-0.013167724180186023,0.0035465890388376117,-0.0098040791124272,0.000741576622806922,500
2,shock_x_ind12,-0.0035617710302169848,0.0029495780494006958,0.003113344320419572,-0.009454801241456215,0.002631990098793874,-0.008713612022633984,0.0015437464425858299,-0.006610894083330039,-0.0005225276655382849,500
2,shock_x_ind13,-0.005345394277492697,0.003420513815898912,0.0032686886655871415,-0.011678947541304873,0.0005213125313524024,-0.010740139514190944,-0.0001094594779930002,-0.008802153181220329,-0.002333411736649111,500
2,shock_lag1,6.497308527392353e-5,0.00160188991302496,0.0017782830164786618,-0.0032158244897236817,0.0035227976711175047,-0.002938749776801118,0.0030812198568382107,-0.0016767761056624797,0.0018423049542204222,500
2,shock_lag2,0.0008140049421591109,0.0015469478276742704,0.0015263341170268189,-0.002199191968604603,0.003988074340952756,-0.001762434665679788,0.003244479584958483,-0.000708389264913395,0.0022144132289612603,500
2,shock_lag3,0.0030819321972856664,0.0016767078539879005,0.0018489183770877347,-0.0005480147770609344,0.00664145462767008,-7.150857502202734e-5,0.006193087425375682,0.001511409689211093,0.005028697379628565,500
2,shock_lag4,0.001797022565696764,0.0014694679533296055,0.0015603282112921452,-0.001401179863822644,0.004602804685813264,-0.000994593009024003,0.004386798160547438,0.00021218554424986045,0.0033087967396607278,500
2,shock_lag5,0.00165615910000266,0.0015408288109269419,0.0016210127200926184,-0.001357365621946689,0.004922342609511321,-0.0008766547284184205,0.004363009458743197,8.084887230699063e-5,0.0032809836604046094,500
2,shock_lag6,-0.0006386365942891847,0.0013166647676625036,0.0014845063034620504,-0.00355383461197876,0.0021468478409703436,-0.0031824906619220463,0.0017682262530706683,-0.002069616949834254,0.0009110553252267593,500
2,shock_lag7,-0.00228492790888523,0.0014515573513474555,0.001574270307915385,-0.005401673135961288,0.0007129857865715388,-0.004903059097276723,0.0001262971414140573,-0.004139957673846781,-0.000925665176301185,500
2,shock_lag8,-0.002676133696340609,0.0017715767454546,0.001846231643558258,-0.0064598836628544576,0.0006482823789702296,-0.006068742889297522,6.061243344739086e-5,-0.004763574113723738,-0.0010349093302502916,500
2,shock_lag9,0.0015396780465549015,0.001594769669421469,0.0016342869484417249,-0.001561951919221768,0.004527631742334235,-0.0010923024689298271,0.004243879950786617,-5.039154778777468e-5,0.0032239039096877806,500
2,shock_lag10,0.00025254089100132995,0.001527565515374269,0.00161114766145088,-0.0033520381728134934,0.0029908070317010062,-0.0027563472294411476,0.002641696901743606,-0.0014664280261196768,0.0016375561550448585,500
2,shock_lag11,2.5316940458677713e-5,0.0016606860382444104,0.001650559708578612,-0.0030173739750724415,0.0033539813801062024,-0.002410757409862472,0.002916900009140457,-0.0013878687843633512,0.0019392362113823335,500
2,shock_lag12,-0.0015247619569626098,0.0015620846235359844,0.0015908937122916856,-0.004631918473998768,0.0013525540096298691,-0.004231897482123696,0.0009534844496182334,-0.003264418284080749,-6.308936098312321e-5,500
2,log_oil_lag1,-0.0024639989195611575,0.002552103128628967,0.00301681507219646,-0.007763248792396675,0.004119436884832215,-0.006961053965153787,0.0031299163092260596,-0.005184432725264106,0.0006717069232162023,500
2,ffr_lag1,0.00013370178579207202,0.0006667358997988733,0.0007474198482406619,-0.0012219073597021753,0.001641389438327472,-0.0010047841558572521,0.0014160618773480381,-0.000579709168276362,0.0008807214059845137,500
2,log_rwage,-0.018239101764459073,0.022075320329330978,0.02361706044806223,-0.06632979669946623,0.023116532059424988,-0.056028345211958146,0.018871632560784564,-0.03984264265280321,0.00605544463300911,500
2,age_mean,0.0017666649443082467,0.0014750180260559016,0.001652544716608166,-0.0014932098907565398,0.004995765298964205,-0.0010427345294448439,0.004439657628302374,0.000239430646169626,0.0035510039372704844,500
2,female_share,-0.061801889621956686,0.0490031972070136,0.04764736738609042,-0.15438854762114218,0.032959745667692324,-0.13997036713525554,0.0162137881888067,-0.11084919825129136,-0.017578684322377656,500
2,married_share,0.023957737389855318,0.035993378171975024,0.034743936680050005,-0.042463668400376416,0.0915111038976322,-0.029088996439607454,0.08123063768124127,-0.01062295745359938,0.06114526908977577,500
2,hours_mean,-0.0009782915038310809,0.0015956828464558312,0.0017141403728353922,-0.004378917307996517,0.00222766203457866,-0.004059331562353111,0.001816570001428629,-0.0027069425848016315,0.0007897261677568679,500
2,unemp_rate,-0.13477389398891362,0.03894473951739485,0.039989008346104624,-0.21292771957991097,-0.05832656763267888,-0.2019763705641029,-0.06886261877265867,-0.17741889283631979,-0.09618892979658938,500
3,intercept,-3.0018269457941353e-9,0.0010940093063909664,0.0011256560780106427,-0.002038238279165589,0.002314741741662748,-0.0018338981841189226,0.0018881706015890782,-0.0010540807229938657,0.0010924431992689687,500
3,shock_x_ind1,-0.020348391772387793,0.005922729738883686,0.006109648142721933,-0.03285686501144526,-0.009286456534641824,-0.030815842703147932,-0.011214333805731115,-0.027514072548522665,-0.015016153536080431,500
3,shock_x_ind2,-0.007665411308840888,0.010526015217956333,0.011386455526407286,-0.029361183087898576,0.01362888011309191,-0.027112280353237435,0.010008150128941391,-0.01931262633784951,0.004039342258772486,500
3,shock_x_ind3,-6.15173464378606e-5,0.0035984812978922115,0.0037343483777196444,-0.0069182357892504116,0.007357287450642897,-0.005916212146338096,0.006440035790562858,-0.003904027325302983,0.0035815945251562375,500
3,shock_x_ind4,-0.0001144059395350678,0.003988752590109328,0.004391727915440798,-0.008963581684713808,0.007715870784041304,-0.008021361077288621,0.006205279927268134,-0.004810520041634335,0.0036626594312260926,500
3,shock_x_ind5,0.001004078396638232,0.0038693790809678566,0.004033363545308259,-0.007210396075210748,0.009344874688352909,-0.005660567073808973,0.007600228366389976,-0.0029066585604675607,0.004837188739275973,500
3,shock_x_ind6,-0.0013744674381144326,0.0038844785612711596,0.0038762210726971127,-0.00885392843282452,0.005738117769579464,-0.008094942413357028,0.004775193945624108,-0.005136052057715678,0.0022385322164000057,500
3,shock_x_ind7,-0.010507225244988115,0.005605126813911055,0.0059609796794413755,-0.02163836737729964,0.0006460218818460019,-0.020037883257835943,-0.0012704782521486292,-0.017270143393248106,-0.004931756364713192,500
3,shock_x_ind8,-0.001399799247414319,0.0034505358163547818,0.0034305279554381653,-0.008438371845452245,0.005308290566458419,-0.007268257589679832,0.004350847123549479,-0.00502316602464085,0.0016423924729734925,500
3,shock_x_ind9,-0.003093748642939055,0.0038276649502874214,0.003938673522611295,-0.010566620870713448,0.004339724227352789,-0.009451389503886921,0.0034489558425230245,-0.007003847851486375,0.0010846448424705038,500
3,shock_x_ind10,-0.010010844713691212,0.0038580588163679083,0.004269515735579892,-0.017769538238422502,-0.0011731314149865625,-0.016673615006334432,-0.0026332459328661296,-0.014178452927243491,-0.005572233989099323,500
3,shock_x_ind11,0.008026290496574754,0.005050105636853605,0.005457587764789106,-0.0037277654915803225,0.01926395008293717,-0.0009922240020768377,0.01718812048262816,0.0026653640472578156,0.012875075205066304,500
3,shock_x_ind12,0.0003542556268506252,0.003338309261762967,0.003692182024126203,-0.007204597419668246,0.007447934339681085,-0.005781224569439858,0.005538840401935623,-0.0034596028093682738,0.003597713729739361,500
3,shock_x_ind13,-0.0012096283003296343,0.00354026189434852,0.0038643973412816708,-0.008508683038923465,0.006592649908615087,-0.007168410461800596,0.005384746257597333,-0.004770411415376869,0.0027371629143618436,500
3,shock_lag1,0.0011405222447080914,0.001349745002127912,0.0015606708220364475,-0.0017505937138803899,0.004335498593112237,-0.00129787241002906,0.0037833524734171885,-0.0003808560862834779,0.0028058625867892696,500
3,shock_lag2,0.0012799789737068233,0.0017808562158791535,0.0018321830358818832,-0.0022964264484050855,0.0048986635830983415,-0.001576043344409597,0.004325361200704332,-0.0004348422494955275,0.0032081389193970283,500
3,shock_lag3,0.0031578508157580542,0.0020045494701454035,0.0019474705510944207,-0.0008751618899272593,0.006853276458023913,-0.0003529722874413735,0.006229922160924867,0.0011242975949504388,0.004938669372217545,500
3,shock_lag4,0.0027226725311050573,0.001821498031394776,0.0017722916561871492,-0.00037502617664868004,0.006225059993758593,-1.6862892552499143e-5,0.00584738940850738,0.0010190918751656751,0.004496101514798242,500
3,shock_lag5,-0.0006193525031535316,0.0016789319467970301,0.0016435894580835704,-0.003938898627662932,0.002477464410632805,-0.0035253344558057575,0.0019071166638318267,-0.0024861914032256343,0.0007553140811119948,500
3,shock_lag6,-0.0016036988647688617,0.0016436835310933266,0.0017867496390564443,-0.0049368261397213275,0.0017744825249737454,-0.004509962941260319,0.001224139698248421,-0.0035722525643261784,0.00011079228284830621,500
3,shock_lag7,-0.0018831667443372701,0.0019640699734582196,0.0019503063495667217,-0.006223180156979018,0.0014213365788725391,-0.005475797861220918,0.00090685060277672,-0.004087919228557992,-0.00031626802741749755,500
3,shock_lag8,-0.00033649411686550713,0.0018014321448612794,0.0017557621738795088,-0.0037660557618740898,0.003037515233512555,-0.003348880927947925,0.002548145873894308,-0.002051767132840396,0.0014689187727623264,500
3,shock_lag9,-0.0010402515781587557,0.0016243050573606884,0.0016773711548177968,-0.004518434267696225,0.0020476733325359426,-0.0038668592877980287,0.0017240821463548413,-0.0027651861326660077,0.0006269120998462907,500
3,shock_lag10,0.0003675531184552528,0.0014832502084528485,0.001474477109530709,-0.0024997255442068943,0.003137570453239324,-0.002112881516610755,0.0028212707152596864,-0.0011865250223686724,0.001745840061296385,500
3,shock_lag11,0.00047855869405767805,0.0015394921322209223,0.0016025246434718788,-0.002504875882179877,0.0036262258809486043,-0.001987050882429413,0.0032009891190328777,-0.0010263823139137805,0.002092960788471691,500
3,shock_lag12,-0.0030022029968394823,0.0016347511880420872,0.0018486026169945787,-0.006574263387827441,0.0006103383259921978,-0.0060561411729672145,7.329130930970044e-5,-0.0047342602036773065,-0.0011094184145292736,500
3,log_oil_lag1,-0.0020557079891470194,0.0028005568472942374,0.002848481708186544,-0.007519904778641821,0.003611479068211283,-0.006555278237444105,0.003050039325640123,-0.0046594711714993825,0.0009868536137941646,500
3,ffr_lag1,-7.238379190078626e-6,0.0007902211329266164,0.0008122062123911035,-0.0016926755906176596,0.0014517579838455945,-0.0014505892144181184,0.001282773718249331,-0.000808586340923515,0.0007546991637661308,500
3,log_rwage,-0.03722130536349013,0.02354806927575069,0.023457630682030987,-0.08087646480524124,0.00921089274845122,-0.07371941741956861,0.0027918730380094166,-0.061281009213535825,-0.012124822836788469,500
3,age_mean,0.0021437829873703716,0.0015744161479418683,0.0015304361493959345,-0.001194010095617249,0.004878075728895005,-0.0006062520786554027,0.004352877014879525,0.00038306472089457593,0.0034729801369078775,500
3,female_share,-0.0513373825769691,0.04715959385473858,0.046932172324541596,-0.13762227087252482,0.04387648714097569,-0.12646795771201788,0.026628211895599153,-0.10223218053671021,-0.0026474862491834257,500
3,married_share,0.02435178184106383,0.04424142475115697,0.043788048918319285,-0.057145040869097635,0.11080356208654737,-0.04800395894278219,0.09474244482710169,-0.019070369667178965,0.06727560619128119,500
3,hours_mean,0.0018165788271903584,0.0015770477699114346,0.001740761770339382,-0.0019017248380642474,0.0048021290769097585,-0.001471044598401355,0.004429355422520614,2.0868085430392345e-5,0.0033309847527179756,500
3,unemp_rate,-0.14179605206688842,0.041522589943644696,0.04723714334952944,-0.23805702263023787,-0.05262718089105323,-0.22206135451099265,-0.07107188872509637,-0.19502978315851163,-0.10013429039187582,500
4,intercept,-9.2675123381484e-9,0.0012510046006660315,0.0011856898178685944,-0.00214045172220707,0.00249547747661495,-0.001882727775916958,0.002030330930737981,-0.0011186574095913466,0.001214490987305699,500
4,shock_x_ind1,-0.004113310466627539,0.007054685070797293,0.00695947229245101,-0.017001356248744326,0.010582474074262705,-0.01577219289864346,0.007775994614164074,-0.010698241722512502,0.002694713306511351,500
4,shock_x_ind2,-0.005813529824467379,0.010684849833454822,0.010576110621312905,-0.02633069423601965,0.014339664932620629,-0.02274779753234987,0.011465347858249469,-0.016395288792452552,0.004937846418739917,500
4,shock_x_ind3,-0.005435578327570966,0.004085987512837134,0.004460586749858332,-0.013756382371236,0.003798098006625731,-0.012280079468291327,0.002623628579066483,-0.009553598995164092,-0.00045269319251521714,500
4,shock_x_ind4,-0.002546497816630025,0.004041398195482472,0.004251734731811474,-0.011021899534506009,0.005585271362901882,-0.00963146629694622,0.00480692719323484,-0.006951645010230514,0.0016043970170166028,500
4,shock_x_ind5,0.000804735451200136,0.00417765832959383,0.003960962155450939,-0.006826140925053625,0.008978145920828393,-0.005164341522557391,0.007655757046982495,-0.003165343542818523,0.004705246872126578,500
4,shock_x_ind6,-0.0035197183130389865,0.003592690465853239,0.003631211391829339,-0.009739531893956193,0.004192476624371333,-0.0089491702038159,0.0030191456725660406,-0.007133680782439525,0.00012015132211808317,500
4,shock_x_ind7,0.001633473625220441,0.005704904394234227,0.005521415210345903,-0.009846829235094126,0.011510701167416,-0.008385769425318722,0.01006075304876745,-0.004071056612012687,0.0069584101634388796,500
4,shock_x_ind8,-0.0006698633661036846,0.003721526709154814,0.003934057094499523,-0.008515088475890841,0.007205008521846945,-0.00765572658351152,0.00503876418268037,-0.004818840664178754,0.002952427456392201,500
4,shock_x_ind9,-0.009225396319461551,0.004001064487831779,0.00400544736425244,-0.017075677457319045,-0.0009756750489204195,-0.015832441041621074,-0.003041438913126156,-0.013643125366060483,-0.0053842899016244465,500
4,shock_x_ind10,-0.008762909607365449,0.003893862110122213,0.0037031411330169556,-0.01602748626662101,-0.0015282006742155043,-0.014743330838509407,-0.002395632814418189,-0.012330731509927972,-0.005398552875395305,500
4,shock_x_ind11,0.007254981343676652,0.005659002998354114,0.005401622212862656,-0.0035233133155100223,0.01719427670275705,-0.0019520978994100873,0.015838887855702755,0.0013793080277302494,0.01263460315970931,500
4,shock_x_ind12,0.00500153423978755,0.0035266595590209477,0.0036035102637487645,-0.00257156872991076,0.011918852133184457,-0.0012160219704667567,0.01091173080981629,0.001463777178895103,0.008496608040901583,500
4,shock_x_ind13,-0.005817255806802678,0.0032588387847919853,0.003610386401047519,-0.01296474494024806,0.0007540389369901067,-0.011644810378194457,-0.00014274910396496366,-0.009860526623636961,-0.0024827365902291417,500
4,shock_lag1,0.0016974393013731255,0.0017626173370861537,0.0020453959398655333,-0.002122069567535377,0.005724746749391825,-0.001716833494385178,0.005277077247255363,-0.00021350670789445914,0.0038374433195653315,500
4,shock_lag2,0.0009692927516300713,0.0020106736552419633,0.0020392847921594415,-0.003026228099699398,0.005186905418973722,-0.0019467312323419215,0.004701602804165136,-0.0007028992760880951,0.002914573977996232,500
4,shock_lag3,0.004262718440810032,0.0018413346314484081,0.0018945405322279669,0.0004093352836976129,0.008042284228713663,0.0012187628727888128,0.007299863444089638,0.00224887025401809,0.005922490403422917,500
4,shock_lag4,0.0005758236251993591,0.001748689992579899,0.0018826725340475834,-0.0028297813182126793,0.004526903782991109,-0.0021798830914969915,0.003776769404554198,-0.0011766777282199515,0.002634660508839132,500
4,shock_lag5,-0.0011891973144200997,0.0015045840221962665,0.0015191474859881293,-0.003967748692560884,0.0018630887332474555,-0.003549070560275453,0.0014556984088005174,-0.0027270439995331765,0.0002482876859777327,500
4,shock_lag6,-0.0014033353625575958,0.0018382817002506123,0.0018984756535893807,-0.005114157763448833,0.0022936574114784305,-0.004754622797723931,0.001572823192170699,-0.0032589382541706817,0.00036438007022212757,500
4,shock_lag7,0.00042678738911654685,0.001815860899807184,0.0018430415663057925,-0.003241660822735737,0.003960792753544467,-0.00235127558069944,0.0034059192432893664,-0.0014555481594517796,0.0024217366846315267,500
4,shock_lag8,-0.0028825600099826793,0.0017373365603826326,0.0017277324978006649,-0.006304289498554731,0.0004240774321178729,-0.0058323068063319584,0.00013240433128528293,-0.004459957127198326,-0.0011455812101446236,500
4,shock_lag9,-0.0007993146861745812,0.0015664126928364463,0.0015917903230956746,-0.0037496783760117883,0.0024362118582624357,-0.003240846767362608,0.0018169970305330252,-0.0023661077707030453,0.0008448103339880438,500
4,shock_lag10,0.0010283080784974131,0.0017180493535503905,0.001675379688899832,-0.0023758628692737093,0.00432122687177875,-0.0016402418308342937,0.003796155213102869,-0.0006105892966810054,0.0026254650140052566,500
4,shock_lag11,-0.0008775811911021805,0.0016612354760774533,0.001692230169701333,-0.004001176962570312,0.002517862285771266,-0.003383257857086633,0.001920234185389814,-0.0023992598089128086,0.0008618018756338809,500
4,shock_lag12,-0.0003341629926658411,0.0017123527413108602,0.0018053106935832235,-0.004067425827397532,0.003087082219320159,-0.0034487588080361455,0.0024896493708988,-0.0019657429118855804,0.0014997367183638948,500
4,log_oil_lag1,-0.0019091806033395627,0.003016816152289504,0.003131026824940489,-0.007921826333557523,0.004328143173244629,-0.006923927275077507,0.0031090758091012922,-0.005000835827059208,0.0014853144270958881,500
4,ffr_lag1,0.0002683528213090961,0.0008202018060622934,0.000817238226954739,-0.001309422629701117,0.0018241674561008956,-0.0010226388089850335,0.001517908503169429,-0.0005504644180685951,0.0010768787817122185,500
4,log_rwage,-0.03631520637335587,0.026435204595988134,0.02567780924901011,-0.08231622792898252,0.012432971067090588,-0.0743808347275507,0.007861905324295298,-0.05960300037825234,-0.00882039807728965,500
4,age_mean,0.0013895575560325022,0.0016207006619914325,0.0016470799754254408,-0.0022203147199823525,0.004401611111778373,-0.0013875527529073047,0.0038946556279129047,-0.00041367536677797264,0.002882197350803004,500
4,female_share,-0.1085914878534111,0.047176486714782646,0.045105412052858,-0.1969423397770762,-0.02051634278090117,-0.1859823053198637,-0.036060631324756266,-0.1552561627585523,-0.06847129504274105,500
4,married_share,-0.01268448465156506,0.04509924515968555,0.04227534519558546,-0.09705180704301283,0.06325510342131785,-0.08814855075830486,0.05163312475132347,-0.05982844351909056,0.025270714001937058,500
4,hours_mean,-0.0012978365649660777,0.0017314175825597952,0.001813943021489972,-0.0047241961045846,0.0024281640423862026,-0.004249440622538772,0.001896583374186284,-0.003099473531118651,0.0004123471960000405,500
4,unemp_rate,-0.18508534310549316,0.0436939206779539,0.04736809494343863,-0.27021822764525605,-0.08580921636377718,-0.25729635568119524,-0.10118554635610327,-0.22649419022800546,-0.13441300786735205,500
5,intercept,-4.80437792124349e-9,0.001330641944929786,0.0012890374004079547,-0.00265735136955904,0.0022920230549234935,-0.0021964084451498297,0.0020337067401468697,-0.0012132654612120675,0.0012285502938372745,500
5,shock_x_ind1,-0.011490098599803114,0.006217851223790905,0.006300600115425624,-0.023664285855298894,-5.658732739045292e-5,-0.021980115100499385,-0.0014290236451908037,-0.018256963537730618,-0.005340997430669397,500
5,shock_x_ind2,0.0018382944544402316,0.009629881055651135,0.00983353299831563,-0.018703097083901766,0.019570502696250054,-0.014892579868577975,0.017135956366291647,-0.008937545838340642,0.010881453543348324,500
5,shock_x_ind3,0.0017542490023580812,0.004441657539085955,0.0046579795789697025,-0.007121265956063081,0.011450612149982276,-0.005626301434816586,0.010048546275996321,-0.002703662699945675,0.006684638380713276,500
5,shock_x_ind4,-0.0030955709952800647,0.005753915280968457,0.005467939879118531,-0.013700891524671872,0.007971491509824983,-0.012074770002708351,0.005902766162121856,-0.008460509712146473,0.002051998206502123,500
5,shock_x_ind5,-0.0004430421170331137,0.004417189516584813,0.004544842584602057,-0.009408457810988775,0.009398531934002892,-0.007688988819435829,0.007666867418049006,-0.004497421806805348,0.004270150062051594,500
5,shock_x_ind6,0.0005152857920006237,0.004163533963109186,0.004211641998130063,-0.007835521147533995,0.009074033996365236,-0.006140676372044695,0.007834177755400702,-0.003408546631697721,0.00494913475065403,500
5,shock_x_ind7,-0.005171607017913142,0.005243281472451076,0.005186826819934599,-0.015234956283205363,0.005045198401471437,-0.013778824172085221,0.003369952692879647,-0.010058234777245718,0.0002708242109333358,500
5,shock_x_ind8,-0.0032243294818438675,0.00349449448107188,0.0035481918620651745,-0.010413906286867223,0.0030795670113821774,-0.009099280174507013,0.0020882310120083638,-0.006790655232812791,0.0003182964221992335,500
5,shock_x_ind9,-0.005105005875004859,0.0043267363766405905,0.004452045360946922,-0.014273248165764169,0.003351614414067349,-0.012563162213208776,0.0019632020296238106,-0.009550450756533877,-0.0009364756541241548,500
5,shock_x_ind10,-0.006953500749262125,0.003857479097388905,0.0041027482804133885,-0.015460424322183013,0.000218736156651295,-0.014150755385146284,-0.0009349724765929645,-0.011408886370282614,-0.00294977735178704,500
5,shock_x_ind11,0.005986378739974274,0.005266266862787828,0.005312197837352512,-0.005163404967204818,0.01568339796896437,-0.0036873842450430585,0.014030291549954282,0.00030599209202383207,0.010599087848298498,500
5,shock_x_ind12,0.004693370239838274,0.0032714693346255308,0.0035856129167279732,-0.0025112344446271617,0.01171270086720793,-0.0014020033965645162,0.010425247477030185,0.0010932348883434014,0.008142409223192539,500
5,shock_x_ind13,-0.003352755524226434,0.0036694962755073387,0.003701822347655385,-0.011103460132245568,0.004182156718820438,-0.009542370643232042,0.0024343162357842517,-0.007205870443664983,-6.582531817034695e-5,500
5,shock_lag1,0.0014057820796670782,0.0017740158121149275,0.0018346684346679408,-0.001894278420288822,0.005070720679593278,-0.0014037133968975528,0.004702606296247648,-0.0004419597021897276,0.0032701259330599084,500
5,shock_lag2,0.0017776458474761594,0.0018878793696761726,0.0019290921597069092,-0.0017181077620132801,0.0058474792414623614,-0.0011625650076852274,0.005012376662297265,-0.00032364803455298195,0.0035561780364222395,500
5,shock_lag3,0.0014786483866629343,0.0019381439875092489,0.001914259598281084,-0.002188037860773463,0.005200313554053792,-0.0018415785264240367,0.00452278057318521,-0.0005785542905312321,0.0033160381528814687,500
5,shock_lag4,-0.0006162348892203717,0.0016361474948976104,0.0016914589800789792,-0.004142390373651415,0.002611493886230061,-0.0033295062312473263,0.002287487546209587,-0.0021889356315794454,0.001075025483444737,500
5,shock_lag5,-0.001480896400828419,0.0018572099953365583,0.001836052007413305,-0.005074114003279529,0.001860519350802006,-0.004483803456361019,0.0012779663712747906,-0.003464160375668475,0.0001872242764150546,500
5,shock_lag6,0.0007239031468163164,0.0015905854731027942,0.0016657995093449468,-0.002393207673056899,0.004166806499742526,-0.002030501124259469,0.0033425211283781,-0.0010459801156260163,0.0023009315060724036,500
5,shock_lag7,-0.002559488983076004,0.0016606894708208132,0.001697874178774719,-0.006058857281507431,0.00046167644913317255,-0.0055661394950880915,0.00020592556823737963,-0.004298009325879548,-0.0009439099440568668,500
5,shock_lag8,-0.002816626346738579,0.001586795080066029,0.0015837105566933686,-0.0059758941178537405,5.614341266829596e-6,-0.005548242868217235,-0.0002641097672410714,-0.004361490695236967,-0.0014310581480329108,500
5,shock_lag9,-0.000588238197315293,0.001681721513011911,0.0017679468569253441,-0.00394011090431051,0.003006857520450294,-0.0034965352498467594,0.0022567604151405435,-0.0024692295127803237,0.0010714680184134,500
5,shock_lag10,-0.000613716443546027,0.0016164287344408862,0.0017905694840462919,-0.004008241457118141,0.002791425331060988,-0.0035261047405591734,0.0024134835200961403,-0.0023559357525760206,0.001301108062351562,500
5,shock_lag11,0.0014266806867449956,0.0016133475346590826,0.001842613639134351,-0.0021447051087061485,0.004947239922255285,-0.0015872128272440172,0.0043267882770946205,-0.00031674156786695804,0.0033700652487914156,500
5,shock_lag12,-0.00363390531997957,0.001963724834157783,0.0020060506793473432,-0.007665004554541745,-2.846562535930082e-6,-0.0069724145656574615,-0.0003922568831541167,-0.005665323144312303,-0.0018782096485520795,500
5,log_oil_lag1,0.0001542196909260616,0.003035996385050363,0.0032836067924996,-0.005653362524777142,0.00701932643351353,-0.0047640103489401215,0.005712380014247403,-0.002856922456151104,0.0037807743101858217,500
5,ffr_lag1,-8.864264953840034e-5,0.0008611773604109082,0.0008513790528895909,-0.0017330636840758216,0.0017402105871949108,-0.0014704964901215403,0.0014318531533922757,-0.0008421482118111346,0.0007494572018282914,500
5,log_rwage,-0.03707996401652329,0.023244669887666172,0.021673266241791462,-0.07501160742770902,0.012651965814513048,-0.0686869738655665,0.0005201329095121746,-0.055660489112617575,-0.014559302328820595,500
5,age_mean,0.0008588900175257927,0.0016179298276685183,0.0017132637508443665,-0.002505479745153018,0.004098335570369583,-0.002010724648534813,0.0036623949607389457,-0.000870403466738656,0.002506041222269252,500
5,female_share,-0.033472059114886245,0.04780468231091563,0.0472529103802802,-0.1259544672259611,0.06726947101708733,-0.10517853512223782,0.048116742187886516,-0.07749495618336928,0.013454114952589386,500
5,married_share,0.013955921511547882,0.038972162704638665,0.03615923983161463,-0.05467976188927341,0.08645586603758412,-0.04512572948075154,0.07692561043885571,-0.02025147309500099,0.050659248824358676,500
5,hours_mean,0.00037156436279101816,0.0016146808000379513,0.0017450675545420263,-0.0029663136491322123,0.0035460997851792103,-0.0025070312880782126,0.0032266033758981644,-0.0012557556836181622,0.002235602467664181,500
5,unemp_rate,-0.21750265670262928,0.042518478954032074,0.04352825891704886,-0.2956182610736158,-0.12700952448573682,-0.28205367683637594,-0.14118498371830346,-0.2590428235069423,-0.16724468183580615,500
6,intercept,-7.857236338027296e-9,0.0013779331126244237,0.0012904426111493526,-0.002258141353609196,0.0027197915839813685,-0.0020652055862418737,0.0021624746442396744,-0.0012619034852606936,0.0013754777490809628,500
6,shock_x_ind1,-0.015357079555342138,0.006935121027480866,0.007493634543171971,-0.030597868492261874,-0.00138407249968531,-0.027432408643416895,-0.0036921472409377092,-0.023019536508344773,-0.008193231580205606,500
6,shock_x_ind2,-0.0019942284967726927,0.011452166723658683,0.011928169080755995,-0.024057579427694216,0.020721553060856754,-0.020557215508679352,0.017374756986708505,-0.014173836931575624,0.009717830226322546,500
6,shock_x_ind3,0.005200754423491059,0.003596054024041173,0.0038445637066454163,-0.0019083366643037592,0.012557059032801007,-0.0006564713043351138,0.011710258890767534,0.0015661811462914297,0.009208397274881819,500
6,shock_x_ind4,0.0009984099142687005,0.003933163716027268,0.004271739054494729,-0.006625401537760239,0.0094471060396919,-0.005546821294152008,0.007969668834740148,-0.0032977177341978197,0.005414993596035314,500
6,shock_x_ind5,-0.0007206225290839579,0.00457331039339136,0.004286360561788402,-0.009091500276753055,0.007459433560176484,-0.008022034745605778,0.0063834836974650516,-0.005087021876916906,0.0034576860301311946,500
6,shock_x_ind6,-0.0017339354160392734,0.003789652301140822,0.0038157817778411507,-0.009257195444702465,0.006321171191307854,-0.00790095673508909,0.004529014333416239,-0.005568447521379016,0.001986102832080643,500
6,shock_x_ind7,0.0023364969687212677,0.005569405503625618,0.005742160141722036,-0.008637583584444823,0.013618020745387885,-0.007604902754593037,0.011398070456997858,-0.0032557193990186816,0.008339887084286873,500
6,shock_x_ind8,-0.0038451389768184604,0.0032651815759739515,0.0034479602836985455,-0.01059161396314473,0.002663172535689114,-0.00970829687715434,0.0019348047570797414,-0.007477132054514417,-0.0004478861879046444,500
6,shock_x_ind9,-0.0049453878735826184,0.004015192752035302,0.0043080622185473864,-0.013370187142485725,0.0029767899940334615,-0.012341523945391045,0.0017819162879883872,-0.0094463128490888,-0.0010472769876953406,500
6,shock_x_ind10,-0.005831758429412419,0.004498786660596705,0.004538118550484842,-0.014825495059631856,0.0028960884493699013,-0.012916555918357083,0.0018212621408744169,-0.010527692890324564,-0.0014909624563475392,500
6,shock_x_ind11,0.007635711141285229,0.005781059728162997,0.005905685126999632,-0.0033209454745907973,0.020272203855609232,-0.0014102993074277864,0.017911243475860587,0.0019017259082978067,0.013525281857640892,500
6,shock_x_ind12,-0.0002922819423419955,0.003613599057173696,0.0038134394157748963,-0.007750927539138086,0.007128671500770565,-0.0068874397950104025,0.005899270146298654,-0.004121899140112487,0.0032861839777231744,500
6,shock_x_ind13,-0.004405151719658112,0.003357435292198515,0.0035938233033233043,-0.011208922607177197,0.0030840925305519254,-0.010085253373326844,0.001947125495877367,-0.007837093307348691,-0.000777766889996278,500
6,shock_lag1,0.002230697257707009,0.0017442152521567748,0.0019557999886392246,-0.0018210862308406855,0.00607198097381253,-0.0010092566722760073,0.005447028390998484,0.0004158194962369806,0.00408795744119282,500
6,shock_lag2,-0.0011668166385094274,0.0017653182315498543,0.0018186504381307019,-0.004676251746246017,0.0023942192588652647,-0.004197810402096339,0.0016777886899815748,-0.002988800275514992,0.000736474528128166,500
6,shock_lag3,0.00029426173888797075,0.001892459088663634,0.001999901919527233,-0.00356620454751232,0.004216074229210895,-0.0031419862845293808,0.0036003090043958135,-0.0017595035078007556,0.0021645083588738845,500
6,shock_lag4,-0.0006792080189452606,0.0018299892048333727,0.0017493707440254485,-0.004173724258616406,0.0025159455815858232,-0.003742929484154713,0.001985819956178506,-0.0026683941738266325,0.0008985281065330014,500
6,shock_lag5,0.0011132314640410522,0.001949210689372246,0.001948149097827339,-0.0029163131828563774,0.004653430584897015,-0.002095423462963427,0.004059086224102303,-0.0009066232264871325,0.003096135540077255,500
6,shock_lag6,-0.0024207656184586034,0.0016504153037625602,0.0017617078513158303,-0.005754724746443844,0.001189258513707036,-0.0052147211980462125,0.00032901982610666154,-0.00412551262636213,-0.0007474721787546222,500
6,shock_lag7,-0.002332705847522719,0.001713697699100183,0.0018545980040987828,-0.006089702881419431,0.0012472926113434241,-0.005686894971223738,0.0005616558425149392,-0.004338715634721298,-0.000742562542923515,500
6,shock_lag8,-0.00257332131731329,0.0017561702264961405,0.0017648130602678795,-0.0063678599370455245,0.000405795606433465,-0.005727121567086397,-7.627429279609285e-5,-0.00450919175005006,-0.001101942984056183,500
6,shock_lag9,-0.0019009696562124763,0.0016695029198062772,0.0017601695252617293,-0.005439340836330126,0.0012221795443565575,-0.004741957616019863,0.0007843891303228001,-0.0036936283195705875,-0.00017812541053734002,500
6,shock_lag10,0.0018512375900971365,0.0014862827492450412,0.0016595382647356563,-0.0013261817470525332,0.004890483983958436,-0.000979867008251829,0.0042747976788694115,0.00012743485127025437,0.0033028674905880343,500
6,shock_lag11,-0.0016184102058363267,0.0017131560637974619,0.0018435769195285878,-0.005013398431004376,0.002144085966837954,-0.004323981779440025,0.001456337416031869,-0.0032910829679732145,0.00034951191628805535,500
6,shock_lag12,-3.49113550932663e-5,0.002034744965921462,0.002126740808629073,-0.004468313843716008,0.003321172027005589,-0.003805006323006696,0.0029319152723397556,-0.0024081266484128915,0.0017771922456052613,500
6,log_oil_lag1,0.0014867361137695244,0.0030313778386364897,0.0030976472635793847,-0.004003275855725883,0.007989781073466503,-0.003629881296342382,0.0066087302322041614,-0.0017407266427541166,0.004189394733327711,500
6,ffr_lag1,0.00024965528819747597,0.0009091083098770414,0.0008773418300361572,-0.0013053187782097683,0.001970088580087598,-0.001130141719502946,0.0017051570819793015,-0.0005648731786390821,0.001205588239089788,500
6,log_rwage,-0.029096529071174868,0.025568491159385077,0.023924945138026822,-0.07717155838315876,0.019264541711703137,-0.07018745627395748,0.009708039866963347,-0.051514057057418544,-0.007623067469123196,500
6,age_mean,0.0002947776474142108,0.0014476535298653102,0.0014879733743201932,-0.0025533934886123964,0.003313975122316906,-0.0018668840601873476,0.0027871490006826875,-0.0010949561955498905,0.0018731565939844764,500
6,female_share,-0.05052713263253529,0.046317099876816974,0.049149332324756566,-0.1450850767832344,0.044321016337145955,-0.13027473702679754,0.026449474724633566,-0.09992143832349523,0.001752933502354626,500
6,married_share,0.038949672463532974,0.04359363140956157,0.039734813684096655,-0.035058489912883566,0.10960122335229161,-0.02531710561723933,0.09861310184209056,-0.00538603559209908,0.07693384169698271,500
6,hours_mean,-0.004385875410946458,0.001874024664745655,0.0018654580457172303,-0.008034814255703583,-0.0009279687017772782,-0.00750818820061916,-0.001344011939341183,-0.006299256858280077,-0.0024400695308832597,500
6,unemp_rate,-0.269708623548738,0.04454108462233955,0.047861463440132514,-0.3694681261657914,-0.17599919810454817,-0.34535749463621984,-0.1885953697183737,-0.3124170987215524,-0.21987915711371522,500
7,intercept,-8.254483694503273e-9,0.0014113009668015508,0.001352136142903723,-0.002408858625433211,0.00274967530557504,-0.0020515287644720646,0.002239089624511315,-0.0012471181798746319,0.0013949729200558052,500
7,shock_x_ind1,-0.013425312429378812,0.006659569837538548,0.006895903925842233,-0.02592741079648676,0.0011740808507990424,-0.024503976566324547,-0.0019340050231680353,-0.020303502672922306,-0.0068341227574315955,500
7,shock_x_ind2,0.013996110498565311,0.0111687349298723,0.00989102942075171,-0.006199249946964882,0.032355365485163476,-0.0033595458003186454,0.02957480715486234,0.003940440324236438,0.02318530116601276,500
7,shock_x_ind3,0.0013075179222917003,0.0037468417202756307,0.004274662380167359,-0.007091315646606281,0.009685854214691154,-0.005569859436684768,0.008341773769387658,-0.0029796347547218077,0.005489923811574963,500
7,shock_x_ind4,-0.003981393323746737,0.004311602354183528,0.004434394123344222,-0.01154889511780707,0.005894686532320918,-0.010371802114770304,0.003725034479048526,-0.008267064726247846,0.0003420853471902668,500
7,shock_x_ind5,0.00022629463472059492,0.004007619884428938,0.004185720203792572,-0.007872832506736732,0.008658407155742676,-0.006373066093560939,0.0071316616279137445,-0.004202496036175002,0.004172829788183083,500
7,shock_x_ind6,-0.0007370266570437055,0.003999557877053577,0.0038710907599377553,-0.008620388409833608,0.006831771857367825,-0.007204785009229432,0.0053761374619368165,-0.004573884992155848,0.0028143603588420244,500
7,shock_x_ind7,-0.0013304011284658213,0.005162628684697341,0.005719448205994742,-0.011615391097177706,0.010476241610938464,-0.010260834490661475,0.008199828592563371,-0.006853601716368888,0.00456680955515364,500
7,shock_x_ind8,0.00022613179021579476,0.004082112224919254,0.0039048167805701053,-0.0077546253476573615,0.007593014600055355,-0.006688393423935465,0.006435215461449581,-0.0038553482293199343,0.003901818349537365,500
7,shock_x_ind9,-0.006079735840531692,0.0036024436682535175,0.003604347044522945,-0.013316439477376457,0.0004485046857440605,-0.012088743519896805,-0.00033757056425899514,-0.009334778926657426,-0.0024600148791635444,500
7,shock_x_ind10,-0.0036786496736259237,0.0036260512366224754,0.0036376059844262557,-0.010539396418781932,0.003725257372915211,-0.00973858149580447,0.002421184078687431,-0.007056946852970434,6.0466965853631496e-5,500
7,shock_x_ind11,0.010894338280014432,0.005113572675606018,0.005207335437256111,0.00015524252831366624,0.02013914218008262,0.0018874540194348827,0.0188155536780193,0.005470838249269658,0.015526277018957297,500
7,shock_x_ind12,-0.001452885075547444,0.003429770380222677,0.0036402998433543534,-0.00878616799594233,0.005514189819695024,-0.0075633165561529575,0.004198123078664219,-0.004858274939892728,0.0022418331583475577,500
7,shock_x_ind13,-0.004898799315113586,0.004102639245749036,0.004348990790248761,-0.013783062134491524,0.0036762466402537517,-0.012092705752324052,0.0026294363425400378,-0.008525702133216882,-5.1461549480093554e-5,500
7,shock_lag1,-0.00012157962854824084,0.001814660399674133,0.001816028141691005,-0.0035770819726682673,0.003541392650986322,-0.0029536464243109426,0.0030128380727485744,-0.0017875825905501455,0.001770557901430651,500
7,shock_lag2,-0.001533994564685243,0.0017524007219923887,0.0016527055196317107,-0.004664098619705187,0.0017646549997950597,-0.0043744762371759486,0.0012830184212322198,-0.002932117990959127,0.0002463683509092073,500
7,shock_lag3,0.000513220803744644,0.0017356374877342156,0.0018342629118676954,-0.003387458313208355,0.004055363098015844,-0.0025950728683742956,0.003385377708760258,-0.0013340803477365115,0.002276933421070006,500
7,shock_lag4,0.002087005697872637,0.0019110415291794614,0.0018435288140687767,-0.0014466567623795416,0.0058306563928653575,-0.0007854467657263887,0.005503863127812635,0.0004824085065626496,0.003973957866005689,500
7,shock_lag5,-0.0018242673483248597,0.0014715856174059184,0.0014898627540181105,-0.005075958730678333,0.0010526763930458296,-0.004573886800671931,0.0004469392281816332,-0.0033858064180978488,-0.000640276307714928,500
7,shock_lag6,-0.001866726681559281,0.0017485282966764823,0.0018141983051202476,-0.0056536317761582446,0.0016080673322765916,-0.004919578825743463,0.0009439355169780613,-0.0035862071147661316,4.431565345390876e-5,500
7,shock_lag7,-0.0018683737362009975,0.001902906034997606,0.00200076135162925,-0.005839132323770626,0.001824232324878616,-0.005246536568989079,0.0013485391681144396,-0.00384875675181202,7.914184085684812e-6,500
7,shock_lag8,-0.0037129347583816264,0.0017270746190049683,0.0017734535614515323,-0.007294646976044017,-0.0002903226463217759,-0.0065205179180232095,-0.0008406082343923891,-0.00546904463857261,-0.0019245337480223868,500
7,shock_lag9,0.000660459293192227,0.001737040707430772,0.0018812010748178376,-0.003010213888509067,0.004578104307161166,-0.0021439688854151045,0.0037121019994317325,-0.0010587685256099521,0.0023854091280753756,500
7,shock_lag10,-0.001111940644234384,0.0015600662559099583,0.0017082916015113217,-0.004752301912884614,0.002086344222961144,-0.003966157293891231,0.0015473098949738435,-0.002805732826205145,0.0005300034839797441,500
7,shock_lag11,0.001953004579616461,0.001695204936569107,0.0017863299248169042,-0.0013969059391356568,0.00554516392851738,-0.0009106662664053566,0.004926777592195552,0.0001132972209894509,0.003816628589151035,500
7,shock_lag12,-0.002290338025884488,0.001878673563172855,0.0018835293219788022,-0.00595185302771392,0.0015286550442629781,-0.005419855111581496,0.0008795858160761755,-0.004028945328626513,-0.0004963755843956664,500
7,log_oil_lag1,-9.682077976915788e-5,0.0032749249119785025,0.0032793961849367365,-0.006411952901087806,0.006968524977575509,-0.005463717960037275,0.00534434139344056,-0.0029946282187107783,0.0032111146380895215,500
7,ffr_lag1,0.0007810079834171683,0.0009689185573707632,0.0009287034135573458,-0.0008223867967629965,0.0029010492538568636,-0.0005713520818873643,0.0025581188836100686,3.739596179962945e-6,0.0017364373194692377,500
7,log_rwage,-0.03757474187845478,0.025722576310751494,0.024164855351147468,-0.08399381341343243,0.009333717493962168,-0.07837560670469432,0.003463753503287131,-0.06016563656855403,-0.01307535361507128,500
7,age_mean,0.002319382307814109,0.0015528528679375933,0.0016072787727030612,-0.0005937170462181502,0.00546813589910029,-0.0002791629483362041,0.005109812793093256,0.0007549912556988818,0.0039511997014970894,500
7,female_share,-0.045537615605911366,0.040349619880110967,0.038971139841839475,-0.12298314151985439,0.02456827323031303,-0.11215921455832013,0.01740181140586887,-0.0856799137334353,-0.008361755591328677,500
7,married_share,0.030345876686531995,0.03876427852706749,0.035724338316867624,-0.04541770790029406,0.09650816783159763,-0.0267570780161729,0.08692808044596424,-0.004756220823954719,0.06397056567223951,500
7,hours_mean,-0.0010075426589974026,0.0015502494292973506,0.0017071231107169415,-0.004467000576763299,0.002372193781465003,-0.003812451128737318,0.0018698661791771622,-0.002656417055236694,0.0006525315208971429,500
7,unemp_rate,-0.25734665490627706,0.04030617770218204,0.039015552355072244,-0.3270138048957691,-0.17416956182604615,-0.31297561780542477,-0.190458586564074,-0.29403811041407674,-0.21749085818337882,500
8,intercept,-5.9863110617109895e-9,0.0014483832319786983,0.0013306205994738371,-0.0024959926069979214,0.0026275063487906348,-0.002205230431653623,0.0022436081158898682,-0.0012637240254874803,0.0013572137483617137,500
8,shock_x_ind1,-0.012954419932849593,0.006718338418923214,0.006764420955033996,-0.02630074804318809,-0.00011115120282667301,-0.024016399821558482,-0.0022811387859391573,-0.01987809523077393,-0.006234315620550622,500
8,shock_x_ind2,0.003004455410881476,0.011816835938259702,0.011967293013490837,-0.02120005465277055,0.025799973768467977,-0.018017491109902,0.022587999373215355,-0.009581499154255865,0.013687426444466595,500
8,shock_x_ind3,0.0035463672954542903,0.003836280413010879,0.003726768563927275,-0.0036375860680155905,0.010775708396176538,-0.0024984128877729808,0.009446944748396146,-0.0007074209733127623,0.007012473654131603,500
8,shock_x_ind4,-0.003551568211416149,0.0042843005649948,0.004755674099856377,-0.011973205300328707,0.006757402505542976,-0.010511284593997808,0.0048461982569223344,-0.007973990558380708,0.0020512753006526542,500
8,shock_x_ind5,-0.0004543961691720078,0.0037861120618812466,0.0038396930308865723,-0.007683716889849894,0.007150355125344088,-0.0063212781759741515,0.005960536392902786,-0.004187241703365409,0.003749443940606091,500
8,shock_x_ind6,-0.005734298041150954,0.004058708378173467,0.004095567602449053,-0.013327474179551534,0.002549613848988392,-0.012336122290154359,0.001434014012760693,-0.009558206482147728,-0.0014761303022139314,500
8,shock_x_ind7,-0.005616362382944538,0.005478056145692938,0.005758285425883579,-0.01655055634815112,0.005260378679911457,-0.014660068754353809,0.0035886688506548766,-0.011764910417837476,-0.00017094620715490046,500
8,shock_x_ind8,-0.00806206123174446,0.0035124213304587528,0.0033480751308342725,-0.01459924667610445,-0.0012791093040010865,-0.013317970494602566,-0.0023853559696235724,-0.011399683534605673,-0.004541374544554138,500
8,shock_x_ind9,-0.003651467559188851,0.0038783813986023375,0.003912261940058317,-0.011582917001511105,0.0032587223429914056,-0.010069914272380966,0.002677731531209536,-0.007483120479993166,0.00010638517261488692,500
8,shock_x_ind10,-0.007902229744654368,0.0037534651676799286,0.004158733484157414,-0.016817911179926648,-0.00033477008618511825,-0.015016866980509478,-0.0013060836590282957,-0.012198045564161718,-0.004159481975840962,500
8,shock_x_ind11,0.007411355456066485,0.0050544051027619505,0.0053531359751673,-0.00336778541164761,0.017557697796234267,-0.0014959890320234044,0.015637253216606507,0.0017294653380000627,0.012607717131893098,500
8,shock_x_ind12,-0.005918238579248692,0.003579298753484484,0.0034829778619727162,-0.012492435832731661,0.0013829791876384056,-0.011776738061481688,-0.00021927287875501798,-0.009391744106041256,-0.0025284632581356547,500
8,shock_x_ind13,-0.002151414951062931,0.0037137230918486185,0.003633546340060396,-0.009446863015205873,0.005319819069000767,-0.008186159356741145,0.0038585426857598226,-0.005661507789159073,0.0013485182602077888,500
8,shock_lag1,-0.0008752811109110919,0.001670203289253284,0.0018178919602651546,-0.004484233463835932,0.0028064497113715905,-0.003775616963595605,0.0022134463667686705,-0.0025468230608088403,0.0008590854449299583,500
8,shock_lag2,-0.00192871645662155,0.0018221836490656877,0.0018400864942204483,-0.005516494897755646,0.0014781438890101237,-0.004936179721017121,0.0010324818749807665,-0.0038569185769377545,-0.00019207786364285924,500
8,shock_lag3,0.0030066900248822844,0.001887753167360347,0.0020164129437923416,-0.0012577765970294683,0.0067919142928321765,-0.0003754969950603758,0.006324327004372053,0.0010686349770836667,0.004877820447492267,500
8,shock_lag4,-0.0012396874900265078,0.0015325160458303784,0.0016185767134129089,-0.004613792477609081,0.0018010287314513772,-0.003972076975741097,0.001377239677659888,-0.002795546527697943,0.00031275205963178054,500
8,shock_lag5,-0.0015118707075890557,0.001941742913355716,0.0019492561945169472,-0.005065453060110728,0.00228813206079529,-0.004617248501000004,0.001768716212021129,-0.0035834269347425484,0.0005585072668047922,500
8,shock_lag6,-0.0016467718679414223,0.0018323930712849346,0.0017639060413450697,-0.005179942484182612,0.0013110586977089272,-0.0047383063205193275,0.000962669842269609,-0.003588364315145633,4.241005263040856e-5,500
8,shock_lag7,-0.0033319239806963146,0.0016267596004217834,0.0017190094281583513,-0.00685272684964878,-8.48674778469265e-5,-0.006275657113573599,-0.0006229240987758961,-0.005114724953903702,-0.0018056201756056205,500
8,shock_lag8,-0.0013515337530488024,0.0016743500644489763,0.001791316432078137,-0.004858604199478368,0.002023190309569428,-0.0043439419514964515,0.0015045002734413063,-0.0032994155036873843,0.000349179419152184,500
8,shock_lag9,-0.0024748768932856616,0.0018681530910753294,0.0019184237066653348,-0.006468237312805981,0.000994694037986843,-0.005637028411761392,0.000441777366369897,-0.004496170779753586,-0.0007245083183582231,500
8,shock_lag10,0.002381489305721379,0.0017719550566172243,0.0017810074757391556,-0.0010671250845349582,0.005741793304380937,-0.0006863877754771212,0.0052649278958238465,0.0007042733017162052,0.004085693793988957,500
8,shock_lag11,-0.0006034009392035165,0.0016374899991990642,0.0017321927806179527,-0.0038707105350718274,0.002745408332231425,-0.0033085326919235236,0.002200432109749715,-0.0020666320202956307,0.0013522678589035914,500
8,shock_lag12,-0.0028483906353928058,0.0020159535972083956,0.002146929460767619,-0.0073590711398378115,0.001303276915426569,-0.006767773815545186,0.00038558827052651847,-0.005104574138967879,-0.0009958373022370627,500
8,log_oil_lag1,0.000473376399860068,0.003288656085277595,0.0032449077866761856,-0.005494723912024576,0.006966866590780839,-0.004441060398222414,0.005522693390025121,-0.0025369970258625504,0.0035886233362934705,500
8,ffr_lag1,0.0009678730841104552,0.0009652811302157295,0.000883099732889311,-0.0006626213889378399,0.0028267661341864836,-0.00040010517817293256,0.002522257616628748,0.00013185082750679576,0.0018796631180281824,500
8,log_rwage,-0.03365602182562955,0.02172400650981324,0.02195064181239513,-0.07430729031348807,0.015764527835041963,-0.06725613982479586,0.007881348150339976,-0.05209658827586875,-0.010402106508766103,500
8,age_mean,0.0016648981702580513,0.001545238626885551,0.0015851227385872107,-0.0014166643527650043,0.004604911340993088,-0.0009860977282322304,0.00424696579456196,-8.685835823389402e-5,0.00324835744743001,500
8,female_share,-0.11105210186066378,0.05001477603422964,0.051309481517458,-0.2116271683065788,-0.01314755989615746,-0.19305351034912613,-0.028957985998415984,-0.164171932307007,-0.06119480413044502,500
8,married_share,0.039801651788043964,0.04040314691922939,0.03841526926494958,-0.031306764828185764,0.11247751571761735,-0.020865054565089247,0.10323124297287083,0.0008951627688824912,0.07805212989179988,500
8,hours_mean,-0.0019963403697112188,0.0017262802187098815,0.0018599605536322589,-0.005313549615915377,0.0016537367972507804,-0.004861571972539679,0.001174923602249062,-0.0038192469797943425,-5.687373728248121e-5,500
8,unemp_rate,-0.2590584514684158,0.04138116189091968,0.04387240864988943,-0.33971466142355156,-0.1743409021991381,-0.3308160015215158,-0.19031212108111503,-0.30148088366598896,-0.21418378769966043,500
9,intercept,-6.277975939560375e-9,0.0014855308082632602,0.0013765509250731316,-0.002630816536513777,0.0028002020892818336,-0.0020543556216971693,0.002408903951830182,-0.0011995739927594413,0.0016169840629231872,500
9,shock_x_ind1,-0.010083926701189478,0.007542165816475318,0.00746324612799596,-0.02366265968182869,0.00485172555744436,-0.02211216517597168,0.0026928761357621644,-0.017677993483049183,-0.0027389729301509147,500
9,shock_x_ind2,-0.005223387569052053,0.010349683809812642,0.01064617292416698,-0.02431349061721942,0.015272125865475702,-0.022943065078655733,0.0120178503716541,-0.016363678683755836,0.004881636422914622,500
9,shock_x_ind3,-0.002728718309781553,0.003974440911937689,0.004200031169566485,-0.010534015860913088,0.005516483071808966,-0.009123680089972117,0.004625312132440218,-0.006332272415569196,0.0017012226137182187,500
9,shock_x_ind4,-0.0065639567119529976,0.00483137358911064,0.004731292357409692,-0.0157013527749119,0.00270596459211051,-0.01373833088930088,0.0012553376643602368,-0.010879341021843444,-0.0017825630915260144,500
9,shock_x_ind5,0.00066616727679744,0.0038085443375877556,0.0038850634265174613,-0.007398200210531926,0.008323509255111505,-0.005869585168868105,0.007181145883547093,-0.0032484101918366414,0.004469563049094785,500
9,shock_x_ind6,-0.0019998009352882357,0.0036343238020882006,0.003888782656406207,-0.009362845569131986,0.0054016525392845995,-0.0085059176684209,0.004285307981287054,-0.005794489246456837,0.0020197243580891795,500
9,shock_x_ind7,0.002522711864473575,0.005810383220457414,0.006156257459120767,-0.008634052810999042,0.014870270319554759,-0.007069200257945148,0.012810909908734,-0.0030659421534212665,0.00904309207627946,500
9,shock_x_ind8,-0.007907122259915602,0.0030592977371593725,0.0033078288179266254,-0.01477205875841236,-0.002342530103924006,-0.013567781912911405,-0.0029549355118945516,-0.011365347050981016,-0.004768874840049791,500
9,shock_x_ind9,-0.007756967466412551,0.004047761442515034,0.004078247983037685,-0.01628852318247589,-0.00028986543903494646,-0.015270744624341163,-0.0012727058473384193,-0.012022201316123944,-0.00397663600337877,500
9,shock_x_ind10,-0.011853837958435708,0.005408975566431052,0.00554164413956946,-0.023421802309248743,-0.0015051206413651133,-0.022021153893520374,-0.0033040902351810604,-0.017893126207260933,-0.006660064232815397,500
9,shock_x_ind11,0.007473683579700135,0.00557222384584157,0.0051774638205222,-0.003165691583746937,0.01730558396841219,-0.0011977696264873646,0.015699080749425214,0.0023647889207686376,0.012594236280708366,500
9,shock_x_ind12,-0.004527013643206509,0.003371898874744069,0.0032904666074217034,-0.010757126750488942,0.0023578577056980023,-0.009778457759461656,0.0008916139316382675,-0.00756269045914602,-0.0011971221085479932,500
9,shock_x_ind13,-0.002425975792014599,0.004413088576329482,0.004385300873975061,-0.010511733773625694,0.006001763511329037,-0.00930244817416622,0.004357037747723317,-0.007129767673109125,0.0021814541437450586,500
9,shock_lag1,-0.0010009997511405695,0.0018122716293253141,0.0018228380877929305,-0.0047948102201847975,0.0021236772185251633,-0.004239539771888693,0.0016448553741608214,-0.002970875532434207,0.0007165183572722846,500
9,shock_lag2,0.0010923038143654542,0.002007612032685523,0.0019708894326324537,-0.002499835519701294,0.005117291925359556,-0.002023377265452004,0.0044872383953560874,-0.0009238553257281048,0.0031765730856914793,500
9,shock_lag3,-0.00010004735493485195,0.0016959601687636687,0.0017547619102905975,-0.003652589833310284,0.0033855900715460087,-0.003093945829005004,0.0028600264335120486,-0.0018565355270805382,0.0015096993580865315,500
9,shock_lag4,-0.0006492554925794318,0.0017377548948048192,0.0018800147915944202,-0.004425636611284045,0.0030333230944752793,-0.0037187841094763825,0.0024774738997914115,-0.0025751104598569045,0.0011822190741152413,500
9,shock_lag5,-0.001244141572718301,0.001996860464129048,0.0019249754759762068,-0.005148319297396627,0.002602917424878485,-0.00458994002216687,0.002157425989330008,-0.0031064785649704725,0.0005523292687468907,500
9,shock_lag6,-0.0029011032470356614,0.0016558320102027886,0.0017476789259316804,-0.006371963931485085,0.00042353321015699584,-0.005917109498140603,2.4871726096204615e-5,-0.004664119194729736,-0.00120286806504457,500
9,shock_lag7,-0.0009934057638133432,0.0017147195838913996,0.0019139340784145487,-0.005089998077936865,0.002457956156600703,-0.004267073797597593,0.0017880278857493092,-0.0030421998175554138,0.0005505517390183345,500
9,shock_lag8,-0.004493652750720855,0.0018881552890401272,0.0020065561670220182,-0.008888928106225439,-0.0006011044310400063,-0.007948457214126388,-0.0013417473813981413,-0.006599405959828035,-0.0026546814654885413,500
9,shock_lag9,0.001009655775114885,0.0017625512206794925,0.0017391395678356442,-0.002422262420257395,0.004019390531054228,-0.0021533885039736,0.0034524802460972337,-0.0009396462934696943,0.002644367048534514,500
9,shock_lag10,-0.0001266749188119494,0.0019401072335994628,0.0019836597071502663,-0.004191713063602525,0.003801640017006909,-0.0033548307459511577,0.0030549375697375373,-0.002311828162489079,0.0017427773851582966,500
9,shock_lag11,-0.0012717439780245007,0.0015875053226261317,0.0017859334860138212,-0.004732417647966889,0.0020342922608205818,-0.004281618931522402,0.0015424163940792603,-0.003293026575040039,0.00032201984886318585,500
9,shock_lag12,-0.0030405016640210583,0.0021774317956338085,0.00218312471510363,-0.0074333449641789465,0.0015171591033903142,-0.006708689160601363,0.0005979384282347946,-0.005244068817824231,-0.0010889191145432846,500
9,log_oil_lag1,-0.00010412097601910013,0.0034172755088404255,0.0033244445717393475,-0.005721720281101466,0.007538777850850839,-0.004858127057137476,0.005879860681691058,-0.00282085331425645,0.0035335537577348922,500
9,ffr_lag1,0.0012392023644965686,0.0010341697964962968,0.0009850626414139626,-0.0005408121082112431,0.0032895464801976654,-0.00020438888184348691,0.0029438487646978625,0.00031084298868480154,0.0023006993941739324,500
9,log_rwage,-0.04715925935662754,0.02608765590223901,0.023422840346776348,-0.09141514036903917,0.002639754275143863,-0.08243335751168901,-0.004280673591713188,-0.06746459935765795,-0.02132468394262502,500
9,age_mean,0.003316468330442653,0.0013032919715191718,0.0013577871303148952,0.0006490646597478054,0.006016962420681716,0.0012230937659515456,0.005544875215414864,0.0019065920106291876,0.004570547445735369,500
9,female_share,-0.04400144908116166,0.0466962433835338,0.045512378934903404,-0.1304948002021829,0.05334618242652488,-0.11759008649775819,0.03195638811588054,-0.08663812661446421,0.002584548679259458,500
9,married_share,0.05777067232519999,0.042868854562207764,0.03932384140534103,-0.022853356389619422,0.12782444933941758,-0.013343616084358455,0.11629030965724457,0.01555092807862543,0.09456001801699518,500
9,hours_mean,0.00023201446560264504,0.0017525981136503699,0.0018636692282606394,-0.003310937057202347,0.0038510508480320903,-0.0027901375044921193,0.0033523618913282646,-0.0014306188253706198,0.0023491479476483055,500
9,unemp_rate,-0.2341685623575867,0.04263059421810202,0.04243798971317605,-0.3164081021854389,-0.14840068282107693,-0.30078807410886144,-0.1629947417726314,-0.27702636047496143,-0.19034548390646486,500
10,intercept,5.091949474260774e-10,0.0015607112702088661,0.0013660734977976158,-0.0025249690429420646,0.0027160240306819084,-0.002181987295754765,0.0022456890151014643,-0.0014510932433277593,0.0012949843290775485,500
10,shock_x_ind1,-0.011693271761008768,0.007260482178296017,0.007601427654895316,-0.026482425336379276,0.0040334358071700835,-0.02396419580257149,0.0014562561579425238,-0.018451293069545724,-0.003315382914663149,500
10,shock_x_ind2,0.002450672615036503,0.011594900556790752,0.011100698753138436,-0.021427160992262204,0.023621448443963033,-0.016245544022668226,0.01974121027880684,-0.008411173523960919,0.013248683887027313,500
10,shock_x_ind3,0.00012007539224756457,0.0035762799975926312,0.004251250483980206,-0.008395951928881203,0.008818543082959738,-0.006894932693533603,0.007494243355683491,-0.0036786839068335044,0.004541399255138108,500
10,shock_x_ind4,-0.010759991188467589,0.00564982957584247,0.00524032607201687,-0.020826751102108163,-0.00039631779952148415,-0.019652619650318292,-0.0024137476417935276,-0.016001919850374094,-0.005095816928047587,500
10,shock_x_ind5,0.0018379739840078087,0.0040948587518154,0.004177801081919702,-0.005705939574500257,0.010582611905350009,-0.004780638339364781,0.008973977103097512,-0.0020103955322316454,0.006133755562863793,500
10,shock_x_ind6,0.0025107409017117973,0.004238378460506102,0.004305654511951655,-0.005142424202678278,0.010951961624872067,-0.003992173289570173,0.009693098951953123,-0.0012737325904152274,0.00756034469018067,500
10,shock_x_ind7,-0.002138054433939287,0.005648346678146997,0.005933685222632029,-0.014365175278314716,0.010310576842998253,-0.011498662005639152,0.007820163383928484,-0.0076883044632606755,0.003406068979655082,500
10,shock_x_ind8,-0.007413737710629865,0.0034004065687712258,0.003290570042184309,-0.014885329096461187,-0.0019427999961394615,-0.013713616886210499,-0.002628639092474017,-0.010642449707969667,-0.004443956533317831,500
10,shock_x_ind9,-0.0055116081500770795,0.004281937146587052,0.004305904403310359,-0.014220087637376866,0.0028206406705227885,-0.013166002172964014,0.001796933467968454,-0.009571401192095118,-0.001235446462223868,500
10,shock_x_ind10,-0.013410278448509061,0.004413351598679304,0.0043676417903683665,-0.02295905022188538,-0.0054196228596256595,-0.02104485337302989,-0.007065468225585285,-0.017869002516710253,-0.009476709303070421,500
10,shock_x_ind11,0.00014931298850552269,0.004611684244594418,0.0048797572370487775,-0.00869102563864222,0.01062018512870884,-0.0073518859271947574,0.008840340387897758,-0.004618051545485281,0.004975579732181131,500
10,shock_x_ind12,-0.0024206899663747833,0.0026344862707976427,0.002690867813311034,-0.007516746337161,0.0029610466215138223,-0.0068066359241288855,0.002176379147456937,-0.004683641384921628,0.00012665608077873266,500
10,shock_x_ind13,-0.007817114152208648,0.0037117030151165723,0.0037240526671674574,-0.015241464734249257,-0.000993849242143204,-0.013981618176359255,-0.001815787579230445,-0.011122610197906896,-0.004060862844996856,500
10,shock_lag1,0.0016885222226952882,0.0018524168488436292,0.001848873363996545,-0.002124160274543423,0.005018912120446073,-0.0015925586909558305,0.004348924950946236,-0.00026905625979245805,0.0033602518548594023,500
10,shock_lag2,-0.00222998223153355,0.0017918541401465821,0.0017804251853949296,-0.005570447224903577,0.0012787143326234633,-0.0050800874475373375,0.0009083663106338905,-0.0038459771799992173,-0.00036103560331024394,500
10,shock_lag3,0.00020380566800802668,0.0019554895600406514,0.0020275441081771014,-0.003840885261894427,0.004087181874402601,-0.0030981963288226814,0.003270486694852672,-0.001799846871548008,0.0022613227193923092,500
10,shock_lag4,-0.0005673363878304202,0.0020235437884086743,0.002018977470002008,-0.0044763019347676,0.0031733071903785525,-0.003809842632508975,0.002648100741319798,-0.00255677044803023,0.0014771689120993067,500
10,shock_lag5,-0.0026140481857716406,0.0019107266637505439,0.001925933763381759,-0.0064807660106827565,0.0011903008470521307,-0.005757996575369888,0.0007294663588115086,-0.004344457378690858,-0.0006313274955893983,500
10,shock_lag6,-0.0006802549811860533,0.001655003456228281,0.0018354036868503797,-0.003842944552377343,0.0029157547946772064,-0.0033833282202310614,0.002493064098065751,-0.00243488748359385,0.0011147325724724525,500
10,shock_lag7,-0.003961945436371715,0.0018233553325465003,0.001979678213983396,-0.00809968659836888,-0.0004327559901831067,-0.007463401319982803,-0.0009406521714055768,-0.005797291474802027,-0.0018955995894853327,500
10,shock_lag8,-0.0010034220009357687,0.0019211368348362981,0.0019650740283905974,-0.00528866387544758,0.002598116353928017,-0.00436747615557807,0.002019332003746669,-0.0030276556596062106,0.0007390399266165357,500
10,shock_lag9,-0.0013145846838176565,0.0019678538016993947,0.0019750505656039533,-0.005314872780803595,0.002441818251063439,-0.004620316700903622,0.001919814685304434,-0.0034787895906766156,0.0004547945303119849,500
10,shock_lag10,-0.0007264041806867798,0.001919959127546894,0.0019759971665186567,-0.00472672761866446,0.0030061963536829744,-0.003992657780306957,0.002332798342128582,-0.002878603398490745,0.0010009092864123642,500
10,shock_lag11,-0.0015415069309265,0.0019829374453558435,0.0020408027275944777,-0.005195258356786151,0.00282254787324388,-0.0046213579401228055,0.00209257927212042,-0.00343367934450676,0.000531133784955286,500
10,shock_lag12,-0.0015868533982143767,0.0018801907344559944,0.001933558564750095,-0.005578601041245466,0.0022727806825886274,-0.004774239043615733,0.0015250972447735317,-0.0034683212511407344,0.0003002757253573496,500
10,log_oil_lag1,0.0012978384357358599,0.0037708378849262893,0.0032975538180796786,-0.004637328995988668,0.008132774327745342,-0.0035875726502563685,0.007042148102225603,-0.0018655463739218634,0.004433836313583323,500
10,ffr_lag1,0.001410812872484242,0.001083334587697648,0.0009657478202444057,-0.00027013922289089614,0.0035642975055621014,1.5694126504791288e-5,0.0032322252365415633,0.0004981233337593613,0.002432750789120972,500
10,log_rwage,-0.030368771708685828,0.02781170910658018,0.026641668554999654,-0.07904965566959202,0.026238803585556733,-0.07204822659234834,0.017482381323935176,-0.05400646291670297,-0.0032685730004097333,500
10,age_mean,0.00184241762332277,0.0014020521687406306,0.0014975545656055339,-0.0012621301694816164,0.004554186088876857,-0.0007827262457768467,0.004147113097882307,0.00035170101511915446,0.003344492785971413,500
10,female_share,-0.032629307942443515,0.04925175028112668,0.04762579531974001,-0.11922440483102414,0.06465188605136925,-0.10588814888592654,0.04667738927043036,-0.07759428147433986,0.015662057136754223,500
10,married_share,0.03118452074876338,0.04508276171899221,0.042009349147715556,-0.05530582814273671,0.10811300531323134,-0.040845417213100234,0.09365317326646894,-0.013470008402193867,0.07549833207103279,500
10,hours_mean,0.002185226197564278,0.0015783697929879982,0.001643104262114719,-0.0008422849163290837,0.005157644283596131,-0.0003462024157406891,0.004898638154673656,0.000543393015959812,0.003839107468348769,500
10,unemp_rate,-0.20702404268681962,0.048708673324442314,0.051086238803996785,-0.2956705280781505,-0.10121464142350425,-0.2827824811951155,-0.11036952544501905,-0.2480864208436498,-0.1477599443472691,500
11,intercept,-5.213758234609088e-9,0.001611815353754985,0.0014422127594358738,-0.002512043972671886,0.0031236012432597523,-0.0021473152611013726,0.00261452557542546,-0.0011394580350047305,0.0015535183013796693,500
11,shock_x_ind1,-0.022141517635953477,0.006549653777611324,0.00701387659624827,-0.0354691907514752,-0.008728715322002836,-0.0336118095753801,-0.010853870183557292,-0.029381381204019827,-0.014714371941759376,500
11,shock_x_ind2,0.0242392506440886,0.009113228241070795,0.009349202886595487,0.00663441825042334,0.04334127344564614,0.008989606852731832,0.04033774156535461,0.015420501663254031,0.03373127134579825,500
11,shock_x_ind3,0.0028492032476051276,0.0036897585933693966,0.0036729017329361637,-0.004277202163960877,0.009556245414614693,-0.0028309532954399973,0.00879787257813815,-0.000771142704648856,0.006439699235887742,500
11,shock_x_ind4,-0.0009795149035962975,0.004291328451447258,0.004211648904012491,-0.00993293654666743,0.006139868818305786,-0.00808387927328249,0.005246451773194904,-0.005067486844899242,0.0028991713285206255,500
11,shock_x_ind5,-0.0024141155383946536,0.003723790596402681,0.003686466369871579,-0.009390167410768393,0.004794823073615006,-0.008429855952988546,0.0037722676555107947,-0.005848805113574401,0.0015895897195659509,500
11,shock_x_ind6,0.0005731772589477611,0.0034476297572977655,0.0033687526898970683,-0.0052278625215587265,0.007043943728903917,-0.004536981061085367,0.006419132409033713,-0.0025089162288792206,0.004223550037996116,500
11,shock_x_ind7,0.005465500417094672,0.004658772780904242,0.005094249733796036,-0.0032833806436496516,0.01611806238593922,-0.0024937787515740815,0.014364962737178008,0.0006460438727686476,0.011149418593111245,500
11,shock_x_ind8,-0.004469098231859784,0.003764697785104789,0.003821722944031849,-0.012095724967154735,0.0022427874213287466,-0.010997815185326911,0.0010951525957655674,-0.008189726592542105,-0.0007401154071284129,500
11,shock_x_ind9,-0.004587303914988551,0.0036022387270800895,0.0036606399659438616,-0.011478954280547725,0.0023302112830924046,-0.010468315216528966,0.0013079152789225773,-0.008637128958433922,-0.0011146610893710963,500
11,shock_x_ind10,-0.0075154918514049604,0.004059769151142298,0.00417754031110115,-0.015711785293443307,0.0009241269358856518,-0.014507319511609936,-0.0004338661873629999,-0.012027482801359653,-0.003743711506741445,500
11,shock_x_ind11,-0.0006159689414858727,0.004493662082059068,0.004808667308668553,-0.009806617576274048,0.008738818584234923,-0.008989930422009915,0.007035441200055964,-0.005271279152773406,0.004325442562694259,500
11,shock_x_ind12,-0.002143281715892754,0.0023745484417671725,0.002429457369075969,-0.007319493513187695,0.0018823900826305151,-0.006614340135233478,0.001514728194373146,-0.0045746717878520525,8.25322270839234e-5,500
11,shock_x_ind13,-0.00468729031736481,0.0035270585363326615,0.003541042214965859,-0.01174016990194662,0.0016257637072644225,-0.010561641423619237,0.0009290516446432602,-0.008366186879326967,-0.0014317450094021341,500
11,shock_lag1,-0.001439813804012173,0.0016671616516856197,0.0017343752927652294,-0.004810423031866277,0.0020763763631824967,-0.004237846686983577,0.001365429266402808,-0.003061795347045806,0.00017856943775068808,500
11,shock_lag2,-0.0016866890856569734,0.001978443282458317,0.0019383153362163364,-0.005336670855860532,0.0020840726924380485,-0.004686475144555003,0.0017386720907950834,-0.003680438364073871,0.00027896588945140055,500
11,shock_lag3,0.000533202540242898,0.0017799890463555761,0.001698104781975503,-0.0031984931197433404,0.0037196489938659018,-0.0023487997934058106,0.0032001741842147707,-0.0012567905195655562,0.002046414685444442,500
11,shock_lag4,-0.0016972695478864833,0.0016650349540219087,0.001739767789330158,-0.005304028006033757,0.0015691600886723442,-0.004534631849843712,0.001184529019410211,-0.003477963967075304,-6.005017007812585e-5,500
11,shock_lag5,-0.00023136819613967378,0.0016980768457262286,0.001747865990522959,-0.0037693654552403448,0.003059166554360334,-0.0032021909705861416,0.0024494489721483374,-0.0020394906507358924,0.001387809000416334,500
11,shock_lag6,-0.003361808137373107,0.002013401581177477,0.0019689388689830938,-0.0072652567304169885,0.0005989403994547029,-0.00681924355668521,-0.00035475309094201447,-0.005293724361484643,-0.0014550987728186172,500
11,shock_lag7,-0.000380046173371099,0.0017162956662696003,0.0018141474208750905,-0.003985481422418709,0.002867358677495207,-0.0036795767395385796,0.0024697139813733794,-0.002336198474107043,0.0013940740422233428,500
11,shock_lag8,-0.0032538570492962396,0.0019288167585867085,0.002088291771832461,-0.007811751557834317,0.0005055435095245782,-0.00706899955267271,-0.00013894430335698474,-0.0054507311265963605,-0.001333557492542468,500
11,shock_lag9,-0.0019245476697148177,0.0018051380299045805,0.0019595516371645866,-0.006129829806313941,0.001449815868945779,-0.005440457392865985,0.001003636921577732,-0.004062354118215101,-0.0001928353898032458,500
11,shock_lag10,-0.0007524685051174211,0.0017260605773857288,0.0018959787260147993,-0.004335463557039773,0.0029874295993341437,-0.0037910764330359994,0.0024765399502522526,-0.0026182783701946505,0.0012541629917797148,500
11,shock_lag11,0.00022395715883222395,0.00180650058178427,0.0017730967822779514,-0.0029112707567643496,0.0043271572776886185,-0.002240690910288791,0.003611108956727629,-0.0012672775670090597,0.002111831433815257,500
11,shock_lag12,-0.0033132521248662207,0.0017921137025858165,0.0019946864349299964,-0.006850803759628915,0.0008261260423771276,-0.006417777252869523,0.0003063705198261131,-0.005049692883665995,-0.0011287716160876748,500
11,log_oil_lag1,0.0007383836530103529,0.0038640535817244014,0.00375623172318941,-0.0068020569792961744,0.008617830112013038,-0.005342221619239151,0.006846565795113519,-0.002757104902135858,0.00436007982290959,500
11,ffr_lag1,0.002014269727707931,0.0011088729833599268,0.0010224860257618544,0.00021101549687645822,0.004186313266236488,0.0004052166804571112,0.003806783115024525,0.00112083619313038,0.0030676859820260127,500
11,log_rwage,-0.033953347662758294,0.02451626844564826,0.022883963587586233,-0.0734688723460003,0.011123188099955383,-0.06623366182959126,0.007228833758765459,-0.05432994667366767,-0.0065871706314472684,500
11,age_mean,0.00241241727905942,0.0012284453073661834,0.0012051561882929977,0.0001695975950320442,0.004607420056263297,0.0004112496350979682,0.004375211272966013,0.0011940120392453083,0.003633861337437397,500
11,female_share,-0.03586800676203591,0.04740517625897925,0.046694803416185045,-0.12427389467486388,0.0493741160168237,-0.11236248452934113,0.03840715354394564,-0.08345060359566749,0.008456777705730932,500
11,married_share,-0.009266099030253497,0.040293024571435576,0.037796361060270095,-0.08807948706140034,0.05506858142671104,-0.07294052349211733,0.04818387683559397,-0.050405921497403215,0.02703586346534527,500
11,hours_mean,-0.0004963903143360944,0.0016772542531893456,0.0018258988097318279,-0.003959606679910601,0.0029061594310816063,-0.003517711971223737,0.00254212276619699,-0.002388189511579456,0.0013484325244915898,500
11,unemp_rate,-0.2283365897149637,0.04750126993315196,0.04945064262920032,-0.3226631595620785,-0.12673995932791515,-0.3010310676478846,-0.14526041009154894,-0.27185944345581337,-0.17516612454711836,500
12,intercept,5.855672380030405e-9,0.0017277949512566765,0.0014401317194993974,-0.002455974692116894,0.0028294134934265846,-0.002165268454583441,0.002576001567243737,-0.0013487605024787165,0.0015411643192920735,500
12,shock_x_ind1,-0.015558009160164882,0.007988954619790085,0.007926162888953685,-0.03117482707032611,-0.0004953647307204436,-0.028591303112616116,-0.0023733944946336557,-0.02308242984874066,-0.007840519256055023,500
12,shock_x_ind2,-0.0004154380101129687,0.01101123698920828,0.011049190982170132,-0.021114874505056145,0.020179923682605523,-0.018574037784217037,0.016896616477466167,-0.011375569269124561,0.011284513876643035,500
12,shock_x_ind3,-0.002232356546674199,0.004391220454237398,0.004424357572379003,-0.011128683940178002,0.0060393904455596885,-0.009356002403453224,0.005176954236985655,-0.006412483405332339,0.002058499376367574,500
12,shock_x_ind4,-0.0022720930366372993,0.00512733213804894,0.005083126586629701,-0.012341178748875211,0.006718823912865641,-0.010685879341939255,0.005738817602125862,-0.007439511127571992,0.003001227984570378,500
12,shock_x_ind5,-0.007535552573363821,0.00462463311045482,0.00480088460655424,-0.016551568378049122,0.0011685951617097365,-0.015469655116289673,0.0002990317971465589,-0.012584719578795466,-0.0023341159038339386,500
12,shock_x_ind6,0.0008331090872737054,0.004044531199200676,0.004125012735676389,-0.007410433069507167,0.009186629690444991,-0.005503132895982029,0.007807368336978276,-0.0029700928099006705,0.004988546385956296,500
12,shock_x_ind7,-0.004981360525322127,0.006280013673662528,0.006189499056260172,-0.01588563623806301,0.007114037610490349,-0.014271482311219927,0.005987247291467974,-0.011324051219738823,0.0012870012339574047,500
12,shock_x_ind8,-0.007729269284676591,0.00369746530499414,0.0037124467212710376,-0.015561497212042169,-0.00010030090079893411,-0.01420711846691166,-0.0021394383387939786,-0.011543633045179209,-0.00437698715225074,500
12,shock_x_ind9,-0.0033709630716772013,0.0039573957235776325,0.003908668365925634,-0.011616131976242334,0.0029221038852888705,-0.01047376996247244,0.002248252081465088,-0.007484661382124025,0.000290320197048446,500
12,shock_x_ind10,-0.007239583152718417,0.005004421132166541,0.005149382065328163,-0.01762435033217171,0.0021028226087447498,-0.015625563636779694,0.0007681555555814942,-0.012463168404007267,-0.002002703845804449,500
12,shock_x_ind11,-0.0026067193396037427,0.005334190819679589,0.0056400021785734875,-0.014501933328221457,0.007867815047776196,-0.012316555623738545,0.006587105712550623,-0.007533622823508583,0.002598786742573268,500
12,shock_x_ind12,-0.004162170965696331,0.002665750707912785,0.002633477729595257,-0.009578734824939837,0.0008531943405665531,-0.008631451166031678,-0.00010135306394479377,-0.006681159420975633,-0.0015142586280248384,500
12,shock_x_ind13,-0.00061400619424605,0.0039295706113969524,0.0038082651084064083,-0.008091654730304909,0.006795003063445333,-0.006790095801934314,0.0054546729201071145,-0.004728669343231899,0.002964973316750444,500
12,shock_lag1,-0.0009877080171899698,0.00201771995698099,0.002099098527863596,-0.00474763405078975,0.0033531402891827716,-0.004357007310348042,0.0029023766040739674,-0.0030422897127778256,0.001129291701653221,500
12,shock_lag2,-0.001566318298573901,0.0022080262583933623,0.002150988421539879,-0.005439891344083576,0.002517576737061781,-0.0047479205154444485,0.0018441064820468218,-0.003544376450355117,0.0006601725698631558,500
12,shock_lag3,-0.0006863898464269316,0.002008018757015499,0.002186332803460518,-0.005050173056397088,0.003574735444051757,-0.004275633230307245,0.0028586437111451477,-0.002964193546748843,0.0015249293593760354,500
12,shock_lag4,0.0005914760975575176,0.0017284653096507512,0.0020485119680941585,-0.0037769402757156035,0.004764384701180546,-0.002944448545032138,0.004040671713891765,-0.001343928157813142,0.0026351652099880704,500
12,shock_lag5,-0.0027790097055604094,0.0020339740876998322,0.002072820865588298,-0.0067469665237222705,0.0012990305100746423,-0.006075213482669021,0.0006349903272693116,-0.0049222958373010915,-0.0008314470681542993,500
12,shock_lag6,-0.00035123456950794614,0.0020197381977171665,0.0021648072635347165,-0.004642169503587434,0.003738026568714103,-0.003839734327467802,0.0031146076160538864,-0.0024222824533847533,0.0017768156016220431,500
12,shock_lag7,-0.0028635453367152363,0.002091947333501983,0.0022246488460771455,-0.007739365078760191,0.001148511939373508,-0.006887068279404945,0.00022995060199509478,-0.005283765547596562,-0.0009020613801901867,500
12,shock_lag8,-0.003859764265461345,0.0020502461002295446,0.00205698283635875,-0.008074277409142324,-0.00031779664483049485,-0.00750658017974347,-0.0007451169123014691,-0.006170443546684703,-0.0020477654836581673,500
12,shock_lag9,-0.001669549228861853,0.0022002248013763335,0.00224104835239309,-0.006487917404810901,0.0024202212269795846,-0.005632759638236007,0.0016715016573686015,-0.003906755720152854,0.0002434581786259674,500
12,shock_lag10,0.0007973331350248519,0.0019710450575517843,0.0020554320067285507,-0.003103845136838712,0.0046359789769092755,-0.0026303776831785417,0.004152397598066254,-0.0013331679490596717,0.0028004790253284965,500
12,shock_lag11,-0.0017548341449729235,0.0019795355074124664,0.0019936781980878513,-0.005478463902544115,0.002326690312710461,-0.004746778548165174,0.0015848016220051514,-0.0037315492697683377,0.0004679942636295148,500
12,shock_lag12,-0.0006132064816001124,0.002021570202747247,0.0021132973271123746,-0.00499833621797244,0.003282480224186192,-0.004364905511191437,0.0025816609798250028,-0.002675931554852533,0.0012902859295444928,500
12,log_oil_lag1,0.00023832018949909364,0.004518929983523434,0.004388627276023127,-0.007748392686212611,0.010057705574669368,-0.006497696066094615,0.008134591718118174,-0.003683842278241207,0.004882834780395425,500
12,ffr_lag1,0.0024508985381719757,0.001216625152866851,0.001076138162258031,0.0005453633180352809,0.004763639221835448,0.0008157049193407182,0.004365829464865699,0.0015317104742451786,0.0036416021391203427,500
12,log_rwage,0.0017831026713169469,0.029987568472695042,0.026346324773876183,-0.046500086869201984,0.05741460824250286,-0.03800886547103316,0.051938108425189956,-0.02073500222145551,0.031288180136088264,500
12,age_mean,0.0022464978389502067,0.0016136432515247454,0.0017288573976159513,-0.000872603466033305,0.005711040758406007,-0.0004470950015811305,0.005258477623404486,0.0005442301353572325,0.003934595803477791,500
12,female_share,-0.049885975980273375,0.04701639525332619,0.04783586508725332,-0.14015301492349994,0.036258706598943334,-0.131792897696807,0.02816076253878972,-0.10406189848591284,-0.005446030429997915,500
12,married_share,0.003316595568311747,0.048505817661558814,0.045518178991901456,-0.08722454152427266,0.08962236287220664,-0.07570603836405258,0.07496997572215025,-0.04618846416716243,0.04767757980260184,500
12,hours_mean,0.0037237321814987128,0.001612082310011624,0.0017580432173716993,0.000559896194171144,0.007143575629459069,0.0008721377023654289,0.006679618949169759,0.00204773899944744,0.005680234113218044,500
12,unemp_rate,-0.21842473244446903,0.05490243301478781,0.06208762844311,-0.33229602803612424,-0.0851963608593605,-0.3121232329462421,-0.11025680563019,-0.2720440403903952,-0.14586037999672477,500
13,intercept,-7.808310692567831e-9,0.0017081709333822753,0.0015863395973164142,-0.0029732122653252885,0.0034028024911698434,-0.0023046730585948604,0.0027592101673233733,-0.0014355914082741395,0.001699920703090396,500
13,shock_x_ind1,-0.02303924400615468,0.007007497570424345,0.007039979001510231,-0.03595805472563375,-0.008082786412316703,-0.0344089298316837,-0.010479877534099225,-0.029233802275882376,-0.01638581885774654,500
13,shock_x_ind2,0.0026038530224298745,0.009350930527976907,0.009553438691112522,-0.014674551741790548,0.021788691175185976,-0.01295565201078863,0.01871030765660252,-0.006911422813356824,0.012138399651887238,500
13,shock_x_ind3,-0.0017086633801845833,0.004187691657276972,0.004203395960584721,-0.009880007483081772,0.005914619162811174,-0.008808283426609387,0.00493226585626167,-0.006258734102663098,0.0024522492096797034,500
13,shock_x_ind4,-0.0035229547013440003,0.005440509094434726,0.005278473079713178,-0.013393437002577894,0.007182047682933849,-0.01228557321123042,0.005415545650488726,-0.008790937566948235,0.0017875017904670863,500
13,shock_x_ind5,-0.0008093177275959464,0.004023928825966311,0.0041200016787430105,-0.008501777718352244,0.007317044614383331,-0.007077133192039184,0.005946539060271048,-0.0047241835169124285,0.003643819686433766,500
13,shock_x_ind6,0.005581582208417927,0.0038565755163921488,0.003940346128908468,-0.002073610183516059,0.013435945852979357,-0.0008018058259159813,0.012334599384611854,0.0019147218120377813,0.009482284397800588,500
13,shock_x_ind7,-0.003103812868277584,0.0056944019890552856,0.005899106729510615,-0.014675719946356743,0.007471068905345925,-0.0128807516318098,0.006442459067331075,-0.00900412942985605,0.002451107655941867,500
13,shock_x_ind8,-0.007245831573741024,0.0034604497871714335,0.003621213783554759,-0.014449078188419968,-0.0007628703037432846,-0.013729320440277455,-0.0017165247861209913,-0.011649305978554257,-0.004370655669926058,500
13,shock_x_ind9,-0.007827602926977812,0.004225077648460801,0.00444050732405304,-0.015638816174893534,0.0008409738904733174,-0.014711164955781874,-0.00023486910541119197,-0.012532537265504148,-0.0033879969174652968,500
13,shock_x_ind10,-0.007205844108416661,0.004369285315285848,0.0045225136438409985,-0.016780850847018546,0.0015390646499811864,-0.014578860255808703,0.00010822568862796021,-0.011632139203130994,-0.002831676457180778,500
13,shock_x_ind11,0.0031522580840307023,0.005292047985310189,0.005068134712209656,-0.006931866902678423,0.013989254632629976,-0.005315931136210821,0.011704330418723471,-0.002220022059360993,0.007771463130311922,500
13,shock_x_ind12,0.0006378111466873932,0.003110355589199559,0.00341876243029882,-0.006398135839880048,0.006520553809679816,-0.005002485438720788,0.005333508863082894,-0.0031418181602857536,0.003854281184136398,500
13,shock_x_ind13,-0.003501156720678773,0.0040345202602057265,0.004118355424600728,-0.011866497462205066,0.0038277098840167898,-0.01063304467655843,0.0025158011751038414,-0.008236291261142576,0.00025656736234637195,500
13,shock_lag1,-0.0008205898602252367,0.002071550950053039,0.0020337589372271883,-0.005245279235120318,0.0028223492018850348,-0.004362624447693398,0.0024605443498345015,-0.002855518475176664,0.0011912010296681484,500
13,shock_lag2,-0.0024986572398903307,0.001962777160182348,0.0020233980365292484,-0.006542791658379463,0.0010148673686465486,-0.005819303840702104,0.0005996716807963091,-0.004511851937533437,-0.0005124454260670131,500
13,shock_lag3,0.0015610315631111996,0.0018756021601699197,0.002068997782070074,-0.0023293365486696804,0.005367801702483459,-0.0019020103233521682,0.004830510746120918,-0.0005363159530831972,0.003456207100647151,500
13,shock_lag4,-0.0018870281677082982,0.0019247051031272592,0.002098066898079374,-0.0065461343744542076,0.0018174168012235607,-0.005553161057485257,0.001302618544007985,-0.004155227602622405,3.343352131377594e-5,500
13,shock_lag5,0.0005519014497062069,0.0019444974186441737,0.0020298994551238465,-0.0038143247633698426,0.00425455136510651,-0.00270890428400744,0.0037987650712685657,-0.0016110481854727033,0.0025490970789191023,500
13,shock_lag6,-0.0019501092468461611,0.001990799052793791,0.0021794204940575983,-0.006128989924006011,0.0022053005033736872,-0.005552582278078764,0.0016628439397694556,-0.004025813944570448,0.00023337969368393923,500
13,shock_lag7,-0.00329526022686586,0.002239229641917369,0.002287184987355655,-0.008178024912010029,0.0012265140997319555,-0.007438305712280959,0.00031707416417378777,-0.005585092315785176,-0.001334155649902323,500
13,shock_lag8,-0.0034522579098660755,0.002116860647704315,0.002108194738789408,-0.007612293762910392,0.0008610131020341485,-0.006835661746087872,-0.00017151039724649022,-0.005812852695656981,-0.0016257582172273816,500
13,shock_lag9,-0.00011755197057624353,0.0021176853832695756,0.0020662385222415757,-0.003973062267764106,0.0038959763120035747,-0.0033604970000961723,0.003461642674608649,-0.002165639886960913,0.001873391798647009,500
13,shock_lag10,-0.0006153959398842136,0.0021413633574334755,0.0020944901679318105,-0.004245970690109671,0.0037386838322232283,-0.0038038725545459537,0.0031358303866296324,-0.0026090700246374225,0.0014999167911079001,500
13,shock_lag11,0.001180169731566067,0.002023146452751497,0.0021386168762881352,-0.00307606119020324,0.005351284738755048,-0.002302195828148845,0.004683483165497704,-0.0008882007930042704,0.003332292659508873,500
13,shock_lag12,-0.0025034443610452393,0.002083486649125689,0.002205526254996457,-0.007294574164277549,0.00162464433568562,-0.006404619698209296,0.0008399501147375591,-0.004856872696373466,-0.0005853282666730426,500
13,log_oil_lag1,-6.227986595190639e-5,0.003984319193204405,0.0038687834315097335,-0.006656006392112863,0.008747731830485236,-0.005802477865764009,0.0074455292544587425,-0.0036599492960743877,0.0036189816643101805,500
13,ffr_lag1,0.0019090942169664058,0.0012051148675874847,0.0010765780635592392,4.092041143159798e-5,0.004280471813978499,0.0004168237418317026,0.0038262433411887604,0.00099205972107271,0.003084491679241657,500
13,log_rwage,-0.07042482893195677,0.026719899601928755,0.026018078882884956,-0.1156296043911901,-0.018115753519111995,-0.10972198409625998,-0.024860054519144185,-0.09156684297706907,-0.04239920480799,500
13,age_mean,0.003475895128725259,0.0016209453348739059,0.0016508456923341596,0.00024243735242374532,0.006957616981166974,0.0009325531393969848,0.0063063502819943875,0.0019282676644983142,0.00507555299652361,500
13,female_share,-0.11488390245155138,0.05189280425526706,0.051316862770603856,-0.21270768309067017,-0.01654682842067135,-0.19544635663637133,-0.032044586206726046,-0.16593341041546875,-0.0631029570919693,500
13,married_share,-0.009960226789775092,0.046344933281064274,0.04652169245887318,-0.10231511167006797,0.07807752247025337,-0.08430380785038392,0.06497836869982285,-0.056353157128108906,0.035689112287397635,500
13,hours_mean,0.0003225342077997348,0.0015157317353303805,0.0015751122751607243,-0.0029902884759544484,0.0030947521587731883,-0.0025583737816001354,0.0028105725123975644,-0.0012691497220977481,0.0018567536678917702,500
13,unemp_rate,-0.3017254264821474,0.05121904079786721,0.054826531467992816,-0.38690759416605514,-0.18694315576111384,-0.37981468302958277,-0.2049610427054496,-0.34733080847615666,-0.23775960705022592,500
14,intercept,-1.8112741373590653e-8,0.0017759515765177205,0.001579512947160773,-0.0028648386339146545,0.0035370241361737153,-0.0024950740099968813,0.002736546706179379,-0.0012709498912934956,0.0016504978009874135,500
14,shock_x_ind1,-0.014995121076960542,0.007550173651665758,0.007719800535894806,-0.0295034794910422,-0.00011723401868270581,-0.026690151811701403,-0.0017753643765892227,-0.022022772914314544,-0.0064590297433203304,500
14,shock_x_ind2,0.0010456556564392646,0.009923682441077199,0.010805340790084253,-0.02186241868101691,0.020656600091433032,-0.018498972219304653,0.017317780708309388,-0.009785908438877378,0.010531361192273717,500
14,shock_x_ind3,-0.003518505884266399,0.0037960440309900774,0.004059596249060889,-0.011175235225727033,0.005216472181905775,-0.010047540126125255,0.003519843944752623,-0.006954366248603908,0.00034582949216454656,500
14,shock_x_ind4,-0.0011115614640780443,0.00529002001622126,0.005200645885556872,-0.011152595812784698,0.009439500110719218,-0.009737776709734846,0.0076336920727196845,-0.0062183767528170035,0.004056721272880991,500
14,shock_x_ind5,-0.0017691454197051343,0.00488081562119951,0.004883194703864501,-0.011887800156172555,0.006907645514753523,-0.009883250264543179,0.00597120165186032,-0.006384140979667817,0.0033339965474536814,500
14,shock_x_ind6,0.004046144007242128,0.0042170038808858005,0.004102130294507098,-0.003626839978876094,0.012804606405792063,-0.0025489312959467497,0.01099675781343511,0.0001361494705222199,0.008040635577758217,500
14,shock_x_ind7,0.001495719001176258,0.005886968559473765,0.006117504489093327,-0.010579739975622806,0.013913798872670292,-0.008234700534607713,0.011477072539196252,-0.0043129645176747415,0.007485467084928653,500
14,shock_x_ind8,-0.0059436447056866945,0.003905280318392753,0.003993734371746032,-0.013805149928628857,0.001597957523513733,-0.012719423368036279,0.0007007085922628662,-0.0098820747659363,-0.002065215135902099,500
14,shock_x_ind9,-0.006889453477771329,0.0038715116660221387,0.00431505411053885,-0.015389283368469672,0.0009116208766766625,-0.014056023673295635,-0.0004267510492554607,-0.011659757109470167,-0.00269745750573356,500
14,shock_x_ind10,-0.011004111533936866,0.004985846604408531,0.004759960986673015,-0.02046621920300532,-0.002164623694289842,-0.01904698283987773,-0.004187002206066587,-0.015958221082071466,-0.006788289784885637,500
14,shock_x_ind11,-0.0005935995421113823,0.005170609249206189,0.005853651050908353,-0.012269238760401258,0.010675369413340083,-0.01044289138903308,0.008699966845357694,-0.006386675931891577,0.004997589698683865,500
14,shock_x_ind12,-0.001127323632437239,0.003429998211445137,0.0033490806474922815,-0.007215338310721251,0.0057718791682163095,-0.006144228301382598,0.00476876351096874,-0.004182518818910154,0.002012129250111095,500
14,shock_x_ind13,-0.005145094246992508,0.004200907427267902,0.00428488815034498,-0.014120557079154111,0.0026595451053159644,-0.012498869112817917,0.0015151905483789078,-0.009364684975194689,-0.0007126475026654145,500
14,shock_lag1,-0.001693768839002724,0.0019161587094124336,0.0020376061533733726,-0.005364765229402171,0.0021852675013808065,-0.004972382894994547,0.0015481727130570132,-0.0038016949616299527,0.0004481117572948379,500
14,shock_lag2,-0.0005460834625207674,0.001849328320875395,0.0018593336096116159,-0.004453325915414687,0.0030883086165070946,-0.0035490221517999656,0.002342848134373915,-0.002513617100110257,0.0011332550226213769,500
14,shock_lag3,-0.0011427391595612705,0.0021113959010012626,0.0022329320894120945,-0.00600568500752787,0.0025317440879791195,-0.005281236694142577,0.0020742773266049807,-0.003299931868448059,0.000829725370165439,500
14,shock_lag4,0.0011402309667614765,0.00181213036689316,0.0019363915520833766,-0.0029163715039040626,0.0043671385784844014,-0.0023825164415962386,0.0038044544965241092,-0.0007814178248185864,0.0030548338624043886,500
14,shock_lag5,-0.0012861309871762911,0.0020645000973748377,0.0021332424494103046,-0.005599137019594062,0.0029520291993026544,-0.004895332603952887,0.002012482549385061,-0.0033562425641542083,0.0008922259113960709,500
14,shock_lag6,-0.002678355367358295,0.0021097604966885466,0.0021683582098338244,-0.00695684647914579,0.0013659421533396524,-0.0064138273188121845,0.0008759676603995181,-0.004947569442031192,-0.0008921717653254412,500
14,shock_lag7,-0.0030677853044499504,0.002087881997963364,0.0021128126737580627,-0.007132520832301533,0.0010548061028060683,-0.006664611285281006,0.00017753209035259817,-0.005324044743419405,-0.001103236238661886,500
14,shock_lag8,-0.0021299318495009807,0.002054433777024504,0.0020416677717098987,-0.006136900979659232,0.002030339578229977,-0.005567126761044177,0.0010631724941450565,-0.0042381856047593635,-0.0002034161107574305,500
14,shock_lag9,-0.0017019569738894798,0.0020146820732660545,0.002050772198035841,-0.00598307704168184,0.002100598292482176,-0.005293061083141322,0.0014648962152309106,-0.0036400939131372417,0.0003612743844887218,500
14,shock_lag10,0.0020385015861712867,0.0018108648306785974,0.0018682378930467854,-0.0018028466947432966,0.005422912164967217,-0.0012116847770067651,0.004696154088111178,-1.0873505716884999e-5,0.003648388665372568,500
14,shock_lag11,-0.0006209335745355112,0.0018035390702290054,0.0019146162106884132,-0.00440704938552541,0.0031885426775491717,-0.0036072347721631216,0.002506768219835603,-0.002293232546110953,0.0014350856492459168,500
14,shock_lag12,-0.001173068858210709,0.0019004465740888952,0.002198937751279472,-0.005541100003153138,0.003199318008052454,-0.004970029951552176,0.0024974585609057213,-0.0033106745986526357,0.000916304574382164,500
14,log_oil_lag1,0.00047114009042468905,0.003978436099439742,0.003866567247336389,-0.005793825622262286,0.009065792054604359,-0.005217241111724553,0.007275331717808147,-0.003203584929002635,0.00433709855731967,500
14,ffr_lag1,0.0020860802421569275,0.001188251882339895,0.0011251151986735634,0.00021994841096607912,0.00460735395912139,0.0003815990937280215,0.004230023362281917,0.0010460569781773701,0.0032623842689969073,500
14,log_rwage,-0.08019923980391155,0.02785356325559854,0.025794231450096607,-0.12491954147663882,-0.02661440356504707,-0.12001269917958947,-0.036963756874918936,-0.10082218242153224,-0.05038924072321225,500
14,age_mean,0.0033486361994564564,0.001628166145226699,0.001676807216335532,-0.00011044855213134,0.006448670147515111,0.0005634344991238006,0.006172261824254703,0.001704712682894835,0.0050518111446019,500
14,female_share,-0.08159844073745048,0.04616361142604544,0.04189568889971601,-0.16081964435889573,0.006036334970786863,-0.14627734642230916,-0.0071225331063508495,-0.11649616102600951,-0.03644747826761125,500
14,married_share,-0.03616955744130239,0.04563070456994355,0.0421199076795526,-0.11971738915291241,0.05303209685008531,-0.10118042040841609,0.03081389275004178,-0.07560225778595646,0.00616488244220573,500
14,hours_mean,-0.003429088435214742,0.0015714455511831604,0.0016463172049692087,-0.006706539385083666,-6.962311701898811e-5,-0.006052137757272785,-0.0005074432450015129,-0.004892544841778629,-0.0017011633770582474,500
14,unemp_rate,-0.33161455731014977,0.05222038255245039,0.0561071358097521,-0.43506092349161096,-0.21658222636979882,-0.4109214481852254,-0.232331101906639,-0.38435176400973936,-0.26896966130330485,500
15,intercept,-1.006305094427438e-8,0.0018533254803724975,0.001546908264435966,-0.002732294376255378,0.003364505329816458,-0.0021314685291362137,0.0026383101010845587,-0.0014132930068710883,0.0017134857557756455,500
15,shock_x_ind1,-0.02337616462384252,0.007169588209321899,0.007448770646222248,-0.0370340708475763,-0.008685393287235475,-0.03525097903724475,-0.011718036459306806,-0.031496600423092914,-0.01620308786241021,500
15,shock_x_ind2,-0.02079158863331226,0.009815704302451704,0.010288263022179391,-0.04167916550896138,-0.0019130629205530519,-0.03981685344766832,-0.005846534909326591,-0.03167368903926585,-0.011119218252936023,500
15,shock_x_ind3,-0.0022312152565694557,0.004176700419924602,0.004268701011413005,-0.010084212053950041,0.005950065801228668,-0.009226986372102763,0.005024916527597141,-0.006492986900090788,0.0022430240078576166,500
15,shock_x_ind4,-0.005024608484956762,0.003950358536130154,0.004064612754294881,-0.012744468071808575,0.0023888950571679737,-0.01179132186327019,0.0010401830012712618,-0.009439860826496954,-0.0010562056865233613,500
15,shock_x_ind5,0.0006263611584331112,0.00404437033615434,0.004109797431868403,-0.006597409114440747,0.009102507150998475,-0.005437198404481625,0.007751811557199442,-0.0033231530256269508,0.004909353505446432,500
15,shock_x_ind6,0.00020822194185115913,0.004053174598695565,0.00412234657766556,-0.006999274897648669,0.008575680432473927,-0.0061326035318262015,0.007148741141626984,-0.003880331360778758,0.003990501741184285,500
15,shock_x_ind7,0.006537708418530524,0.005826066269665366,0.005386417762663122,-0.003964938083701906,0.01839391408657031,-0.0019846999589395783,0.015471357518810189,0.0014790758710942075,0.01209904922687446,500
15,shock_x_ind8,-0.0015984322632072363,0.00420002983821711,0.004443956723875605,-0.010324084928789386,0.007393890624281561,-0.009393953448992406,0.005598753805930257,-0.006305476207824958,0.0026114847893749255,500
15,shock_x_ind9,-0.005048008944986553,0.004962365591133154,0.004706302888317702,-0.014567323439985659,0.004078778449776732,-0.013052494540122991,0.0025987422817052973,-0.009628840668810729,-0.00036020653857834106,500
15,shock_x_ind10,-0.010879790004618244,0.00469024028764249,0.0047505941614329195,-0.020328810962387853,-0.0014691729816000312,-0.019052672783470552,-0.0032737753739176052,-0.015889599376441448,-0.006770827116035988,500
15,shock_x_ind11,0.006763363619645747,0.0050129365559227835,0.004897319160506768,-0.0032741704138780667,0.01612436399680279,-0.0014352696995760994,0.014090357957736293,0.0016812942765803327,0.011219869259972832,500
15,shock_x_ind12,0.0013190296311533709,0.0036831041171855945,0.00359168880673657,-0.005991576944864112,0.008149714143000735,-0.0048789865126495175,0.007313571796592734,-0.002299031786929768,0.004806700475420301,500
15,shock_x_ind13,-0.004062338424413874,0.0045101090558630685,0.00445774336095282,-0.012434848514447643,0.004568497724298728,-0.010927195246286108,0.003445883446900742,-0.0081938150309535,0.00032693491968159273,500
15,shock_lag1,0.0005309305237332216,0.001877727056737892,0.0019483492125584834,-0.00340512339963409,0.004532533262404277,-0.0025538429937502606,0.003758731225930393,-0.0012904580765857215,0.00240613218136692,500
15,shock_lag2,-0.0028336684852278966,0.002020944926115612,0.001934198965548926,-0.006946211388134593,0.0008440782911906708,-0.006144671810003602,0.00014887030434750448,-0.004598251500646686,-0.001008672187098343,500
15,shock_lag3,0.00178794500877393,0.0020882889864734144,0.0022287611727320675,-0.0030967064278949515,0.006107110905618095,-0.002100486726809547,0.005375881541432504,-0.00038394959259334486,0.003923982955558809,500
15,shock_lag4,-0.001015081926872963,0.002197033302160243,0.0023058129511647606,-0.0058131937058375875,0.003250204453394802,-0.004860445163998403,0.002693994108227551,-0.003501849683569541,0.0010259658456900117,500
15,shock_lag5,-0.0020156982896667465,0.0021791504656185076,0.002220192757991179,-0.006651565290962744,0.002101838623134151,-0.005963372808428479,0.0013823817812670487,-0.0044798395499114855,6.82480523309635e-5,500
15,shock_lag6,-0.0024246309147368567,0.002251211028099265,0.0023409645775956897,-0.007184350285317487,0.0021160737412498918,-0.006527111211277529,0.0014887852014572307,-0.0047273699099431195,-0.0001517279447680672,500
15,shock_lag7,-0.0017124151559918018,0.002070676671304143,0.002175602735943721,-0.0061272431512174475,0.002297931760215286,-0.005358549792383131,0.0016860454883775005,-0.004003398197911815,0.0004150803358167392,500
15,shock_lag8,-0.0037574074412996647,0.0021430713613183974,0.0022338330045917087,-0.008021632777950198,0.0006988421360618461,-0.007309257182409928,-0.00018083851545519004,-0.005789760977956469,-0.0016419099487104652,500
15,shock_lag9,0.0008736224164785378,0.002190827480222565,0.002146676685017647,-0.003407541952697028,0.004768916494576407,-0.0027602255492281636,0.004171296945700255,-0.00145123841942483,0.002871419912678506,500
15,shock_lag10,3.567846340539271e-5,0.001865603762997925,0.0018568924423158417,-0.0036667204782621313,0.0035327766870374274,-0.0031903433611521707,0.002886069093662503,-0.00195262856097432,0.00172777512260338,500
15,shock_lag11,0.0005657768524579,0.0020248689458421242,0.002119112581839529,-0.003612002409559151,0.004722911842393578,-0.002715008136561227,0.0042819155287398235,-0.0015817262073706492,0.0025364920729129686,500
15,shock_lag12,-0.0025361342612345203,0.001770839811198016,0.0020956222098091905,-0.006582912858097166,0.0009973336481661405,-0.006168575294821554,0.0005579275274112702,-0.004618029470044379,-0.00067123999839928,500
15,log_oil_lag1,-0.00029503985850264097,0.004135805119950479,0.003765984317936406,-0.006636429051781309,0.007560678269723285,-0.005961051870889977,0.006193192601680755,-0.003708538180749844,0.0038350084877057894,500
15,ffr_lag1,0.001875617867406069,0.0012300973273047776,0.00110672971870922,-0.0001923763645572916,0.004023223480197622,0.00017372210327644796,0.003812474911271656,0.0008791284775087713,0.003068577739295665,500
15,log_rwage,-0.08724877497786564,0.028766740746483183,0.0276976809432443,-0.13672557492799275,-0.031108814803660744,-0.13016315247102533,-0.03918055293800768,-0.1118203504897611,-0.05604114526646434,500
15,age_mean,0.003627698691080186,0.0017801947401385701,0.001752844046311487,-5.096692363332814e-7,0.0068783749523015116,0.0005394780829856302,0.006494279491216254,0.0018555762107157019,0.005339643972849125,500
15,female_share,-0.07026211290747476,0.050728407214392084,0.05150047780132275,-0.17583541157357138,0.023088381923642487,-0.16072261301566773,0.00866706704808533,-0.12544493278094754,-0.020037674611175484,500
15,married_share,-0.044887359926819505,0.05006677297955732,0.046006002133614034,-0.13583352877075533,0.038901719987100666,-0.12394439594612415,0.027600622028753293,-0.09410992545505002,-0.0029831157629216214,500
15,hours_mean,0.0006550375379259305,0.0017044872195390638,0.0017454068257355454,-0.0026785293270407285,0.0038025206346837537,-0.0021684202388779607,0.0033752083806182424,-0.0011147340809755971,0.002424076809856822,500
15,unemp_rate,-0.337500117701536,0.04869443712635906,0.049106764175715474,-0.41380375655004487,-0.22518451627079605,-0.40305720132770273,-0.24099647048497497,-0.3738952061480458,-0.2774799197364606,500
16,intercept,-1.3266729432586759e-8,0.0019235537383372205,0.0015926258186416305,-0.002978441101176268,0.003358758389764886,-0.0023678087811813634,0.002806737391727216,-0.0013516482023884946,0.0018027843138047706,500
16,shock_x_ind1,-0.007521321301936807,0.006743949738164324,0.007062980370434604,-0.020373354109337806,0.00789916143574174,-0.018597446821558325,0.004935596640003614,-0.01378672064072361,-0.00020016703245630404,500
16,shock_x_ind2,0.014018978119405633,0.012739217060284282,0.01163204258509921,-0.008081988793315929,0.036632366195025856,-0.005892465182389152,0.032156821465874896,0.0025419720743260093,0.025075540605223892,500
16,shock_x_ind3,-0.0038341090951870735,0.004397939946093388,0.004704664333588215,-0.012951397498435524,0.0059054392604078725,-0.011463152930392182,0.0038080586533412123,-0.008182410164844812,0.0011429547801553963,500
16,shock_x_ind4,-0.006139677130694767,0.004689223059672487,0.004840436264604805,-0.015862220629826666,0.0028395353563537644,-0.014100481647997406,0.0017887384167325478,-0.01042043489532097,-0.0012986694660873264,500
16,shock_x_ind5,-0.006096958291312067,0.004231013121532312,0.0038965402063524477,-0.013795988127107589,0.001670444184167701,-0.012764553712018192,0.0002563518366375687,-0.010010419257041638,-0.002243679572456399,500
16,shock_x_ind6,-0.0006554419391623342,0.003910543120490118,0.0038643496866209892,-0.008440513172887404,0.006693175234510204,-0.007117990502888748,0.005592774730431936,-0.00463503658382146,0.002998928832316953,500
16,shock_x_ind7,-0.006874729891161958,0.005936595136636611,0.0061074953587430285,-0.01781220988462277,0.005977844029837564,-0.016196255155685946,0.004194587407579793,-0.012435494538101725,-0.00036925872290718916,500
16,shock_x_ind8,-0.004583071318426477,0.004929914757083337,0.00516274461112601,-0.014986221211345598,0.004163651326182382,-0.013753234231887033,0.002933698307647844,-0.010492267376785283,3.4331451020560276e-5,500
16,shock_x_ind9,-0.00773534579358457,0.004472827720149047,0.004734747300147569,-0.01770377568373453,0.0008077992657076279,-0.015704045854798968,-0.00027845419100879984,-0.012318999213132967,-0.0028111110702892777,500
16,shock_x_ind10,-0.00946542236500503,0.005301412723259608,0.005335614059583707,-0.02043939861471672,0.00017481637003264317,-0.018170491609053575,-0.0015148618804589908,-0.01515198471735149,-0.004318467511263657,500
16,shock_x_ind11,0.0067508706749111165,0.00648517479991021,0.006343357688165081,-0.006938027083114989,0.018581459314160026,-0.005286648822562892,0.01666366688257861,5.849323691267793e-5,0.012105239926842848,500
16,shock_x_ind12,0.0028495600845353246,0.004117094965437629,0.0043130676159395176,-0.005906145614007598,0.010607893438893283,-0.0041896766284892535,0.009271019549990744,-0.0018557124775037365,0.006862517890570459,500
16,shock_x_ind13,-0.0016639809507509485,0.0037144408942058017,0.0036231473360503544,-0.008560155504573421,0.0052370129898609095,-0.007423376633100335,0.004196942090172411,-0.005250663141886132,0.0018584150442090036,500
16,shock_lag1,-0.001722782313520431,0.0019623834108355095,0.002166819696881357,-0.006129146876507046,0.0021868288096623368,-0.0053311339785550756,0.0016292822056522597,-0.003918788771008093,0.00037616808617058875,500
16,shock_lag2,0.00036510903053522833,0.0019447434010133626,0.0020467803906801894,-0.004430991226175,0.003962178779442879,-0.0032400250587931827,0.003453129538940829,-0.0016928656582163443,0.0021588752238568647,500
16,shock_lag3,5.419030726849108e-5,0.0020055956263287785,0.002226955034210312,-0.004375122537966817,0.004381033225420608,-0.003502300794162838,0.0036415164774820886,-0.002261710835407737,0.0019064263300976481,500
16,shock_lag4,-0.0016070583713354966,0.0022218979554534213,0.002447999595739834,-0.006802611003380097,0.002763107196935485,-0.005755825149993775,0.002020715506684786,-0.004076236880212631,0.0006064489189528966,500
16,shock_lag5,-0.0015383716100265397,0.0021168605934021637,0.002208610915168598,-0.005710189667788176,0.0026055657181629655,-0.005066715067337244,0.0020313582281660243,-0.0039299375639407705,0.000653147565959936,500
16,shock_lag6,-0.000988897315602014,0.0022138646648965504,0.0022812177847515297,-0.005416717670209556,0.003602708247395475,-0.004521122197755962,0.0027572589737419727,-0.0029979752256948013,0.0013383956724948866,500
16,shock_lag7,-0.0029798613168550226,0.0021253620980210466,0.002255354164874734,-0.007628084045061887,0.0009591403431325472,-0.0068081623706970264,0.0004341495984616408,-0.005312212042392847,-0.0007644942465300596,500
16,shock_lag8,-0.0011597976043737376,0.0019795901379540434,0.002019876020965018,-0.004926097625520021,0.0028414123379842714,-0.004477932277840225,0.0022978405312056365,-0.0030331530207901745,0.0010229647652362321,500
16,shock_lag9,-0.0009038799178597214,0.0019476260473652869,0.002018118281525276,-0.0045415304074709565,0.0033640728796818717,-0.003965274662453592,0.0026550099847948284,-0.002712815440792808,0.0012984571269528116,500
16,shock_lag10,0.0015089571200643615,0.0018680919218518601,0.0019674242397541243,-0.0023018418726600005,0.005059204829937893,-0.0016824482855453413,0.004633324702459467,-0.00039288703111720763,0.003543009365277857,500
16,shock_lag11,-0.0008405937865372028,0.0018264176254842756,0.001982199171009597,-0.004607432184805462,0.003206529967094821,-0.004165632683277068,0.0027106080356006806,-0.002612197405777891,0.0013051125739366985,500
16,shock_lag12,-0.0002765110171912595,0.0020111046485201548,0.0020137039380988824,-0.004686433345228667,0.003334274223153938,-0.003642247156926776,0.002706905372447839,-0.0023799176175579966,0.0013581093604920931,500
16,log_oil_lag1,-0.0012064452493898185,0.004223256808299749,0.004010601066854895,-0.008170015443348997,0.0072898131912561455,-0.007209254224721955,0.006145340175784371,-0.004584246142572364,0.0029901137590090305,500
16,ffr_lag1,0.002330457014701613,0.0012518697792256415,0.0010804045706611905,0.0004617615502490916,0.004661115135413376,0.0006811251163840964,0.004196112057733054,0.001277715858737888,0.0034352326991466077,500
16,log_rwage,-0.09567784508871335,0.03019603458923651,0.02675738042773699,-0.14128630041609902,-0.0420660769778539,-0.1356437303501955,-0.0480664133980551,-0.11675071740607694,-0.06294633740101951,500
16,age_mean,0.004574656320711296,0.0016348672900101803,0.001787486250562924,0.000809249443309139,0.007441681561740387,0.001424984554868162,0.007155092467780607,0.002578777851806543,0.006101036054647174,500
16,female_share,-0.06213143690981233,0.049944111997294864,0.04921040971225225,-0.15524150829837896,0.026950975074114248,-0.14298907250887663,0.013809654380940218,-0.11364738705528389,-0.012301135472846855,500
16,married_share,-0.06945595832393793,0.04216590361721579,0.042269469247751386,-0.1474943254554421,0.014440306362090502,-0.1368508992256376,0.004529385511930353,-0.10852784758144175,-0.023952590927102536,500
16,hours_mean,-0.00014931986527263666,0.0019451079728058098,0.0019185503806681615,-0.003683579711506753,0.003670666617981209,-0.003171542889145011,0.0030912377376440844,-0.0020693467089608485,0.001808730393912131,500
16,unemp_rate,-0.329567798386587,0.05497040422122973,0.056012329988441405,-0.4431528272735172,-0.22423320356283133,-0.42247463673171276,-0.23836603996784228,-0.3840498308682106,-0.2726953236130579,500
17,intercept,-1.490867103776608e-8,0.0019743553490980423,0.0017657489616709056,-0.0034942186713465325,0.0034687809525500175,-0.0029809405197836415,0.0027879665008073732,-0.0017527055062593058,0.0016837988547693324,500
17,shock_x_ind1,-0.018998726703145317,0.007890143036052765,0.007368335331159502,-0.03375990628721827,-0.005583627603351607,-0.030922079451621693,-0.00733933281555939,-0.02665825448915721,-0.011649601611439001,500
17,shock_x_ind2,0.0013345127017131487,0.01179752400312801,0.011454627112172846,-0.022676228728471935,0.02236056748789209,-0.01734538273206351,0.018678185053096267,-0.010649477457102258,0.012143679023543675,500
17,shock_x_ind3,-0.003916138992920709,0.004571744160622464,0.004473102015178804,-0.012169468933399197,0.004829799695053191,-0.011187460212388312,0.0030684678347625088,-0.008741794275673379,0.0004903358429763143,500
17,shock_x_ind4,-0.008151576226731008,0.005043795316448439,0.004899092105011872,-0.018409646207141618,0.0009359778855581192,-0.017212918669921133,-0.0006675798603908666,-0.013522557956785253,-0.0034904404855839633,500
17,shock_x_ind5,-0.002665625006193319,0.004312399210511198,0.004424323866593285,-0.011078922672165686,0.00636592711078599,-0.009702760031105038,0.004845419809870587,-0.0070901343175607074,0.0015401010169965,500
17,shock_x_ind6,-0.0003018853334236422,0.004262887989604284,0.004140738706333085,-0.00812801338096536,0.007996578661408797,-0.007296399610535971,0.006533662496022493,-0.0043862440864345445,0.003797101463041085,500
17,shock_x_ind7,-0.006774085221836968,0.006862685553297913,0.006834660688751692,-0.018918667042922332,0.007709406457406874,-0.017396239266583208,0.005177346465493639,-0.01341588388471681,0.00032104849280649645,500
17,shock_x_ind8,-0.005007097027058979,0.004808644189965443,0.004819050028862414,-0.015776808540962372,0.004117321397466361,-0.01350748197656921,0.0020967420749594713,-0.009669511913590546,-0.0005123274015271729,500
17,shock_x_ind9,-0.009615121138540836,0.004271563443388867,0.004240657828490075,-0.018084580124508132,-0.0017022098017978435,-0.01663821375905113,-0.003142923155713724,-0.013802526299441337,-0.0051502815789052185,500
17,shock_x_ind10,-0.009974850459973508,0.005705832638818285,0.005639268005603343,-0.021949295980658097,0.0004044074234821126,-0.019980880739575345,-0.0008917997931338521,-0.015760902868788125,-0.0044206266724964895,500
17,shock_x_ind11,0.007295979981377664,0.006285666767831663,0.006158348687986881,-0.005216940451531363,0.017930339107255982,-0.0036233137802127004,0.01687919638262819,0.0007552863436392929,0.013210007464515445,500
17,shock_x_ind12,0.00227071518582288,0.004070117137980153,0.00406912180671536,-0.005927462710887907,0.009186099670339547,-0.004782230628622819,0.008409652220541297,-0.0019896589232847877,0.006133866753166411,500
17,shock_x_ind13,-0.008079660263837036,0.004061690534453413,0.003958985946091728,-0.01592860835768981,-0.0008416759950923664,-0.01512840891692811,-0.0015447796071816151,-0.01207426670755762,-0.004186795467040115,500
17,shock_lag1,0.001277233315823686,0.002012099613959961,0.0021155560768996696,-0.003144547077846209,0.005083927941585764,-0.0023028986487349003,0.004477779761711788,-0.001029021577669704,0.0031880422471907313,500
17,shock_lag2,-0.0016829474851651868,0.002255232906468992,0.0022376180677477738,-0.006240227586986977,0.002648645982391291,-0.005542509141516477,0.001749897426607196,-0.0038194822336314383,0.0005476993907294695,500
17,shock_lag3,-0.0007909196165960804,0.0021644550031502865,0.0023243721939821852,-0.005976412293635722,0.003317041822544788,-0.004897600489797574,0.002814242913526029,-0.0029705976225855063,0.001223313944371253,500
17,shock_lag4,-0.0014329862670288977,0.002040862031336286,0.002034633533340418,-0.00567022782445128,0.0021309855212134875,-0.005099863993477915,0.001609390671124365,-0.0037481611312500953,0.0003603656412237131,500
17,shock_lag5,-0.0001734332988834553,0.0022169363122233883,0.0023335154908038355,-0.004647230097014413,0.004327549320758308,-0.003755940427380244,0.003633823382635409,-0.0024713870630664945,0.0021450458698376424,500
17,shock_lag6,-0.002504083743726731,0.002021108135414956,0.002208576814048875,-0.006862712891200304,0.001808462638850328,-0.0062566956338890155,0.0009597337164480716,-0.0047629077230362,-0.0006745888651911819,500
17,shock_lag7,-0.0006333442895670226,0.0019824031757857638,0.002070061930443852,-0.004605255374965689,0.003152665088902578,-0.004059874608364586,0.0025408633813775163,-0.002923974480249157,0.0012889215916645513,500
17,shock_lag8,-0.0031757920863240063,0.001857973789766453,0.0018903071335329993,-0.00693741423958008,0.00022928307809984486,-0.006515577095051233,-0.00039117981235246954,-0.005344143846666187,-0.0015437017563948625,500
17,shock_lag9,0.00041064342502600965,0.0021527801791721844,0.002142104138097732,-0.004049251649215564,0.004281033129941398,-0.003307975624124254,0.003887770401371327,-0.0019038742726675338,0.0023784441370055392,500
17,shock_lag10,-0.00026085726505211364,0.001807554708433333,0.0018248886147823374,-0.003969900093016898,0.0032354311433895,-0.00350048653339667,0.002610523842705838,-0.0022548861874189478,0.0013915336779120639,500
17,shock_lag11,0.0012772176772233618,0.001993745398457984,0.0020252842432716017,-0.002480479754836621,0.005569647235576043,-0.001988444077956569,0.004631104104267227,-0.0006691844588170801,0.0033418454104757974,500
17,shock_lag12,-0.0004308004543917594,0.0021079861016754234,0.0021208148513422093,-0.004951227464334555,0.002913220147149516,-0.004396204789311473,0.0026723770160064705,-0.002982605479926428,0.001442182458529822,500
17,log_oil_lag1,-0.0008023220979549746,0.004424137586021588,0.003968290308621552,-0.0074406012219247995,0.007742533457061394,-0.006663954398290072,0.006240397756717007,-0.004421151711893398,0.0035118196684598858,500
17,ffr_lag1,0.0021656036315726994,0.0012258095930361074,0.0011069721092839592,0.0003574038364493042,0.004568624687605425,0.0005114431888990298,0.004019069666581786,0.001163818556163829,0.003315528102150529,500
17,log_rwage,-0.11590611928239324,0.03372237059269153,0.03078777284671305,-0.1757260549616648,-0.05212552343689471,-0.1620269645952723,-0.06138096337370903,-0.1409981710128981,-0.08064071593793845,500
17,age_mean,0.005158282459583534,0.001625257877913918,0.0016457280844059028,0.0016901411883748513,0.008156855579325415,0.0021418643651018206,0.007653762271616835,0.0032481350130765716,0.006486679973977561,500
17,female_share,-0.05713676767872071,0.05097692376779134,0.04602546047821155,-0.1499326199313304,0.03580885390592371,-0.1358129956586579,0.01856929584683874,-0.10453049685505844,-0.01674175914320461,500
17,married_share,-0.03322669466879094,0.04394333344151373,0.042204478012405254,-0.11757328085147586,0.05460907282681255,-0.10333070810618954,0.036370669771768,-0.07160654778714218,0.009314714933842583,500
17,hours_mean,-0.0005424864564590861,0.0016781657353714162,0.0017286354591537778,-0.003690996250188523,0.002971546260241209,-0.0032054128131032613,0.002474455914930031,-0.0021477708359285896,0.0012359323083790457,500
17,unemp_rate,-0.3420377722676831,0.056931315511246736,0.05506063401772721,-0.4421838544657309,-0.2297206852678516,-0.42619024842278364,-0.2466357376194375,-0.3906478017244795,-0.2762061298463814,500
18,intercept,-1.5403552262292755e-8,0.002060870895144421,0.0017686707674745283,-0.00314634996404613,0.0035770883764477844,-0.0027360218416028472,0.0030650038775487526,-0.0016704652119266098,0.001947431579636363,500
18,shock_x_ind1,-0.01815940959587634,0.0072258291050848605,0.007648147253398679,-0.033435473281476016,-0.0028802703239050984,-0.03075023333660809,-0.004864688588883554,-0.02565884335655325,-0.010685428833448722,500
18,shock_x_ind2,0.013610874130679188,0.010400079294416305,0.010693361019988662,-0.006146543236979673,0.033817093713409296,-0.0034781473773209917,0.032629798116538496,0.0025268367035502777,0.024342772872496556,500
18,shock_x_ind3,0.00010771750435943494,0.0036687991266909315,0.0036573741577466136,-0.006911820079799333,0.007192402861199742,-0.005742867345214756,0.006216093399764272,-0.003712422773244105,0.0037306573599113174,500
18,shock_x_ind4,-0.0013146427622684686,0.005237699286079659,0.005283754641069722,-0.010696109811739005,0.009995213625273535,-0.009813963146601195,0.00749328160155737,-0.00655667565937356,0.003605616511981809,500
18,shock_x_ind5,0.0011613692465588352,0.004402561947664811,0.004517452865057014,-0.007658119394667035,0.009896709336864946,-0.005599186740904819,0.008785123310509351,-0.003283283952226596,0.005669581098294007,500
18,shock_x_ind6,0.00011964331093064953,0.0043963488873177015,0.0043091414895479185,-0.00833917548480189,0.008619866976348037,-0.007360954498659318,0.007273468167750226,-0.0039854052920763675,0.004426080149413078,500
18,shock_x_ind7,0.0003471931265354102,0.006592056521069434,0.0060656343799796834,-0.011191897321236289,0.012900368724892855,-0.009415998028382704,0.010502018664478634,-0.005541081910861518,0.006247233810738434,500
18,shock_x_ind8,-0.003389914036159362,0.004375473820790439,0.004559945360071905,-0.012877203035050855,0.00545880387549135,-0.011376753893732034,0.003594017892285321,-0.008112011763273122,0.0007535793488848044,500
18,shock_x_ind9,-0.0024699397242247474,0.004188117574036939,0.004526659195703948,-0.010695008824590126,0.006027741649223322,-0.009391258301546345,0.0050096633149316755,-0.006851565767966835,0.0022371944482013147,500
18,shock_x_ind10,-0.009802498847317036,0.004578144975562692,0.00513656014296736,-0.020272638237621397,0.0004122026455814927,-0.0182498975971283,-0.001812883005501374,-0.014792647966248313,-0.004931518061455902,500
18,shock_x_ind11,0.003896013420171961,0.005394314120629525,0.005486369381106556,-0.007325728131225702,0.01353969743451151,-0.005617892148449976,0.011915150671286468,-0.002455162473474303,0.008806531372396259,500
18,shock_x_ind12,-0.0026201960610187417,0.003784642555186497,0.0038087389802120395,-0.010355246041959115,0.004409094364581366,-0.008887853957880438,0.0033274550977814496,-0.006333775155634123,0.0009858899758029781,500
18,shock_x_ind13,-0.0038668884405884158,0.004033698686615644,0.004279488094993776,-0.012250870313871922,0.005322431696798218,-0.01092671028512264,0.00293555949170073,-0.007951863553028087,0.00022885724809369666,500
18,shock_lag1,-0.0009050670663640973,0.0023983816178689316,0.002492144066218301,-0.006483670257253703,0.0034222008890873647,-0.0051628595188526,0.00285191652651986,-0.003412020267978463,0.0014026758179852814,500
18,shock_lag2,-0.002505860213665921,0.002385280583241395,0.002399129000885292,-0.007569655069282094,0.0019465676400786255,-0.007094301911750831,0.0010170974307840744,-0.005167162063789208,-0.0003555221601283959,500
18,shock_lag3,-0.0008806023949843361,0.002480952668125949,0.00259952867179026,-0.006374983750251244,0.004005255529344083,-0.0056292016451110405,0.0031058762335572313,-0.0035122359797173223,0.001412942362641265,500
18,shock_lag4,-0.0001751716227252507,0.0023656304467333912,0.0023132585432200626,-0.004520510507873823,0.0043252444755014965,-0.0039048222097125577,0.003449279836490024,-0.0025560323462994468,0.002007161586150691,500
18,shock_lag5,-0.002031684283321437,0.0024909727448616005,0.002340573359919456,-0.006119929460576802,0.003009987523421167,-0.005606187005434444,0.002216219676634827,-0.0042769746181243,0.0001997180747109903,500
18,shock_lag6,0.00011777709352390819,0.002112443967434162,0.0021990371868645157,-0.0038440951931162258,0.005041697952434497,-0.0031132135643546738,0.0037652760090783476,-0.0020695029308558767,0.002385057524024618,500
18,shock_lag7,-0.0027280407583521542,0.0022164873124170706,0.0022068602233355026,-0.007203161286508403,0.0014684356231862913,-0.006612385857306613,0.0006965515642340023,-0.00497152457349642,-0.0008156372118408407,500
18,shock_lag8,-0.0017405987863219085,0.0020269398404958094,0.0022892564625290675,-0.006014392350427446,0.00285961970335636,-0.0054454998880012935,0.0023162445922264036,-0.003972114390244749,0.0004099065217734154,500
18,shock_lag9,-0.0016161638800474684,0.0021194874857425098,0.002231722359271562,-0.005811694842868781,0.0028411631530884706,-0.005103056183208472,0.002127625641932743,-0.0038963811095241345,0.0005005737147124613,500
18,shock_lag10,0.001971931522699874,0.002169816541418832,0.0021294128896550343,-0.0021466311925581703,0.006061586732868119,-0.0013066299461061274,0.005141456532325776,-0.0002602511202409378,0.003956831918568569,500
18,shock_lag11,0.0010947993026761043,0.002006804161340852,0.002185066094030593,-0.002913795499214921,0.005369775789795269,-0.0023036941775944533,0.004470625636277307,-0.0009560734695093643,0.003354990815073982,500
18,shock_lag12,-0.0037047218826067258,0.0023168198539022674,0.002230977230572465,-0.0079533430734057,0.0005766148414287923,-0.007183834783146057,-0.00015033552166001862,-0.00621898787075274,-0.0015297805775496935,500
18,log_oil_lag1,0.00043885808134402383,0.005045099707859492,0.004610497781371929,-0.008617717546541304,0.009994848870505894,-0.0073106534935287095,0.00860482106710219,-0.0037414028548087255,0.005306592663727717,500
18,ffr_lag1,0.0024644422814625987,0.001357632088296801,0.0011698168513554074,0.00020541660496989464,0.004800437590853298,0.0007349510637665955,0.004407005103144326,0.0014036276711986702,0.0037800690742247514,500
18,log_rwage,-0.09433272055274056,0.03240278929911076,0.031501431174201,-0.1548825836303372,-0.03242518921822382,-0.14367754227207868,-0.04063388059587533,-0.11864189511350168,-0.05739662193513899,500
18,age_mean,0.004366222654057701,0.0019598377941777065,0.0018462672380768835,0.00042630423117674644,0.007718716390779326,0.0012124418522239202,0.007137873267689812,0.0024094229672014513,0.006088486494433935,500
18,female_share,-0.10606963806583941,0.05817248431836749,0.05883449008590583,-0.22204940855506028,0.010342272587590589,-0.20317625936518424,-0.014890329577261916,-0.16491956372383482,-0.047648714233251066,500
18,married_share,0.0010956164153011559,0.05332369110923853,0.05133997333973503,-0.09712687023202646,0.10720806438768773,-0.07578681201281881,0.09281614157581282,-0.046633419878486515,0.05572615257717366,500
18,hours_mean,-0.0038425493413502053,0.0017937677079425537,0.0018180378899960122,-0.007572822471175901,-0.0003765543700450494,-0.006839055937278929,-0.0008998273895250655,-0.005730182117627746,-0.002016317518708677,500
18,unemp_rate,-0.38869097691910504,0.05669994921346609,0.05879449919757495,-0.5134576919787366,-0.27109699123256614,-0.4861443664716854,-0.2894947230011237,-0.43823199227060444,-0.328480222490011,500
19,intercept,-1.3209137203368725e-8,0.0020884066636900032,0.0018362351520689322,-0.003312154194293158,0.004012709188436851,-0.0028776595633274974,0.0031091426054557724,-0.0016065103416588588,0.0020172670015012237,500
19,shock_x_ind1,-0.011608942558314243,0.008147307238153384,0.007866272786349717,-0.02653909596799801,0.0033684596195156947,-0.02509384567731393,0.0005029806211803132,-0.0202306133134588,-0.005186165557649797,500
19,shock_x_ind2,-0.006522960792020202,0.010896928550741999,0.010605230338739573,-0.027891191622998822,0.013581586907235538,-0.023219982083966768,0.010567218115730522,-0.01704892567182464,0.0035317706072075824,500
19,shock_x_ind3,-0.00047908552153465625,0.003919323540081347,0.0040612287633328475,-0.008122375524234036,0.007639250970697155,-0.007244326261970396,0.005976273811488596,-0.004850072058515016,0.0031189201593247516,500
19,shock_x_ind4,-0.0031661296423620183,0.0046212147045945045,0.004896496091467539,-0.013616029394571722,0.005064420442174933,-0.011781064754066897,0.0038815316234697265,-0.008148550767234983,0.0014427908903026357,500
19,shock_x_ind5,-0.0019879325969997387,0.0041996861142792495,0.004289005174369693,-0.01121743343480883,0.00650099581921908,-0.00940343262255224,0.004880064184600221,-0.0061979540092793805,0.0016788762753105644,500
19,shock_x_ind6,0.0009705745644775632,0.004661201724514948,0.004570868688248807,-0.007339717270295392,0.010229406396945818,-0.00599599454974616,0.009044268131855165,-0.0036840284341939627,0.00570053682052514,500
19,shock_x_ind7,-0.004814035028736326,0.005446956015971365,0.005449625451648484,-0.014557189634748651,0.006017235845137947,-0.013547417744844381,0.004220491907847381,-0.00996613893172531,0.0007893010239125966,500
19,shock_x_ind8,-0.003885045067946997,0.00411433498318934,0.004419120309658304,-0.013031175501238158,0.0036848388575398267,-0.012178264059553025,0.0021770477978657007,-0.009094557207892819,-8.250560788352066e-5,500
19,shock_x_ind9,-0.0070076086602377805,0.004145094686885726,0.004793078936407241,-0.016372364836862132,0.0022880763163327213,-0.015082972083033745,0.0004944959162953491,-0.011823978446488364,-0.0022915744210000033,500
19,shock_x_ind10,-0.007578043258025406,0.005190758800862515,0.00552309994805426,-0.018604348360047724,0.0019321117988369356,-0.01674640189030336,0.0011680486525432446,-0.013216281598352312,-0.0022854277681160374,500
19,shock_x_ind11,0.002320691202513843,0.004573193443581707,0.004727344110259907,-0.00766097555729483,0.010940136399950472,-0.006146781807332944,0.009941827607425213,-0.0026633071303474656,0.0065812115636493754,500
19,shock_x_ind12,-0.0006317196201492392,0.0040200304059705375,0.004064936886385606,-0.008807490747699324,0.006927613934889063,-0.007357319192779808,0.005502505294578742,-0.004957794215890377,0.003235498616009737,500
19,shock_x_ind13,-0.005813661308437322,0.003737961565122427,0.003900151684423853,-0.013024124378676824,0.0016801833840988704,-0.012077417611545956,0.0005482323952942151,-0.009702768742240726,-0.001996433899553972,500
19,shock_lag1,-0.001490568386651858,0.002473984023024116,0.0025740350600009622,-0.006903069638647213,0.0032417364880904702,-0.005800987093183725,0.0026347620241864936,-0.004030497814656317,0.0008062985863808985,500
19,shock_lag2,-0.002567143023818111,0.002165964470240379,0.0022262195635977394,-0.0071627599552237685,0.0018637287820838983,-0.006457871710549069,0.001038235873790103,-0.004685624076660242,-0.00038539112746719366,500
19,shock_lag3,0.000436619189183088,0.002201971876147705,0.002292302112062739,-0.004113663250105707,0.004914112246355433,-0.003162884818818259,0.0042000417864640795,-0.001758485346357693,0.0028177611689977067,500
19,shock_lag4,-0.002139254229109608,0.00214060052903462,0.0020682349835928105,-0.006080197849057163,0.0021380841394857877,-0.005310240727775382,0.001394319373722632,-0.004122241196779075,-9.024151375962345e-5,500
19,shock_lag5,0.0007973975048754242,0.0020179723646869224,0.0020161705592895984,-0.002808572604515428,0.004985502955291363,-0.0022145358992798525,0.004289558443261378,-0.0010953431887504462,0.0029541680829400932,500
19,shock_lag6,-0.002011310383525072,0.002014022375354297,0.002136362624456954,-0.006023274204807045,0.002396048198959759,-0.005091525736793261,0.00139672558106393,-0.004021291472619376,0.00025623953342956323,500
19,shock_lag7,-0.0013131748451292425,0.001960741073272757,0.0021096326022913,-0.005350560477635668,0.0027879337145945483,-0.004742424948396369,0.0021164584893109645,-0.003413928160518729,0.0007571700815368882,500
19,shock_lag8,-0.003730548593641192,0.0019898166982686583,0.0021368918075704534,-0.0076785901179906284,0.0006092143489308527,-0.007195410966141906,-7.394449999198425e-5,-0.005853141776928833,-0.001625556049039489,500
19,shock_lag9,0.0007216608774250645,0.00212454400904482,0.002127035580160022,-0.0032577992536524884,0.004988667795808304,-0.0027263245474047322,0.004453112394792713,-0.0013758636031805788,0.0029047959179220473,500
19,shock_lag10,0.0016995681934818452,0.002029284858303915,0.0021589278635099113,-0.0024498765613648475,0.00615951852971937,-0.001657913700466116,0.005079425715939952,-0.0005158674037362844,0.0036504581797953176,500
19,shock_lag11,-0.00216449147492387,0.0018424901077758952,0.0019410762595473688,-0.005696889093669931,0.0015779176777299137,-0.005285650130350251,0.0011654738344781565,-0.0041291861337844835,-0.0002427249220654941,500
19,shock_lag12,-0.003318358579886659,0.0019651063528313925,0.002061142134201512,-0.007457969321511541,0.0005586706049788409,-0.006860493544316457,-0.00018864289469491604,-0.005681884708617541,-0.001481178302295725,500
19,log_oil_lag1,0.0004993654669980946,0.0049447810358157224,0.004533283522114244,-0.0077778958181628135,0.011318089708080565,-0.0063448006800343034,0.00866995299615553,-0.0032065940948386414,0.004997598438113692,500
19,ffr_lag1,0.0022737993184788626,0.0013633288431670306,0.0012368295013221618,2.5801055046512683e-5,0.004863916879636627,0.0005653091969609302,0.004589273699917743,0.0013060615563489737,0.003611385448423987,500
19,log_rwage,-0.11483522256329103,0.031532412063179256,0.0280819372734934,-0.16001183119433893,-0.054036272323064335,-0.1553005497046529,-0.0614643644210912,-0.13789446209063488,-0.08142670403469048,500
19,age_mean,0.004638797884055451,0.0018340926298121803,0.0017803808523730094,0.0010780997026335133,0.008079530252412754,0.001681777524162421,0.0073812709267430075,0.0027706795308001485,0.0062038060968893005,500
19,female_share,-0.05168910429984854,0.04990012304351574,0.04732897551191422,-0.15096172676199798,0.04199720232080409,-0.13226989635914269,0.023496749987079728,-0.0984055592621149,-0.009711561725630754,500
19,married_share,-0.04407058287212318,0.04843578391517707,0.046388322705677026,-0.13565682330536039,0.04080566788367619,-0.12302846721366523,0.028491850938851756,-0.09226058590308564,0.002093008463430801,500
19,hours_mean,-0.0015317970828955284,0.0016244687977165831,0.001785068574221477,-0.004991081419910193,0.0018791249521162494,-0.004426610002829669,0.0012687738702224982,-0.0033021311683078484,0.0001481666360365974,500
19,unemp_rate,-0.36723420452408406,0.05256404152369813,0.0512114502982904,-0.45316789127659285,-0.2545288340625564,-0.43614326374135864,-0.26725832839591424,-0.40727327376590994,-0.3064132326130019,500
20,intercept,-6.946522155364319e-9,0.002170751052818446,0.0018910611212788996,-0.003429297598945654,0.0038558207758752714,-0.0028402079237586273,0.003251818102475528,-0.0016537824093378062,0.0021332459042603703,500
20,shock_x_ind1,-0.008701194213260047,0.0076083715615336755,0.00702768189184932,-0.02287085990904015,0.004407502462279748,-0.020405973402058672,0.0030086446432406925,-0.015168687160832112,-0.0012394425526759012,500
20,shock_x_ind2,-0.0028864074432129695,0.011852445980553818,0.011451918273647563,-0.024709820548075856,0.017581158240127064,-0.022246716650756965,0.014844442285184863,-0.016035259945847674,0.00776477810384248,500
20,shock_x_ind3,0.00660932401801039,0.004325680007524053,0.004323771814371448,-0.0020188858981849012,0.014661020621088188,-0.0007574655939290182,0.013246031110147473,0.0018659063805501125,0.010580129046985763,500
20,shock_x_ind4,-0.010150039023449306,0.006146497659502407,0.005818144500703609,-0.021171741229247372,0.0011070402701416023,-0.02034913707148988,-0.0004204862759774085,-0.015851700047546498,-0.004501888243455355,500
20,shock_x_ind5,-0.0016225313838986804,0.004305343597283498,0.00450250558152613,-0.009853188302251691,0.007476991229944545,-0.008879837816740736,0.006406017959883792,-0.005780728415849035,0.0030041847881437296,500
20,shock_x_ind6,0.001605970371550398,0.004304328453469084,0.004457937589349946,-0.006938036954525344,0.0099665125839965,-0.005337142543035205,0.008718580130626829,-0.0029867407138833373,0.005909620130602967,500
20,shock_x_ind7,-0.0018578288599612929,0.005393917274128319,0.0055448569115328665,-0.013843362733432344,0.007887558500791543,-0.011412613408519501,0.006623443544057951,-0.007558712968241205,0.00341737865404092,500
20,shock_x_ind8,-0.007779674904047177,0.004743200598173915,0.004490615301068594,-0.016614090155817884,0.0006750898236652439,-0.01513157373845747,-0.0003374951299953226,-0.012374813195984758,-0.0035609816310845288,500
20,shock_x_ind9,-0.007654694520577004,0.0037987129025102147,0.003984738810504807,-0.015086912720051216,-2.729185171188433e-5,-0.013643729131798446,-0.001200454227857865,-0.01146922145006057,-0.0035746632323726954,500
20,shock_x_ind10,-0.015956084061475594,0.004953644489558581,0.004884524495767886,-0.025935801864154125,-0.006808938310086475,-0.0244938364896449,-0.008617740246670658,-0.02083850880868085,-0.011640131732912123,500
20,shock_x_ind11,0.001723259088215577,0.0059868902488203245,0.00602716264106958,-0.010302350057823378,0.013098421069571403,-0.008568946667201786,0.01143549563678648,-0.004667442597008325,0.0073628676796684365,500
20,shock_x_ind12,-0.006527557170839557,0.00401047085928787,0.004020357292899653,-0.014466518848742177,0.0008919606685616559,-0.012955519094497261,-2.830081351956682e-5,-0.010124260837679635,-0.002418352851361938,500
20,shock_x_ind13,-0.004086258408064922,0.0042150465054689,0.004364446730501121,-0.01312161696869224,0.004010291146711104,-0.010883139630151733,0.003120431335292323,-0.008345113883303536,0.0002979734570568058,500
20,shock_lag1,-0.001695648882573595,0.0022761299181241292,0.002500301252354891,-0.006441966395892264,0.0030867661412278757,-0.005934915856502373,0.0024565641531334548,-0.0042701140182974055,0.00047556577280018366,500
20,shock_lag2,-0.0012390361132523621,0.002434383895116777,0.0024044089765939253,-0.00538441068096189,0.0036990910956879288,-0.004934868831757648,0.00310421361062364,-0.0035321168557682163,0.0012445598558853618,500
20,shock_lag3,-0.0016438556340134147,0.0023202617284769707,0.002296169370651772,-0.006333412359902931,0.0022815406819849723,-0.005626139637916258,0.001670311180451044,-0.004175323787627066,0.0005015238724573854,500
20,shock_lag4,0.0006121126408182933,0.002063381596200617,0.0022128752720037112,-0.003804671590030839,0.005024284650302837,-0.003178060301131845,0.004011389912676853,-0.0015927976540879765,0.0025949764912042736,500
20,shock_lag5,-0.0016239013088565446,0.002277110733567838,0.002193254486627034,-0.006011704443465896,0.0023968231583704046,-0.005325378796155326,0.0021730472286073475,-0.0038699451437917546,0.0005708166500027567,500
20,shock_lag6,-0.0007590722267773129,0.002151177039966185,0.002303774894707149,-0.00552095382014183,0.0034888682672553043,-0.004803090022396518,0.0030295276537749033,-0.0029230184057622384,0.0015232090431085417,500
20,shock_lag7,-0.00329501443569659,0.002183006670652203,0.0022681121428991475,-0.007994634102203906,0.001095476319068804,-0.007075893721501131,0.00033756056303692415,-0.005575132612069667,-0.001056376534536172,500
20,shock_lag8,-0.0014137586822480321,0.0023176814250461977,0.002431261663721181,-0.005919409287033078,0.0031967888646040376,-0.005180287955226115,0.0024321832031358203,-0.003978512291668668,0.0010688581522867845,500
20,shock_lag9,0.0004704750223663914,0.002462190479162065,0.0024250270531895298,-0.004454146509055017,0.00515332823356522,-0.0038690393274997043,0.004135207823578452,-0.0019972885408930294,0.0025807717909721883,500
20,shock_lag10,-0.0015902176498113845,0.002399508795528819,0.0023174932609510285,-0.00656011841537886,0.0026721116328298792,-0.005569005906273364,0.0022189220327744996,-0.0041186441723093615,0.00045021830432336697,500
20,shock_lag11,-0.0018949974266137253,0.002175023602576949,0.0022107776117040556,-0.006052769718617207,0.002329492251102368,-0.005382442515819494,0.0016931687768070693,-0.003944421767304304,0.0004156336987672891,500
20,shock_lag12,-0.0032824987324300693,0.002395425438175611,0.002379208197866476,-0.008578295413541881,0.0008571345779107803,-0.007344730024287953,0.0002110463918708693,-0.00598811823912055,-0.0012492401960040487,500
20,log_oil_lag1,0.0017016808325810413,0.004991259675000395,0.004720677742019688,-0.006304930745492553,0.011924810235012082,-0.00513200285888262,0.01010128803923803,-0.002760492605443302,0.006679631262622707,500
20,ffr_lag1,0.0018119636888552439,0.0013994676578787195,0.0012807680635236135,-0.00044731206199106197,0.004669008243820119,-0.00011813871476253922,0.0040910590497723965,0.0007217355867975778,0.003185983551194623,500
20,log_rwage,-0.10513808001754,0.030476682334902725,0.027863705908835468,-0.15154538642044757,-0.04407904128020554,-0.14455624545780296,-0.05228238357327126,-0.1255424354460894,-0.06984324021645852,500
20,age_mean,0.0033053775122809724,0.0020564376354772623,0.0019648991964337586,-0.0003490358080241335,0.007151524889301628,0.00010748724462596428,0.006512229177494908,0.0012868529403616145,0.005207101153537956,500
20,female_share,-0.06961827791579164,0.053767099097530226,0.0506348034160929,-0.16469203155831336,0.039816094130202775,-0.15410181265100376,0.02417809953438467,-0.11640105542902514,-0.021182002342293695,500
20,married_share,-0.020064288434244307,0.045007867227915985,0.04276998727207479,-0.10790223203342109,0.06190632620632488,-0.09148383585472587,0.04995962849705348,-0.06530741678285186,0.020499009977848263,500
20,hours_mean,0.0009428369940665969,0.0018084185754026288,0.0019166346990989083,-0.0025062892779399255,0.0048006349843642895,-0.002021273495508994,0.004252504923278096,-0.000849673414260851,0.002818048606979839,500
20,unemp_rate,-0.3805882547603498,0.05057974932935114,0.05330495574981074,-0.47694754854751703,-0.2710859822487933,-0.4604703311811336,-0.2814377296754526,-0.4207222019633109,-0.31736041300583884,500
21,intercept,-1.1072224606141613e-8,0.0022413903617457373,0.001951922914766321,-0.0035035369812640217,0.004253143075025871,-0.002753444248106987,0.0033655780650570415,-0.0017031529702536347,0.002061523701025078,500
21,shock_x_ind1,-0.012711024682257455,0.007364770694683321,0.007332391255046551,-0.025578408726075294,0.0036077537485889447,-0.02342389920363553,-0.00014875014351551483,-0.01982804480046956,-0.005200717481746772,500
21,shock_x_ind2,-0.004920361417769527,0.012748927870679244,0.012550768913849571,-0.02979441791283967,0.020262550589322026,-0.02582314141060713,0.016553081676723695,-0.01659306614242139,0.007577534445186321,500
21,shock_x_ind3,0.00018675693630361274,0.004229542095905888,0.00446533210854303,-0.009160361441733898,0.008814201006765172,-0.00696495558257258,0.00788358489460484,-0.004052360127058864,0.004536715373033005,500
21,shock_x_ind4,-0.010604468484487605,0.005460381810149299,0.0055493470068880115,-0.02181292794521983,0.0002924264958431684,-0.019544042657797044,-0.0016708741681034447,-0.01592323833910788,-0.005032469167755289,500
21,shock_x_ind5,-0.0030108586757841174,0.004667837829882567,0.004311710702204388,-0.011065023666720821,0.005877590519355019,-0.009676699689275016,0.004465343228261163,-0.006925037798041562,0.0013620064613432765,500
21,shock_x_ind6,-0.002405947421849211,0.004128787819018301,0.004246799218954304,-0.009920019469717899,0.006790113315307307,-0.008638638634936155,0.005362752403572788,-0.006263823322042918,0.0017859574299187967,500
21,shock_x_ind7,0.007601470427211017,0.0060176212936576485,0.005798406690295548,-0.0033008388233023885,0.01920010322958064,-0.0015386634717689594,0.01701580791865046,0.0018597626161510612,0.01268693777259728,500
21,shock_x_ind8,-0.00885497848819388,0.005054980973748875,0.005121602474238173,-0.02000154151236944,0.0006210605328232556,-0.017975039940094834,-0.001527393929913661,-0.014178402205385372,-0.004370582844175422,500
21,shock_x_ind9,-0.006338507657310627,0.004496618967743333,0.004321627166004112,-0.014337792288208168,0.001730116945489958,-0.013437409027020935,0.0006180572259658399,-0.010890725436818093,-0.0023149100791017793,500
21,shock_x_ind10,-0.01597643647482258,0.005052330752677737,0.004989731319487015,-0.025903376844200764,-0.006589755222243889,-0.02468130182589286,-0.007671549123064755,-0.021062491441461988,-0.011483041918929883,500
21,shock_x_ind11,0.0007275664517456348,0.006225515049493287,0.005902574529784286,-0.01125441098982869,0.01212393362130326,-0.009717217708263675,0.009843151697767229,-0.0053480227409872134,0.006265993558328018,500
21,shock_x_ind12,-0.0037217109621713895,0.0037228485582021724,0.003472039149143588,-0.010132282338766866,0.003779892089297232,-0.009225919330987296,0.0021903017678254304,-0.007115661538393433,-0.000513835369229723,500
21,shock_x_ind13,0.0020649283396789527,0.004085615607351138,0.004122886240329948,-0.00643536606265516,0.009870011870879594,-0.004871997086099018,0.008417273369754182,-0.0022895412252696423,0.005986025587827204,500
21,shock_lag1,-0.0001631355446022316,0.0022765423748645625,0.0023330426490437896,-0.004613059956815296,0.004444355106206006,-0.00411154506644954,0.0035525007156956673,-0.0025676311417947885,0.0021243212738381503,500
21,shock_lag2,-0.003192183415154558,0.0023959704181314378,0.0023932723397850925,-0.008024013883800822,0.001568386261138361,-0.007463910318826482,0.0005538808827096715,-0.0055513952902285476,-0.0008171158074184383,500
21,shock_lag3,0.0013831873467537513,0.0021498791650581086,0.0023816687688439572,-0.0034972543392944476,0.006042342456088559,-0.002656138621558187,0.005156030977016245,-0.0010418601309352881,0.003583335072029466,500
21,shock_lag4,-0.0015336006122198343,0.002011239267883625,0.002125472892575167,-0.005873506612026353,0.0024219345238741755,-0.00521589013234798,0.001796263506965999,-0.003800963580430847,0.0004496133861642113,500
21,shock_lag5,-0.00015987902611216918,0.002230524522597365,0.002232816273471357,-0.004910804444490913,0.004297809759599303,-0.003683332921462718,0.0034444178310005687,-0.0024169016143366557,0.0019435175568559998,500
21,shock_lag6,-0.0024843414249631547,0.0019963720752533853,0.002257219132484397,-0.006988047138560639,0.0018161559828219593,-0.006476189070885557,0.0011343235967574417,-0.00475050906078222,-0.00036889370664502816,500
21,shock_lag7,-0.0009596253431239848,0.002259688378837663,0.002284437307716568,-0.005706240310923243,0.003121300159995727,-0.005075935196488702,0.0023553225575059784,-0.0033060275725162987,0.0011774026802454486,500
21,shock_lag8,-0.0015680840007221847,0.002316188083054508,0.0026067320109889837,-0.006624423139056655,0.0035170088645956883,-0.005729307875729831,0.002491327524594375,-0.004085921279094652,0.0009354531600337208,500
21,shock_lag9,-0.0027338277726899817,0.002372492931134774,0.002282671223307546,-0.007355733065896121,0.0014313580110318631,-0.006792570311741515,0.0008563627757027445,-0.005128806248441694,-0.0006489895751537586,500
21,shock_lag10,-0.0010316260880843325,0.0021460320248677853,0.0020488769928266124,-0.004953882211155752,0.0030358979347715597,-0.004336492422197249,0.0023843769932804394,-0.0030597841976004138,0.0009715462515149418,500
21,shock_lag11,-0.001709646804001659,0.0019370871424327024,0.0020594784033135544,-0.005769905549385438,0.0018571241314220095,-0.005136451077888852,0.0014717688274292356,-0.003938124394411537,0.00022773301884278335,500
21,shock_lag12,-0.0027834677826636886,0.00210428549443382,0.002143295064806753,-0.007097438143944675,0.0012868118178818518,-0.006335203495197691,0.00036905541729170723,-0.004959044223375176,-0.0007515120457967947,500
21,log_oil_lag1,0.0011887055682336513,0.005057482068651276,0.004573701888284739,-0.007192118833656569,0.01041352020543294,-0.005687529330540057,0.009329641648315897,-0.002807722806648311,0.005998927942816133,500
21,ffr_lag1,0.0023048411006441876,0.0013751511995595818,0.00123337532068852,0.00020673759661829526,0.005224762388264239,0.0006002055326151665,0.004570603455173864,0.0012480104389972601,0.0036604696895511965,500
21,log_rwage,-0.10767271739605273,0.032563062271482014,0.029555228698970516,-0.1601567690590013,-0.03992929365182417,-0.1500464441905927,-0.05060920894319536,-0.13227758996779018,-0.07446516001861393,500
21,age_mean,0.003821110432088399,0.001646736451285585,0.0017064034744805477,0.00010814501732923855,0.007085528356899674,0.000856638831671571,0.006572258890357198,0.002033102072447659,0.005378063549461255,500
21,female_share,-0.14551472204471116,0.05070784313374486,0.04847551142906985,-0.24090902399780478,-0.04627145164567634,-0.2227937447263685,-0.06598422278004977,-0.19528486098911058,-0.09507428014186545,500
21,married_share,-0.01488547502672102,0.05872343040885778,0.054898536266711456,-0.1240245692417678,0.09880015535086963,-0.10567815761494179,0.07254687482418226,-0.06682001773054203,0.03687172597237177,500
21,hours_mean,-0.001258814503959453,0.0017910575211934874,0.0017751098132900837,-0.005066271093190241,0.0019254728205609975,-0.004376369105776636,0.0014237149277342449,-0.0032349640816909534,0.0003038153682566795,500
21,unemp_rate,-0.3825968524392434,0.053444123864835234,0.05382722696775427,-0.4701948849184575,-0.2571657907982595,-0.4498536516124796,-0.2710211813151034,-0.42124322370366896,-0.3129565214114546,500
22,intercept,-7.831404024535901e-9,0.002319326718735773,0.002049986525122537,-0.0034685064358496343,0.004260017086411383,-0.002846524218315013,0.003716665218990272,-0.00184375583439845,0.002502093140517735,500
22,shock_x_ind1,-0.01399035542063557,0.008324797714314162,0.009011945139854679,-0.03087101498247804,0.004720795718211627,-0.02845479637137157,0.002568157312290166,-0.0225092754272021,-0.0049685354559293625,500
22,shock_x_ind2,0.0009804227219347183,0.010997515309534345,0.011461485241506041,-0.020751454220973936,0.022397652967247897,-0.017843816087624347,0.020647382551497444,-0.01031576334712622,0.012927888060066993,500
22,shock_x_ind3,0.0036380519622486295,0.004052457604965333,0.004273085046179297,-0.00476914410471211,0.01197206878042995,-0.0033436882568294367,0.010694213976539158,-0.0005120851194626107,0.008028784969094208,500
22,shock_x_ind4,-0.000256303670475544,0.005312218501273507,0.005058400285710869,-0.009931317099001071,0.009809648335380308,-0.008608635634819761,0.007543122535499138,-0.004983056639190582,0.00507802655187597,500
22,shock_x_ind5,0.0015928948176792016,0.004348066040680263,0.004286562576107462,-0.006612198563001274,0.010409206058301236,-0.0054970055061546,0.008852545955472135,-0.002743105068130879,0.005733289198068811,500
22,shock_x_ind6,0.0041215396884979804,0.004212040280182224,0.00440707815097478,-0.004635422856266405,0.01309708592449426,-0.0029477016065666134,0.011723490170827869,2.589615404927082e-5,0.008536074491372586,500
22,shock_x_ind7,-0.000336640695293747,0.0058610464788899485,0.0059342435013710745,-0.01161775702519078,0.010413876951857987,-0.009948176670092065,0.009495228470270133,-0.005800208286320234,0.005857963969240943,500
22,shock_x_ind8,-0.013012519659403143,0.00416321195591342,0.004140726593967239,-0.020740417022714515,-0.0050992920426119765,-0.019734185429856964,-0.0061626966779503856,-0.017209011055650945,-0.008943570921028649,500
22,shock_x_ind9,-0.007442789017921476,0.005381578319485791,0.005408416351919071,-0.01787932811866802,0.002672247285855955,-0.016180210548543794,0.002126193163091863,-0.012795004473798005,-0.0018335681678147996,500
22,shock_x_ind10,-0.018215145402688884,0.006010935510133447,0.006255751944829327,-0.030159578075605653,-0.006211911488472806,-0.028421018309398374,-0.008205206114322216,-0.024692925626023578,-0.012481528088475566,500
22,shock_x_ind11,0.007378266558232142,0.00568115517315847,0.005806034643539515,-0.003647313344621298,0.018872533785837163,-0.00264131088006165,0.016218256211015133,0.0009158081897108739,0.012416646528819918,500
22,shock_x_ind12,-0.0023753357720862674,0.003244418942799908,0.0031419584089058946,-0.008591415584655463,0.0034792857209748713,-0.007606025524252514,0.00231315462675467,-0.005808820374089248,0.0007196390543941283,500
22,shock_x_ind13,-0.001061013573692134,0.0037730164922322915,0.0037297740109832854,-0.00854227797767743,0.0059220826378916375,-0.007355603527884425,0.00509346029294402,-0.004916605565911306,0.002667182181213618,500
22,shock_lag1,-0.0021275744302148903,0.0025617307560185576,0.002553648788790719,-0.006711894841077898,0.002963778741064559,-0.00578482734915965,0.0022750096775411674,-0.004298796402784409,0.000711831281941056,500
22,shock_lag2,-0.00020321211050173757,0.0023842850407334985,0.002321600248169022,-0.004766644401770907,0.00474096980747369,-0.003988012499529088,0.004244751538147273,-0.002050247328097753,0.002320027767474297,500
22,shock_lag3,-0.0009368751954774408,0.002164601121789766,0.0023702992782621214,-0.005224018166098058,0.00436075214688378,-0.004447948399599876,0.0030994173766447698,-0.003209792270811062,0.001466227966057406,500
22,shock_lag4,-0.0002036686847375911,0.002308946138344774,0.0023838303386054553,-0.004683090726736566,0.004811274009094521,-0.003640501780493628,0.004199523075868624,-0.0021610637970546093,0.002383765991484249,500
22,shock_lag5,-0.002138239992703069,0.0022300867566965293,0.0022906919686322856,-0.006264206221320118,0.002255194786127586,-0.005949165793635422,0.0015083854161536726,-0.004431434779558704,0.0002691647136113715,500
22,shock_lag6,-0.00031203061797522257,0.0022739739708794865,0.0023808055825142397,-0.004586002494855806,0.0043791731067880785,-0.00413552986163508,0.0037693318728005093,-0.0024808849030294473,0.0023823371923183704,500
22,shock_lag7,-0.00123134456522623,0.0025391550218266485,0.0027583129168390727,-0.006536640474773347,0.004166481590745943,-0.005715618436257908,0.003111841949556904,-0.004191364017184702,0.0014773286099737453,500
22,shock_lag8,-0.004910788319407032,0.0024681983748327876,0.002567293366368863,-0.00994212289507794,0.00021490959023623388,-0.009131151883836452,-0.0007119787722345957,-0.007401383358440169,-0.002283777872439547,500
22,shock_lag9,-0.002334334093082319,0.0023765577637928806,0.002397162319141126,-0.006651378687506229,0.0020541675150884953,-0.006314544695123164,0.001570245211444388,-0.004638938323600078,0.00024355591056674194,500
22,shock_lag10,-0.001077754787890857,0.0022774198300682773,0.002193553446796062,-0.005246004746924065,0.003424422158995216,-0.004256661620802987,0.002523077644575423,-0.0031220541613345507,0.0011213221672157624,500
22,shock_lag11,-0.001434805140036651,0.002316643353891398,0.0023680900347175056,-0.005789644191221764,0.003844529858701401,-0.005017375688719471,0.002788054911190268,-0.003450665767609661,0.0011910725470341077,500
22,shock_lag12,-0.0025891169335452904,0.002286881151214564,0.0024145786103421324,-0.0073380088059693035,0.0018791174993639359,-0.006606275136664891,0.0013827392793683499,-0.004846384878833007,-0.00011971053553328658,500
22,log_oil_lag1,0.0018464181956029462,0.005369605082447201,0.004952717616544895,-0.007291680921608711,0.013367157381641109,-0.006075453492345949,0.010251884541843831,-0.00258594322375473,0.006605454067287224,500
22,ffr_lag1,0.0022408373316111663,0.0013942364457920791,0.0012391049657702255,0.00012881805842278806,0.0051029513976106585,0.0004943217059234005,0.004576654848476704,0.0011874807871887977,0.003576726212845464,500
22,log_rwage,-0.11374064787386588,0.035079193576343905,0.03123507272236149,-0.16658883220452667,-0.046514715303465404,-0.15534847442012964,-0.05256209153507359,-0.13885295841466236,-0.07724559630624943,500
22,age_mean,0.0038364184062631016,0.0018524510802427794,0.001823205878847361,0.0003297736695892814,0.007524222190020602,0.0008032932498366966,0.00689292412015903,0.0020414965409294296,0.005590332815390832,500
22,female_share,-0.10160098385058974,0.05683234631753919,0.050666117366408976,-0.20230858945876726,0.00203267557576699,-0.18140288522626807,-0.01887712512672561,-0.15116486651321803,-0.05030395744483762,500
22,married_share,-0.013409189823432992,0.04664608215000574,0.04213602372965736,-0.10217508695737879,0.06643416757092793,-0.0824498044207195,0.049563525504533884,-0.05664308550167074,0.028947162669082427,500
22,hours_mean,0.0004935848198354797,0.001905605607180492,0.00180698744637146,-0.0029134493326599363,0.0037666005016512316,-0.0023532777174702963,0.003396548411804604,-0.0013552108598377712,0.002220657814400593,500
22,unemp_rate,-0.36182342414241,0.05486529698155703,0.05528980053826261,-0.45680321735676005,-0.24387850707374847,-0.4387425380630927,-0.25732810746076196,-0.3997632264001535,-0.28979190613121286,500
23,intercept,-1.4736253041684417e-8,0.0023653213924337895,0.002072770720957981,-0.00309598885981146,0.004251685344592424,-0.002687275122751192,0.0037397249050353525,-0.0017082734967377574,0.002469949287665748,500
23,shock_x_ind1,-0.02399713166857806,0.007316722462209065,0.006905042763607673,-0.036746896909953676,-0.009790974822791034,-0.0353169008763634,-0.012119746848295445,-0.03135942815211819,-0.017695637472816536,500
23,shock_x_ind2,0.0025001313357069887,0.010318635715336274,0.010846349232937137,-0.018740296604572,0.02546033571452664,-0.015514432219609228,0.02061550545724267,-0.007618814761779448,0.013036576563196524,500
23,shock_x_ind3,-0.003052728988110744,0.0041174088694214675,0.004326650850263775,-0.011371788100613133,0.004841441011248947,-0.010145005935334486,0.0037937484775967534,-0.0078049495153891335,0.0011172648405644325,500
23,shock_x_ind4,-0.001508262625489656,0.006079174204181448,0.0059641126061144,-0.012856446507633179,0.01117458154445562,-0.010184648740613946,0.009474788547184013,-0.006736992449507734,0.004985700448437901,500
23,shock_x_ind5,-0.0011958203263480968,0.0038317909906320996,0.003681213107497276,-0.007992707561275302,0.006161440865937432,-0.006921735346239027,0.005252431863724368,-0.004873630502171412,0.0025023612183923557,500
23,shock_x_ind6,-0.001365428117271679,0.00378779641158729,0.00388587387557327,-0.00833467183824015,0.006038256461245234,-0.007507680775567805,0.004989313428119929,-0.005336914333060319,0.0027680961990908,500
23,shock_x_ind7,-0.006937291379677102,0.005814756974612975,0.006236844060345319,-0.018089008169228815,0.005068884978017313,-0.01692002853172412,0.0035398061917429747,-0.012989986821923673,-0.0001959973325384908,500
23,shock_x_ind8,-0.006322447766591519,0.004517707352371284,0.004413405071922176,-0.015144443354811663,0.0020341512201978444,-0.01416289464063764,0.0006915980519395267,-0.011220213972088364,-0.0021710626413033625,500
23,shock_x_ind9,-0.006858595014184522,0.0039285518892563116,0.003959647056770486,-0.015041054638403984,0.0011510461831352903,-0.013305270630191657,-0.0007851570320308142,-0.010839213250242327,-0.0029276183787408394,500
23,shock_x_ind10,-0.00875181377091838,0.004795608030253768,0.0047994312993959775,-0.017787821697687105,0.0008417185947673253,-0.016551611767984756,-0.0007698805519622579,-0.013477904784105842,-0.004316793578663851,500
23,shock_x_ind11,-0.0009087842275663088,0.005056241204526528,0.005095499090809112,-0.012186710340346088,0.007913366801800641,-0.010209788770799115,0.006019188442902633,-0.006170766899175747,0.0035591673818131772,500
23,shock_x_ind12,-0.00041424419531181455,0.0026624219723311183,0.0028444675155534704,-0.005941237354874879,0.005049271541043171,-0.0049843772378866695,0.004200447555892942,-0.003366651540357688,0.0020461127964539155,500
23,shock_x_ind13,-0.0019699363063611242,0.004726257004574144,0.0048021093414377,-0.011380535432775805,0.00779343034656905,-0.009785906475512522,0.006101085792997616,-0.00652194253952275,0.002829576903985331,500
23,shock_lag1,0.0010269097796474296,0.0023316921189741446,0.0025503401422437865,-0.003681776451848091,0.006253751381129626,-0.002856691660748167,0.005402188522561771,-0.0012768525973559988,0.003824019178354802,500
23,shock_lag2,-0.0022670735519718585,0.0021402916760250652,0.00218453060075355,-0.0061745729277295335,0.0021713995932116474,-0.005670897214320674,0.0014649876220117668,-0.004383446524512411,-0.00020427010017128334,500
23,shock_lag3,0.0007496180589645421,0.002085772675025516,0.0021774087247195643,-0.003340806900899187,0.005343022352883423,-0.002572169060545896,0.004344222831415186,-0.0011679426683722125,0.002979657225586883,500
23,shock_lag4,-0.002106401958766675,0.002114300743347574,0.0022155009839231144,-0.006190339464292539,0.0022967417806054324,-0.005711906068636079,0.0017470548528701433,-0.004266727275469448,0.0003070316876678775,500
23,shock_lag5,0.0003370364741912015,0.002302025067207671,0.002297661109594067,-0.0039112801022383945,0.005261401098059892,-0.0033162978099753365,0.004139033908077223,-0.001813280571353233,0.002723552046801784,500
23,shock_lag6,-0.0003461815562697709,0.0023823404275661693,0.0026686115877919956,-0.005409090767338983,0.004849348026514631,-0.004786991313212577,0.0039281619078562,-0.0032333461525088534,0.0022228552571817322,500
23,shock_lag7,-0.00452387153050804,0.002578766992007978,0.0025988857972932904,-0.009119067308324388,0.00050242277780004,-0.008574712701176697,-8.12310997686295e-5,-0.007128951709076868,-0.0018180590495563923,500
23,shock_lag8,-0.004573069992895249,0.002189104836725587,0.0021845690698672005,-0.008832229663609536,-0.0003776416869496253,-0.00796069353896075,-0.000873917910229692,-0.006724023109691705,-0.0023686475187039108,500
23,shock_lag9,-0.0024387577928338764,0.002495040248135576,0.002460759732115898,-0.007828151915029188,0.0021046811970075034,-0.006929883250167898,0.0013415716009920397,-0.004968320030852519,-0.00031505157351209014,500
23,shock_lag10,-0.0007590387798270656,0.002141019866580655,0.0021976124515897806,-0.005108975550092189,0.0032896469424001,-0.004405733817600353,0.0028242696776412703,-0.0029472473598805473,0.0015370119166938636,500
23,shock_lag11,-0.0010575750311369082,0.0022282013461492538,0.0022431556406857026,-0.005460440992876562,0.003563486860608822,-0.004494350829833492,0.002914147352687653,-0.0030722655586284207,0.001269657040981279,500
23,shock_lag12,-0.005070343340106523,0.002372012175321262,0.002628803021751806,-0.010370341326919968,4.227739692381688e-5,-0.009916565753402001,-0.0007731974857809616,-0.007813709587998529,-0.0027589233442730714,500
23,log_oil_lag1,0.0007333119709974752,0.005529988740683692,0.005145831343499709,-0.00824866559187782,0.011699003572427674,-0.007233603070814546,0.009976143870553308,-0.0042135733498039505,0.006500308412153415,500
23,ffr_lag1,0.002633784124198343,0.0014292158558781886,0.0012926401833269108,0.0005602508469331059,0.005677905860498165,0.0008845599218542054,0.005193002006717342,0.001622133402477788,0.004179170861565089,500
23,log_rwage,-0.11399141261672434,0.03344469474253513,0.029346521705656027,-0.16080386339609784,-0.044141564804639495,-0.15408203050335578,-0.05574908004443383,-0.13520257801509514,-0.07800082861609683,500
23,age_mean,0.005078664103735858,0.0016906912314967523,0.0017110570566469278,0.0018202791754828485,0.008416016089515053,0.002126400522372888,0.007847597492110399,0.003412841319832734,0.0068521215500503465,500
23,female_share,0.0038767289372738135,0.04862168663615534,0.04938208903529398,-0.09281398913256945,0.0981660792423337,-0.0732477339117569,0.08496931195879913,-0.043475024844561616,0.050644544681144515,500
23,married_share,-0.06225928149513997,0.04811256892557958,0.04757941438267123,-0.16707804355435807,0.01922508587547602,-0.15681812998277944,0.004573876547137392,-0.11014011428428364,-0.01921531223519185,500
23,hours_mean,-0.00023626491541039858,0.0019359069952954837,0.0019424333596699075,-0.0035272166528048576,0.0036454863461878374,-0.0031464906241639654,0.0029404232549179745,-0.0021328644189063046,0.00178872308876196,500
23,unemp_rate,-0.35378222013338445,0.054893022154406744,0.05296591906520387,-0.43709395434752196,-0.23371447146355,-0.4206157262919217,-0.2506680625728645,-0.39036438816968394,-0.2850564674701829,500
24,intercept,-1.0709421990906331e-8,0.0024381931138428613,0.002090405428115532,-0.003288984637881245,0.004417544678285531,-0.002735832668401617,0.003952805199511141,-0.0017731679832574854,0.002530465268439884,500
24,shock_x_ind1,-0.017426548086797333,0.009280200014509438,0.008081329038992792,-0.032644993823159024,-0.0009386840306201267,-0.030407279423726414,-0.0039219374412131055,-0.02529368796121013,-0.009108405391961165,500
24,shock_x_ind2,-0.005517670507386944,0.011291090477989027,0.011643745111564569,-0.027950167677575643,0.016455362862882305,-0.023653979677225972,0.013276672413742474,-0.01708237608223625,0.006075417019995836,500
24,shock_x_ind3,0.0012515094692830844,0.0042760880829896845,0.00456805211028805,-0.007378771361336637,0.010057611607791384,-0.006343072076831408,0.008631919113470827,-0.0033795963343372266,0.005544153565231446,500
24,shock_x_ind4,0.0023147863425141513,0.004818596748744628,0.005011145668508366,-0.007679348383059075,0.011594206556677158,-0.006287407706480087,0.010633583367900542,-0.0028239469815399426,0.006938265585452056,500
24,shock_x_ind5,-0.00417237042625345,0.003892209181255039,0.003942416101380585,-0.01203897778465874,0.0033405479496399207,-0.010806312141473571,0.0022243922168987346,-0.007885562381977239,-0.00023891356026509018,500
24,shock_x_ind6,0.0057958495408461565,0.0038936264412986633,0.0040204441551084935,-0.0021916515319515065,0.01343316460235795,-0.0003291403807724359,0.012478398332451637,0.0017922176385009065,0.009834931172679256,500
24,shock_x_ind7,0.0009800498819417746,0.0059965498517741715,0.006304024254010469,-0.011047186755624432,0.012755923309905968,-0.009458810127388653,0.011311343611855103,-0.00505811891415928,0.00697154327486385,500
24,shock_x_ind8,-0.0046259962860368455,0.0047080148474606094,0.004577763934181826,-0.013731506995887512,0.0047840504298271875,-0.01162704307248324,0.0029841133609826037,-0.009096800225829252,4.3356398176225535e-5,500
24,shock_x_ind9,-0.002336571872360711,0.0037581228799950057,0.0038036822081536975,-0.009519209938707144,0.00563494303125921,-0.008354870086247372,0.0040193828676567565,-0.005746778297377649,0.0017364934335987565,500
24,shock_x_ind10,-0.007798978308918981,0.005552225890917113,0.0055743238577211935,-0.01771797027400014,0.004075301664676182,-0.016315429749369576,0.0018973320667587273,-0.012839884565597154,-0.002274469277280455,500
24,shock_x_ind11,0.009785916748760174,0.0062285167987681505,0.006305162514685043,-0.0022902115308320323,0.022021225359476777,-0.0006266714708527822,0.020227839627930913,0.0033532413267023317,0.01599761204179398,500
24,shock_x_ind12,0.0003930762224959858,0.0028425161059835767,0.0028574796309631216,-0.005059074789694208,0.00567491092385705,-0.004439352091468681,0.004719126196006899,-0.002315977350801054,0.0032041417976058357,500
24,shock_x_ind13,-0.002653062191114609,0.004078036769689132,0.004275701630212652,-0.010220661349258042,0.005597678906429683,-0.009303692972891195,0.004092907536344519,-0.007189855329795335,0.0017285355644795749,500
24,shock_lag1,-0.0012443865451421433,0.0022728886953774174,0.0024116928590780288,-0.0054667016710958916,0.003427110506918296,-0.004786011561701929,0.0028986071641657644,-0.003493616068802074,0.0013608082482497901,500
24,shock_lag2,-0.0007596363035856986,0.002351117503195075,0.0024158730405273604,-0.0052410352578002965,0.00409974713930772,-0.004373891324300956,0.0034610060384885873,-0.0028856079532900104,0.0019995561729934798,500
24,shock_lag3,-0.001338413036904514,0.001990070869731769,0.002180391859398201,-0.005554476151207128,0.002835644695324347,-0.004964315426857095,0.002236260212023829,-0.003745268655250151,0.0006108620046029469,500
24,shock_lag4,0.0002854569007398136,0.002391727270369311,0.002473797291664839,-0.004484243259607864,0.005373210547178269,-0.0037515779601937195,0.0045362693421602965,-0.00222711509478865,0.0026852589638396247,500
24,shock_lag5,0.00016063558397143017,0.002337650097628256,0.0025264924825417557,-0.00453568870804733,0.00515114771760848,-0.0036256759158182733,0.004609926933225878,-0.0022206837954860913,0.0029464543434618473,500
24,shock_lag6,-0.003798840495890801,0.002410945029448286,0.0025065651525285016,-0.008559861435676608,0.00135159226360801,-0.0076785432881581114,0.0006696127581596841,-0.006139329951933345,-0.0011583223882067474,500
24,shock_lag7,-0.003838701663055978,0.002504166569120915,0.0024805059132866937,-0.008146391232264698,0.0013256443221631,-0.007704989544798049,0.0004723780183068599,-0.006270022598707186,-0.0012685106339963813,500
24,shock_lag8,-0.004537865629053388,0.0023988696727180823,0.0023607354473993195,-0.00950589105842281,-0.00034419873719948867,-0.008502817244324116,-0.0010282587391270963,-0.007048997296323618,-0.0024235366427090912,500
24,shock_lag9,-0.0019089543529608166,0.002511943827494951,0.002540800116925322,-0.006642166058621252,0.003255087332440061,-0.005964627902947619,0.0023576860542780156,-0.0042005575193326695,0.0008208004437479253,500
24,shock_lag10,-0.0003861453942264451,0.0023926212469637734,0.0023833350123388173,-0.0056226068468798055,0.0036221931929094715,-0.004788144662737967,0.003011414066333899,-0.0031190916580685207,0.0015893006585645777,500
24,shock_lag11,-0.0035069541374275134,0.0023426363309824462,0.0024830014690984796,-0.008161373144672359,0.0014933562129007638,-0.007323676022496628,0.0008609131216925964,-0.005796165311155416,-0.001062685353921785,500
24,shock_lag12,-0.002402252551916505,0.002470609395049383,0.0027063475512679033,-0.00854295433127002,0.0021774697258255035,-0.007445670118947743,0.0012166880717080892,-0.005488504958433539,-0.00027127758051216763,500
24,log_oil_lag1,0.0011170654367109985,0.005365069950081067,0.005207753187249283,-0.007872706251426399,0.012330231507325064,-0.0071332352347689846,0.010118994153014212,-0.0035610448630760704,0.006312214509445373,500
24,ffr_lag1,0.002314988406485237,0.0015270310654846065,0.001418533028519012,-9.383603230108607e-5,0.005311672676377629,0.00021482256335586216,0.0048176723169827745,0.0010707696078292043,0.003780372050512885,500
24,log_rwage,-0.12463149678460549,0.031121011188923155,0.02917554757034023,-0.17087971584827663,-0.0573725046267895,-0.1622780834769784,-0.06989730642852328,-0.1483921416925657,-0.08769324472529623,500
24,age_mean,0.0044414785541603535,0.0018765489410865076,0.0019016449165937704,0.0005481580460483954,0.007845774880063302,0.0010244478039137563,0.007441722094702479,0.0025013814262753063,0.006081533735428512,500
24,female_share,-0.019390742305578575,0.05422684203086894,0.05063521283622261,-0.11709500408506336,0.07435686921339207,-0.10633858851914212,0.058512856632254695,-0.07230847933679527,0.03303419128515736,500
24,married_share,-0.06878378424544136,0.049672126651249475,0.04783027810839784,-0.16172680511362802,0.019822795934896685,-0.1490840145161206,0.009016754076810813,-0.11690913186679969,-0.01882448865724875,500
24,hours_mean,0.0004394617766296332,0.002084813074556796,0.00207956934725196,-0.0033309641310053403,0.004657795288330691,-0.0028119082620758746,0.0038183820766106297,-0.0015473935702180071,0.002554681950834828,500
24,unemp_rate,-0.3535390953583243,0.05895538774595646,0.05744728707178521,-0.44724163014259954,-0.2318421899263797,-0.43022745257378386,-0.2510950955055247,-0.39546789302954743,-0.28592058253934727,500
25,intercept,-9.734187343487494e-9,0.0024723239107117857,0.0020888964476407676,-0.003850462283160579,0.004851225255208551,-0.0030377007024548464,0.003926861564233439,-0.0017570191730682607,0.0023054848833918705,500
25,shock_x_ind1,-0.016739640310916206,0.007466803548896096,0.007650793068464551,-0.031025014654027655,-0.0015219949330201234,-0.02912840377125999,-0.004169886683222428,-0.024504565688516416,-0.008997932365355336,500
25,shock_x_ind2,-0.007529746881826995,0.010041802471394716,0.010238543991180392,-0.027060787697442943,0.01247178861941961,-0.024082894027029088,0.009683884145153775,-0.017208213175652333,0.002404388544311977,500
25,shock_x_ind3,-0.007179385723721572,0.00482846616279904,0.004612017853634418,-0.015606094336563292,0.0016919683350317598,-0.014341972130105131,3.153739098419701e-5,-0.011724297130751331,-0.002574196502167725,500
25,shock_x_ind4,-0.010136630663451088,0.005470156121426997,0.005055385316370527,-0.019975220035972307,-0.0011134637137261848,-0.018254973379070207,-0.0018869039009459891,-0.01519424702495538,-0.0052075180308700135,500
25,shock_x_ind5,0.0027738290770172105,0.004446566441173954,0.004538876159068276,-0.007032265757358369,0.011729364234504762,-0.004509453313661149,0.009918605332769219,-0.0019761212364853347,0.0071283163834114475,500
25,shock_x_ind6,0.004487312453746755,0.004467415565744264,0.004521877168408336,-0.003408917306967515,0.013357328038757993,-0.002336637783933705,0.012104518865495923,-0.00029941846922727897,0.009014155596965745,500
25,shock_x_ind7,-0.0003618873181169558,0.005785808855460106,0.005334417915894513,-0.009870639851074805,0.010621817069394975,-0.008831963451347239,0.00863504224682377,-0.005724994696054821,0.004788093287056792,500
25,shock_x_ind8,-0.006172792077753556,0.004409620781790614,0.004495555962117128,-0.015108718840251879,0.0020990396068835205,-0.014233786037127612,0.0007985427622855028,-0.01122776401512858,-0.0020588676009751783,500
25,shock_x_ind9,-0.0028057651354214566,0.00468205764820948,0.00458605136818803,-0.011933567860849748,0.005451981929356876,-0.010695391276458518,0.004239355687539833,-0.007422678423618249,0.0012897955762744065,500
25,shock_x_ind10,-0.010886712741465458,0.005297718730723241,0.0056693607643602565,-0.022492140929884368,0.0006027010494965117,-0.020627419240708753,-0.001517821786058078,-0.01613241070410174,-0.00509528253143857,500
25,shock_x_ind11,-0.0032904330009675756,0.005300713319183017,0.00522753025300971,-0.013907502625325145,0.006044578156224736,-0.01217425783175678,0.003915016376230324,-0.009361351277398903,0.0012536315150784962,500
25,shock_x_ind12,0.004452635244535487,0.003019558766910391,0.003149150922578643,-0.0014549408552867681,0.010574283570604436,-0.0005663115321827661,0.009690777068462253,0.001165696559198335,0.007535464708286126,500
25,shock_x_ind13,0.00015479127441932926,0.0041648738453339456,0.004075366650680824,-0.00710872758544534,0.009592028286064919,-0.005889800041642478,0.00789039659815343,-0.0031355842362241234,0.004909205100946485,500
25,shock_lag1,8.269676472986954e-6,0.0023449182164465223,0.0023875697025832897,-0.004472979458426666,0.004726366956623592,-0.0038520278073636612,0.004117674111153525,-0.0022146399117664614,0.0023519529582852884,500
25,shock_lag2,-0.003462550040139908,0.0021695592873893525,0.0023190436250705394,-0.008217147636117972,0.001089353842565664,-0.007468656755362345,0.00020301523040879103,-0.0056971836071516265,-0.0012014351124671487,500
25,shock_lag3,0.0009991444074028885,0.0022272742526223735,0.002465559311877685,-0.004021518128213549,0.0056271426102338165,-0.0031896818308801873,0.004871299806152243,-0.0017792713850434663,0.003252228235609869,500
25,shock_lag4,-0.00034040947609167483,0.002474854347064541,0.0026481607970343306,-0.005411113864295815,0.004256887536593098,-0.004790354092647388,0.0035941377297121413,-0.002917591819300135,0.0023352221741536183,500
25,shock_lag5,-0.0035575434069471668,0.0025022555158281177,0.0024335273593480977,-0.008036383269097041,0.0010358212586637269,-0.00748022229414203,0.0003704350270227752,-0.006158093307599286,-0.0011858640047799566,500
25,shock_lag6,-0.003361166010013528,0.0023148594039700578,0.0023343601011231526,-0.007717168728894139,0.0016210884499673333,-0.006888563428815811,0.0006620069286444117,-0.005382797921007486,-0.000768990559812841,500
25,shock_lag7,-0.004455224551435759,0.0024121010708017775,0.0024806295306322983,-0.009162770769874623,0.0004863411934338405,-0.008509535001446175,-0.0002595374750050758,-0.006750202017145868,-0.0018931052400328824,500
25,shock_lag8,-0.004155314126466052,0.0023519195131120924,0.0024861962676512063,-0.009431598581668262,0.0003153704441758551,-0.008332737571657856,-0.0004119839208156851,-0.006674468216038031,-0.0020146669163866484,500
25,shock_lag9,-0.002057226048922475,0.0026028548900175193,0.0025598228547504096,-0.007321790745458396,0.0026990694643086576,-0.006465200617194166,0.001907345172540826,-0.004491288719380901,0.00046080446888938347,500
25,shock_lag10,-0.0028308996001796573,0.0022520638101122523,0.0023608776381115856,-0.007802634032842626,0.0016104250935717243,-0.0066951680398637595,0.0009574439920642219,-0.0050482897510974265,-0.0004313622250648467,500
25,shock_lag11,-0.000648857824045071,0.0024797727211365106,0.0024975894279087407,-0.005717662286044875,0.0038174944753696207,-0.004862593389259024,0.0030612247855944866,-0.0031769208577006967,0.0019310834105733393,500
25,shock_lag12,-0.005859195350958199,0.002703212303154937,0.0028657305144352994,-0.012162491648756171,-0.0009583660503212723,-0.011154848523009553,-0.0017194553483707402,-0.009026149523741311,-0.0033634925713936577,500
25,log_oil_lag1,0.0014276271824701775,0.005602251806600137,0.005255991488947386,-0.007429684757265234,0.01369165594777801,-0.006041930020048072,0.010933922863694412,-0.002774615833070532,0.007338154541084707,500
25,ffr_lag1,0.0018750194016382555,0.001474244248121655,0.0013701779121170108,-0.00041452448299843264,0.005072702808258041,6.016722749453931e-5,0.004495195801180996,0.0008144001307680605,0.0034698095864045897,500
25,log_rwage,-0.14977463659752532,0.03178765228205371,0.029567872256404303,-0.2029530076995733,-0.08402520177358141,-0.19440838913179342,-0.09787464668068782,-0.17444314023466231,-0.11495601253088869,500
25,age_mean,0.0044823108011217624,0.0018975267241228956,0.0019332995117632486,0.0005662099571893823,0.008144524680068418,0.0011986508734124599,0.0074757519968070086,0.0024188295811375586,0.006375111518443039,500
25,female_share,-0.0902935954934657,0.05042106187713763,0.04789291046095681,-0.17975249089927461,0.0004761892454947302,-0.16744968806949506,-0.011795434632160874,-0.1359120707102114,-0.039238798661285566,500
25,married_share,-0.034368578291554576,0.045845090339456086,0.04305417054941499,-0.1113819046971139,0.0489295009910785,-0.09981911022824248,0.04033916188718565,-0.07480810732683191,0.012804814351037044,500
25,hours_mean,-0.00020793298497353942,0.0017934815369163282,0.0018079872821201038,-0.00372535090059939,0.0034316893937291187,-0.0033288198359109956,0.0026739051784241672,-0.0021956565124030946,0.0015014047830909385,500
25,unemp_rate,-0.3686017135613628,0.06150421755460823,0.05976199153117625,-0.4653705219256381,-0.22653557970878407,-0.4512502476998556,-0.25863590047319523,-0.4169853542368367,-0.2985485023992246,500
26,intercept,-8.525803587234302e-9,0.0025590805919400708,0.0022095373771259365,-0.0040887466977314255,0.0046128873744983884,-0.0032981635131678396,0.0036889741477742865,-0.0019354914137819717,0.0024408909793817092,500
26,shock_x_ind1,-0.0057779509064775905,0.008131440781296934,0.008582921052685448,-0.022326973528384583,0.011874738161363765,-0.01858453848534844,0.008902627769609992,-0.012914386175995024,0.0035268296923967727,500
26,shock_x_ind2,0.007129446377620539,0.009501262848046097,0.008986571470721636,-0.008977601209857945,0.024859498287252008,-0.005429279618457805,0.023122353467514126,-0.0013036656447445523,0.016703145239573444,500
26,shock_x_ind3,-0.005017721818402796,0.004326638163196865,0.0044104570857659035,-0.013484923626238678,0.0031843729579355386,-0.012601932472425418,0.0020528927722978157,-0.009568953021111978,-0.0006892166325024257,500
26,shock_x_ind4,-0.003937675766420464,0.005363022246022572,0.005496434272606131,-0.014556050914630568,0.006858366219046126,-0.012952804613624322,0.0048949802844296154,-0.009285979636965827,0.0018680300498264881,500
26,shock_x_ind5,-0.002942681325097564,0.0038911531928150847,0.003885233930328814,-0.009668471601830864,0.005274727907988157,-0.008535059265749555,0.004036168608678494,-0.006512131376860486,0.0012417087471352484,500
26,shock_x_ind6,-0.0007515920423901284,0.003574617094072206,0.0039037127390548552,-0.00877408455076856,0.006976337037460518,-0.007727952372148095,0.005727730818951891,-0.0043711898413977875,0.00323554340193988,500
26,shock_x_ind7,-0.003864466469621727,0.006894335259296247,0.006339201541241817,-0.0153810815527093,0.009924109200760057,-0.013112297401721094,0.007115442222523662,-0.009752966623685619,0.0025879452651703465,500
26,shock_x_ind8,-0.00705245996700774,0.005044586337208801,0.00508890377459657,-0.017091272135652702,0.0024368987252793217,-0.01584452562921024,0.0010240003391308668,-0.012171710705438111,-0.0023016102906786478,500
26,shock_x_ind9,-0.0013754855572033493,0.0038973385382205356,0.004015861005305639,-0.009870022858270145,0.006251279535883063,-0.008057260018222654,0.005059529372029837,-0.005292569185347165,0.0022903884578312312,500
26,shock_x_ind10,-0.013358047693203605,0.004705146910202605,0.00475650244892811,-0.02320001307407183,-0.003945665596700465,-0.02080826406688155,-0.0057110012463231245,-0.018408794596045063,-0.009108154699187543,500
26,shock_x_ind11,0.005503102205266489,0.0054018971296115915,0.006038969689824755,-0.00617826516646987,0.018281179230773752,-0.0035804373969229053,0.016159591754711645,-0.0006019686572010699,0.01141169052616923,500
26,shock_x_ind12,0.00250070304541529,0.003490840207073325,0.0036131906709635456,-0.004897184369801681,0.009547877636646548,-0.0039138548071610026,0.008643116774430502,-0.0008195292650547098,0.006168002701060504,500
26,shock_x_ind13,-0.005465240723502563,0.0039631245581570555,0.004031404026401216,-0.012573847750201008,0.0032853108673518696,-0.011758475963409757,0.0015213699803914146,-0.009429486715918476,-0.0015342122885556016,500
26,shock_lag1,-0.002297328987110376,0.0022714540078996844,0.0024103148905261244,-0.0067480599122943866,0.00222968628299975,-0.006284038220851969,0.0014972155576357035,-0.004858701448967577,6.698913795718206e-5,500
26,shock_lag2,-0.0007560258356837184,0.00241620500930647,0.002400838323164797,-0.005395021994863044,0.003986301731375499,-0.004402440617204592,0.0031097290969382893,-0.0029674567742224663,0.0018247551164944933,500
26,shock_lag3,0.0006128694250938139,0.0020859803663622594,0.002165216571238051,-0.003435936941090416,0.0050101776628090604,-0.0029663378540052696,0.004377111926370006,-0.0013197342694474918,0.0028214994866570175,500
26,shock_lag4,-0.003694922928153773,0.00259236010529789,0.0026492986462002426,-0.008907762920024754,0.0011976999681745522,-0.007875918848922416,0.0007074547299511607,-0.006269360623983887,-0.0010024450760923835,500
26,shock_lag5,-0.002987318147705339,0.0025084592906338492,0.0025259125004600913,-0.007843552320862533,0.001818121091140526,-0.007099222627059164,0.0010926598977555664,-0.005343831554419264,-0.0003734656671119402,500
26,shock_lag6,-0.003626563043439832,0.00244022173081814,0.002545097751680553,-0.008785496721466732,0.000896670701554922,-0.007866695602811847,0.00021106396185261795,-0.006284428019392753,-0.001124729910811808,500
26,shock_lag7,-0.0038477726385143488,0.0025395266475915232,0.0027103627289783955,-0.008791951871040123,0.0012610934888830287,-0.00835754006565727,0.00038252793763289626,-0.006656727578378357,-0.0012608440767744196,500
26,shock_lag8,-0.003923369827262773,0.002504462774073283,0.0026593356123713824,-0.009393328252731339,0.0006605313594252365,-0.008457681001821303,4.3470094155588886e-5,-0.006956720089362631,-0.001228282681099164,500
26,shock_lag9,-0.0044164107969699665,0.002639975189459897,0.0026869514200763434,-0.010133222466059433,0.000510437069729346,-0.009000810516381548,-0.00022765279811071186,-0.007174470069203642,-0.0020152497647512213,500
26,shock_lag10,6.885285029364646e-6,0.002640334407115176,0.002734389595402261,-0.0057662242649884135,0.004496927831141778,-0.004950719336534717,0.00409761887649332,-0.0028470403134692682,0.0025573427990367003,500
26,shock_lag11,-0.003850006173219142,0.0027084745432858037,0.002888409851944548,-0.009406449094348034,0.0016947002050986032,-0.008173723901900114,0.0010401113448203774,-0.006526697105290891,-0.0006117927285448267,500
26,shock_lag12,-0.005087305671238821,0.0025986925762820595,0.0028429096955462263,-0.011190241493461175,-0.0005027682966369718,-0.01040777424562178,-0.001216119432460333,-0.008151831354731935,-0.002606745971580183,500
26,log_oil_lag1,0.0012036291069167186,0.0055121172344286444,0.00510099000137638,-0.007470609507161059,0.01276430178482373,-0.005772549583831388,0.011395732855444344,-0.0024434701696949227,0.006858690380318062,500
26,ffr_lag1,0.0017142811078658955,0.0015443216129385645,0.0015217194872088236,-0.0006924925498851561,0.005182808026540477,-0.0001768058996612749,0.004675590360590409,0.0004890284657979656,0.0034266152997134884,500
26,log_rwage,-0.13414696538172968,0.03265174181449682,0.03016933193303966,-0.18623446687966394,-0.06729233910009111,-0.17818145602865598,-0.0777773320117568,-0.15415102001440387,-0.09723658756582566,500
26,age_mean,0.0032837316760802302,0.0019745826981886535,0.0019318297071150303,-0.0007527373991983114,0.006785547147909948,-0.00021896697811981837,0.006222218430249354,0.0012117214250152793,0.005172029260299817,500
26,female_share,-0.119485628657771,0.053233258879257964,0.05430306440545338,-0.22303103909021493,-0.012147558891136143,-0.20407940824907628,-0.03253381648945063,-0.1691193933049056,-0.06033650715216771,500
26,married_share,-0.05709532064721111,0.043317873187822695,0.04213683675924451,-0.13261231718870248,0.02977048593501127,-0.12381258607847721,0.01476833006289563,-0.0954045430669346,-0.010667116756139324,500
26,hours_mean,0.00043796623110880855,0.0021178216643270064,0.0020922308936307866,-0.0037109303986383292,0.004574446612806517,-0.0027979515267860817,0.00414170009049703,-0.0016266985450478595,0.002409840020767471,500
26,unemp_rate,-0.3659156515357228,0.06432753792911242,0.06115886467278062,-0.47881955611203786,-0.23707212938588978,-0.46460678232136515,-0.2606414993473,-0.4106520706631861,-0.2915467369013942,500
27,intercept,-4.176511573464147e-9,0.0025908082304399085,0.0023060618999155014,-0.004245892735243211,0.004900137870525375,-0.003356128832783205,0.004065811009495545,-0.0019259589228991466,0.0026164265883763067,500
27,shock_x_ind1,-0.011157868641237426,0.007661446764573103,0.007842619583814556,-0.0264352873534636,0.004747759990467695,-0.0239799291638783,0.0017221613328619464,-0.01949303480260141,-0.003581008792777701,500
27,shock_x_ind2,-0.0026706069555586785,0.012580269553750127,0.012548931840791788,-0.026650649850617162,0.020840974544011043,-0.025224527175421264,0.018403036510024874,-0.014112942711010372,0.009245856574408353,500
27,shock_x_ind3,-0.0025131029685398387,0.004303078552149763,0.004059215127476972,-0.009546675824936719,0.00539071126483992,-0.008551428009606081,0.004549846387442675,-0.006758569591058352,0.0014530483468622175,500
27,shock_x_ind4,-0.0030696746740428785,0.005067559177989476,0.004925992736315648,-0.012412718338466133,0.006619713105771634,-0.011256362732584516,0.00498553665251745,-0.00833704140091723,0.001680359629760107,500
27,shock_x_ind5,-0.002149152000238594,0.00409760444605461,0.003801698751655342,-0.009775963162034718,0.00528194103195479,-0.008389407627148996,0.00420304519607807,-0.005775139000518627,0.001602979342047165,500
27,shock_x_ind6,-0.0005973084080712108,0.0045522033800871825,0.00468372106669479,-0.009655298579218503,0.00870740050515817,-0.0076947810763964486,0.0077711003286028285,-0.004969909070412424,0.004189761095651614,500
27,shock_x_ind7,-0.00369574334497017,0.005152415863625634,0.005561540791813875,-0.012971538613022946,0.008641658336900525,-0.011757091824197805,0.006086240925133548,-0.008899453572288468,0.0017615422165608025,500
27,shock_x_ind8,-0.008953877496088725,0.004583246624522717,0.004515880866095012,-0.019042915292845495,-0.0005767841745536628,-0.016727026573213705,-0.0019318128322706794,-0.01384136444239493,-0.0048818173347898175,500
27,shock_x_ind9,-0.007262200195861054,0.004489080486607911,0.004097033260807142,-0.015914867998825983,-0.0008192204325642457,-0.014449161389140382,-0.001589597202207043,-0.011732952809820289,-0.0033403121613153307,500
27,shock_x_ind10,-0.012809080646521852,0.005775621747426879,0.005609448945553205,-0.023917763877515513,-0.0022877193661720295,-0.021892497891617416,-0.0037309100482600965,-0.01854037435131025,-0.007159037429213204,500
27,shock_x_ind11,-0.0024807122695984342,0.005230142274156096,0.0058040032756931864,-0.01531575482776491,0.007400650626379565,-0.013060455451446056,0.006583720779644226,-0.008762016874999246,0.002747023637507527,500
27,shock_x_ind12,-8.802592054049062e-5,0.004065651883983566,0.003873687331710123,-0.007872832110927173,0.007358591385946916,-0.006698750775175618,0.006056176736554146,-0.003824967957935815,0.003779604917264405,500
27,shock_x_ind13,-0.006601392492933283,0.00440497238703724,0.00457190200851787,-0.01516704179083361,0.0020593276328041473,-0.013870982929792306,0.0010516591203944075,-0.011062551067709007,-0.0022037611738138763,500
27,shock_lag1,0.0003248353775852953,0.0023515417649274772,0.0024478571044844496,-0.004393208795187683,0.005059108765450816,-0.0035347062969272817,0.004389404949587296,-0.0018366025078877819,0.002786485650383374,500
27,shock_lag2,-0.0011421317193341324,0.002499564171560959,0.0025225482634273393,-0.00579374818774443,0.00430852864564411,-0.004851151717164462,0.0033143998910060563,-0.003738305617492343,0.0014179159993677976,500
27,shock_lag3,-0.0024772763129494693,0.0022166657318133396,0.0022252891803724788,-0.007058596914444895,0.0020771875646770684,-0.006027522813419876,0.001169687234540108,-0.004675205656364981,-0.0004975536627032488,500
27,shock_lag4,-0.003073070690077843,0.002522591602558719,0.00254588060199752,-0.008107476677404515,0.002189890169099871,-0.0073522989525062225,0.0010138255602805814,-0.005531993529356554,-0.0005327833463165735,500
27,shock_lag5,-0.002969306941785332,0.002228234016324759,0.0023184633036421724,-0.007847913988564062,0.0011983067043879602,-0.0072057388048339145,0.0005250994830869625,-0.005291077707765856,-0.0008404893072133964,500
27,shock_lag6,-0.0031269047769274493,0.0025215475873346096,0.0025354776846017533,-0.007972385964510113,0.0018865599041534475,-0.0070594442051736235,0.001066656158621547,-0.0054636816175092535,-0.0002638959246033331,500
27,shock_lag7,-0.0035386617342733125,0.002511436510012016,0.00260450121331969,-0.009111731704004557,0.0013300899945339864,-0.008166327096044854,0.0005290284931961641,-0.006469990534987067,-0.0011316856412929652,500
27,shock_lag8,-0.006436811952170697,0.0025205784807416725,0.002873497403858273,-0.012273730043367863,-0.0009564829189542779,-0.010995541310618914,-0.002004539289419318,-0.009015896154005642,-0.0034672148459693928,500
27,shock_lag9,-0.0017095534891675092,0.002843014126948752,0.002924632886440946,-0.007986635086375794,0.003857384156299974,-0.006371279889066878,0.00287051504262459,-0.004523444976947122,0.00111293218599212,500
27,shock_lag10,-0.003036865484658893,0.002683262996051202,0.002964243399179795,-0.0091570283480002,0.002384446550318096,-0.008413314905544873,0.0013992206896462462,-0.005991935457905725,-0.00024392039327146903,500
27,shock_lag11,-0.002879694207724322,0.002679549601710547,0.0027904482256844846,-0.008052679493206202,0.0026257004418105846,-0.007306661015815454,0.001809759357326171,-0.005389622077397003,-2.159349899165117e-5,500
27,shock_lag12,-0.004300252411448253,0.00278520873924115,0.0027879848895137577,-0.009912745394344582,0.0008742234740365805,-0.009054711941035468,-6.488523911114919e-5,-0.007422121106687425,-0.0017559493147666929,500
27,log_oil_lag1,-0.00029031609930146927,0.005752831493724855,0.005184004985968021,-0.009465077204782771,0.010602343610961473,-0.007994396359820391,0.009224855772216498,-0.004778325128591486,0.005225640403525626,500
27,ffr_lag1,0.001186032943725453,0.0015278348202785379,0.0014189698424567178,-0.0014323571217291328,0.004149298369208083,-0.0010920163283411677,0.0036566149996254058,-7.519717623472082e-5,0.002768193451999324,500
27,log_rwage,-0.16134681083000918,0.03484332735698011,0.03169241918499757,-0.22109506667145984,-0.09432428206645471,-0.21026541510351104,-0.10257320116640979,-0.18641954965253804,-0.12386679125377516,500
27,age_mean,0.004548698569757178,0.0018623516185251186,0.0018168170207061962,0.0009417976716025688,0.007758789331283718,0.0015587870536187829,0.007400150344343608,0.0025292715265007194,0.006169797298579206,500
27,female_share,-0.04176142040617625,0.053272765722658266,0.05483724586205852,-0.1361968077837717,0.07229481699899214,-0.12356179198110642,0.05687328734416917,-0.08821484857703549,0.017595726636610208,500
27,married_share,-0.046946968455121765,0.047405923856392,0.04615201156482034,-0.13634248309029595,0.05247483689047602,-0.11802969749978577,0.03694478455347093,-0.0850839824485803,0.0041507594696039585,500
27,hours_mean,0.0024931385814110493,0.0019884229452272616,0.002180412561514356,-0.0019758655157589167,0.006737359809995895,-0.001240619478946609,0.006007801421182277,0.0003479533442259292,0.004559408006849774,500
27,unemp_rate,-0.36659815862720624,0.06940776072007163,0.06989078495900276,-0.4998617478569706,-0.22138952765924721,-0.48130001270392564,-0.24858038933451343,-0.4267116978491167,-0.2864073033937991,500
28,intercept,-9.640164049702088e-9,0.002635646234456921,0.002409635792017719,-0.004346623993476134,0.004920904032147547,-0.00356992343270804,0.004298421254568827,-0.0017796425668305145,0.0029166720129184475,500
28,shock_x_ind1,-0.01808022162782312,0.008072723479694028,0.007888390455192457,-0.03177093673936089,-0.0034085048269177293,-0.03042631784193857,-0.004679421753290359,-0.02622362771627278,-0.010476451505996284,500
28,shock_x_ind2,0.012710479594109004,0.012813741984028855,0.011967404924081522,-0.010439031998947228,0.037862570697167156,-0.005909760503209777,0.03304585878256447,0.0016452547767898085,0.024893141548630635,500
28,shock_x_ind3,-0.0014925219966133109,0.004737676602007341,0.005120046403900784,-0.011271986933740114,0.008758807762239381,-0.00928838596571955,0.007108623233111664,-0.00603979420288811,0.003959593257480321,500
28,shock_x_ind4,-0.0068832812326736,0.004603935654478807,0.004367586182074677,-0.015200899852802572,0.0023565545733583767,-0.01378866063787086,0.0005043442420808188,-0.011207446977461765,-0.0025550818056163218,500
28,shock_x_ind5,-0.0009505401988878182,0.004892481104080864,0.0045094716726999245,-0.009167578781262412,0.008290155162440459,-0.007788768977108957,0.007169065370850268,-0.00487369577699313,0.0038661253289137823,500
28,shock_x_ind6,-0.0001495379278222505,0.0040872372410490606,0.004423018770811353,-0.008512099174860285,0.008941414082251077,-0.006876277868189668,0.007469877226419003,-0.004330129812961743,0.004253992350762319,500
28,shock_x_ind7,-0.0010815365860386641,0.0060342095373447065,0.006274221909712066,-0.013370228900517998,0.012674755150730648,-0.010633907624874274,0.009646953610322242,-0.006969348863602758,0.004726529854226275,500
28,shock_x_ind8,-0.0006211691775363823,0.00506837650671841,0.0051593986246269005,-0.011361841342819336,0.008800736693820064,-0.009654310261901502,0.007162894457187952,-0.006182562409526268,0.004166010984625398,500
28,shock_x_ind9,-0.0086251818072298,0.0043229869228889216,0.004458234695131434,-0.01759579106021757,-4.659600026981092e-5,-0.015622135659026763,-0.001159134778960463,-0.012645476653004613,-0.0037731299472721015,500
28,shock_x_ind10,-0.015270018834443904,0.005548708605403178,0.005576217542262967,-0.025833627005770392,-0.004613956590699289,-0.024485343305191712,-0.006052302753100493,-0.020932384249631723,-0.009699808684208087,500
28,shock_x_ind11,0.007957262051989529,0.005796733696303856,0.005868713706299511,-0.003945798133066647,0.018200356686638483,-0.0022620175085344635,0.017368845320051413,0.0015838586486277531,0.013523401878567685,500
28,shock_x_ind12,0.002509626126537104,0.003946977297987021,0.003845354896061152,-0.004939397080285563,0.01006126876893363,-0.00327229340084338,0.008573875498503962,-0.0013952895997417442,0.00640730396353173,500
28,shock_x_ind13,-0.0011432690092880937,0.004015555957747431,0.004212363176750156,-0.0090628848918507,0.007754042538800391,-0.007845373829734763,0.006262648238001592,-0.005438208202799433,0.0030723382843993387,500
28,shock_lag1,8.24434726748358e-5,0.002556103855361234,0.002691316216302283,-0.0053294573686741556,0.004668766881205175,-0.00467882883579749,0.00441454290455343,-0.0028553383911368397,0.002636611046175544,500
28,shock_lag2,-0.004018685562054067,0.002570666837098522,0.0024283910283243414,-0.008866602230709734,0.000811373112507472,-0.008012174998476958,-2.6820344845538386e-5,-0.0062995650873818,-0.001423773413349904,500
28,shock_lag3,-0.001685048376251899,0.0021683607126794535,0.002297883269492713,-0.006088146919369019,0.0028282474466222404,-0.0055194366826811754,0.0020885691002513174,-0.004026164319539754,0.0004899510532028684,500
28,shock_lag4,-0.0027320212676528524,0.002274259188559373,0.002397466973455555,-0.007483891786476196,0.0018746796116175628,-0.006849665688203967,0.001121490546529547,-0.004956185614940878,-0.00021718885844436593,500
28,shock_lag5,-0.0022894382443010277,0.002601935690026468,0.002691444930483051,-0.007667258537830104,0.0026428989504257592,-0.006788559224604138,0.0022334634611324736,-0.004857929828852483,0.0005243518031115737,500
28,shock_lag6,-0.0026204405966063636,0.0023808377268606422,0.002635046220703272,-0.008161570532544423,0.002059128188654635,-0.0071510941591736935,0.0014481830343242865,-0.0052717440964079095,1.3580173346166775e-5,500
28,shock_lag7,-0.005667638214629833,0.0025885002717059616,0.0026714805452498964,-0.011431968182626024,-0.000406114009190955,-0.009784939949681512,-0.0016203561794948132,-0.008201902848636575,-0.003274046326981703,500
28,shock_lag8,-0.0034603536905358045,0.0025971559698293066,0.002673908040552718,-0.008964528144483709,0.0017572844897786274,-0.007957556457584745,0.0009818844599798525,-0.006313839357852878,-0.001198615076280325,500
28,shock_lag9,-0.0046076251665222515,0.0029178680051723214,0.002991978961934102,-0.011015022754800907,0.0009682913579235573,-0.009809173888194614,0.00011964231649736947,-0.007476912884572367,-0.0017212327766271023,500
28,shock_lag10,-0.001988112311274641,0.0026915127992947125,0.0027530598018786177,-0.0076951481805981985,0.0028054988293046675,-0.006459352939217,0.0022005792041147046,-0.004877505908589102,0.000648724813260013,500
28,shock_lag11,-0.0018200893929463614,0.002493726640706784,0.0025741313553858843,-0.007143104985339977,0.0029242950867424426,-0.006049346792894258,0.0022592715608007736,-0.004101722604631663,0.0006562433681837738,500
28,shock_lag12,-0.0028357963318461255,0.002676546118618028,0.002831050718590887,-0.00898713684208418,0.0024676051998094926,-0.007844332459641754,0.0016576488346276745,-0.005834832702643786,-0.00018612076351132205,500
28,log_oil_lag1,-0.00235772484154611,0.005595082266296686,0.005229303777760885,-0.011359284046231082,0.009044634963411883,-0.010106582045763205,0.007511912095378777,-0.0068387827269008345,0.0031750680933402787,500
28,ffr_lag1,0.0012975477805072775,0.0015264261648145368,0.0013332578672327414,-0.0011462641844205228,0.004275394590027879,-0.000783912458749767,0.003644506339852381,9.251928773479581e-5,0.0025731444080033888,500
28,log_rwage,-0.1732899571261369,0.03785274433209507,0.0321870447269229,-0.23575804159062963,-0.10258037357161635,-0.2219218566316979,-0.11499390688699376,-0.20054177892541802,-0.13799440540750427,500
28,age_mean,0.00564096638953452,0.0018166124945324697,0.0017346665859416276,0.0021741844983156635,0.00882226541031804,0.0026858079049096135,0.0085255004537739,0.0037583052398365317,0.007223707370517009,500
28,female_share,-0.09455778176822868,0.055782415912499564,0.04948547016944819,-0.19733136028424844,0.0037801805325223202,-0.1709259188283665,-0.01023952636565725,-0.1410448438920295,-0.04703821160068327,500
28,married_share,-0.03922853932982431,0.04887914387341408,0.048433334552890034,-0.12418797710090836,0.06563711499157379,-0.11282977567961754,0.04878111399817075,-0.08210711986769696,0.013864967798309268,500
28,hours_mean,0.00036253033960149993,0.0020002723498246623,0.0020404431711651913,-0.0036095426883300005,0.004393041292592128,-0.00290276871640772,0.003908859696149601,-0.001453939707280826,0.0027126178735783534,500
28,unemp_rate,-0.38996250105232644,0.0707513145952775,0.07471206561217351,-0.5413955045149992,-0.24059026428481362,-0.5134093915050932,-0.2658161906513698,-0.45198647501698286,-0.3093528773705926,500
29,intercept,-1.0496924360033363e-8,0.0026752787894716665,0.002214164909436913,-0.004217231515802132,0.00478157097170874,-0.0031863150368944184,0.0039994204241614395,-0.0017652055017848402,0.0023280308484979442,500
29,shock_x_ind1,-0.01360962967201077,0.008811467976275205,0.009078188373362365,-0.029558847769194076,0.005163296620183837,-0.027346127593938757,0.00341762849466133,-0.022078817966280508,-0.0036527000349407964,500
29,shock_x_ind2,0.0018850922580224108,0.012022703338753434,0.011479919563262846,-0.022670289308002804,0.024009245997789107,-0.01746612634521563,0.019788442116313715,-0.008666247590114673,0.012892238731275185,500
29,shock_x_ind3,-0.003461918311449802,0.004213323490131519,0.004621960435279524,-0.012234126565365794,0.005253995605491606,-0.010674258796513403,0.003909524006969518,-0.007954611513407202,0.0010016791567339864,500
29,shock_x_ind4,-0.005913036580981335,0.0052333414808666545,0.0053531676775775035,-0.015680791237325464,0.004297941389941067,-0.014351935531356294,0.0028173473856831547,-0.011214206263736873,-0.0005348512787643702,500
29,shock_x_ind5,-0.0028768648063760512,0.0035757979818445804,0.003864539659517289,-0.010293111400899446,0.005069619979985177,-0.00909134303137893,0.003731637015697363,-0.00651727493738672,0.0007864717798909829,500
29,shock_x_ind6,0.0011995297004129878,0.003800052055700172,0.003984849550432825,-0.0063654323056264416,0.008808543513090274,-0.0051288230413430004,0.007929282479757738,-0.0025778966171172996,0.005322416624703855,500
29,shock_x_ind7,0.003297322144264008,0.006094817837091158,0.006549664549184966,-0.009845371619996181,0.016091518244381604,-0.007714877283038379,0.014549576534509352,-0.003003941605160583,0.009576974371521687,500
29,shock_x_ind8,-0.0062385649411866775,0.005652531232286909,0.00592018144131368,-0.018166243767812878,0.004813517413607884,-0.01552591565028868,0.0033460822090410442,-0.0121956636968025,-0.0002682248902988655,500
29,shock_x_ind9,-0.006209706396125076,0.004473638257344745,0.004383240191970088,-0.01518774711452967,0.0026593841626803153,-0.01335174929952005,0.000851999979781575,-0.010002940058502954,-0.001691315329279368,500
29,shock_x_ind10,-0.010938699799171154,0.0059337192959590486,0.005966584964877483,-0.02342018726212397,-0.0005222501956476609,-0.021318826893976496,-0.0014985199895126452,-0.017180570282931726,-0.0051895242356620455,500
29,shock_x_ind11,-0.004981818021657422,0.007433258086225708,0.007560801179278747,-0.019665668558957586,0.009031358413007402,-0.017793770722950703,0.007545303652138404,-0.012798795380277452,0.0022843299484325594,500
29,shock_x_ind12,0.004721644024986379,0.0038917419414191672,0.004224892053874534,-0.0033709758146498836,0.013002320337394641,-0.001954881915933277,0.012157715787447938,0.0007768312743448093,0.009105101028074963,500
29,shock_x_ind13,0.0026639124125663566,0.003974853415558194,0.003990040949593733,-0.00458351884587792,0.010654683837491456,-0.003636527356389892,0.009636267166310218,-0.0011292513461834345,0.006879836761574928,500
29,shock_lag1,-0.00313483005539409,0.002660347964960875,0.0026969029484704356,-0.008107118563380023,0.0023657096070242977,-0.007302566480402519,0.0019961515492416346,-0.005498180137548161,-0.0003423674710588325,500
29,shock_lag2,-0.0038157073441405626,0.002590419585671436,0.002540321845408211,-0.008724004585263217,0.0012283412109947516,-0.007777899858481219,0.0004019646539070587,-0.006107874082705479,-0.0010776029151442297,500
29,shock_lag3,-0.0019155314440506496,0.002220612983759881,0.002364258501872078,-0.006502608405864746,0.0024609432260382104,-0.005987348308629955,0.0017936430215583549,-0.004407155985502429,0.00019027390021809,500
29,shock_lag4,-0.002493305001344868,0.002568574872440826,0.0027773195023261736,-0.008126016870397695,0.002787100423804102,-0.006771662139183418,0.002103162955742316,-0.005036923381377951,0.0002576439054958954,500
29,shock_lag5,-0.002193434445161687,0.002613728283468634,0.0026697629917448425,-0.007807184287569142,0.0024122201056625,-0.006979454805435346,0.001863395361460613,-0.004916235724720245,0.00048143580275491007,500
29,shock_lag6,-0.005019129106165294,0.0026550258143835776,0.0026969084526412704,-0.010202795225183421,0.00013435934572414714,-0.00922101235185285,-0.0004424607039892832,-0.007594629203213889,-0.0021022061585166682,500
29,shock_lag7,-0.002714757499733064,0.0029766382340764745,0.0031505242204582173,-0.009464058854264597,0.0032691628405460546,-0.008033121794283584,0.00223351274492426,-0.0058217630091093615,0.00013330217260952462,500
29,shock_lag8,-0.006866396827167067,0.0028714631958235036,0.0030717769978611457,-0.0132911853557993,-0.0018729649735467597,-0.01207753714542369,-0.002371966076607595,-0.010107340627337098,-0.00393638791115215,500
29,shock_lag9,-0.0039638366929664656,0.003124189576821803,0.0030038760809980723,-0.009630053039066331,0.001617715474822797,-0.009192904696120241,0.00072008445964366,-0.007164219475005599,-0.0009729052534479303,500
29,shock_lag10,-0.0009932193745967098,0.0027649530663101836,0.002694283068198029,-0.006868358182150409,0.0036191088051299304,-0.005964400073196461,0.002980989504329244,-0.0038120851316460792,0.0014368835668743536,500
29,shock_lag11,-0.0005269575484007846,0.002460890964478977,0.002702095196440806,-0.006006680564610368,0.004737088605189828,-0.005221606674825746,0.003534128939500299,-0.0029809009668821723,0.0022127722949702106,500
29,shock_lag12,-0.003198082372084601,0.0029632947818591282,0.0030474561510393846,-0.009677773049077448,0.0019036188748605253,-0.008390155454799424,0.001164742287790571,-0.006279641030887854,-0.00020121511003717962,500
29,log_oil_lag1,-0.0022438187697113245,0.0055709413423771096,0.005407594655693534,-0.011449144889099521,0.00971854742849057,-0.009575763013528424,0.008214149641039274,-0.006710929314188355,0.004361070055450554,500
29,ffr_lag1,0.0008739980791321252,0.0015663954468730617,0.0013811905604242324,-0.0016160703342957003,0.0037089144743493413,-0.00109184585848001,0.003191884516026132,-0.0003140735870070688,0.002420191872408778,500
29,log_rwage,-0.1887978111012405,0.03981773363477124,0.03426872954398839,-0.24577299604479275,-0.11296027689515288,-0.23893240824752593,-0.12440044388625497,-0.2164123446889205,-0.14556744284550227,500
29,age_mean,0.005645034280229091,0.0017920683775676496,0.0017296812947872196,0.0017764419934324207,0.008634123316320196,0.002303645355288102,0.008083091981876154,0.003618175327693972,0.006960166108916899,500
29,female_share,-0.10600119352732462,0.05370077598536397,0.05187783816209076,-0.20545438140008868,-0.0027674157152399667,-0.19259455594505837,-0.022742375652730566,-0.15670045774997915,-0.05883538621633706,500
29,married_share,-0.004854899789840002,0.04432906898606828,0.044144517488036585,-0.08978697706225769,0.08240330912356217,-0.07443402774132209,0.07116058006050124,-0.04258554315716154,0.045184591481455594,500
29,hours_mean,0.0001029907527114584,0.002117312800839142,0.0022036384999306806,-0.004008891840940347,0.004145534190844763,-0.0034076821135045204,0.0035507094086235196,-0.002120061843861987,0.0022471596469152678,500
29,unemp_rate,-0.4038003961507992,0.07634925340681939,0.07598543620530286,-0.5500556467780536,-0.2508924557258184,-0.5219495761277395,-0.2724302306775409,-0.4629669720587194,-0.3179414218255648,500
30,intercept,-1.4544206370722719e-8,0.002713947592922898,0.00249553733636746,-0.004905008907929349,0.005351214936678237,-0.0037999890804465775,0.00463329147617949,-0.002235553303697636,0.0027484781875245544,500
30,shock_x_ind1,-0.012995640166714378,0.008423904572175796,0.008531008782152828,-0.029439477758325297,0.0028811945769596286,-0.0263932604535584,0.0011962343074757276,-0.021631677467414016,-0.0038876693432177228,500
30,shock_x_ind2,-0.017153108744181866,0.011640948260765234,0.012108813702700243,-0.038610369175093556,0.009235882913515386,-0.035339952562969346,0.005323933665135178,-0.02862722577530601,-0.0052878143503659585,500
30,shock_x_ind3,-0.0019013996724305874,0.004216243675984653,0.004516221092987374,-0.010214049661659294,0.00704794229255005,-0.009420906562960874,0.005641524401252308,-0.006391454071293243,0.0023270668437650253,500
30,shock_x_ind4,-0.007563488925221407,0.006694369539833529,0.006789803788003295,-0.02123610721305764,0.00509453078664576,-0.01909149502413522,0.003477411859339063,-0.014392065141168016,-0.00029575271785681054,500
30,shock_x_ind5,-0.0018796525880919333,0.00410699637156878,0.004135788017561906,-0.009660921485698283,0.0057668728182069745,-0.00844540766294142,0.004961197157333832,-0.006060358154968059,0.0022577223294414877,500
30,shock_x_ind6,-0.002683362282832244,0.004415184219911876,0.00459975630341024,-0.011321890360349914,0.007136702075668732,-0.009924771310472013,0.00563493761942299,-0.007083135932919962,0.0019950901145816004,500
30,shock_x_ind7,-0.0041865930497976146,0.006681621579854557,0.006837809077433441,-0.01741348466284988,0.00903409284093962,-0.01567840491305849,0.006427911823621217,-0.011247174936041613,0.001992506337659797,500
30,shock_x_ind8,-0.00483185135873396,0.005033001759089287,0.005466271512171062,-0.015888195203599745,0.005078692835313857,-0.014395614280774571,0.0038584743485323794,-0.010135839303653076,0.0007328783539242368,500
30,shock_x_ind9,-0.011184647687073057,0.0047280077653997265,0.004686360678075812,-0.021217454121677755,-0.002632393369091571,-0.01957893568429233,-0.003831525765670274,-0.015507212049340018,-0.006573465526572556,500
30,shock_x_ind10,-0.014067995701532278,0.005355032348832945,0.0054532750788067776,-0.02495136983878258,-0.0034229301019701036,-0.02280037377519239,-0.005575220116689005,-0.019221213857844824,-0.00862121227324,500
30,shock_x_ind11,0.004059976599703814,0.005621680162130683,0.00625733344213254,-0.009118630203258732,0.015735557620247993,-0.0071389408803765745,0.014128001778786523,-0.0025064385109333925,0.009739027113001326,500
30,shock_x_ind12,-0.0028372985851335655,0.003994519236687264,0.004045927868904248,-0.011007746537463628,0.004496190619268321,-0.009340383743825457,0.003591036233250616,-0.006854099199936061,0.0013987282616064558,500
30,shock_x_ind13,-0.0014893266689282446,0.004362767400046701,0.004546887059684984,-0.01036990030324508,0.007251696526990552,-0.008810919442626257,0.005808470152958715,-0.005605783398776222,0.0033814025135666848,500
30,shock_lag1,-0.0029469292303078835,0.0025748007641682785,0.002718056959948695,-0.008394572176614027,0.002539360180813916,-0.007506768609374636,0.001477234396495691,-0.005475499272359619,-0.0003190756268176429,500
30,shock_lag2,-0.004038949207676703,0.00240585568276951,0.0024980857094562647,-0.008940465431285856,0.0015575715537749551,-0.00788839091554578,0.000158233217681476,-0.006263483065030109,-0.001542497522826039,500
30,shock_lag3,-0.0016677281040473285,0.002385450313119092,0.002551005527630589,-0.006572034276332709,0.0033928688887592097,-0.0059133163725213515,0.002573326113318413,-0.003991567739036676,0.0010653036841915709,500
30,shock_lag4,-0.0024024985663496866,0.0025064161691987744,0.0025601355187617504,-0.007001111242667032,0.0025204402398080975,-0.0064105152208255595,0.002068131199038581,-0.004817573385657276,0.00039116718393425307,500
30,shock_lag5,-0.00474985932589261,0.0025045397244349153,0.002457186910957587,-0.009932739141627372,0.00024947771295117136,-0.008781512404713795,-0.0009941634268494624,-0.007018124536591735,-0.002251268358989,500
30,shock_lag6,-0.0020761306506293774,0.0026530715097913154,0.0027534188442638573,-0.007559377657356985,0.003291186213216464,-0.006368864521307415,0.002441688750866832,-0.004428024628420721,0.0006462423427350003,500
30,shock_lag7,-0.006015262787440254,0.0029478216759897522,0.002950324650741592,-0.011924250112941024,-8.869602232380974e-6,-0.010772483583579415,-0.0009508217729612827,-0.008514286900907997,-0.002884969711825839,500
30,shock_lag8,-0.00609955690988023,0.0028483523959558876,0.002869934252397234,-0.011893820229737726,-9.901573342361623e-5,-0.010628698580355237,-0.0013643182853633835,-0.008713414068726643,-0.003104622717814298,500
30,shock_lag9,-0.0033687102314362465,0.002893845753380772,0.0029409973871278414,-0.009274669550342134,0.0019415082021847821,-0.008354211572480145,0.0013077205706095555,-0.006410424413908634,-0.0005300044903004052,500
30,shock_lag10,0.00034842539698223037,0.0025415906852818302,0.0026564450281130994,-0.00544975587543466,0.004666495690249595,-0.0044774189061430126,0.003916713189340379,-0.0027233783592309564,0.0027206237142747805,500
30,shock_lag11,-0.0008815287793504751,0.0024920909472917843,0.0026975500714101082,-0.006308105780651822,0.004089414660809979,-0.005687992196191061,0.0035074864668160886,-0.003411459893289417,0.001813998463152213,500
30,shock_lag12,-0.0052406274912975975,0.0023278847714086537,0.0025882263560755036,-0.010700915553048107,-0.00011078998092218975,-0.009569537683468477,-0.0010612843677319638,-0.007847174371623928,-0.0028870505625260817,500
30,log_oil_lag1,-0.0017489120654498498,0.005725845476809434,0.005076181958614528,-0.0100793211401738,0.008973793871063836,-0.00904231116588277,0.007471756793908625,-0.005868089573614786,0.004020218760725225,500
30,ffr_lag1,0.000557073622471727,0.0016193709755345086,0.0014401229954638744,-0.002066304288060268,0.0036158708553129526,-0.0016315156120146272,0.003096287815177017,-0.0007731340138654676,0.0019929698673937664,500
30,log_rwage,-0.18172694192430405,0.039603307139909553,0.037597043074234504,-0.24088004167390661,-0.09585749444996945,-0.23457810937089843,-0.11172874959467545,-0.21257882476262072,-0.13712795374002607,500
30,age_mean,0.00451339049943911,0.0019215121757747773,0.0018822087797123945,0.0003186235414459366,0.007830489812771974,0.0008752349842490628,0.007072026105084217,0.0023570173452194905,0.005915181093528051,500
30,female_share,-0.09816087401036419,0.04964076219907787,0.050035441899434964,-0.1845418183754351,0.0018486773305305064,-0.174986880124346,-0.011339579887734697,-0.14713535049890042,-0.04523469898300048,500
30,married_share,-0.013617439554685954,0.04518582995371459,0.04524834629541475,-0.09411017029841326,0.07456099108920508,-0.08061649622846265,0.06546807076945964,-0.055504966427992464,0.03978938661535193,500
30,hours_mean,-0.0012964730050290284,0.001846238108472798,0.0017602056281375454,-0.004578831673637822,0.002376084964023092,-0.004083851787772393,0.0015181578626778296,-0.0030812986541592364,0.00036884858631293176,500
30,unemp_rate,-0.4217860884347349,0.0731832086192319,0.07270160383453704,-0.5387981555375397,-0.2718149262037726,-0.5190531936752781,-0.2833855819865707,-0.4804168676452263,-0.33009676143598254,500
31,intercept,-2.3380686289735774e-8,0.0027313700156327498,0.0022432913868314303,-0.004011013890844656,0.004964102751984747,-0.0030325467957387164,0.003939500924947209,-0.001745499022910837,0.002624297358784554,500
31,shock_x_ind1,-0.027665406635530555,0.007881934148475857,0.008094793073982087,-0.04206298916133021,-0.010726805435528862,-0.040197503045496207,-0.01327787792081861,-0.035183458323776576,-0.019009600071142725,500
31,shock_x_ind2,0.0031420522509016274,0.01132846713272644,0.011616952628100174,-0.020500296407760417,0.024664539465459896,-0.016417547480057148,0.021017492270170822,-0.009074551660011905,0.014848100346292222,500
31,shock_x_ind3,-0.0034611328418936898,0.004560828054014028,0.00493975070823673,-0.013120275748844812,0.006105046598726261,-0.01123913204194747,0.004900295203934461,-0.008298693699155682,0.0017119744898027578,500
31,shock_x_ind4,-0.0058311557516491355,0.00533258787307959,0.005399569032805824,-0.015317270273543841,0.005032862503601894,-0.013956254339568316,0.0035462803152987946,-0.01094888719083731,-0.0002957201892716861,500
31,shock_x_ind5,-0.00023702717296489442,0.0036056916754006164,0.003708294125038164,-0.006658122334436279,0.007566899676376165,-0.006169413131112118,0.00550714560334317,-0.003923930219387859,0.0033922067966038402,500
31,shock_x_ind6,0.0018871246521923904,0.003902415505142645,0.004222693011786473,-0.0063045108971979315,0.010615579444082646,-0.004921625704867583,0.008316635754009457,-0.002254314147972724,0.005871866583708179,500
31,shock_x_ind7,-0.011045428408976083,0.00618093733384943,0.006371796341447636,-0.02345929848055718,0.0017876697058126167,-0.021546943133171695,0.0003799299494148024,-0.017387673927381657,-0.005154869673142583,500
31,shock_x_ind8,-0.009709534226345016,0.005095027923167149,0.005165643647187123,-0.020431332110733173,0.00024397707140113073,-0.018912731381933005,-0.0013610988123227195,-0.014757889247814064,-0.0044874115560364376,500
31,shock_x_ind9,-0.003887017114895745,0.00428802293752633,0.0042936991872968054,-0.01281297931496166,0.0039251848491619265,-0.011061510964134201,0.002981269515446848,-0.00812098293064327,0.0002805914971351257,500
31,shock_x_ind10,-0.01381047254679011,0.006142541303987852,0.006435851920165773,-0.026717610761387435,-0.0013906907597271956,-0.02438516345391534,-0.0028054018733390516,-0.020195178702135837,-0.0075302681323717565,500
31,shock_x_ind11,0.0010062745846129795,0.0049877531383287045,0.005237702015210425,-0.009698161441643765,0.011612664619709652,-0.007920750938068127,0.009572208865890768,-0.004095137853044112,0.006224467724163104,500
31,shock_x_ind12,-0.001013205269299405,0.003301784410895363,0.0036982068726264315,-0.007469745745555751,0.007307771387940178,-0.006641309261014602,0.005383310795012161,-0.004448023120949761,0.0027852859525672987,500
31,shock_x_ind13,-0.006405815947935083,0.00399352318252637,0.004080686030922913,-0.014469156349577699,0.0011814612680112976,-0.013175541651555801,7.751938365941101e-6,-0.01023210885755213,-0.002156467477995183,500
31,shock_lag1,-0.002727190776256814,0.0024445373280462483,0.0026583397760598145,-0.00792394054246694,0.0024145263105712937,-0.0066475562328379865,0.0015211065513372256,-0.005208917450871733,0.00013125871293829763,500
31,shock_lag2,-0.0030072318261101325,0.0027380248824955375,0.0028321301355374775,-0.008888897206062243,0.0022933912959313698,-0.007773410046954333,0.0016794036713920144,-0.0057385576379605,-0.00011516918532204331,500
31,shock_lag3,-0.00148289362307555,0.002350127005948659,0.002467003987482224,-0.006207488344818345,0.0030938249514388485,-0.0055539268292814775,0.002352344019702048,-0.004186201657708483,0.0008796881880304243,500
31,shock_lag4,-0.004143513840814778,0.0025781516013793616,0.0026607415948651106,-0.009911640358789081,0.0003859558089436668,-0.009045111455258988,-0.00010611440726680762,-0.0070303750097621374,-0.001774363957955178,500
31,shock_lag5,-0.0009368151285200743,0.0026250887284976227,0.002728820525174285,-0.006410119330705539,0.004557468470389496,-0.005492545497782875,0.0034473456377546855,-0.0037412636015263716,0.0015906818275927357,500
31,shock_lag6,-0.005455987933388746,0.0029255885221115448,0.003070667338243504,-0.011890111338651789,3.128808889858944e-5,-0.010757927470275408,-0.0006575600418118223,-0.008800499437082342,-0.0025460821755255757,500
31,shock_lag7,-0.00498972750522975,0.003018457601566729,0.0030766504187626996,-0.011311858346124156,0.0004969773699816241,-0.010378321560157982,-0.0006138707654313057,-0.008614370263389595,-0.002260341059241818,500
31,shock_lag8,-0.00469577461701164,0.002711965635290303,0.0028513154294535123,-0.010495795714984525,0.0004997399417969986,-0.009731733222941918,-0.0002466961186863897,-0.0075003092142292525,-0.002046093924873078,500
31,shock_lag9,-0.0015238981163707005,0.0027300523191622675,0.003038248697119485,-0.007712405679608858,0.004060489047375492,-0.0067123992213057775,0.0031587409136524663,-0.004667062855461683,0.0014154642790946467,500
31,shock_lag10,0.0003340305346339505,0.0028270619170880063,0.003083842770969117,-0.006198168718792299,0.006155855110529837,-0.00522805440367069,0.005036339236904067,-0.0026433726605926315,0.003090061399110999,500
31,shock_lag11,-0.0026877883670531526,0.0024288347640462602,0.002510560570815399,-0.007180083195399067,0.0021305766687574517,-0.006497105397954811,0.001416166356490143,-0.005108207130310696,-0.00016615728072001822,500
31,shock_lag12,-0.004113583782854179,0.002458003645938434,0.0025041996103946397,-0.008739065026256255,0.0011702889303207326,-0.008005170514256404,0.00030091249745632886,-0.006482565206633073,-0.0016589200934617467,500
31,log_oil_lag1,-0.004332112500883276,0.005980235798908004,0.005501038382592389,-0.01388231429350412,0.00803036308390274,-0.012518768359739384,0.006082619378694083,-0.009033143389691219,0.0015586268066624096,500
31,ffr_lag1,0.0007422745371665229,0.001556301612983438,0.0014221117252468224,-0.0016579925719901075,0.003901119637302385,-0.0012915417963375113,0.0032092607171298557,-0.0004080011108538387,0.002241607960360443,500
31,log_rwage,-0.17346540561523424,0.03660360133269305,0.03120922395076154,-0.2309054129314785,-0.10513707988103523,-0.21862325962282805,-0.11659645152052674,-0.19705418908392344,-0.13875324389890306,500
31,age_mean,0.005397359442551461,0.001869003197481949,0.0017794574628939887,0.00167569073954795,0.008713460388984653,0.002303478150158818,0.00814297337588435,0.003532928824055552,0.0070939808924313594,500
31,female_share,-0.09122904116105914,0.05921146083618888,0.05804033650614316,-0.2121878092707838,0.02126461242822536,-0.19100564809525608,0.0029058831222088712,-0.14573033545755415,-0.033063831202457476,500
31,married_share,-0.05588341150228104,0.04808133995265008,0.04605472630497565,-0.1429134597012604,0.03422558270289998,-0.13197387449807688,0.01854083512311048,-0.099924705965789,-0.006631659786635572,500
31,hours_mean,-0.0017037211876174598,0.0018664012349774303,0.0020227795415051005,-0.005642670823213176,0.0020062114646219433,-0.005230002108227995,0.0015321846865679915,-0.0038097424557582684,0.00023531420662749398,500
31,unemp_rate,-0.43528730775525176,0.06504208688942863,0.06480167621959995,-0.53794030078479,-0.2855045388236948,-0.5247468097773225,-0.31274057117725956,-0.4775507691174806,-0.35593375743985706,500
32,intercept,-1.6207705165915838e-8,0.002746777793138441,0.002312823277433328,-0.004304964319047956,0.004742126222511437,-0.0034220309189301975,0.004275510081470136,-0.00197635104369846,0.0025799874668448915,500
32,shock_x_ind1,-0.01935521614200283,0.007767869933421373,0.0077719059616785015,-0.03343363542828475,-0.003500809694853042,-0.031042524162792254,-0.0056077729719530844,-0.02602666429233877,-0.010989805273950121,500
32,shock_x_ind2,-0.008989221845086921,0.012223601248505732,0.011520526815059811,-0.03042248710859182,0.013418019924857062,-0.027753662093341503,0.009757485379900725,-0.020024436124710793,0.0028211930375425178,500
32,shock_x_ind3,-0.00038322051439705596,0.0038134306656138705,0.004194660703028761,-0.007504360348586774,0.008214267305165663,-0.00652360916067189,0.007275599593576814,-0.004277515122065125,0.003923308766229748,500
32,shock_x_ind4,-0.005685684541907052,0.005269064844173279,0.005199257566708451,-0.015711055161694347,0.00504635873514301,-0.013425979574590864,0.0029865264578082026,-0.010961769324175967,-0.0004748124347534091,500
32,shock_x_ind5,0.0027817028818044507,0.004000266760748711,0.003996917969223601,-0.004849953284675376,0.009792236527981061,-0.003966858683908436,0.009160036319055024,-0.001326528951372961,0.007076993634045481,500
32,shock_x_ind6,0.0015266494901444755,0.00354114305378312,0.0038609488572470397,-0.0058243492856426046,0.009138382620266056,-0.004796929432113581,0.0075672586402446345,-0.0022353651666598396,0.005172259501590575,500
32,shock_x_ind7,-0.004168895923757629,0.0055954828165241085,0.006227326577804149,-0.016258590833944847,0.00957529702789825,-0.013844988471077482,0.006942867714161596,-0.009647559510626036,0.0022963482387224933,500
32,shock_x_ind8,-0.008355932019900867,0.005580361020541061,0.0054114437334078355,-0.019540399585077563,0.0013500414230612364,-0.01771741232899679,-0.000275133217982941,-0.01408957616912894,-0.003247294598573758,500
32,shock_x_ind9,-0.007354337032214669,0.004967544113842337,0.004954428707467112,-0.017056013798834087,0.00185028848304025,-0.01515499935056058,0.0005099115561145583,-0.012223362623975886,-0.0022815529621160765,500
32,shock_x_ind10,-0.019727795341929054,0.006178087525157736,0.00612518708160544,-0.031476703930082214,-0.007439042587510409,-0.02931369090075535,-0.009479917673964456,-0.026163447728681243,-0.013909015234520204,500
32,shock_x_ind11,0.0074888304047406205,0.007573203819068622,0.007184863930910882,-0.005632621819854058,0.019702426341212935,-0.0045898612435135745,0.018346924121614854,-0.0007304480707823033,0.014576582707716034,500
32,shock_x_ind12,-0.007081619249196744,0.003584917771694675,0.0036735952139965965,-0.01441639583107723,-0.00022734872881219356,-0.01308540311137817,-0.0008742029549443195,-0.01074433207794007,-0.003528965391735604,500
32,shock_x_ind13,-0.008001044033623847,0.0047934923937812774,0.0047379642194829204,-0.016918360522231717,0.0015376017042514883,-0.014965353430468602,0.00044549348733291164,-0.012004054998150798,-0.002853593447317394,500
32,shock_lag1,-0.002232693886430755,0.0025771647271007592,0.0026606820498658135,-0.007306504795643967,0.0031673026352031335,-0.006389463396932491,0.002373915703937001,-0.004725637352463066,0.000506963692830424,500
32,shock_lag2,-0.0030982130461547617,0.002726986179263623,0.002574478105901873,-0.007825640587751561,0.0022514454841888335,-0.007242584273509931,0.0013096236286810504,-0.005502442272865876,-0.0005736863700376185,500
32,shock_lag3,-0.003770304679770298,0.0025294664919764307,0.0025278273962852046,-0.009149044106996644,0.000907242240011618,-0.00842803774363263,0.0003239879684438487,-0.006157323959429367,-0.0012701945294674964,500
32,shock_lag4,-0.0014762348906449767,0.002768011305386172,0.0026986242154325053,-0.007450646482270853,0.0033772719567756555,-0.006459960138525428,0.002607180474748065,-0.004219271656336096,0.0008435913152161393,500
32,shock_lag5,-0.0043808137714624485,0.0026592459221845785,0.002802916325769853,-0.009690461810056027,0.0008966374451212195,-0.009049336865403088,8.622701666651276e-5,-0.0071992416207423224,-0.0015780195162443677,500
32,shock_lag6,-0.0046056941298336105,0.002862574403244683,0.002967792752915088,-0.010940639881296173,0.0009674854144749035,-0.009342208243281275,8.493655104854417e-6,-0.0073645747772870035,-0.001653105825799565,500
32,shock_lag7,-0.0043115419928604765,0.0027520271590062454,0.0030691881257416064,-0.010430224055906628,0.0011060451853945074,-0.009552624202076079,0.0005368064554665085,-0.007305648944757692,-0.001294571521735742,500
32,shock_lag8,-0.003388801235243734,0.002495529810096727,0.0027210253914273777,-0.008701639435005806,0.001700942673084121,-0.007856572130119798,0.0006822652678501121,-0.006182782224850161,-0.0008899097383485421,500
32,shock_lag9,-0.0020887519856294147,0.0030652291604568397,0.0033333358694939857,-0.008750976125102245,0.003921015854032727,-0.008006107539146452,0.0030953091758811305,-0.005549519537305607,0.0008179037824345382,500
32,shock_lag10,-0.0019519377058737262,0.0021861693103533957,0.0023851536223186928,-0.0066505643147657355,0.002452663601555247,-0.006067702197158113,0.0018985838581927954,-0.004635935187530842,0.0002017315183436478,500
32,shock_lag11,-0.0022458204086705197,0.0024750011890192916,0.002703930150852097,-0.0072063363212357765,0.003771714353904116,-0.006472504438417161,0.002445890628064868,-0.004715928924778847,0.00021463169833321204,500
32,shock_lag12,-0.005031135437051703,0.002563594942124135,0.002761115789868709,-0.010440333799106949,0.0003723282405639094,-0.00941288738324979,-0.0005437858980028539,-0.007979081472604519,-0.0026077309370666807,500
32,log_oil_lag1,-0.0035267978070948735,0.005859990792523088,0.0055247989497994015,-0.013186049217504922,0.008052182409902055,-0.011508824666002575,0.006622034618928003,-0.008087204497888863,0.0027400141990764236,500
32,ffr_lag1,6.25530478999158e-5,0.0016541119399165083,0.0014976357664589538,-0.0023706931814129516,0.003564187263917494,-0.001964232867427194,0.0029411743695156103,-0.0012397782069409034,0.0018174240947228784,500
32,log_rwage,-0.2131577125959645,0.0363071232590457,0.03303660450691732,-0.2679818131685625,-0.13857743536754186,-0.2582728157234945,-0.14552519106229347,-0.23772821548646994,-0.1741794028722197,500
32,age_mean,0.005135899313992516,0.0019067621390858516,0.0018489994146317513,0.0011968640773774401,0.008218540993118776,0.0017201217438582107,0.007862061881606095,0.003015109851958716,0.0067541131267652155,500
32,female_share,-0.06499418991790551,0.05971089183422206,0.05889563055384387,-0.17743919309690487,0.05776258894344183,-0.15980057378468818,0.03349941611275072,-0.11309366700314114,-0.0008742052003192695,500
32,married_share,-0.057331981692470196,0.046550977007131115,0.04511441703822744,-0.13955679005609012,0.0357579222640322,-0.12260968956152361,0.022057083311416512,-0.09512852093943032,-0.005890858226880495,500
32,hours_mean,-0.00015087278006766793,0.0020055557077664943,0.0021056469181531157,-0.003949076641665843,0.004153725243771126,-0.003081510033066097,0.00369854223677386,-0.002138445096662979,0.002124127093030924,500
32,unemp_rate,-0.3997891878043035,0.06796539790730147,0.06692289913296401,-0.5048752226570818,-0.24332112564903824,-0.4927997427465713,-0.2756941613023764,-0.44597921280917074,-0.3132363136970345,500
33,intercept,-2.18404152183085e-8,0.002795605313499227,0.002381420569311234,-0.004531555960376042,0.004821803834731126,-0.0033975840353925057,0.004086929620435437,-0.0020292498898602843,0.002619824468631537,500
33,shock_x_ind1,-0.01061249681148072,0.008837675182131745,0.008955459132408965,-0.02751541408166069,0.007509393554950141,-0.02427810705653827,0.005072578431646348,-0.018137785327368476,-0.0005655154104918745,500
33,shock_x_ind2,-0.008282127546957256,0.011650760306425676,0.012100420624524483,-0.03077733798509403,0.016921423526200827,-0.025606273151297584,0.013426939500488108,-0.019121255605270462,0.004940804265611342,500
33,shock_x_ind3,-0.0031560448536652403,0.004278144112610863,0.004685841982952048,-0.012805903786614753,0.005677374106345558,-0.010670610116994802,0.004187333280975486,-0.0075849217124719925,0.0016936387419737129,500
33,shock_x_ind4,-0.003221988848111403,0.0058091908443996644,0.005677676398913035,-0.01373266656006124,0.00936266897546113,-0.011800576406044408,0.0058225010541437415,-0.00853928443831005,0.0027398450558797074,500
33,shock_x_ind5,-0.0061827803262299455,0.0043347499331238175,0.0041227351255848,-0.013492962041789807,0.0030628966712286745,-0.012738473962931075,0.0007997160211301508,-0.01003059877054965,-0.0020209590145688905,500
33,shock_x_ind6,0.0009282470509405619,0.0037095308741277744,0.00397677768483249,-0.007204911794724052,0.007878713774729387,-0.005674422989522052,0.0069904629117577095,-0.0031548547243801265,0.004674761783457174,500
33,shock_x_ind7,-0.00867485170868847,0.005948068073746664,0.0059259333429066445,-0.019475364563562633,0.0022223407232231248,-0.01790643697754411,0.0015116034335903774,-0.013922677765297185,-0.0021413402969911147,500
33,shock_x_ind8,-0.007343139172442735,0.004853064017410574,0.00520906509799327,-0.01729351323912305,0.0025173785238767213,-0.015560740574747968,0.0009863134717488344,-0.012722839569616342,-0.0018784953770176692,500
33,shock_x_ind9,-0.004465922465789137,0.005083496210475098,0.004975785190511427,-0.01421000146719904,0.0037971587891907363,-0.012323712627027878,0.003220020095887867,-0.009760968321369284,0.0006762770310108801,500
33,shock_x_ind10,-0.014332357684097241,0.005983426158532392,0.005866141812653908,-0.025934329247211698,-0.0027531165764864765,-0.02399794529508069,-0.004822832920143889,-0.019507763756232744,-0.008427705659842119,500
33,shock_x_ind11,9.13290838598858e-5,0.006988971646264788,0.0069311945959588395,-0.014134321129682447,0.013378711074202857,-0.01183663641704527,0.01078656120243206,-0.007874508080567342,0.005689196833855907,500
33,shock_x_ind12,-0.00279613637814612,0.0033092279154266365,0.0035799336262564933,-0.00944283259913432,0.004066472818762621,-0.008498367628884293,0.0032178262274113983,-0.006314501250098374,0.001069607382524345,500
33,shock_x_ind13,-0.0003353503922648761,0.003985705917574402,0.004188216979557755,-0.007812691705876208,0.008252259987157395,-0.00707895291813708,0.006593081381215317,-0.004115695206220069,0.0039364431824200075,500
33,shock_lag1,-0.0019934364195184837,0.0028480570583413797,0.00291299546364848,-0.007594148716200925,0.0034994726374461887,-0.00672638770462804,0.0026012039313382663,-0.005034124308473189,0.0008148178525989847,500
33,shock_lag2,-0.004976258643658963,0.0027658396496430893,0.0027823939325359033,-0.010161028626039546,0.0006782227344503671,-0.009418042072048938,-0.00030429811764268015,-0.007639757014635043,-0.0022240266253756315,500
33,shock_lag3,-0.0003211574272257056,0.002644753277225737,0.002737788086566391,-0.0062217294916032916,0.0046944410489687905,-0.004987100178277001,0.004067728257091563,-0.003300786969752351,0.0020576232706240477,500
33,shock_lag4,-0.004350704569541871,0.0029898010271744413,0.003106148653581795,-0.01064318681865943,0.0013460488476904004,-0.009427360762794967,0.000526125053118739,-0.007670588947527377,-0.0014859758682116409,500
33,shock_lag5,-0.002978890531925033,0.002759973076399687,0.0027563528338453397,-0.008625329589638835,0.002288015516126979,-0.007684251980302836,0.0013605257216043963,-0.0056414279926152245,-0.00043483308448502594,500
33,shock_lag6,-0.0036590804403103636,0.0026781352688164417,0.0027883526091665714,-0.009367678120915691,0.0014779876767771396,-0.008349406929501377,0.0006995511365614118,-0.006658319278133259,-0.0012647909674066166,500
33,shock_lag7,-0.0026522615086380904,0.0029692906664664435,0.003118615865690785,-0.008567256334477552,0.00318796635257436,-0.007875548112630497,0.0021395916158468294,-0.0058014588300997726,0.000516372595803498,500
33,shock_lag8,-0.0035411458326987592,0.002802157618480776,0.002962366619887766,-0.009762177030306015,0.001913579893079987,-0.008607069947749407,0.0010382071904291516,-0.006221060083869511,-0.00043444077170001115,500
33,shock_lag9,-0.0038194431647313046,0.002532025631683361,0.00270300860898427,-0.009292816683602621,0.0016253249644399607,-0.007954571402000194,0.0005497894433629478,-0.006198017248226094,-0.0011232092891461543,500
33,shock_lag10,-0.0011098593321618184,0.0025376883871109615,0.0027556765224603587,-0.006824320057159115,0.00449785377096616,-0.005377246609419143,0.0035344282887704416,-0.00372563695728611,0.0016529542911888635,500
33,shock_lag11,-0.0025525353175277943,0.0027616346973349253,0.0028341584107617335,-0.007485326250024415,0.003446926203816999,-0.006592132273645697,0.0027897544141746917,-0.004762420425772613,0.0008388407116205301,500
33,shock_lag12,-0.0033034387574286668,0.002669578037831724,0.0028133176214741734,-0.009732197123873763,0.001463115449822284,-0.008570370089640874,0.0008031323321644149,-0.006206915413956528,-0.0008268576950736775,500
33,log_oil_lag1,-0.006757776938086603,0.006030115490001551,0.0056827586210221916,-0.01771610102689493,0.0051635385937355265,-0.015711068463257743,0.002419276527175356,-0.01253993253279569,-0.001271766470677812,500
33,ffr_lag1,0.0006363923763604994,0.0016931003041055098,0.0015797719356238327,-0.002223261791301985,0.003742481861399029,-0.001856410773114465,0.0032705450829939833,-0.0009172483566083445,0.0023081160722302867,500
33,log_rwage,-0.19271644654616757,0.04019142200937437,0.03245774410894583,-0.2502562352772466,-0.12078822945409728,-0.2387653013492825,-0.1311162042778567,-0.216627966763361,-0.1552151660469682,500
33,age_mean,0.0065399823633060855,0.0020042999688625975,0.001979091193446475,0.00256132099213413,0.01014988004880284,0.003127666396422479,0.009676619952708508,0.004366186104158683,0.00836725241325852,500
33,female_share,-0.06838221308445945,0.05794706870317507,0.05319099081669085,-0.17446920920003467,0.04301614031205313,-0.1521449815615677,0.023652094508925456,-0.12088210633157204,-0.019335931783659877,500
33,married_share,-0.07549407874104708,0.04720071718104119,0.046141647341457884,-0.1619995587592518,0.019560520172642273,-0.15211239367288332,0.008001413254503896,-0.11673390625047086,-0.027890001791583654,500
33,hours_mean,-0.001442752866885455,0.0021959450106352157,0.0023872825980026584,-0.0065817171879523515,0.002876704781840749,-0.00576862174001691,0.002141511775107315,-0.0038450089016466844,0.0006952565116745217,500
33,unemp_rate,-0.39999521516442654,0.06728660473048115,0.06786873440503842,-0.5067062897807761,-0.25947529207785436,-0.4932552587541638,-0.2728015888479487,-0.45208758186807185,-0.31655397214739206,500
34,intercept,-2.3232039540536674e-8,0.0028759916925372004,0.0024599312487083446,-0.0042152160372203405,0.005491158499427382,-0.0036690968003041356,0.0043496011630937605,-0.0019283639865935918,0.002693903728620587,500
34,shock_x_ind1,-0.013718302280012305,0.007541379363946745,0.007327926470493531,-0.02864895319537761,0.00021215340307660633,-0.026137173787376226,-0.002264239233355276,-0.02199455494601935,-0.006839712887034622,500
34,shock_x_ind2,-0.005089649948280025,0.010414308672360735,0.010642562276942701,-0.02563374417448781,0.016953500383382582,-0.02217098245787778,0.01238132357702945,-0.01442984265964476,0.0061637116464414885,500
34,shock_x_ind3,-0.0050644375371917075,0.004129972298170451,0.004610086915158018,-0.01332908665005389,0.004405218242525365,-0.012292761039732428,0.0027506329642494856,-0.009694872209626677,-0.0008688052346954866,500
34,shock_x_ind4,-0.006346095432426282,0.0057448008838591035,0.0058697863605666365,-0.017861317948436862,0.005077360475091804,-0.015582376913864049,0.003607158093393789,-0.011609789597170813,0.00015741840987664582,500
34,shock_x_ind5,-0.007084000020495958,0.00403631037904157,0.004179397174000887,-0.015024477501354954,0.001283335353660283,-0.013602670120721996,0.0002373325357605248,-0.010651326762505322,-0.002886117935718573,500
34,shock_x_ind6,0.0019323786920519101,0.003942173942096181,0.004489454965585756,-0.006948458239937125,0.011089903137545733,-0.005255218044045612,0.009166660891827466,-0.002101925870434556,0.006557986830224004,500
34,shock_x_ind7,-0.005631391746373704,0.006410837343396741,0.006328934076169879,-0.017859474776029543,0.005359823013623838,-0.01593457748951759,0.004030491977976209,-0.0124823865933173,0.0008451211221496582,500
34,shock_x_ind8,-0.010465040270273328,0.004872805338800683,0.0050418514772324645,-0.020973275831088344,-0.0003130142678490098,-0.01938943459796344,-0.002684591057632844,-0.015596411936567852,-0.005892909921674524,500
34,shock_x_ind9,-0.007639564417468357,0.005064737215821088,0.005053333088926547,-0.018592089404170342,0.0014673091443832944,-0.0166444856815559,0.0007192323034242838,-0.012200732013549593,-0.0025212966434533927,500
34,shock_x_ind10,-0.010685722108836832,0.00583529677949182,0.005953978355803186,-0.022521193534891765,0.0002975832735968042,-0.020416682909778588,-0.0012229644952876663,-0.016784409336122245,-0.004836870047598757,500
34,shock_x_ind11,-0.0014289210278208265,0.006018189499475162,0.005929024374373098,-0.014566605356059407,0.00858646668702804,-0.012399485606033428,0.006851189896292699,-0.007932393997812814,0.0038438926000795705,500
34,shock_x_ind12,-0.0028565561961358785,0.003303448897972998,0.0034060657156223945,-0.01007012390693237,0.00411281322060131,-0.008699438682767504,0.0024965502656526233,-0.006034303112383749,0.00040238534247487995,500
34,shock_x_ind13,-0.0023947019371990414,0.0037668784687284944,0.004111284517988787,-0.010739865907394114,0.0050596798828649375,-0.00966737138715586,0.0040702992340056,-0.006585178542206311,0.001489804005344714,500
34,shock_lag1,-0.004103215205566883,0.0027006068594856996,0.002695607855585516,-0.009383847323349858,0.0011070631317624945,-0.00855293455823753,0.0003077309787453545,-0.006725531691622894,-0.0014065595653760313,500
34,shock_lag2,-0.0016387874959106806,0.003019963282980767,0.002890251209881372,-0.007314905226685618,0.0033333774337268845,-0.006528445920580908,0.0027751511993787895,-0.004730474517531492,0.0009842111624362366,500
34,shock_lag3,-0.004000403174038874,0.0027333083675013777,0.002691510204522881,-0.009645376035299026,0.0010082347875038178,-0.00848350023169663,0.0002809877800477013,-0.006681288763376689,-0.0013027367629659605,500
34,shock_lag4,-0.003378732208715652,0.0030435170985326377,0.0031159168581435127,-0.009310596570791536,0.0024668191504071063,-0.008126131640192939,0.0018745301102473474,-0.006772788190796741,-0.00050441747676961,500
34,shock_lag5,-0.002247853840795321,0.002569496730886586,0.0025873642196396706,-0.007541622544869421,0.0027322710976612763,-0.00647357680807948,0.0018717617643710348,-0.004730286892551737,0.00019910480367139655,500
34,shock_lag6,-0.0023069675251138093,0.0027254973972124148,0.002732947566535006,-0.007429545316352178,0.003065599367278387,-0.0065396085446461135,0.0024299638528696025,-0.005232972635803752,0.00028694520747010537,500
34,shock_lag7,-0.0029802004367959845,0.0030839080193866384,0.003081469195012452,-0.009662028301529572,0.0026388034555826076,-0.008190570553039069,0.0016593016928375726,-0.006162267176538658,-0.00029361214565166093,500
34,shock_lag8,-0.00562070662454025,0.0023784995468216744,0.0024758847072402952,-0.010293071145908331,-0.0006583335199395906,-0.009343116322016566,-0.0015857179604181887,-0.007795105477575696,-0.003248246766684045,500
34,shock_lag9,-0.003201211074739741,0.0026737417102663144,0.0028711785602712624,-0.008187565697110532,0.002345812066964076,-0.007789781512725419,0.0014914248760393124,-0.0058802651784691405,-0.00022830330304876258,500
34,shock_lag10,-0.0019142988037123747,0.0023300154477256113,0.002698882411893408,-0.006697903747753988,0.003741773176635049,-0.006359771672539469,0.0027252344317759444,-0.004441466359287673,0.0007104174203591712,500
34,shock_lag11,-0.0012010986011977485,0.0025114031647022086,0.0027039430816618863,-0.006103122255778809,0.004484376070822071,-0.0053954825866915895,0.0032832213969127464,-0.00374052453676082,0.0015515215325228246,500
34,shock_lag12,-0.0026496305370240173,0.002602553963563905,0.002703940457684508,-0.008092888177007235,0.002559888510203265,-0.006831659595713536,0.001864617546451043,-0.005259332534081647,4.4179254587736396e-5,500
34,log_oil_lag1,-0.007065094965831406,0.006042087714749643,0.005848353438398614,-0.017443983979873387,0.005415852729253642,-0.015383067576017222,0.003862799740105812,-0.012151341025940753,-0.0011890337794274548,500
34,ffr_lag1,0.0004930761443232921,0.001716957310322782,0.0015113068112560838,-0.002101613912278844,0.003691719825717934,-0.0016383952129522318,0.003041198032949743,-0.0009316207197200237,0.0021726513788057973,500
34,log_rwage,-0.1850937813377738,0.03648354327926351,0.03228600019393697,-0.24177898717138074,-0.11515771119482549,-0.2303985025990074,-0.12414499926504186,-0.20718087084282344,-0.14786959471062208,500
34,age_mean,0.0056223152057740915,0.0019759387468996203,0.0019961336662765445,0.0013986431567606962,0.009382213856640492,0.0021332505353108735,0.008390357968818452,0.003357105234181633,0.007212763267939536,500
34,female_share,-0.06813253452945027,0.05684631422952947,0.052391313737468595,-0.17227456351457343,0.04034092264057553,-0.15205638737342692,0.02100904796456668,-0.1198012821967966,-0.01962858716742433,500
34,married_share,-0.07870914419708956,0.05147031633232376,0.047317589329581446,-0.1595229952174027,0.020036044687267274,-0.14871120161028856,0.0035406074636151552,-0.11971424646220181,-0.023621464772519703,500
34,hours_mean,-0.002454698924561585,0.0020180398391670025,0.0020684796167501573,-0.006590859796037095,0.0015646766944007121,-0.006006635013725059,0.0006993900008145255,-0.004673983040169594,-0.0005714624102964967,500
34,unemp_rate,-0.3519238091476495,0.07318734903640961,0.07001822827931511,-0.45737203613117544,-0.18292696028235966,-0.4343170977921056,-0.21600672875993981,-0.400308980409999,-0.26188711340933923,500
35,intercept,-1.0632919882365779e-8,0.002876810983107619,0.0024094585101947503,-0.004338344602391355,0.0049721920535440904,-0.0033127160521540964,0.004538912992429337,-0.00196436988628017,0.0028200134266666474,500
35,shock_x_ind1,-0.01212779993146785,0.007594128371550759,0.00714706595843397,-0.02555029492629153,0.0014524260021750168,-0.02420530813354444,-0.00012408856321283827,-0.01898326707534685,-0.004667743797496956,500
35,shock_x_ind2,-0.005206859309815336,0.012103935954517071,0.013276723808775263,-0.028751777158009854,0.021868382262010974,-0.025733060635144096,0.017180738660170274,-0.019257818315132826,0.00854767787860072,500
35,shock_x_ind3,-0.009534660306808884,0.003923126947628952,0.004202746218568018,-0.01734285563176926,-0.0011000817422497015,-0.016244916296252025,-0.002181986706265738,-0.013321302989574072,-0.0048333445771234175,500
35,shock_x_ind4,-0.0066626746710918,0.00559786780918167,0.005492881455096325,-0.016728451153615882,0.004346099436906696,-0.015301584521261841,0.0026440865704543924,-0.011199882496551114,-0.0001918751114413478,500
35,shock_x_ind5,-0.0066184786033720005,0.003943861248076857,0.004038320808836284,-0.01398728093140755,0.0019636688949023207,-0.013158980719458847,0.00019728725860918407,-0.01046654576330142,-0.0026259477426925815,500
35,shock_x_ind6,-0.00545699846291572,0.003367607241355045,0.0037257811971663055,-0.012431108565461545,0.0022632767623701924,-0.011556665783004995,0.0010073942765126292,-0.008630527669417862,-0.0016197662314019693,500
35,shock_x_ind7,-0.0032681331726980554,0.005125028059638273,0.005657382582074827,-0.014644832483647386,0.007663975999043095,-0.012096877471243364,0.005821098245268757,-0.008553593719854511,0.0029039982252461426,500
35,shock_x_ind8,-0.0076368968688389155,0.005636929891570594,0.0055528694705356246,-0.018878094208460955,0.002316840029482382,-0.017295696075817255,0.0006299351543531987,-0.013739919232914167,-0.00262671051290635,500
35,shock_x_ind9,-0.0123848088426377,0.004713729169337543,0.004806140186862173,-0.022167879655974082,-0.0032156872683121772,-0.021148936287590077,-0.005289971778545544,-0.01717848532348791,-0.007893956101281602,500
35,shock_x_ind10,-0.01759516889172059,0.005052668447414712,0.005548840224984439,-0.029086566297980364,-0.007869840272966454,-0.027119094915040616,-0.008971171980830545,-0.023434781242390304,-0.01202940942684734,500
35,shock_x_ind11,-0.006208040496595241,0.007195418078262468,0.007387415999253979,-0.021390151009958377,0.00630481075549183,-0.019703667263079372,0.004563576535493677,-0.01440906597797902,0.0007076235217728234,500
35,shock_x_ind12,-0.0028946222616649804,0.0032909931852671092,0.00351720918661878,-0.010678812307305679,0.0035967266623698237,-0.008613272632493004,0.00247875672623638,-0.006279561131044996,0.0006757906528976623,500
35,shock_x_ind13,-0.00524662916913797,0.004390201821488571,0.004216835027578866,-0.013307884199045501,0.0036411312790904115,-0.01160533808468341,0.001777962837113703,-0.00901744925614853,-0.0009120069017175975,500
35,shock_lag1,-0.0005420891528631712,0.0027785028996343275,0.0029800300385791436,-0.006564060415891046,0.004509580759637533,-0.005553998409212964,0.003978813248758104,-0.003665463294729647,0.0024465681124965794,500
35,shock_lag2,-0.004871755181392539,0.002999370778268886,0.003008780988201757,-0.011163091375066634,0.0004900270531344229,-0.010091461245624843,-0.00048210432125917005,-0.007994791215076076,-0.0020178560167208527,500
35,shock_lag3,-0.0021432314401581623,0.0026428577997545622,0.002792851116256863,-0.008376831234033688,0.002462447955215632,-0.007140625972176385,0.0020237493967519182,-0.0050297356510317194,0.0002421438796528323,500
35,shock_lag4,-0.0021741647511192806,0.0029112678180359033,0.0031275908433151204,-0.008816622549148036,0.003525316829713407,-0.007653625365225248,0.002694637064993079,-0.005527161204364704,0.0007725527992214521,500
35,shock_lag5,-0.00032555722551466464,0.00255578805427922,0.0028445398845825163,-0.006572418763231527,0.005010934295907931,-0.005580687303428353,0.0037791702353590874,-0.00324543136153531,0.0022465486829576476,500
35,shock_lag6,-0.0020422181615886033,0.003019207705021075,0.0031072464389548674,-0.008373931596198779,0.0037074963994116455,-0.0075347701822323365,0.0027262566376908322,-0.005304398783251861,0.0008104218538855928,500
35,shock_lag7,-0.004764529858837641,0.002622569231756994,0.00292052272531371,-0.01077745075186174,0.0006392988952890254,-0.009949567776145776,-0.0004418564114751013,-0.00790430012603477,-0.0019372421727896958,500
35,shock_lag8,-0.0045185181471924275,0.0026541219545291664,0.002660854401539396,-0.009515324021235859,0.0006334435235209768,-0.008716241429778624,-6.34482205658429e-5,-0.007135775668499706,-0.0016966365832966918,500
35,shock_lag9,-0.00377862987600095,0.002859730313688474,0.0028166927393301067,-0.008891157955127552,0.0020594826741679555,-0.008143991692880033,0.0012292542386693685,-0.006171360151589954,-0.0008354187716500233,500
35,shock_lag10,-0.0003313709642830549,0.0024194720590274958,0.002723379768771508,-0.005824236835883807,0.005115333136567934,-0.00455846191685367,0.004282234649045117,-0.002919130220236271,0.002319681438611904,500
35,shock_lag11,-0.00017892782482824255,0.0026850660207253154,0.0028429695621370976,-0.0052013506672930285,0.005929027172599911,-0.004266109534478808,0.005075896473538508,-0.002516521416278609,0.0029488192785251787,500
35,shock_lag12,-0.0037361215787509935,0.00276541168570512,0.0029440238217405155,-0.009580391600575028,0.0019125650347364758,-0.008512100422615031,0.0011576936688330233,-0.006678659363623309,-0.0006706287433070991,500
35,log_oil_lag1,-0.011755379927162933,0.00606812805255726,0.00521988511595365,-0.020945505569197345,0.0008156256978659971,-0.019599964520092505,-0.0018877125973442497,-0.015950631145080794,-0.006263799409278307,500
35,ffr_lag1,0.0003929087311642448,0.0016716727334525022,0.0015209036378302776,-0.0025109090412337508,0.0036437466633941302,-0.0021360942253798782,0.00308947730186624,-0.0009833813232319032,0.0018199185461088843,500
35,log_rwage,-0.2068213580790807,0.03726329790561417,0.03319994871645871,-0.2622316982860168,-0.13329427293479013,-0.2521635617211192,-0.14223500709366627,-0.2353729113740794,-0.16600769072634494,500
35,age_mean,0.007864844896069673,0.0020016222306012445,0.002028429857689717,0.0037921189690996414,0.01188327297855122,0.004425904540225214,0.010771458385366075,0.005527397782901463,0.009596987870440915,500
35,female_share,-0.036005237611897216,0.055343445183857386,0.05497467937730478,-0.13678625420947488,0.0642198579973876,-0.12231651775708277,0.05023742356179034,-0.09449833700980538,0.016288718781099224,500
35,married_share,-0.11455241512637132,0.04411379992952256,0.04381060614959996,-0.19066310834084765,-0.02750725897463498,-0.17852453320066283,-0.041226015703630416,-0.1522604136025804,-0.06629112194824088,500
35,hours_mean,4.762205690821505e-5,0.0018854998995885411,0.0020271272994537553,-0.0038198476701760426,0.0040148199786952995,-0.0034203603473724285,0.0030874010046032237,-0.0020347650943667826,0.0019082361660585142,500
35,unemp_rate,-0.3052126649746917,0.08088289438873943,0.07915847806995195,-0.4332979643980267,-0.13188195978039668,-0.4164932670647821,-0.14959855876718486,-0.3677704438391503,-0.21664448481022205,500
36,intercept,-1.0492626547422005e-8,0.0030032648645443643,0.00250856998548542,-0.0044217379057760915,0.005024728371493471,-0.0037465799130306336,0.004423240067460449,-0.0021532070925590657,0.002987186304134057,500
36,shock_x_ind1,-0.009998298610080909,0.007297452562281089,0.007091265807538432,-0.022434221208288807,0.004877921055118847,-0.020462229982333824,0.0023148067088322737,-0.01595614163652493,-0.0015783445636651252,500
36,shock_x_ind2,-0.008306657984099231,0.010018292878040267,0.01100220696919096,-0.029497428852538185,0.010529234910507838,-0.026112938229225103,0.008401481698300576,-0.01984052247597257,0.0026064570298407154,500
36,shock_x_ind3,-0.0040714833561942025,0.005024910229819001,0.00518344607257549,-0.014607990413514092,0.005458820683703773,-0.013411248034749728,0.004145227322969224,-0.00915744741298619,0.0010109726275511128,500
36,shock_x_ind4,-0.004609887769829025,0.005205508389050791,0.005224217565825206,-0.01406635632046158,0.005941738285680271,-0.012936438932352148,0.00466422635155684,-0.009078160514146989,0.0012171445598194817,500
36,shock_x_ind5,-0.009010711500355295,0.0037965678406504397,0.003890434863841176,-0.017205618674622045,-0.0018165647920061864,-0.015378523149901513,-0.003108607190588822,-0.01306317020423366,-0.005660759581117416,500
36,shock_x_ind6,-0.001958776196563644,0.003957195834691469,0.004223288421626153,-0.009980767823471907,0.006389501401057707,-0.008962451598528768,0.005275157410439814,-0.005784864544741966,0.002394895208330325,500
36,shock_x_ind7,0.005436724060196603,0.005544372752741002,0.005771079106089548,-0.006364221197177183,0.015335359475363883,-0.004193325248141297,0.013905257390701963,-0.0006071448880921614,0.011317939664323446,500
36,shock_x_ind8,-0.011375708500126487,0.005193587289005545,0.005247004650060207,-0.021690908359026668,-0.0019725125518843655,-0.02040525569257944,-0.003359905082679962,-0.017255266392855753,-0.006553744632552918,500
36,shock_x_ind9,-0.004250379231094801,0.005154942510354105,0.005345999233473221,-0.015996038884866733,0.005207166522383559,-0.013098820009652094,0.003940685723416923,-0.00980581581356228,0.001176815619800411,500
36,shock_x_ind10,-0.015533189466519631,0.00646683003094567,0.006387010932162073,-0.028221181003092524,-0.003316419442315183,-0.02625221803127844,-0.005103951181209092,-0.0216996159138963,-0.008779901867542808,500
36,shock_x_ind11,-0.0029649364476787014,0.006028327127813608,0.0064220746708677275,-0.015516995698091186,0.009312844269427151,-0.013733080448344547,0.007464045542711927,-0.009900684071842265,0.0031044055520576333,500
36,shock_x_ind12,-0.007678515547016211,0.002966494104413253,0.0034240003623903148,-0.015193948596497583,-0.0018982381340317707,-0.014192072700807565,-0.002615949274841462,-0.011245472294484108,-0.004625258853988364,500
36,shock_x_ind13,0.0004863962704441749,0.003592588581740558,0.0038472167428633512,-0.0073783171345646,0.008774062463985537,-0.0061357869422931435,0.007012192571255852,-0.003141398556486519,0.00415350937106153,500
36,shock_lag1,-0.003967551175630936,0.002867796804269623,0.003027648254262399,-0.010526127700971881,0.0014663682154127714,-0.00925031434252863,0.0008592771762003205,-0.006753651036167563,-0.0009086584857879482,500
36,shock_lag2,-0.003435253878960705,0.0030023877849637286,0.0030489397744810722,-0.009319291696023,0.002345858828563017,-0.008174962911941381,0.0018566765195182308,-0.006093795597255383,-0.00011733521672362706,500
36,shock_lag3,-0.0027853753669305125,0.0025253860566488867,0.0026148379017468856,-0.00839139682908352,0.002060758216381629,-0.0074218285729612315,0.0012695139176117584,-0.005342925268145054,-0.00030928498515969005,500
36,shock_lag4,-0.0012475914505462784,0.0030875948449489844,0.003043417692605753,-0.007130626809746154,0.004937998232746695,-0.006330729012643481,0.0035709896993774983,-0.004463299340054287,0.0014701649803449922,500
36,shock_lag5,-0.001177852730212865,0.0027923231620189813,0.002920746700886211,-0.006995118142283367,0.00408778659284895,-0.006201396722761593,0.0032188878368447503,-0.004185353989361358,0.0015532749612766855,500
36,shock_lag6,-0.004531356092053844,0.002626684190516351,0.002901097613786154,-0.009640533607957922,0.0009379800964577623,-0.009096638635351652,0.000229191771220823,-0.007308268883498184,-0.0014982091298850072,500
36,shock_lag7,-0.004425221632059595,0.0031168127434904954,0.0031198849823300054,-0.010788714195037252,0.0016177128793875505,-0.009783849260901327,0.0005609018213199699,-0.007678577260443351,-0.001582847083122702,500
36,shock_lag8,-0.0054990720318397815,0.0026311224769282656,0.0026922260483238465,-0.010463644472932066,0.0002894755400890862,-0.009628950672654025,-0.00048760954359241236,-0.007835383084006197,-0.0026705142198747054,500
36,shock_lag9,-0.002497611158243263,0.00296027873835519,0.003127032770194285,-0.00850566471990179,0.003431855468886616,-0.007563100264133425,0.0025791580814292035,-0.005506434464697776,0.000807642954145355,500
36,shock_lag10,0.0004775510383484537,0.0023477637688569986,0.002568758934156849,-0.00487330614385305,0.005578458526292827,-0.003654702810804158,0.004784379863811364,-0.0018478929242208447,0.002940876015219531,500
36,shock_lag11,-0.0013922194784743765,0.0027388296028722464,0.0028443287423891785,-0.0071233374127801395,0.003977616809831329,-0.005885831703806122,0.003314516589450301,-0.004016931934942963,0.0015194781274165893,500
36,shock_lag12,-0.0020103377602916535,0.00248449974239251,0.00258604565759063,-0.007154499398346803,0.0030692263483715035,-0.006500502580583534,0.0025557161898110887,-0.004367949605491894,0.0007009647063817693,500
36,log_oil_lag1,-0.007998107360005457,0.006473233137153629,0.005947228925471813,-0.01820343689251884,0.004522842480194282,-0.016577076205347725,0.0026812806774512586,-0.013485564921364643,-0.0013855930166397465,500
36,ffr_lag1,-0.0008927711611705651,0.0018137027617017444,0.0015074635365534123,-0.003655213919969597,0.002291220881130403,-0.0032342158017289314,0.0018436113072657942,-0.0023120944152363694,0.0006421055353595453,500
36,log_rwage,-0.1934663774170198,0.037716977354951144,0.034750873364960626,-0.25234805149042216,-0.1106847584516931,-0.24093023665495392,-0.12406926991331674,-0.21960316372933678,-0.149585132780507,500
36,age_mean,0.004584010520423195,0.0021280905505576013,0.0019514960522025507,0.000744900846462453,0.008276211854425593,0.0012780771054964083,0.007609844801049337,0.0024706869508481014,0.0064429960336478895,500
36,female_share,-0.02049437961589819,0.06031110762627899,0.059651520918979344,-0.12541690176477188,0.10914638863478687,-0.11163596059605191,0.0787766102876391,-0.07745403625511718,0.04104177641580275,500
36,married_share,-0.025175285303831542,0.04474239494276437,0.046052141063444754,-0.1125814118514178,0.06852118396498577,-0.09729918691598173,0.05447444649905975,-0.06738465705231142,0.02355420772513657,500
36,hours_mean,-0.00032105930727253197,0.0019547778155895633,0.002047363963260431,-0.004199288519407131,0.003778734164493037,-0.0034669150348510436,0.0030892902549829364,-0.002184622908310264,0.001770182096496492,500
36,unemp_rate,-0.3834994719874355,0.08706006661134028,0.07932431367489894,-0.49216107880243887,-0.20685792364285008,-0.47787998909119833,-0.23392264043981562,-0.4415029768820399,-0.2764799059018669,500
