horizon,coef_name,beta,se,ci_lo90,ci_hi90,ci_lo68,ci_hi68
0,shock_g1,-0.010392330335030737,0.0052296446444502764,-0.01736483327896459,-0.003181434252514429,-0.014667832551379703,-0.006052894654149459
0,shock_g2,-0.010685715945782406,0.007582179075490055,-0.02029548063303449,-0.0006693715955555998,-0.016036967298702083,-0.0048382375949110965
0,shock_g3,-0.00029803082629744834,0.0032257550418291732,-0.004308749048317221,0.003816777531508689,-0.0028152729925269857,0.0022964546000760425
0,shock_g4,-0.003287930694044029,0.003786215445428771,-0.007702418437085122,0.0017699555308412804,-0.0061130797155431104,-0.0004280079780833823
0,shock_g5,-0.00012353842739336966,0.0026751211531660683,-0.003382118498086404,0.0033364097057503907,-0.002023181609208553,0.002038023286156531
0,shock_g6,0.0013056816700365102,0.0028309164844401444,-0.002410430611064894,0.005043100054378868,-0.0009244235173824613,0.003777457380468123
0,shock_g7,0.0016120914102169038,0.0038235069729231084,-0.003218100541013635,0.006609859721945355,-0.0013957808938929216,0.004601231792055183
0,shock_g8,0.0015156324930666678,0.0026427101722109343,-0.0015426976838560514,0.005180122198814561,-0.0005804775110077153,0.003843605423278093
0,shock_g9,-0.003550641977821689,0.002307174192718255,-0.006775152937347439,-0.0003401204615537767,-0.005447515618815124,-0.0015717118190513623
0,shock_g10,-0.005531328908432375,0.0034573681786952207,-0.009323262234448116,-0.0013997030428867102,-0.0077749781250206285,-0.0030398576712371557
0,shock_g11,0.0031357657271573265,0.004169847297161857,-0.0017198881916657307,0.008470101415135777,-7.166701567437204e-5,0.006383149043572111
0,shock_g12,-0.00011674141040549553,0.002024161012888495,-0.002729517787953344,0.0024224046284218636,-0.0018039324251507881,0.0015038440117703473
0,shock_lag1,0.001699973742376887,0.001416519949848454,0.0002812701498987665,0.00336955945660114,0.0007423580474314236,0.0026584574701970067
0,ylag1,0.6079449084648981,0.033999671314162455,0.5784997649204596,0.6459879527858773,0.5921195007158455,0.630634743475476
0,log_oil_lag1,-0.018525477010795103,0.0046505913221828645,-0.02470708171018006,-0.013494095217271245,-0.021735295981985668,-0.015376154735186536
0,ffr_lag1,0.001181158218450511,0.0018369979177247492,-0.001971723224283727,0.0032115835041915,-0.00033195987854495873,0.0025325886649257764
0,cpi_lag1,0.00032763890746274947,7.242126795209304e-5,0.00024636742069075794,0.00040953204260343477,0.00027650936941335665,0.0003734944842561297
0,indpro_lag1,0.0005674779657193577,0.00029878340162640276,0.00019287260373814825,0.000901627799850426,0.00035124641934130885,0.0007538598359595004
0,t10y3m_lag1,-0.0004029049864861392,0.003135136679414077,-0.005149374002575346,0.003323305628685964,-0.0030273814701432073,0.0016747489494281361
0,age_mean,0.011142334256938212,0.0014099756244849548,0.009563592482488703,0.01298225967873207,0.010195341908250957,0.012186216018664027
0,female_share,-0.17417226071195707,0.03153150519745267,-0.20965829395036115,-0.13724387253144682,-0.19598470773689022,-0.15101676527704574
1,shock_g1,-0.0038731985128448955,0.004946135723022102,-0.010098788013694996,0.001930578720763177,-0.007903185578572287,-0.00042979856709880575
1,shock_g2,0.010081503841484653,0.007609127712157724,0.0012313951761689854,0.01978697408700729,0.004691149776909455,0.0159030418011854
1,shock_g3,-0.0023160185737742416,0.0024586815663980737,-0.005464343880917429,0.0011872825796118247,-0.0040622590691950814,-0.00022595475418530709
1,shock_g4,-0.0035015392630604438,0.004238349023757383,-0.009006736796668602,0.001678879515107353,-0.006529069657190695,-0.0002239367700980193
1,shock_g5,-0.00041313369118836863,0.002623744012592106,-0.00407386335978916,0.002926127024815916,-0.002506293476516517,0.0017848153774893613
1,shock_g6,-0.0008128222483358611,0.002866845044918081,-0.004509140816444398,0.003200918401672732,-0.0029953782841661827,0.0016659627173730358
1,shock_g7,-0.006876738890773173,0.003563746822686603,-0.011169465799649333,-0.0025862357916204663,-0.009565288953550329,-0.004305396276379772
1,shock_g8,-0.005441703274627048,0.0026697315104648885,-0.008715580454361868,-0.0025719248251107178,-0.007423698555830447,-0.003589074108874973
1,shock_g9,-0.0026319048121928542,0.0029236861254776235,-0.0066539162268634214,0.0006373738445826318,-0.005190486899789629,-0.0005759241316159692
1,shock_g10,-0.007768320243545156,0.0036052461730438114,-0.012626907950776894,-0.004205858747579557,-0.010684401935772178,-0.00550720621316475
1,shock_g11,-0.0041685700948355265,0.004882270080036002,-0.010924552562653601,0.002049774823362816,-0.008253596291047792,-0.0012388550547139322
1,shock_g12,-0.0006515518282479951,0.0019932463837002597,-0.0032969530098016626,0.001798517124797748,-0.002169247942265802,0.0008639833349200021
1,shock_lag1,-0.0006416965046824744,0.0013966007484898873,-0.0025271880070979096,0.0010249914388933664,-0.0017751202405097799,0.00035285585910667687
1,ylag1,0.6097758286714577,0.03459639566906771,0.5788587303054264,0.6510884481566133,0.5935064102825821,0.6354671008275121
1,log_oil_lag1,-0.01579523875932696,0.0045661875440879,-0.021617840852318906,-0.011039326218629278,-0.019015612299921894,-0.01269951675045786
1,ffr_lag1,-1.5660966422243564e-5,0.001810470427925364,-0.0031637323314964876,0.0020427650215369044,-0.001594221868277538,0.0012976090729344956
1,cpi_lag1,0.0004013977502920444,7.392194502452035e-5,0.0003114285256370918,0.0004808941088202676,0.0003453162373365388,0.0004454808060662839
1,indpro_lag1,0.0008825552704241725,0.00028457714766873574,0.000520446332963114,0.0012065355537990276,0.0006701283716706453,0.0010583977220882963
1,t10y3m_lag1,-0.0006267571002290201,0.0031944245055876546,-0.005724109840552402,0.002870851421859202,-0.0034109866119979406,0.0016057505211196554
1,age_mean,0.004504015675377252,0.0011377270509650276,0.003083958453366079,0.005939088238878217,0.003643783590946673,0.005400163368151156
1,female_share,-0.018700664211869875,0.035610512963397505,-0.06410437250391593,0.026263673565319764,-0.045149392844655765,0.008612593144069033
2,shock_g1,-0.0125858935463011,0.004758463201213663,-0.018261604350724343,-0.006128600632642978,-0.016229550242942134,-0.00877080862181993
2,shock_g2,-0.010621925020461278,0.0070877707612266045,-0.019474585750381163,-0.001884473243435436,-0.01580376837382307,-0.00518394989507411
2,shock_g3,0.0016593323781833517,0.002723168383378145,-0.0020349523153925437,0.005266883479161171,-0.0003853231287687486,0.003938943707700843
2,shock_g4,-0.0015653408760977281,0.003533110547767918,-0.005899477003659548,0.0027330918127432494,-0.004108062556621962,0.0010812385742957965
2,shock_g5,-0.0019614177708827665,0.002886644032185976,-0.006086315623794369,0.0016889883996840391,-0.004335292384959553,0.00016928806288121767
2,shock_g6,-0.0018855990778525475,0.0026782357048588975,-0.0055157688638394495,0.0015850669528482337,-0.003727303778929964,0.00033291921156674924
2,shock_g7,0.002127646950595414,0.0044063316805262025,-0.0036064930186608334,0.007330754974790271,-0.0017664421241675899,0.00527352014943266
2,shock_g8,-0.0048924746272558444,0.0027727522522912034,-0.008816762883794307,-0.001662497527332842,-0.00711296109690434,-0.0028653386896465077
2,shock_g9,-0.004934927466324377,0.002816353423828303,-0.008339025236110006,-0.0017525810007075655,-0.006926571267202768,-0.0029677360961060917
2,shock_g10,-0.010036555835930864,0.003391352066637302,-0.014417950712012077,-0.005423444919286954,-0.012692022080284703,-0.007452340236571438
2,shock_g11,-0.006187397463752046,0.0044077116904958245,-0.011681444180803587,-0.0011301186624990559,-0.009555023628446695,-0.0030121246966266224
2,shock_g12,-0.003984389033670065,0.002167875660502246,-0.006799203595032045,-0.0011697424038472426,-0.005690509436094013,-0.002467508327673992
2,shock_lag1,0.0015954665419464027,0.0012503408138258808,-7.262000643791402e-5,0.0033728301588414763,0.0006281303969549234,0.002570275477692629
2,ylag1,0.6036931171055535,0.037798872633710005,0.5690559949709056,0.6443687178934494,0.5856821023231006,0.6298535969747329
2,log_oil_lag1,-0.016985326874337316,0.00445101721993388,-0.022655466942581217,-0.012550911082562417,-0.0197627837048255,-0.013827652790076417
2,ffr_lag1,0.00045494159329081485,0.0017487199534969632,-0.0025405859974772936,0.0025601730996448963,-0.0010586440653976806,0.0018227486148339018
2,cpi_lag1,0.0004141879670786437,8.096832380790332e-5,0.00031298287827474493,0.0004984223268135595,0.0003539600131136345,0.00046286777822615924
2,indpro_lag1,0.000989716138564782,0.00027149979898634505,0.0006636273466564607,0.0012804390459884311,0.0007831808248824482,0.0011600642956148745
2,t10y3m_lag1,-0.00017125726096599734,0.003156561408542594,-0.005217455043886592,0.003508475253598389,-0.003094046313121854,0.002168931900764637
2,age_mean,0.004465663594691359,0.0009849270533569506,0.003274684085348486,0.005669307499706339,0.0037380821413925524,0.00519555903002315
2,female_share,-0.05074961052387366,0.034388849998584055,-0.0968246351247701,-0.008477451838639675,-0.07599888395925992,-0.02765216385517189
3,shock_g1,-0.010416984625600463,0.005186108188517029,-0.016850228161535863,-0.004367399618625648,-0.014758527157845893,-0.007032303602189141
3,shock_g2,-0.0046169776062611545,0.00794329113306371,-0.01490839907552502,0.004763794208940307,-0.010761170962592792,0.001399883239851657
3,shock_g3,-0.0006659791184603884,0.0031507459000077705,-0.004297734217262876,0.003631090430136707,-0.0030154175920783155,0.0020378998016733108
3,shock_g4,0.0021641681244703205,0.0029283584599895268,-0.0011066576046762592,0.00612759349514384,0.00026855302494436053,0.004500314436049167
3,shock_g5,0.0018387529745745286,0.0028801800465735,-0.0013857914666128672,0.005353075293274486,-0.0003005178144847749,0.003980589571605258
3,shock_g6,-0.002210910339903048,0.003480581421358782,-0.00650817473255135,0.0020379792606749843,-0.004728505669064076,0.0006182295467093736
3,shock_g7,-0.007658012930781472,0.004311273468484797,-0.013155441075014075,-0.0024094284292576493,-0.010967833781417427,-0.0045257107662235955
3,shock_g8,-0.0021083987849234978,0.002454877361004216,-0.005088617123559895,0.0009500816327175157,-0.003892757594042548,-0.0002839416836121916
3,shock_g9,-0.0004573454049638068,0.0027654793349399316,-0.004066676440158403,0.0032111813865999066,-0.0027165755090230743,0.0015711158039439545
3,shock_g10,-0.004237656501444479,0.003603302300887773,-0.008569685001148512,0.0012667417865706732,-0.0071002400001930945,-0.0015869935383101158
3,shock_g11,0.0028127956520007987,0.004223158943592396,-0.0026344761986347946,0.008088543337791954,-0.0005787673297273726,0.006195639667503769
3,shock_g12,-0.0010699620754010186,0.0024133925107357166,-0.003918614513611084,0.0018531409208881991,-0.0028567188077516046,0.0007789315665405058
3,shock_lag1,0.0018325079839623742,0.0012678611742320653,0.0003275966900043491,0.0037470080662164035,0.0009131134153611792,0.0028338496315067846
3,ylag1,0.5947026156332034,0.03517162952235294,0.5649870812353897,0.632841779690647,0.5787193512561611,0.620093215769065
3,log_oil_lag1,-0.01686742012292268,0.0043418359192230254,-0.022240754002865903,-0.01192617320874035,-0.01987173464257785,-0.013770156005810543
3,ffr_lag1,0.0003920722343442694,0.0017429289639823457,-0.002476167298127526,0.002628419164694574,-0.0011866870693177157,0.0016499772005452678
3,cpi_lag1,0.00041714569407160754,8.35418045391126e-5,0.00031748228277411804,0.0005052068462910663,0.00035957803555048453,0.00047021473666330316
3,indpro_lag1,0.0010752953816065324,0.0002505353315261753,0.0007686485552788531,0.0013716698131464936,0.0008955309739644684,0.001242530607865284
3,t10y3m_lag1,-0.0004615100126849895,0.00314652848091417,-0.005564464773903708,0.0031592309543007875,-0.003412052048332916,0.0018006604968957714
3,age_mean,0.004100595931814487,0.0011031052132358557,0.0027417774915178238,0.005290676924155447,0.0031943847152136784,0.004746251850259847
3,female_share,-0.007626922165723569,0.03141786883655785,-0.05081209585644077,0.03245925062595711,-0.034389624050544625,0.016501533676136198
4,shock_g1,0.0031811679136078026,0.00573182620249044,-0.004757619332646143,0.009852038387970769,-0.0015936198132279868,0.007051927088926679
4,shock_g2,-0.013090245959785697,0.007461440696457513,-0.022089294372185375,-0.003921177438553096,-0.018556225732334265,-0.007912299272398969
4,shock_g3,-0.005529698253849443,0.0033121809742318845,-0.010635051689198838,-0.001021926606208633,-0.008711670301456859,-0.003144855294724751
4,shock_g4,0.0020764520535578135,0.0027931222309736047,-0.00148552355048685,0.005682476281621847,-0.00023853046979049148,0.004261945057494993
4,shock_g5,0.0018936852599806583,0.00323760971037624,-0.002100270591051347,0.005963243182255021,-0.0006103044581123906,0.004213440791203447
4,shock_g6,-0.004686657698014961,0.0031809402742166257,-0.008381769545531725,-0.0003551986482409446,-0.00687689539052103,-0.001970805891021613
4,shock_g7,0.0003241626593998504,0.004366214762852752,-0.005334707711336754,0.00580760340945951,-0.003075545820552132,0.0035343852006935856
4,shock_g8,-0.001807380385503322,0.002929305334380639,-0.005166534427516105,0.0016827106639861066,-0.0038099924546342377,0.00029035470650470374
4,shock_g9,-0.0055431120781797094,0.00232457660228037,-0.0085851388069891,-0.0028565601278667243,-0.007496749626566837,-0.0040063794827471175
4,shock_g10,-0.006902233570088198,0.0035855478912333043,-0.011309595332919985,-0.0024473392845397518,-0.00949861167474017,-0.004247186308700889
4,shock_g11,0.0013538058822060335,0.005052473454727634,-0.004991814810482066,0.007246816148223279,-0.002371352032664829,0.005057925173564868
4,shock_g12,0.004083698660007446,0.002588207448242952,0.0009636476109967525,0.007376857579130482,0.0023074384949993633,0.006308223683159074
4,shock_lag1,0.0027862158131749105,0.0013296578881443982,0.0010693417699871855,0.004593881745270312,0.0017269498859363434,0.003929517951778035
4,ylag1,0.580980793437211,0.036151641592509866,0.5490024992705999,0.6228185771919279,0.5622756156531186,0.6058856912272704
4,log_oil_lag1,-0.017822087815163104,0.004307150437606455,-0.0229413909344796,-0.0130179611198004,-0.020650337137212284,-0.014623427597750625
4,ffr_lag1,0.0004850673681240079,0.0018620609567682274,-0.002501958475926082,0.0025661403050791665,-0.0012279866855888593,0.0017898483861464793
4,cpi_lag1,0.0004366232851564183,8.703598261677057e-5,0.00033829627405136437,0.0005284636136400026,0.0003711565673117796,0.0004930960923652071
4,indpro_lag1,0.0012300660962016555,0.00023876581384434833,0.0009446704889919361,0.0015148361468690218,0.00104633118234922,0.0013882586369698981
4,t10y3m_lag1,-0.0003143975416615224,0.0033196814870411675,-0.005617445401900664,0.0033299035328020277,-0.0033750610395876495,0.0020182793395695517
4,age_mean,0.0032870704794469518,0.001424718660078342,0.0015993308962928693,0.0050205520530917595,0.0022665149554445827,0.004423478952647206
4,female_share,-0.026048332117543763,0.03198778278386883,-0.06730206720327568,0.012698311433666256,-0.050921325465081727,-0.002499752506027974
5,shock_g1,-0.004297269860298078,0.005061418907220071,-0.010697736808759687,0.0026981614770820173,-0.008821221240885958,-0.0004010412169858212
5,shock_g2,-0.008255592221726634,0.006985033654544939,-0.01620852926893231,0.0019373597219293475,-0.01294817485357188,-0.002766156664300667
5,shock_g3,0.0015434027560201277,0.0033026892021454446,-0.002526072441619778,0.006408141454151012,-0.001105594317180542,0.004513325796653341
5,shock_g4,1.6222637536891567e-5,0.004639611634816029,-0.007672744622977335,0.005024151296917954,-0.004428834101264201,0.0033578461991137783
5,shock_g5,-0.00019819268293174807,0.0031089329113812457,-0.005030095536447048,0.0038692824990879185,-0.0030595363693265223,0.0022928107981625727
5,shock_g6,0.0010315563840369274,0.0034858993959473884,-0.0031911949556692864,0.005928247134905187,-0.0014512067932530512,0.003737956262492268
5,shock_g7,-0.003571925382896915,0.004357938227625414,-0.00868515040459462,0.001302405358402768,-0.006771293960597342,-0.0005287292736137227
5,shock_g8,-0.002504214250440444,0.002473366152714291,-0.00573621320523781,0.0006153716333108152,-0.004392709318777658,-0.0005980932182592933
5,shock_g9,-0.0019443033492082947,0.0027455377608573113,-0.005423830491305903,0.0014145732983378736,-0.004119021170982321,0.00012002446274381141
5,shock_g10,-0.0017253202789664851,0.003266695843935121,-0.005884439395322721,0.0021848316741106934,-0.004293179095281503,0.0007004027085517526
5,shock_g11,0.0005542371621318356,0.0048513596132569005,-0.0057394942171991,0.006313164894382283,-0.0030778432849430434,0.004082224701287073
5,shock_g12,0.0031658210620663318,0.0021657951594472764,0.00039631583194121725,0.006217523394018777,0.0014610027302390106,0.004878456263226383
5,shock_lag1,0.0036895049659388,0.0014511254136799732,0.001800699111165255,0.005614250906744438,0.0026104928123528636,0.004762193634052465
5,ylag1,0.5720064038464837,0.036600350816038796,0.5382086704674987,0.6134433980291809,0.5519758218197893,0.5976782357048414
5,log_oil_lag1,-0.01884569735177336,0.004290455096490864,-0.0242350633964711,-0.013921651440756794,-0.021834413726204233,-0.015407552880500882
5,ffr_lag1,0.00042389297562547883,0.0018694209407137362,-0.0025912366221187643,0.0025516090900171216,-0.0012136204631908519,0.0017166052272868002
5,cpi_lag1,0.0004492103170621382,9.266871516756399e-5,0.00034571206620203455,0.0005449564383048741,0.00038326168995059625,0.0005080343507465353
5,indpro_lag1,0.0013253714562937067,0.00024364526705581425,0.0010471679377093929,0.0016203161867083132,0.0011351475492534589,0.0015000119570973095
5,t10y3m_lag1,-0.0005531931015920659,0.003420248357663439,-0.006131319598066606,0.0034951766316525324,-0.0039030886393750675,0.0019069373367157569
5,age_mean,0.002935763331828141,0.0013906506706600416,0.001469646484342124,0.00474778412973656,0.0019636757320659172,0.003911209786643176
5,female_share,-0.02457592363645193,0.03535029875089227,-0.06514477842539088,0.019579406804995158,-0.05111539360222592,0.0004977936429646675
6,shock_g1,-0.00923317910136737,0.00485352317745511,-0.0164049923551573,-0.0031634399043872522,-0.01313472694954901,-0.005929585566223644
6,shock_g2,-0.002872905875058131,0.007716482072269603,-0.012188760658095384,0.007520123607938592,-0.00816161286654032,0.0030018799050938994
6,shock_g3,0.003292975962204137,0.002876621963602167,-0.0005482209788235316,0.006861583798041531,0.0008574381914237578,0.0054877614804072095
6,shock_g4,0.003745161618205351,0.002589359092289118,8.55850817376544e-5,0.00679504450150684,0.0016064121007577834,0.005588300033867787
6,shock_g5,-0.00011087459309035186,0.0033461625774632952,-0.005738343819084654,0.003432019558945518,-0.0034996475882354207,0.0021146430786628794
6,shock_g6,-0.0025115617532419274,0.0037256373078906474,-0.007050475679886972,0.0027282478865353443,-0.005324154960597165,0.0006966055865955563
6,shock_g7,0.0032275715072963224,0.0042662980409802955,-0.0026288697481391407,0.008273273792806549,9.810014820438133e-5,0.006426245998026024
6,shock_g8,-0.005052764184621696,0.0027949759638615872,-0.008613404875311755,-0.0014681809497850084,-0.007203114043762744,-0.002960439429904362
6,shock_g9,-0.001784702076628322,0.0027935133150781164,-0.005644251715235965,0.0021255681468767247,-0.004104830386578289,0.00046136604755487773
6,shock_g10,-0.00017840770264147812,0.003513080063426793,-0.00460401110616535,0.004164545269081238,-0.002786579341976005,0.0022704206790871723
6,shock_g11,0.004450439142301106,0.0042187106603436995,-0.0007578264865233924,0.010548205499324979,0.0013836596760006961,0.007941650788874852
6,shock_g12,-0.0014986588858818643,0.002544328511783993,-0.004937614397114285,0.0021884937625329002,-0.0036625708909452633,0.0006902713139886954
6,shock_lag1,0.004175358036800122,0.001367834227647775,0.0024443328926035107,0.006057352437736288,0.003071801254716594,0.005384544400698067
6,ylag1,0.5689228088224454,0.03658132604828228,0.5312773017719035,0.6115990469039898,0.5503927548902326,0.593196705738891
6,log_oil_lag1,-0.020212405309867777,0.004245440849868526,-0.02519396497547402,-0.015349671756210388,-0.023036904539942647,-0.017153738895931917
6,ffr_lag1,0.0004992106964727403,0.0019226825286941856,-0.0028944953592684123,0.002575759316457135,-0.0012167104886505343,0.0018837754747652088
6,cpi_lag1,0.00045516093660830244,9.451478178254046e-5,0.0003460661190258296,0.0005536206074012415,0.00038991337074439317,0.0005140417091667468
6,indpro_lag1,0.00141659504499191,0.0002223396066295532,0.0011590356467770738,0.001694242976218535,0.0012497607967695157,0.0015849110326525521
6,t10y3m_lag1,-0.0006250632940265377,0.003542514175662251,-0.006840236267207111,0.0032859977501999964,-0.0039670279361572304,0.001986257788374271
6,age_mean,0.002657878019913657,0.001419966974649422,0.0011180170959445047,0.004330232497586673,0.001730387626142942,0.003645546408929763
6,female_share,-0.03656875139556347,0.03302288896896167,-0.07747033104315437,0.004125637516555161,-0.06276981457234801,-0.01152915922410155
7,shock_g1,-0.005503806303604763,0.0053189460476737475,-0.011876982090779531,0.0020185194775775,-0.009650587656945056,-0.0013237018830382034
7,shock_g2,0.0027267026198302307,0.007992941053484791,-0.006801042481245772,0.013495154464365201,-0.0029676352373530362,0.008860436430991917
7,shock_g3,-0.00017297476160178953,0.0028865644470403937,-0.0035513365220969533,0.0032811165059175034,-0.0024229696767274446,0.001964018122981532
7,shock_g4,-0.001297167994864779,0.002674452713779819,-0.005144390870688649,0.00255432587030563,-0.003425976680903957,0.000990824210093101
7,shock_g5,0.001431434682602833,0.0027078904113772857,-0.002325634791950624,0.005048589245239547,-0.0005894837557812109,0.0035485016409092258
7,shock_g6,-0.0008312133578294989,0.0036028067984573,-0.005125612699532931,0.0036066445578939355,-0.003354228868175913,0.0020100293587915256
7,shock_g7,-0.002454159106410741,0.003460510564401217,-0.007158726102056156,0.001715762802953991,-0.005276395039221716,0.00017777920743979264
7,shock_g8,-3.98917924038896e-5,0.0028881943099618706,-0.003335792490092749,0.003898767147097537,-0.0019694350463289813,0.0026306626940334
7,shock_g9,-0.0027272981972829738,0.0025525866032274284,-0.005773285582252205,0.000693989451560868,-0.004605844052537282,-0.0009629365078129954
7,shock_g10,-0.0010836958786416973,0.0040356948909507405,-0.00629770866746037,0.004341336356285803,-0.004207978762632372,0.001991602066387721
7,shock_g11,0.007048077350566836,0.004268226499457934,0.0006806187512800486,0.012584636785481475,0.003615941102864069,0.010374667334691173
7,shock_g12,-0.002024033730314684,0.0021758504812866993,-0.00465239714213422,0.0009151647446567841,-0.0037461869298709045,-0.000167113786151335
7,shock_lag1,0.0019630400942320823,0.0012219566035242817,0.00043513867439758515,0.003590610835609351,0.0010872539587907341,0.0029814840010441413
7,ylag1,0.5653193077412455,0.037204300170588164,0.532508073110113,0.6110547510375987,0.54651998206034,0.5896609836100591
7,log_oil_lag1,-0.020497689310520536,0.004440408372541531,-0.02544560033544677,-0.01514951797066583,-0.0233525366415328,-0.017195445567695054
7,ffr_lag1,0.0004959221422014109,0.001959195787577488,-0.0027931695384112096,0.002631997212633436,-0.0013654924289356208,0.0018421874518664487
7,cpi_lag1,0.0004349657497558146,9.61163856435809e-5,0.00031834099207551177,0.000529787579566938,0.00036665014448686913,0.000492001374840075
7,indpro_lag1,0.001430946997395281,0.00022695570434053973,0.0011676998980035122,0.0017063392207728322,0.0012621239992639144,0.001597899919692768
7,t10y3m_lag1,-0.0009700614587834017,0.0036907578337755545,-0.007400942028825955,0.0027373241528736627,-0.004527556981893688,0.0015066445702263888
7,age_mean,0.003599010471954521,0.0013077057660484774,0.0020052526818783666,0.005012615098586684,0.0025166346006503656,0.0044817347641260994
7,female_share,0.009991574338846166,0.0364126664728998,-0.03865667257253283,0.05860671567792845,-0.017965443247215163,0.0391521578129707
8,shock_g1,-0.008801482336271824,0.006195575928630422,-0.017925299370717948,-0.0018761093865821898,-0.013961200850962967,-0.004782411609398836
8,shock_g2,-0.001913259894581752,0.008943206072404642,-0.013041478685652152,0.009114137421057215,-0.008812689742207933,0.004854014800471628
8,shock_g3,0.004942089388397759,0.0031101616001985737,0.0011176471468255672,0.008662391978498347,0.002691682843684593,0.007381131936342043
8,shock_g4,-0.002518860697000444,0.0031024009775231947,-0.00665698371314155,0.001421421625745268,-0.005181754339713157,-0.00015625418220483172
8,shock_g5,-0.0012261224703353992,0.002768826684499385,-0.004922221583710806,0.002383011100932151,-0.0032403657000288277,0.0008282658107436574
8,shock_g6,-0.005736725131010654,0.003521238828881944,-0.010226072375565054,-0.0007947941337481347,-0.008315334950554313,-0.0025497335657727114
8,shock_g7,-0.004953688755155705,0.0037430995213291176,-0.00890859541325717,0.001355057483792792,-0.007498801099805576,-0.001813480169965468
8,shock_g8,-0.0069780279930712385,0.002287242740372639,-0.00954821615740124,-0.003974464472175121,-0.008481558182742233,-0.0050856233507192185
8,shock_g9,-0.0019755621774892804,0.0029933948423953283,-0.005394217314918289,0.0015599556256828255,-0.00388536269926659,0.00027660664080131304
8,shock_g10,-0.0035284925773955843,0.00301157215192992,-0.0074226319811640925,0.00017752055019219478,-0.005936527206543227,-0.001189243836346011
8,shock_g11,0.005396381038701169,0.003494667803903217,0.0007636094910449922,0.009469004581831298,0.003021320108911624,0.007839962863011588
8,shock_g12,-0.006256256300774104,0.0025553495695145407,-0.00922574464932159,-0.002910639084596286,-0.00816003138825633,-0.004144778361976364
8,shock_lag1,0.001266404426952087,0.0012108961279669675,-0.00042889239215432155,0.0028556356000738834,0.0003490251602204083,0.0023217430595935925
8,ylag1,0.563089119732058,0.03839439706073742,0.5293549373034481,0.6075285676996007,0.542831292477957,0.5870211346684135
8,log_oil_lag1,-0.021192155826453826,0.004395484845023571,-0.02600925828183604,-0.015684157041793653,-0.023984632825548136,-0.017961160888925274
8,ffr_lag1,0.0001708764610123966,0.0018855472949981,-0.0031274874090640647,0.0023540505485827616,-0.0017303207121793693,0.001515706160280975
8,cpi_lag1,0.0004521758529420379,0.00010046210368706475,0.00033830664153298686,0.000552882541354912,0.00038302361981626377,0.0005153932878818439
8,indpro_lag1,0.0015507956871834618,0.00022554673297641722,0.001283046218389222,0.0018046909043210669,0.0013773366692148192,0.0017124217034101634
8,t10y3m_lag1,-0.0013870603028248248,0.003570271616198795,-0.007717332013216957,0.002548994098804341,-0.005295947285409591,0.0011453320366204116
8,age_mean,0.0018702204751564358,0.0013220584790548605,0.00022108937842341418,0.0034340203612792885,0.0008252192282325647,0.0028577715510940743
8,female_share,-0.052224696808728724,0.03574858500239534,-0.09736364210921064,-0.006136712809743948,-0.07641381669625899,-0.022858255190864603
9,shock_g1,-0.007389510413092811,0.0058319287230136265,-0.014748900722181227,0.00019235990337722504,-0.01181146919752283,-0.0029457235433091424
9,shock_g2,-0.007172816089939944,0.00791207751448941,-0.01788724224414184,0.0027587359646474045,-0.013916981070322763,-0.0018156454954368195
9,shock_g3,-0.0035633796669030902,0.0033024684842557794,-0.007482369126554318,0.0010764678977452872,-0.005828561228612761,-0.0008017032422080045
9,shock_g4,-0.004362470270006829,0.0033204877382173696,-0.008843250762729168,0.00021254590655217856,-0.007084873008639804,-0.0016104160684813594
9,shock_g5,0.0013001864128186534,0.0025445748407378578,-0.0017263816710018655,0.004608435949603458,-0.00048328188454783527,0.0033300433577076027
9,shock_g6,-0.0044148034982238755,0.003376712543270971,-0.008438971655502104,4.97252873467623e-5,-0.0067949185648803565,-0.0016450488396144258
9,shock_g7,0.000998140702133576,0.003542076535282401,-0.003756492740151319,0.005655476555037841,-0.0017035119230519877,0.003619690024023414
9,shock_g8,-0.005039923118117634,0.0016484935421398174,-0.007049612869344716,-0.002881461841502558,-0.006195720206123514,-0.0037258019462668
9,shock_g9,-0.003284211376615171,0.0025432078321323943,-0.006378274682993323,0.0001859568820886631,-0.00505669699849643,-0.0012309783208593337
9,shock_g10,-0.009666792721385938,0.00434540679765862,-0.015503026565661038,-0.0035107818044792715,-0.012926550522434604,-0.006046081305146216
9,shock_g11,0.0038808398620569073,0.00466439566577379,-0.0026706353024129317,0.00889638851173918,-1.7866051467905954e-5,0.00689416576571941
9,shock_g12,-0.0029875747053204997,0.002453293850576479,-0.0059887812518702255,0.0007119603444110606,-0.004815632971798351,-0.0008722827057351269
9,shock_lag1,0.0015173832094561488,0.0013329631575761448,-4.687719959155473e-5,0.003395743791051622,0.0005999718499044714,0.0025629664866512808
9,ylag1,0.5603580788188794,0.035490531543079434,0.5264072631162525,0.6021923383041997,0.5407918930351436,0.5834603790348987
9,log_oil_lag1,-0.022805518858838827,0.00417333706751517,-0.027196941755075477,-0.017719843398823147,-0.02531632836199006,-0.019660083826952817
9,ffr_lag1,0.0011027878222242492,0.0018609769091133426,-0.002077025283997662,0.003116471485287468,-0.00076107311318626,0.0023614465171708015
9,cpi_lag1,0.00043792325909806955,0.00010136938654722999,0.00031438827232343304,0.000535273292913864,0.0003671750289195929,0.0004975040175356397
9,indpro_lag1,0.0015256969600214133,0.00021858812083935185,0.001243789484883439,0.0017717905581767352,0.001357530371642253,0.0016858487760926075
9,t10y3m_lag1,-0.0006143160884390528,0.0035584568604311636,-0.006462899490558688,0.0029223221438362595,-0.00416835766086212,0.0017700846394538105
9,age_mean,0.004513736644448844,0.0013598575518951404,0.0028776575350089027,0.006022131810310257,0.0035108115702992522,0.005434896462120064
9,female_share,-0.03074980704067996,0.02859419505978143,-0.06431847979186783,0.008216195869045605,-0.04975944939821356,-0.008068757113368737
10,shock_g1,-0.004805167050568831,0.00518837785721693,-0.01134452603958177,0.0019400537497736188,-0.00919943466723273,-0.0008964637202232874
10,shock_g2,-0.006087675483035381,0.008330877572061503,-0.017425469459007994,0.0051685280058494645,-0.01270337613575604,0.0007976602414075116
10,shock_g3,-0.0010641951596168456,0.0023499036261899857,-0.004014052521675682,0.0022695526180653647,-0.0026158495746834575,0.0009708201684127964
10,shock_g4,-0.007141702031081359,0.0040523277132319385,-0.012279990475841367,-0.0013636875263085806,-0.010042477377316054,-0.003947027223274949
10,shock_g5,0.0021631336026666087,0.0024508547352417986,-0.0007550423869996112,0.00554663233767713,0.00039642653319993957,0.004002751591382621
10,shock_g6,-0.00015163624243863294,0.004052162056557931,-0.004814318431185524,0.005155586058548365,-0.003047852154052384,0.003223438149743931
10,shock_g7,-0.0013127780278850976,0.0038858313180831923,-0.0060515785350908164,0.003704845712221818,-0.0039027327835219386,0.0018170583467426744
10,shock_g8,-0.004007296297937566,0.0021241434795344787,-0.0066408245050321914,-0.0011630923123965168,-0.005696119893053935,-0.0022212608720708436
10,shock_g9,-0.0021628921607781517,0.002677075071379685,-0.005751111790658292,0.0010465571342504086,-0.00429683365341711,-9.86162632174597e-5
10,shock_g10,-0.009404851322817988,0.003140948262466135,-0.013479792739883475,-0.005280758865615186,-0.012001573474583544,-0.0071206872016574
10,shock_g11,-0.0038699809553294426,0.0037333093612017952,-0.009085398444654474,0.0006481085914327219,-0.0073386031075568636,-0.0011778605808182786
10,shock_g12,-0.0015878480657918366,0.0016964041849877461,-0.0038020861445135865,0.0005536115910809098,-0.0029532803704203333,-0.00038029295981113135
10,shock_lag1,0.002410549567506606,0.001448878655415406,0.00045477733735688067,0.00430919760836105,0.0012416373494701504,0.0036406974464727633
10,ylag1,0.5585948676085558,0.03758023854383163,0.5207704335506944,0.6018111681351257,0.5372736094973044,0.5850823579781994
10,log_oil_lag1,-0.023157299766604647,0.00421961971031657,-0.027462515237198656,-0.01765241411468149,-0.025583907372291475,-0.01982815673666012
10,ffr_lag1,0.0011597479861293755,0.0018237520408690448,-0.00184176370666185,0.003116180359615457,-0.0006851195507365936,0.0023767462083919425
10,cpi_lag1,0.00046164213700785684,0.0001017155781307745,0.00034591541740298666,0.0005580558809049058,0.0003865136448505992,0.0005200043736480018
10,indpro_lag1,0.0016785583297540595,0.00021721526259620684,0.001397388317470917,0.0019377182270301858,0.0014902025668112248,0.0018423925860524416
10,t10y3m_lag1,-0.00021177688877279532,0.00346472195347817,-0.006545742039618688,0.003127256315459488,-0.0036573588134421356,0.0019064405168568873
10,age_mean,0.002918382603698057,0.0012805720773297275,0.001435769941210594,0.0044268950384297795,0.0019148042124198944,0.0037927035337890517
10,female_share,-0.024183375256454198,0.03787284235482017,-0.07174462545742505,0.030845093385376325,-0.052712283978659694,0.0020081394597477632
11,shock_g1,-0.018983131379374518,0.0050387117800579275,-0.0260073448660343,-0.013552555645948015,-0.0231749095656,-0.01555258196764673
11,shock_g2,0.00777630140122814,0.007487698634261088,-0.0016101894703466086,0.016536248807448854,0.0025858861034815,0.013181011512840894
11,shock_g3,0.0011427088460305881,0.0030005095459865612,-0.0022978421728401914,0.004827444742845411,-0.0010359260313555717,0.003496159139674874
11,shock_g4,-0.0008611725883712555,0.0027167489044263742,-0.00448679195407867,0.002659430030605851,-0.0030335354105950106,0.0011335522856117666
11,shock_g5,-0.0030716029438523683,0.00216061360149654,-0.005901458064909885,-4.737457130609248e-5,-0.004634397305009212,-0.001243033805522935
11,shock_g6,-0.0024446113000120627,0.0031437824523213153,-0.006614514364083435,0.0016469004611573616,-0.0050053679014398,0.00017305633150132942
11,shock_g7,0.0049330795095117235,0.0028057749197829764,0.0017091383674143444,0.008969955208365788,0.002942234688850122,0.007530715488479814
11,shock_g8,-0.003684984211533404,0.002476400230652125,-0.007294383973159063,-0.0006200479153217597,-0.005767782792098447,-0.001655202849204862
11,shock_g9,-0.0016339028883869079,0.002547972321321813,-0.00468871355359214,0.0016040800584390868,-0.0034466879769706905,0.0002189873591227126
11,shock_g10,-0.0053997656219082575,0.00325384351729459,-0.009915049154870067,-0.0018423835108361793,-0.007927557212790912,-0.0031330172047320383
11,shock_g11,-0.006746017940917086,0.0038579604188004376,-0.011753962217055297,-0.0016618654336825094,-0.009806605303931454,-0.0036769837800286133
11,shock_g12,-0.0032247796238089035,0.0015729063155525368,-0.00517220349910482,-0.0012993886431675076,-0.004458249480667049,-0.0021209068973638816
11,shock_lag1,0.0010581765619441265,0.001139758162367824,-0.0002097600052126396,0.0025905368635675105,0.0002562990807961741,0.0019376339046994838
11,ylag1,0.6101542209986958,0.034862819218906375,0.5795065253395026,0.6463444777730187,0.5894973641734027,0.6311157709745374
11,log_oil_lag1,-0.02231229559982769,0.003913591917270058,-0.02649999703061722,-0.017555146089909462,-0.024694274737142172,-0.019432848765237525
11,ffr_lag1,0.002054151905715235,0.0017606777544147466,-0.0008426596032514518,0.0039058616936688147,0.00027639855368778764,0.003289582708617125
11,cpi_lag1,0.0004367175701970929,0.00010045429976423912,0.0003153252183856686,0.0005456115490819161,0.0003668038717871654,0.0005036071616769977
11,indpro_lag1,0.001687352334482354,0.00020555467127716565,0.0014169066144862725,0.0019523742792073933,0.0015107942109545333,0.001837352560836942
11,t10y3m_lag1,0.0014049505298495894,0.0032867282351739194,-0.004253108723753828,0.004788398262231812,-0.001962954290968418,0.0034526256660911904
11,age_mean,0.0022801397286235084,0.001173017128150387,0.0009075792643687885,0.0038715406991179217,0.0014333743534935017,0.0032042213995639615
11,female_share,0.012898058588038193,0.0339793011219468,-0.02927560540502709,0.0547616787274509,-0.011805629998616883,0.036308323739527686
12,shock_g1,-0.007271887383649596,0.0058395970311505094,-0.01513422403627798,0.0005715757839237119,-0.011696166847659482,-0.0027462972482104305
12,shock_g2,-0.004694400543934893,0.007368746544114322,-0.013225654024497668,0.005404988602366819,-0.010084446874344493,0.0010522049361823375
12,shock_g3,-0.002087533607711164,0.003045868758283629,-0.005893221951958158,0.00239626629262707,-0.004363993613948278,0.000701904434022944
12,shock_g4,0.0016697884431433124,0.0032324619516271727,-0.002359079689539489,0.006062244329324588,-0.0008360020040098181,0.004242021123412553
12,shock_g5,-0.005831553139785663,0.002741433856769498,-0.009665878452728583,-0.0020938213410633937,-0.008046173270779142,-0.0034589016644670364
12,shock_g6,-0.0012354605472962921,0.0036072374505449535,-0.00576302626815659,0.00324868552911814,-0.0038154656340355884,0.0014986516296976642
12,shock_g7,-0.005817188082387075,0.005352893067583068,-0.012919948180585783,0.0005148907296235843,-0.009909249423251209,-0.002272231492412535
12,shock_g8,-0.005630730073737136,0.0021810429440905555,-0.008655675151458157,-0.0027930467504953347,-0.0074405426258288675,-0.003952252716612262
12,shock_g9,-0.0008441562085863279,0.0027255535759920383,-0.004449419313558818,0.0021792836535209996,-0.00306534860847196,0.0009981446882861079
12,shock_g10,-0.0035027319092617746,0.004077694877617843,-0.008639752389014613,0.0016932562818221955,-0.006633256298594081,-0.0005020782389930684
12,shock_g11,-0.005283871501895707,0.004547632561851139,-0.010884973335084272,0.0007865980512542729,-0.008620992698637114,-0.0018336872449829116
12,shock_g12,-0.0024246836034767477,0.0017885508557186564,-0.004823910828772971,-0.00035248278723836336,-0.003924158621920356,-0.0012422758901546526
12,shock_lag1,0.0014845962739378944,0.0013272420420798428,-0.0001397440159312637,0.0031938437079439587,0.0005941157186441627,0.002527586869947614
12,ylag1,0.5381563583823233,0.03962939727540197,0.5032592583541421,0.5774102567421038,0.5147474471549813,0.5631207583504362
12,log_oil_lag1,-0.026333500650873247,0.004287325973156301,-0.031058303896441306,-0.021095319797371104,-0.02899034169842346,-0.02324639081075701
12,ffr_lag1,0.003187906203356907,0.001778506222692632,0.0005681275928425683,0.00506385871496615,0.0014265755169676718,0.004450175071316528
12,cpi_lag1,0.000509543647201119,0.0001192733275014317,0.0003653806524493578,0.000638035722956283,0.00043131468534855235,0.0005958318549092121
12,indpro_lag1,0.0018452282109223922,0.0002255064368138789,0.0015784624981444507,0.0021373239618309348,0.001672802005563153,0.002006249575726968
12,t10y3m_lag1,0.0024497228093222512,0.0033276710454336234,-0.0027881152511739704,0.006033571784719718,-0.0008282511656102108,0.004832986870920587
12,age_mean,0.004983799375389541,0.0014846638627026001,0.0030904369368208867,0.00697041844960072,0.003907353079102589,0.006212302005142724
12,female_share,-0.023318946417073844,0.03088975403976181,-0.06674776460021926,0.013296756203655623,-0.04909653926167093,8.661737330128289e-5
13,shock_g1,-0.015208323997398205,0.00541820953187104,-0.022440851328498712,-0.008605709819099517,-0.019390820321325518,-0.01141760360236968
13,shock_g2,-0.002925119809516929,0.007107006628060107,-0.010236194146501737,0.005637486134109963,-0.007558077119464315,0.0019499874584724725
13,shock_g3,-0.0028265092046508705,0.0032319354052381807,-0.00713288609773603,0.0009000701286258198,-0.0052798528010981755,-0.0003773487105003261
13,shock_g4,-0.003995987842263496,0.003640561034495993,-0.008311683890572932,0.00024287819438582447,-0.006425002539047101,-0.001725845650849483
13,shock_g5,-0.0007329276655233393,0.002173007265357932,-0.003729158216172317,0.0024161249058258,-0.002616680771575541,0.0011363291747776675
13,shock_g6,0.0028558211073029475,0.003496087956160249,-0.0021773249200693987,0.0073737568490805,-7.462377501739554e-5,0.005702172112501311
13,shock_g7,-0.0008231190728954943,0.0037591899162103823,-0.005600453959221023,0.004355035265464214,-0.003461753910483087,0.0020767607063095824
13,shock_g8,-0.006985914941083422,0.0024404826834654152,-0.00996934649483355,-0.0040470972299572645,-0.008692198952612938,-0.0053709537031278376
13,shock_g9,-0.003420669070493148,0.003154364873227094,-0.0074795884815736435,0.00024873050191075424,-0.005763374632068174,-0.001300344877113905
13,shock_g10,-0.004104069756668997,0.004046958222820638,-0.008536142490858222,0.0008384131070656182,-0.006917369578814421,-0.0012223034140526087
13,shock_g11,-0.0018704657716755797,0.004122248748789588,-0.0074384288838764846,0.0029785599569026465,-0.004913304651415063,0.0012151321502387302
13,shock_g12,-0.0013116033512629265,0.0021197340857916904,-0.003928247920687133,0.0015529801025431877,-0.0029836325009193346,0.0003773130059985812
13,shock_lag1,0.002005954958241317,0.001375308625191802,0.00036096983556783806,0.0038377325709734664,0.0009984219210812878,0.0031527075586972237
13,ylag1,0.5248724216426953,0.04064572993001732,0.4908038746970421,0.5682285303636601,0.502053599109384,0.5507629035640597
13,log_oil_lag1,-0.02764580103698373,0.004521447694866279,-0.03252914746853462,-0.022286311838882612,-0.030588174104060947,-0.02404653764721151
13,ffr_lag1,0.0037176579209466367,0.0017839391620929628,0.0010924079531706306,0.005730714348631923,0.0021048944351018473,0.004954189310950104
13,cpi_lag1,0.0005588167298857167,0.00012328106024900567,0.0004116544505060642,0.0006926006521488518,0.00047852855705450385,0.0006456324762775998
13,indpro_lag1,0.002026618857651659,0.00022525435285615254,0.001751630460322515,0.00229733078584353,0.0018634545241653945,0.002191268784287845
13,t10y3m_lag1,0.003675224797124836,0.0032489548112887667,-0.001132703577827356,0.007405713127134191,0.0006190003800739313,0.005891305009676606
13,age_mean,0.003845640160932714,0.0012856576708023756,0.0022079159013353843,0.005515642212581357,0.0027728127298404354,0.004765625620033359
13,female_share,-0.04249294968758458,0.03859233377768715,-0.0880865280799607,0.004443356449759378,-0.06924649219756414,-0.013570725386364883
14,shock_g1,-0.011463567752663351,0.00521805875760212,-0.017423880877721152,-0.004380889640012638,-0.015356391462437731,-0.007273647273763057
14,shock_g2,-0.003179254530644752,0.007053615159227905,-0.012663376899215843,0.005662199148985693,-0.008806118842724081,0.002119145478769929
14,shock_g3,-0.0027288517897537654,0.002941714551286124,-0.006615494248549384,0.0007509118214210383,-0.004895138604776754,-0.0007436713259181623
14,shock_g4,0.0009184980061511098,0.0036862749308291206,-0.004578641920498207,0.005826362980133027,-0.0019981068529834724,0.004055843899006135
14,shock_g5,-0.0006806705589280716,0.0028889599822344834,-0.005773446452521196,0.002923726106168211,-0.0035331155533591977,0.001546621113142462
14,shock_g6,0.002688020838667154,0.004128745673734817,-0.00214712535927109,0.007830249385027492,-0.000403353806775563,0.006261576147154739
14,shock_g7,0.001337706571070681,0.003852530882269342,-0.0034447315701440838,0.006065867542301134,-0.0014545653244949631,0.004437343264444123
14,shock_g8,-0.005954534201683328,0.002843806522705643,-0.009331171515792797,-0.0025510791371453896,-0.007944079235925546,-0.003653689874927421
14,shock_g9,-0.004022970441141541,0.0026387822487913084,-0.0074477374148605325,-0.0013300018120342592,-0.005970272127112951,-0.0023176858766868367
14,shock_g10,-0.007006398941001359,0.003019340874451048,-0.010853163934686584,-0.002778762237677204,-0.009126254106471809,-0.004515954441881134
14,shock_g11,-0.005300562565648582,0.004887242342406661,-0.011956698974541529,0.0010315995358332972,-0.009262767857169767,-0.0017142347942160647
14,shock_g12,-0.003002579877469062,0.0020715769061653614,-0.005803575227120774,-0.0002969656891552439,-0.004594996796314459,-0.0013265732139774015
14,shock_lag1,0.0019068673063571448,0.0011948224058365702,0.0004085033515456376,0.0035117835648174403,0.00096669610262997,0.0028314209575799262
14,ylag1,0.5301386195167089,0.04281926673627707,0.4910094502318698,0.5786611869570999,0.505619897856705,0.5566073574675144
14,log_oil_lag1,-0.02803308372643737,0.004573686580106569,-0.033074538180239185,-0.022669857694662298,-0.031178526513157376,-0.024524493234685408
14,ffr_lag1,0.004108503690025068,0.0018455755700946892,0.0014203930286428735,0.006348594820644717,0.002420659723919805,0.005409805686116348
14,cpi_lag1,0.0005851071720763867,0.00013183525734887324,0.0004248612189530887,0.0007301022107383585,0.0004985802899394211,0.0006771789733639848
14,indpro_lag1,0.0021155217090431076,0.00022658379058022299,0.0018470269730201847,0.0023915645471277443,0.0019391536567830961,0.002272462341781805
14,t10y3m_lag1,0.004361203407145589,0.0031719394155224163,-0.00045536428374564307,0.008062397863363172,0.001502438197198158,0.006497576241465054
14,age_mean,0.0026916715876057306,0.0010745255261861348,0.0013020163368528226,0.00400334207987299,0.0018511312228113208,0.003420098982672904
14,female_share,-0.060851211017187774,0.036676882337909986,-0.1065309235758318,-0.015042698115044092,-0.08925333981218675,-0.03433405926079906
15,shock_g1,-0.012147451622796606,0.005486717741493338,-0.01982732652727674,-0.005747166393034341,-0.016828617552845943,-0.008654771268545365
15,shock_g2,-0.017303130044097018,0.00549106508906336,-0.02473038290346429,-0.010532561842523684,-0.021619251956523044,-0.01318796522966537
15,shock_g3,-0.0033226563509880696,0.003485795366841146,-0.007949338082576168,0.00110486157010126,-0.006228974616903341,-0.000673457897953493
15,shock_g4,-0.002924584948473979,0.002732640911763153,-0.006750946697577909,0.00030382698324398025,-0.004809500664250012,-0.0009313907530336452
15,shock_g5,-0.0010597746989136013,0.002536977755433899,-0.00434877768350402,0.0023578494923154857,-0.0032043580426521254,0.00088455749218294
15,shock_g6,0.0002454108510161907,0.003707591961943896,-0.0042215151389031445,0.0049513749823780545,-0.002636870303003437,0.003177323652025151
15,shock_g7,0.005187143971749455,0.004064737371022894,0.00024291659373833294,0.009907504626893732,0.0022721020016444773,0.007899039422827988
15,shock_g8,-0.0028552114912369355,0.0031042417915615353,-0.0066639611487981105,0.0009176932501041911,-0.005142882444821976,-0.00044848159844226724
15,shock_g9,-0.003476098345061005,0.0034368419360922098,-0.007389067059053331,0.0017093005412506536,-0.005849870654788772,-5.204161589129853e-5
15,shock_g10,-0.00561003769020202,0.0034024560548570676,-0.009780352719869247,-0.001108787107743336,-0.007977562235279281,-0.002944379530995651
15,shock_g11,0.003566594020624258,0.004391467450573891,-0.001585713692003715,0.009367280827262748,0.000314181691667738,0.006746946720504129
15,shock_g12,0.00020422368034277798,0.002400629679138793,-0.0033201901066437687,0.002955534811680987,-0.001954371192337354,0.0019888909242966515
15,shock_lag1,0.003705222535283547,0.001074977171136797,0.0023405236771297465,0.005160178285939815,0.002975478992594799,0.004474235952061852
15,ylag1,0.5182524753405533,0.04111934873036593,0.4825125530670611,0.5652960735701006,0.49455585584655926,0.544216558109065
15,log_oil_lag1,-0.030138590302329207,0.004570624063150151,-0.035359372112455746,-0.02443811544295353,-0.03329558490590172,-0.02683188500866767
15,ffr_lag1,0.00456581390484446,0.0019052683222470985,0.0017782600388012311,0.007017538967324217,0.002830880925580231,0.005978772257379867
15,cpi_lag1,0.0006134945322716717,0.00014052063770804521,0.0004407454014741342,0.0007690291417794236,0.0005132296642689232,0.0007127430087767026
15,indpro_lag1,0.002196215499342922,0.00023180924318891107,0.0019385102725905869,0.0024614065501611963,0.002037648650474068,0.0023468634580842028
15,t10y3m_lag1,0.004980612129688933,0.003179169563665277,8.168672451652065e-5,0.008667396110276268,0.002049024284645402,0.007265060713065844
15,age_mean,0.0031684140320865015,0.0013742912640826814,0.0015930835596799974,0.004687015241358118,0.0022272895653433645,0.004035900866516254
15,female_share,-0.04413658965280694,0.03188925580523686,-0.0860254830515497,-0.002936612501211272,-0.0695628601297937,-0.01879553512549581
16,shock_g1,0.002200034472298925,0.005182501973454854,-0.00398108857704443,0.00860247560686267,-0.0017020698310746428,0.006322548956350636
16,shock_g2,0.006829859427276488,0.00746016045769254,-0.00274033151842023,0.015273137282814063,0.0007964342706352967,0.01275055245812826
16,shock_g3,-0.0049339866193389295,0.003102258524028202,-0.009433210136042668,-0.000994115486022862,-0.007511678141750655,-0.002502345407510114
16,shock_g4,-0.0023590692915511705,0.003215972659676384,-0.0062678377134782175,0.0014991433744508177,-0.0045804152759776635,-2.683951927228345e-5
16,shock_g5,-0.0051064298008162,0.002586869957979633,-0.008647456092509007,-0.0015153404059622877,-0.007181547347444411,-0.0030090162602436654
16,shock_g6,-0.0015956153040900278,0.0036307285296365882,-0.0062415731339131916,0.002700796660302544,-0.004391226813375236,0.0010508736707861076
16,shock_g7,-0.008816614978850567,0.003986927278303534,-0.0144446961924168,-0.003692245316025279,-0.012198208788259222,-0.005842720374555455
16,shock_g8,-0.0030957147735228446,0.002967576009042241,-0.007276415385676013,0.0008798188228245365,-0.005209020219522855,-0.0007383592233567615
16,shock_g9,-0.0031423676480922245,0.0029354800364485645,-0.006618251177320948,0.0007016396615454105,-0.005175058204622695,-0.0010719567796705406
16,shock_g10,-0.007637906898263187,0.00450057948262319,-0.0123307025572878,-0.0024552287759712407,-0.010308169853495851,-0.004331812488415303
16,shock_g11,0.0061005211661255155,0.004954613901132068,-0.000580019454591376,0.012132352034247451,0.0025188589088788044,0.010088596636115964
16,shock_g12,0.002550483586913916,0.002699527242030969,-0.0008790487720552508,0.005813790917040004,0.000791016178912959,0.004425960127920361
16,shock_lag1,0.0008909848114736791,0.0014365808885325139,-0.0009054458158445848,0.002734181343179224,-0.0001495406999651211,0.0019832026514789696
16,ylag1,0.4879632110071019,0.04619917311362305,0.44644113338667885,0.5404779341644064,0.4603537964918452,0.5179404994138928
16,log_oil_lag1,-0.03167550648123819,0.004812688773882642,-0.036948130496105076,-0.02567327769194299,-0.03508667748697119,-0.02807877682042922
16,ffr_lag1,0.004939372262159246,0.001995115245594353,0.00206991397401115,0.007435828952880866,0.003077804282818482,0.006337857147754475
16,cpi_lag1,0.0006592455462281047,0.00015344772339336758,0.0004732769296651154,0.0008495530086363179,0.0005471020854523324,0.0007643746017747883
16,indpro_lag1,0.002304450778939145,0.00023364008689915163,0.0020391929575557977,0.0025766370887027466,0.002145144945581637,0.002466950024246009
16,t10y3m_lag1,0.005561404949478475,0.0032025537847752616,0.0005712183136009847,0.00967980860914074,0.002366689856303942,0.007951908964826834
16,age_mean,0.0034963838622508285,0.0011762976435368575,0.0020711596018065316,0.004829586475350743,0.002589733151141258,0.00425187482760068
16,female_share,-0.021584131403229005,0.037689191252142984,-0.06620386074998989,0.024014354190742326,-0.04677070753673318,0.008098645297914136
17,shock_g1,-0.010851966387985522,0.0057301089953851365,-0.017971860058846847,-0.003189108126538545,-0.015351172862558183,-0.006397928794985048
17,shock_g2,-0.011399742140875089,0.007797522827757307,-0.021303724849772256,-0.002108336675714891,-0.017601184884349745,-0.00544533113986171
17,shock_g3,-0.0042796398464910014,0.0036838168253214274,-0.009730522415391317,0.00017926135881694318,-0.007458452029293455,-0.0015975755313494366
17,shock_g4,-0.0037283856972970876,0.003797427779359023,-0.008729054474614447,0.0008663411995317688,-0.006463392207254997,-0.0009762134615051354
17,shock_g5,-0.003876315895625347,0.0025253046485102307,-0.00757542222794008,-0.0007853463652554857,-0.00629751002565653,-0.001965681117722507
17,shock_g6,-0.0011954435451796913,0.003724986213847241,-0.006700106655705771,0.003889901782885596,-0.004453185533357312,0.0017019347625577257
17,shock_g7,-0.007459827797232261,0.004661877450573462,-0.013402076432104261,-0.0009034908922846254,-0.011148395147032138,-0.0033617959006285595
17,shock_g8,-0.004817893383212497,0.0033272392840426952,-0.008855200465529152,-0.0008978276775375689,-0.007183717480800262,-0.0022683524626210282
17,shock_g9,-0.007145586261672249,0.0026790084614856232,-0.010716434902393409,-0.00394717955306109,-0.009092344732810707,-0.005142095373815643
17,shock_g10,-0.006419404584494953,0.004106607312026744,-0.011666118302380004,-0.0013962989952006994,-0.009523013090686875,-0.0031737072585633842
17,shock_g11,0.004715118623341156,0.0050016677570801525,-0.001399332117581008,0.011471112603039318,0.000765838901881968,0.008381108264210362
17,shock_g12,0.0014899544110903921,0.0026352898322269344,-0.002294564298534084,0.00490391198645964,-0.0005885197992258344,0.0037190310981599513
17,shock_lag1,0.0049640211542782125,0.0012906912341885059,0.0030806018015783216,0.006661063821295666,0.0038558554168986285,0.006000320124402679
17,ylag1,0.5044990136753237,0.04415541057446768,0.4592760487143801,0.5483691023736517,0.4786592995888356,0.5311694085530039
17,log_oil_lag1,-0.03312353963613133,0.004483511567628888,-0.0385839298767882,-0.02787355731471379,-0.03634947386528376,-0.029661042901132348
17,ffr_lag1,0.005798461704879064,0.0019567381091604814,0.0031933118132476497,0.008309755500068457,0.004000851630092897,0.0073382599420211535
17,cpi_lag1,0.000658067057817209,0.00014887629101931478,0.000482841015396097,0.0008291197587529852,0.0005577810717076967,0.000777490743422435
17,indpro_lag1,0.002351137959159545,0.00022821484686869574,0.0020935878337975415,0.0026159824640567225,0.0021894281022725747,0.0025097226411782856
17,t10y3m_lag1,0.00668984437445897,0.0030113179615880196,0.002280286627844702,0.010395629506446033,0.0038155723616405493,0.00903859167982854
17,age_mean,0.00400416004573467,0.0011508767920520684,0.0026910077471495545,0.005405636799901909,0.003156589511149011,0.0047993809055663144
17,female_share,-0.04047126314316858,0.03415127123037273,-0.0862093411458551,-0.001370367057653886,-0.06509265298756502,-0.014470726994557818
18,shock_g1,-0.010294150876313128,0.004537040974799548,-0.01578765152395209,-0.004632084171094661,-0.013542195129197503,-0.006566726581215523
18,shock_g2,0.009971758196176364,0.007016681990353587,0.001046444571668529,0.018117288275052434,0.004581868434070051,0.01450987574509503
18,shock_g3,-0.0009853562065804116,0.0021996798255579696,-0.003866316415091358,0.0018390411118498,-0.0027594049041091574,0.0006483594693622826
18,shock_g4,0.00010559473668810751,0.003401390855218855,-0.003995472540962856,0.004076796838763413,-0.0025195185564500905,0.002419795469719325
18,shock_g5,0.0015474504025717371,0.0029259895507917485,-0.0028447397163720084,0.00487158833105254,-0.0009041642582483746,0.0034751192453759423
18,shock_g6,-0.0006234749298351128,0.0038013273487836844,-0.005700364192396869,0.0045531240587338324,-0.0037360404770483643,0.002534762159159013
18,shock_g7,0.003716447639529611,0.004810754503545376,-0.0035678911377707437,0.010070788935198218,-0.000565605390422148,0.007464475557129738
18,shock_g8,-0.00349183819506292,0.003029439130568777,-0.007289661829232854,0.00040144867358046354,-0.005750489100055944,-0.0009871277715146009
18,shock_g9,0.000536255346680586,0.0028119564680233887,-0.0032053333439121864,0.0036466083555377208,-0.0016064165489968838,0.002351638287900221
18,shock_g10,-0.004484158725819711,0.003721598808696712,-0.009138259206606873,-0.00024734320420638153,-0.007491505615451668,-0.0018720016017628356
18,shock_g11,0.002269815349116895,0.003926320476773691,-0.00310285475524679,0.008193617993892434,-0.0009105674356036111,0.005734260046364948
18,shock_g12,-0.0033387556350127894,0.002641807915896265,-0.006733821764785354,-0.0001931477786262549,-0.00541158611507489,-0.001541891990136501
18,shock_lag1,0.003360664647180975,0.0011657271498020717,0.0015644809471898732,0.0048717551931672385,0.0022650193525556245,0.00421751042406183
18,ylag1,0.48014132462506615,0.046686635836039006,0.43597886458945617,0.530413535918651,0.4525269446312961,0.509638970273163
18,log_oil_lag1,-0.03395046453578561,0.004599808225166092,-0.03963458968892515,-0.028469940922374752,-0.03708493851751758,-0.030229249128122207
18,ffr_lag1,0.005672778188980345,0.0017977607272014035,0.0033842288981037966,0.008253690995272612,0.004046831185368342,0.007257744297107362
18,cpi_lag1,0.0006737743142448227,0.0001515903802249442,0.0004894454534006022,0.0008570160958974811,0.0005690902177377681,0.0007931389363745388
18,indpro_lag1,0.0023932396008962326,0.00024155883189837753,0.0021155743759986734,0.0026831562476092243,0.0022303679887467143,0.002560561159661893
18,t10y3m_lag1,0.00607670210783415,0.002865645217232575,0.001994243302510675,0.009912183243768028,0.00354664083666418,0.008399362066866683
18,age_mean,0.004583383795946959,0.001418424265697506,0.0029784352251586857,0.006211007160446848,0.003680900535194132,0.005542150854035489
18,female_share,-0.026062881719031938,0.035991767860490576,-0.07466008979541698,0.018766982806578108,-0.05291248093072782,0.000933738741549079
19,shock_g1,-0.0038349619692597974,0.006135555079863479,-0.010892273337479764,0.004559242705856314,-0.008428246343962201,0.0009498578410146057
19,shock_g2,-0.001291544928749742,0.006309825395930376,-0.008873964289971979,0.006693860380426764,-0.0055112079279062975,0.0034046585297322295
19,shock_g3,-0.0010936203191224036,0.0027931797671075747,-0.0047056958329352245,0.0024962465701869963,-0.003477843952171363,0.0010157302669393136
19,shock_g4,-3.469297668853398e-7,0.003379719985292874,-0.00456688497803275,0.004788382382601074,-0.002654065921235799,0.0025730092874183615
19,shock_g5,-0.002682722936433008,0.002839115948170123,-0.005970597696902783,0.0009961317850527575,-0.004682639900014578,-0.0003892274399937023
19,shock_g6,0.0008599145410511448,0.004237474233611399,-0.004474164924667571,0.00677899748384923,-0.0024308783765690524,0.003918125905418696
19,shock_g7,-0.003153357889920973,0.0032802451599654114,-0.007467478867214199,0.0010535917146857108,-0.005833576733591176,-0.0004538438192879259
19,shock_g8,-0.0032775488564969636,0.0025223609199466206,-0.006304604579385536,0.0003594847315648475,-0.005093145478058437,-0.0011033682434905203
19,shock_g9,-0.0045007518166424775,0.0027410164446337744,-0.007920745059387144,-0.0017869259107213269,-0.006416154803749689,-0.0027190399062156033
19,shock_g10,-0.005487766976889941,0.004120164573143567,-0.010613900678941697,-0.0008325041381410546,-0.00864199449231396,-0.002623461001222693
19,shock_g11,-0.0008778423611296931,0.0037490740571069015,-0.005604042320043232,0.004232478505441994,-0.0036529407041858996,0.0021282572497088744
19,shock_g12,-0.002892778437161764,0.0027698928032863276,-0.006911790712627458,0.0005173702530290761,-0.005175598214958299,-0.0007845740690303753
19,shock_lag1,0.001958427186574873,0.0015027621889729175,-8.878877934601938e-5,0.003974701269995293,0.0007340109945469717,0.003080574483197385
19,ylag1,0.49125930003939045,0.04519147614965076,0.44783209619586056,0.541149799458849,0.4624920830520331,0.5195051796363847
19,log_oil_lag1,-0.03225961760233191,0.004748184251212074,-0.03837266579702125,-0.026681524973867457,-0.035763773746148815,-0.02864133338787059
19,ffr_lag1,0.004758230038346622,0.0020719772008213917,0.0022852888636713036,0.007756193189760964,0.003195626377638973,0.006588715792102011
19,cpi_lag1,0.0006492812260413134,0.00015156000038105797,0.00047450370187483276,0.0008349993434970369,0.0005545407886060399,0.0007743331186599656
19,indpro_lag1,0.002397048422317707,0.00024153526977571674,0.0021310278934087625,0.0026970409094072487,0.002242496856005251,0.002561405276520805
19,t10y3m_lag1,0.00480538977433917,0.003120205017993032,0.0008616839838641518,0.009316887554547591,0.0022936907342620927,0.007582214389552731
19,age_mean,0.0030898652673084373,0.0012751915091976454,0.0016239250795046067,0.004565330534502436,0.002180082445524324,0.003967325080820706
19,female_share,0.01945092041652914,0.032258511358271236,-0.0246529581306984,0.0542403664412297,-0.004528332614369912,0.03919796190725759
20,shock_g1,-0.004858436620046865,0.006418475741303169,-0.01270154396809829,0.0022938384073258574,-0.009836063037088207,-0.0006468408868739997
20,shock_g2,-0.0019268313237393757,0.007271877152522956,-0.011820751724398719,0.008083299133465659,-0.008222064203052964,0.0034542775961886717
20,shock_g3,0.003426790467059249,0.003613105903356952,-0.0007305057294263798,0.00838410627241011,0.0008181929559026094,0.006429543565078761
20,shock_g4,-0.006288394179914336,0.003996898910598174,-0.011395291196403454,-0.001564979427578524,-0.00956611362102197,-0.0034591908141892633
20,shock_g5,-0.0011694166802383936,0.002532920998710153,-0.004926238915233071,0.0018968584230413157,-0.00335206102379207,0.0006831791748851432
20,shock_g6,0.0007747701744555095,0.0035518745904801643,-0.004325052971331188,0.005595565532127321,-0.0022036974022187172,0.00354264388930613
20,shock_g7,-0.004015122149357561,0.004143860152902077,-0.010184608266242108,0.0007543607632158897,-0.007646026626661766,-0.0008451790911339326
20,shock_g8,-0.00606665612380694,0.002976530656772512,-0.009887202778573804,-0.002360570973697251,-0.008463938727789975,-0.003687915150517989
20,shock_g9,-0.003823748854751845,0.002338082204196603,-0.006496041343981207,-0.0006545502866343966,-0.005595277615549505,-0.001740252237901846
20,shock_g10,-0.011430867860046785,0.003300585954666961,-0.015709966115071018,-0.006791795152561102,-0.01405113748539231,-0.00851455272215138
20,shock_g11,-0.001680096630871678,0.004654504917015756,-0.007650205387412462,0.004340255214609436,-0.005049115378961985,0.0020063741482436
20,shock_g12,-0.006822950841420351,0.0027918572858166256,-0.010207813331351573,-0.0028719505064471853,-0.008960116657797047,-0.004419212617453181
20,shock_lag1,0.0013251743463078647,0.00152489997012432,-0.0002812243393659538,0.0032894003541254855,0.00036555535705480016,0.00254876602492137
20,ylag1,0.47908303348533154,0.04569434576676259,0.43118309560807094,0.5275431478027377,0.4492884177969768,0.5081515849962378
20,log_oil_lag1,-0.03326037980923443,0.0046929428439977374,-0.03954157088008728,-0.02736668715169587,-0.036636073694477245,-0.029705860972659582
20,ffr_lag1,0.0049080739440831985,0.0020882286880545553,0.0026656261124476982,0.008101861751166527,0.0033527748184274233,0.006967702688685282
20,cpi_lag1,0.0006811029878703675,0.00016208575212860182,0.0005033739237033546,0.0008832179535443747,0.0005763390287634153,0.0008074075983966478
20,indpro_lag1,0.0024561543023214893,0.0002505323591095872,0.0021642796062068905,0.002764710503909411,0.0022760039322723123,0.002624157107982382
20,t10y3m_lag1,0.004973956716605896,0.0031717892046226707,0.0010756709631015316,0.00972631219332339,0.002455370707942201,0.007701071111497194
20,age_mean,0.0025905532722168075,0.00142899856042313,0.0008482928923042037,0.004472901245212343,0.0016155900438470671,0.003695379069513176
20,female_share,-0.043160752030139755,0.036784872371709916,-0.09374787294858944,0.005085468834429535,-0.07080547752775074,-0.011768811609690948
21,shock_g1,-0.007560083544842387,0.006389195951229499,-0.014871419794312933,0.0013865989976628666,-0.011788800037686384,-0.002419685435173004
21,shock_g2,-0.005833145306433299,0.008349336105248613,-0.016650839666575924,0.006079076036983793,-0.0114512565874961,0.00135663026421583
21,shock_g3,-0.002427909671251547,0.00283810099245205,-0.005832988347900612,0.00135698722926765,-0.004563201619936293,-0.00020005259025537457
21,shock_g4,-0.00806457115339375,0.0035615117609375706,-0.01245769926370843,-0.004050385754941758,-0.010840687286768798,-0.00574605767641588
21,shock_g5,-0.005202908909636153,0.0034490157750650527,-0.009092409118937241,-0.0012769154591559476,-0.007905333405796019,-0.0026600884692069057
21,shock_g6,-0.0023731128904819487,0.0036741293793292424,-0.007600533214103553,0.0024280124184670225,-0.005268807483592798,0.00048421250086432216
21,shock_g7,0.007648729999723015,0.004432664078956012,0.002217644281683661,0.013395460412122287,0.00467195767296968,0.011007587546774226
21,shock_g8,-0.006437608375501396,0.002891302989322146,-0.010072161111771236,-0.002571150594417012,-0.008820281566145132,-0.004043985692364552
21,shock_g9,-0.0022115507875034753,0.0026676086516918165,-0.006210292596435504,0.0010706777921446818,-0.004569698392073055,-0.0002633483434093971
21,shock_g10,-0.012858095166645307,0.0035746616482879383,-0.017466921957180526,-0.00817291105837013,-0.015721073969093318,-0.009701467463006203
21,shock_g11,-0.0018515922590536698,0.0047224336366072615,-0.007399308780765634,0.00458999701614503,-0.005250119321022264,0.002063506542569909
21,shock_g12,-0.004593901641221594,0.0025742394422416113,-0.007950694301277733,-0.0010429408531345296,-0.006347898654164866,-0.002381485879984029
21,shock_lag1,0.0028880377431798154,0.001464719886555184,0.0010515281073650241,0.004771222275362098,0.0017067470238199935,0.003976975631527439
21,ylag1,0.48820361795423817,0.04647256753333576,0.4393357464391956,0.5371649887349959,0.4581295230341704,0.5190854713992319
21,log_oil_lag1,-0.03463466127225306,0.004777224813596888,-0.04061781053320635,-0.028452638708028895,-0.03829907427301034,-0.030847784016938388
21,ffr_lag1,0.006266337258889127,0.0022010984102420394,0.003609326091224484,0.009577310070306206,0.0044983310264390935,0.008314376678937018
21,cpi_lag1,0.0007074989975783303,0.00016136915963007445,0.000533727729145287,0.0009133043423970979,0.0006023238054960163,0.0008390077695875894
21,indpro_lag1,0.0024557531509894945,0.0002617641458227432,0.00213588481126948,0.00279131365306276,0.00227221190557593,0.0026560717271495175
21,t10y3m_lag1,0.006685893029896888,0.0034349116802956593,0.002387171655447092,0.011706518304230073,0.003916995312793952,0.009603104407294692
21,age_mean,0.0035914160055983894,0.001451297219426701,0.0020263886531562843,0.005321534601688242,0.002598955133204875,0.004607812506376824
21,female_share,-0.0786285191845493,0.0337392000889949,-0.1189082121095547,-0.030447801417803948,-0.10193868471436196,-0.04819967388296204
22,shock_g1,-0.006266452187631102,0.006324103829188542,-0.01413329970670007,0.00241446138655183,-0.011612887427650124,-0.0010624053919099166
22,shock_g2,-0.009734186756752026,0.00783751743994499,-0.019229442232648667,-0.0007855458280422219,-0.015143583393360832,-0.004273259118109566
22,shock_g3,-0.00024612051169527584,0.002979174183214897,-0.004060330694674995,0.0035926099379658284,-0.002607825101778225,0.002180907265691741
22,shock_g4,0.0032788181524808944,0.0031948370849552814,-0.0007512651820228786,0.007363117705447893,0.000956873849862865,0.005651862724657583
22,shock_g5,0.00037587688233855365,0.0026011518566470345,-0.0031172635473576582,0.0036720011424142495,-0.00164553263875934,0.0023671356570451607
22,shock_g6,0.0030867745637630185,0.00355026294059416,-0.001543287543499426,0.007715438016979517,8.949059318209048e-5,0.005959817760075231
22,shock_g7,0.0017526243066355851,0.0038269319983954162,-0.0030494717237820003,0.006408340472273261,-0.0011661748095221738,0.004383235896995347
22,shock_g8,-0.009498280969964305,0.0025249316990295606,-0.013163499208413275,-0.00650463161660793,-0.011589774062444574,-0.007703615272867921
22,shock_g9,-0.005332146358509996,0.0031446378416345308,-0.008973638773775765,-0.0007597987208415305,-0.0075762310238763255,-0.002727239563702453
22,shock_g10,-0.010879728164268956,0.004399265318195926,-0.016487036498226047,-0.00471179122519917,-0.013986236123380381,-0.007256257319698308
22,shock_g11,0.002418166012276247,0.004132358514518509,-0.0037755940775407284,0.007549768776439447,-0.0010776692148674123,0.0055339831790896625
22,shock_g12,-0.002696857677040393,0.0021629405192095737,-0.005471776174431203,-7.418809226139925e-5,-0.004516127123709709,-0.0012096397125340623
22,shock_lag1,0.00038249101063291034,0.0015160742069528419,-0.0014784949184295502,0.0025847116763498294,-0.0007236314597731486,0.0015045896539470122
22,ylag1,0.4832649287307422,0.04731129339854622,0.4361733226933391,0.5320246094609175,0.45241505313183217,0.5131026349277236
22,log_oil_lag1,-0.03394936415135855,0.005140788688811702,-0.04020415184028448,-0.027500792937974278,-0.03810090174420466,-0.02993006141138258
22,ffr_lag1,0.006395642987742843,0.002418951214602785,0.0034857688972543,0.010166816186132827,0.004501085749373125,0.008646017792066849
22,cpi_lag1,0.0007198583305084722,0.0001702136433902969,0.0005347503144420972,0.0009368386727659098,0.0006150789647273253,0.0008633322121836788
22,indpro_lag1,0.002444544006044991,0.0002670427257799895,0.002125696257438102,0.002782912895243947,0.002256837518205068,0.002645351942400232
22,t10y3m_lag1,0.00673807911117006,0.0036032705164689566,0.0021444410573874676,0.012360869959054869,0.0038526094153708747,0.009731529947623618
22,age_mean,0.00365458379169488,0.0014272734476434919,0.001936307159292674,0.005101733332095286,0.002654756703414589,0.00457320449029917
22,female_share,-0.04244065903635157,0.0357047759729094,-0.09510530182012339,0.0005270999431034873,-0.0732843697269942,-0.01598896834066466
23,shock_g1,-0.015121251423183563,0.005355786736795989,-0.021360818428684092,-0.008005193306908787,-0.01904637157682343,-0.010832434637936206
23,shock_g2,-0.005192089783717193,0.006080122165212868,-0.013853343747621108,0.0021552001466002193,-0.009946456346765133,-0.0009487082208641502
23,shock_g3,-0.004237940922542429,0.0028044180187169103,-0.0076619719539202085,-0.0008055297923213627,-0.006502170845323785,-0.002219360795791555
23,shock_g4,0.0007117284585577367,0.003825879777005687,-0.00469197692322982,0.005367518082665607,-0.002883436884533139,0.003948103071913526
23,shock_g5,-0.002568754057220654,0.002662423941066119,-0.005763627293192405,0.00022620794157181918,-0.004699430414542467,-0.0007957650277785639
23,shock_g6,-0.00048515427546921836,0.003213740499073691,-0.005143061000168657,0.0037289133291514703,-0.003413218758988213,0.0020097506500983088
23,shock_g7,-0.007752220158620527,0.00399449628743641,-0.012832677071840166,-0.0025384866414489803,-0.010933062792765739,-0.004810664842266521
23,shock_g8,-0.0055569687030597795,0.003216569237584214,-0.009572480031386221,-0.0013785688422191331,-0.00801261870882057,-0.0030356202519987723
23,shock_g9,-0.006367948134559069,0.002477720507277667,-0.009166175950449275,-0.0030807447198949183,-0.008109908151451833,-0.004459233529650838
23,shock_g10,-0.0077962105483246535,0.004628853113573692,-0.013494536197613954,-0.002152960979901996,-0.010766870929828068,-0.004347761559421405
23,shock_g11,-0.0054469940676511,0.0037750689814912168,-0.010414373210888932,-0.0006601367273175989,-0.008599347379917188,-0.002599640129806864
23,shock_g12,-0.001451836907690545,0.0019190287102523928,-0.003804256079110761,0.0010810719474879293,-0.0027322916279829317,4.465289696040965e-6
23,shock_lag1,0.004349089064571046,0.0013458324082932687,0.002784674564436008,0.0062839232246059565,0.0033925947761453907,0.0054991736931368825
23,ylag1,0.4771787286842474,0.047501611115747945,0.4328035924626246,0.5232816921190444,0.449780210813458,0.5071859116517728
23,log_oil_lag1,-0.03436558660668108,0.00533186504662001,-0.04105235969136718,-0.027735319003949644,-0.03818195212487904,-0.03056033304894218
23,ffr_lag1,0.006257073344399004,0.002539723614250876,0.0030612478929035137,0.010342525107045464,0.004285190066705407,0.008360799639712915
23,cpi_lag1,0.0007454263959978914,0.00017591406700606565,0.0005574763192485283,0.000980850119797039,0.0006378688624797468,0.0008845169972171647
23,indpro_lag1,0.0024336669521491505,0.00026540976410635174,0.002086402771214153,0.002764250846746895,0.0022314276412758933,0.0026304601866511627
23,t10y3m_lag1,0.0064245221472627135,0.0036818202229658872,0.001795947831074304,0.012046878723247386,0.003555218138422317,0.009385535993734019
23,age_mean,0.0035034447195037718,0.0012490746516623699,0.0021758662042341195,0.005012033507847386,0.002734553211794596,0.004432174848414665
23,female_share,0.031124354936818248,0.03494388679782854,-0.008698572360438167,0.07985091681719511,0.00565417170634756,0.059196256071663
24,shock_g1,-0.008715658798005182,0.005998605771443783,-0.01681842432830548,-0.0004883733872964851,-0.013758059993841096,-0.003459268595189407
24,shock_g2,-0.003834785930405939,0.007772639459766292,-0.012404233005344302,0.00537356011926634,-0.009023134678089921,0.002000007622931313
24,shock_g3,-0.0015347639521464806,0.0028302670008715277,-0.005221162801862581,0.002000013008741799,-0.0036908774665111582,0.00043665877081673827
24,shock_g4,0.0051412208167943224,0.0033569283161203394,0.0010619243954204912,0.009325003418583305,0.002605762703013562,0.007568869585790772
24,shock_g5,-0.00437936627850581,0.002506293297417956,-0.007651364483416338,-0.0009904466970589451,-0.006236033184426306,-0.0024653827142864133
24,shock_g6,0.004019567085519435,0.00359222194595866,-0.001444333503129662,0.00826249382909813,0.0006957143375037863,0.006483633036101295
24,shock_g7,4.3686796696886246e-5,0.00448532547617596,-0.005319828612953303,0.005852916459852953,-0.0029814031812489144,0.003441455295090397
24,shock_g8,-0.0034492703951197056,0.0029937967858356886,-0.007395861124761835,0.0003012451807951318,-0.005893892378393157,-0.0011698925744348296
24,shock_g9,-0.0008802484071210655,0.002600522657107063,-0.004215855688172842,0.0024887683414640278,-0.003011587118543534,0.001134429807547953
24,shock_g10,-0.006047709332870608,0.004778110276099949,-0.011813355723359188,-0.00013989541018052509,-0.009349608338371763,-0.0022004985106949646
24,shock_g11,0.006972888904585805,0.004992471285813067,0.0008451553046811607,0.01422849351510209,0.002974330982490279,0.011362881666602778
24,shock_g12,-0.000266947537260798,0.0019328585347100692,-0.0025843880092184185,0.002155052171284552,-0.001641864355434701,0.0009871855227360597
24,shock_lag1,0.0014329853418099034,0.0015230034712126759,-0.00040652467386880246,0.0034767694379542182,0.00022173670498191935,0.002769857977028686
24,ylag1,0.4534723968611086,0.049178741809482895,0.40608654594115323,0.5064393401583817,0.424437404271513,0.48686279048396336
24,log_oil_lag1,-0.03560703145221915,0.005547783530684895,-0.042757030376315744,-0.0281883333902136,-0.03967641890906789,-0.03151986283046489
24,ffr_lag1,0.00664911669911532,0.002552008757739751,0.0035475574780855002,0.010637600391537674,0.004725429736174642,0.008607789235937878
24,cpi_lag1,0.0008119522179364856,0.000185222754464515,0.0006030711358359374,0.001040506526598388,0.00069920286759964,0.0009636661050746762
24,indpro_lag1,0.002501513074494295,0.000260707645012705,0.0021662750186285068,0.002831524262341952,0.002286457477614161,0.0027035513765859788
24,t10y3m_lag1,0.007065492125011697,0.0036325812993398365,0.0025950007817207134,0.01250489987006552,0.004258611474692546,0.009886800031450215
24,age_mean,0.0031691701723255052,0.0015398008564282445,0.0013228067296758845,0.004995916670413348,0.0021247371723235892,0.004205090459919148
24,female_share,0.029386260753674828,0.03616443927158503,-0.01663354755893679,0.07550317985772664,0.0026333685004246397,0.05675191964674571
25,shock_g1,-0.005942539065800235,0.005410112130888593,-0.012227191751167953,0.0007705695567900668,-0.009897033240629995,-0.0018981322625568082
25,shock_g2,-0.012852657388822615,0.006688943008571082,-0.02154006401455788,-0.004885542120946211,-0.018373670641363367,-0.00815872416977478
25,shock_g3,-0.006337473450355821,0.003253472518308866,-0.01061622749034746,-0.002084325948553039,-0.008896751569102246,-0.003954479844857638
25,shock_g4,-0.007840573228179423,0.0032083895856995785,-0.011843673771978095,-0.003747453884302001,-0.01033325492411152,-0.005368567787763694
25,shock_g5,0.002098123415805464,0.002756375208535726,-0.001725422434200246,0.005942670632189351,-4.073986577723043e-5,0.0042760666882966526
25,shock_g6,0.002137318131988309,0.004581129480824077,-0.0038615932222190903,0.008216868510841843,-0.001203766722877993,0.005924735385627768
25,shock_g7,-0.0010206176876612415,0.004416114607933797,-0.006538727723946456,0.004267598739148658,-0.00438406051793782,0.0020879637714142844
25,shock_g8,-0.006594026518171916,0.002592291230715897,-0.010461076056185497,-0.0031808790414655187,-0.008800461187642048,-0.004447094905285094
25,shock_g9,-0.0034967246874181824,0.0031103185287470318,-0.007928930211219308,0.0007739056146738835,-0.005650090035343715,-0.0010270529783537666
25,shock_g10,-0.0073892067134846695,0.0038932485968024943,-0.012887562845252679,-0.0017653116133370698,-0.010624176997411798,-0.0038583694949792563
25,shock_g11,-0.0050880469571564346,0.004717299693354387,-0.011150076968025377,0.0010350830527622113,-0.00862879184446615,-0.0016292426412900548
25,shock_g12,0.0010000626337141655,0.0020377792300232222,-0.0013899621960642538,0.0038164226410466904,-0.00040768636761925013,0.0026554322950725594
25,shock_lag1,0.002777700324982038,0.0014024163159643654,0.0009639964550873508,0.004713702040124761,0.0016966875143261063,0.0038412103565607873
25,ylag1,0.4573569359083733,0.049356323441429706,0.40900200135325093,0.5076399373532977,0.4267186275056521,0.4889636356820097
25,log_oil_lag1,-0.036950507281443216,0.005903202036947727,-0.04441036389697617,-0.029699738736551805,-0.04128960625964751,-0.03256347913328052
25,ffr_lag1,0.007287459385747222,0.002633222026129721,0.004052698672298035,0.011273412179306054,0.005308190248464199,0.009462785914325367
25,cpi_lag1,0.000809044220894973,0.00018855835368026817,0.0005991007340885217,0.0010585135160776074,0.0006949760018924087,0.0009599719672642194
25,indpro_lag1,0.0024615468799535425,0.0002737891791066561,0.002084265996583354,0.0028052509831580624,0.00225447727750193,0.002664831926295526
25,t10y3m_lag1,0.0075644171954974805,0.0037329031547889834,0.002789351231580332,0.01310689636170937,0.004710281554376376,0.010444658548022021
25,age_mean,0.004361861719269707,0.0018205485495883622,0.0024527580793491793,0.006739754915082024,0.003142298659563848,0.005716236850718087
25,female_share,-0.06000848747206081,0.03449143273964798,-0.10290662836906703,-0.01617993251876381,-0.08765396117227728,-0.03165924611530472
26,shock_g1,-0.0011521056069855342,0.005146224806224142,-0.008448969303257272,0.005103761054354575,-0.0049528863117243895,0.0029750076615391707
26,shock_g2,0.001860581554531047,0.005528574023577957,-0.005916433481988154,0.008365344342702032,-0.002716946786956524,0.006184591081146041
26,shock_g3,-0.008286557080001061,0.0029166159893145352,-0.011664484090620535,-0.004477365704895693,-0.010516063655289737,-0.005867205615946692
26,shock_g4,-0.0013679318189658012,0.0033223642235473308,-0.006257545076450086,0.0027749312558938044,-0.004409901625612022,0.0010424353004611251
26,shock_g5,-0.0035034871200124483,0.002335308825248262,-0.0065362007079634975,-0.00035516444621923066,-0.005330819930105502,-0.0017878886509740124
26,shock_g6,-0.0011969221447993062,0.003282128129487491,-0.005574118515293852,0.00267788652264976,-0.0039576414256167645,0.001173798481069091
26,shock_g7,-0.003595534565975628,0.005291252816726572,-0.009700631082300125,0.003073032548404638,-0.007314679756198086,0.0005720940287925014
26,shock_g8,-0.006735806743022057,0.003156034956034273,-0.011323796607301808,-0.002650036395646058,-0.009276515720981874,-0.004243665329449127
26,shock_g9,6.06721958996254e-5,0.0023724660364176408,-0.003329030486032625,0.0028957760747764074,-0.0020289050592028606,0.0016855231203923248
26,shock_g10,-0.010195068341567966,0.0037120104978793315,-0.014743768816167744,-0.005535221351081154,-0.013041374700714686,-0.0070382054511011274
26,shock_g11,-0.0018627275297324712,0.003998757747495487,-0.00784761326462463,0.0028363386503556824,-0.005196435742281834,0.0012185680832575907
26,shock_g12,-7.234673016834644e-5,0.0025298498932435896,-0.0036545298096861026,0.0030150209025223322,-0.0019042577763139035,0.0015793736076831098
26,shock_lag1,0.0021002192746058346,0.00135361491710397,0.0003528334482513528,0.003923389014292383,0.001094278975302515,0.0032957270538062364
26,ylag1,0.4474575109383255,0.04735238665876848,0.4005528054452048,0.4995053387464951,0.42024886624450675,0.47755867956495823
26,log_oil_lag1,-0.03742459783748012,0.005954977135052553,-0.04461556770439244,-0.029972951486349292,-0.04160697285328139,-0.03318935726992751
26,ffr_lag1,0.006868089831607672,0.002706498579313157,0.003472564700787236,0.011006340874760576,0.004848389172711043,0.009036612325567649
26,cpi_lag1,0.0008511846100484441,0.00019028080060735578,0.0006385555012322589,0.0010987791846415133,0.0007384702719571628,0.0010007745831363433
26,indpro_lag1,0.0024760636776423903,0.00027675719650706396,0.0021094728999824226,0.0028105029178936824,0.00229484392775089,0.0026848552061877955
26,t10y3m_lag1,0.006863586462423882,0.003793140490935135,0.001972451391310124,0.012244233705707142,0.003988529141696843,0.010191740943434816
26,age_mean,0.002965359513569544,0.0014851615683252877,0.0014325095485885635,0.004868473937182254,0.00198716935570103,0.004003889592064504
26,female_share,-0.09162637052066684,0.03413764989137361,-0.13198943962565274,-0.05196237546491578,-0.11804112881871034,-0.06722405489186693
27,shock_g1,-0.0033582883836094403,0.005869201362686565,-0.01216904169980797,0.00359133125512073,-0.008513423615781144,0.0008845635287530558
27,shock_g2,-0.003585762523741906,0.006845660431130919,-0.012773897423370133,0.0054755621845317135,-0.009016623569813741,0.001801509616542474
27,shock_g3,-0.003605948274607678,0.00306748936179152,-0.006983939289210395,0.0002698189851839416,-0.005786227405016595,-0.0014446167149557974
27,shock_g4,-0.0013518031118496291,0.0033053732270854146,-0.005199916411828693,0.002698264921644983,-0.00408520783772179,0.0010265438217393005
27,shock_g5,-0.0019163249650360206,0.002766564036552678,-0.005241111441804646,0.0020772182485605103,-0.003903014884756551,0.0004040979606138894
27,shock_g6,-0.00106794373373459,0.0036494907659773484,-0.0059204704988805625,0.003912409319005789,-0.0038945559617962057,0.0015919203319857177
27,shock_g7,-0.00274051071081901,0.0030254168889131553,-0.006482200408310487,0.0008674659097312552,-0.005017276831845205,-0.0005328331961431307
27,shock_g8,-0.007022811322373966,0.0031689846066320477,-0.01123035472280879,-0.0037223694943592316,-0.009740649930841642,-0.004775480282353045
27,shock_g9,-0.004460194369308809,0.002982827050870661,-0.008475747469064916,-0.0004501723410865648,-0.006855452808268542,-0.001911135212717251
27,shock_g10,-0.008766672668506578,0.004043168694525999,-0.01463282156081477,-0.0033345408348979394,-0.011967670049543522,-0.0053653353755071295
27,shock_g11,-0.0077929509524704635,0.004365164190833068,-0.01356379515096341,-0.0021941221881251237,-0.010975496554154144,-0.0044852688575073634
27,shock_g12,-0.0003608172558454052,0.002545374349386044,-0.0036293052429187517,0.0028193254987622465,-0.002318579150273122,0.0014485500857287037
27,shock_lag1,0.0033705422428423944,0.001441917504874709,0.0014362351095791226,0.005250831623381249,0.002171154427955404,0.0045246388314245664
27,ylag1,0.43869654799144603,0.04887450338808441,0.39142483624078694,0.490092478145119,0.409546263596652,0.46963773368495265
27,log_oil_lag1,-0.03808884723449117,0.005911693498295686,-0.04536644361503801,-0.03093957713340758,-0.04243142354144576,-0.03394778876292678
27,ffr_lag1,0.006313001607473492,0.002667554042152663,0.003009503286154845,0.010106695958904326,0.004299126707040128,0.008585130545071009
27,cpi_lag1,0.0008641019127699632,0.00019074235921073246,0.0006558129642680832,0.0011287036913476282,0.0007481566451815222,0.0010138353926021897
27,indpro_lag1,0.0024396080201079464,0.00027044377459318184,0.0021162536108782354,0.0027842689535905736,0.0022505092895799095,0.002650557393651397
27,t10y3m_lag1,0.005984808042284586,0.0038493794520372627,0.0011976139589614755,0.011528613738699244,0.003029411101828826,0.00910808427964964
27,age_mean,0.002968744937700334,0.0013609480193269262,0.0014836733967481717,0.004638114381890726,0.002175032564445417,0.003927786705890738
27,female_share,-0.0422953237211509,0.03178096275071548,-0.08351452541483614,-0.0019632217853625886,-0.06711102175107139,-0.01884548228618916
28,shock_g1,-0.011012520091054788,0.005386559351133882,-0.018588225704969423,-0.0040658664790326465,-0.015447035217598428,-0.0065583045779938525
28,shock_g2,0.0010264916735681594,0.007183171382466065,-0.007527973665705926,0.00950978828725395,-0.004484774925811226,0.0058347784462748475
28,shock_g3,-0.002658706176005926,0.002767107188396987,-0.006124288432468653,0.0006868060725697313,-0.004992427631860894,-0.00046636024029511483
28,shock_g4,-0.004033665787021928,0.0029080383806942586,-0.007806891127267339,-0.00017327980499456854,-0.00609060729760726,-0.0015976899025540174
28,shock_g5,-0.0025968504207324276,0.0031430491764709205,-0.006811966808897911,0.002008044347421344,-0.0051119507590296105,-7.632603522240641e-5
28,shock_g6,-0.0007329963812117071,0.0034577528219116634,-0.0056760100953730346,0.0036583875829801836,-0.0035617196932741665,0.001967025333651461
28,shock_g7,-0.0014889458193954608,0.003943144486144766,-0.006266101408883002,0.004325327692412456,-0.004259469803155471,0.0019968452880975342
28,shock_g8,-0.001997884131873457,0.0036683365582265664,-0.006849309582457783,0.0022304582526581555,-0.00500100639123925,0.0006835924001838824
28,shock_g9,-0.004243712258698876,0.00278415335776153,-0.008095278312623824,-0.0001514354860378533,-0.006594243164857615,-0.002050093231632349
28,shock_g10,-0.00936003259539408,0.0040418026128007985,-0.014657093302747158,-0.00449663716078125,-0.01255997731101754,-0.006717388490449568
28,shock_g11,0.00449215143196993,0.0043127440811861675,-0.0012398898550438787,0.01021925086282676,0.001167058217141128,0.008081946202207051
28,shock_g12,0.0016230579271312429,0.0028553216728658885,-0.0020613399132076602,0.004810119601127264,-0.0005416407919602948,0.00371896990935001
28,shock_lag1,0.0029920094114878,0.0013159520087321318,0.0013241116620201691,0.004881671308105238,0.0019464155915708396,0.004200096326919239
28,ylag1,0.4141801626169395,0.049137378185071356,0.3671610180353556,0.4678390324348196,0.3848933294271001,0.44422597056664825
28,log_oil_lag1,-0.040137367257197416,0.006022821650395861,-0.047901192468419306,-0.033210950820602984,-0.04464437304555769,-0.036024089049974964
28,ffr_lag1,0.00625757817754413,0.002728634963149744,0.0029612254094732652,0.010095654969340694,0.004072190454100127,0.00851840777039486
28,cpi_lag1,0.0009005353579260992,0.00018851006915858836,0.0006859708218761365,0.0011554727431441186,0.0007758143770291544,0.0010451079784331064
28,indpro_lag1,0.002430318972248782,0.00026469080568523905,0.002141355748419285,0.002785309571152635,0.0022481431114772118,0.0026450615330790637
28,t10y3m_lag1,0.005551352379871861,0.003935439223682121,0.00044068528699159337,0.011176570357478523,0.0026222870125694993,0.008892614194137817
28,age_mean,0.003700688654852483,0.0016432259219704714,0.002041080628024744,0.006019162880705114,0.002717008383292149,0.004983926384486225
28,female_share,-0.05935922463816199,0.03383779774008072,-0.09979739143260258,-0.022118158537250125,-0.08737283583712181,-0.035653347394157084
29,shock_g1,-0.00787882869400762,0.005343314561293136,-0.01530298190797533,-0.000926818753169815,-0.012124652847367334,-0.0034796826342646256
29,shock_g2,-0.0007756310151419677,0.006582788634369192,-0.009132429398751911,0.008392495606573073,-0.005682939585141012,0.004565647506251987
29,shock_g3,-0.004612222655639232,0.003208084105979524,-0.009448784436581942,-0.000268868552077888,-0.0073569877432776,-0.001901840932149677
29,shock_g4,-0.0024204147642764378,0.003034589207794387,-0.006070986096198914,0.001592231626661412,-0.004564684495303645,-0.0001152389536558376
29,shock_g5,-0.0034548258921615603,0.0023351889659757774,-0.006711505276069429,-5.38196824484017e-5,-0.005476786948756987,-0.0014020952323069045
29,shock_g6,-0.0008090317654975622,0.0035552999197337514,-0.005665652759028672,0.004288685115260376,-0.0037971978174323314,0.00207905403000036
29,shock_g7,0.0014929283066272077,0.003902295450087403,-0.003171429967167141,0.0059905853352481275,-0.0017019180912897025,0.004383110888318423
29,shock_g8,-0.005446510620386672,0.0033098860577135685,-0.01087385123402561,-0.0008462500014631965,-0.008669171257564372,-0.0027822045826323013
29,shock_g9,-0.002910063901151055,0.003074555189685576,-0.007234667319669121,0.000930060797325149,-0.005152513392487165,-0.0008224064098235092
29,shock_g10,-0.00662090776415105,0.00448264229875542,-0.012966557442754757,-0.0009520519847947316,-0.010273760191476813,-0.0033790880584644457
29,shock_g11,-0.006288989855918276,0.00573437425455149,-0.01321562350050286,0.0009974409507194368,-0.010334402476537611,-0.00221668454950046
29,shock_g12,0.0021453040732800754,0.0024745236686626385,-0.0010198223645061797,0.005121071437723475,0.00020501343126486668,0.004054088454279915
29,shock_lag1,0.0014799602841065163,0.001531370751567836,-0.0005165920951524126,0.0035076705125356125,0.000186079903493571,0.0026006030380425144
29,ylag1,0.3977196548340189,0.052783139790028175,0.3488526166079664,0.4564285468185873,0.3656119316910248,0.4297368463558793
29,log_oil_lag1,-0.04116491613509251,0.006126968227859144,-0.048930436223372606,-0.03438817021854606,-0.045560044209090864,-0.03666131479374147
29,ffr_lag1,0.006133045966314368,0.0027560590863163277,0.0029967943298384427,0.010122472152646094,0.004275856047918334,0.008478500407122969
29,cpi_lag1,0.0009350240321446443,0.0001936389885469738,0.0007364971499479033,0.00119232409250856,0.0008138054668909017,0.001094767765658368
29,indpro_lag1,0.002421401355099961,0.00027573449717535625,0.002079752889376523,0.0028012515768046312,0.002226903544093343,0.002630920213431576
29,t10y3m_lag1,0.005122532022782919,0.004062583457772917,0.0004569279973541604,0.010768112348700742,0.002190153494695384,0.008307824824458503
29,age_mean,0.0036827301542411922,0.0015187710785074411,0.0020466559492072376,0.0056603891045386885,0.0027305222723978517,0.004714699561664319
29,female_share,-0.062290440325247526,0.035018579853576724,-0.10430152759598511,-0.020074785012477052,-0.08937005619919597,-0.03953491642898357
30,shock_g1,-0.003013099236170543,0.005781939080341767,-0.011124188448314419,0.0034498268030323295,-0.008008928271865567,0.0007769658952913234
30,shock_g2,-0.014765059648992275,0.006982805416283762,-0.024186037304058338,-0.005155776664413083,-0.020828721486414115,-0.008827383854650962
30,shock_g3,-0.004283583832333434,0.002676442295396521,-0.00757181132172003,-0.0005715114048510084,-0.006306133877512804,-0.002079109362361078
30,shock_g4,-0.005540832042621707,0.004439494747246914,-0.01159647745622348,0.0006696384227794115,-0.008816599813028772,-0.0017747965221625965
30,shock_g5,-0.004354755380768557,0.002815837995824625,-0.008029775111687943,-0.0005596873571145117,-0.006429170686506995,-0.0016783165435550738
30,shock_g6,-0.0026772451238434793,0.003875534714332754,-0.008161289710035534,0.0024816773952032896,-0.00600666850131451,0.0004904577222650816
30,shock_g7,-0.0037311107411621158,0.00420878431595761,-0.009534330290197053,0.0011681741291095066,-0.007245243479421144,-0.0008533294516161949
30,shock_g8,-0.004593726468596944,0.0032188880656212294,-0.009623547300725545,-0.00022354772230973388,-0.007516903387487171,-0.0019432665921374393
30,shock_g9,-0.006731108937554939,0.00285461876466941,-0.010123709143757703,-0.0030438558724446346,-0.008920215076355733,-0.004255063424607742
30,shock_g10,-0.007952766867135572,0.004195156346060642,-0.013585063037890331,-0.002783717735770821,-0.011195510435890224,-0.004600234076542578
30,shock_g11,0.002858664385116093,0.0034201364653130327,-0.0016805006129016354,0.007147261486610563,3.814764506830312e-5,0.005574018837943703
30,shock_g12,-0.002854842486486355,0.0024052694488626274,-0.006241836387597597,9.334914227724853e-5,-0.004784798700009816,-0.0010859923514754167
30,shock_lag1,0.0013283498223256069,0.0015024750279586624,-0.0006823900826209424,0.003522622079607211,0.00018593847678309051,0.0025218636712860784
30,ylag1,0.4062622282089275,0.05164096367440552,0.3563120227325873,0.4639726218009034,0.37333107558860357,0.43859022131166664
30,log_oil_lag1,-0.04069109334025628,0.006268771086462944,-0.04849106128735796,-0.03367634100664689,-0.04503917627147696,-0.036542392664756576
30,ffr_lag1,0.005702325710257411,0.0025764153750193865,0.0030001803876490525,0.009404367807664578,0.0038944274306100014,0.00783986603883243
30,cpi_lag1,0.0009224223968654607,0.00018770089838588945,0.0007350247498950563,0.001179911769795638,0.0008075923220684181,0.0010687954152776905
30,indpro_lag1,0.0023410666729363704,0.00028507799294342037,0.0020130260268320286,0.0027295229438292212,0.0021422606594604155,0.0025837682955428243
30,t10y3m_lag1,0.004320622807948975,0.0039521963404399296,-3.263021413579554e-5,0.010113107995941244,0.001451099687830019,0.007701089022585537
30,age_mean,0.0036079861645703713,0.0018021421401302974,0.001734115123195579,0.0058050146821605145,0.0024791579975222836,0.004925601090946457
30,female_share,-0.046553158421811285,0.0368623883432049,-0.09587222023831105,-0.005484393301946312,-0.07978997426912628,-0.02282124014061612
31,shock_g1,-0.017447307679095223,0.006244233602328454,-0.025480389309087696,-0.010643523763048567,-0.02231323256053483,-0.013595473273284184
31,shock_g2,0.0014007367082391625,0.006237129008506625,-0.005558873091890809,0.010639753300635595,-0.0029757262189133724,0.006783135524870478
31,shock_g3,-0.004645075865447617,0.003864034486464124,-0.009051066935756379,0.00046708417725026697,-0.007352028027864005,-0.0014173836912226311
31,shock_g4,-0.0025368844096120145,0.00358343648002872,-0.007260492594795342,0.002144826596458892,-0.005426762461996476,0.00016020672611380187
31,shock_g5,-0.001624696817769574,0.0025136057407947015,-0.004818824872768681,0.0014372717605444264,-0.003552599483406617,0.00044975134863909066
31,shock_g6,0.0005897308564929403,0.003892483415919646,-0.00423476570606786,0.005656430253920711,-0.0022114572119246376,0.003893656086794723
31,shock_g7,-0.011441920580111462,0.0038054980527740647,-0.016472421011676557,-0.005757446723170018,-0.01457287911855584,-0.008124376322109961
31,shock_g8,-0.00696259156136503,0.002960339507416199,-0.011167858039187805,-0.003170017496876267,-0.009596611433083584,-0.004858541565516289
31,shock_g9,-1.1194082899839064e-5,0.00335555415946864,-0.004089768045544307,0.0038446449133671796,-0.002321435834963946,0.0023429387712733817
31,shock_g10,-0.009234275933942451,0.004557746473652589,-0.015153124217739917,-0.0037379765808276356,-0.01270136001210005,-0.005634427887718596
31,shock_g11,-0.003863952741357806,0.004379033476927914,-0.010241658579203262,0.0013154575395522288,-0.007536002875057563,-0.0009499764578263579
31,shock_g12,-0.0022144923771573294,0.0021223286167426814,-0.004865988702494944,0.0005049491001430867,-0.003954595071986564,-0.0005551264473873613
31,shock_lag1,0.0011624594465661606,0.0014913976192935565,-0.0010065678584547859,0.003267811314399111,-1.197871679371027e-5,0.0023640895643862467
31,ylag1,0.3854202387296693,0.0520506260346453,0.3359010802537576,0.4410688061812654,0.3532964948964787,0.4196594855139185
31,log_oil_lag1,-0.041252696427961456,0.006423636833662049,-0.048921358618822734,-0.0342161033092259,-0.045528188218283354,-0.03752589102794777
31,ffr_lag1,0.005154235885100566,0.0025804728525851152,0.0023254362790796936,0.008996303118744194,0.003270480770007328,0.007294595812733845
31,cpi_lag1,0.0009374315175786956,0.00018456059701317765,0.0007620400981342958,0.0011854837232487107,0.000826870834124361,0.0010782247286268197
31,indpro_lag1,0.0022818768753482322,0.0002839411990772382,0.0019410429240411685,0.002663963844330221,0.0020939794332204284,0.0025094573980640753
31,t10y3m_lag1,0.003023049772222239,0.003989603869880834,-0.0013598142764196129,0.009132396446742966,7.022581193623671e-5,0.006766072008507314
31,age_mean,0.003916300310429145,0.0014305779357657188,0.0023795980524751615,0.00583359424370298,0.0029990579359253497,0.00491448159044919
31,female_share,-0.06965783011295856,0.04032188932499292,-0.12146001893562668,-0.023234972059800768,-0.10248464544370602,-0.03862149235181067
32,shock_g1,-0.010379407423592231,0.005381087295775038,-0.018338495175669614,-0.004071882998243865,-0.015094741519344802,-0.006751020147592118
32,shock_g2,-0.007841168854146577,0.006628270584701564,-0.01685802518284661,0.0010180254576568418,-0.012574511808283163,-0.002525419047064963
32,shock_g3,-0.003407319028335175,0.002612830687497796,-0.006701527437070837,1.3253118096485245e-5,-0.00526389034198416,-0.0012843829210722217
32,shock_g4,-0.0021423227230556907,0.0030096219361512946,-0.0060126490459827785,0.0016557851014534072,-0.0043406412762097436,0.00019786209089193985
32,shock_g5,0.001392882192188394,0.0028951012419225104,-0.0019242964102392868,0.005458748858901043,-0.0005513244657822012,0.003887341189083343
32,shock_g6,-2.5408499111410114e-5,0.0033885321630595447,-0.0037959999785412736,0.004655431523136161,-0.0025631227404516736,0.0028020225852286797
32,shock_g7,-0.005047113353544803,0.0037100326818823074,-0.00944725024344504,-0.00018634499647037124,-0.00743623942583172,-0.0022170965489072924
32,shock_g8,-0.006894110838139605,0.003362005236374015,-0.011910904828323021,-0.0020759752836200587,-0.009741476469673552,-0.004275746868207598
32,shock_g9,-0.004580593180113927,0.0031706004489381063,-0.00851274482360028,-0.0003809230535565264,-0.007051788178620559,-0.0020212778716229163
32,shock_g10,-0.015480167978289577,0.00442246294103699,-0.02193661564435927,-0.0104358864776024,-0.019308822576867012,-0.012188488626389351
32,shock_g11,0.00039991955419771646,0.00519094936283497,-0.006204533242805456,0.006728011488542854,-0.003433898067022093,0.004098033259367942
32,shock_g12,-0.006652855598227584,0.002313777784231201,-0.009327915452059006,-0.003738111794077754,-0.008426744064433996,-0.0050644559831911065
32,shock_lag1,0.001736809707605245,0.0016491126421134042,-0.0003872500305479448,0.003949694305061624,0.0003657023172057765,0.0030344814033810047
32,ylag1,0.38735062672312465,0.05092515174802329,0.3376874024706855,0.44074825490609515,0.3559095532408879,0.4179220478572187
32,log_oil_lag1,-0.04122683601100622,0.006457279187354158,-0.048986657139157064,-0.03447145609331646,-0.04568630986823108,-0.037192082021596726
32,ffr_lag1,0.0050096050239356186,0.0026901949416119385,0.002085446995590708,0.008957748020760908,0.003288075190283895,0.007329257222463184
32,cpi_lag1,0.000956497173626559,0.00018715185872795808,0.0007821096433088606,0.0011942532084747346,0.0008409364697893272,0.0011019663396648837
32,indpro_lag1,0.0022502285656581353,0.0002954633375459563,0.001891916630979253,0.002649473063012362,0.002054333584297184,0.002484865017539504
32,t10y3m_lag1,0.002834811091312199,0.0042291798265403115,-0.0021139015928077526,0.009364052190274813,-2.59504280568589e-5,0.006670869637473931
32,age_mean,0.003467491679817007,0.0014784638630096236,0.0016905262044800834,0.005357381504399895,0.002457759278726067,0.004636477790314376
32,female_share,-0.03701952873215139,0.034030370492907136,-0.0844521045601335,0.0015749592680236943,-0.06457087623500293,-0.01238471564683253
33,shock_g1,-0.005785924727806109,0.007278223023983147,-0.015483272990237537,0.0025257755516410576,-0.011462292482135622,-0.001031665186915903
33,shock_g2,-0.004548969527764046,0.006360488042457086,-0.013422221863191235,0.0035017237531203282,-0.009625881997747176,0.0004935726799207294
33,shock_g3,-0.004211529221355446,0.002958580181767063,-0.008707292094324488,0.00017166913340892296,-0.006985479320753532,-0.0018062555969261896
33,shock_g4,-0.004141879250659448,0.0032845455616962276,-0.008797098987668218,-0.000270936351883922,-0.006820128484183542,-0.001991166321053223
33,shock_g5,-0.00517594834948553,0.003172369596167223,-0.0092543540084849,-0.0010498633870967928,-0.0076748596009903955,-0.002768565969521904
33,shock_g6,-0.001109375435465879,0.004267087747499835,-0.006834916916069996,0.004420175435550724,-0.004326798950490052,0.002139010815033476
33,shock_g7,-0.005347695320262933,0.004370196404979409,-0.012121914111386098,0.00011888990632736955,-0.009068311402970404,-0.0018508961900053243
33,shock_g8,-0.004967561382146888,0.0026284093750897197,-0.008951739724238253,-0.001454203617313396,-0.007382058836144036,-0.0027913209189911418
33,shock_g9,-0.0022094267467951817,0.0030010682253532586,-0.006295054155899173,0.0017425856916364647,-0.004361907296959244,0.0003994014679254091
33,shock_g10,-0.00839750886109201,0.004375330058173798,-0.014425403302074556,-0.0021678375906458843,-0.011739830458358367,-0.004866824133084844
33,shock_g11,-0.004367748439354422,0.0051843478559440714,-0.011169441628365159,0.001918137396798321,-0.008443165588874927,-0.0006966962899265646
33,shock_g12,-0.0025248730713556466,0.002336786454879225,-0.005763447774011961,0.00036121609757563955,-0.004719727683702419,-0.0008568997890979221
33,shock_lag1,0.002697793120459164,0.001472232225658732,0.0004666321379134773,0.004424845237027432,0.0013646226419551397,0.0037788456352812506
33,ylag1,0.3797882385675748,0.053237272796494796,0.3272408082495152,0.43934873313100403,0.3480132952987683,0.4096626550447589
33,log_oil_lag1,-0.0431970640349057,0.007026227070504521,-0.051077156750227226,-0.03545287791330859,-0.048010305229119254,-0.038646007208382606
33,ffr_lag1,0.005909080795787686,0.0027486781687042685,0.0029426405045794982,0.009928308185845842,0.0040433918196531235,0.008229156480523539
33,cpi_lag1,0.0009954578800532776,0.0002016113712640354,0.0008074403290567733,0.0012335685683917638,0.0008717037082547616,0.001151938652491219
33,indpro_lag1,0.0022014120664983292,0.0003053258490896541,0.0018411620106798371,0.002668877377071395,0.001993679299435886,0.002465848948004069
33,t10y3m_lag1,0.003826660232954877,0.004277218787577543,-0.0010718112075610467,0.010792983010215921,0.0009289477360929,0.007532412714041438
33,age_mean,0.005008600092379352,0.001727752866925274,0.003093197936944299,0.007004355048657946,0.0037899795146463682,0.006223506451282145
33,female_share,-0.04862764551230244,0.03944785532345608,-0.10435455558634418,0.0009506971444023515,-0.08295473303399659,-0.02047965990928321
34,shock_g1,-0.0064421852451906755,0.005248879478528675,-0.013812459556912899,-0.00011101780489109446,-0.01039263908848654,-0.00275317916674351
34,shock_g2,0.0005291397817328567,0.005737333455010305,-0.006874122083528425,0.00827157660015976,-0.0038016425268384123,0.0052323334473688525
34,shock_g3,-0.004922203467300171,0.0025831440138270735,-0.00834931394855352,-0.0016535303304660528,-0.007000383155746392,-0.0030176098216944842
34,shock_g4,-0.004767940671679119,0.0037421482512076964,-0.009816549830029534,-8.004200042073441e-5,-0.007780898346866418,-0.0017276158610481387
34,shock_g5,-0.005536517363953691,0.00287442377785751,-0.00941144544187414,-0.0022977249966096716,-0.007702776172968497,-0.00357185059874957
34,shock_g6,0.0025711933904991307,0.0041577376828560225,-0.002454288496759418,0.007919809222109213,-0.0004206934827754743,0.006022908620196251
34,shock_g7,-0.003916088151295246,0.004155512771248326,-0.009758009493315543,0.0018533317406714874,-0.006933629611576995,-0.0005734430344933161
34,shock_g8,-0.006432530960725779,0.002873778593403611,-0.01050442469015838,-0.0030392095879622537,-0.009029667399509254,-0.004201653651275934
34,shock_g9,-0.003280350279036575,0.0033364487185846593,-0.007874960064668472,0.0005668310067189729,-0.0059349131055057595,-0.0007563390053276398
34,shock_g10,-0.003672323858589079,0.004040935348052772,-0.009520994190473153,0.0013660485731048248,-0.007147282216673179,-0.000506520762771163
34,shock_g11,-0.006009179161843256,0.00529582412725544,-0.013019529537146477,-0.0003841464191279495,-0.010419670362102375,-0.002485070280406863
34,shock_g12,-0.0010006868845278463,0.002130455518575087,-0.003930677266523034,0.0015658612795017414,-0.0029543306250363515,0.0004372867065407227
34,shock_lag1,-0.0005385481231240252,0.001499485852524575,-0.0029415776907404647,0.0013044703397511043,-0.0019958679526182375,0.0006979414020754118
34,ylag1,0.3798283973271411,0.051589423544211484,0.3296796776680234,0.4321784730562362,0.34927991052027196,0.40907545593837047
34,log_oil_lag1,-0.04239779123956543,0.007246141169091291,-0.0510248173716914,-0.03444144203790155,-0.047278331371755355,-0.03762755701805278
34,ffr_lag1,0.005389579849898227,0.0027542459622337287,0.0022306689183411903,0.009594932589804013,0.0034293808673819155,0.0076711789237808164
34,cpi_lag1,0.0010208782011876466,0.00020565546241048125,0.0008236608739437198,0.001262558170978843,0.0008962412322674836,0.0011718763973396
34,indpro_lag1,0.0021692700198080077,0.0002952290239027407,0.0018124518925175664,0.002592500306499359,0.001966589589729077,0.0024412891449667167
34,t10y3m_lag1,0.0033933419129575223,0.004237936448813656,-0.0012533833161585042,0.009826976041027512,0.0004363959067232256,0.007305298587695502
34,age_mean,0.003659332651642559,0.0015528039087722224,0.001889238233689693,0.0057606007086858785,0.0024745868060901495,0.0048964683981403585
34,female_share,-0.019392614697650388,0.037768529415675635,-0.07102531567742033,0.024925129989949803,-0.04570441549653969,0.009180296566610801
35,shock_g1,-0.004633480416887251,0.004672749873951891,-0.011022790601921767,0.0011627396671459334,-0.008534243020114459,-0.001018817683915456
35,shock_g2,-0.00844590300863483,0.008097027722540846,-0.01871384954186195,0.0024806996170605704,-0.013964858880353054,-0.002463826562213285
35,shock_g3,-0.01031456454418292,0.00258519848252622,-0.01344606651283644,-0.00667758541150123,-0.012370534804971446,-0.007900121083908992
35,shock_g4,-0.006826508010363994,0.0040484059692077684,-0.013070300108630233,-0.0029264299074130444,-0.011074674206254853,-0.004329469125823304
35,shock_g5,-0.004644800340417917,0.0027089680981933085,-0.008005335941308402,-0.0012985735367885484,-0.006845067987604118,-0.002428809231826817
35,shock_g6,-0.005007314180193477,0.00356032788882453,-0.00962748958270021,-0.00022001902441920636,-0.0077506201515772305,-0.002179180323494286
35,shock_g7,-0.0031966387461753103,0.0034606312665916763,-0.007680172561219124,0.0013812371327875596,-0.005680685452637894,-0.0005777838474760062
35,shock_g8,-0.0056209527176339725,0.003033022120194811,-0.010649827820349985,-0.0018897471662698714,-0.008128483125997564,-0.0031883983116234972
35,shock_g9,-0.007486035733007333,0.0030270510577961526,-0.011362633917372657,-0.0038811402771909437,-0.009870171282498322,-0.005342716526109081
35,shock_g10,-0.011339253858909574,0.004291443666360728,-0.017109930324349702,-0.006776501674188192,-0.014551014366937667,-0.008742752000535491
35,shock_g11,-0.010694219649034624,0.004854647180173253,-0.017386575845244518,-0.0046096953977154765,-0.015020280540400536,-0.006920235949359168
35,shock_g12,-0.002465099337801559,0.001991425461075721,-0.005295422719138954,-0.00010287862523483248,-0.004098176300594349,-0.0008216788968210221
35,shock_lag1,0.0019503248776577163,0.0017088638969125192,-0.0006223262764822077,0.0041343263822803105,0.0005013692589551338,0.0033314789448139074
35,ylag1,0.38963344685378337,0.05134926618991595,0.3396359687911276,0.441328897271896,0.3559510349194754,0.4187009721459285
35,log_oil_lag1,-0.04321805154351496,0.007297058124492703,-0.05165384999786002,-0.03595210798542697,-0.048110491982027805,-0.03821477003927373
35,ffr_lag1,0.005384221489321918,0.002968431592481948,0.001889397356149272,0.009353620096549631,0.0032557851846635832,0.007848203194221148
35,cpi_lag1,0.0010256560696395496,0.0002119488787463811,0.0008025498314062237,0.0012776162506894931,0.0008905402912214432,0.0011861796264260864
35,indpro_lag1,0.002085550824892072,0.00031363733079079544,0.0017165083967880797,0.002508783916059409,0.001893620848524195,0.002338812481553757
35,t10y3m_lag1,0.0035355982988897745,0.0045301480107564004,-0.0021683060943095476,0.009706096426069821,0.000483869379225644,0.007599921790305884
35,age_mean,0.0040090284261329,0.0015166074702591644,0.002132718532251084,0.006044993615079682,0.0029553911938691754,0.0051796288312115826
35,female_share,-0.001957238386389554,0.03932609357202816,-0.054584721686627376,0.04858840473898851,-0.03210651879037416,0.02699264787080362
36,shock_g1,-0.0055381747570316135,0.0058975310659775855,-0.012751706276988725,0.0008550556388629178,-0.010011476036703958,-0.001737019615173487
36,shock_g2,-0.004851817257644627,0.007492655544023646,-0.013988578084498417,0.0058286595115720095,-0.01041184828274163,0.002490944188634275
36,shock_g3,-0.0019106760304441462,0.0036833281528904247,-0.006695007486897679,0.0033648271504845804,-0.004595508267370474,0.0009602592151098618
36,shock_g4,-0.005416103964832269,0.0034381130042680547,-0.009835309390685306,-0.0011949048771894306,-0.008040389090883482,-0.002859581590244748
36,shock_g5,-0.007125639192869938,0.0031101692792410798,-0.010719985405676152,-0.0028302076449630417,-0.009362519652789954,-0.004447903641321453
36,shock_g6,-0.0025510695489389364,0.003815767062127589,-0.007259148009971823,0.002416658161825456,-0.005393612895733545,0.000530791848684045
36,shock_g7,0.006153746264817837,0.004059109054286622,0.0010095283822025604,0.01221111966486471,0.0032890700383600914,0.00989889324095541
36,shock_g8,-0.007526304006288714,0.0031195335179817394,-0.012247791784815967,-0.0035394538344498848,-0.01008886901197618,-0.005118863992013587
36,shock_g9,-0.0007619776390910651,0.003223268326345646,-0.005462101678970944,0.003071658405106476,-0.003257436206284374,0.001239191958698773
36,shock_g10,-0.007529888224062798,0.0045289210974349325,-0.013709116241077316,-0.0013378809132315065,-0.01143120249539853,-0.004272303524066757
36,shock_g11,-0.007749263038805945,0.004470021457759323,-0.014055980958114452,-0.0025943121195894326,-0.011394413847556557,-0.004260456804611949
36,shock_g12,-0.005999366381289571,0.0019716191745390113,-0.008678157480334212,-0.0038168032186259053,-0.0077040839438457485,-0.004720342987277374
36,shock_lag1,-0.0007912108493289561,0.0017301830991930428,-0.0037157114329714053,0.0010888743237610007,-0.0025499313512225407,0.00037153148030104734
36,ylag1,0.38006442040051364,0.05268703131821396,0.3283073698989861,0.4370518806307076,0.3479888728754084,0.41195388437646274
36,log_oil_lag1,-0.04342341324531476,0.007571731387465307,-0.05237661861864276,-0.035506485297611516,-0.0484337633945084,-0.03849508632923411
36,ffr_lag1,0.00536291101442705,0.0031119650688536137,0.001650552433539261,0.009957846702014064,0.003113602444094221,0.008086945077327136
36,cpi_lag1,0.0010594800045600238,0.0002290346377240266,0.0008050261979986855,0.0013412221204523321,0.0009141809379273334,0.0012221475847685678
36,indpro_lag1,0.0020734421346428828,0.00031399846301221614,0.0017084973137812807,0.0024962218310318,0.001870248002222407,0.0023197215876652514
36,t10y3m_lag1,0.003763156871018845,0.004673764246715941,-0.0018035257182129694,0.01056660897556368,0.0007373554697379784,0.00797914268791541
36,age_mean,0.00367271008783533,0.0014479949133042742,0.0019387162831413125,0.0054072582302361755,0.0025435968983108324,0.004818601446194163
36,female_share,0.003959668316839115,0.04024284582050612,-0.05129585806412668,0.05402384367496302,-0.027736191648353115,0.03544325037324338
