horizon,coef_name,beta,dk_se,boot_se,ci_lo95,ci_hi95,ci_lo90,ci_hi90,ci_lo68,ci_hi68,n_boot_valid
0,intercept,7.282455595751781e-9,0.0008261753008799171,0.0008784247588020648,-0.001847841147542881,0.001636585867621467,-0.0014300628146821882,0.0013918593798642558,-0.000887118896107218,0.0008416779269898819,500
0,shock_x_ind1,0.007280790463411117,0.005567207464837991,0.005952505499816771,-0.0038751785269306544,0.019590967192721992,-0.0021629194425632045,0.01745835053930585,0.001865233135516003,0.013648002269408608,500
0,shock_x_ind2,-0.003741660689524761,0.0048580582740837585,0.0048046463950607325,-0.012717853232797272,0.006041574657484301,-0.011515451282716698,0.0033929552984238885,-0.008899285005086714,0.0004101916509380934,500
0,shock_x_ind3,-0.0019449886870695648,0.0030862108504350378,0.0030912511024543247,-0.008153505868565416,0.003629923547696321,-0.007168205780313595,0.002922569875549568,-0.005041753509371971,0.0012215401145010867,500
0,shock_x_ind4,7.89154167899264e-5,0.0018462939537219319,0.0020024714198631516,-0.0035482361391223627,0.003942051905674492,-0.0030625197292903556,0.0033551419083669275,-0.001876302679449375,0.0021880953904206556,500
0,shock_x_ind5,-0.001849114777491565,0.00220269465945058,0.002159743143310888,-0.005869612470009846,0.0023555710554837577,-0.005340471990429205,0.0018463499308022035,-0.003791694455082337,0.000368385649152386,500
0,shock_x_ind6,-0.0028729038469917185,0.0020751427253882233,0.002179919409544289,-0.007259317431378058,0.0011049761516718334,-0.006668385233031095,0.0005214981525665957,-0.00486698105978095,-0.0006610259177183091,500
0,shock_x_ind7,-0.0008547182393791646,0.0024432572728948143,0.002646675231512671,-0.005588844316745359,0.0044211271090592655,-0.005046197728706782,0.003867749469614409,-0.003334178447635588,0.001947616498205688,500
0,shock_x_ind8,-0.006776341477697807,0.003466280185490821,0.0034444037660512376,-0.014463533055906622,-0.0011184925121333353,-0.01320360042929659,-0.0018523126433545927,-0.009930036310363115,-0.0031547872038936997,500
0,shock_x_ind9,-0.004147340661138476,0.0016880991940618059,0.0016533020716639542,-0.007075846712201598,-0.0007261702649823711,-0.00669758751485123,-0.0014159497484039023,-0.005757673426228886,-0.002357827060521183,500
0,shock_x_ind10,-0.0027677780823394203,0.0022621398926901486,0.002289263420975775,-0.007438352169319292,0.0017993891265755896,-0.006604115360503838,0.0008856798270427367,-0.004890180326943924,-0.0006501969790769501,500
0,shock_x_ind11,-0.013093498812364254,0.009166265311348499,0.008746225123548551,-0.03331143101901128,0.0005245733567195479,-0.030280582790923015,-0.0007401960375371554,-0.02119460058669761,-0.004035105600787748,500
0,shock_x_ind12,1.1178013968005567e-5,0.0018296539403226842,0.001771611817289498,-0.0031421375133416714,0.0033013751492487623,-0.002752837510293506,0.0029828190142422383,-0.0018348777062453406,0.0021742713432169472,500
0,shock_x_ind13,-0.002029059624375191,0.001675224981362384,0.0018435169393218136,-0.005405603866886833,0.001626140193383206,-0.004880065586583368,0.0012454388499000193,-0.003735382362779764,1.7750648511310816e-5,500
0,shock_lag1,0.004918540028390658,0.002355792929669608,0.0023964643309794843,0.0010313241181502818,0.010269845815846345,0.001504190151626455,0.0092840649562174,0.0024455703624880827,0.007316457993281006,500
0,shock_lag2,0.001376098356207703,0.0010085199523086192,0.0011492168032498416,-0.0009461140421929975,0.0036907322304902852,-0.0004132434554801665,0.003184037903512453,0.00017735852756292753,0.0024316423589409246,500
0,shock_lag3,-0.0007257797769366748,0.0022375459011408755,0.0023280147783214297,-0.006279435084552616,0.0028323430944565573,-0.005108309539335668,0.0024494304168172637,-0.0028819987841844715,0.0015985234927342973,500
0,shock_lag4,-0.001685676124998848,0.0012670056119984908,0.0012431750296568508,-0.004185478971733459,0.000615404792817264,-0.0037176005240437456,0.0003063897375847945,-0.002873607191104563,-0.00040891442531133836,500
0,shock_lag5,-0.0012350001181465424,0.0012208008202551587,0.0012347514116343326,-0.0038815159858748664,0.000846356822201871,-0.0033882717830815917,0.00047949384233411733,-0.0026165552973409605,-0.00013684726051125523,500
0,shock_lag6,-0.0006004247611705917,0.0009941269768914559,0.0010270179769825125,-0.0023945206549125147,0.001564793132381593,-0.0021301594420114938,0.001136602196706166,-0.001592603477643237,0.0004582181479841828,500
0,shock_lag7,-0.0033649609493014714,0.001174817531529247,0.001391142328995369,-0.006212820525508028,-0.0006948607403552943,-0.0057592666869315185,-0.001224737678208895,-0.004727418319156322,-0.002086564422773277,500
0,shock_lag8,-0.0003934035292318563,0.0012990173348005382,0.0012728462021593789,-0.002520563733912504,0.002592631772046013,-0.002243394367366833,0.0018724164134594338,-0.0014437126288534214,0.0009215813253942331,500
0,shock_lag9,-0.0005350850128031607,0.0012703561416991841,0.0012966879620062465,-0.0029828954598299434,0.0021794241968432276,-0.0023574645036828924,0.0018546621508284484,-0.0016231023672385872,0.0009702344856714122,500
0,shock_lag10,0.0023784070756384538,0.0011421855673115838,0.0011929214399317913,9.837766666793117e-5,0.004891510778404658,0.0004780712120521823,0.004357364932529788,0.0011896686822038193,0.003486354584776921,500
0,shock_lag11,0.0018165548926456574,0.001157801279422646,0.0012288158842483556,-0.0005964135949851981,0.004316688897828776,-0.00024101884864766678,0.003688527923398755,0.000484849826955182,0.0028633094783903426,500
0,shock_lag12,-0.0014855751969188537,0.001281590865652375,0.0013341192893932198,-0.004093440714364288,0.000800378363430046,-0.003739219295054804,0.0005525634754911359,-0.002879284536821167,-0.00013715290292286045,500
0,log_oil_lag1,0.0017796536788631087,0.0031349656201586523,0.0032427301666609187,-0.004419614158940667,0.008227394705703672,-0.0034730272520641097,0.006908747554734339,-0.0015121898428870689,0.004883941655273431,500
0,ffr_lag1,-0.0006553863190112751,0.0005135976604031553,0.0005221038475741011,-0.0015877004142422326,0.00032898136078663765,-0.0014779207155462728,0.00025661335942554016,-0.0011771737093351207,-8.829100049349112e-5,500
0,cpi_lag1,5.81019961066769e-5,4.4029139070324106e-5,4.5326389746123964e-5,-3.115166087450693e-5,0.00014726106184944084,-2.0602806711299006e-5,0.0001322341436644632,1.3179575565286797e-5,0.00010147446773144193,500
0,indpro_lag1,-2.826430674640539e-5,0.00017434191535546854,0.00017793132153407748,-0.0003743717757459055,0.00030058029608643743,-0.0003207458356041621,0.0002544501735009989,-0.000189525652820769,0.0001576465969940619,500
0,log_rincome,-0.024402058159173644,0.08427462676277182,0.0877120517887088,-0.2054114899686189,0.13090540037442916,-0.17908869052578363,0.10408449706144243,-0.12311348237442364,0.060239432305801296,500
0,log_rwage,-0.009674053372894831,0.08635890032071245,0.08873017504428231,-0.17087841265116993,0.1657908395685777,-0.14575977564210674,0.1453264097092092,-0.08808117989987932,0.09439337279138361,500
0,age_mean,-0.002559680047206987,0.0009949201734798098,0.0010769412890219512,-0.004689776060976321,-0.00037108109170431075,-0.00438681516541138,-0.0007017480839676288,-0.0034872579341326164,-0.0014910610356091093,500
0,female_share,-0.01933004414168529,0.030171517820838413,0.029962772540682043,-0.07584572719086255,0.03880517556541058,-0.06752378009449857,0.0317428081911817,-0.04762300986406201,0.013009085005472357,500
0,married_share,-0.01750946455469223,0.02432817585757342,0.024191390844301917,-0.06250034487850463,0.033256979316084276,-0.05358316377249093,0.02314804286309676,-0.04011525487330479,0.006920469810629879,500
0,hours_mean,0.0009334681639548874,0.002250285162907936,0.00234713457716213,-0.0033927831954319045,0.006084052678859448,-0.002545597973201857,0.004780233603244687,-0.0011405641262907846,0.003366034210583427,500
1,intercept,1.6675901168743533e-8,0.0016370233269546895,0.0016799225447057847,-0.003332011657562227,0.0032079493453201274,-0.002830150348118207,0.0027623347334375468,-0.0015919699702748112,0.001667294129691989,500
1,shock_x_ind1,0.01962669272317164,0.00830651014358303,0.009217869111858273,0.0022499180035612278,0.03754049085012525,0.004996488328763162,0.03572258389785211,0.011188991893872832,0.029365263198743084,500
1,shock_x_ind2,0.01050125799227219,0.006920693778063459,0.006871517195642452,-0.002262673128996218,0.024006832712589937,-0.0009841963277086902,0.02259391494749932,0.004124967548070208,0.017565120675417628,500
1,shock_x_ind3,0.004070675155832487,0.003909213627777931,0.0044452354689567194,-0.005225667867415187,0.012151902867863294,-0.003087349037863967,0.011005905538235852,-0.0004007680807741849,0.008538321435621709,500
1,shock_x_ind4,0.0045188466410173616,0.002991191991848598,0.003278143150779987,-0.0020254128716674148,0.010742755006857285,-0.0011206859947661895,0.009744159636957543,0.0010099707664307598,0.007491370167713893,500
1,shock_x_ind5,0.0002486782627446631,0.002824271185904305,0.0030976037693087725,-0.005190125277450619,0.006471955857108208,-0.004524460077994949,0.005467409924005124,-0.0026887723876953358,0.0032960979698651036,500
1,shock_x_ind6,-0.002359344050649461,0.0023746563258338856,0.0025490783850360714,-0.0071001824363097045,0.002721689080724913,-0.0063438113266399065,0.0021024811906789976,-0.004772947495597018,0.00018328660486596142,500
1,shock_x_ind7,-0.0004059217345667634,0.003626520341837424,0.00389602935196408,-0.00790558895916602,0.00665672352253314,-0.0065703728298705764,0.005866091613416351,-0.00422833194652433,0.0034028733614569805,500
1,shock_x_ind8,-0.0014813859736542171,0.0036847201746511887,0.004432096583034036,-0.009597631700946446,0.006928150413412837,-0.00830104988511722,0.006082275075476628,-0.005876505525781292,0.0028108040314520346,500
1,shock_x_ind9,-0.003212316257068838,0.0018014271010877046,0.0020292751226252096,-0.007109955955076064,0.0005716664092957817,-0.006634365264254434,-0.00011606090256384054,-0.00522449625619792,-0.00115571469500707,500
1,shock_x_ind10,0.0003938509485817282,0.002437854687620822,0.0027266860640400258,-0.0045993319887975715,0.005828955421708337,-0.003909745905588472,0.005101292905375277,-0.0021186005213010696,0.0034227267125309935,500
1,shock_x_ind11,0.0015169108475733696,0.00763941964706449,0.009282425426965953,-0.015925832351031573,0.018395600550139748,-0.013290170429873073,0.016361613872374774,-0.007919164185838023,0.011136312523989483,500
1,shock_x_ind12,0.0033522668947627353,0.002274466234135912,0.0025213848118979206,-0.0012795855234664301,0.008546563603872754,-0.0005772558618829742,0.007897261255212255,0.0009410813120719513,0.005825335604823636,500
1,shock_x_ind13,-0.0020089310021226027,0.0021815838695572647,0.002501882413416077,-0.006860418935074371,0.0029202157165522,-0.0060440854736965675,0.0023171509994541527,-0.00420298600974983,0.0006562791157387127,500
1,shock_lag1,0.006759639199545474,0.003084500106044948,0.003108639310110292,0.00126664926289093,0.012631681926026244,0.0017077046670875846,0.01173099717997453,0.003583538706272229,0.009783749788499307,500
1,shock_lag2,0.00135550726297501,0.0024179083937922604,0.0027240160955180146,-0.004631415061966321,0.006106482884860405,-0.0035428425340697303,0.005429546767138098,-0.0016616057087728987,0.0038640236735517962,500
1,shock_lag3,-0.0018545852522028707,0.0031190816155849247,0.0033191423911060856,-0.008685962949191288,0.0038226019632851766,-0.007943908162032205,0.0026677107548953994,-0.005404411765743586,0.0011793959706986664,500
1,shock_lag4,-0.0023003622102970404,0.002267853060976747,0.002347714640995232,-0.007043696824492926,0.0018769307986126063,-0.006594520335065866,0.0012276835131015977,-0.00443493363231331,-0.00011105602521039143,500
1,shock_lag5,-0.0014449330908155953,0.0016486840599523607,0.0017273113467307084,-0.004932587292019214,0.00185364331524351,-0.004302131765010196,0.001423325365084777,-0.0030557830218391306,0.0003334812044457713,500
1,shock_lag6,-0.004002354366728409,0.0017760917907101116,0.0019328216808432914,-0.007242498956765434,-0.000185085393522712,-0.0068189824580154705,-0.0006947771250211297,-0.005822771730802962,-0.0019192956013572911,500
1,shock_lag7,-0.0038026153191285765,0.0018215676841978866,0.0019020064499803203,-0.007563541439185391,0.0003339188621988049,-0.006673549857294803,-0.0004993424493300048,-0.005406544380858624,-0.0017193595937881729,500
1,shock_lag8,-0.0011292232504657596,0.0021287200116575813,0.0021219831332393406,-0.004747745171996741,0.002999242289474249,-0.004317926763186207,0.0024228775995707432,-0.0032013894708452927,0.0013053602102684034,500
1,shock_lag9,0.0019554219845010113,0.001966529303689469,0.001988025997938742,-0.0018118202459341739,0.005901292335503081,-0.0012716138332488232,0.0051906366269725505,7.743309184403057e-5,0.003974357267391847,500
1,shock_lag10,0.004329917616952864,0.0019918138596151636,0.0021568562349206432,0.000553325544428991,0.008616433139491078,0.0009655058519907197,0.008179460122767736,0.0022078336438101625,0.006531258938846185,500
1,shock_lag11,0.0003653095368857149,0.0016828353677480364,0.0018947510205834296,-0.003705887646423914,0.0036456515480943613,-0.002916334452241511,0.0032715391567120933,-0.001612843717435211,0.0019662301881658902,500
1,shock_lag12,0.0004980344364955176,0.0017683107774929341,0.0018034609118810353,-0.0030449451827360982,0.004102932216660211,-0.002737831385965935,0.0034413960389297993,-0.0014483653994985122,0.002173489953435233,500
1,log_oil_lag1,0.0009646966356445722,0.005891831584711409,0.006202605059359213,-0.010538348170601359,0.013555507462327608,-0.008862996624376375,0.01098551425976138,-0.0051024747163373185,0.007259264522655508,500
1,ffr_lag1,-0.00037396269904876,0.0010007768671001682,0.0010058303622932849,-0.002317789564186497,0.0016330709194508773,-0.0020104542036389647,0.001378670576920135,-0.0014383062293899299,0.0005496656688230417,500
1,cpi_lag1,5.48646766031882e-5,8.483489442267748e-5,9.036805817252665e-5,-0.0001242011021298919,0.00022523231811546996,-8.481083284602122e-5,0.00019612401344814382,-3.1758766006251705e-5,0.00014654025336145214,500
1,indpro_lag1,-0.0002674910032516288,0.0003330150624928516,0.00035324373937304493,-0.000980151368761938,0.00038589305264391977,-0.0008567473772297737,0.0002753037447249947,-0.0006575830072541674,8.361732051721781e-5,500
1,log_rincome,-0.22005363261234062,0.12730408863632414,0.12365613902359812,-0.4521815506313811,0.014163846262614521,-0.41786155386423035,-0.015310528788140931,-0.3419501765454959,-0.09410917160840962,500
1,log_rwage,0.18417097178009803,0.13640606855857237,0.1319153506814817,-0.07390256664103073,0.4328665078727853,-0.045891688923154206,0.39771064809339185,0.046805913145337996,0.3111834064583082,500
1,age_mean,0.000413887835902054,0.0014170972233432553,0.0015335996105314918,-0.0023448077418435813,0.003286576074557336,-0.0019847305945170117,0.0030209414812073913,-0.001082542717718415,0.0020993192618634793,500
1,female_share,0.015043746907062377,0.04651624729551928,0.0437613852248233,-0.06529402772647583,0.10280886216025341,-0.05311027122558301,0.08889828416873113,-0.026590242405756286,0.0594480698875752,500
1,married_share,0.0002986414144073332,0.031664215287270585,0.03420719773545226,-0.06422128183920998,0.06384194156568064,-0.055606942427873965,0.05661607785693653,-0.030871625885689542,0.037372639881773424,500
1,hours_mean,0.006500821754927345,0.003354076619947395,0.003222369585620113,0.0006287746558150259,0.012861652529520488,0.001580104468673725,0.011817997517389474,0.0032224775371453543,0.009857345118999813,500
2,intercept,1.5532946412158788e-8,0.0023082975345536387,0.002352622215947501,-0.004450266185479801,0.004577837266378412,-0.003854425951106455,0.004034261360084106,-0.002249358552014702,0.002541731852209319,500
2,shock_x_ind1,0.024417195109918154,0.010902511363563697,0.0108944687393144,0.0035011975879415064,0.04523080663390477,0.006365425209584407,0.042054220778186435,0.014208420869475498,0.03577381518590613,500
2,shock_x_ind2,0.013314175059903286,0.008383164666848414,0.008211225404788578,-0.0009676628415314996,0.030752762634571926,0.0010114246900546514,0.02760382934340451,0.00536241277581471,0.021822433802472525,500
2,shock_x_ind3,0.0038637055256777785,0.005095051024134764,0.005630771968113981,-0.0077612235035836065,0.015203071461959143,-0.006157345918356068,0.012933436001670514,-0.0016743400607288508,0.009166393953726697,500
2,shock_x_ind4,0.004286159092842606,0.003630460421081509,0.0036392330415099656,-0.0022874689650652508,0.01175960089690218,-0.0013156950664292755,0.010263453915385365,0.00045933126535956505,0.007856706279862605,500
2,shock_x_ind5,0.0009264893850963021,0.0035180921921531584,0.0038125786306215524,-0.006348998642379864,0.008328959996399902,-0.004859550799841228,0.007036837512212294,-0.003028708431480995,0.00475817278865374,500
2,shock_x_ind6,-0.0021165231273975573,0.0029061780308974787,0.003162067996932765,-0.008210986716910302,0.0046248861638943685,-0.007413767412983018,0.003426108977257109,-0.0051481361688947526,0.0007554004158020018,500
2,shock_x_ind7,-0.0030776215414195056,0.004609524607436224,0.004542170583145862,-0.012430304761563073,0.005174814676701276,-0.010752802269929897,0.003934943172268512,-0.007567159244212224,0.0013284138376402827,500
2,shock_x_ind8,0.00409980183518368,0.004913819298458346,0.005278213213599979,-0.0060426159932837915,0.014870651100721671,-0.004044756378402747,0.01287393581574169,-0.001877502396729144,0.008816804371143305,500
2,shock_x_ind9,-0.0029148861678225855,0.0020187085168933004,0.00233438958479445,-0.0075703873226188444,0.0020713228337550294,-0.0066638370297273,0.0009346460281983072,-0.005253969732529829,-0.0006442104086410379,500
2,shock_x_ind10,0.0033005130474961716,0.003182719765979595,0.0035323020023075254,-0.003920831479840577,0.010080382278334233,-0.0024348406788414663,0.009200789890816621,-0.0001159965149369068,0.0067079628485539455,500
2,shock_x_ind11,0.01009495234274255,0.010719152359036458,0.011764610697282678,-0.01274942874313359,0.03118465067645437,-0.008926020063178235,0.02839455010400315,-0.002286075318457266,0.02097228466672549,500
2,shock_x_ind12,0.003712369435291499,0.0029815320490827377,0.003067782681565658,-0.0020903501231408685,0.010335340300525478,-0.0012400440016734414,0.008955597153184603,0.0010001606842858207,0.00681792470610109,500
2,shock_x_ind13,-0.0036389717649221447,0.002502597579060739,0.002662442657451711,-0.008397304202178739,0.0017576430050128908,-0.007706250024551188,0.00107228795683386,-0.00624170095738201,-0.0009824803569466578,500
2,shock_lag1,0.006665255867177746,0.0029538705890080983,0.0035551238555188427,-0.0014648396104256821,0.013258978624939674,0.00020607600915675345,0.01228699951643819,0.0030031030548756826,0.009800883329923531,500
2,shock_lag2,-0.00015096444111836418,0.0033470411566897656,0.003579944579031702,-0.007778612950837384,0.0058703124590081725,-0.006466693525493917,0.005289866869621452,-0.003902663940379709,0.0030248194601836436,500
2,shock_lag3,-0.002396886740129896,0.003799090914630105,0.003616503185755087,-0.01044619426188026,0.004092403028104232,-0.009015401599820212,0.0031851984178491648,-0.006140375119353107,0.0010320797556321241,500
2,shock_lag4,-0.0024733452697275797,0.002535212669577767,0.0026802433829411225,-0.007956370229362245,0.0024161916353659134,-0.007146965616682879,0.0018443225872214572,-0.005122154404725126,0.00011262267183542336,500
2,shock_lag5,-0.004451506253987681,0.002264496457914963,0.0024808510406114917,-0.00967418345240559,-0.0001400004901762028,-0.008856884275003397,-0.0006354398062398892,-0.006971227669503238,-0.002272977441263613,500
2,shock_lag6,-0.004599421414736101,0.002350003952160731,0.0026536272703165027,-0.009691848867437665,0.0006930038042955889,-0.008916722526148606,-8.60201973878087e-5,-0.00708617150634539,-0.0017203177323589077,500
2,shock_lag7,-0.00460642417423034,0.002538641695603745,0.002680845800023264,-0.009239124542768571,0.001038602346868814,-0.008278005172074382,0.00018837956596003854,-0.006629633372921201,-0.0016715265960916754,500
2,shock_lag8,0.001098503436907388,0.002728795853879228,0.0027768661868548808,-0.0036569746173496552,0.0069447456832320495,-0.0030223519972378495,0.006404737419591168,-0.0012895357066687709,0.004091231935269501,500
2,shock_lag9,0.0038384580271283463,0.002571349091186479,0.0026342170360247105,-0.000773434618877158,0.00906362363893644,-0.00019169077072918298,0.00833233523949806,0.0011845693974530669,0.006559036853348645,500
2,shock_lag10,0.0028501904693523893,0.0022020625063975522,0.0025214890468057576,-0.0021523056174723556,0.0074995400078443405,-0.0012092563156855048,0.006770623998483183,0.0003060735535643692,0.005458873776577521,500
2,shock_lag11,0.00235024662690249,0.0021920546229135703,0.002335361267523141,-0.002428432730534645,0.006438756952288179,-0.0018241649619384975,0.005811431597860106,-0.00014505190663692292,0.004559350134067078,500
2,shock_lag12,0.001406914834583504,0.0024524063042261133,0.0023686825951569727,-0.0036316062437270744,0.005480755665906027,-0.0030445674116177848,0.004831708581986566,-0.0010898295997010582,0.0036724948366373147,500
2,log_oil_lag1,-0.0017005358014938324,0.007778686338597013,0.00801846082468154,-0.016230904466359154,0.01640990612559892,-0.013925367593518433,0.012537360976495215,-0.008757085926216494,0.006490386628907012,500
2,ffr_lag1,-0.0003550550217563583,0.0014640916696023677,0.0014739486422499256,-0.0030852474866707004,0.0027508166069264723,-0.002821242312746074,0.0021008307067468955,-0.001834711809309272,0.0009962528604143483,500
2,cpi_lag1,9.796286441984454e-5,0.00011596102761174135,0.0001223713110918077,-0.00014742798451828216,0.00031620535786382035,-0.00012307623701281745,0.00027832017299371184,-2.8240279540348606e-5,0.0002170006671734306,500
2,indpro_lag1,-0.0003054905813838947,0.0004632809711407473,0.0004642757626254664,-0.0012644996956186843,0.0004849396884131583,-0.0011271886350554124,0.0003911918473763439,-0.0007890061781432593,0.00015436941188942248,500
2,log_rincome,-0.35792443687894854,0.18690284996197973,0.17572036259418367,-0.7154962932750205,-0.021057083604087742,-0.6690186373141335,-0.08350327891517018,-0.5247252209809078,-0.1906895699059306,500
2,log_rwage,0.3129488309542164,0.2023238970904619,0.18716540558072192,-0.05038491978078764,0.6922891413155774,0.02043426715497438,0.6252083152559773,0.13642848060546908,0.4952883550302976,500
2,age_mean,0.0021068038311984863,0.0018773467032973073,0.0018941439450633497,-0.0011740945216355105,0.006100480245244595,-0.0007857607704978544,0.0053248543878522386,0.00023218914213465444,0.004086817377864814,500
2,female_share,0.059651699544501044,0.05868136046763957,0.057293962937640136,-0.03863816928433665,0.18659814690935256,-0.02356717884681322,0.16867823800987652,0.010165660603357081,0.12012680197132597,500
2,married_share,0.08106923386730273,0.04143513382528355,0.04277453557361336,-0.008028640953460101,0.16340807159290854,0.009603356016091217,0.15004836324895868,0.03938794678194658,0.12083780673963189,500
2,hours_mean,0.008211634004270264,0.004633652110738018,0.004283663042896837,-0.00031854567911034965,0.017320502907211707,0.0012793689400721199,0.015543182031454088,0.004244295806632371,0.012510271967702524,500
3,intercept,8.043022908949487e-9,0.002808745300388066,0.002671500100876307,-0.004877925762990605,0.005257178329151983,-0.00401196714398578,0.004275701428064466,-0.0026360804636323715,0.0029227075619990615,500
3,shock_x_ind1,0.03000795156058573,0.013127989122064575,0.01369819213321021,0.001469024208821459,0.05503960425219438,0.006564965333199241,0.05179058701411399,0.015247840048334975,0.0423331254030858,500
3,shock_x_ind2,0.020672229899888945,0.00994606735180686,0.009831318678578097,0.000789660307943257,0.0389816964500585,0.0038171723378015495,0.03698922086502656,0.011312624373347957,0.030974604637096365,500
3,shock_x_ind3,0.0029499656182249085,0.005756599511526671,0.006069210983432994,-0.009783220984613431,0.014211456160796247,-0.0072010167473969015,0.012052757467160023,-0.003160832416086359,0.008626703465859205,500
3,shock_x_ind4,0.003183697511670078,0.003801415978752589,0.004008170042693074,-0.006022683780118584,0.010093597931988371,-0.003892102452617853,0.00895245110497029,-0.0012172388815247343,0.006692653531669961,500
3,shock_x_ind5,7.940973238568473e-5,0.0036162623818784432,0.004176745679528452,-0.007781294571658057,0.00822199985310527,-0.006327864386012319,0.006768569775046172,-0.0042582836333237084,0.004299261991522074,500
3,shock_x_ind6,-0.004540359009584989,0.002960432725471533,0.0034841931210162513,-0.011324605334625244,0.002101124450044805,-0.010397275630955279,0.0011878195489802095,-0.008054397520849662,-0.0010112918118099761,500
3,shock_x_ind7,-0.0032324109967904113,0.0047055712739112535,0.004893003604245178,-0.013266560866679822,0.005271775832128161,-0.012150460562838443,0.004150751289817488,-0.008896352531832574,0.0014100864405482945,500
3,shock_x_ind8,0.0006674664777962328,0.003696318931681714,0.004578345750619602,-0.008461828429412687,0.009410854925115422,-0.007209037142810866,0.007977333601937406,-0.004022047250573711,0.004807597638095788,500
3,shock_x_ind9,-0.002036575914596995,0.0024692659285546832,0.0026216455433464847,-0.0070742453112576315,0.0031899188056540902,-0.006193112931199835,0.002397594630868785,-0.004711403305395708,0.0007263626657018675,500
3,shock_x_ind10,-0.0006463711842779927,0.0034462922636921516,0.004088823237845619,-0.007937341934874442,0.007134284350336339,-0.0068391576999585904,0.006468066764870764,-0.00464224479637445,0.003653425955576114,500
3,shock_x_ind11,0.007804110520366761,0.009235688328590196,0.010200220072756878,-0.015245430744125824,0.02727893699944174,-0.010204601897193768,0.024456905150122065,-0.001936684815437157,0.0173816468851663,500
3,shock_x_ind12,-0.0005957483056460067,0.0030526195900792787,0.003421221738286044,-0.007438322288116816,0.0067557270092294675,-0.006083144227424063,0.005245397279993769,-0.003629994601341905,0.0029534713941204954,500
3,shock_x_ind13,-0.003891620041525913,0.0027618559176223593,0.002960992728493333,-0.00922028350426616,0.0022168277156579532,-0.008244959009690658,0.001379153334804049,-0.0066559362192192585,-0.0006269644715373688,500
3,shock_lag1,0.005127896933391244,0.0036362574094475257,0.004073265150480371,-0.003301888967860136,0.013107395470764269,-0.0021139209054662944,0.011266791223714183,0.00065061148830802,0.008314880768417913,500
3,shock_lag2,-0.0006232855226457035,0.003940994917548031,0.004088933464230949,-0.009106946092824924,0.006179289837802931,-0.007631114221157557,0.005213560653656881,-0.005004812893173846,0.0032505117405052914,500
3,shock_lag3,-0.002429838777114019,0.0036580884799760887,0.0036771229162832907,-0.010081043688649524,0.004059767683498903,-0.009112009459118492,0.0035182486711800567,-0.006253370401247359,0.0010729362985039295,500
3,shock_lag4,-0.005228685477020987,0.0030104443013743635,0.003159434209395308,-0.011396294359298318,0.0002827079270796592,-0.010765746923694744,-0.000436502276882953,-0.00836037419176356,-0.0021644499096612705,500
3,shock_lag5,-0.004561881180578913,0.0025444353234008238,0.0028133540318007887,-0.010302526424660159,0.0008270793245920252,-0.009191515839826393,-6.660526677445381e-5,-0.0070985693817886926,-0.0016784390635710383,500
3,shock_lag6,-0.0051560544807424825,0.0029505062905663573,0.00315616118394149,-0.011802732772893957,0.00112451168850565,-0.010050229512218588,0.0003572474882597649,-0.007702735768498382,-0.0017247983590952815,500
3,shock_lag7,-0.0022171396170585947,0.002989047735563665,0.0029983889119012544,-0.0076852158816968046,0.004022683745860937,-0.006695950568549375,0.0033260756522119515,-0.0046044360995620495,0.0012578072676000852,500
3,shock_lag8,0.0029124599361596386,0.0032013492092036844,0.0031625433703833987,-0.002972640226138119,0.009254162778253142,-0.002342787316371307,0.008121945622433069,-7.662554528793012e-5,0.006029878101577218,500
3,shock_lag9,0.002273954686318895,0.0027276581546548584,0.003015370531490124,-0.003465997023525725,0.008103955695830129,-0.002624075045343359,0.007160531644077621,-0.0005895892351047521,0.005385033339702646,500
3,shock_lag10,0.004937909197919826,0.0025387948897868623,0.0027347563582516337,-0.0001598228745511553,0.010183371705710056,0.0005301800656605822,0.009382684970097008,0.0022369341929012816,0.00767976922569166,500
3,shock_lag11,0.003257322440052709,0.0026712095419421256,0.002946504769101842,-0.002995788502188455,0.008533180371086989,-0.002058884299906556,0.00783328247707693,0.0002549854703278748,0.006164063581932049,500
3,shock_lag12,0.001471504714935192,0.0030025529581657008,0.0031662293423261154,-0.0055287483661194785,0.007279890318961443,-0.00403598393878139,0.006164213909629379,-0.001933631336838272,0.004278761385603143,500
3,log_oil_lag1,-0.0052041629047547,0.008791943782354698,0.009029356591894546,-0.021539362952787217,0.013058288221301735,-0.018965486752846084,0.010046391442284678,-0.013895845830606497,0.0046457128291356575,500
3,ffr_lag1,0.00011806795376315457,0.0018363150747823158,0.0017726542175352435,-0.003303444673062539,0.0034308975393827932,-0.0030462597590914333,0.002875070206984711,-0.0017659415492345802,0.0016562872310031214,500
3,cpi_lag1,6.246900157947788e-5,0.00014734992390846573,0.0001554723996731252,-0.00027064852536745013,0.00034198673637299455,-0.00021497893778594626,0.00030132578169111724,-9.694002045127571e-5,0.00019280590672140116,500
3,indpro_lag1,-0.0003779852984120458,0.0005423163854754312,0.000557790117279379,-0.0015012947466461304,0.0006943622963932234,-0.0012922933028622682,0.0005190377440023933,-0.0009170011940795387,0.0001463803051739627,500
3,log_rincome,-0.541574388562256,0.2028099594559251,0.1829625608293679,-0.8721649718794917,-0.17000067802197275,-0.815449204739372,-0.22659751246923682,-0.7233300691895739,-0.3585700439667422,500
3,log_rwage,0.5017117969066425,0.2178835317910886,0.19773446775597817,0.08764755441342639,0.8529377687457047,0.1491803466872866,0.8015253833996476,0.29401774215626647,0.6959809318325193,500
3,age_mean,0.006029557897485851,0.0022754360942759413,0.002230160836424868,0.0017193766932983951,0.010554780133887732,0.0024577686861380864,0.009743858137537068,0.003928017425570663,0.008391387832128448,500
3,female_share,0.08256952419860397,0.06357649438429298,0.06319167456850115,-0.05373519366928141,0.20329762655208505,-0.022683344152665583,0.17994130411299156,0.019999978321709213,0.14088404926273101,500
3,married_share,0.10706158643675859,0.05307145624622924,0.05470080838770341,0.0025100856306660532,0.2070045028462546,0.0119846283808553,0.18772055105324426,0.042633677799347014,0.1531536447275182,500
3,hours_mean,0.009359334368638556,0.005024952320498772,0.004697945195159818,-0.00023636716590705404,0.018104976708223038,0.0014757608164913452,0.016904591931510053,0.0049444187052854445,0.013846903237004871,500
4,intercept,1.0944049867972241e-8,0.003119355628845871,0.0028586349546625292,-0.005591408915595848,0.005207476979828174,-0.004711592037256649,0.004678279525380047,-0.002767780091714644,0.003111343204323851,500
4,shock_x_ind1,0.02794606233562929,0.015013879598908165,0.014746305081478483,-0.0030385700739100213,0.05508884200225729,0.001081351538496913,0.05029579185660463,0.013102958664566892,0.04176391793340415,500
4,shock_x_ind2,0.01754557582679437,0.010922175166281961,0.01114255823051803,-0.004759717488907699,0.03786008142783552,-0.0003862693196929947,0.035446450737065,0.006691194172321931,0.029513153718522096,500
4,shock_x_ind3,0.0037989089812787325,0.006947272171623867,0.007297471405745067,-0.011122917269768915,0.017825359023850903,-0.008030705799899288,0.01643969465221764,-0.0036340084653739804,0.01094028829147493,500
4,shock_x_ind4,0.003861134989750766,0.003526874603043526,0.0036900270779574485,-0.0035574845774175895,0.010644067311067203,-0.002628658160512359,0.009822278713273905,0.00015069409915567978,0.007611326469124631,500
4,shock_x_ind5,-0.0037524614900063713,0.004207336809760787,0.004813594119862474,-0.012623595339129594,0.005244554399653956,-0.011768692751228254,0.003977983424033349,-0.008674583531575443,0.001258123748091181,500
4,shock_x_ind6,-0.00620258376906605,0.0034877261955184704,0.003639876668714764,-0.013568495721016906,0.0009899238857758348,-0.012084628814088621,0.00019771070705392645,-0.009649404509513758,-0.002638949733538803,500
4,shock_x_ind7,-0.005959702057582879,0.004835630618776749,0.005149162468559464,-0.016632673123002865,0.0035718474285247955,-0.014812851188355092,0.002255833961410434,-0.011189944775156615,-0.0011669761932874135,500
4,shock_x_ind8,-0.003804299098681879,0.004020458250387478,0.004161783574326134,-0.012120918209306194,0.003808543987461227,-0.01051293229621634,0.0028273242329380412,-0.007666748130533918,0.00036198595308690166,500
4,shock_x_ind9,-0.0010871368662569414,0.0026687774205842265,0.0028063167406183207,-0.006539804132349114,0.0041887163242557614,-0.005678235164161899,0.003305734865672474,-0.0037715106114487615,0.0017206548128160162,500
4,shock_x_ind10,-0.0037839307255362062,0.0036812417229751203,0.004448096742413999,-0.012417267798433775,0.004870355633099069,-0.011099945073875826,0.003748210908591021,-0.008489506062126447,0.0004584298767029813,500
4,shock_x_ind11,0.0016249739149137485,0.009871877650679836,0.009762739772553493,-0.01841289869963917,0.01910147677425013,-0.014294509472786824,0.01748615802636499,-0.007458957960000101,0.011662305617817437,500
4,shock_x_ind12,-0.001915080751370432,0.003463885420248953,0.003675739046581899,-0.008990169352339091,0.00515425036598567,-0.007624149189367234,0.004249122344609944,-0.005248025787368245,0.0017819525204777428,500
4,shock_x_ind13,-0.0038174407398398947,0.003015274573166027,0.0029647054728214983,-0.009340518024198507,0.002277038008809379,-0.00843317033098881,0.0012475726188415112,-0.006639735086327935,-0.0008610308201741285,500
4,shock_lag1,0.004354433758575233,0.003974927302412968,0.00450781194377536,-0.00474863426841394,0.012262911428568887,-0.003342367471656454,0.011144796521723628,-0.00013142489842265213,0.008606029582464153,500
4,shock_lag2,-0.0007385435935468624,0.003775834356957028,0.004026650235883976,-0.009732700873990727,0.006511206752816736,-0.007526095251873219,0.005143192268739461,-0.0050270314104989,0.002940609878101753,500
4,shock_lag3,-0.00566135883593138,0.0037856319354323408,0.0037774347399646218,-0.013278349420574025,0.002104246929265348,-0.011953023335320587,0.0002335212319765759,-0.009556008486383572,-0.0019079845264348442,500
4,shock_lag4,-0.005543636882507109,0.0030309162608409186,0.0033103374005661024,-0.012136783548854106,0.0005283055439910405,-0.011066529124385577,-0.0007753755289533753,-0.008898067941025484,-0.002361371564102644,500
4,shock_lag5,-0.005311213831146992,0.003009713046955861,0.0031628502775894415,-0.011783359284360258,0.0007196114939715004,-0.010454379952860832,-0.00020541678169071708,-0.008533587169660241,-0.0025244008880553927,500
4,shock_lag6,-0.0026839490697282997,0.0033522101302999336,0.003510524690119756,-0.009125520963851733,0.004757581985087321,-0.008121295839702997,0.0031023389309234304,-0.006487418242938606,0.0005825716793047663,500
4,shock_lag7,-0.00036658974326908176,0.003375223459468961,0.003572806314554665,-0.007809432536647279,0.006553417643154632,-0.006386852718676649,0.0050968604697394565,-0.003979224422376749,0.0030100756861292407,500
4,shock_lag8,0.0010945743780439408,0.0031758500009161457,0.0032277309438618505,-0.0050390799088319334,0.007162907977229167,-0.004032692233365467,0.006456694057556139,-0.002429630249089358,0.004311760502608828,500
4,shock_lag9,0.004004601584705309,0.0029182262143008946,0.0029105745563180073,-0.0014838229783004904,0.00948969004427918,-0.0008252181437406081,0.008748956122834004,0.001141498111249596,0.006929789615366129,500
4,shock_lag10,0.005711306984902588,0.002908061222952114,0.003133186605820295,-0.0007232108755856389,0.011543174997494328,0.0001884775080513195,0.010549663356830767,0.0025129213659962927,0.00867215646375906,500
4,shock_lag11,0.0029809190146039295,0.003122355770424083,0.003218820792244156,-0.003788340483883765,0.009099716683892117,-0.002927558107334648,0.008012676202620396,-0.00018804412097544123,0.005571792027358732,500
4,shock_lag12,0.0003117422030437667,0.0032049988233201383,0.003322378827565883,-0.006788151896849188,0.006539308455379738,-0.005785811957813641,0.005219308534335161,-0.0034088334748213506,0.003204641163604273,500
4,log_oil_lag1,-0.007393451510870904,0.009428625485315765,0.009234450404245724,-0.02534531814128112,0.011785343276020505,-0.02104677242930473,0.009296233857708096,-0.015736367258528308,0.002705446169511626,500
4,ffr_lag1,0.0003450303524455205,0.002030695017398,0.002072552895541984,-0.0036628914366552837,0.004357979652110781,-0.0029117284581981293,0.0035988516069399594,-0.0018895642621192352,0.0023005288553419757,500
4,cpi_lag1,7.804442174399587e-5,0.00017485542485712465,0.00018131691200929065,-0.0003129255905358519,0.00039864940480282445,-0.0002435916624897637,0.00035359991288491503,-9.267053569698454e-5,0.00025256053362773963,500
4,indpro_lag1,-0.0004095840986122888,0.0005731036035927285,0.0005269460359021873,-0.0014593388530699711,0.0005604643461809144,-0.0013449403470757184,0.0003629495127094503,-0.0010112846198725896,3.227419036890039e-5,500
4,log_rincome,-0.7566259415849385,0.19792812092791054,0.18595772404542726,-1.1283362786412496,-0.3909718840518581,-1.0729735053753222,-0.4509216405459677,-0.908129900935169,-0.5492693454163489,500
4,log_rwage,0.7361412322952502,0.21408452625761099,0.1982662682780254,0.33417805709947757,1.151248209131705,0.4136120718626119,1.0751870601058007,0.5220529904021739,0.9059409039142241,500
4,age_mean,0.007742871924761777,0.002463450886223337,0.002338133681247487,0.0035122949149587216,0.012793086614640476,0.004011878476883422,0.01192548011165583,0.005321732265028958,0.009998820666227214,500
4,female_share,0.1250617854922394,0.06076912385374582,0.0585967851435407,0.024292487151718105,0.24446055111353512,0.03868228028770956,0.22619499600535334,0.06802311762402763,0.19099986432019717,500
4,married_share,0.18606752739108418,0.051539837705212935,0.053732804875475645,0.08556631755823219,0.2935533189736322,0.09753964336791335,0.27645494541917576,0.13194036224857283,0.23442585154457413,500
4,hours_mean,0.012799571352203479,0.005091591719637209,0.004880829306337164,0.0032480507227570284,0.02246518393216377,0.004678625388026878,0.020595853524765905,0.007887622543888027,0.017416100855940003,500
5,intercept,1.8178738580759623e-9,0.003244533096863037,0.0031139810087294786,-0.006139763793602393,0.006072649356855847,-0.005337864054009209,0.005193275557774944,-0.002645266936308678,0.003265643079733483,500
5,shock_x_ind1,0.020572570190505377,0.015541197409100501,0.015508410289823183,-0.01241211010208109,0.05035918886760836,-0.005123673129865548,0.04487731111442791,0.006233039685256159,0.03521027255742335,500
5,shock_x_ind2,0.01963240392188347,0.011069255578843105,0.011024816574987556,-0.0038588329084855593,0.03924766179853845,0.0008627742853020757,0.03680015573457132,0.008363151516723802,0.02969169853333158,500
5,shock_x_ind3,0.003140749728765403,0.0070396346722583466,0.007773410566812871,-0.013250087498738412,0.017886426906471985,-0.011390150095108631,0.016087210596388714,-0.004681077711830224,0.010162334003368067,500
5,shock_x_ind4,0.0028220998854240897,0.003669721668573398,0.004128666379169952,-0.0053350048162363085,0.01060432314842092,-0.0038955674986179715,0.009338951646853978,-0.00085585815936008,0.007042690317280392,500
5,shock_x_ind5,-0.0012469286038077714,0.005037342424324886,0.005591464846115754,-0.01192379521559606,0.009014562439346889,-0.010079236277181292,0.008157220968312028,-0.006770272952877727,0.004610147287874877,500
5,shock_x_ind6,-0.0075640425339686245,0.00360930106287418,0.0040614110404268025,-0.016560359005535378,0.00047038192450062235,-0.014005403891394166,-0.0007916145604533835,-0.011064754412843485,-0.003548422371981813,500
5,shock_x_ind7,-0.006509980004854111,0.00482987623837325,0.005192428344634927,-0.017239585845206594,0.0028534486762813423,-0.01615889396901337,0.0012725845976259843,-0.011881896717496938,-0.0018232176174640903,500
5,shock_x_ind8,-0.0032617963904407513,0.004161057876621715,0.0046394641112626625,-0.013499377598764831,0.00529987122342691,-0.01109718663488862,0.003448671830015028,-0.008111494684622704,0.00103422953699133,500
5,shock_x_ind9,-0.0019086099300468988,0.003211329707943599,0.003332295653782896,-0.008376608082247085,0.004731939808006351,-0.007395874350201213,0.0034287655286362835,-0.005147887526474238,0.0014977443178156317,500
5,shock_x_ind10,-0.0029068349811605366,0.003910416086266763,0.004331691336343275,-0.011133210686488194,0.005748573083258194,-0.009565845031538426,0.0043614270589968345,-0.0070967854481445046,0.0016763445315442491,500
5,shock_x_ind11,-0.004106132048121428,0.010324360310985863,0.010809359552693265,-0.02683227537974356,0.014464280179497798,-0.023883327387428994,0.012355059058045298,-0.015146675080427188,0.006489163296363471,500
5,shock_x_ind12,-0.001171583145949164,0.003633100658765494,0.0036740003765230417,-0.008063989528395219,0.006393127910065461,-0.006924763472274484,0.004803295487057025,-0.004392795518896811,0.00263828747027973,500
5,shock_x_ind13,-0.005959992019449501,0.0029499288937660743,0.003168235424853499,-0.011522755595816826,0.0010056235661044604,-0.010686125294206662,-0.0003670632633511056,-0.008720762069331029,-0.002659576048939885,500
5,shock_lag1,0.004349059871053346,0.003696226219086064,0.0044302970050294,-0.004521272068133698,0.012231217252427212,-0.0033236595868358317,0.010777371728539719,-0.00042797058707837903,0.008295168634055737,500
5,shock_lag2,-0.0036178569114638805,0.0038321094590418737,0.00399209607585892,-0.011611940181959277,0.003709164358296862,-0.010632686981436414,0.0026461018504545415,-0.007996480220263126,-7.011093216644044e-5,500
5,shock_lag3,-0.00582893880638092,0.0036318662229099952,0.003759850646065114,-0.013566701195257064,0.0011758420501237245,-0.012565916854667694,-7.336347898718819e-5,-0.00966455684907541,-0.0022896413426418986,500
5,shock_lag4,-0.005889106267175251,0.003235051520916157,0.003309558415373694,-0.01186640422337393,0.0010372007467844846,-0.010890824648302353,-0.0002268632022596854,-0.0090846038474427,-0.0021999455154249545,500
5,shock_lag5,-0.002319359972895852,0.0032876940809336837,0.003478920234755709,-0.00885130505375823,0.00437919889970869,-0.007902541926354766,0.0034481288942065,-0.00574755449872242,0.0013668870829103557,500
5,shock_lag6,-0.0002996394037956723,0.0036693885047801907,0.003850939712848477,-0.0077729072795633585,0.007345360481182585,-0.006352483020575249,0.006093957824290847,-0.00417868741375028,0.0034250751073186293,500
5,shock_lag7,-0.0017211320186227977,0.0032193523492846064,0.0034998940531952515,-0.008798215613262201,0.004391372541056596,-0.007854469684184932,0.0036241781078834986,-0.005341387767921517,0.001842060839984324,500
5,shock_lag8,0.003024212613170847,0.0032001990586616475,0.003533175431413464,-0.0037957878038444434,0.009623909765220356,-0.003001834909015848,0.008514877996095132,-0.0007091335866360399,0.00647162844225278,500
5,shock_lag9,0.0048654369822518865,0.0030583001677023935,0.003313301496442671,-0.0017154762014061694,0.01144913324427705,-0.0006340906352371916,0.010043349209775836,0.0015162516904085913,0.008105338965517876,500
5,shock_lag10,0.0057646034438579895,0.003187077269468365,0.003347872359997154,-0.0012739514234554484,0.011623344649241248,-5.9395449768713094e-5,0.01104459188511449,0.0023306914855337132,0.009079124363461661,500
5,shock_lag11,0.0017665329497999155,0.0033291951742344767,0.0035326494949074645,-0.005543564465317315,0.008086509073967858,-0.0037913913331101287,0.007357255853946371,-0.001971272705399414,0.005292508381665661,500
5,shock_lag12,0.0017086645472189023,0.00369814208312833,0.003960668596261507,-0.005943354647712602,0.00972528899113974,-0.004607598934953448,0.00831541182137104,-0.0023900606332716836,0.005287705224109098,500
5,log_oil_lag1,-0.010416632733334827,0.009313642406360522,0.008921872129521533,-0.02643765172078133,0.009670212344077325,-0.024405206793288888,0.005600254804067767,-0.018663516948860797,-0.001430798117026876,500
5,ffr_lag1,0.0008434354648609075,0.0021555870920031777,0.0019474323621459456,-0.0033608497258133933,0.004830016334374767,-0.002709259271738917,0.0038230216087868055,-0.0013021032495445038,0.0024273805409250264,500
5,cpi_lag1,5.5199618163607004e-5,0.00018892075895072017,0.00018131740338179678,-0.0002957035126449608,0.0003552845708351427,-0.0002672470658871048,0.00031625263171511305,-0.00014391719279919227,0.00023089696365287057,500
5,indpro_lag1,-0.00043757634891160535,0.0005788487850827613,0.0005869488000454312,-0.0016096698902710372,0.000617563366704816,-0.0014489680212131776,0.00044425771568060423,-0.0010816106073230241,0.00012742331330030618,500
5,log_rincome,-0.9387953950142016,0.22450888148854148,0.2178867645461902,-1.3136908162487912,-0.42989382905110685,-1.2730745143506284,-0.5251911877194245,-1.1085730595919177,-0.6789171723167866,500
5,log_rwage,0.9271167107494278,0.24352644900393988,0.23610798806212707,0.402090400011535,1.342061077004137,0.48879842105575055,1.280654933119081,0.6461903990071476,1.1005683105143484,500
5,age_mean,0.010673272485194094,0.002612071143421387,0.002614387755019561,0.005637311685428429,0.015810766324286702,0.006558828882070655,0.01490758445713407,0.008114511847932465,0.01309840545977433,500
5,female_share,0.09871340725702885,0.06400912028823438,0.06360936202292712,-0.03061287250982263,0.22905119300931454,0.006821462159476874,0.211486144783359,0.045408082369790964,0.17066808142283726,500
5,married_share,0.21481633029548475,0.050804549490170506,0.05188086068968725,0.113305069568095,0.3089819591621461,0.12231422839446665,0.28804254970653226,0.15401470248404467,0.25942144933321937,500
5,hours_mean,0.015089567170446176,0.005822764558220728,0.005458476104161579,0.0024916773794271627,0.025294697116691613,0.005115950632162691,0.02307933664370209,0.008889390652944864,0.01947702927342146,500
6,intercept,-3.243505821030803e-9,0.0032586119597756303,0.003116316249159491,-0.006198246326348147,0.005994356671610662,-0.005281312729497828,0.0050438361727601685,-0.0030241233463821674,0.0032919475389897707,500
6,shock_x_ind1,0.011017376210139708,0.013911942056428222,0.014801728430978246,-0.015213494755139681,0.04067804682542521,-0.012415142606201,0.035814546636160335,-0.004066730563143593,0.02637684984938094,500
6,shock_x_ind2,0.022811680781871034,0.012711269732993425,0.01278755688581979,-0.0021249300793531167,0.048989650427012366,0.0013426442708091343,0.04530838144988931,0.01037719521526645,0.035731009120677205,500
6,shock_x_ind3,0.0025089314353756408,0.006599372528254338,0.006803915650962761,-0.011162164824385652,0.014942095148398539,-0.008827102360250218,0.013414832880083959,-0.004203046237141909,0.009526374799504115,500
6,shock_x_ind4,0.0027289660918151442,0.0041787431833339,0.004423994403756883,-0.006321203373413889,0.011069470490027267,-0.00498039958788248,0.009282620114498178,-0.0021122269281446237,0.006803329950403201,500
6,shock_x_ind5,-0.0018036365521200855,0.005388661972685754,0.005596003692147199,-0.012156438722715164,0.008971939257298417,-0.01010480478428319,0.00756384684621519,-0.007724045834052607,0.0044481048771264535,500
6,shock_x_ind6,-0.007608180113194193,0.003663811292145546,0.003953701715196178,-0.015259844056092431,-0.0003178546746698236,-0.014471499194877302,-0.0014687942351555776,-0.011711156939383412,-0.0036689874152758158,500
6,shock_x_ind7,-0.004225117549516504,0.0050408846920382685,0.0051372047968617955,-0.013287057999573254,0.005747041874646743,-0.012264294104842904,0.0041254090822327805,-0.009188974443189859,0.0010672827725685247,500
6,shock_x_ind8,-0.0033687156285921965,0.0034733737460440704,0.004095301829077156,-0.011328774893944273,0.00453603761298529,-0.010349821134383043,0.0032314366542179306,-0.007302992954034077,0.0007582480128452648,500
6,shock_x_ind9,-0.0018307163904697282,0.0036957194748660706,0.003710490421822268,-0.009038557229508951,0.005782248291680109,-0.007833154044236472,0.004209341262367625,-0.005777057053111502,0.001682035345547623,500
6,shock_x_ind10,-0.003195028898772751,0.0044642339192473655,0.004984031772542774,-0.012304780919921016,0.007396795658074505,-0.010883820732390373,0.0053772571339410795,-0.008130644924999996,0.0017537464442721543,500
6,shock_x_ind11,-0.006641521534047536,0.008973973136982083,0.01003092848020457,-0.027310414730195666,0.011474974345355146,-0.0227723080032005,0.009082611710102396,-0.01658721588055216,0.003915028919349183,500
6,shock_x_ind12,-0.00026623023351478276,0.0037310205286462325,0.0037741887798565174,-0.007817338494545363,0.007134998732879538,-0.006141140317250494,0.005772576537083187,-0.003846800538989221,0.0035199715452187514,500
6,shock_x_ind13,-0.0035034631481257778,0.003046725914360152,0.0031914082564908895,-0.010029521373326267,0.0030152388227827173,-0.008702125397781126,0.0019206737526723096,-0.00667610203358064,-0.00042543633035644214,500
6,shock_lag1,0.0012120432193278624,0.003690455948911444,0.004118209846590052,-0.0070626051040936,0.008610169885479718,-0.0057161283137382645,0.007583148364014812,-0.0030625803338833165,0.005039187549508834,500
6,shock_lag2,-0.003910992185637416,0.003600447136009502,0.0037383697369229403,-0.011754909791701709,0.0026220882519318867,-0.010915542781837506,0.0017142889734362572,-0.007884887202550485,-0.0005047474792724098,500
6,shock_lag3,-0.006407188946830152,0.0036558769527841894,0.0035345822553335374,-0.013326553258115815,0.00014436499002400382,-0.01188367165194239,-0.0007735755570289854,-0.01006887473295488,-0.0027630633663718565,500
6,shock_lag4,-0.003218711628614403,0.0033519001495581507,0.0033294825278742915,-0.009909213068215388,0.0033923447588357046,-0.008563526431462413,0.002196036538295154,-0.0060468793845164645,0.00017319166575747443,500
6,shock_lag5,-0.00023542959064735077,0.0034931651456698337,0.003545369181214025,-0.006886966735274145,0.00676433050378187,-0.005621221538582965,0.005862001118674481,-0.00387004685017849,0.0033028926233267916,500
6,shock_lag6,-0.0014411577679594302,0.003363661598953813,0.0034232810040179733,-0.008215084946855529,0.005030964721441218,-0.007141873502797577,0.003964290224191334,-0.0046117455415956715,0.0021560792198970034,500
6,shock_lag7,0.00011285270087078741,0.003131920822348915,0.003244185643589812,-0.006474986049143797,0.006457206743057237,-0.005020437958178134,0.005443827549280984,-0.0031464245649666525,0.0032874688787048936,500
6,shock_lag8,0.0038198378844661596,0.0031013803132849253,0.003163614966116914,-0.0031353342786802603,0.009727050472591852,-0.001961823920512852,0.008148851401527355,0.0006494415808254895,0.006665019809809766,500
6,shock_lag9,0.004473448691173506,0.003186275064182213,0.003460276737548438,-0.002347602917869022,0.010546518812282787,-0.0016046227651769307,0.009575926764979106,0.0006621696131642034,0.007852979650815153,500
6,shock_lag10,0.004517903527590973,0.0032380635468589676,0.0034769486629412597,-0.003709213494977066,0.010195639084412357,-0.0019539868880523816,0.00965301653204411,0.0008310302949371773,0.007702769284677374,500
6,shock_lag11,0.0027937046320240257,0.0037352699612029465,0.0041335888199925865,-0.005356885355723694,0.0109072131657257,-0.003717100266422217,0.009601859976355376,-0.0010034043664742928,0.006958519776351338,500
6,shock_lag12,-0.0004339656426054098,0.003179778210495549,0.003435849354584838,-0.007406341974931909,0.006537155733427681,-0.005614151883430923,0.005390119181031506,-0.003741175339247107,0.0031335115390835797,500
6,log_oil_lag1,-0.011686816102520736,0.008931276506582054,0.008544790815943042,-0.026792002175185143,0.00810978698427024,-0.02388431702847811,0.0035105422201070005,-0.018412308070837574,-0.0013759432614491474,500
6,ffr_lag1,0.0007548699666506243,0.00220116714308108,0.002139793173675422,-0.003880863866232076,0.004850335340935448,-0.00302848605287413,0.003987501550502207,-0.0014816863570520859,0.002434799896886201,500
6,cpi_lag1,4.197619529665817e-5,0.0001979779171426011,0.00019115778305279013,-0.0003767524402419307,0.0003511729592089056,-0.0003120333392801848,0.00030866500557250303,-0.00018645745353501917,0.00020022511880609756,500
6,indpro_lag1,-0.0005017144174777992,0.0005585573536825503,0.0005336634584850455,-0.001599298112288581,0.0004907754846040502,-0.0014292630466264022,0.00036067458922658816,-0.0010949830251457781,-2.1592053866622618e-5,500
6,log_rincome,-1.0200852446303554,0.23310213424244122,0.22763735184264353,-1.4082777848971824,-0.5284256001414456,-1.3489169719698029,-0.579668164319424,-1.207711039155035,-0.7422409754715885,500
6,log_rwage,1.0211486250406734,0.2504821533228997,0.2419263196443903,0.5286303935878508,1.4386209087212645,0.5794545222189809,1.3603449615802772,0.7289976333438996,1.2217074493389561,500
6,age_mean,0.011839449718689441,0.0026684043115213587,0.002454110146493505,0.006956957746574547,0.015950264788426892,0.0076011154605610635,0.015488651403329539,0.009215500472197498,0.014232702226499588,500
6,female_share,0.09141528891604668,0.062440264993784494,0.06318414454629498,-0.022681242536194548,0.20632997088468022,-0.0106618017297795,0.1977815965494516,0.030128637473312382,0.15884357893547468,500
6,married_share,0.24518748637603685,0.05342628731231335,0.05063635697628411,0.13845494590327526,0.33636914626480335,0.15443688845657538,0.31689892922532886,0.19139861343620385,0.28994412404663594,500
6,hours_mean,0.01737296138246456,0.006047912963816558,0.005800227069406528,0.004888325349003891,0.027708430047693522,0.006295644259953175,0.02544006047253567,0.010662750408952352,0.02213472228633331,500
7,intercept,-8.959077189061189e-9,0.0032060604496606812,0.002872054164690891,-0.00584575349251119,0.005231945193755359,-0.005074941560764736,0.004578574347366496,-0.0028272283336208495,0.00296223591391931,500
7,shock_x_ind1,0.0012963667923997196,0.012317670201521485,0.012663573744229745,-0.024759303305332037,0.027244714299805312,-0.02003631731451929,0.022431789621260242,-0.01031555885702766,0.013116162813767887,500
7,shock_x_ind2,0.025062215121712333,0.012601909451432655,0.013763731307674543,-0.0011470290459241737,0.05139268696364148,0.0024137670017112304,0.04645467416630976,0.010760506529645766,0.03731913801063048,500
7,shock_x_ind3,-0.002396713283862914,0.007005829810277102,0.007413442324079627,-0.016446862381310406,0.012136592425764963,-0.014899901032490082,0.010301941086445344,-0.009433254322819752,0.005402173139090047,500
7,shock_x_ind4,-0.002316852696794856,0.004668219692952686,0.004565055040696671,-0.010840728826194815,0.0075726396373594716,-0.009839752595355243,0.005296609663833716,-0.006668314072316733,0.0021567728057254143,500
7,shock_x_ind5,-0.004443054800421168,0.005702245181425415,0.006102156105334978,-0.015739027986956908,0.007549436281719697,-0.01404380294948215,0.006786166220877952,-0.010054148940996637,0.002227933419022155,500
7,shock_x_ind6,-0.008933210329254987,0.00399588646939002,0.0037902565196516096,-0.015926332558961594,-0.0019484591145056984,-0.015206091502592299,-0.0027990101859942285,-0.012468184381397154,-0.004973802267143142,500
7,shock_x_ind7,-0.010689534847382219,0.00495464584577614,0.005229978149598972,-0.021198937352894867,-0.0006735533708786135,-0.01970592546956365,-0.002159574414868718,-0.015852275881376394,-0.005758837584261184,500
7,shock_x_ind8,-0.0047239065794265536,0.0035913871028644176,0.0038487908647367765,-0.012251946822297716,0.0025619780989783883,-0.011297410954000933,0.0014995533137336548,-0.008708654147299877,-0.001221139498826612,500
7,shock_x_ind9,-0.004378008440232769,0.003400328006465547,0.0035520163798600673,-0.011485300234617855,0.0023808189676324696,-0.009763868929771834,0.0017391556575339813,-0.007709775382776398,-0.0005162711039027848,500
7,shock_x_ind10,-0.004218640838227137,0.004825590809654913,0.005044362640692403,-0.014469031643361926,0.005569130816326217,-0.012367471811510974,0.004142221000603283,-0.009294854902333666,0.00120585057245642,500
7,shock_x_ind11,-0.018331203661759474,0.009131924969755375,0.009608601447438515,-0.03897487158279346,-0.0011265702922246751,-0.033943047720766055,-0.0034394548792679035,-0.028123826484505773,-0.008647916956437537,500
7,shock_x_ind12,0.0032030219892780223,0.003520128020140203,0.0037165657951264445,-0.004535015567238933,0.010132983215291677,-0.0032036665761735073,0.009402397989622637,-0.0003047495673774848,0.007087093035174777,500
7,shock_x_ind13,-0.004310602176687296,0.0028243415767358598,0.0029618033466345733,-0.009657546606144094,0.0014822596860286253,-0.008602400163592386,0.0005192529063457811,-0.007274286145874297,-0.0012027939416656987,500
7,shock_lag1,0.0006196034955683367,0.003397940059407568,0.003672295592007504,-0.006643040196395611,0.006914731405648512,-0.0058581404894510365,0.005853720204048705,-0.0035267529512376635,0.003953519985727149,500
7,shock_lag2,-0.0047424770946835745,0.003559230003448571,0.003740816554278545,-0.012599124084899556,0.0022955025252053467,-0.011357960419826943,0.0009985254883096368,-0.008642200328049379,-0.0012132008537311576,500
7,shock_lag3,-0.004004934089304562,0.0036543863127019858,0.003751620402606088,-0.011445682002147087,0.0033460656433049888,-0.01019121842154808,0.0020985441012237927,-0.007561387045240716,-0.0002586014471497894,500
7,shock_lag4,-0.001404007846210544,0.0034697538589230207,0.003753186516440651,-0.008479952947762014,0.006453551194720462,-0.007549521603275707,0.004712658216463807,-0.005337640978981122,0.002016085538971411,500
7,shock_lag5,-0.0016234822774447587,0.003157045106916374,0.003391278466962706,-0.00816572172424162,0.004960358348671767,-0.007283965450365302,0.0037661061549500428,-0.005134479611796518,0.0015986001383837044,500
7,shock_lag6,0.0005927620577344107,0.0032579844665459093,0.003322492339213654,-0.005986412882710423,0.007132146739504957,-0.00501782497857587,0.006102570200863874,-0.002882605963588676,0.003657693558606868,500
7,shock_lag7,0.0008955408349239172,0.0030060501018880667,0.0031194462397131054,-0.005050230503163406,0.006527677734791618,-0.004330454714131493,0.0055599736562091705,-0.0023644471425922067,0.003659010552119147,500
7,shock_lag8,0.0034679186140495278,0.0030781775936013,0.003063749420771717,-0.002927573257353432,0.00916775309441014,-0.0021006713038624466,0.00828825335297835,5.903391199838351e-5,0.005955086539707659,500
7,shock_lag9,0.0029879609684211115,0.0031378748972420373,0.003088034517109074,-0.0032760107301199265,0.008547026343912509,-0.0021028663731241107,0.008013339994724075,-0.000138307984214543,0.005967940470510497,500
7,shock_lag10,0.005522915274148702,0.0035446207118864496,0.003620193621313091,-0.0014853029706052485,0.012848419154723678,-0.00047863569663805653,0.011659166630059788,0.0020604019563923745,0.009107545937239206,500
7,shock_lag11,0.000430503425108212,0.003185286695383806,0.003307869416309406,-0.0058401695899233845,0.00783996039132715,-0.004661251781292101,0.005705777268465903,-0.00260235562439628,0.0034849334661043807,500
7,shock_lag12,-0.003087125353132988,0.002868621360049123,0.003119058896411636,-0.00924834330982886,0.003198612065130432,-0.007930076219295852,0.002040604942887414,-0.005765506469306026,0.00046085676739974634,500
7,log_oil_lag1,-0.011199730092652035,0.008457573183971936,0.00810614636635777,-0.026857264199146302,0.004522652936543236,-0.02438882040831626,0.0024802553485726445,-0.018547026352132043,-0.002135712287304574,500
7,ffr_lag1,0.0004040605254645461,0.0022122280419142894,0.0021933308832652763,-0.0042270204197660775,0.0046373401877834175,-0.0034707765018094595,0.003711392167281687,-0.0018099943500227938,0.002305349536555457,500
7,cpi_lag1,1.5086191312491246e-5,0.00020603776022253673,0.0001913338507719013,-0.000394955712581487,0.0003543717295997641,-0.00031432949910412616,0.00029821552665555435,-0.0001860382113744806,0.00019893495706186666,500
7,indpro_lag1,-0.0006172772456726225,0.0005190131965324779,0.0005105696888300574,-0.0016536322722200832,0.00023674587534967606,-0.0014989253255412005,0.00016931756303163089,-0.001146584401534009,-0.00013986050763010712,500
7,log_rincome,-1.0008971544464211,0.2389334612972751,0.23356968856394245,-1.4494373498209665,-0.5485768475817363,-1.3723697075504002,-0.6231654914413244,-1.229925161404078,-0.7579241889388452,500
7,log_rwage,1.006844232178494,0.2575066136235642,0.25080020269374254,0.544908232617805,1.4968905916118271,0.6098559459970466,1.4152405298746449,0.7468690780581376,1.256256016260106,500
7,age_mean,0.012059532881178246,0.002670895601568053,0.002680466983287632,0.006878592541584889,0.017026294656789974,0.007529095977371165,0.016423643862448507,0.009300810794006874,0.014796114651699473,500
7,female_share,0.0805263007569246,0.0621731436439875,0.06425381764873912,-0.048100038087463715,0.20065151036270262,-0.03339376205692123,0.17901702993403432,0.017034772665756946,0.1430615698019141,500
7,married_share,0.222708385434147,0.053295219285366756,0.052190840512392964,0.11864519451169338,0.3284717535512442,0.13585357471908205,0.30888737324011833,0.1747134044923265,0.2749526186346395,500
7,hours_mean,0.017494732851937735,0.006158360982880158,0.006009824848993271,0.006070961476164066,0.03003537381474694,0.00854463407254185,0.027509132286182413,0.011615120807847976,0.023440480504297166,500
8,intercept,-1.259975057829613e-8,0.0031397053112323654,0.002737916542631512,-0.004815846556366375,0.005512523816379414,-0.004236092155818611,0.004769535818363681,-0.002326311024639627,0.003100446925362642,500
8,shock_x_ind1,-0.0005635018273363283,0.011198782417783182,0.011402458427537105,-0.021622622533859895,0.02329807116417433,-0.017731265037779,0.019069396841917847,-0.011256227022090295,0.011434176156847548,500
8,shock_x_ind2,0.027982063315140138,0.011907574551441072,0.013849503635920269,0.00012106310249751777,0.054934934405581004,0.005951574592689493,0.04967893883377236,0.01344346140430134,0.041062228345661825,500
8,shock_x_ind3,-0.0015094593125736654,0.006716843886112989,0.006820073876947634,-0.014284731527122212,0.012614401811803136,-0.01265355201368734,0.011054096015264877,-0.007411898098827708,0.005591188547905939,500
8,shock_x_ind4,-0.005636836840383964,0.0045525175066082136,0.004374679808154357,-0.013962789633269874,0.0026855509208648255,-0.012445504367991914,0.0010901173465207652,-0.00984636064892622,-0.0010785136591319933,500
8,shock_x_ind5,-0.0030897546168669843,0.005633568369982615,0.006105992563328774,-0.014829608999266353,0.007913003347037297,-0.013095672311436213,0.006795768634323706,-0.009231464764196033,0.0029732251709823515,500
8,shock_x_ind6,-0.0067397366659467045,0.0038965618746957063,0.004025636335988236,-0.014355380050196508,0.0009364714174952644,-0.013072367025233027,-0.0002350055059186315,-0.010508011351065561,-0.0022700646049617214,500
8,shock_x_ind7,-0.009631346127617216,0.004903534197267728,0.00535334900156458,-0.02083168829086713,0.0011355727830919715,-0.017973166599207738,-0.0004047130243681746,-0.014461217861747975,-0.003965586217246635,500
8,shock_x_ind8,-0.004401590593219811,0.0034257152876550163,0.003809106260066335,-0.011820000471345809,0.003004517596715408,-0.010745596590427644,0.002140043792245997,-0.008038976744187961,-0.0003328214345827597,500
8,shock_x_ind9,-0.003495848558853957,0.0029666895104710884,0.003410837811627021,-0.009964648438459088,0.0030120742244305436,-0.009025331849337159,0.002152934047635056,-0.006985019753380622,7.283366321211282e-5,500
8,shock_x_ind10,-0.004669945366750056,0.0045234658020507496,0.004897652509192644,-0.014660594930628726,0.004345228613824297,-0.012778417946668905,0.0028302045856027584,-0.009648532658501104,4.2657544925804683e-5,500
8,shock_x_ind11,-0.02797869531582537,0.00832971630870635,0.00874429524898023,-0.04383797975702418,-0.009871896363185506,-0.04289934955957485,-0.013329220071042626,-0.03569278777642826,-0.018518943448692454,500
8,shock_x_ind12,0.005355367862706512,0.0030951974226798556,0.0034965692125221424,-0.0019937324777858792,0.011961469749974023,-0.0003656635868916135,0.010842595273528289,0.00223994090862962,0.009018828269402002,500
8,shock_x_ind13,-0.0046616293274819535,0.002875085577746913,0.003017655955593622,-0.010280092604368895,0.0014292201993101716,-0.009191995476206699,0.0007985449605588149,-0.007282386276253502,-0.0012055258607883664,500
8,shock_lag1,-0.0003163836630707292,0.0033734915035371436,0.0036735964729010815,-0.008313463016989155,0.006486986074373582,-0.006367651141650742,0.005750608169550444,-0.0037767918550236385,0.0033758289498947267,500
8,shock_lag2,-0.002377340491375079,0.0036705811463580815,0.003957884560651235,-0.010637741987072357,0.004827964468616252,-0.008998110408357725,0.0038901029859200863,-0.006044980714128368,0.0016997212568224953,500
8,shock_lag3,-0.002154553053596401,0.003768862434618551,0.004117310039593599,-0.010220874344355126,0.0056749269269318805,-0.009007160630338793,0.004536739743931452,-0.006186727498020608,0.002169306191191429,500
8,shock_lag4,-0.0028607324863260254,0.003160723534212453,0.0034195139024548026,-0.00951504114885033,0.0036804752464998864,-0.008845304167008457,0.002566087551781018,-0.006232255652278397,0.0004855579775316181,500
8,shock_lag5,0.00025664650988228827,0.003011201771152487,0.0031465849977927026,-0.005708393323510582,0.006062725558470805,-0.004835099446898776,0.005348964100924305,-0.0028928621738035266,0.0033643865238663084,500
8,shock_lag6,0.0015725232074190873,0.003042809502423466,0.003274183237924016,-0.005672298443153403,0.007683614708915293,-0.0038863993643601536,0.006563723682320897,-0.0016665646788188845,0.004669748140065239,500
8,shock_lag7,0.0006537204362956217,0.0029851757066852933,0.0032960529018723405,-0.005969589213957693,0.00674508202569751,-0.004957269515437281,0.005680884895863685,-0.0026012242766746425,0.003783963605229591,500
8,shock_lag8,0.0022326819015623714,0.002978731989849076,0.0030580242204226197,-0.003856444462624205,0.008074480666718509,-0.002778218298810254,0.007269435378610059,-0.0005604393246550504,0.0053119876677120165,500
8,shock_lag9,0.004045503452223444,0.003580216574374473,0.003779738102788806,-0.00347781480007132,0.011611676953688498,-0.002393439806426697,0.010419635963368598,0.000626787734298899,0.008093879996336446,500
8,shock_lag10,0.0031888151747239807,0.0030371261452418158,0.0031891073181017082,-0.002979465210987909,0.008978478473230175,-0.0021088716931659617,0.008600440856656849,4.742099084056124e-5,0.00624769119384388,500
8,shock_lag11,-0.002246671396088838,0.002892491030350421,0.003202518132832348,-0.008678764284108641,0.003987697575765005,-0.007368482934838975,0.0031373727192834746,-0.005376678655946132,0.0009368303384166123,500
8,shock_lag12,-0.0035526147727323494,0.0025562580053865454,0.0028257187412945826,-0.00875136141889248,0.002124834121642629,-0.007980839543632443,0.0012734751689528867,-0.006029629307533552,-0.000336934509190712,500
8,log_oil_lag1,-0.010168136827313875,0.007726134902183139,0.007282160084936194,-0.02246244809393705,0.004669463021715845,-0.020536438512664755,0.0028003702243917052,-0.01637952694973772,-0.0015164534816374058,500
8,ffr_lag1,-0.000325510606225299,0.0022171081824298657,0.0020460230588751635,-0.00473604046298093,0.0032167540954661806,-0.003910855007731452,0.0027087956064863945,-0.0026394353728824817,0.0016158684278596662,500
8,cpi_lag1,-5.74639784266319e-7,0.00021594109029672955,0.00019927373705299977,-0.00040860245470237286,0.00032615577383444754,-0.0003551686247111603,0.00028999338896662334,-0.0002209544138614831,0.0001885437951281692,500
8,indpro_lag1,-0.0007477611506300345,0.0004852007082996033,0.0004681506336641869,-0.0017061733676416752,6.229533620864999e-5,-0.001564695919505666,-5.4894274133355515e-5,-0.0012715376152979412,-0.0003207561733111239,500
8,log_rincome,-0.9443790067725563,0.23523354956996959,0.22137469938578747,-1.3440699956169548,-0.5043087177074527,-1.2602915720698422,-0.5531758886402237,-1.138998914660486,-0.6681787402995044,500
8,log_rwage,0.9394662024115152,0.255554037889898,0.23910387611513834,0.46186971345554706,1.3794736768492464,0.529878199698425,1.2924570431438724,0.6548983178408306,1.1560036432566478,500
8,age_mean,0.011139643564835603,0.002650565406132949,0.0025635592058163036,0.005839524104235192,0.01590232680817637,0.007079188742203069,0.015037578471993567,0.008483439283905832,0.013589263625791733,500
8,female_share,0.06613228370647223,0.06286316037101528,0.06183757552603524,-0.05821801354186579,0.17882084696653044,-0.0463438318505058,0.15787719871689623,0.005141946552293462,0.12878122992768862,500
8,married_share,0.16357130865845412,0.0495247826621793,0.052128710500388,0.05209639852984795,0.25567814233076347,0.07856879763610201,0.24147334378471372,0.11217957817792884,0.2117301524576361,500
8,hours_mean,0.017311137361693096,0.006235721667252236,0.005704838461883683,0.0063232309207675984,0.02809043248187463,0.007602144291309624,0.02641428299347336,0.011113879634905795,0.022422008439453064,500
9,intercept,2.3813535840293482e-9,0.0030863621470137116,0.0027968746436629957,-0.005896209959986716,0.005135229958392976,-0.0048675337780215485,0.004459673956019932,-0.002970629082638001,0.002656702566376591,500
9,shock_x_ind1,-0.0028652118015909294,0.009229165984073284,0.00932781177364725,-0.020092909056165467,0.016749485769448222,-0.017570585097184666,0.013311544522859606,-0.011331371432022059,0.006660955764399204,500
9,shock_x_ind2,0.019158013481796576,0.011837152551881287,0.013095624357947823,-0.005839426743184668,0.044540333191699165,-0.0024067152873598475,0.03999910316108871,0.005228619312491193,0.031534231043102295,500
9,shock_x_ind3,-0.0020925966105232586,0.006896632586589511,0.007307445550876359,-0.01634908578486059,0.011931706668698694,-0.014684969609606201,0.01035889902309676,-0.00946041710462658,0.004635508228712227,500
9,shock_x_ind4,-0.008912179867460587,0.004370548774864855,0.0041441713872487585,-0.017034720746902883,-0.0008485394691351779,-0.015636831015132514,-0.0023517090687238725,-0.013108694659304136,-0.004659835551660755,500
9,shock_x_ind5,-0.0018232760371262305,0.005805268166076728,0.006449660946966634,-0.015036427126747296,0.009884872296536257,-0.012665230017947879,0.008524023296027406,-0.008416917174078813,0.004044921515213546,500
9,shock_x_ind6,-0.006190411077091301,0.004037404958256264,0.00431346962568408,-0.014368986968875504,0.002674391329858827,-0.013101468947175243,0.0010886734224917207,-0.01057051763249501,-0.0019737751844733833,500
9,shock_x_ind7,-0.011347246510470615,0.004945047258906454,0.005207229432806515,-0.021879487735567152,-0.0018284936127043907,-0.02009340403650123,-0.0031030001596300868,-0.0161174455450745,-0.006148244921615064,500
9,shock_x_ind8,-0.0022163921400744583,0.0032286111604562175,0.003384826038403173,-0.00888623783275819,0.0043952545635886665,-0.008155849218193038,0.0032663494340570034,-0.005238080290086257,0.001198782213089276,500
9,shock_x_ind9,-0.004609844973954622,0.0030866163499332806,0.0034597153976380283,-0.011714583414176149,0.001417520916392793,-0.009938658237545476,0.0007408744179102476,-0.007853226280968092,-0.0012665748687709995,500
9,shock_x_ind10,-0.0058431656702320174,0.0042619860248197345,0.004655542967689162,-0.01575001462207528,0.002651886347277871,-0.01392404222848593,0.0009166154348222933,-0.010668901662197966,-0.0013837914607128863,500
9,shock_x_ind11,-0.022718650630890624,0.007713359752184169,0.008766543489428466,-0.04109459787690095,-0.005825192905726419,-0.03747908154361454,-0.008259151527688698,-0.032142502727246336,-0.01490979870930137,500
9,shock_x_ind12,0.004903604183341279,0.0025788688209096035,0.002792535602096183,-0.0008543278143532192,0.010448198771234606,0.00030173761008757155,0.00948335188959462,0.0024808255532244544,0.007769346522124376,500
9,shock_x_ind13,-0.0022084575039380003,0.003156413197608869,0.003364879999966254,-0.008740316471250523,0.0042659529208948724,-0.007644682704373869,0.002981070948482439,-0.005466241257030438,0.0014063695634372526,500
9,shock_lag1,0.0019750066567613828,0.003629648646586931,0.003732758859053281,-0.005661204226028309,0.008774516784271685,-0.0045256198768912825,0.007901124166908852,-0.0018419120500659343,0.005656739799650942,500
9,shock_lag2,-0.000642440653227682,0.0038120404637372934,0.0040290393778752605,-0.008283336955065999,0.007062894534437229,-0.007127440256486126,0.005998659946364756,-0.004599445823274697,0.0034198682402596377,500
9,shock_lag3,-0.003633587564105227,0.003625006308923543,0.003839408938285624,-0.011829411332528596,0.0034470132195315497,-0.010158779554826617,0.0025913695630724568,-0.007123404587230724,0.00025417202884888643,500
9,shock_lag4,-0.0012809399283174642,0.00298980540253992,0.0032455088741993833,-0.007282468194139978,0.004682389889859107,-0.006630423167095848,0.0038695814627148846,-0.004686785104113094,0.0019170059780961412,500
9,shock_lag5,0.000939359978360001,0.00284252596022084,0.002984495050660717,-0.00500375968602516,0.006689008623015126,-0.0038680776491682102,0.005536969846757832,-0.0021056706084591464,0.003712603008336335,500
9,shock_lag6,0.0010702206519894518,0.0029721623530146977,0.003057363703872526,-0.005292933120324051,0.006561693970418753,-0.004236788389001877,0.005444126821234763,-0.0019140795142292212,0.0040555056239007055,500
9,shock_lag7,-0.0005022357420066994,0.002832020345938556,0.0028638337197510974,-0.006233950774138515,0.004577550076710459,-0.005208364953353477,0.004142933511154146,-0.0032867610579444466,0.0021661583690546385,500
9,shock_lag8,0.0033961376703238403,0.003386667598752087,0.0035879863811167562,-0.003725783253086602,0.010738591556634126,-0.0020915338835945435,0.009218202462295565,-3.400162864225368e-5,0.007088989541036747,500
9,shock_lag9,0.001757574800184043,0.003084427899429493,0.0032668958011208473,-0.004203327712743456,0.008522841038433152,-0.0031429060763327053,0.007384723212300435,-0.0010332486443037296,0.00503931259704435,500
9,shock_lag10,0.0003611157963483531,0.0028048987369621685,0.002956715406472578,-0.0058926900884642,0.00612447426045443,-0.004919604721785579,0.004956271982524288,-0.0023894703091519574,0.003022859800952965,500
9,shock_lag11,-0.0027393829307303576,0.002573244394658131,0.0028489401768317752,-0.008316673570990942,0.00319974160256367,-0.007293127274673471,0.0021397634236702983,-0.005439697919822351,-8.654615762541268e-5,500
9,shock_lag12,-0.004263121838208199,0.002306699270155786,0.0025845947557581505,-0.00948399371456002,0.0005530234304996404,-0.008359657506654912,-0.00013637198849141463,-0.006537180690236826,-0.0015427969797815948,500
9,log_oil_lag1,-0.008538495333441693,0.007160517223912905,0.007256742259854513,-0.02055537600796865,0.008185573505479913,-0.01900233404433,0.003965419951501354,-0.014586971135434536,-0.0006082236589353558,500
9,ffr_lag1,-0.001480790656770182,0.0021387776233475343,0.0019616478531588586,-0.005596869575907853,0.0017569933609456897,-0.00491186472817947,0.001206188007541767,-0.003872942418872195,0.0001136024855176988,500
9,cpi_lag1,3.0597779667179115e-6,0.00023230890774174795,0.00022812840435191515,-0.0004797896896758116,0.00034778429140783305,-0.0004183154245686447,0.0002979011545149859,-0.00025654506631712053,0.00017673385142235598,500
9,indpro_lag1,-0.0009096785945967854,0.00045409842866592735,0.0004396361062632021,-0.0017681519689908862,-0.00010067346533867131,-0.0016489611173228578,-0.00018245041185177818,-0.0013450737501721475,-0.000483943317584968,500
9,log_rincome,-0.8652557316355077,0.21228230276749901,0.20860463731789428,-1.2313872014636866,-0.42335480753821125,-1.152269737808115,-0.47949777115788805,-1.035467395219622,-0.6341308769854379,500
9,log_rwage,0.8509569942567633,0.23128675170307927,0.22350260273132155,0.37417818216766197,1.2114839587140631,0.435380190433007,1.166956799922594,0.6088736399852857,1.0339091552044553,500
9,age_mean,0.009288007632305407,0.0026320415321890783,0.0026647175467905447,0.0037844035667077324,0.014265490135442361,0.0051924696698936856,0.01358841732010052,0.00680180628629118,0.012072580881887573,500
9,female_share,0.05342364304853815,0.06169591015299575,0.06298604892793781,-0.07712253255347025,0.16382522974128128,-0.05899833719486436,0.14848530039483354,-0.019241999519521654,0.10649442093623232,500
9,married_share,0.11881968643611958,0.04451631043107111,0.04605775912450972,0.03832356915708121,0.21291780427855103,0.04657583117498149,0.19838241660880343,0.07679931218596656,0.16731232436651494,500
9,hours_mean,0.020033269141233313,0.00565786501496019,0.005575709867307935,0.0074127094036731,0.02895915933887716,0.010058736160333981,0.027808011632058247,0.013548361351178529,0.024881750204898773,500
10,intercept,1.1826920960678527e-8,0.0030764565144962173,0.002685818205642322,-0.005194721208109567,0.005235629258366471,-0.004138434080883566,0.004479987271532864,-0.0026031502134423383,0.0027898200807336825,500
10,shock_x_ind1,0.00601179863930034,0.006879511334100904,0.006618854180431868,-0.004310886779845492,0.021217263912341952,-0.003065834358841801,0.01770044226717714,0.00031948272609491016,0.013624929148482904,500
10,shock_x_ind2,0.014706072275658288,0.012179152850958282,0.01391234888373795,-0.012267159550485913,0.04190205981128073,-0.008445872596953946,0.03588385042014536,0.0005225802319663098,0.027955232614081227,500
10,shock_x_ind3,-0.0031225393917015056,0.006666180421806049,0.00698479604009072,-0.01666686249142182,0.011337514573384975,-0.01489592414477631,0.008450078279066145,-0.010219498676163846,0.003575353905172566,500
10,shock_x_ind4,-0.002175075229295963,0.004563982650692323,0.004361991850487592,-0.010574251355454459,0.0063456797785916685,-0.008860976995689596,0.005255351054757903,-0.0059001801974586585,0.0028284197952941903,500
10,shock_x_ind5,-0.001886208996081021,0.006108660309989758,0.0064727250818002085,-0.014767764817544906,0.011186399010547155,-0.013022958371117,0.008617182278996055,-0.007814119088098388,0.004594048106771649,500
10,shock_x_ind6,-0.005723442663431703,0.00392758120428078,0.00428974967451788,-0.014073901082318544,0.002555447609405525,-0.013125546162913367,0.0011107073954928783,-0.010113865008260656,-0.0017086116248302364,500
10,shock_x_ind7,-0.007936955207551765,0.004888733947131208,0.005068710408294932,-0.017473384191237864,0.0013716787259037315,-0.016231303866427592,-0.0003472034759612603,-0.013395946454056654,-0.0030287736861715395,500
10,shock_x_ind8,0.00044308738883289177,0.003228634813003746,0.003677601171269241,-0.007181934635565972,0.007296915824603932,-0.0058844931964554745,0.006512856873120643,-0.003229827057672267,0.004138068791469869,500
10,shock_x_ind9,-0.0037317458734967197,0.0032647284077874034,0.003367416819458462,-0.010414252838957243,0.003235388629704108,-0.00918745794137162,0.0016446215157783768,-0.006729292043391344,-0.00024152734095134084,500
10,shock_x_ind10,-0.004485708216797346,0.004515808615227246,0.004607534624929124,-0.01371673070161394,0.00416784736279619,-0.012388686024334288,0.0030973345911364096,-0.008792188584092624,-6.838385985799816e-5,500
10,shock_x_ind11,-0.00848637762146601,0.00731834202640472,0.00829065060292134,-0.02472832336750312,0.007675443813151167,-0.022167099800732754,0.0046010019887965485,-0.016046757032942952,-9.285290630182669e-5,500
10,shock_x_ind12,0.003412993053875361,0.002256547828597175,0.002444795340735219,-0.0018123478536856367,0.008287066489061558,-0.0005127940752796583,0.007299544673835507,0.0011598470539221438,0.005911801266479472,500
10,shock_x_ind13,-0.001392228411768279,0.002792453172238685,0.0030253368188514276,-0.00635481298300827,0.00504114669418985,-0.005365573576619126,0.003988490406259697,-0.004055522967397557,0.0019191566135699732,500
10,shock_lag1,0.003628988644558502,0.003882552150169036,0.004346145044761366,-0.005392785074063324,0.011543400188687325,-0.003550511178300356,0.010093895448692523,-0.0009623702622498322,0.007863498924190542,500
10,shock_lag2,-0.00208887036210045,0.00366723123156504,0.003995912415885136,-0.01046515014973531,0.0048139577866337605,-0.008998329857450353,0.0041979269859846215,-0.0063066789241518996,0.0019600887549861734,500
10,shock_lag3,-0.0019170628735494916,0.0035600244178559297,0.0037593490010415687,-0.008954072602957924,0.005090538831724412,-0.008289456275106775,0.0037038676393245187,-0.0058254543815747005,0.001670930689342778,500
10,shock_lag4,-0.0006864048776000642,0.0029689179790707283,0.003172461835185631,-0.006989447187030921,0.005195430460281964,-0.005989229155257845,0.00404683254438699,-0.0038854093466873132,0.0024004772931967787,500
10,shock_lag5,0.0002998796508993029,0.0027745261637048477,0.002820192243727039,-0.005632430037078532,0.005359365264368152,-0.004546472471928195,0.0046744191289861846,-0.0026681507869887188,0.0027479206464015027,500
10,shock_lag6,-0.00011514383959520044,0.002740310962108773,0.0028627416731004246,-0.005943853900450109,0.005300885818050641,-0.0049661833700345315,0.004492964918972711,-0.0028374796817725962,0.002524324203453321,500
10,shock_lag7,0.0009796382662693572,0.003171449533898131,0.0034414763759647088,-0.005447059572632765,0.008090586635787957,-0.004637654507376848,0.00671171987163871,-0.0022851473175042503,0.004468229795753882,500
10,shock_lag8,0.0012946483362048888,0.0030462905059402147,0.0030132053598895697,-0.0040996319802998555,0.00798910107743401,-0.0031154149816185594,0.00669608543468511,-0.0014664691157411538,0.004426207499062452,500
10,shock_lag9,-0.0007291320478510911,0.0029104324787533635,0.002887453068591824,-0.006554685130929068,0.004407113818783573,-0.005758269975436662,0.00381164773983087,-0.0036515274047775282,0.0023229613935538238,500
10,shock_lag10,9.436180193472042e-5,0.0025061200869828924,0.002763806869722235,-0.005284254397252859,0.006054206512148082,-0.004460749362221697,0.004393204364817141,-0.0026508014579844585,0.0024623828927367725,500
10,shock_lag11,-0.0032392223143425437,0.002222646412395341,0.0024818722282698067,-0.008308089209985783,0.0016525904237254807,-0.007426746465701383,0.0005584420238238406,-0.005854042849716142,-0.0008835386546355635,500
10,shock_lag12,-0.0026330068293962884,0.00197634852132219,0.002304283692817594,-0.007366179085660561,0.0019315304939545245,-0.006471236979288227,0.0009556872447831142,-0.004614339647824987,-0.00028332771226404765,500
10,log_oil_lag1,-0.007143859019178477,0.006912222142590005,0.006241066564518251,-0.018311879035267778,0.006105103248734013,-0.017021581091114183,0.004008196224516067,-0.012252652407718143,-0.00038230767911973476,500
10,ffr_lag1,-0.0028173876765383256,0.0021369823978810236,0.001859248825139391,-0.006904374056582653,0.0006905927369579182,-0.006265777898396313,0.00010097254094481575,-0.004907911355157897,-0.0013222558550713614,500
10,cpi_lag1,-3.652555658935433e-5,0.00023975465716534003,0.00021125495170617008,-0.0005184980749392946,0.0003212010000505878,-0.00042194101568241387,0.00026533035088306797,-0.0002688000866606842,0.00014142914947792317,500
10,indpro_lag1,-0.0010548685616787834,0.00045291264702551284,0.00040080249987846096,-0.001833752010804924,-0.0003270424944513293,-0.0017277754202032454,-0.0004552448410422327,-0.0014667297189772408,-0.0006785625718801371,500
10,log_rincome,-0.5566216839873147,0.18148685803983547,0.16866736572619348,-0.8655943829488866,-0.2195646138677288,-0.8178488256357925,-0.26035592584476935,-0.7114864953757547,-0.36505589197680227,500
10,log_rwage,0.5236292260544854,0.20014494722859183,0.1824928731348916,0.14433854194224627,0.8620599473175622,0.2056878041010487,0.7996426436141681,0.3122467726091598,0.6900476712105088,500
10,age_mean,0.007267413907790269,0.002566448357513695,0.0022962711211523676,0.002688399182759287,0.011797530118088217,0.0032184782471636714,0.011083671145635578,0.004996055428496054,0.009611230882147591,500
10,female_share,-0.0016631306972351523,0.05822369103149874,0.05759201337261664,-0.11630855048973407,0.108161364818956,-0.10107075125581533,0.09297303016794947,-0.05566749390793307,0.057515039397878776,500
10,married_share,0.02604771555793161,0.0442874832804384,0.04787936761729446,-0.05958085719266231,0.11708151286113051,-0.04931063681710203,0.10403636053367615,-0.02156574968647689,0.07742982544812706,500
10,hours_mean,0.01612828368364409,0.005063917092653736,0.004738455782376145,0.006848883837513928,0.02462459126384687,0.00788881792963922,0.023456364912198314,0.011346774743734802,0.020723252013381113,500
11,intercept,-1.009292189595044e-9,0.0031316391479583377,0.002844656265340479,-0.0055117841395994835,0.0053088786937760726,-0.004565113441450861,0.004527523512561586,-0.002811874507676,0.0028610002897003664,500
11,shock_x_ind1,0.010317214966358306,0.004474888216856509,0.005031654587554153,0.0008378235099821356,0.020158036344666286,0.0019710197565196153,0.0184778350681555,0.00573896080245353,0.01566731191564702,500
11,shock_x_ind2,0.01841979471561213,0.013443647910617442,0.0145313979049188,-0.010448535938201612,0.04459008252781872,-0.005571322417992116,0.04150980021005987,0.0030735908589631018,0.032439584520999654,500
11,shock_x_ind3,-0.00041222342388960893,0.007074216327386021,0.007279061166230927,-0.014102198689772982,0.012942717106849178,-0.012411056829050587,0.010501830325889855,-0.007738220640006637,0.00695701319998003,500
11,shock_x_ind4,-0.00013631106203018434,0.00398182218107018,0.00396378300457868,-0.007456062786872927,0.008027390027662595,-0.0062298095406562864,0.006944131532659207,-0.004119192862895543,0.003828128210700039,500
11,shock_x_ind5,-0.002015960105659087,0.006073614282326888,0.006374445623609234,-0.014769122495161826,0.009684326120594087,-0.01358001645122526,0.007677223678971763,-0.008571903411545545,0.003884096191058081,500
11,shock_x_ind6,-0.006589398334313107,0.004265901570735562,0.004480048640654911,-0.015700039133536327,0.0014828319289818706,-0.014441585548721662,0.0006130106034751481,-0.010890982488295283,-0.0022431798978492464,500
11,shock_x_ind7,-0.007244262809755245,0.00496399776945684,0.005423202669778405,-0.017820935140166954,0.003854969627461573,-0.015749733405002228,0.0019132082064809524,-0.01232864622455731,-0.0017876163414257227,500
11,shock_x_ind8,0.00023522132107719947,0.0036158039333141403,0.003914382503209213,-0.006983968571828482,0.008795344972389853,-0.005796734420154994,0.006997571223579486,-0.0031374047359901108,0.004242727373753166,500
11,shock_x_ind9,-0.0018217453851771712,0.0035116633634619558,0.0038305756341400383,-0.008982431908070316,0.005955282959959387,-0.007704315303499183,0.00454591433691628,-0.005308189445270393,0.002435359711406321,500
11,shock_x_ind10,-0.003715484657903775,0.005010413937632728,0.005019210959299589,-0.014220228984420779,0.005052665249166148,-0.011879638130691211,0.00409435674801152,-0.008784378208919365,0.0013471126372960446,500
11,shock_x_ind11,-0.0009135775515796571,0.00847255951261837,0.009030462314507045,-0.018854611102057918,0.017715617182949523,-0.015307200972438657,0.013847849056291895,-0.009471175165549427,0.007869642712871236,500
11,shock_x_ind12,0.0011477330594707033,0.0021366802411261496,0.002468723736691357,-0.002937188255740389,0.0067014541149620285,-0.002734152814122124,0.005441900649813354,-0.0009651938171280056,0.0039383926020756365,500
11,shock_x_ind13,9.169896053398035e-5,0.002903577325164331,0.0030133557689853226,-0.0056037687679181426,0.005790544898481333,-0.004521624436392375,0.005162817581528105,-0.0026635081904362395,0.0034003263463897255,500
11,shock_lag1,0.0023613444434634283,0.003798047631738691,0.004096278033474316,-0.005415050634807506,0.010078534569488044,-0.004503054266786611,0.009117589458420922,-0.0020742604840875544,0.005923399418992342,500
11,shock_lag2,-0.00043741805236729596,0.0035649149040640708,0.0038159848962723017,-0.007748869658277083,0.006776098499782463,-0.006460649782586348,0.005404831405339178,-0.00463991242177664,0.0035664749981994437,500
11,shock_lag3,-0.0009217326745961162,0.00366710479008531,0.003847445701641851,-0.009058534292226864,0.00628448722070362,-0.00745262320550275,0.004637916466400984,-0.005212728902096075,0.0025012212227794334,500
11,shock_lag4,-0.0014763328455424968,0.0031164598103211373,0.003370096791600495,-0.008074225652957446,0.004717718610844895,-0.006865009093725244,0.0037933879178250435,-0.004849400798646501,0.0019110195210917274,500
11,shock_lag5,-0.0008901335759356225,0.002748784902772618,0.002868759891521386,-0.006602539770728302,0.004985379324866019,-0.0056790882249690075,0.003497586075777493,-0.003803859933408334,0.0019413222652728155,500
11,shock_lag6,0.001127389342557045,0.003155197704076592,0.0032438915206755656,-0.005307089992543412,0.007461645872248154,-0.004044797063672633,0.006564104545089827,-0.0016570459429576247,0.00462911862622185,500
11,shock_lag7,-0.0012899527741671948,0.002978844581074733,0.0032218163505231224,-0.00736127574392477,0.00521921774326347,-0.006303345537579339,0.0043270745586687686,-0.00424741315224215,0.0020368706493144825,500
11,shock_lag8,-0.0011651727421827516,0.003032232985990697,0.003216933777777381,-0.0072035442398778035,0.005508199714566028,-0.006059437599369991,0.004352107568536818,-0.003923592565746771,0.0022847952891846836,500
11,shock_lag9,-0.0005815630306956283,0.0027668269653109553,0.002866348651648941,-0.005455045264797083,0.0055931087385355325,-0.004561553771653932,0.004445452331167878,-0.0029121139768000966,0.0026537737943769894,500
11,shock_lag10,-0.0004887412824870274,0.0023677468984412936,0.0024946604216212636,-0.005452795049606893,0.004125923094938662,-0.004536646216488315,0.0036004126868527304,-0.0027843355284944285,0.00201995143243801,500
11,shock_lag11,-0.0012752248188871865,0.0020136308476815345,0.002356038590658795,-0.005360111256085694,0.003956937930538346,-0.004702153393685182,0.003050419009540168,-0.003312771027799673,0.001071560965555935,500
11,shock_lag12,-0.0029715508605169328,0.002066311680437267,0.002285859989786053,-0.007527040881914518,0.001253710661116401,-0.00661773323507929,0.0009170029904853866,-0.0051302496429669175,-0.0004667316756122821,500
11,log_oil_lag1,-0.007939962116164953,0.00717335438841019,0.006885661835086219,-0.018213824077984123,0.007030813749132462,-0.017112858366650496,0.0047092048978389645,-0.013734395048256437,-0.00015679998720967794,500
11,ffr_lag1,-0.004422302614117265,0.0022683104434876515,0.001900693895510313,-0.008447836412107789,-0.00123764412742136,-0.007813766347935099,-0.0017594309435812795,-0.006692596437352189,-0.002770972095757146,500
11,cpi_lag1,-1.162278654246033e-5,0.00025783847999176355,0.00023285815476572493,-0.0005774344860429868,0.0003815630621256002,-0.0004448701584642648,0.00030841641901588264,-0.0002478974912574987,0.00018292301604233815,500
11,indpro_lag1,-0.001104201364685847,0.00048641099781876777,0.00046619622067904285,-0.002000960341107196,-0.00017639585210517666,-0.001864276449845696,-0.0003142466880389308,-0.0015436866201310982,-0.0006338459554837286,500
11,log_rincome,-0.1880198966781788,0.15737398789804183,0.1358614082517666,-0.45001630359035494,0.07316014533982056,-0.4000748593088489,0.035245180539508356,-0.3025311400183166,-0.03667644801894436,500
11,log_rwage,0.10491596178013503,0.1770506025026104,0.1507696858587609,-0.2047491214113381,0.3936949307380869,-0.15247162360812658,0.3317146707573508,-0.0619164715456366,0.22765006797367124,500
11,age_mean,0.005224557763033546,0.0025958883405248,0.0023503309311672742,0.0009438868193900986,0.010028649607143725,0.0015496583762796285,0.009169310308856047,0.0028114749271204507,0.007624687087096535,500
11,female_share,-0.014474173025291604,0.06079498802927176,0.05818355639318518,-0.12828461398967364,0.0997071402879172,-0.10664666154813754,0.08241893584445274,-0.06428596639198501,0.045770814782867014,500
11,married_share,-0.024477333628033393,0.04214129938166437,0.04338406888785776,-0.10605133823637336,0.05700213489454835,-0.09565971613764152,0.04871379376295639,-0.06693411557260731,0.021859863233695393,500
11,hours_mean,0.009995938456193777,0.004768384376960958,0.004210392938843794,0.0013938517516107302,0.017906276394234154,0.0025685206358997906,0.01647950456288658,0.005770425473827107,0.013795571641737675,500
12,intercept,8.69773689515447e-9,0.003302782101077222,0.0028923102374911265,-0.005938383245731827,0.005724457994657952,-0.004772705401411067,0.004439344316191711,-0.0027397178432309733,0.00295499306459266,500
12,shock_x_ind1,0.015189498853527448,0.006175566191238056,0.006809012434508516,0.002616007574645178,0.029434587970038097,0.004238670512029148,0.027244006290002776,0.008882741590536846,0.02218674843264011,500
12,shock_x_ind2,0.012416730668066514,0.013581058980863757,0.015125897430240308,-0.015840408096139034,0.04004149330138386,-0.011851311188125069,0.037795296441891404,-0.0009444809661689521,0.028379455562395194,500
12,shock_x_ind3,-0.004518652010351565,0.007569326237520158,0.00783979952812472,-0.02060238592722534,0.01004897833051067,-0.01706015780648822,0.0082366492179099,-0.0124559917761204,0.003481699605236033,500
12,shock_x_ind4,0.0032478578252328263,0.00396991897602309,0.0038117540067195057,-0.004522939245609087,0.010682272871953325,-0.002983984159981108,0.009575017064616376,-0.0005353904617971526,0.00719991946930112,500
12,shock_x_ind5,-0.0031743609835252367,0.006287023170771445,0.006406359942933775,-0.014927536385614405,0.009677621051517375,-0.013656857203679616,0.007131314656607313,-0.009326467875917233,0.003630855058614637,500
12,shock_x_ind6,-0.0058625521510286245,0.004053096316384057,0.004099612031011019,-0.01326848555240876,0.0021148824193017264,-0.012092138007087281,0.0007635854166996563,-0.009856974549883926,-0.0017511531166707621,500
12,shock_x_ind7,-0.005225652098324875,0.005204106149090806,0.005534327541854903,-0.01535292771750363,0.004937055680769221,-0.013795134078928193,0.003587693431686915,-0.010650039813799295,0.0005798447319856723,500
12,shock_x_ind8,-0.003349940196145489,0.0032162076609962478,0.00359329259803046,-0.009831086335934224,0.0035572086338834506,-0.009212879494563002,0.0025514179987024942,-0.0066901382381877195,0.0005467283668001794,500
12,shock_x_ind9,-0.0035778953702959287,0.0038314980718812115,0.004007065297458491,-0.010783706022373662,0.005051107893565096,-0.009796434676168605,0.003528455208821787,-0.0074929933117851,0.0004319781954658796,500
12,shock_x_ind10,-0.006946744252114035,0.004952213360038505,0.004923589914735701,-0.017942688567958488,0.002116360892835945,-0.015085426076773581,0.0009113381675371681,-0.011715274276911998,-0.0020155504354242514,500
12,shock_x_ind11,-0.007057575189027848,0.007867659111103757,0.007987791280398877,-0.022468880558769055,0.009323941906005447,-0.020153419622382363,0.006610982602004823,-0.01387129477787596,0.001044702976374828,500
12,shock_x_ind12,0.0005788988597242454,0.00252225883795603,0.0027630681902730235,-0.004759968888164618,0.005839039457587158,-0.003497894105126956,0.005212181835865244,-0.0019852907481418157,0.003515220392726647,500
12,shock_x_ind13,-0.0022476243891032047,0.003092042065398939,0.003028645227444996,-0.007964607412936182,0.003983185055491731,-0.006941857983603917,0.0030657695642281263,-0.004902721839099108,0.0009397279970021114,500
12,shock_lag1,0.003510970046177668,0.003743126693623637,0.004132218073061327,-0.004463363890466365,0.011343221405246951,-0.0031740179748035308,0.010247244392404835,-0.0007948994566083793,0.007595097142009505,500
12,shock_lag2,5.1810231022807066e-5,0.0037938521002436883,0.004074232380017693,-0.008397309010382045,0.00770458124762843,-0.006827486165552059,0.006714494155432534,-0.004187898160449183,0.0037396088681702962,500
12,shock_lag3,-0.0017042933496612832,0.003867621427122828,0.004082782499733373,-0.010155178071844049,0.005867980421413486,-0.009306856901346293,0.004486451559497137,-0.0059378629087220415,0.002182308507384398,500
12,shock_lag4,-0.0030891797796239297,0.0032459010574638924,0.003328734454991446,-0.00972374712052914,0.0031384393813985506,-0.00845307472825833,0.0019409980059439961,-0.006569094166949781,0.00018082326457099954,500
12,shock_lag5,-3.9377966733180615e-5,0.0032342782591447943,0.0033582265345341858,-0.006337367487578376,0.006074284968187996,-0.005541863738445865,0.005002985942872287,-0.0034680431185528326,0.0031606957481713424,500
12,shock_lag6,-0.0018110882334016415,0.0031949375221899247,0.0034608398175818944,-0.008477913447932122,0.004735376186589615,-0.007453952074932026,0.0038339423689644162,-0.005154791477233062,0.001336146283799972,500
12,shock_lag7,-0.004567520810415216,0.0032153329829059615,0.0036254334480583187,-0.011381492182778275,0.0021672478634275584,-0.01052595494719234,0.0013938077043812152,-0.008566094395881409,-0.0009108824152318698,500
12,shock_lag8,-0.0014919570949693253,0.0031650194360956668,0.0032577377642844813,-0.007385160049553905,0.005084329647352897,-0.006302614174317953,0.003838807266480722,-0.004577985537196772,0.0017470805736290928,500
12,shock_lag9,-0.001356986649897569,0.0028809168772377823,0.0031087610595495127,-0.007629257317094948,0.0043870912837012605,-0.006301952325283476,0.003397739607168754,-0.0043033957634541035,0.0018468987342174785,500
12,shock_lag10,0.0010047334331612502,0.0024413436768786446,0.0027344293359433816,-0.004343856962423385,0.006313521053791715,-0.003450808759399178,0.005317089579854722,-0.0016339978848690668,0.0035287492332109933,500
12,shock_lag11,-0.001664112978104177,0.0024065673097200427,0.0026928065883028538,-0.006981288506137927,0.0032920220923079923,-0.005986598180020676,0.0027595385828176368,-0.004333114666520878,0.001171708336508392,500
12,shock_lag12,-0.003993576133540162,0.002466465455435792,0.002596777962954115,-0.00920614344286623,0.0009704541322263496,-0.008488275741560735,0.0003361374054734583,-0.006607911591135788,-0.0013921207144124786,500
12,log_oil_lag1,-0.006992032688396769,0.008128536097374132,0.007431100695229212,-0.020509877799702772,0.008223156991870258,-0.018470886349841488,0.006125222406610843,-0.014057220017708962,0.0015071498224960662,500
12,ffr_lag1,-0.005775746013247933,0.002492714905776821,0.002127628970340057,-0.010552231813492772,-0.0024850220992670563,-0.009826329757866662,-0.002898412266828283,-0.008199896366172453,-0.003995035180214788,500
12,cpi_lag1,-8.044485229626181e-6,0.00028823781689127934,0.00024185175950294536,-0.0005611782479226069,0.00041776661536947453,-0.00044124391786861896,0.0003276803566377657,-0.0002686628680801952,0.0001955886946335384,500
12,indpro_lag1,-0.0012193904566944246,0.0005480396610451394,0.00045862831074558816,-0.0021475312629511746,-0.0003336531708161342,-0.0019663926718871873,-0.00044057441704434307,-0.0016603532581385668,-0.0007658907025959971,500
12,log_rincome,-0.10114706633104913,0.17638080520280683,0.16446230309449397,-0.39580335760699836,0.23532896699321604,-0.35808784705539737,0.18909791189877886,-0.25381726449258696,0.06508395473716852,500
12,log_rwage,0.02009790818194744,0.19117275962358318,0.17821160179103607,-0.3524646022535422,0.3376174871296756,-0.2991683973804904,0.2909248592091664,-0.15745518076797474,0.19443544531951054,500
12,age_mean,0.00274037182414953,0.002756979823092889,0.002470073029922198,-0.00213053612575163,0.0078043169803935775,-0.0012314304802437202,0.0068584919412187344,0.0004083458755448832,0.005296599457945579,500
12,female_share,-0.0070124743444448245,0.0652741376746763,0.059466117781286965,-0.11521742058701379,0.10588732462643899,-0.09980365007928456,0.08751372110031468,-0.06463325912391203,0.056378666704187404,500
12,married_share,-0.02996366177598125,0.050128786907996395,0.05109740898419837,-0.1362506562930315,0.06704129729149842,-0.11274952658116909,0.05081863869784765,-0.08286351424378906,0.02169243890426169,500
12,hours_mean,0.00805996564588295,0.005332104042309964,0.004916009945185391,-0.001613038848438949,0.017474049407586137,-0.00024681339943702027,0.016155426490245674,0.003061526245967653,0.012700572466448946,500
13,intercept,4.003582272288826e-9,0.003583948657110334,0.0032095640357870476,-0.006326859841972863,0.005861975563119036,-0.005470022237381284,0.005099109058368621,-0.0030501098998506415,0.0034123593697720695,500
13,shock_x_ind1,0.02394442014152607,0.009263453622749562,0.009575189761819416,0.0048808382702075735,0.04188149846262336,0.008623473409330198,0.039145766923711495,0.015564155385922802,0.034132571596431883,500
13,shock_x_ind2,0.010690874262640785,0.014144809589571533,0.014239325305193246,-0.015359855870954437,0.04132873218661905,-0.01169930454637896,0.03463595083311422,-0.0028173132214069827,0.02445684651585599,500
13,shock_x_ind3,-0.0012791499989473942,0.008037831478647407,0.008368805095663772,-0.018062279594399037,0.016328605389291245,-0.015540875509986715,0.011735005154558739,-0.00957525800545526,0.006755020869541497,500
13,shock_x_ind4,0.003730728326717981,0.003988213596804527,0.004051481755177067,-0.004345739836605654,0.01164526308725268,-0.00288796825740242,0.01012430140877412,-0.0004799905292171006,0.00747227891954634,500
13,shock_x_ind5,-0.0023703379225361787,0.0065542697479549755,0.006899101476189138,-0.01620545809554575,0.010963442244290125,-0.014187240949832362,0.008391004692488538,-0.008854162690381657,0.004141695054988694,500
13,shock_x_ind6,-0.009561768040225438,0.004116438549806309,0.004411286230291027,-0.018083819555825498,-0.0007420318438151759,-0.016917297094723064,-0.00219912009456722,-0.013584475687949786,-0.0050570677511041825,500
13,shock_x_ind7,-0.0047797354010784545,0.005215133734051212,0.005118766933748309,-0.015392241597404883,0.0048135336207355064,-0.013409002642629786,0.0038553856227605465,-0.00960391855269129,0.00022462432267809432,500
13,shock_x_ind8,-0.004143789591603804,0.0032496250634125004,0.003575658848572962,-0.010800877385256653,0.0028502607661718285,-0.009690805211135732,0.0018987420409622862,-0.007396859222993596,-0.00022494199066680023,500
13,shock_x_ind9,-0.0010191075874049712,0.0036302631059446926,0.003887869152838568,-0.008112761918076365,0.0067970377355387425,-0.007054713544108806,0.005433504644182357,-0.004884043467925664,0.002897504015465199,500
13,shock_x_ind10,-0.0027851183498058597,0.004865649167148574,0.005252935406604827,-0.012070692864639182,0.007929022172265624,-0.011247834297285545,0.006082698813521963,-0.008252550322404862,0.0024605237600213046,500
13,shock_x_ind11,-0.0032386427818316523,0.008824878201315901,0.00928544519829421,-0.020594617957101234,0.014223348265956259,-0.018471885458259202,0.011727752383495138,-0.013005135825930051,0.006059142109981689,500
13,shock_x_ind12,0.0007740608019467428,0.002995860315099734,0.0031408411833317627,-0.005596833349526798,0.007112311686887708,-0.004060429850813647,0.006286307916632707,-0.0019377927184203844,0.004238033325509181,500
13,shock_x_ind13,-0.0020899907502826536,0.0032875335289946597,0.0035933795155182195,-0.008879336184859171,0.004914543516178076,-0.007777684580512137,0.004228766164334119,-0.005514116806601736,0.0015588025756518597,500
13,shock_lag1,0.004463671641285748,0.004146852602170808,0.004526727507269152,-0.003939776423233777,0.012982540286139542,-0.0028823415391441656,0.012207362611012315,-7.5168663554304825e-6,0.008989699806447775,500
13,shock_lag2,-4.552152367372407e-5,0.0041917198747032074,0.004418248071728939,-0.009229473565454983,0.007802309437347627,-0.008055371350545218,0.006858547132554246,-0.0046376358538309445,0.004534415049224198,500
13,shock_lag3,-0.0025546004682034324,0.004075622647390166,0.004045497800322309,-0.010256740139080775,0.004864821736821203,-0.00895687322766127,0.003832756698933184,-0.006382068381710881,0.0016305779548514364,500
13,shock_lag4,-0.0014373082038938445,0.003736526272758182,0.0039519399927783905,-0.009705407287033913,0.006071460493854496,-0.008016650090919944,0.00511951862185885,-0.0050058935460145755,0.002482256664632826,500
13,shock_lag5,-0.0024112782967156744,0.003317549824329934,0.0035283127443181427,-0.009031637684573698,0.004680116164561327,-0.007808899471529352,0.0034113001331226504,-0.005642981057254221,0.0013240458751249764,500
13,shock_lag6,-0.004834969677520471,0.0036206281964062293,0.003736377551802067,-0.011893740294917328,0.0022536527858124807,-0.010602525145405153,0.0012463604127207189,-0.008271022735302608,-0.0006737512157644506,500
13,shock_lag7,-0.004711900021135004,0.00348055669538675,0.0036771509718978523,-0.01199685286740526,0.0027233547418535863,-0.01075641813149781,0.0015609473383071727,-0.008075366080435334,-0.0009518272489129805,500
13,shock_lag8,-0.0021483304003774026,0.0035026802624369547,0.003515089090280685,-0.009186411419792768,0.005216383324367418,-0.00794375985245935,0.0036923060747151085,-0.005315034847061515,0.001038539272202154,500
13,shock_lag9,0.00042396187858891163,0.003205087217428587,0.003260488239120207,-0.005780412679047721,0.007360466740269925,-0.0046830472452217475,0.006314930306231262,-0.0025853442329493927,0.0038702256094271664,500
13,shock_lag10,0.0008301737707870255,0.0029732956162821875,0.003159838739983905,-0.0052664813518249155,0.00674595365817598,-0.004457847483278662,0.005656206815545775,-0.002436262514140774,0.0038914156322588478,500
13,shock_lag11,-0.002384428891858933,0.0029111598575874654,0.0031694334027434876,-0.008544457440988276,0.0029689644716215844,-0.007555128498312485,0.0023402875197959523,-0.0056339327013709,0.0008311899289023128,500
13,shock_lag12,-0.0009506586354765157,0.0027676838847442604,0.003040607844374915,-0.006847271809518992,0.004622582674722626,-0.005952014472398175,0.004042918553673141,-0.004132642823086767,0.0019836509566026586,500
13,log_oil_lag1,-0.010042841217489393,0.009468687564996709,0.008784217698666845,-0.024603903487944924,0.008270390382877605,-0.023470726849404204,0.005212615475326286,-0.01792525872047165,-0.0003223781862310172,500
13,ffr_lag1,-0.006330968620228234,0.0027170957507606456,0.002552275167154085,-0.011427565707892875,-0.0015926471476529268,-0.010417018020483358,-0.0023241854523049408,-0.00902918115188952,-0.004096545675507176,500
13,cpi_lag1,1.6371927930136758e-5,0.0003189520170629616,0.0002896500476147578,-0.0006245959167281271,0.0005478423747484471,-0.0005060584239543382,0.00044224149226490317,-0.00028918823871708187,0.0002720443009802365,500
13,indpro_lag1,-0.0013089717246781436,0.0006453321532232756,0.0005942849933010317,-0.002455670348091639,-0.0001455718298922284,-0.0022758690737489707,-0.0003314037704256014,-0.001909666832653647,-0.0007259804804588991,500
13,log_rincome,-0.2572214972411344,0.22014157315428,0.2102173305676784,-0.6494206119630048,0.19731293980690956,-0.5958579663597114,0.11297784740699321,-0.4602437980426627,-0.05216642974056417,500
13,log_rwage,0.16592589399837307,0.231378158610037,0.22014782673883534,-0.2891311036169862,0.5569104428411664,-0.21638007547543528,0.519225944145368,-0.04124842397294104,0.3761409430957004,500
13,age_mean,0.003987162603721194,0.0027612480628388704,0.002630536159380018,-0.001142238179925312,0.008914411607548519,-0.00037601075546524676,0.00844832062781219,0.0014858232218284539,0.006625628113917649,500
13,female_share,-0.030023370868005585,0.07120474251988165,0.06769826079778976,-0.16558810598571927,0.10926376465808765,-0.13507081386141903,0.08126878267833995,-0.09454659328605998,0.0416517513412072,500
13,married_share,0.0235537978075137,0.056650771483429355,0.05497319193929862,-0.08679116340805273,0.12769300192793248,-0.0711260313495673,0.11236536451892813,-0.02916448300684637,0.07791466134153209,500
13,hours_mean,0.011601400714645528,0.006185477218005399,0.0058590514401522095,-0.0004797875905032281,0.022001880060767726,0.0016722828037254059,0.020669522526280813,0.006675699216375944,0.01803910967562909,500
14,intercept,3.0203907983223627e-8,0.0038802171632323136,0.0033419483574082505,-0.005929424568084303,0.006478499972436779,-0.005104139301030521,0.00561731235356725,-0.003285499863056438,0.0035128488694583094,500
14,shock_x_ind1,0.023897895727763498,0.0115216099152982,0.011822317644262354,0.0013168124890417625,0.046499317121129764,0.006074518657222606,0.04326196441923676,0.011735576145939106,0.03646159728696025,500
14,shock_x_ind2,0.02506418290532848,0.013705410228221209,0.014214040582135622,-0.002873363551642908,0.05204649758581363,0.0011761375897391265,0.04764871006800228,0.01079512291942429,0.038910030678651265,500
14,shock_x_ind3,0.0007880930947317073,0.009032914546461521,0.009361485680789462,-0.018430054989267187,0.018599783254405963,-0.016079975435632398,0.015378815972928684,-0.008944799832561544,0.00950951866500687,500
14,shock_x_ind4,-0.00020893243703905235,0.0043782087672931645,0.0045096438711345905,-0.009343802084981513,0.007558730692157586,-0.00798030570294392,0.006810032975320249,-0.005393391714981389,0.0040394268730747146,500
14,shock_x_ind5,-0.0030007269458312163,0.006859331342197679,0.007186052067080339,-0.01796772417437849,0.010093326305463142,-0.015029743923162996,0.007850776088147809,-0.010149181420371075,0.003631435705459821,500
14,shock_x_ind6,-0.00808415549692965,0.004347767538934073,0.0045519220883896904,-0.017305200968183408,0.00024647277687164646,-0.015973318638087236,-0.001159157262652807,-0.012749770621906612,-0.0038098329419780086,500
14,shock_x_ind7,-0.008960442327901233,0.005530924931407743,0.005748133225085646,-0.020946124100795372,0.001528524516129232,-0.019008801212726315,-0.000203884289256586,-0.014555700418019384,-0.0036267236097995864,500
14,shock_x_ind8,-0.0018762460104198848,0.003510540188401563,0.00383126068497932,-0.009550878011146876,0.005598400751978422,-0.008226762915641983,0.004380460457982492,-0.005803371242759517,0.0016735281144070351,500
14,shock_x_ind9,-0.0015772419328448871,0.004022103381704786,0.004139571362846935,-0.009757025387049614,0.00670251072309747,-0.008773868631442996,0.005319221393552627,-0.005479800297444173,0.00249156158192428,500
14,shock_x_ind10,-0.0036457236510578617,0.005098494627114126,0.0053498501252539285,-0.014424159747836732,0.006550396576853532,-0.012467986762125634,0.00519607070540922,-0.009161173956542567,0.0015008934194875438,500
14,shock_x_ind11,-0.004959336088562854,0.009438595351261387,0.00980561149890415,-0.025297953917416044,0.012761065138707194,-0.021701642052363,0.009827327830693766,-0.01533335902035007,0.003905867065228528,500
14,shock_x_ind12,0.00023692887556988444,0.003565498354988859,0.0037263239960843323,-0.0071177065859026264,0.0076048887321296735,-0.005213476788746966,0.006755687254607439,-0.003236853357041376,0.00408901162045214,500
14,shock_x_ind13,-0.0023747810154663047,0.0034192807595398,0.003684253211729102,-0.009216571826204516,0.004603133582793491,-0.008092572837253661,0.0035349113390307314,-0.005816139709178404,0.0015753267799146838,500
14,shock_lag1,0.004378426178990774,0.00457797776480573,0.0051612549783864765,-0.006610427557445741,0.013750405898735833,-0.004496794875217845,0.012055930580327532,-0.0011774835546317574,0.009383428144116667,500
14,shock_lag2,-0.000823786402040378,0.004231941892862242,0.004390868219348297,-0.009903329133010296,0.006688086670281422,-0.008464352417949673,0.005999788344092521,-0.005355014006494944,0.0035265261390548712,500
14,shock_lag3,-0.0005235322239392913,0.004371709492740682,0.004504326406071915,-0.009704250156288693,0.008566337304542638,-0.007604241797900058,0.006977145523136671,-0.004650575319472963,0.004167201910632495,500
14,shock_lag4,-0.003448708158901667,0.003814128482170787,0.004239064507486426,-0.011022462588637016,0.005294112074168465,-0.010199230897054018,0.0037009914836251124,-0.0077836623037749715,0.0006272902795471572,500
14,shock_lag5,-0.0050401778867533555,0.0037680089233409248,0.004119303585396603,-0.012615799035345397,0.0030072260688863766,-0.011458606963094864,0.0017177312934252564,-0.009137059142012564,-0.00044600710252182653,500
14,shock_lag6,-0.004873538092367964,0.003941156064861734,0.004094123395850882,-0.012305111716601713,0.0028749209893821044,-0.011421869571366176,0.001977654737182717,-0.008764050308993349,-0.00048691472756101303,500
14,shock_lag7,-0.005255694810748806,0.003745782610656796,0.00395725887968852,-0.013138345537275721,0.0029265313072491346,-0.01158593121358444,0.0014591717792876513,-0.008930268780941804,-0.0010811927630202727,500
14,shock_lag8,-0.0004895063524553843,0.0037626713565682593,0.0036486482873604193,-0.006876638216735578,0.007275868664749451,-0.006011068637547539,0.006141326870181465,-0.0036760050370376854,0.0035911185659658574,500
14,shock_lag9,0.0001704576806409032,0.0035720650926916475,0.003597636279456638,-0.0063943209556190156,0.007726786704881137,-0.005486005638795493,0.006585758108303553,-0.003248809781465885,0.003974267656823373,500
14,shock_lag10,0.0001397046212074091,0.00351766722700373,0.003730022499284754,-0.007318479048931511,0.006859076780943709,-0.0060743648993521445,0.005767472910304643,-0.0035790628117692487,0.004279937862322739,500
14,shock_lag11,0.000594596478552677,0.0032649350913130184,0.0035909888370241395,-0.006739991625409824,0.007053294816643361,-0.005494076670753519,0.006107736676883819,-0.0027909286725876356,0.004408574299688301,500
14,shock_lag12,0.0015699538739355758,0.0031184942349578955,0.0033294746760724066,-0.005134905539168188,0.007981221607438345,-0.003762196991601785,0.007177126585370852,-0.0014307811528692777,0.0050832659714560875,500
14,log_oil_lag1,-0.015047784924322719,0.010709652562031139,0.010120972124408092,-0.03557214645607364,0.005086379635542343,-0.030958647296552694,0.0014139158054828794,-0.024382830990893348,-0.004144408376130494,500
14,ffr_lag1,-0.006612699623259443,0.002949454799170085,0.0025964329674004506,-0.012263150881834958,-0.001891075777105285,-0.01149260964927905,-0.0027653155908570386,-0.00943376382025781,-0.004240435620025305,500
14,cpi_lag1,4.9833260704972396e-5,0.000338175074395463,0.0002879667602154657,-0.0005535115725144116,0.0005653407522573902,-0.0004498398581407563,0.0004978163865714415,-0.0002608468292239978,0.0003259697371437142,500
14,indpro_lag1,-0.0012968861059137347,0.0007255727659885844,0.0006761963062197791,-0.0025773687870686464,-3.74724464940355e-7,-0.0023998261982857766,-0.00015697116870095934,-0.0019510036262601225,-0.0006061743741972437,500
14,log_rincome,-0.4573799330275832,0.2475898990107555,0.23245471495221284,-0.8886220304839074,-0.016301134027719738,-0.8356754557148901,-0.060966643239469306,-0.6965605825208732,-0.21957457814238523,500
14,log_rwage,0.3465358171054817,0.26082770920529386,0.24408188948801546,-0.11090064452788186,0.7935331333878801,-0.06599882023265877,0.7373312827107914,0.08794166687010689,0.5806581104239765,500
14,age_mean,0.006554082916737927,0.003106524831215978,0.0029268790454895165,0.00045160730010475737,0.011805665502136771,0.001525898664751764,0.011102149059390424,0.003408390260850877,0.009462494993535851,500
14,female_share,-0.023616674840677126,0.0781240129978708,0.07303780399826744,-0.16350417813264595,0.117708492691152,-0.1459621815298113,0.10652030059865598,-0.09458845283498847,0.05009436192110117,500
14,married_share,0.11278532032753326,0.060556284388724686,0.06115733723805559,-0.010041398039975273,0.22975008902277116,0.011045355196034633,0.2128103844300513,0.05370048151651845,0.17565764582076518,500
14,hours_mean,0.014313015700889447,0.006841895087829781,0.006269875280652862,0.0026025687327013037,0.02644172810668361,0.0036717464468960007,0.024471024078655257,0.007782828390847381,0.020804756194739597,500
15,intercept,9.468672635711096e-9,0.004106676949154019,0.003595397965081179,-0.007026777132528347,0.006393143691523134,-0.005900960402136934,0.005796193674810704,-0.0034510398841830305,0.0038608366976949204,500
15,shock_x_ind1,0.025486768414193905,0.013458696124843959,0.013613389426921713,-0.0007766244558277258,0.05331773806155385,0.002502919298185151,0.047515411528911165,0.012997607123520832,0.03855122041617259,500
15,shock_x_ind2,0.024591187623479373,0.013632737467358028,0.014679580541627131,-0.004054827138568175,0.053686231242050214,0.001543866347004835,0.04884344866256293,0.01017252761835365,0.0390638895690651,500
15,shock_x_ind3,0.0008150826096547599,0.01025507453410662,0.010706791464715405,-0.01916333359046029,0.021115464478144184,-0.0175144334730442,0.01784181324702241,-0.011055804031726239,0.01117585234058855,500
15,shock_x_ind4,-0.002704183587781933,0.004245055137581284,0.004346052923790317,-0.011504081215793289,0.005667539254041561,-0.010009021087159476,0.004524011117149904,-0.006957799128698498,0.0017193431069123487,500
15,shock_x_ind5,-0.005624485602616205,0.007152376737105935,0.007555316118292142,-0.020749042627379474,0.008777181584809297,-0.018367377905205366,0.006654624191456221,-0.01339505993713444,0.001627233524714685,500
15,shock_x_ind6,-0.008014344961510012,0.004721554232211841,0.004707404999023589,-0.01704382146868945,0.0012561022073823177,-0.01555115741911927,-0.0004592221817610623,-0.013043677868023316,-0.0033964724708168406,500
15,shock_x_ind7,-0.005606845316642413,0.0056806976057998575,0.006007060347781818,-0.017077863237513993,0.006959411885137044,-0.015048865091224085,0.00462163289744057,-0.011014774223627304,0.0002211562621502774,500
15,shock_x_ind8,-0.0017327454789978932,0.003923762734464437,0.004286662082613323,-0.01028535141982288,0.006721062936606582,-0.008472094739515953,0.005137974396623841,-0.006107321932645877,0.002475427442606396,500
15,shock_x_ind9,-0.005795459336128427,0.0038905418626347856,0.0039983842945913485,-0.013925084590474646,0.0022110973180227648,-0.012226106218952556,0.0007430346140523372,-0.009777643428713467,-0.0020592296566738335,500
15,shock_x_ind10,-0.004092925480491385,0.005392537056836017,0.005851490060306307,-0.016090807988450574,0.007564302139561526,-0.014223655330935631,0.0062063584898855205,-0.010195730283647677,0.00121158983577781,500
15,shock_x_ind11,-0.0055385985112607295,0.010247213612658934,0.010348626411838,-0.024286465891838825,0.014881194018377238,-0.02095802245880811,0.01267734452996192,-0.01566842478223443,0.004898490197506417,500
15,shock_x_ind12,-0.0019036354400346817,0.003870423278204969,0.003901868388642354,-0.00958824934009513,0.005839513133904987,-0.00840120275429392,0.00444978244849592,-0.005665106632072396,0.0018525929693014988,500
15,shock_x_ind13,-0.004029243445822574,0.0035199920180049504,0.0037081618013528514,-0.011095193637284319,0.0036565116495149443,-0.009794330429490197,0.002140316037620108,-0.007531930943901373,-0.00017046157818836647,500
15,shock_lag1,0.002972884144266746,0.004334628209194172,0.004919951812159912,-0.007494294729131974,0.012072647994201604,-0.005556622181057304,0.010501454178347256,-0.0020435339119950035,0.007703550440207168,500
15,shock_lag2,0.0006814769534858148,0.004447620757816896,0.004856669043937553,-0.008722118688810754,0.009434001570129325,-0.007462773493735962,0.00826455797843479,-0.004448154788272863,0.005797883220805091,500
15,shock_lag3,-0.0030713163740379917,0.004030463716550738,0.004160832894884869,-0.011798825558466137,0.004325264966337863,-0.010268180784588816,0.0032607103824901368,-0.007273683713747074,0.001294884326589417,500
15,shock_lag4,-0.006449009219893361,0.004186509964196909,0.004699866677900161,-0.01591290886178896,0.002038366516242049,-0.014272886481706507,0.0010716607638002749,-0.01061957653598302,-0.0016579985619273971,500
15,shock_lag5,-0.00523819271384021,0.0039749221228486085,0.004095282993397171,-0.013348437614855657,0.0024999829925943244,-0.01188546293738231,0.001483882751798316,-0.009291248098841139,-0.0009489244078224216,500
15,shock_lag6,-0.005594905025530634,0.004164447797499924,0.003995844945217589,-0.012863803431457044,0.0025136877996282344,-0.011988243010856435,0.0014896852001360379,-0.009264043800556617,-0.0013292212148081806,500
15,shock_lag7,-0.003974742408882052,0.003961180551369041,0.003888027303649664,-0.010874849064964467,0.0037602197832693526,-0.00988568228683593,0.002476564685226984,-0.0074123806693099465,0.0005352715715198935,500
15,shock_lag8,-0.0012533068372028255,0.003982915550586754,0.003974658411326106,-0.009253539837452463,0.007114156729307921,-0.008143792479937653,0.005651875821129313,-0.004815267773014046,0.0028215314068666423,500
15,shock_lag9,-0.0011904565389132232,0.003996670582558627,0.004050182459684017,-0.008917655090154356,0.007243934029128775,-0.00726757721440891,0.006047119921751603,-0.004825442119119536,0.0033387853912677195,500
15,shock_lag10,0.002755738537171484,0.003708604257029563,0.003641437895446745,-0.004836660847780943,0.010141250968888732,-0.0034223095624083683,0.008658575726497907,-0.00032905630296468214,0.00624383296598488,500
15,shock_lag11,0.002536833541756778,0.003511409470555019,0.0035942948446916166,-0.0050037960076527496,0.00870738808066731,-0.003974193286223532,0.007872526450906053,-0.0013762874195229638,0.005880966805041428,500
15,shock_lag12,0.0004943598681387034,0.0035799963130200654,0.00371132118749729,-0.007643944468405335,0.007252823027553068,-0.005792195428285176,0.005857989940467964,-0.003256640612079192,0.003817599925191711,500
15,log_oil_lag1,-0.015873517290995738,0.011557297170762006,0.010590465435947194,-0.03504055901492249,0.006274515407372832,-0.03205327846774737,0.0035111490045002035,-0.02515450591537936,-0.004110331689054882,500
15,ffr_lag1,-0.006676018024121236,0.003131013300433807,0.0028899878459687123,-0.012368532466380436,-0.0009819948593543784,-0.011477461882346081,-0.002139485716090932,-0.00971037272444548,-0.003899491741396161,500
15,cpi_lag1,-6.832872323472683e-5,0.00034936121027905206,0.0003210938135843383,-0.0007777379250262182,0.0004963095243636653,-0.0006662664763595938,0.00040957733137934015,-0.00039308098281400317,0.00022934243435428854,500
15,indpro_lag1,-0.0014263888857292133,0.0007722270119418773,0.000711079942718257,-0.0028762533825148298,5.6546273057666054e-5,-0.0025899115391633926,-0.00026117790830931656,-0.002081091618631163,-0.0007483190607410624,500
15,log_rincome,-0.6447761274998051,0.2540934074815906,0.23939424894839967,-1.0558147338240564,-0.13589553659033624,-0.9984047644393483,-0.23044201346322266,-0.8452681188437411,-0.3664374809661085,500
15,log_rwage,0.5676549339737504,0.2701082942206153,0.2523931569306284,0.0644798674620721,1.0017911848762624,0.1278946280637286,0.9407635345861911,0.28254779900488763,0.7913241167667187,500
15,age_mean,0.010034867439638096,0.0032516177432699808,0.0029008221248342167,0.004301000608276265,0.01518954797436012,0.005087077610204655,0.014285178624069654,0.007158992897609777,0.012843407942749059,500
15,female_share,0.016264461234873087,0.08032579957338731,0.07483063079090005,-0.12473308525767715,0.16241600716156948,-0.10709310791354099,0.14098187693130096,-0.05856854372446804,0.08727217032142924,500
15,married_share,0.13605142098736409,0.06184150926322476,0.06295429835914539,0.01857343085138093,0.259865319398614,0.041569767944081334,0.24598608316326867,0.06847380584559472,0.19452031899701042,500
15,hours_mean,0.015161415990794725,0.007167339600092589,0.006556799627385293,0.0014185984141346026,0.026838827897911893,0.0032454348337469918,0.025040678507950134,0.00748009031391533,0.02120432920269174,500
16,intercept,2.2470214766901252e-8,0.004229783754786217,0.0036854855663050316,-0.006774815052588479,0.007781977844339781,-0.005893591084182253,0.006069725450284482,-0.0036697275136757645,0.0037228022006540874,500
16,shock_x_ind1,0.01798703629644735,0.014642251972340188,0.015064171374031068,-0.009689900895849254,0.04870108539719546,-0.00632101780983065,0.04343519972056206,0.0029519167917955373,0.03256540669138881,500
16,shock_x_ind2,0.017461635920203496,0.014458394515805748,0.01578486580565666,-0.011518216310491061,0.04653841498103347,-0.007965760361569842,0.04132850305363409,0.0007670850137382037,0.0326396607023078,500
16,shock_x_ind3,0.0014103701356229922,0.010519656704791172,0.011559507097165926,-0.02191099306937065,0.023060304985487362,-0.019418613903436372,0.020040598346314414,-0.011234301204595589,0.012692731235523691,500
16,shock_x_ind4,-0.0010615127897538078,0.0036958106706045444,0.004023626133573537,-0.008719620881251652,0.0074015299867963985,-0.007781581316808454,0.00553198228841016,-0.0047817976970146465,0.0028551890677900775,500
16,shock_x_ind5,-0.005739369112668775,0.0071227041849455984,0.008021078933552127,-0.022063602067844947,0.009665231559221422,-0.020252964320185807,0.006261486508927489,-0.014068910955054102,0.001954021543820025,500
16,shock_x_ind6,-0.010695512416967366,0.004892004003724854,0.00522853362287822,-0.021550561423076396,-0.0009730343361060607,-0.0197490423534074,-0.0024385603075943846,-0.01573703098261768,-0.005643781720648956,500
16,shock_x_ind7,-0.0019061712941404498,0.005528970429322532,0.005862503388718159,-0.013118456963345005,0.008920028897342024,-0.011816144297664855,0.007140221960398646,-0.007941791132322856,0.0037561971957056793,500
16,shock_x_ind8,-0.003468394912485734,0.003844302901913233,0.004252485710078416,-0.011627178087752044,0.0045534177530455085,-0.010556796061655629,0.003471486625895735,-0.0076687405204143326,0.0007394061195231083,500
16,shock_x_ind9,-0.00732386436814895,0.0042328940707048604,0.004708018042535267,-0.016726883799861016,0.001134288840625346,-0.015084766057286132,0.0001398715468119985,-0.011530993996552871,-0.002697096297705265,500
16,shock_x_ind10,-0.00845597168456324,0.005448853403132824,0.006223930546983406,-0.02177949027316733,0.0026111849819781545,-0.019494569455828357,0.001300292428370024,-0.01496664095198999,-0.003157119712101957,500
16,shock_x_ind11,-0.0058123107942993895,0.009659844701211952,0.009854841819370002,-0.026444849919407237,0.013227327059106973,-0.02312502473472095,0.010971068319423427,-0.01410441456008444,0.004285467842942535,500
16,shock_x_ind12,-0.0009042781750578271,0.004251412918939708,0.0040129302779289625,-0.008772253848531135,0.007084756597041686,-0.00729625666866267,0.005776367665835255,-0.004939295237096618,0.003119504642241736,500
16,shock_x_ind13,-0.005818114075234897,0.003992907234128381,0.004026608926913597,-0.01276304436688596,0.0029313112836623707,-0.011432770025468185,0.0015131444234903924,-0.009300246400723699,-0.0014001063694669615,500
16,shock_lag1,0.004630357900104927,0.00444177958854804,0.005076289321915406,-0.005193518558304882,0.014322161498266714,-0.0037886675349874093,0.012759050784050508,-0.0004202314478407142,0.009828712918194335,500
16,shock_lag2,-0.0017030210660330908,0.004184587846219783,0.004425667747416516,-0.009989439481515757,0.006882272678347481,-0.009151947708547855,0.005465435543019744,-0.0056006175196499485,0.0027660666999766753,500
16,shock_lag3,-0.006193355224902576,0.004296073860389474,0.004583417687005343,-0.014356540906698514,0.002926497666268059,-0.013132676545531725,0.0015791978741883641,-0.01016355621750411,-0.0012084406719313032,500
16,shock_lag4,-0.006333138455866596,0.004336848960919025,0.004662240330232428,-0.014866155613480203,0.0030462112002688684,-0.013489841120601101,0.0017849602232052632,-0.010353195747689722,-0.0011195823937232728,500
16,shock_lag5,-0.0057128230873582575,0.004149819030721903,0.004482819612780754,-0.01380748922616492,0.00335724785105775,-0.012582311910914395,0.0018972807649239884,-0.009934358305356676,-0.0007402262622471695,500
16,shock_lag6,-0.0038209120886148946,0.004333884958243032,0.0042442658458908275,-0.011339324248841917,0.005260824483459382,-0.010152482616457771,0.0033661918032251003,-0.007512040890849615,0.0008025849470191975,500
16,shock_lag7,-0.004396277110239503,0.004164393258960781,0.0042068079532379,-0.012819929147697844,0.003661797919645232,-0.011598136635774973,0.0023015377672106862,-0.008251825773361048,-0.00019383249615900606,500
16,shock_lag8,-0.0024576346061623722,0.004277879397413562,0.004189659654849989,-0.010867593045472938,0.005646876582799927,-0.009544584930264098,0.003902728155269412,-0.00676354748197057,0.0015499821364095773,500
16,shock_lag9,0.0012514719493043292,0.004100874792755807,0.0042177666512111,-0.007304360180982742,0.008877868986433439,-0.005815542199960463,0.007935455423927453,-0.002812287195995621,0.005550209904632935,500
16,shock_lag10,0.004839709241799596,0.0038413691390837713,0.004157026990558152,-0.0039022722916378177,0.012360004559952467,-0.002461412106121473,0.011335240961496029,0.0010269853610415968,0.008668136727186169,500
16,shock_lag11,0.0014033493439906534,0.003972503346021308,0.00420578659785989,-0.006817641215443055,0.009496125853315447,-0.005172319109266178,0.008692310224755539,-0.002341369979871339,0.005662174820088235,500
16,shock_lag12,-0.0008524207713033988,0.003941233126702508,0.004021902507788399,-0.008835964605583469,0.007330404432074472,-0.007907812796067858,0.005518615281769469,-0.004633973639602454,0.002975793086855106,500
16,log_oil_lag1,-0.018225037810969406,0.011841145454573635,0.011255843168506788,-0.03684427132122868,0.0066724484801289185,-0.0350204283213113,0.0028523285149973376,-0.02820773500116341,-0.0064192378055486655,500
16,ffr_lag1,-0.006950700516924143,0.0032363881034500855,0.0028667489861391475,-0.01249301952220434,-0.0013189415839002495,-0.01176914081555,-0.00239105549962415,-0.010019870108706518,-0.004319812992189117,500
16,cpi_lag1,-0.00010730898464634417,0.00034627398821015517,0.00031225390309807665,-0.000717418016308457,0.00046881148516357866,-0.0006387151833102283,0.0003609593421278521,-0.0004503995767709447,0.00019055289902052442,500
16,indpro_lag1,-0.0014227620004752077,0.0007956764077807563,0.0007614635102914173,-0.003022097415751013,4.608004381454455e-5,-0.0027366063173976806,-0.00023117247961525786,-0.0021373448540951555,-0.0006939389476099507,500
16,log_rincome,-0.8694189305564038,0.26580003576078093,0.25295912507630736,-1.318034816335834,-0.3227732448089499,-1.2595493800649147,-0.4486851504978426,-1.1042765786156803,-0.599835637764224,500
16,log_rwage,0.7981395267046446,0.2868524434670974,0.27091121157848697,0.23305956810098538,1.2723431482192784,0.3494159016616595,1.2123561150913602,0.4943310921735975,1.052602625819034,500
16,age_mean,0.01211323991914661,0.0034431302077228706,0.003243962572129468,0.005959948022787866,0.01889267806123629,0.006588382694812747,0.017873222803557923,0.00883418075019607,0.015234865433135455,500
16,female_share,-0.007683050842706076,0.0797943190844365,0.07841617728135762,-0.15658736668719392,0.15298533315941837,-0.13021699394031272,0.1315655358380888,-0.07546555513396806,0.0763415448096201,500
16,married_share,0.18895015483728225,0.06563961026739429,0.06731821637047075,0.055280363241843974,0.3182343626328059,0.07597116331977101,0.2972407764966087,0.12167130085496461,0.2509530622016887,500
16,hours_mean,0.018864428475644096,0.007668843759345533,0.007221783958873915,0.004617751579208082,0.03186602390396348,0.007116765912193283,0.02963882372597694,0.010713396156926128,0.025442620500504318,500
17,intercept,2.8231343496614176e-8,0.004234256743840377,0.0037812021296536056,-0.006855858530541079,0.007587031520209555,-0.006022173780758581,0.006601924446995704,-0.003525792076437888,0.0038684847586001737,500
17,shock_x_ind1,0.011464189722389712,0.014414983712845612,0.015702973698831505,-0.019882947879552165,0.04192661033669895,-0.015441679498672934,0.03652967042493971,-0.0043839974499001195,0.026853150156473306,500
17,shock_x_ind2,0.026718689838704814,0.01421506133027369,0.014984716864095662,-0.0018122188144712352,0.054710062975392895,0.0022198292240842867,0.04952812963110789,0.010900182978001046,0.04137940937992826,500
17,shock_x_ind3,0.0009817935365367047,0.01057206641543386,0.011687288355282885,-0.020424607495093908,0.02500291977931162,-0.018023552003450335,0.020473719988342833,-0.0103169150206231,0.012111203477937918,500
17,shock_x_ind4,-0.0005852968492431471,0.0042748546466041685,0.004305949655556038,-0.009813054546370863,0.00774906267778171,-0.007894962331245623,0.00625588759235835,-0.004555272596799057,0.003554874471865942,500
17,shock_x_ind5,-0.0038347294596623063,0.007617249057950037,0.007865218641357448,-0.0183731989481584,0.011920421333592383,-0.016658246565642004,0.008961405639289903,-0.011540115710232782,0.003984995092165124,500
17,shock_x_ind6,-0.007426073205475008,0.004897335189046984,0.004821256322220492,-0.017687978413946454,0.0012821183982721595,-0.016230091774213223,0.00014747508853435172,-0.0119723911845956,-0.0024736812298156337,500
17,shock_x_ind7,-0.001497210344609434,0.005831605419585154,0.006293980749668778,-0.014525185226755461,0.010742906654711455,-0.012086858762484711,0.008632343327046618,-0.008273501813327698,0.004219248594412622,500
17,shock_x_ind8,-0.000604182158385041,0.005348582353892402,0.005556726179943843,-0.010792493241998994,0.010602411116526603,-0.008578348130069222,0.009106273489816732,-0.005675789661926644,0.004918562542155029,500
17,shock_x_ind9,-0.006329831221322945,0.004835642738674844,0.00468235383819215,-0.014537332360595734,0.0032307583937434188,-0.013376543067449795,0.001857651708806919,-0.010453309688184347,-0.0010453271889742828,500
17,shock_x_ind10,-0.007363576517968407,0.005861814619069314,0.006284380013678616,-0.020104139183084343,0.004701361544979245,-0.01763730282948046,0.002754978649462033,-0.013549066268514194,-0.0011726477144382414,500
17,shock_x_ind11,-0.0024380118332394084,0.011450546858988405,0.012207927962571172,-0.02412079422628655,0.023321008318066425,-0.020740651265068997,0.01871173849335683,-0.013313034012229899,0.009263779749799679,500
17,shock_x_ind12,0.000933130733450907,0.004765639961455224,0.0046175032219958655,-0.007337436297046383,0.010891644182500111,-0.0059880104094120245,0.009326666889428082,-0.0033869115233754053,0.005701284559205999,500
17,shock_x_ind13,-0.006682768969499275,0.00406247227840278,0.004102397180480948,-0.014290618310785439,0.001890654957268075,-0.013087736349626431,-3.987722528435823e-6,-0.010542980041085483,-0.0020806886371050938,500
17,shock_lag1,0.0022439304007520477,0.004149306554018748,0.004373579510369062,-0.006981123749778915,0.010322883733539826,-0.0052653130844201,0.008860575006817502,-0.0022580421909092568,0.0064162601946731535,500
17,shock_lag2,-0.004728364838070488,0.004391977708623235,0.004667963666192729,-0.013540723350910722,0.003768176706141411,-0.012257787303178832,0.0024871719756512814,-0.009793515973081847,-2.1662852871256776e-5,500
17,shock_lag3,-0.006172433334276417,0.004353204335928324,0.004475079308090133,-0.015298759895838208,0.002494961581436285,-0.01410778434312554,0.0009863184948632818,-0.011359594005708617,-0.0021281531381525487,500
17,shock_lag4,-0.006606070986508762,0.004289121348396176,0.004313778324475,-0.015921811456863298,0.0010145737874783746,-0.014444921996840623,-0.00036664990753985574,-0.010952437931249892,-0.0025958636277215214,500
17,shock_lag5,-0.003810084859684562,0.004139118552609495,0.00449722190984814,-0.01271893448582246,0.0043352813638511106,-0.011259607720696898,0.003094797851709242,-0.008286818169103781,0.0005270396486399771,500
17,shock_lag6,-0.003934830358459167,0.004391603080221004,0.004814873771328688,-0.013759302870590625,0.005891447652094178,-0.012015919206818774,0.0034401030644323058,-0.008941545036561496,0.00046411937320598525,500
17,shock_lag7,-0.0053826205451041696,0.0043909055810952505,0.0044769090255104,-0.014265141447897678,0.003336091017015742,-0.013108138547405508,0.001559723401085559,-0.010048499068912389,-0.0011049443423843891,500
17,shock_lag8,-4.4503581570809526e-5,0.0042239007916517295,0.0044782909091674325,-0.009181250870913593,0.008001645806721186,-0.0077287340441321755,0.006926218461104496,-0.004548353578832069,0.003923869607698117,500
17,shock_lag9,0.0030601204301174563,0.0040312669606335375,0.0042837377372914424,-0.005396127892989178,0.011083632440323642,-0.0038967462025550283,0.010104245373129732,-0.0013542033081014573,0.007326238969586512,500
17,shock_lag10,0.0038353830993289456,0.004116603658258297,0.004007066518941984,-0.005212772585290624,0.010897716536999641,-0.0033503681511524194,0.009734999450497732,-0.0004582449330325955,0.007351922199741181,500
17,shock_lag11,-0.00018659304751889738,0.004230244101292362,0.004117471955194429,-0.008618593784919002,0.007539830136213471,-0.007702155763837845,0.006204358034698684,-0.004702022723192972,0.003690340456186017,500
17,shock_lag12,-0.001153975220433628,0.0038998443864935017,0.003921706685791336,-0.008677196660944738,0.007084961174811569,-0.0073793516348326,0.005437374573135782,-0.0051884010198351305,0.00254684226299166,500
17,log_oil_lag1,-0.020222845759565806,0.011862414999455067,0.011187125106982491,-0.03930481712548152,0.0027293880787806635,-0.03619892268998748,-0.0008818558786952655,-0.02982619134943513,-0.007200693684890893,500
17,ffr_lag1,-0.007076414099859049,0.003238293867961016,0.0028141132790037208,-0.012834422357548989,-0.0023375044673929193,-0.01211301449559102,-0.002968326905996485,-0.010204364879659138,-0.004778101088558258,500
17,cpi_lag1,-0.00016714596312075128,0.0003431358682868879,0.00028324497899229976,-0.0007620855659291734,0.0003340774038672784,-0.0006602673659475248,0.00026377216322635247,-0.0004923460688544984,7.581809512862866e-5,500
17,indpro_lag1,-0.0014489471785694196,0.0007997441530398931,0.0007311225150582534,-0.0028110538455228696,-3.561974788266057e-5,-0.0026114186333369483,-0.0003343555083327851,-0.002264376298978815,-0.0007206521548285197,500
17,log_rincome,-1.0837951158173647,0.2870370368409446,0.27259375465274976,-1.56272198914291,-0.5523191106555041,-1.498588269786697,-0.5885534993910119,-1.333025838184318,-0.7737008829506276,500
17,log_rwage,1.0185870115705116,0.31069743789688076,0.2949085200525002,0.4379567889493644,1.5449118080780735,0.4871800478787636,1.4604454098028483,0.6933325367287508,1.2920697000273704,500
17,age_mean,0.014826239903457725,0.0036831216267616362,0.0034738594006470903,0.008197301134166057,0.022154329255907792,0.009501373718112584,0.020403370683463616,0.011378140612307143,0.018271356575613934,500
17,female_share,0.00031113112910395076,0.07730067603639225,0.07580226727925361,-0.1429932970160125,0.15055047842977345,-0.11698309409809951,0.12961880489655203,-0.06792145247466758,0.08306700271725,500
17,married_share,0.21330318551346053,0.06476177241456303,0.0653625462102757,0.06747736674372987,0.3192766087131528,0.0893426328428803,0.304711595498681,0.13578300571004684,0.2638690668114814,500
17,hours_mean,0.021995387125441374,0.008374401557399259,0.007729473904785958,0.006909895146452171,0.0367473095258091,0.009222414246580796,0.03406891599416006,0.01418378672733867,0.02937611054101444,500
18,intercept,-1.4108898861766114e-9,0.004152902200823607,0.003668664834333318,-0.006977073698750349,0.0074079115519136395,-0.005461441210839604,0.006239310482205058,-0.003130302761040868,0.003854927365423845,500
18,shock_x_ind1,0.0014560935223994582,0.014187580828743083,0.014545871467924487,-0.02826819542360757,0.029697719142319366,-0.02216964795073994,0.024588488899509937,-0.01304271163400151,0.016040664214115524,500
18,shock_x_ind2,0.024743950902466415,0.01405375355807694,0.014963301865278021,-0.006431999095016246,0.052638127651841754,-0.001909368078690954,0.04820730567443272,0.00891262013974866,0.038776024978707954,500
18,shock_x_ind3,-0.003825391627368739,0.010635134769722259,0.010758636680297966,-0.026074796226855403,0.01679848502647837,-0.021673682235087678,0.012618009264960758,-0.015407642561428871,0.006175422041451658,500
18,shock_x_ind4,-0.0027945210143550145,0.004498113696420302,0.0044474719972369525,-0.011763148281681518,0.006012234110486731,-0.010260326953527346,0.004325079687682751,-0.006853085653969349,0.0019157668926031296,500
18,shock_x_ind5,-0.006442897698723546,0.007309751529811803,0.007276523936647844,-0.02114554575995442,0.007272265215711848,-0.018237281813076458,0.0059652163060026275,-0.013749709206461562,0.0004187864713320057,500
18,shock_x_ind6,-0.01175163578159015,0.0051303540805671425,0.004895147673422334,-0.02130818662832898,-0.0013588891523681982,-0.01940643613260797,-0.0033248564672438948,-0.01634744904868706,-0.006523530648032466,500
18,shock_x_ind7,0.00040246029130598725,0.005615388544517378,0.006120975094413382,-0.012162166669057659,0.012297873662661664,-0.0098796393833482,0.009676606302600088,-0.00535452499612204,0.006403135087807569,500
18,shock_x_ind8,-0.0021420560596594348,0.004438751823331683,0.004592649768984511,-0.010607406627520926,0.006707523072417516,-0.009603645189376696,0.004986185816620001,-0.006926780476358729,0.0027092337606609757,500
18,shock_x_ind9,-0.007990721707879575,0.00449650677815246,0.004752795344177884,-0.01683546225646298,0.0017358956294435857,-0.015490760293385196,0.0002004891374478366,-0.012374734728668256,-0.0031998009610036426,500
18,shock_x_ind10,-0.007853929970694538,0.006136275319138828,0.006324337988863693,-0.021312364887464005,0.0027907896195859963,-0.019381680336753606,0.0013430336467872175,-0.014461695811841537,-0.0021674949777397965,500
18,shock_x_ind11,-0.008844930359995975,0.0103858491217261,0.010705163170900535,-0.028041774182952714,0.01213007976815534,-0.025487116131847568,0.008397648688112422,-0.019769361705245694,0.0016600665861115109,500
18,shock_x_ind12,0.0012122161708575377,0.004569453033179664,0.004492672494255875,-0.006949211515475411,0.010078682863369146,-0.005885270111340671,0.008779954913184089,-0.0028215937214526414,0.005980568716459842,500
18,shock_x_ind13,-0.0064725388211555,0.003649381866740501,0.0038013304723540295,-0.013736540496517582,0.0014748613485273219,-0.012458251696068245,0.0003675387638906025,-0.009572305557915542,-0.002143141528333419,500
18,shock_lag1,-0.0011015619252183998,0.0042391151234144305,0.004634966799103111,-0.011296562585631463,0.0064680311975218,-0.009493000618883224,0.005457776517843017,-0.006253913097582671,0.0028470722742058863,500
18,shock_lag2,-0.005115066908098819,0.004301613266192688,0.004703041147414506,-0.014421031358450008,0.0033424037557182396,-0.012849617058792487,0.002279342891814323,-0.009825331754925259,-7.079348990645016e-5,500
18,shock_lag3,-0.006716330307330736,0.004256872903728501,0.004753524262862858,-0.016578736595049368,0.002086376392550027,-0.014219389544342874,0.0005989670021020587,-0.011437756326920435,-0.0021917980254170747,500
18,shock_lag4,-0.004958845600472141,0.004095949718868899,0.004514172447622842,-0.013850647427717603,0.003731047948072574,-0.011979407015193374,0.002154642379802253,-0.009304827955303891,-0.00030194467833234224,500
18,shock_lag5,-0.003910453386535861,0.00401939456720982,0.004212011709494395,-0.011972870946163325,0.004420464206543144,-0.01063697005406645,0.0030001868450250054,-0.007894239511344773,4.060494225782006e-5,500
18,shock_lag6,-0.004995800030183381,0.004473231166264774,0.004346162448129261,-0.014430673194936492,0.003268997872625356,-0.012562019491091897,0.0018366286311623087,-0.009418147982785724,-0.000905150550615767,500
18,shock_lag7,-0.003080148951995197,0.004151072046300473,0.00421906136965842,-0.011454407381712491,0.00479575115271399,-0.010003732733243207,0.00408291474080581,-0.007074620482952198,0.0010652745032630252,500
18,shock_lag8,0.0016188765897076636,0.003966338949731522,0.00390270237121614,-0.006456886361008775,0.009213151772994938,-0.00454166967939516,0.008115147047477818,-0.0020904896024450297,0.005340870611257488,500
18,shock_lag9,0.0017491598528231879,0.004102468538590403,0.004273413655233694,-0.007002952553767521,0.00943099544512202,-0.00536295678700471,0.008427036530982673,-0.002571745745302388,0.0060930005400499365,500
18,shock_lag10,0.0021227268597114666,0.00424048918349613,0.004116584551050185,-0.006506400920808158,0.009771159103230518,-0.0050140099208799286,0.008975367369037566,-0.0016669186133752233,0.0061546762123092045,500
18,shock_lag11,-0.0008826553681434724,0.004052707700463016,0.0041618498075871105,-0.009958471185184604,0.0063532205681157364,-0.0077281830065984505,0.005575054624777762,-0.004869897667188179,0.0033696441514594225,500
18,shock_lag12,-0.0017544644152240048,0.003707603257558374,0.0038454016082414,-0.009308120795708292,0.005459582042545699,-0.008471729345657623,0.004391959048035035,-0.00511478027140616,0.001917937234478139,500
18,log_oil_lag1,-0.020294335368221714,0.01151614547452986,0.010917568041309474,-0.03878528847950022,0.0033427802844756367,-0.035694514091516506,-0.0008189678781575175,-0.030169333286608927,-0.008861982536956362,500
18,ffr_lag1,-0.00731491849759562,0.0031674452658830023,0.0027875558530627725,-0.013000192054292004,-0.001729809222225198,-0.012177805476583614,-0.002708318776339145,-0.010204383548982192,-0.004946346640709736,500
18,cpi_lag1,-0.0002611590167590868,0.0003361682310953841,0.00030386303775441366,-0.0009095510431492051,0.00028245671952169444,-0.0007624275549843493,0.0001997747907556125,-0.0005537133888758737,4.1574399545914825e-5,500
18,indpro_lag1,-0.0015920415819084903,0.0007902149086802735,0.0007282766128439038,-0.0029511212631048115,-0.0002696096753116944,-0.002792860249091652,-0.0004946355230554662,-0.0023769941651283987,-0.000885682351584732,500
18,log_rincome,-1.2072104518099962,0.29555887102234724,0.26473750699098075,-1.6597378557892464,-0.6680277723112797,-1.6230429904371777,-0.7320059590484423,-1.428449596107513,-0.902606844544859,500
18,log_rwage,1.173271279915985,0.3217380508411626,0.2871210859898299,0.5937959804453066,1.6966972487637677,0.6633806946229173,1.619294792828814,0.8322732266401813,1.4314847629133212,500
18,age_mean,0.017156912147864134,0.003779648273772492,0.003311297062697983,0.010359054236422187,0.023517993506337508,0.01134324506562509,0.022663576944841952,0.01370859571315364,0.0202519609261255,500
18,female_share,-0.0003132833223965261,0.07637548825586132,0.07494884139033477,-0.1504652671689503,0.1493101690099342,-0.11985299967486136,0.11914775697116506,-0.06780541355823225,0.07807525496393276,500
18,married_share,0.23422004464544785,0.06513195085176937,0.0660526971175373,0.11532400344972121,0.3547042447478326,0.12408503240240291,0.34116704238472373,0.16384222368758775,0.29695646218144,500
18,hours_mean,0.024939980651496236,0.008607522166971903,0.007526008863916091,0.009077956013967717,0.0382519866054046,0.011293136285273285,0.03627515616990287,0.01653465893382131,0.03145757028027026,500
19,intercept,-2.842778167620117e-9,0.004038632873435365,0.003670052409872133,-0.007113853772692816,0.007739493113996554,-0.005780936184268969,0.0065795463083614045,-0.0033251826702272134,0.003733197724530346,500
19,shock_x_ind1,-0.0037080536263087755,0.01298071141510206,0.013400531996739738,-0.028985323526420123,0.022726773113664753,-0.025621818885505417,0.019657552554338258,-0.01607654875545178,0.009594796664311867,500
19,shock_x_ind2,0.029627415994335726,0.014654646692408445,0.01539171374159685,-0.002941815407786422,0.057798897683170106,0.003515834739658131,0.05350376629000262,0.014445131296582304,0.044802299482146715,500
19,shock_x_ind3,-0.009113646469941722,0.011017280902532305,0.011949498050646115,-0.032993734270573435,0.011764722116023696,-0.030162342646240486,0.009037653623753498,-0.02270389660736819,0.0012644802745466238,500
19,shock_x_ind4,-0.005165097497380314,0.004679555639220972,0.004860866623374698,-0.014788382170550833,0.003749221066043288,-0.013302841223838647,0.002469202625514125,-0.009892942409097187,-0.00046306550436265063,500
19,shock_x_ind5,-0.00993058577937699,0.0071691634296045595,0.00773932557328946,-0.0272543700139695,0.004375160682798314,-0.024174317053054582,0.0014141212969325794,-0.018450148046242665,-0.003264442785910561,500
19,shock_x_ind6,-0.013675367859768174,0.004678296460603036,0.0047460973926284995,-0.02310844700084163,-0.0036559782582713043,-0.02143194805564627,-0.00546793697101166,-0.01805206495777855,-0.008881720335107242,500
19,shock_x_ind7,-0.0028851481016030915,0.005826945774307323,0.0060482121388388,-0.014058891603325411,0.008571571092881237,-0.012978483051882785,0.007047375807041317,-0.008899948582912971,0.0030408597254261305,500
19,shock_x_ind8,-0.005613417402226257,0.003778973889332367,0.004355341536845195,-0.01482982553561926,0.002525167864288767,-0.012864836035375311,0.0011029003228729877,-0.009369511061974594,-0.0009661012447023707,500
19,shock_x_ind9,-0.010945723429563103,0.00478731569672986,0.005516331727968074,-0.021711247758434117,-0.0005192831025213661,-0.020328820218695635,-0.002303717379451781,-0.016345128461296748,-0.005273251295201753,500
19,shock_x_ind10,-0.009895618045680342,0.005901594020659251,0.006375348627135604,-0.02408249061275809,0.0009758151891864608,-0.02194294678133485,-0.000637105778361999,-0.01671129067776391,-0.0039788130063747925,500
19,shock_x_ind11,-0.022220745993327927,0.009872252915058959,0.011015122245692545,-0.045564564726949044,-0.0019478264262208452,-0.041612865538067506,-0.005250398223967324,-0.03408518270596972,-0.012851498629425282,500
19,shock_x_ind12,0.0008712542030831246,0.0043576304160466255,0.004184195116641499,-0.006968698498668758,0.0097931292042009,-0.00526633323943786,0.007913699820170513,-0.002805911961062841,0.0052380677341362265,500
19,shock_x_ind13,-0.007932461448874445,0.003649297795871256,0.00396228691955128,-0.015064250427065037,-8.07617593194142e-5,-0.01378129541176961,-0.0009899442364904516,-0.01137504558917642,-0.003422962474013116,500
19,shock_lag1,-0.0015394604183990514,0.004189740004125408,0.004697593157863217,-0.011050573295873837,0.007214597268116615,-0.01009313760237146,0.005975794865493137,-0.006904118251633388,0.0025308627579188163,500
19,shock_lag2,-0.0054914908659885135,0.004205592588344865,0.004470771590990821,-0.013900685884645266,0.0026437702729987965,-0.013039226166246719,0.0016122987234219637,-0.010657137066968045,-0.0013122979223846754,500
19,shock_lag3,-0.0049187897088383455,0.004021679437801476,0.0043037709515561205,-0.013268360345690964,0.0029160591095872767,-0.0122495159047764,0.0017494664448545782,-0.009315582764822933,-0.00041591987225369977,500
19,shock_lag4,-0.004877951737611798,0.003991037876606761,0.004299173732693948,-0.012880873823595436,0.004410362073502792,-0.01156363106997934,0.00250015567151334,-0.008912191439035062,-0.0007406134833938662,500
19,shock_lag5,-0.00475209061619243,0.004099104111170382,0.004224762860221137,-0.012407535970747674,0.0036124370912458386,-0.011456993585751167,0.002134179326353652,-0.008561984930438362,-0.00040987802969356246,500
19,shock_lag6,-0.002071118931234631,0.004226602991041671,0.004276993893680604,-0.009837650147070042,0.006803112949161732,-0.008698874616729938,0.0052664246208899,-0.006126944021254995,0.0022327542081062956,500
19,shock_lag7,-0.0008496186676850235,0.0038273222332661995,0.003982050482930838,-0.007939909038070644,0.007613787794598341,-0.006820683615489482,0.005943507964595677,-0.004762969761903441,0.0032351652334531482,500
19,shock_lag8,0.0007508900989849087,0.0039996070519730175,0.004218241026966269,-0.007591630489465885,0.009569073538966614,-0.0057515576476298656,0.0076227151692630874,-0.0035925406216090697,0.004547423778350161,500
19,shock_lag9,0.00013927627731761353,0.00416349144438155,0.004492448431377415,-0.009303537311560708,0.007620626457837452,-0.007529677177607873,0.00655512115218082,-0.004481918877101511,0.004399469384267427,500
19,shock_lag10,0.001785737549570271,0.0040314876463684104,0.004185802970836599,-0.006736389374357707,0.009462260603577181,-0.005279087202344024,0.008151279128727266,-0.0026611207632234657,0.005866149142352419,500
19,shock_lag11,-0.001492648989760307,0.0038232936829671873,0.003966511463918703,-0.00926100193864662,0.006293728567939983,-0.008140103908210393,0.004964993007613376,-0.005365348667433407,0.0024417660453916325,500
19,shock_lag12,-0.002665678190667949,0.0034431382227866417,0.0033995145432033505,-0.009030168768968522,0.0035237694228362473,-0.008171381156225156,0.002871842409921334,-0.0060217717202461106,0.0008319314309888646,500
19,log_oil_lag1,-0.021006848484151498,0.01101225870662353,0.009966143152263117,-0.039907797075080034,-0.00019800422368830033,-0.037013735145208455,-0.004559260910151917,-0.02913371041803746,-0.010433764161863236,500
19,ffr_lag1,-0.008011793287203497,0.003070886268896845,0.0027200027535504334,-0.013188367431190964,-0.0031988575032883106,-0.012413824086701258,-0.0036670587769925306,-0.011002509837630245,-0.005358466074315273,500
19,cpi_lag1,-0.0002825266969811543,0.0003320154967226804,0.00026982682936218616,-0.0008616837932221859,0.00021550921857576782,-0.0007586145341372564,0.00010119555010996536,-0.0005645391996890481,-2.8778996184117037e-5,500
19,indpro_lag1,-0.0016758508569439323,0.0007720705721201881,0.0006745608240480404,-0.00306010069778102,-0.0004892790923432791,-0.0027937244499386207,-0.0006021161901622548,-0.0023676532360646257,-0.0011021876965235694,500
19,log_rincome,-1.2401112186846859,0.2981654361779164,0.2718984590423731,-1.7535941012608922,-0.7028114323665159,-1.6883964051122007,-0.7821826952134816,-1.4663503966790163,-0.929843527891931,500
19,log_rwage,1.2009768767637607,0.3252558500294234,0.2938440187515495,0.6109681235676474,1.7681393028195158,0.6632380016020941,1.667513510647226,0.8670974281309144,1.4472416209529468,500
19,age_mean,0.01718278098874526,0.0038455232477691346,0.0033992127933669914,0.010046737558788259,0.023551919597113193,0.011239565728298522,0.022313911392566332,0.013777102286168564,0.020363505981724796,500
19,female_share,-0.02447543335220492,0.0715386639684505,0.07322006605949553,-0.18104175586343757,0.10592499721494156,-0.15194161350986557,0.09001403518582893,-0.10157345411110304,0.04153152623442432,500
19,married_share,0.2141844423739464,0.06571109263047374,0.0661309297459045,0.07026261691056741,0.3350907811011141,0.09509095851717227,0.3085374167408182,0.1463865475107167,0.27315342044723856,500
19,hours_mean,0.026326123054057425,0.008630130447908847,0.007661702964569047,0.01128862814438314,0.041434689015915904,0.013293141688722287,0.03823550761377548,0.01776213322506764,0.03253084326597451,500
20,intercept,3.591525120976912e-9,0.0039285422854222945,0.0032437336879057276,-0.005671534568196631,0.006409771645448028,-0.005056188411590404,0.005505629920162316,-0.0032785869665530806,0.0033215267938550763,500
20,shock_x_ind1,-0.004449413990421001,0.011198921350287508,0.011666024304254986,-0.025319812688619155,0.0201472638792395,-0.022541061917676727,0.015502623330725105,-0.015230274925568348,0.008553260434380186,500
20,shock_x_ind2,0.029411326298329123,0.015158193937270999,0.016085982953138227,-0.0030192900974881105,0.05952130600860401,0.003933037935712302,0.05564742150962851,0.013272282206588597,0.045827940812957636,500
20,shock_x_ind3,-0.011806139356292544,0.010797175275345466,0.01110004663337345,-0.03308990224474042,0.010459686321759518,-0.02996209045659782,0.007031060174708558,-0.02244517057789166,-0.002113446219287361,500
20,shock_x_ind4,-0.005623777294053078,0.00480352404413207,0.00472672823673394,-0.015577574376544102,0.0028478262082179536,-0.013945834409885992,0.001934610762870977,-0.00994050944184142,-0.001034742517418449,500
20,shock_x_ind5,-0.009844988811470522,0.007278428331008806,0.007571673139327797,-0.02428777186426026,0.00484748935195118,-0.022453187443751202,0.002074699856811214,-0.017550775264918012,-0.002855979316440391,500
20,shock_x_ind6,-0.012062489181568237,0.005029154500797523,0.00505405976286602,-0.022250275129722843,-0.0023043215104592875,-0.020254496008376026,-0.0037075647938645305,-0.0169132273445799,-0.0067404008620489085,500
20,shock_x_ind7,-0.006506085540236943,0.005403218739670664,0.005723341342103799,-0.017829389075767053,0.004213380000726682,-0.015886144671424945,0.0030554459118511943,-0.011972104102533233,-0.0007482660320162174,500
20,shock_x_ind8,-0.004732678704750109,0.003722833990747844,0.004054083043676308,-0.012878375979321531,0.002958306469715618,-0.012272396864338706,0.0018413012301186772,-0.008384468579147947,-0.0006162322345608375,500
20,shock_x_ind9,-0.008592494079164514,0.0045322393419465505,0.0050577220710776695,-0.01866659727562217,0.001486467411163029,-0.016751650908172763,-0.0002445213092025017,-0.01317508656544763,-0.003582116682003421,500
20,shock_x_ind10,-0.00954242264929554,0.00570300222352747,0.006049160309486798,-0.02050202153384894,0.003063926311002224,-0.018819477288283825,0.0006877267173154783,-0.014939103467215428,-0.0036906527645085697,500
20,shock_x_ind11,-0.026512769329177524,0.00895539901736763,0.009337015779599368,-0.043787429612130974,-0.007482928133950033,-0.04146334238319953,-0.009893690668124604,-0.035229672063239285,-0.01686415849021546,500
20,shock_x_ind12,0.002671802242552424,0.004141688294855726,0.004160126329231323,-0.005972517885268564,0.010982208024386174,-0.0040093313266475125,0.00956656571419767,-0.0009628917417319875,0.006797256349743511,500
20,shock_x_ind13,-0.006296749798840244,0.003582425147995099,0.003733317158111677,-0.012746720036141253,0.0011983643345283884,-0.01189072502743434,0.00037826204318489303,-0.009874188988766628,-0.0023483081122096182,500
20,shock_lag1,-0.0021383256845762056,0.004117373461274651,0.004483840111723404,-0.011330413664147984,0.005823171545767298,-0.009988347625549633,0.004745129302818404,-0.00714530992083556,0.0021388427731204532,500
20,shock_lag2,-0.0035779129839926026,0.004051885145508691,0.004211852782996107,-0.012003510622023353,0.004342864599317816,-0.010637994604885407,0.0032052829685357267,-0.007834551062292312,0.00047685118125688963,500
20,shock_lag3,-0.004605304890879371,0.003991864071658729,0.0041625672932166825,-0.013340114066808876,0.0029757366715150663,-0.011812583622252508,0.001928085650332005,-0.008968204492599106,-0.0005639392361978844,500
20,shock_lag4,-0.0057654394181994376,0.004035279050978099,0.004266125997540666,-0.014239423065121914,0.0026119515299735975,-0.012829486850391527,0.0015657944717797636,-0.010151364759817968,-0.001671150924762338,500
20,shock_lag5,-0.001976632336237896,0.0038091063053983126,0.0040606186950450165,-0.009925874796986686,0.004968526178884705,-0.008957238976387557,0.004166467374283362,-0.006270295422322678,0.00219416121124778,500
20,shock_lag6,0.0003940252524865717,0.003814621236025459,0.004084092805909824,-0.007443706916891811,0.008023217542120408,-0.0064774554142577895,0.007112212701624359,-0.003327860943307435,0.0045976008939561195,500
20,shock_lag7,-0.0016452893677317225,0.003912988197274696,0.0039664845008188536,-0.00997646441744408,0.005919407370207481,-0.008035462460427556,0.004580087012681199,-0.0052391808306851435,0.0024585122493773403,500
20,shock_lag8,-0.0006656793361243268,0.0040086079098166855,0.0041287898844766325,-0.009183281061982365,0.006571385493473305,-0.0076549002798487675,0.0056362574351026444,-0.005069153451941801,0.0034965333999487733,500
20,shock_lag9,-0.00022578783514104415,0.004025217933257368,0.004061740981366917,-0.008691286959668268,0.006579629127219591,-0.007418273494922887,0.005874770420909894,-0.004160907674411303,0.0038301322179587114,500
20,shock_lag10,0.0011401691065053776,0.003806336295525929,0.004001762739749824,-0.0063710522627488265,0.008230963516328918,-0.005455739174646535,0.007070436010952928,-0.003035386138565986,0.004938886534189952,500
20,shock_lag11,-0.0025889246109487684,0.0035706751333763535,0.0037457776652043543,-0.009640149942913973,0.004515905093549949,-0.008657162285767583,0.002749687699617303,-0.0065362611918246116,0.0010178505542685857,500
20,shock_lag12,-0.0035937340730078354,0.0031316008245581882,0.003194245928617333,-0.009499450818069419,0.0029729680059000477,-0.008133727520825475,0.0021178026778139476,-0.006634559288598361,-0.00025680799719633675,500
20,log_oil_lag1,-0.02062236297905508,0.01042454030986839,0.009635206751426461,-0.03687802948310073,-0.00010351033808508056,-0.034835268306913435,-0.003024001876837126,-0.028710699906817506,-0.010036831811973448,500
20,ffr_lag1,-0.008812114834164915,0.002954898688387589,0.0026694184552181707,-0.014430325447592186,-0.004331580549155847,-0.01366073004177984,-0.004974460483271518,-0.012085420037797298,-0.006599083931226461,500
20,cpi_lag1,-0.00032049835108913265,0.00033183403828289517,0.0003070964688041486,-0.0010027596522844072,0.00024415870007177005,-0.0008725504959060578,0.000117386531604095,-0.0006559005325423644,-5.1305133736036653e-5,500
20,indpro_lag1,-0.0018931284808422592,0.0007527612542685752,0.0006815484471359936,-0.0032287628158734903,-0.0006589166837019194,-0.002987316090944654,-0.000795015415765643,-0.00255015461506276,-0.0011823337107787928,500
20,log_rincome,-1.1392279390527746,0.29669817340022603,0.26718546854206277,-1.6261760695372853,-0.5915224514870097,-1.5544960422819933,-0.6662797788924738,-1.3871188829495387,-0.8511645236701866,500
20,log_rwage,1.0925520328815748,0.32117012773461867,0.2859660451835062,0.5081625766182493,1.6028496213403265,0.5851876805719889,1.5448554019161382,0.7770862564962941,1.347929202288087,500
20,age_mean,0.01755698297508551,0.0036115031773243838,0.0031546633242717607,0.011350697020299772,0.023605484238655376,0.012470863010785972,0.022804558870091043,0.014298850395767606,0.020568306325307564,500
20,female_share,-0.03671638520187645,0.0653791719872914,0.0675937722165068,-0.16844985297120812,0.10414206276065113,-0.14863991748406447,0.06574832352050954,-0.09909809379486612,0.0311628285852234,500
20,married_share,0.16357240591978786,0.0593472026349869,0.059578665896618914,0.042578804144645724,0.27147789112176424,0.059068085555022624,0.25890467415841784,0.10332473480467988,0.21820744501277112,500
20,hours_mean,0.02659152878289037,0.008527968957835079,0.007621554036138273,0.011150605363642305,0.041705464753590084,0.014041212272121652,0.038951135976727565,0.01848285847595023,0.034077654365493225,500
21,intercept,2.313514514494081e-8,0.0038143528405891105,0.0032559699388936586,-0.006012460248499838,0.006085705804258044,-0.005288053488267902,0.00515529301938861,-0.0028557049788426416,0.0034742862550621373,500
21,shock_x_ind1,-0.002762778359937253,0.008818247423222597,0.009236350433010573,-0.017597246354627692,0.017939685672277564,-0.015189386473382534,0.014308054021315793,-0.011196831180022931,0.00731757347264308,500
21,shock_x_ind2,0.020917496593113347,0.015444831307876711,0.01637559691818844,-0.013363320505293631,0.052549176639904105,-0.008101573567525748,0.0457193894276949,0.004630591571658847,0.03692329054831234,500
21,shock_x_ind3,-0.012358348790432306,0.010490387680156206,0.010854975761032972,-0.03526312148072302,0.008899799918368222,-0.03132617352860267,0.004707705903489129,-0.023207374104255527,-0.003170130878727685,500
21,shock_x_ind4,-0.009226887459265299,0.00523749442610754,0.005357686116792119,-0.019638446922558353,0.0012541261407786439,-0.01791109725245606,0.0005536731283215994,-0.014270204876829907,-0.00340884256576473,500
21,shock_x_ind5,-0.011686478154518778,0.007204845655904196,0.007462382448124998,-0.025816206260290367,0.0021726303648367893,-0.023888442320682,-0.00010952653105509119,-0.019310359946307396,-0.0039819312736102,500
21,shock_x_ind6,-0.01214473189131013,0.00508504452158325,0.005376820234454269,-0.022799539606086442,-0.0011025441350971128,-0.02062343491723645,-0.0027582374981691346,-0.017061716935703058,-0.0068626577280808,500
21,shock_x_ind7,-0.0038413438883054367,0.00560177925587712,0.005690973116793167,-0.014967929168905686,0.007218750924676349,-0.013273868266926109,0.00572333035082674,-0.00905938172049875,0.00215132740777319,500
21,shock_x_ind8,-0.003039442326508849,0.0037957150158114657,0.0041732049645234895,-0.011553310111969573,0.005128301770525572,-0.009853161726767914,0.0035586655898757996,-0.0067742251033351105,0.001549605730394549,500
21,shock_x_ind9,-0.00889326439409094,0.004857363872096138,0.005288232558813243,-0.019462307399214354,0.0009796643698862097,-0.01769374661124203,-0.0007067985785680666,-0.01383777103688281,-0.003682166341721015,500
21,shock_x_ind10,-0.010477904827918114,0.005300534748969651,0.005698642462055753,-0.021627141384279007,-7.020944733186115e-6,-0.02008583050800823,-0.0013886304045840339,-0.01606425793565608,-0.004423240272880467,500
21,shock_x_ind11,-0.02493140170182821,0.008876948571194867,0.009733108584969334,-0.0430611527691466,-0.005721857714947685,-0.040880716624328545,-0.007838172781643426,-0.03347492796667211,-0.013969937550969806,500
21,shock_x_ind12,0.000387575064961655,0.0037225344733250666,0.0038614805401497813,-0.007629460104954702,0.008084012087911083,-0.005662995281309005,0.006259621413549857,-0.003039959494678066,0.004477154665408381,500
21,shock_x_ind13,-0.0027799097731033913,0.0036881034984880398,0.003900242683915392,-0.009688085702663198,0.006164687820410667,-0.008232491887438634,0.003969508992852564,-0.006018537388989104,0.0014441650228464433,500
21,shock_lag1,-0.00033419188207132886,0.003994647736658943,0.004478655413725038,-0.009256185975538667,0.007886476813725445,-0.007736497223086064,0.006365598791106814,-0.005047084637871754,0.004059079149890045,500
21,shock_lag2,-0.0035051899062124216,0.003994322305132125,0.004333249189443486,-0.012757288039265412,0.004315876150787891,-0.010678665359069158,0.003477265977072631,-0.007590604456533488,0.0009635044733238278,500
21,shock_lag3,-0.0055102958147858405,0.0040706756461473224,0.0040432103404130885,-0.012886706138568271,0.002746468122252981,-0.012013503196479012,0.0009051511300334646,-0.009214505629281089,-0.0012979701511032888,500
21,shock_lag4,-0.0031120432096549706,0.0038189729171715535,0.003614885474715508,-0.011078280957006421,0.003405390356886741,-0.00929781985739386,0.0021937182414404456,-0.006741044554447448,0.0003542699645360077,500
21,shock_lag5,0.0003394480952889733,0.0034270994811474824,0.0034786370043137734,-0.007640748167855583,0.006605014944800299,-0.005846089049466407,0.005377475376847184,-0.0034043384681519987,0.0036264953842906024,500
21,shock_lag6,-0.00025021753806336877,0.0038146730028211914,0.0038672788488747513,-0.008685067693277601,0.006179744951564392,-0.006979482296683193,0.005440053237194235,-0.004488876838744049,0.0033997885685227566,500
21,shock_lag7,-0.0028417198585567243,0.0038816342045477027,0.003963226753072005,-0.011751707761770614,0.004053320317712663,-0.010451576692875933,0.0030750086829058275,-0.007227172455265354,0.00040368409134592975,500
21,shock_lag8,-0.0007918953360430088,0.0038824934914867774,0.0040643551484530836,-0.009196033525155769,0.006431349349273757,-0.007938451750098397,0.0059592660831999066,-0.004964800196349858,0.0030000639754477836,500
21,shock_lag9,-0.00040736724311463986,0.0038395139943557515,0.003746764508930559,-0.007849338762699965,0.0065248060428176845,-0.006582635111047378,0.005668627295415071,-0.004260563089273201,0.003020194191011604,500
21,shock_lag10,0.00029703580266609783,0.0034956007598671876,0.003462486929351402,-0.0077346543396588936,0.006386167833387648,-0.005829823094081034,0.005477962921407218,-0.0032048800701504885,0.0033287322166411035,500
21,shock_lag11,-0.0032039990693156113,0.0032370318611261877,0.0033002231719115645,-0.00979315095709713,0.003259589410410129,-0.008744408839484666,0.0020959588867391914,-0.006579500799324203,-7.429511882891592e-5,500
21,shock_lag12,-0.002871452508677311,0.0027586743984863837,0.0029635184258417473,-0.008131912136140042,0.0035606453412407946,-0.0074185911341468815,0.0022915473253154743,-0.005489825248538464,0.0005120349396216666,500
21,log_oil_lag1,-0.020520537644000202,0.009901858065740557,0.009379467091565449,-0.036696144289900895,0.0022138065543793133,-0.03345073291829176,-0.0029197440182233956,-0.02850695947782702,-0.01006286993866411,500
21,ffr_lag1,-0.009928586560095855,0.002831611149334875,0.002431136950420676,-0.014794910732160708,-0.005060218985162972,-0.014132082045674567,-0.00605366176193652,-0.012442762059490015,-0.007783108429302737,500
21,cpi_lag1,-0.0003020677897782174,0.0003348191305473167,0.00030051560317789945,-0.0009462116974177538,0.0002526001837701784,-0.0008314405851706165,0.00012835181383352,-0.0006502677041455742,-3.194106245733375e-5,500
21,indpro_lag1,-0.0019808647834687323,0.0007363914568407589,0.0006939499289961474,-0.003333216647697761,-0.0005126352305007658,-0.0030668490417057543,-0.0008693618970960521,-0.002655516041764529,-0.0013831593091506585,500
21,log_rincome,-1.007006053922765,0.282105714145513,0.25806565076284865,-1.4809988891720238,-0.4742389713314924,-1.4225461783118358,-0.576782384066193,-1.25326003743918,-0.7467987626942905,500
21,log_rwage,0.9301670838573918,0.3048484104189215,0.2743681423676605,0.3679295739676735,1.4292799324769492,0.46991422541193056,1.3706282394372862,0.6348779526748051,1.1850232750775969,500
21,age_mean,0.01604981418012594,0.0035908391274692072,0.0033198524252620624,0.009415680990705135,0.022816483340357768,0.010972083171750219,0.021938270760338666,0.013076288087454015,0.019494145316455606,500
21,female_share,-0.06267379034913535,0.06303778236339941,0.06041294310876828,-0.1750103645266443,0.059747048993351294,-0.15676630073665546,0.037853697931249194,-0.11780370603161239,0.0005260682583159889,500
21,married_share,0.12923187736812441,0.05564933600724122,0.05786857912736497,0.01563930714490988,0.23734748345222167,0.031821363382637316,0.2214168282677173,0.07154694404237574,0.18309664129230638,500
21,hours_mean,0.02659110245001193,0.008005299213713695,0.007109244746854095,0.013103629963870005,0.03993142532189963,0.014411834265927768,0.03753407324660346,0.019045238096796886,0.03351768848226859,500
22,intercept,-1.0568164882093707e-8,0.003725382397063527,0.0033318508812318335,-0.006283620390259943,0.00620393256909268,-0.005458849259811376,0.005274078198724708,-0.003492841839092826,0.003142242364800508,500
22,shock_x_ind1,0.0013356670818657878,0.006199596269523594,0.0062221427857801,-0.009813221904947014,0.013996721844401788,-0.007728442046252096,0.012647820730376387,-0.004344989825689488,0.008055826013004986,500
22,shock_x_ind2,0.018420680206286327,0.01615425139337759,0.01737918377491165,-0.012474053913017705,0.05474616896818043,-0.008343145191085106,0.0469830408011916,0.00025282931174075494,0.035304650596966296,500
22,shock_x_ind3,-0.009578546225007067,0.010821831984725614,0.010933365795726794,-0.03068358816788091,0.010947385699090262,-0.027046181551921022,0.0076148462361041586,-0.021072855430562556,0.0011124655044180373,500
22,shock_x_ind4,-0.006460249892639037,0.004945747333717014,0.004685670267740665,-0.015851791668703506,0.003781427228189833,-0.014904547341830892,0.0016831487914289163,-0.010351737315607703,-0.0019364963095195042,500
22,shock_x_ind5,-0.008295635965060883,0.006929873284288994,0.00692270744946103,-0.021747972711746655,0.004725257300956456,-0.020329024489009907,0.0023980319415179163,-0.01505806646432947,-0.0010661471133956934,500
22,shock_x_ind6,-0.013770369268856317,0.004687299338022586,0.004741775765862529,-0.022695933326598777,-0.004270830234495726,-0.021265983713960674,-0.005701626048582683,-0.01807728961499515,-0.008776049605115459,500
22,shock_x_ind7,-0.004265224212176907,0.0048919988645179996,0.005464480721768227,-0.014268809100017765,0.0066795317895495905,-0.013412440253074644,0.005275195595316463,-0.009366897998841892,0.0013972783849284713,500
22,shock_x_ind8,-0.001717836747658979,0.003565568497280062,0.00387498167803912,-0.00913813337015785,0.005620797786878803,-0.007631348306844905,0.004712700405622753,-0.005148687363403677,0.002641306040645367,500
22,shock_x_ind9,-0.005096763445153654,0.004862911003723112,0.0052781209274724355,-0.014651531078935881,0.005452816264979232,-0.013308189200061358,0.0038339632242767314,-0.010126279057985351,0.0006807777956174519,500
22,shock_x_ind10,-0.012847911270253065,0.005264193336875719,0.005617067673511609,-0.02370345506608077,-0.0027829227422717304,-0.022226653265244513,-0.0041394979493795635,-0.018465811412612283,-0.006817691253784143,500
22,shock_x_ind11,-0.013367569837484635,0.007960526543909566,0.008567979722783446,-0.029934347272544563,0.0028790122254620035,-0.02785332910649555,0.0004318385999420925,-0.022212280056704146,-0.005289075023565232,500
22,shock_x_ind12,0.00020583006870826155,0.0033416916805264693,0.0035508510453945855,-0.007644324370208009,0.00732733168709759,-0.005521404509000144,0.00601805537900481,-0.003100042225104106,0.0035849027352959527,500
22,shock_x_ind13,-0.0005459231676169795,0.0036465330322470483,0.0036999500264894404,-0.007576378221197196,0.006536185295302092,-0.006332035284044313,0.005378667459142336,-0.004054356473204244,0.003287740020375203,500
22,shock_lag1,-0.0003389429403863226,0.004012099526559148,0.004440421203206483,-0.00891929497462572,0.007895710346300055,-0.007891319248027225,0.006636803238025136,-0.005127249625792853,0.004208070161020637,500
22,shock_lag2,-0.004497931815147334,0.004049692928939866,0.004609975932817539,-0.013543382114713384,0.0043268152333047205,-0.01231615125773156,0.002962357854927275,-0.00911024703564495,-8.878515677037289e-5,500
22,shock_lag3,-0.0025921225573115807,0.003912964731120063,0.004295334880431812,-0.011843487283908043,0.00552489275748737,-0.010248466038035215,0.004079442568041197,-0.006991926522863716,0.0014454720112999939,500
22,shock_lag4,-0.0009248865482363688,0.003485783085634145,0.0038162603945391276,-0.00890902398142904,0.005964511722690472,-0.007374619606885283,0.00518115648787372,-0.004445244033033231,0.0028526056806273525,500
22,shock_lag5,-0.00032991228846318966,0.0034002151747236794,0.003487390869326966,-0.006853162432750911,0.006607869648202149,-0.005581418385596753,0.0054259611942252635,-0.0036599581514634087,0.00314031480080193,500
22,shock_lag6,-0.0014919919973294979,0.0037182941045180874,0.0036430221799938277,-0.009232896197209552,0.005138299994596964,-0.007450580429952264,0.004078980816834712,-0.005259921099435024,0.0020372868008168227,500
22,shock_lag7,-0.0028140534675869214,0.003718484041957905,0.003634352433367341,-0.009596711378442013,0.004146750499336317,-0.008939688424273035,0.002822599881806121,-0.006513674282221105,0.0008101857794416145,500
22,shock_lag8,-0.00065701733387485,0.003767982612401031,0.0035335193353090723,-0.007339843291721512,0.006156776940596596,-0.006501189836939021,0.0050718407319758916,-0.004253673061565509,0.0026933718212461552,500
22,shock_lag9,-0.0007512541910745115,0.003670690829182588,0.0036518301309506045,-0.008562056107849532,0.0063061347896782236,-0.007141631665902461,0.00511040004016607,-0.004133928087455049,0.0028623965440873434,500
22,shock_lag10,-0.0002723711164271194,0.0031965535970786595,0.0032039559919461945,-0.006139706480340648,0.006508741488531101,-0.005162519972076711,0.005144548406385334,-0.003201567277473883,0.003106664410059024,500
22,shock_lag11,-0.00222223210167175,0.0028778547892102974,0.0029369937761565077,-0.008182316893864838,0.0035515287379634247,-0.0068754601211105295,0.002482966686778575,-0.0050654731450153565,0.0009287001041266248,500
22,shock_lag12,-0.0013615317914146224,0.002532350594937294,0.002752626614649365,-0.006425269086103228,0.004503594967039914,-0.0055653275306246,0.00341674049183744,-0.0037591380118177295,0.0015481262219580953,500
22,log_oil_lag1,-0.01990174143750799,0.0097978728009249,0.008391481372917897,-0.035841202947209015,-0.002169540249756733,-0.032968607125802886,-0.004937066871485066,-0.026527949382429354,-0.010196569370338734,500
22,ffr_lag1,-0.011010471480615208,0.002698802015405907,0.002251947562494822,-0.015656573294396847,-0.00700888939704692,-0.014995130463592531,-0.007558564942934726,-0.013543083003714908,-0.008884802963013317,500
22,cpi_lag1,-0.00034542491545346433,0.00034622052536295995,0.00030586515972292434,-0.0010013532297312759,0.00019890765968007468,-0.0009052337729395367,0.00012254919578650225,-0.0006899281810223442,-9.404839668369927e-5,500
22,indpro_lag1,-0.0021289932574446416,0.0007326016885346836,0.0006334117682507891,-0.0032641544294846328,-0.0008240075590905224,-0.003102439790124873,-0.001061746770823215,-0.002678929568811697,-0.0014129910656777113,500
22,log_rincome,-0.6775073775720982,0.2685526860514434,0.2401134151868556,-1.1845665814527204,-0.25747511907436826,-1.1114968686617759,-0.31059293474934974,-0.9212672582725039,-0.4511824461017986,500
22,log_rwage,0.5643224757337745,0.2927726830241072,0.2559141284498653,0.09034279787814156,1.078508599236836,0.1436944990869895,1.0175667855434036,0.31882058669717683,0.8040126454679637,500
22,age_mean,0.015148765668296779,0.0034769023415167355,0.0031685712789035025,0.009245470003000241,0.0213971349377274,0.010030521866988926,0.020347150669012153,0.01214767150229324,0.018402817010282006,500
22,female_share,-0.12644711850561755,0.06326746938108206,0.05907033054178956,-0.23717574260781374,-0.009742842792190433,-0.22014607877395512,-0.024930383482962233,-0.18110090659014597,-0.061998943020624434,500
22,married_share,0.024380211599677588,0.05582125234606269,0.055525314439559596,-0.0793809936277179,0.1301602148466175,-0.06579399990524196,0.11494330872284883,-0.029249994746811378,0.08348583407601269,500
22,hours_mean,0.020854347491970304,0.007796125180905607,0.006916071419915367,0.007977329409811953,0.03505052371869616,0.0102058752505207,0.033037546191377734,0.013947144302194322,0.027333146899444008,500
23,intercept,-1.8746467940539953e-8,0.003683012596364773,0.003108320723246345,-0.006674951801519237,0.005767145065701383,-0.005401897628997089,0.004582262512081946,-0.003130451983681614,0.002999336788789756,500
23,shock_x_ind1,0.0028541937380574195,0.005290078920433557,0.00572052943291259,-0.007720759593344216,0.014365518305509865,-0.006483114364902004,0.012649235434396324,-0.0021607782094824,0.008780190286511752,500
23,shock_x_ind2,0.01687112881999153,0.017941296769123115,0.018638139570922172,-0.018267411224799385,0.05426911727182489,-0.012291003826801261,0.04752768606685385,0.0003063306150328284,0.03587898724386724,500
23,shock_x_ind3,-0.01057552750558859,0.011048743753941681,0.01187653311603639,-0.03289634778812431,0.011819224351439218,-0.030434679333647595,0.009674040687678489,-0.02259782504927005,0.0015217943048493018,500
23,shock_x_ind4,-0.005346455173886864,0.004222949588838202,0.0042402063631081024,-0.013307358495960169,0.003157703247503479,-0.011959175960777639,0.001680643192886908,-0.009037064163598582,-0.0009706366786217259,500
23,shock_x_ind5,-0.009177670516536743,0.006562972233379564,0.006686781909363072,-0.021977828645530953,0.002976231646900724,-0.019557946929674674,0.0019091976822432988,-0.015514037828708797,-0.002105625192710088,500
23,shock_x_ind6,-0.01220604310224819,0.004525966937903452,0.004758784204783218,-0.021564922056103233,-0.0031670990441408963,-0.01982062278087474,-0.004250891730410419,-0.01641801811266821,-0.007224275865883142,500
23,shock_x_ind7,-0.004638130488937663,0.0051033934863345155,0.005605505210926893,-0.014658290273681346,0.006262635334188178,-0.013681736232739918,0.00420758725869994,-0.010467903381694265,0.0006369037186051012,500
23,shock_x_ind8,-0.006731809959986864,0.0034601263528840636,0.0036104044320791114,-0.01428264756257567,-0.00031854204896919307,-0.013008535102309628,-0.0011543811477432138,-0.010070965977133754,-0.003021924144178889,500
23,shock_x_ind9,-0.0007427995575631964,0.0046349814288741105,0.004958822955778518,-0.00997977279582735,0.009127370680898361,-0.008454765434587272,0.007792893217539773,-0.0053666201648973145,0.00482244169478491,500
23,shock_x_ind10,-0.015504335734604968,0.005411959266085264,0.005714350729135007,-0.02598763477983529,-0.004456026439095982,-0.025108964521182487,-0.0057528886925365275,-0.0207423251560034,-0.009560836760130961,500
23,shock_x_ind11,-0.01006242456246253,0.007782640169729176,0.008666116677495977,-0.02647935894001399,0.006933608555277688,-0.024338920012532333,0.004405804991724234,-0.018339611059249417,-0.0015270795092659807,500
23,shock_x_ind12,-0.0033403125018109736,0.0032393523429011402,0.0032627037951858465,-0.01024647433001041,0.003818311677923186,-0.008190117987108452,0.0021626878106590737,-0.006069300872286777,4.3013772018642885e-5,500
23,shock_x_ind13,0.000679229308522508,0.0040360931317408874,0.004333596764260431,-0.007260175771473662,0.01045871598050183,-0.005986888027607028,0.007714554658422268,-0.0032371788002751884,0.005250613333597758,500
23,shock_lag1,-0.001382582492701399,0.004195997318181814,0.004615670958078195,-0.011012630319713078,0.006161956786986875,-0.009407620832414957,0.005350599146109011,-0.0062755347831294885,0.003057362667860426,500
23,shock_lag2,-0.001826976959654614,0.003938319254642246,0.004369800191183524,-0.010367521158358152,0.007082386952739978,-0.009142606955243592,0.004988613077564545,-0.00653696447216434,0.002303960273853227,500
23,shock_lag3,-0.0003681403063146077,0.003673100244664603,0.0041055989214205755,-0.008812573697345701,0.007246154742815633,-0.007514484378338347,0.006143784364219111,-0.004571721831304618,0.0035478837113845666,500
23,shock_lag4,-0.001887690918499023,0.003593811766720571,0.003790545436034517,-0.010031580676453536,0.004515836111713082,-0.00895415090969599,0.0034870581170349693,-0.006166599759351082,0.0016058152110680628,500
23,shock_lag5,-0.0019060813944074503,0.0034243941390847063,0.003529519054695809,-0.009672070777727707,0.004513100887530559,-0.008654888408513486,0.003514573215904429,-0.005923685635764892,0.0011391357320722755,500
23,shock_lag6,-0.0018591297230592357,0.0035940765450091588,0.003630365585927224,-0.009277180093666317,0.004630251643400142,-0.008220512736157924,0.003412794361560357,-0.006005777295319066,0.0013192328842831812,500
23,shock_lag7,-0.002881732997867261,0.0036434485330735225,0.0037286194849560335,-0.010349514023254156,0.0040752095405546295,-0.009317476239678431,0.002599815268069346,-0.007302494195434368,0.0003167233687519656,500
23,shock_lag8,-0.0008855634577399658,0.0036399595954439905,0.003577499329298014,-0.008247108992811933,0.005944409075877219,-0.007505316651152659,0.004380698804362678,-0.0046351881218185675,0.0024228290279590396,500
23,shock_lag9,-0.0008918888789777037,0.0034513117540512952,0.0034355954802881496,-0.008224464405222665,0.00508539491485671,-0.0066514228214313315,0.004431514785896636,-0.004675212603299303,0.0024681450589185356,500
23,shock_lag10,0.000489054864457428,0.0029506490906451165,0.003039541143581268,-0.005555122567844993,0.006191360567571856,-0.00448480327581646,0.005326866180882624,-0.0024777014499698983,0.003549027470599002,500
23,shock_lag11,-0.00037985448101914384,0.0026965806207724825,0.002954959597608566,-0.006452016272824367,0.004973429491680311,-0.005506839476321791,0.0041936985519331164,-0.003390787171347237,0.002231134969211299,500
23,shock_lag12,-0.0005622472044264273,0.0025760533225554277,0.002849057627466981,-0.006209074715717366,0.004629502711079991,-0.005216584686691525,0.003948807649586473,-0.003420503700810905,0.0020419031645844193,500
23,log_oil_lag1,-0.01913055792590466,0.009875897179124885,0.009542184110738577,-0.03383817385928119,0.00188981028981749,-0.03168549399902817,-0.0007837285709697318,-0.02686191606546969,-0.008345955512599755,500
23,ffr_lag1,-0.012385911409734413,0.0026530896086495457,0.002278659176560409,-0.01717078902939482,-0.008375690799065756,-0.016481865895936754,-0.009178774642432263,-0.01513508813393422,-0.010701660412754012,500
23,cpi_lag1,-0.000321440522722859,0.00034975150603245143,0.00033696959681290455,-0.0011869213995734462,0.0002426382731114519,-0.0009534647352997637,0.00013240320486854984,-0.0007093674340755119,-4.732350669027366e-5,500
23,indpro_lag1,-0.002196185746866101,0.0007532691620498156,0.0006364424867770788,-0.003397260928048814,-0.0009481763512355013,-0.0032335214359089886,-0.0011051632316456644,-0.002735990443576622,-0.001485194797463785,500
23,log_rincome,-0.23706711533601754,0.2314183943998181,0.21013365278832336,-0.6452847666877942,0.18338044782115942,-0.5892212903565373,0.11836452402104394,-0.44728903411974136,-0.03449524818480534,500
23,log_rwage,0.09339125769099786,0.2541979098105783,0.2249488870525237,-0.35111245595463964,0.5328840712696136,-0.2899377969553018,0.4524657626211271,-0.12935761238753948,0.3193000772672385,500
23,age_mean,0.011540354185721132,0.003482163678182508,0.003136749456718299,0.005454663565941457,0.01734513857943231,0.00638156218323729,0.01664779659636543,0.00831719442518931,0.014643392569653475,500
23,female_share,-0.17380290598418666,0.06694793813882075,0.06935362536128384,-0.3022249724629138,-0.03199527591968156,-0.2837662631032492,-0.05703855945091218,-0.23797021613507954,-0.09601242194128622,500
23,married_share,-0.026440411458639228,0.05740821308299789,0.05775216244298461,-0.1393447292518768,0.0948020636807267,-0.12063583487637551,0.07319326955180482,-0.0780030376523627,0.03136527253152469,500
23,hours_mean,0.011172382879982795,0.007279636675559394,0.0068176273498963946,-0.0030426794061027707,0.02403377509380085,-0.001058108145273478,0.021479502778775836,0.0040327606373450255,0.017760922296876102,500
24,intercept,-2.9324956238005047e-8,0.003715692175386168,0.003138857525917991,-0.006297881667583884,0.00601280066556693,-0.005013406434888243,0.004900954105050589,-0.0029813269306667393,0.003254357665529304,500
24,shock_x_ind1,0.007025334585574892,0.006174518307858874,0.006234876531971967,-0.005355297791669102,0.019478866068785766,-0.0030846213504701456,0.016955900734411323,0.0009627861824745659,0.013109416934505715,500
24,shock_x_ind2,0.01744233386485499,0.018844579884496438,0.01998984298872842,-0.018411280739164648,0.057493656017601855,-0.012997320885481438,0.051311993814688484,-0.0007291929328071419,0.035364454002039164,500
24,shock_x_ind3,-0.012902464969905067,0.011323212508552661,0.01191056981086335,-0.03624381844573201,0.008737553687661206,-0.03177177072095047,0.006158820981251425,-0.02420927196397448,-7.612565446562444e-5,500
24,shock_x_ind4,-0.004316402978915973,0.004114467283428878,0.004240285122392584,-0.012750487639339315,0.0033876391895013716,-0.011544903805354343,0.0023522969300040675,-0.008565921870532255,0.0003162632362314138,500
24,shock_x_ind5,-0.009877109125726447,0.006302309582462383,0.00680795467272646,-0.024147621379297914,0.0025884531802726016,-0.021400158860725042,0.0009826679773494696,-0.016582226438229923,-0.00327674924267155,500
24,shock_x_ind6,-0.012084251891627784,0.004262229826248569,0.004626451045249379,-0.0207724948134686,-0.002774528070819127,-0.019493691882154895,-0.004038550380512362,-0.016555754223903846,-0.007337515590905161,500
24,shock_x_ind7,-0.0053880735839451546,0.00508301647632571,0.005254623651611635,-0.017047440388093953,0.0041398641969549385,-0.014680415975172643,0.0023676309168396254,-0.01053422811689183,-0.00044843728813178275,500
24,shock_x_ind8,-0.009668794329016128,0.003958527592935445,0.004139452077241528,-0.018657169050447918,-0.0020027766754602432,-0.01637234784345307,-0.0032647855897098713,-0.013495000534269984,-0.005389237024225744,500
24,shock_x_ind9,-0.002242893672110951,0.005338940543129633,0.005531556350273591,-0.01297990546389977,0.008197192964869093,-0.01157824231264425,0.006813228788808055,-0.0075547121663616865,0.0032160813098979,500
24,shock_x_ind10,-0.015102420476873936,0.005442559659862747,0.00589802559709891,-0.02619042474459704,-0.004108455067413585,-0.024466990534262427,-0.00524522816955544,-0.02110556163933979,-0.008832064055203159,500
24,shock_x_ind11,-0.01664111972513822,0.008759247994239272,0.00946239960874625,-0.03758252058092012,0.0006634748411153617,-0.033698368051524354,-0.0023928684385034313,-0.02544008202124333,-0.007586433503498903,500
24,shock_x_ind12,-0.003189798196357733,0.003730387242855113,0.003846677888432479,-0.011312412644573187,0.0041503533913834,-0.00938763699400359,0.003131588888107656,-0.006748847372338962,0.000588356470366142,500
24,shock_x_ind13,-0.0037556721733063574,0.004468426855511068,0.004687349053622039,-0.011730687107834823,0.007063488736637499,-0.01068561548075182,0.004605916427701265,-0.007786438299972973,0.0009764954635668357,500
24,shock_lag1,0.0011459283783693272,0.004223208574679934,0.004774356246385185,-0.008721703109534868,0.009713989622137525,-0.0069003232289574,0.008868524091170898,-0.004395864511036892,0.005305378793340356,500
24,shock_lag2,0.000422323618908749,0.003845778494203646,0.004533648892013047,-0.008127403356996788,0.008704468343153606,-0.0073529041541997705,0.0076508343493665995,-0.004413174130070773,0.004741512716149348,500
24,shock_lag3,-0.0010368450481546263,0.003802215852803173,0.004088615095696026,-0.009172349323653715,0.007029450900631958,-0.007794717263346913,0.005645723076219864,-0.005247464277128636,0.00265560076936199,500
24,shock_lag4,-0.003405637623360153,0.0036848515086069693,0.003803270155509074,-0.011436610898721377,0.0033981340307911918,-0.00998005870387587,0.0021419782491365596,-0.007558973351244433,0.00019948130661263816,500
24,shock_lag5,-0.002514814799606511,0.003485894648224371,0.003581747922184477,-0.010042976245131513,0.0038306029817446914,-0.009068484310462659,0.00243858821077858,-0.006583807356774261,0.0006088506177174438,500
24,shock_lag6,-0.0022295863412999987,0.0036941067440451406,0.0036660414563498907,-0.010046796718187711,0.004718786339045008,-0.009102353098835343,0.003131455175906568,-0.0063479207076427135,0.0009683633574258676,500
24,shock_lag7,-0.003690664297454878,0.0036401167283324743,0.003589678315119091,-0.011723845732734033,0.0030348492428592623,-0.00943901078909473,0.0015913030957752578,-0.007376365261816657,-0.0003231411217824566,500
24,shock_lag8,-0.0012691102281902511,0.003629791927115044,0.0034720886028874846,-0.007934657278098108,0.006273912957454197,-0.006876425076868147,0.005331131234393592,-0.004565514645550368,0.001904635928594533,500
24,shock_lag9,-0.00015885523691865826,0.003432067781477508,0.0035419320768397154,-0.0071107553528187584,0.00660496240309494,-0.006033658305389425,0.00548829874033836,-0.003629294327126718,0.0031243360165208447,500
24,shock_lag10,0.0020324131530532635,0.0030069304415909835,0.003216058971456236,-0.004200642145179776,0.008480429920576033,-0.0031564493274231008,0.007243559978459909,-0.0008994519930377869,0.005126268640227387,500
24,shock_lag11,0.0006565145224066751,0.002939599235109077,0.0033367085536014298,-0.0053553346161219414,0.007928588333367055,-0.004436720921424307,0.00655437163621568,-0.0023604097850042135,0.004080539549458424,500
24,shock_lag12,-0.001272063879122148,0.002777370320782058,0.0032499337746917057,-0.006721052438951221,0.006029021201412735,-0.006017170390677937,0.004623235814296705,-0.0042056850426563245,0.002207227223994914,500
24,log_oil_lag1,-0.018953230643098614,0.010326057014047535,0.00939510040334737,-0.033952422975607,0.001022414330903524,-0.03224651608600393,-0.001725140058648608,-0.026924643240360042,-0.008270633091603202,500
24,ffr_lag1,-0.01333953422433883,0.0026542074531443207,0.00216448068884419,-0.017825395526163842,-0.009446111343930797,-0.01721427480012003,-0.0100457689164773,-0.015810577480908767,-0.011529794158404362,500
24,cpi_lag1,-0.0003282558658279239,0.00036648114921738844,0.0003144210888265976,-0.0010196390626707019,0.00021471475350143076,-0.000927415809666718,0.00011415091901043608,-0.0006859624748556548,-6.723053890654784e-5,500
24,indpro_lag1,-0.002262613948278014,0.0007862719318109153,0.0006818841410215604,-0.003528540640433753,-0.0008783398805614364,-0.0033350422532597676,-0.0010556317299955167,-0.0028629139195844554,-0.001519042882776327,500
24,log_rincome,-0.13869009319130732,0.23434695291996543,0.23277060231211574,-0.6189120537610784,0.2908844990970212,-0.5424149445600354,0.22381878640655772,-0.3850322975908912,0.08235607044724755,500
24,log_rwage,-0.013184825996575705,0.2553322434489798,0.24538314854338888,-0.49019220731842855,0.49717205219391225,-0.39514872599140155,0.4081657827007329,-0.25361310827499206,0.2366605627922384,500
24,age_mean,0.009891453673221052,0.0035305454860017557,0.0031307254760887717,0.0034746247570216597,0.016028535388860447,0.004509600931861549,0.015313613370064696,0.00680726338589196,0.013070942393052492,500
24,female_share,-0.17211212091623712,0.07641799955527441,0.06974383959706616,-0.3040412750479198,-0.04713727203714696,-0.2871152718151172,-0.05765957877835398,-0.24074482536320585,-0.09779777946598606,500
24,married_share,-0.05022089496199002,0.05956785705744407,0.06296977724393533,-0.1628694115233062,0.08038166077779332,-0.150500011002429,0.05278553637778132,-0.11120506031954139,0.01612785105607893,500
24,hours_mean,0.008202311824450532,0.00752845142711336,0.007349110718766283,-0.005185365800536773,0.02375056054793783,-0.0033237615631267828,0.021511344241116528,0.0008823279819709423,0.01578333885636562,500
25,intercept,-7.229174191847828e-9,0.0038370159239751664,0.003330226645370022,-0.00641589655760391,0.00703016370997998,-0.0049186614060204034,0.005692389908191082,-0.003059618691362529,0.0035022877300604476,500
25,shock_x_ind1,0.022942301010252856,0.008551621400929322,0.008676227740219714,0.005628957916265824,0.04064341535049085,0.00819762135461027,0.03711556177307239,0.015187147003639571,0.03144264883937081,500
25,shock_x_ind2,0.026416152471429543,0.018003754687746756,0.019104831591956247,-0.008431114052813896,0.06620526510012366,-0.0031858174239043136,0.059537048339792654,0.008073572857586425,0.045720384708663096,500
25,shock_x_ind3,-0.004490410783502871,0.011016340046809158,0.011400509445453183,-0.026122970729217133,0.016430586950061724,-0.023906541624638362,0.013002628109852359,-0.016069777008292,0.007618538291888882,500
25,shock_x_ind4,-0.004026953649208848,0.003727510161968412,0.0041066278030246995,-0.01151765351645117,0.0037766341936682824,-0.01058633735219391,0.0026333963056764838,-0.008022808988438126,0.00036039010713335626,500
25,shock_x_ind5,-0.007842084938214696,0.005891015636437052,0.007142706687258794,-0.021788815926222328,0.006283223920014272,-0.020003271327324993,0.0039005628730042607,-0.014706471395449531,-9.674488048418507e-5,500
25,shock_x_ind6,-0.011971956369930184,0.004574724787558855,0.005026867462981989,-0.021080170402969847,-0.0028906504694104053,-0.019892304389092178,-0.003452737224391246,-0.016572275706728017,-0.006450624938025434,500
25,shock_x_ind7,-0.005758654439511878,0.006100154780428421,0.006361478792347821,-0.017725777203958015,0.005887285629016822,-0.01630973725262062,0.004516462945204703,-0.011641457908676066,0.0006530421103588376,500
25,shock_x_ind8,-0.00905957998570327,0.004026531136999614,0.004140915956201333,-0.016986226024909134,-0.001360243505721085,-0.015789011699643182,-0.0025099194102672995,-0.012946646967876792,-0.004958559733147649,500
25,shock_x_ind9,-0.00398912259708036,0.004789375147892772,0.005157403757614979,-0.013473173896280909,0.005727813799591904,-0.012188605232742542,0.00431290597831872,-0.008497130629467019,0.0020116445346033862,500
25,shock_x_ind10,-0.014269598525104624,0.005506739071989613,0.006230583857505387,-0.026640852733990972,-0.002961010414249714,-0.02471860393717422,-0.004538635901164463,-0.02017110266726392,-0.007512896793308906,500
25,shock_x_ind11,-0.01739994345629518,0.009101634758127305,0.01103846527475035,-0.03993786304498521,0.00025987679520101076,-0.03692435940149065,-0.0014877670754044458,-0.02881652577326712,-0.0064541109582762525,500
25,shock_x_ind12,-0.0030173055894301025,0.0041653004644748755,0.004033742307671191,-0.010552247975891327,0.0049205751842494455,-0.009105579108729809,0.003644073767087404,-0.006771700406079182,0.0013330392807950134,500
25,shock_x_ind13,-0.0058243298676628015,0.004252528610493794,0.0042087417826876085,-0.013062444531404127,0.003217456845419419,-0.012012026016337772,0.001628082728987605,-0.009296152085017105,-0.001079157558560549,500
25,shock_lag1,0.003893389967500609,0.004328100090705438,0.004772409086152463,-0.006126917152816972,0.01267170002257182,-0.004665928573993274,0.011214719985062818,-0.0008704443509471284,0.008150843637637857,500
25,shock_lag2,0.00029967699673382766,0.0040779385083726865,0.004476690416582432,-0.007697435187155412,0.009038015906714086,-0.006631830236276981,0.00833814726458573,-0.004406166466559019,0.00501100754468238,500
25,shock_lag3,-0.001824509351151442,0.003999716465096477,0.004452810493154037,-0.010375952780407136,0.006887571924740224,-0.00937512351059571,0.005352231939262057,-0.006439115782283286,0.0024063734723431957,500
25,shock_lag4,-0.0031448607055674606,0.0038270145063655408,0.003950792793801819,-0.01166511358276082,0.004437295326047176,-0.010082508246095653,0.0028686696822183763,-0.007419772257431087,0.00012168953350606901,500
25,shock_lag5,-0.002216978625356944,0.0036958094336342383,0.0038725885878328698,-0.010724491912072951,0.004801065857601761,-0.009585154397610972,0.0034340668406392994,-0.006687582653985503,0.0009736150433055997,500
25,shock_lag6,-0.0030656698787703,0.0038237371304837525,0.0042024152481601185,-0.012584778561910835,0.004199224299589632,-0.01008534924226318,0.003145591298783123,-0.007401732483903091,0.0005136478325651678,500
25,shock_lag7,-0.00377963021434603,0.003730947716469817,0.003849292615731123,-0.0112102876888097,0.003912694926122531,-0.009877572744268356,0.002856392065862015,-0.007701136570280365,-0.00010297219727901187,500
25,shock_lag8,-0.0004294827007213497,0.003778247349911245,0.0036461011243546244,-0.007050586551932298,0.007042599831483346,-0.00608924200323297,0.005825695965266066,-0.003881913226438143,0.0032488004962814175,500
25,shock_lag9,0.0018838689239096382,0.003722355005451797,0.003737810307252854,-0.004391447001780179,0.009555749214970388,-0.0036032794969877366,0.008627104395987484,-0.0012837386755015592,0.00618315194460962,500
25,shock_lag10,0.003311837594469492,0.003391322584946356,0.0035637865885824044,-0.0030796006626334915,0.010696847089770185,-0.0018077920217049283,0.009892650050451065,0.0005105197990524123,0.007298686093845073,500
25,shock_lag11,0.0005441763645577418,0.003339830771911122,0.0036616375830292895,-0.006698180028224373,0.007834074212023872,-0.005014416167639592,0.006970086236251232,-0.0027192401272593766,0.004875925633662816,500
25,shock_lag12,0.004597743932461829,0.0035001614861554817,0.0036415580723768055,-0.0020606816665030454,0.012036824700450314,-0.0006865937017975368,0.011053865426247549,0.001260249758933965,0.008577856462360678,500
25,log_oil_lag1,-0.023700618211389815,0.01100064985623007,0.010325909040433335,-0.04119230667750173,-0.0008553452127566004,-0.037876673900798415,-0.0035900001519576213,-0.03158086251861421,-0.011484013916315448,500
25,ffr_lag1,-0.013598419507433249,0.0027046868809173738,0.002431575772366864,-0.018846469166541407,-0.009091584718114302,-0.01819004727789819,-0.010018091547503457,-0.016232739728181744,-0.011344188584172006,500
25,cpi_lag1,-0.0002772130255677879,0.0003763326013958784,0.0003402143518080769,-0.0010024043550733361,0.000302001438199455,-0.0009042394628308089,0.0002221323160244722,-0.0006462497783587296,1.0580558674479949e-5,500
25,indpro_lag1,-0.0021934492606765135,0.0008471180014386899,0.0007980250760873381,-0.0036425372052241796,-0.0006591591100283134,-0.003499083753572813,-0.0008290652126533597,-0.0029845165175036493,-0.001371966514774369,500
25,log_rincome,-0.29725474122751805,0.24572076701425127,0.22062693650815926,-0.736077311303954,0.11266532424901307,-0.6715574540180294,0.06069465639625505,-0.5201578373971859,-0.08829800534676453,500
25,log_rwage,0.1204129618466979,0.2630592580594872,0.2362547840496159,-0.3246128706558539,0.6174024720251208,-0.23908261085944893,0.5329988575437247,-0.08868222310819916,0.35951712178779116,500
25,age_mean,0.011369913902941179,0.0035560499630899432,0.003089367581477902,0.00518253163262123,0.016660736614382356,0.00596930475280852,0.01585831923474231,0.007955764957292938,0.014136074367563266,500
25,female_share,-0.15310189049846432,0.08505923023567016,0.08151073734309068,-0.29193788428247247,0.01942482303785069,-0.2696721035311867,-0.01053525073511384,-0.2177341671528712,-0.05967105339228942,500
25,married_share,0.03123665477766435,0.061448711423758295,0.06444383582217568,-0.0916288696354623,0.16470729896390335,-0.07022301662736624,0.14189481163397566,-0.029655578197682622,0.09865303708875153,500
25,hours_mean,0.01116021734969791,0.007788973548189069,0.006795583349085137,-0.0017655058019217969,0.024697539344860055,0.0002849667381522654,0.022033300666961655,0.004382154084645791,0.017788065969475766,500
26,intercept,-2.332936986004828e-10,0.003969090276839864,0.003620772002319162,-0.00664840467901033,0.007268458691483131,-0.005769966941374832,0.006437422334719239,-0.0035131736715760566,0.0037459890465767,500
26,shock_x_ind1,0.021753675652669002,0.012303750004121197,0.012489824000199951,-0.002213948360484442,0.04558881327462628,0.002515000369202673,0.04278674046046108,0.009504014001419658,0.03419646881971283,500
26,shock_x_ind2,0.030544707545066753,0.01771161171241403,0.01858279197325981,-0.006235398578520764,0.06748523524196674,0.0009627867286283832,0.06278907697930357,0.01228170752972758,0.04814646917631622,500
26,shock_x_ind3,0.0008946310577777166,0.011808982767502862,0.011785316206606335,-0.02370595235583483,0.022397750921030878,-0.019331906261106632,0.01794085128246874,-0.012497932708037299,0.011367287270270419,500
26,shock_x_ind4,-0.0038732755664791386,0.0038659475456438905,0.004090857281568729,-0.012076309757061407,0.004282603468531756,-0.01093138964135105,0.002868700910456314,-0.007671712643306939,0.00015659043740174968,500
26,shock_x_ind5,-0.008111732279061125,0.005881412061584296,0.00615548982922115,-0.020217833845244434,0.003328109681032616,-0.01790184567504551,0.0026027521289017728,-0.014506852551278572,-0.0021192357066399247,500
26,shock_x_ind6,-0.008131757384294617,0.004229735167115544,0.004480442691394307,-0.016338814318585027,0.00037198336091271214,-0.015548321679073456,-0.001218730564001567,-0.012718253391287317,-0.0037446911464082914,500
26,shock_x_ind7,-0.0038188053928303756,0.005880293149368565,0.006017812891065402,-0.015935532502619944,0.006741943743553607,-0.0144180243271748,0.005063457802342165,-0.010303032373048101,0.0015741102780922835,500
26,shock_x_ind8,-0.0054570958079293895,0.0039415908178204815,0.00427840463075091,-0.013519777920541255,0.003137057487910219,-0.01219523654445162,0.0012730236099596356,-0.0095135770901759,-0.0010881080522155604,500
26,shock_x_ind9,-0.0027905417851250285,0.004759286744819298,0.004758025755659654,-0.012728251671581101,0.00599315775924591,-0.010862122925003253,0.004835630360828261,-0.007888196805311467,0.0017858669035992925,500
26,shock_x_ind10,-0.010585739336402021,0.0054884866672884345,0.005610311700960662,-0.021861348568706536,-0.0002196348757589235,-0.020353177668273024,-0.0021153685180334814,-0.01629957226591857,-0.0050293281069814086,500
26,shock_x_ind11,-0.014698861063600927,0.009736500600747683,0.010578951072893448,-0.03392131227521973,0.0072383278754832425,-0.03188425518909529,0.0024480418512965543,-0.024636928403913107,-0.004492403956402543,500
26,shock_x_ind12,-0.0031917568316765965,0.004646074216260425,0.004905983086993609,-0.011661227294416324,0.006910973974777136,-0.010753725227598505,0.005681097271188094,-0.008060465814608982,0.0018138207700733357,500
26,shock_x_ind13,-0.004230775612590367,0.004581317311113154,0.004859398589796096,-0.01315469358131282,0.00607415303556666,-0.011279298749086914,0.004516168747347998,-0.00839320785532603,0.0011396325665871709,500
26,shock_lag1,0.0037834728002967507,0.004446894291128906,0.004999871865653335,-0.006872957618413451,0.012235419196518242,-0.005793643144435046,0.011267023221670351,-0.0018427098459503676,0.008147663562520337,500
26,shock_lag2,-0.0007599134994368175,0.004178289104322585,0.004396179445376361,-0.009898945622864221,0.007121937042778977,-0.008372760729388126,0.00587096119389758,-0.005233827769480038,0.003474593363412364,500
26,shock_lag3,-0.0015082932210107652,0.004025093002489951,0.004266115406285177,-0.01002917067547146,0.006363413724291243,-0.008982999216751244,0.005340825738240206,-0.00565617696739081,0.0024146568721464604,500
26,shock_lag4,-0.0026168100269006855,0.004109240337465179,0.004398417453433504,-0.011181192794220227,0.006354111295721982,-0.009570649890970138,0.004941449974624492,-0.007335377669172944,0.0012820347695395849,500
26,shock_lag5,-0.002536315912666224,0.0038000298999050232,0.003919083291714547,-0.010997975721981544,0.004602996872855562,-0.009341837703762356,0.0037752823049868865,-0.006437898399784641,0.001096951976849417,500
26,shock_lag6,-0.0030051379903451975,0.004001499449518593,0.004077765724514863,-0.0112401778763219,0.004246226417542125,-0.009949552928613298,0.003151040861566183,-0.007334158759810117,0.0010636684956739902,500
26,shock_lag7,-0.002873561027678681,0.0038612936148945402,0.003976635008462316,-0.010570009811473036,0.004914810371954223,-0.009283044705305455,0.0033529445356152536,-0.0065378847393453305,0.001270293885978552,500
26,shock_lag8,0.0018179217052071586,0.0040842906807285395,0.0040923574692238816,-0.005530781443868759,0.010207056970093931,-0.004400061604505494,0.008871560294606888,-0.0019447001928536668,0.006047790557681938,500
26,shock_lag9,0.0029907176628739094,0.004091606728398685,0.004116370234467226,-0.004968585446940851,0.011628063442505148,-0.0034584320733533737,0.009963248185373256,-0.0006545365167015957,0.007078494706751045,500
26,shock_lag10,0.0027398209764226108,0.0036623054078472814,0.003885221842418765,-0.004766260301914646,0.010318174542983092,-0.003663358891921739,0.008856213192742006,-0.0013399852962788822,0.006465747760559471,500
26,shock_lag11,0.006824673654916451,0.003895376690863129,0.004100544323698286,-0.0012124793400037168,0.01473290671415874,-5.959467615299394e-5,0.013296634818730932,0.0026650151190649746,0.010491959548652974,500
26,shock_lag12,0.006345204852123068,0.0037634151908423914,0.0039409206457627745,-0.0014067413307365154,0.013699816480938007,-8.33723008059876e-5,0.012783265369635505,0.002595625812856669,0.01048817932078034,500
26,log_oil_lag1,-0.02866401816388382,0.011776059108313482,0.011584468383571592,-0.049292481207869,-0.0014596267013700691,-0.04528120193804957,-0.007383935978435266,-0.03794764324224138,-0.016244938828616086,500
26,ffr_lag1,-0.013734168140100311,0.0027692621285692618,0.002489387617959179,-0.018660571307829846,-0.008866030239472068,-0.017956699008461526,-0.009835054529143964,-0.01631573639220311,-0.011507000051702208,500
26,cpi_lag1,-0.0002663541670492253,0.00037913910237842054,0.00035162449186198027,-0.0010022873067166726,0.0003311596176693818,-0.0009238875837886577,0.0002484008563003754,-0.0006602816393255005,7.263274401009503e-5,500
26,indpro_lag1,-0.0020735879569063914,0.0008935779918779158,0.0008377630898227835,-0.0036136970440938886,-0.0004394503113732881,-0.0034540122961287793,-0.0007101157185755184,-0.0029010243214285867,-0.0011289785287781884,500
26,log_rincome,-0.47002104473226103,0.2757597073279056,0.23611264138620044,-0.9545409283890373,-0.01661734540627026,-0.8863299062413039,-0.10920216524651195,-0.6976130396290737,-0.23377771759255211,500
26,log_rwage,0.2748544504117635,0.2917871167588523,0.2452664056669026,-0.1635618844077374,0.7537523378020623,-0.12244089131707328,0.6965460139017365,0.021940772949372887,0.511381308800848,500
26,age_mean,0.013305499602346048,0.003745256642216027,0.0034409174460276817,0.0062352931299426975,0.019925204383449115,0.007231526282832762,0.018880434116626224,0.009778004107874515,0.01637275179710029,500
26,female_share,-0.15711784920007307,0.09501910584442833,0.09161180982176036,-0.3248826855103154,0.016387194217223178,-0.30923782015039547,-0.006008650291464656,-0.24386871760226053,-0.058303556535517186,500
26,married_share,0.10770297818098336,0.06945943505903275,0.07306273611118923,-0.03188529944853552,0.2629653882958205,-0.0009840664789772808,0.23707245414656797,0.04697813064100238,0.18680927334570446,500
26,hours_mean,0.013221465203033847,0.008301061486380925,0.007027344583686319,-6.990864378067816e-5,0.02892758656059221,0.0015607067334580556,0.0250371104403673,0.006587535312515236,0.019754413271660175,500
27,intercept,4.2996044745474977e-10,0.004069800894959503,0.0036029017293490164,-0.0067367625475762815,0.007281046622312975,-0.005667234981373336,0.006321001726992932,-0.0034977449877032956,0.0036823757027456064,500
27,shock_x_ind1,0.02141766224613386,0.013548401970809537,0.013661813702623468,-0.005383390729401204,0.04828098092091364,-0.001281387198784992,0.044829186084941144,0.00875198449303413,0.03508044362440138,500
27,shock_x_ind2,0.028871369406144133,0.017182692777073492,0.018696564185599264,-0.005408039693441032,0.06689153071142276,-0.001455781392217251,0.06039671954905683,0.011149351558085089,0.0470023804353369,500
27,shock_x_ind3,0.001127755736746499,0.012530953793617447,0.013488441553721232,-0.025050202469220746,0.026784497286235193,-0.02132081958714284,0.022139107474308597,-0.013683542780356429,0.014372914402921504,500
27,shock_x_ind4,-0.005995909157858626,0.004659148704656133,0.0051749433151981,-0.016667811903201248,0.003990770331820919,-0.014085737578274783,0.002744248961516921,-0.011235072231094306,-0.0009975033136679018,500
27,shock_x_ind5,-0.008894850056937027,0.005878323958885924,0.0068196322127893946,-0.022555150020907057,0.003772440268500676,-0.020195378464376763,0.0018046881357043692,-0.016266937921057267,-0.0025176600998109105,500
27,shock_x_ind6,-0.008994754165897375,0.004645258493976871,0.0047391434542285215,-0.018096157821942523,6.666354991596878e-5,-0.016794821298786428,-0.0010841180679884309,-0.013663646923958524,-0.004224201032732451,500
27,shock_x_ind7,-0.00876384697952306,0.006145678653426314,0.006003096789821776,-0.020428629471728313,0.003701927517694581,-0.01874996518633669,0.0019852834230252385,-0.014218222454963077,-0.0027106806650082894,500
27,shock_x_ind8,-0.003978610380382442,0.004172334780366589,0.00463516616271586,-0.01318284129645923,0.004503533475632376,-0.012123809016485812,0.0030684294166517826,-0.008632417575417883,0.0004126211838170356,500
27,shock_x_ind9,-0.004613767871686795,0.004751876787805063,0.004801573414186879,-0.015201455155989297,0.004249365796703739,-0.012750692364482152,0.0027429138926034716,-0.009426605615595262,-0.00022476305745574852,500
27,shock_x_ind10,-0.01064382132933281,0.005976357809424659,0.006607374862512419,-0.02385206323579515,0.0009157212599035763,-0.021065107873995546,-0.0002734859207948643,-0.01772578852992625,-0.004273907968118077,500
27,shock_x_ind11,-0.01562744977191203,0.010010086675306638,0.010871391139620816,-0.03714802244868877,0.004132665642131184,-0.03291417718241847,0.0022019950392433833,-0.025605638497120872,-0.004427830741168322,500
27,shock_x_ind12,-0.004531915938131336,0.0048305613742787015,0.004820286224592429,-0.01362188826490862,0.004559675043433424,-0.012602318241250217,0.0029805893929029633,-0.00908791511672217,0.000426004239018239,500
27,shock_x_ind13,-0.00350966083750208,0.004527372416232129,0.004326587789129644,-0.011435383037818415,0.004810350198070074,-0.010242526158921007,0.0037362413192497486,-0.007304454090219738,0.0010362300290696436,500
27,shock_lag1,0.002303725340061548,0.0042998645625501085,0.004998572461022876,-0.007598086687655801,0.010787041359481827,-0.006578600681486557,0.00996436401948527,-0.002930977022399094,0.007203771701506168,500
27,shock_lag2,-0.0010346844734003748,0.004159032393409103,0.004591551936453121,-0.010586187963764083,0.0074465730595117754,-0.00824781681977729,0.006361603360116502,-0.005803432369957152,0.003499918284383079,500
27,shock_lag3,-0.0014720477108088048,0.00407539380147319,0.0044112240871179405,-0.010432898474126671,0.006796332473369932,-0.008662466488293248,0.005602695990439506,-0.005610771381835179,0.0030090290382412564,500
27,shock_lag4,-0.0033385159846466743,0.004195210560531427,0.004212340335047348,-0.012184889606520132,0.0043029141676702715,-0.01102753852397018,0.003340197627816235,-0.007460012328081148,0.0003291834493928482,500
27,shock_lag5,-0.002689829386461041,0.003904025073226943,0.004116914319950905,-0.011911127030285334,0.004413731803396621,-0.009570167963837464,0.0031954402746494225,-0.007212840862723318,0.000915362197681651,500
27,shock_lag6,-0.0023964630898772946,0.004082401393989596,0.0040149728255749455,-0.011081284580482508,0.004539101882670379,-0.009896130149899941,0.0037481470120373506,-0.006813644678069054,0.001331208198253142,500
27,shock_lag7,-0.0013125046408150644,0.004111168825867772,0.004253235055326425,-0.010334386699082269,0.007094072756186616,-0.00861816048841581,0.00536672910455812,-0.005491044307480939,0.002576268659265375,500
27,shock_lag8,0.002665623341679117,0.004380307457451109,0.004184058696917104,-0.006311655833657311,0.01035456245538111,-0.00404786388964026,0.00921350930364293,-0.0014513760846107371,0.00697507613156668,500
27,shock_lag9,0.0023721592292243613,0.004238347991109935,0.004118277573180968,-0.0061848581586628724,0.010234572444070389,-0.004455562240355706,0.008984149105813006,-0.0017327012695593285,0.006487339356035368,500
27,shock_lag10,0.008127070322661342,0.004228936076234228,0.004348622991002157,3.874765336253733e-6,0.01676507774156035,0.0012510597000659014,0.01615373113322178,0.003990898410739988,0.012511238128277641,500
27,shock_lag11,0.007999267685027735,0.003998992305551747,0.004004878663044782,-0.0002627110701062075,0.015658827386907933,0.0010259754632951335,0.014505613866777983,0.0041063545781562,0.011930932872547411,500
27,shock_lag12,0.006414391388309922,0.0037107864466133923,0.003819375496349566,-0.0016628997044508295,0.013217402565387407,-0.0005987330002447808,0.012099804614559615,0.00228400868557946,0.009873921112164027,500
27,log_oil_lag1,-0.03131351677864141,0.01216707282195586,0.01100272420517627,-0.05022580849957792,-0.00785674049949904,-0.04785621491335158,-0.010542176989778069,-0.03998737694915526,-0.0180777041251876,500
27,ffr_lag1,-0.013500694180714624,0.002817016185364038,0.002531765384072534,-0.018514366312190125,-0.008469531935675893,-0.01771397382385871,-0.009173636757588937,-0.016148064396941365,-0.01133112275963824,500
27,cpi_lag1,-0.00036120271906559643,0.000368029738051607,0.00032715550178362467,-0.001028751028019522,0.0002072129418964409,-0.0009160909548378568,0.00014083136633725348,-0.0007272610859753652,-6.398502911689801e-5,500
27,indpro_lag1,-0.0020715264376471912,0.0008985561840198348,0.0008098334747101421,-0.0035769901324967284,-0.00041005550492829285,-0.003457425614581543,-0.000772055944732623,-0.0028678222789921175,-0.001258616616860451,500
27,log_rincome,-0.564256133887809,0.3064459502800244,0.27769100688087134,-1.0705759605491623,-0.017907513953075316,-1.012192312233062,-0.09895154199155112,-0.826296753889208,-0.25907739163108395,500
27,log_rwage,0.3819138753279666,0.32333602299005204,0.29069715499667875,-0.1792311318378933,0.9200071816917734,-0.10017895376880376,0.8168648098396832,0.06183467846933229,0.6565794949580923,500
27,age_mean,0.01709993083383281,0.0038659995044375665,0.003832447329482842,0.009991918741576167,0.024764164966247067,0.011087188132533489,0.023290364037860205,0.0130008535045017,0.020627982422730697,500
27,female_share,-0.13095155894341393,0.09965718325166138,0.09355003893431293,-0.3209936298642206,0.042271824502268726,-0.2835814657103464,0.019871201031174696,-0.22366245605240598,-0.039423845163736884,500
27,married_share,0.15727526438896813,0.07107683802872503,0.0763297797542274,0.007692115374342606,0.30007443616608603,0.03395608955842822,0.27744486758316783,0.07926850984651507,0.23294396396873643,500
27,hours_mean,0.011417362872008249,0.00899106672581525,0.008130357706241315,-0.0048835531386269525,0.02622289071494991,-0.0024835543913553373,0.023761165660638087,0.0025381159130025577,0.019063922267564364,500
28,intercept,1.4089062833346557e-8,0.004100793944441737,0.0036439174895639926,-0.006482774394485292,0.007682449385628828,-0.005684046199856147,0.006223300390885532,-0.003246208847477676,0.004034488358948686,500
28,shock_x_ind1,0.017254932981857755,0.014683362280086362,0.01473439893526836,-0.012201541499564296,0.04528216351999197,-0.008105560679563997,0.04032712412925574,0.002719989554004912,0.030760799823253724,500
28,shock_x_ind2,0.026301152268475864,0.016880187655718377,0.017016249413349983,-0.006626449138835689,0.05926368342442016,-0.0024230528853026465,0.055171658673206045,0.009607688233519157,0.04349311502930338,500
28,shock_x_ind3,-0.0027093453336206347,0.012726457892273653,0.01308966838535114,-0.029810724397083634,0.02093256706700533,-0.02673791069181583,0.018539800582736455,-0.0168357949815727,0.009660482467180898,500
28,shock_x_ind4,-0.00705146855577018,0.004250404551313088,0.004543015571349064,-0.01637833451914547,0.002208630480875532,-0.014782453290969774,0.0002512800580183561,-0.01137082400537701,-0.0022793953076792823,500
28,shock_x_ind5,-0.009053174355390149,0.006481697014692863,0.007208135371942383,-0.02380320128641362,0.004972548799952993,-0.021196940977332213,0.003225363071615701,-0.015810281062996423,-0.0017128509700353187,500
28,shock_x_ind6,-0.012181577918318729,0.00492692224618807,0.005239485316283783,-0.022670799919841285,-0.0020813337774132066,-0.020921246068895397,-0.003076823154315978,-0.01718153630346239,-0.007138588852537934,500
28,shock_x_ind7,-0.008654009254489543,0.006448523133244238,0.006945289936908563,-0.021713078871758974,0.00633408975752763,-0.019098621033504834,0.0031830953602891648,-0.015155443745297738,-0.001493014828066161,500
28,shock_x_ind8,-0.004668193932012694,0.003923113923181434,0.003994255445738547,-0.012331308449568798,0.0030860865153042854,-0.011212236625177988,0.001618798622721008,-0.008256825658147143,-0.0004198661357918882,500
28,shock_x_ind9,-0.005258141377494568,0.0047772061410070515,0.004914207915424136,-0.01393423059483977,0.005304745108700896,-0.01271049383820541,0.003593714895264796,-0.00972452922882046,-0.0002613614285057177,500
28,shock_x_ind10,-0.0117956904006925,0.005785689483047558,0.006095304535078039,-0.023660348825022152,-0.0001783428498984993,-0.02156310034571309,-0.001013181314261406,-0.01748698819636964,-0.0056804501032920295,500
28,shock_x_ind11,-0.020304325839263095,0.009793214857636824,0.009945930314931298,-0.039068643717956694,-0.0009636490979239765,-0.03674696976463983,-0.005038758905052224,-0.030090885877074723,-0.009949017577692862,500
28,shock_x_ind12,-0.004560288489164087,0.005270112808756589,0.004830509504652957,-0.013425868779943532,0.004971175309782175,-0.011973868103223236,0.0038308082904812252,-0.009324015383352681,0.0006460397480358234,500
28,shock_x_ind13,-0.004881091946853784,0.004455427953702592,0.004716771811389333,-0.012957703083436812,0.005025841449970365,-0.011628821723756233,0.0031458320596419852,-0.009175858670624905,0.0003178253378527576,500
28,shock_lag1,0.001930872597922476,0.00423211492949184,0.004514487413552422,-0.007201655758068314,0.009447621955279418,-0.005886553416647979,0.008580684070205225,-0.003273075545713001,0.005922044805023645,500
28,shock_lag2,-0.0009339781248883721,0.004330712822497769,0.0046845920769380545,-0.010187967653315703,0.0070951963226477,-0.009069816077040748,0.0060404050778725665,-0.005512411436168236,0.00362255249815556,500
28,shock_lag3,-0.0023917109886854495,0.0040874366914317286,0.004373303378245969,-0.011895109155084757,0.005684998546631484,-0.009767924511922202,0.004426824540076962,-0.0069160004568407625,0.001978045973156905,500
28,shock_lag4,-0.003365364488636592,0.004258093378575422,0.004474129213406704,-0.012861104645338973,0.004658266264985228,-0.01178716068035373,0.0033795728537421377,-0.007919172402179448,0.0008291631066409519,500
28,shock_lag5,-0.0020766051787742624,0.003906892873827155,0.004019830058577957,-0.009931346767907589,0.0057615829358496785,-0.008495527863255374,0.004139272897202655,-0.0063795560180513996,0.001779204290133625,500
28,shock_lag6,-0.0005165690459467423,0.004356054468855992,0.00438363338094377,-0.008228831170840004,0.00804227939720499,-0.0070042510248470614,0.006429891481919579,-0.004854419368833655,0.0041782959780990205,500
28,shock_lag7,-0.00033021044752901005,0.004479118345762569,0.004595306185287038,-0.009563311902343578,0.008668808283003744,-0.008283413600910512,0.007081404546585101,-0.004712416271432839,0.004475111699719376,500
28,shock_lag8,0.0019377942642831668,0.0044491526287172185,0.004411900953067959,-0.0061481476642845975,0.011258719292136836,-0.004895074956568295,0.009346877230996255,-0.0022932376997629785,0.006411121363015753,500
28,shock_lag9,0.007207221806022649,0.004801163078333854,0.004863822216858289,-0.001850437538758572,0.017190479755381044,-0.0006444642566572507,0.015272196284098986,0.0024615283291546906,0.012083337250429886,500
28,shock_lag10,0.009328916894942415,0.004248919122446802,0.004273028102668362,0.0009909438899808965,0.01720956417277622,0.002118185603784693,0.016387991382227417,0.00488996826457073,0.013268498267758675,500
28,shock_lag11,0.007866719726399383,0.004070809455334177,0.004082119975716191,-0.00020025740851658088,0.015336234421971417,0.0007622489091179485,0.014326975901670293,0.0034370325663294933,0.011600586489913137,500
28,shock_lag12,0.004136625469496489,0.003995800282945676,0.0041044436425602526,-0.004497019471629098,0.012093578801790048,-0.0024151564550276066,0.011032583423959755,0.0002896267871430388,0.00808457780857622,500
28,log_oil_lag1,-0.03328495187997803,0.012298044528241134,0.010936400116732695,-0.05214992609148818,-0.009790976834040184,-0.04957383297346659,-0.012749761423014908,-0.04272878468234486,-0.021614389007685964,500
28,ffr_lag1,-0.013323870205518616,0.0027826034283140967,0.0026741413853704826,-0.019079026502610896,-0.00827099941770884,-0.017920246585079302,-0.009135612877138086,-0.01604754585955857,-0.01094330326206453,500
28,cpi_lag1,-0.00041738412573374614,0.0003532801006331563,0.0003149951348172365,-0.0011115916726926222,9.654275479655189e-5,-0.0009803032005795452,1.7042361887919754e-5,-0.000747275250953901,-0.00012594661961060075,500
28,indpro_lag1,-0.0020531560420186503,0.000890442260537779,0.0008247899175857753,-0.003675862409457239,-0.0004708268389962483,-0.00340416416593731,-0.0007645677845495834,-0.002886432618018653,-0.0012074926151664643,500
28,log_rincome,-0.7821928540932969,0.31083451463211814,0.2887350548820216,-1.33578301359603,-0.22789059997580202,-1.2815001449069456,-0.3243313922186586,-1.0627142473939948,-0.4810685894892255,500
28,log_rwage,0.610570994935874,0.328589077230841,0.3052136969591336,0.01901697870007036,1.2411101589987235,0.13518621281935844,1.100917667148597,0.29509415855473753,0.9072401191591402,500
28,age_mean,0.02007910341916548,0.003921274950446569,0.0035623635932109975,0.013559953865781705,0.02739102919343192,0.014354424991484071,0.026185768077843546,0.01655694767934004,0.023711430006723915,500
28,female_share,-0.10674861036462062,0.10386127571593907,0.10585461027922653,-0.2920779849507192,0.1112123345383319,-0.2601453557681752,0.0850161956876774,-0.20244895036167393,0.010374025220367332,500
28,married_share,0.2225623791092082,0.0732844766032058,0.07459719858147829,0.07844913902747987,0.3522575712469106,0.09919650846990444,0.33968472040103725,0.14612161771689497,0.30076985643004417,500
28,hours_mean,0.01457846850281536,0.00907664526808513,0.008337917554101888,-0.0012370336856221634,0.03172842979903476,0.001662282180146572,0.028715009035898215,0.00657817948452006,0.023151796162903727,500
29,intercept,1.6779276665716105e-8,0.004044433612135734,0.003535440044856702,-0.007030646950840996,0.0068997760280931925,-0.0058498007618411505,0.0057105899440907,-0.0032167761409996835,0.003449763718654594,500
29,shock_x_ind1,0.013827553169060425,0.014590783216305326,0.01576221649338171,-0.014294941371940127,0.04436424097931665,-0.01165662916439721,0.03942665186576921,-0.0015536107422705237,0.030650745184393726,500
29,shock_x_ind2,0.027331156560818963,0.0161017312884919,0.016623281532749567,-0.004670169791801329,0.0583860774090585,-0.0003288211617782482,0.05341362614904567,0.010801583899346209,0.043003044291823604,500
29,shock_x_ind3,-0.008603205268177419,0.013038875003665197,0.01335636407828752,-0.03432074678577483,0.017314802327951385,-0.03090494586023758,0.0137166161462376,-0.022298505505453835,0.004605294534270294,500
29,shock_x_ind4,-0.0039516054247521176,0.004188076251032547,0.004707262218159594,-0.012800452947311896,0.0051213795146606185,-0.011687939429619114,0.00421709702261573,-0.008589938239898115,0.0008544452412415564,500
29,shock_x_ind5,-0.010341706459276427,0.006703995532294585,0.0072333808929969535,-0.024052114126670514,0.0028508822418128227,-0.02278952329495815,0.0011774342277344923,-0.01789838680108862,-0.00322806649180509,500
29,shock_x_ind6,-0.011188914644337357,0.004758805397202986,0.004823882039760261,-0.021006856382799366,-0.0014235521137072062,-0.019190341771567337,-0.003774393210389943,-0.015775153006215882,-0.0065274147700125195,500
29,shock_x_ind7,-0.009774571234542137,0.006815525857239802,0.0072310760493939285,-0.023299125370104486,0.005144733583766839,-0.021275209104044353,0.002996951992538343,-0.016530090005246453,-0.00233238247500065,500
29,shock_x_ind8,-0.004812837801650605,0.004146410162809316,0.00418582796749214,-0.013113015953255614,0.003211039901560704,-0.011995020508217949,0.002005421637947807,-0.008609354352185173,-0.000493377999649728,500
29,shock_x_ind9,-0.005488074458320897,0.005225281570462163,0.005420696297386781,-0.015070877240538847,0.005648816940128415,-0.013349545486535884,0.00471078162107472,-0.010520033434153623,0.0003707257791974088,500
29,shock_x_ind10,-0.010728262900662363,0.005868451003963091,0.006158611546678259,-0.022764958076380376,0.00030159332310923,-0.02097948677016749,-0.0011641774323742022,-0.01726200845922499,-0.004138991796146345,500
29,shock_x_ind11,-0.02150694543608161,0.009670068543396044,0.01025251301282624,-0.042254143964306906,-0.0025583652507115496,-0.03836757728608011,-0.004659239143776336,-0.032262683236902026,-0.01134993950958647,500
29,shock_x_ind12,-0.004623809973933205,0.005359185775558626,0.005082976895181536,-0.0151213806637376,0.005107950639813669,-0.0128248239881375,0.003392317442058712,-0.009289125021139103,0.0005987903732377827,500
29,shock_x_ind13,-0.005348712940646906,0.004786927718922524,0.004498617715784694,-0.012964068253079115,0.004381504004915318,-0.012197742459380344,0.0029350706587134624,-0.009437166252779688,-0.0003385244455830917,500
29,shock_lag1,0.001967239108076485,0.004304057458680025,0.0048854091920379076,-0.007479335927894228,0.010845859187462824,-0.005746788645700649,0.009727792527497493,-0.0028297451732490517,0.006868823801309958,500
29,shock_lag2,-0.0018058915358968464,0.004318456459242172,0.004793586880709236,-0.011211623173027308,0.008022577345678546,-0.009435501899597737,0.0060367493912787795,-0.00654975644767743,0.003087627638134952,500
29,shock_lag3,-0.0026313754512684398,0.004046024029964585,0.004413203406782934,-0.011497177509736238,0.005873018878712404,-0.009582474968421916,0.004857129414689973,-0.006729230722019265,0.0020805890571538423,500
29,shock_lag4,-0.0026331642686609723,0.0040072267164958765,0.004458040934434538,-0.01102667367505462,0.005870681229448115,-0.009478400633189348,0.004757143273339774,-0.00713156674200764,0.001989450406287645,500
29,shock_lag5,-0.00022240118843409792,0.0040306719169890416,0.004363459739216836,-0.008500626543225209,0.008379440513196036,-0.007198677053629474,0.0073722996539670755,-0.004317318466770255,0.004417047729453224,500
29,shock_lag6,0.0009632044847761843,0.004624813558575979,0.004794480130977685,-0.007548443208916299,0.010430428335849964,-0.006051464215442265,0.009572324545780261,-0.0031955965759810686,0.00626618700925698,500
29,shock_lag7,-0.00044404864610363045,0.00444309490736837,0.004671963968506526,-0.00861860517985743,0.009057044517170851,-0.0077195168769699255,0.007927356014015367,-0.004647041109282219,0.004563125027227974,500
29,shock_lag8,0.006631722877780698,0.004981964402827499,0.004932509592776543,-0.002018732043730847,0.01705879227177129,-0.0007422746780381814,0.01502763140147718,0.002292971337553402,0.012125837781190233,500
29,shock_lag9,0.008008679097651569,0.004701750933953999,0.004567310512497378,-0.0009434530366788498,0.017344137087516583,0.0007383732383341861,0.015943167785423266,0.003531837890285971,0.01282476156953669,500
29,shock_lag10,0.009543311364151397,0.004184062674080167,0.00427155395544374,0.001306484123491465,0.017449523176765295,0.002570806039315914,0.01669012935974428,0.005218169432480041,0.013652344221477944,500
29,shock_lag11,0.00550864293918403,0.004235460651465653,0.004353227393258096,-0.0033307352751698605,0.014105581794095472,-0.001993721392762963,0.013302351279254344,0.0014098280553060788,0.009641205587393417,500
29,shock_lag12,0.0034820739558168445,0.0036879133673505195,0.0037430834445478607,-0.004292004066273921,0.010888034017279544,-0.0022719530709374956,0.009668029224222892,-0.00027819355617837954,0.007148952441292222,500
29,log_oil_lag1,-0.034427901063070664,0.01209862945999608,0.01089156178593065,-0.052697458519675,-0.01067289585666979,-0.05084582408370342,-0.013860293011263632,-0.04372074309329767,-0.021916433726043152,500
29,ffr_lag1,-0.013090029805388544,0.002691133381387608,0.0025686874885914594,-0.018209672686272438,-0.00793587160433958,-0.017464645955920986,-0.008803692415797645,-0.015675074378441012,-0.010820941076125627,500
29,cpi_lag1,-0.0004902073594147933,0.00033811385761160453,0.0002980413902220108,-0.001153504890780453,4.5748643406359315e-5,-0.0010303656205695971,-5.502890522025533e-5,-0.0007796572763983972,-0.00023097351755553748,500
29,indpro_lag1,-0.002083767898350024,0.0008672779654520886,0.0007685330736496227,-0.003555223861989721,-0.0005258831704041365,-0.0033171707982693308,-0.000775251378215423,-0.0028062815363828837,-0.0013819217047202539,500
29,log_rincome,-0.891737483712751,0.33520939733993504,0.30502566052413377,-1.4348014640864268,-0.24416462185157786,-1.3151955601495422,-0.35600223757123517,-1.1570205789249095,-0.525607505994469,500
29,log_rwage,0.7260053596510156,0.35359819416170435,0.31905491246901047,0.054466105801492436,1.3091092859734854,0.1747224781027197,1.2139628631311115,0.35242363762557455,1.0068309546059813,500
29,age_mean,0.0229101021887444,0.004188045991771443,0.003978516293514132,0.014476853773408273,0.02975829134640534,0.016328573511518642,0.029119488796163263,0.018647217169965712,0.026975594235679582,500
29,female_share,-0.12164439458822993,0.09838939269009156,0.09850595258846293,-0.3150900464434825,0.0632765205940051,-0.2929677713691857,0.033782734603331054,-0.21415287487561732,-0.0261074259034482,500
29,married_share,0.23999334687318455,0.08108089597279272,0.08750766803042757,0.05782462217940487,0.40082800038332533,0.0922132812757814,0.37558173756854013,0.15650000630744776,0.329167501741404,500
29,hours_mean,0.015488770876837935,0.009882216462591643,0.008620961715085878,-0.0034636170427046397,0.030021832547977197,-0.0005520260227679751,0.028201766718511916,0.006850315215149496,0.02333428742717518,500
30,intercept,9.854708784910301e-9,0.003902871042492939,0.003371195534411967,-0.006246048960944049,0.0063090225257938426,-0.005563640929827249,0.005755325442895734,-0.0031221664087342535,0.0034345742421051885,500
30,shock_x_ind1,0.01507527735338249,0.014134068908417364,0.014085684631951655,-0.013048863458294264,0.04228435362159779,-0.0075284430216519,0.038579096794212474,0.0012214408332710854,0.028391029758151894,500
30,shock_x_ind2,0.028357543603689746,0.016191480764457252,0.017470494147372395,-0.0058784410552676514,0.06355976770255299,-0.0006187083421512622,0.058113805943769636,0.012028619464455898,0.04559779067773156,500
30,shock_x_ind3,-0.009462007782325478,0.012991690464998878,0.01277287864891665,-0.033488516477166524,0.01579496317962116,-0.028977075968475468,0.01222534379703393,-0.020535140537010266,0.005014701876539717,500
30,shock_x_ind4,-0.006127181807834353,0.004099636125065443,0.004446491391573325,-0.014446374648599245,0.0025953322168009926,-0.013675567587865171,0.0009016942414095288,-0.010341601992973305,-0.0012291117263399749,500
30,shock_x_ind5,-0.008783177010632411,0.006745622097781734,0.007467123628481909,-0.022062634764348575,0.0064433756108291836,-0.020611363220305226,0.00406709369775395,-0.01572649625565848,-0.00035689524876408613,500
30,shock_x_ind6,-0.013346324609882837,0.005146594931521419,0.005464472447055819,-0.023609459716096536,-0.0021826698031807423,-0.021706928674953115,-0.003945355468971978,-0.01772937378141874,-0.007530808330117905,500
30,shock_x_ind7,-0.013352389239775631,0.00662516349533865,0.006903949583787024,-0.026175684568786092,0.0021722629358679555,-0.023718485403706774,-0.0006853538150577599,-0.019691928044743585,-0.007024248985604236,500
30,shock_x_ind8,-0.00504317998495195,0.0039558110447270745,0.004258821108220704,-0.01305889028681801,0.003007094951943218,-0.011839509872044917,0.002038185108720605,-0.00914820875143814,-0.0002595751138931815,500
30,shock_x_ind9,-0.005840305088949452,0.005050957174013956,0.005153540429240765,-0.015473271481824586,0.005505758501593213,-0.013574580320813387,0.003632251685746464,-0.009686191377918003,0.00010399791148691183,500
30,shock_x_ind10,-0.009079766743727388,0.006256409949503054,0.006713237625429986,-0.02097948699181671,0.004951564611522899,-0.01908407641480767,0.003546424744722341,-0.014748850469864431,-0.0015792277473864295,500
30,shock_x_ind11,-0.020184461424262917,0.009761985307404977,0.009919948607072335,-0.040065929902347176,-0.002704618567505188,-0.03750872491652518,-0.004297654465162069,-0.029859290957292395,-0.010679202644435195,500
30,shock_x_ind12,-0.0032246555123795844,0.005366282714544037,0.0055072596671314105,-0.01417016695499694,0.007873516453459569,-0.011538630612820445,0.005519654509449011,-0.008033088395860923,0.0029059540217401397,500
30,shock_x_ind13,-0.00468062746410623,0.004722053502908578,0.004857357106839501,-0.013747565326909055,0.0055244542452611185,-0.011658144131323784,0.00395278089243307,-0.00909660165792903,0.0004814084734889172,500
30,shock_lag1,0.001000528520085728,0.004232969250237075,0.004333969806314337,-0.008210273204703984,0.009119943293887448,-0.0059095123623214415,0.00784600607732778,-0.003770084073643363,0.004577681442030293,500
30,shock_lag2,-0.0020859417564608874,0.004174905568727361,0.004453418105470672,-0.011355213807210426,0.00624115464691454,-0.009836061923192429,0.004622011283685338,-0.0069674375956387665,0.0016910020153224315,500
30,shock_lag3,-0.002167516244312604,0.0036758223293054614,0.003985949098410174,-0.009535562153917054,0.0059352068914076085,-0.008672881916113503,0.004186558591028048,-0.006092151170772747,0.0014674062315745806,500
30,shock_lag4,-0.0008382185217195714,0.003948754956258634,0.004138922274817552,-0.009042500614157054,0.00667000510550249,-0.007338360271487757,0.0061161825378542815,-0.004903622439010279,0.003324141545948513,500
30,shock_lag5,0.0009274799647115208,0.004132298733066993,0.0042395685448380765,-0.007120772462388614,0.008674680475375306,-0.005898774664459344,0.007779200038374917,-0.003272227606152564,0.0047927146667703785,500
30,shock_lag6,0.000702262268547085,0.004402081954587005,0.0045437845035283305,-0.008186230659017784,0.009642719233587782,-0.006918413919054488,0.007839264798784783,-0.004250088835495106,0.0046574703683462644,500
30,shock_lag7,0.0045616142826923525,0.004887702149828912,0.004781314242227599,-0.0040022242287330615,0.014165014355624728,-0.0031181214865169103,0.012689575225936011,3.097422869758954e-5,0.009196009697828772,500
30,shock_lag8,0.007459141110110037,0.004685965279730705,0.004725417046986614,-0.001794896348784622,0.01719786649051517,-0.000535854572933482,0.014809723911701829,0.00331304519946032,0.011917312226031146,500
30,shock_lag9,0.007450267382876656,0.004373680648405036,0.00430897382773523,-0.0010780345351554064,0.015463811412837508,0.00029474825398430413,0.013975052691945992,0.0031867567838269662,0.011826830792037033,500
30,shock_lag10,0.007068883949546326,0.00426414942388951,0.004239339898785381,-0.0014663795064904892,0.014462985368790699,-0.00023775219857740667,0.013600763461501582,0.0024334573343774957,0.01108590696325857,500
30,shock_lag11,0.004606216590150217,0.003782689802165167,0.003920347199253502,-0.003491535933129391,0.011750219320814784,-0.0021304563557046955,0.010734972597055971,0.00032424647839312106,0.008457769159678458,500
30,shock_lag12,0.0007908807125770893,0.0036438069291000953,0.003621589764018661,-0.005909308202855299,0.008200466397790951,-0.0049065749680864135,0.007074568745311083,-0.0025439918785580655,0.004576146684895456,500
30,log_oil_lag1,-0.03375629390007199,0.011673689214306983,0.010289957884896513,-0.04976719520646569,-0.009527826579696287,-0.04818327803561849,-0.013985435777201762,-0.042049453868471406,-0.02171939653748967,500
30,ffr_lag1,-0.012994618567082773,0.0025438900883926244,0.002257739013060352,-0.017710388685104893,-0.008702956110333775,-0.016753717110855236,-0.009310894039106465,-0.015220555367707167,-0.01080695527095728,500
30,cpi_lag1,-0.0005894238108870689,0.00032763188295343546,0.0002983209823904362,-0.001180998325604685,-4.7317416639798245e-5,-0.0011135237176079225,-0.00015430210786415949,-0.000921070948197094,-0.0003116796091072169,500
30,indpro_lag1,-0.002139070465037292,0.0008328407467728801,0.0007642073310588219,-0.00374103758786407,-0.0008127978888571581,-0.003488390035893115,-0.000992079058005757,-0.003018544241232677,-0.001468556882747097,500
30,log_rincome,-0.8584134056915573,0.34951161173699075,0.3130541780935935,-1.3776904726334023,-0.23912378397349915,-1.3296389624582758,-0.3240718368397777,-1.1479622971484686,-0.47293954887153855,500
30,log_rwage,0.695026070625779,0.3714630446954785,0.3310751653213622,0.0693148250565229,1.258856941439607,0.12369566160247591,1.189362436350177,0.28833182618557324,1.0147167784281457,500
30,age_mean,0.025388847617149806,0.004253945914547145,0.0037595890706985328,0.018112875063536024,0.032343139993851855,0.019321629109516254,0.031377069505788,0.02155423910666811,0.029173391049883802,500
30,female_share,-0.11042063117657908,0.09186411790327281,0.09167130208545526,-0.27912739093909933,0.05964419557527709,-0.2522902572079661,0.04101937509501499,-0.19939831388661947,-0.0205554057735676,500
30,married_share,0.23101886055480292,0.07906982633455667,0.08048798172525978,0.07020605167842478,0.3754379286391356,0.09127329838401518,0.351410702251766,0.13910867909682115,0.3044132271326715,500
30,hours_mean,0.012831532188780574,0.010202320596768514,0.009290319623263273,-0.0049722333174095825,0.028920918438700774,-0.002694659465967506,0.027366384597270196,0.0018264785383607651,0.021796119939856296,500
31,intercept,-5.481844126791477e-10,0.00371045577665227,0.003187268562528206,-0.005952980226444613,0.006044558523244257,-0.005199139200938993,0.00511995196430904,-0.002969182500507413,0.0031839456927149237,500
31,shock_x_ind1,0.006344107390644905,0.012841152232761837,0.013081035069037957,-0.016306632002311115,0.03275314131459488,-0.01412844807439039,0.029497282274966855,-0.005533695762425017,0.020239913587234856,500
31,shock_x_ind2,0.031866336017159255,0.016724556870905637,0.01757669396073195,0.00013603091982683778,0.06688731738399557,0.003767719799234491,0.0626660263037463,0.015094703688801326,0.049617212294208915,500
31,shock_x_ind3,-0.01226430219522681,0.013584557635393292,0.014222336791720058,-0.03847162545672431,0.017143866133297842,-0.035004226001325946,0.011548603883563524,-0.02571339731409361,0.0024166893300917383,500
31,shock_x_ind4,-0.0001229588811712021,0.00446133535670569,0.004790911285746815,-0.008359649051180695,0.00902898146322511,-0.007327732620737585,0.008014225856979335,-0.004691644699156755,0.005095618080404607,500
31,shock_x_ind5,-0.009417198074983063,0.006758202074467576,0.007957570511066719,-0.024853580101881653,0.005197579772679158,-0.02161908855660398,0.003094707193253176,-0.017525632896515354,-0.0015901417626216863,500
31,shock_x_ind6,-0.01584789532488786,0.004605925869878502,0.005541742054279211,-0.02648390786668186,-0.004334838861604023,-0.02467879309233792,-0.007337720991426971,-0.02062809446952386,-0.010030529095970783,500
31,shock_x_ind7,-0.012048687267242123,0.006309169080961183,0.006336813953054452,-0.024557672217981552,9.179264098834494e-5,-0.022969440906554197,-0.001633092441568426,-0.01817426669320106,-0.005682728603458025,500
31,shock_x_ind8,-0.006375987154460503,0.0037946918121270923,0.004238977824420161,-0.014943199239826586,0.0015057636903216356,-0.013156427766796186,0.0006497397269756089,-0.010127393443034552,-0.002003666825059516,500
31,shock_x_ind9,-0.005105846879146889,0.005053121242175096,0.005432671430789533,-0.01547178875745316,0.004721944446794484,-0.013794905374120031,0.003102824286492701,-0.01030285159807322,0.0004272946058970718,500
31,shock_x_ind10,-0.006459095331418341,0.006633021757663373,0.006876390590053158,-0.01967886252227982,0.007777843101940245,-0.01752743504163107,0.004858321533140551,-0.012581289286563593,0.0006295507287599438,500
31,shock_x_ind11,-0.027582737053867722,0.009242833200160564,0.009922028989791507,-0.04743172459017732,-0.009069551612426296,-0.043784388862302306,-0.011279928209963146,-0.036836210964006216,-0.017426429648763717,500
31,shock_x_ind12,-0.0008269579672090745,0.005192393439756853,0.004970888810843035,-0.009229493732770176,0.00988874972320104,-0.008397934491731889,0.007931010880665725,-0.005039997661565819,0.004461684288074149,500
31,shock_x_ind13,-0.008314794877848359,0.004584276673980778,0.004908266930146887,-0.016841470450900745,0.0016248187710378326,-0.01568509638600439,0.00010470016130721427,-0.012313461843528684,-0.0026451187585146757,500
31,shock_lag1,0.0003890265167566257,0.004009057716918339,0.004149549328178041,-0.008408488555446177,0.007779997976450423,-0.006434167168275577,0.006649581180556942,-0.0036654737935749382,0.004399921504226079,500
31,shock_lag2,-0.001887244984687407,0.003789918584484023,0.004176345616881279,-0.010560329685261632,0.0057567352776193605,-0.009000768269066095,0.004742078645147862,-0.0059257177922691015,0.0022333613035616273,500
31,shock_lag3,-0.0006208559581128072,0.0035306662043323184,0.0038932456928212514,-0.008962353427293955,0.006319346204345435,-0.007536622118158401,0.005383892878812671,-0.004542414597571333,0.0031068773223871245,500
31,shock_lag4,3.087553677118031e-5,0.003992943603473561,0.004278344177716762,-0.007931863783557862,0.009097345657696277,-0.0068518746276228434,0.007273911018344034,-0.00414819825616255,0.004105890457290379,500
31,shock_lag5,0.0004918965854535953,0.003888558157959965,0.004222750496991975,-0.0076514195763878155,0.008869457034186162,-0.006169764671157518,0.007376133252337513,-0.0038171506543188305,0.0048726397673869055,500
31,shock_lag6,0.0056409657701656565,0.004808963972871434,0.004576348326013797,-0.0035252528991209313,0.01419758557219485,-0.0019119654736988196,0.012860247818750075,0.0010505903127703286,0.010037965262340534,500
31,shock_lag7,0.005118132693026537,0.0045007113945827095,0.004078836617210546,-0.0030573563738367183,0.013011956045893745,-0.0014229950129806643,0.011879598377971591,0.0011309403220985882,0.009302965105407375,500
31,shock_lag8,0.006829960061148504,0.004136391930357926,0.003985639549306277,-0.0006087860988273349,0.015015274416511248,0.0005244598012924514,0.013317341061448131,0.002754939367144463,0.010529702097807599,500
31,shock_lag9,0.00461577075518107,0.004253634831626687,0.004275889420504478,-0.0034091252016428602,0.01263264725517577,-0.0022426916566512683,0.0113006130259317,0.00024208221227757049,0.008921469067291946,500
31,shock_lag10,0.006159690921283547,0.0037647249914685528,0.003894773369669084,-0.0023489925234164086,0.013181786302537244,-0.0009489024061977333,0.011940244226309075,0.002201771126760863,0.00974682877580567,500
31,shock_lag11,0.0015954569962347072,0.0036996932524342545,0.003888990081462749,-0.00696435535796226,0.008549739714079397,-0.00521332045856603,0.007543976802883612,-0.0023575572658580198,0.005061362375904284,500
31,shock_lag12,-0.0026403143417794575,0.003408993683988524,0.003363204108165387,-0.009683277922905992,0.003455342029840406,-0.008312122827918454,0.0025491595139056607,-0.006318335089819338,0.0005717947634874074,500
31,log_oil_lag1,-0.031269940219128246,0.0109746354569132,0.010146821394601395,-0.04728746979644703,-0.009456024617366117,-0.04576079463295029,-0.011736903192173987,-0.03884796029760144,-0.018034879699534108,500
31,ffr_lag1,-0.013232623631672357,0.0023575309618171897,0.002208386880666408,-0.018075288780185904,-0.009272094599171462,-0.01716926041884408,-0.009894142294638487,-0.0156458816688524,-0.011261685753433868,500
31,cpi_lag1,-0.0006693257969919248,0.00031382080021984045,0.00028909011381218725,-0.0013577913300007408,-0.00017906530473683815,-0.001249343567074649,-0.00026322485728478987,-0.0009961240950298739,-0.0004379081965627102,500
31,indpro_lag1,-0.0022635259689554694,0.0007955396449378289,0.0006922786991971633,-0.0036930918587546185,-0.0009293710880135626,-0.0034155146043558337,-0.0012303247936485738,-0.0030211352280240765,-0.0016118610856427657,500
31,log_rincome,-0.9611815211864887,0.3261037688996061,0.29262166242085025,-1.5354387737103503,-0.44948706552663154,-1.458382465906541,-0.4848921270670426,-1.2534446290559573,-0.6451753003809967,500
31,log_rwage,0.8161012303437122,0.3498710034794722,0.31091179670735275,0.259355239299343,1.411602704805229,0.313438737674157,1.3424137706816104,0.4879229519792936,1.135665114951485,500
31,age_mean,0.026107232230341632,0.004371737488919588,0.003808413184683494,0.017822585722761998,0.033130067967030316,0.019340877030003437,0.03223593467396631,0.02240169770175893,0.029663913744355456,500
31,female_share,-0.1286828368837491,0.0885120412226486,0.08822870845885818,-0.2910921812755763,0.05641739739849751,-0.25240205806912475,0.029568292018682066,-0.2082083031499976,-0.02751976884138709,500
31,married_share,0.21464881725008012,0.0812598858743395,0.0833983270188774,0.04989121502941635,0.36930116504514754,0.07755437203490717,0.3458726875828721,0.13186091708997483,0.3045771666455242,500
31,hours_mean,0.01644586404082475,0.009637969893632593,0.008389096193178338,0.001767002631007616,0.03355670537618273,0.003442831806130755,0.03081809110813658,0.0079649503642296,0.025119604329329092,500
32,intercept,1.7049193068429887e-8,0.003487606645313093,0.003180858875972364,-0.005624419276447299,0.006774075010617579,-0.004855245014313514,0.005403703125368338,-0.0029208027843099487,0.0033524966490502866,500
32,shock_x_ind1,0.0032808328072239787,0.011782183501476156,0.011949240526575856,-0.019608943404753186,0.02819142102897894,-0.015965926442585782,0.023590382773777,-0.008261235608124367,0.015788376471422776,500
32,shock_x_ind2,0.032318479721530104,0.016954791487266484,0.01822075671087118,-0.0012091028331846652,0.07184175363827158,0.0063169320701122,0.06330207467575856,0.014940926020463575,0.051277181380568526,500
32,shock_x_ind3,-0.012002137145652644,0.013428263793234339,0.013800462154928535,-0.037719595347751045,0.015197869922814513,-0.033361569034258264,0.010800570885897432,-0.025087081940691806,0.0013075915319483468,500
32,shock_x_ind4,-0.0020236661121027077,0.004500762008365235,0.004479496744466138,-0.01151263808458715,0.006927292234939018,-0.009643608465100408,0.004997315168832378,-0.006076301350519202,0.002634513333332223,500
32,shock_x_ind5,-0.009251582752527153,0.0062564258692694484,0.00675321804242048,-0.0218405560586922,0.003556018115110664,-0.020425998882564012,0.00174300658496284,-0.016005326587908483,-0.0025592593444947126,500
32,shock_x_ind6,-0.01478867306174034,0.004730428751704816,0.005197942034733543,-0.024498742361070407,-0.004681152747141919,-0.023146987998660024,-0.00656439207923793,-0.01978849019588441,-0.009201544581028741,500
32,shock_x_ind7,-0.014446767268390713,0.007247854902043434,0.0074750278117578645,-0.030145504035216958,-0.00010438908810875356,-0.027477888389814003,-0.0024752926298084073,-0.02167976736478427,-0.006782841575515458,500
32,shock_x_ind8,-0.00417294705229824,0.0034810279336647174,0.0036246634214027462,-0.011214565619444882,0.0027714705554962504,-0.010044238944321339,0.0016140108220310495,-0.007638249724457359,-0.0006605630890418257,500
32,shock_x_ind9,-0.004620074793815943,0.004973136079893166,0.005215600547699849,-0.013889986750313825,0.006488573014559259,-0.01227475110626222,0.004883473374646181,-0.0092353243303252,0.0010484286818426218,500
32,shock_x_ind10,-0.005537460778948501,0.006628041503453375,0.006846678015392447,-0.01851333509389426,0.006190497540531479,-0.016829397184610122,0.0047604536025287365,-0.01241838594438216,0.0011972179236338987,500
32,shock_x_ind11,-0.029400901879917,0.008224177347287408,0.008039404686447295,-0.04406263874510889,-0.014040345304361329,-0.04229091133627544,-0.015709493571434245,-0.03640979490753994,-0.020578190292335714,500
32,shock_x_ind12,0.002406793794113236,0.0047257201818074026,0.005093311887178384,-0.007254812134529051,0.011938948491975531,-0.005909741135933169,0.010050394416400254,-0.0026265784965401723,0.00755826681711409,500
32,shock_x_ind13,-0.006568812058326667,0.004728101375678829,0.004814329973976485,-0.015343557051918413,0.0035302527196279998,-0.013700820507607249,0.0020512317381878053,-0.010967963218780376,-0.0016627199647876955,500
32,shock_lag1,0.0005903349043688077,0.003745197946997533,0.003912744479607301,-0.007209770172881796,0.007639015775169394,-0.006373111936927416,0.006244385608075549,-0.003997266404485588,0.0037406298820259,500
32,shock_lag2,-7.621244663539999e-5,0.0037040691698238394,0.003789828111023296,-0.008166917185681554,0.0073154111608648015,-0.006897001417161392,0.005568158453096441,-0.004585765624385418,0.003198892910751337,500
32,shock_lag3,0.00014354635398579755,0.0035625669121733443,0.0038910218704969234,-0.007539435244467499,0.0074428768683632,-0.0066085828319100886,0.006217502443512788,-0.0042261162581670435,0.003459867700377331,500
32,shock_lag4,-0.0011810169500095003,0.003625406067857989,0.004042373983087102,-0.008723733583228997,0.006395637407308008,-0.007962891087463841,0.005071316252043718,-0.00559824195901757,0.0025041202029939882,500
32,shock_lag5,0.006045861534945114,0.0043091316157061734,0.004332597690125168,-0.0021705384932262876,0.014401800264294932,-0.0012408366344749183,0.012221931483008503,0.001315415515586028,0.009810811614819231,500
32,shock_lag6,0.006711884253274235,0.004506226039239468,0.004422847498219158,-0.002790299735158801,0.014425401522562366,-0.0012978669050337597,0.013299397499760673,0.001956250695664679,0.010698939912738873,500
32,shock_lag7,0.00423699582063886,0.0038195386564496576,0.003823709248877607,-0.002945911740351354,0.011607400852695147,-0.002073220132080167,0.01072372816401105,0.00017298602123761697,0.007837656144277396,500
32,shock_lag8,0.003965491064329381,0.003973733987938005,0.00384986915878579,-0.0037266915551284483,0.01082721713622054,-0.0029443619304916897,0.00975940189893479,-5.2080554184559296e-5,0.0076137268680340625,500
32,shock_lag9,0.003676576210660034,0.003663897536693897,0.0035250820499910145,-0.0036982022047469198,0.010004889834928829,-0.0028086670599804762,0.00894756153073295,-0.0001780871368893291,0.006655828533003114,500
32,shock_lag10,0.0033979520090155805,0.0036195652323713252,0.0036608592368833756,-0.004038578596619958,0.009597147494039447,-0.0031103885964698067,0.008671702470856926,-0.0005619527473751515,0.0068002561133050955,500
32,shock_lag11,-0.002166931594278071,0.0034195312780460284,0.003642001143524098,-0.009305693666594481,0.004711732741445972,-0.00835565225090997,0.003479046436792204,-0.0056202655885578354,0.0014034384096857377,500
32,shock_lag12,-0.003806658026374669,0.0029711414984114797,0.0031325315219233505,-0.010030309875310228,0.0020445255369094827,-0.008915381066952102,0.0011392425653191012,-0.006622580261477786,-0.00043698814863066336,500
32,log_oil_lag1,-0.028419093096937877,0.0103290923846589,0.010169444819719731,-0.04499040500058491,-0.005448642386024358,-0.041481742335307395,-0.008606894898601171,-0.034870935010526,-0.015029816412876313,500
32,ffr_lag1,-0.013975182473141442,0.002149632177442589,0.002166081714103211,-0.018268264664595996,-0.009964280593088798,-0.017726285408808322,-0.010681656965517422,-0.01629521739369088,-0.01191925722091966,500
32,cpi_lag1,-0.0007164633812405173,0.0003064850977686881,0.00028992863337459085,-0.001345779446491266,-0.0002586815817214287,-0.0012618875187124859,-0.00030877620144074947,-0.0010560039913953504,-0.00045667445617376647,500
32,indpro_lag1,-0.002361469181145966,0.0007398184058408274,0.0006578106308971215,-0.0036927623719280453,-0.001092992913792124,-0.003369132239421627,-0.0012675027040206697,-0.0029735326507783987,-0.0016966849614876549,500
32,log_rincome,-0.931875818341118,0.31784415965040197,0.298606483927077,-1.5414684448546194,-0.3894547421877949,-1.4054500834907837,-0.46711712968765384,-1.241407659716224,-0.6200574911506109,500
32,log_rwage,0.7607781038840125,0.3389404994195265,0.31090147515394684,0.18218381121035382,1.388156147587711,0.2779502078482684,1.2761123562821033,0.438518713354736,1.0787582732361356,500
32,age_mean,0.02617386295349014,0.0042544030225488295,0.0038103121226464184,0.018679500617091338,0.0327886910270697,0.019589880937609876,0.03173794827874942,0.021746062317131967,0.029402978992032806,500
32,female_share,-0.09346358104741076,0.08297474871774731,0.08263188325600694,-0.25440625155032837,0.05947379868880423,-0.23522016003387303,0.03739201345067422,-0.17769298060646233,-0.009839162578453936,500
32,married_share,0.16888132699076347,0.08366453406288041,0.0756586511151857,0.03128677285828203,0.31482451044944393,0.0459181155441936,0.289108211187864,0.09755684280000546,0.2460763427958219,500
32,hours_mean,0.018902863433397865,0.009409034079770623,0.008720542344275684,0.0028110265674027917,0.03566495642591282,0.0047925854303980196,0.03308824937077517,0.009828186522375966,0.027676507353346754,500
33,intercept,2.3287529017229393e-8,0.00327226711820867,0.002784706939757325,-0.005456386375702529,0.0053526251232879265,-0.004398731097237992,0.0047023792882952605,-0.0024684198267932327,0.003160530831758884,500
33,shock_x_ind1,0.0019459800744939155,0.009393334232653825,0.010377031261525671,-0.016748481913917652,0.023489490217150348,-0.013947217535860833,0.02019634844374203,-0.007925780052869813,0.012366162978983852,500
33,shock_x_ind2,0.022312839991126897,0.01749025800538208,0.019000494287536644,-0.01458216671928334,0.060287409640296746,-0.008922394128146952,0.0554093413177548,0.003928353360340013,0.04010317564924559,500
33,shock_x_ind3,-0.01028583685519045,0.01285388068370343,0.013555702003383388,-0.03644267025196256,0.015574195921439212,-0.03240493259974754,0.011235273219601475,-0.024488980430587143,0.0033567822618966263,500
33,shock_x_ind4,-0.004230636922254462,0.004401945799281573,0.004393879394881265,-0.012839176757236469,0.0044964759179099475,-0.011552671942167655,0.0034105928846623595,-0.008131923162900371,0.00022640403922120748,500
33,shock_x_ind5,-0.005077311414292028,0.006467210045654962,0.006894451966453736,-0.019436578199859986,0.008459572427118874,-0.016828573622397376,0.005343254020055179,-0.011266618735089386,0.0015298686780629701,500
33,shock_x_ind6,-0.014442224089471182,0.0048110655009915215,0.005177760072073109,-0.023615263026605486,-0.004487302353358442,-0.02288629142040354,-0.006001810290082713,-0.019384597952647128,-0.009055849487290404,500
33,shock_x_ind7,-0.007232915348642022,0.007288931398345878,0.0069872677617822355,-0.020168918837587507,0.007291600599405028,-0.0190035261219675,0.00524993825749256,-0.013686154262827092,-0.00029298295681345497,500
33,shock_x_ind8,-0.002415054221303816,0.0032458087377221093,0.0033596587308921183,-0.0091557476168189,0.0036117899321327263,-0.008095804875183226,0.002908697991724494,-0.005626218000865741,0.0011686356967073675,500
33,shock_x_ind9,-0.0031363834722181695,0.004837169526673971,0.0050055920828597795,-0.012248586397298929,0.007139910748556799,-0.011109056824176799,0.005311376166792215,-0.007818946683625773,0.0018646211931518098,500
33,shock_x_ind10,-0.008517988997560542,0.006107882042722929,0.0064113553409148845,-0.019866220236490484,0.004648276135840202,-0.01829973039632596,0.0019178398462825449,-0.015113251671770123,-0.0023226046797664886,500
33,shock_x_ind11,-0.021000554169041393,0.006890784036995208,0.006937711127439269,-0.033536204495352044,-0.008475639198055357,-0.03155759984521068,-0.010051916728601793,-0.027916319768326373,-0.013678379846896127,500
33,shock_x_ind12,0.002274901250907113,0.004677426015009499,0.004669938309560743,-0.006902638940660609,0.011541591913567687,-0.005239150403792615,0.009706757409254002,-0.0021716470975172617,0.007091149277494753,500
33,shock_x_ind13,-0.008334106259982698,0.0049148692861241145,0.005178813286510821,-0.01844563860302869,0.0016561464744703908,-0.0166655817423879,3.239709777637484e-5,-0.013005956968174512,-0.0027573635514490454,500
33,shock_lag1,0.0024287222410179724,0.003830379667281361,0.004039990275057139,-0.005589920171487657,0.009950007737795037,-0.004390688245806418,0.009086453533870826,-0.001789149790337488,0.00617883386415094,500
33,shock_lag2,0.00045823628224411913,0.003628479987411206,0.004038646079860924,-0.0077284990643045615,0.007782895753847958,-0.006507386450982772,0.006824669675250413,-0.0034709346904490354,0.004608901380848106,500
33,shock_lag3,-0.0012095243862130995,0.003374273716310623,0.0036285802304929604,-0.007791547479105022,0.006225824329861388,-0.0067333676114434225,0.0053748296046012365,-0.004408077979029124,0.002533372998140536,500
33,shock_lag4,0.00428592823369172,0.004071101564629845,0.00402039966530941,-0.003704315359447781,0.012558007535020444,-0.0027903980520465515,0.011157337133964601,0.00022802383414076205,0.00792874967334686,500
33,shock_lag5,0.007083561088861188,0.004084573718987083,0.004113517522103526,-0.0014759891042143015,0.014049738811370213,-0.0002447766975317424,0.01349582748752956,0.002799605127346813,0.010902326439395737,500
33,shock_lag6,0.0055290028896104485,0.00375450339718252,0.0039143286327589745,-0.0023863995967590293,0.012560761740356176,-0.0007446967985913562,0.011547175745344597,0.0013593928274870431,0.009386834820079772,500
33,shock_lag7,0.001475426267350177,0.0037100631974154997,0.0037676895234578715,-0.005742444282805986,0.009323440504080951,-0.0048950869489254485,0.008249379023075739,-0.0022351504033865776,0.005063788699478949,500
33,shock_lag8,0.003256919578550657,0.0034271945953639714,0.003565400888628012,-0.0037267590969244126,0.010023326084794358,-0.0024583117336831597,0.00889138204260931,-0.0004509983671892009,0.00672415001672004,500
33,shock_lag9,0.0014366667675754982,0.0035638101427957628,0.0035045654326368823,-0.005903770866041331,0.00766820614328966,-0.004542977692340019,0.006621781439571221,-0.002235663115333815,0.004709206046842457,500
33,shock_lag10,-0.00042239621503270167,0.003342473684489269,0.003324557395022855,-0.007120196639175802,0.005814750382015075,-0.006034006035275034,0.004626093754582042,-0.003841084084597044,0.0029020932230150774,500
33,shock_lag11,-0.0032771777116262124,0.002867801892476116,0.0028772425708689024,-0.009224529892192197,0.002008916569250625,-0.0082534372756801,0.0013677843510092808,-0.006089401809269273,-0.0004872910889831795,500
33,shock_lag12,-0.0022439979514504707,0.0026403438782006457,0.0027475486700713797,-0.007398873336185042,0.003617896372739877,-0.0064373412894346204,0.002577398026680803,-0.004603213613000161,0.0006617825792544966,500
33,log_oil_lag1,-0.024862031457909328,0.009921260607917573,0.008965268326398516,-0.041501547025724006,-0.0045119561686611225,-0.03800642828087918,-0.007264253985047327,-0.03182941384725508,-0.014581025792788872,500
33,ffr_lag1,-0.014837919117616165,0.0019823033038424264,0.0018029958249242148,-0.018348500261213062,-0.011634447998226358,-0.017708912132218285,-0.01201649626100678,-0.016715956381693917,-0.013086197237164206,500
33,cpi_lag1,-0.0007380987202088866,0.00029783258140154756,0.00027522885573557656,-0.0013377496530616747,-0.00027879697389785005,-0.0012386429046112358,-0.0003493683225978874,-0.0010506663973318666,-0.00048275721827215187,500
33,indpro_lag1,-0.002375448135585899,0.0006627594883402606,0.000585383124228835,-0.0035231371866522726,-0.0013963701589345357,-0.0033930213720556367,-0.0015191059647681488,-0.0030123434567984465,-0.0018236090666101062,500
33,log_rincome,-0.784281515833823,0.3201078882677491,0.28292515372232857,-1.3407944324928358,-0.2633051335164164,-1.2845168919869026,-0.3616201661560929,-1.0827088921395918,-0.5335345043945676,500
33,log_rwage,0.5883850521207332,0.34042829298699684,0.298022318234989,0.05121055738343569,1.18447454663861,0.14724390222341724,1.1052972401200898,0.30581371564953846,0.9163563912192688,500
33,age_mean,0.02382691838513862,0.0041308445985611,0.0034698618812790535,0.016654298974625857,0.030331088423070557,0.017849568861914515,0.029469502247786585,0.020240083525518475,0.0268056759751542,500
33,female_share,-0.14995504098467025,0.08002881899092258,0.0803670331544297,-0.30910800990260223,0.00837309325244009,-0.274982940313487,-0.015541260617881806,-0.22285457460407998,-0.0671845316298716,500
33,married_share,0.13886142209825253,0.07871444555388564,0.07264668662255472,-0.0002871886000239119,0.27895645634993305,0.01911425808824267,0.2562741966827744,0.0689483277016397,0.21335979191906787,500
33,hours_mean,0.01797591021919688,0.00940393770338608,0.008398851066213924,0.0039607464404415385,0.0357837623753437,0.00634850457654901,0.033335936263608694,0.010441094496310501,0.02723792690208401,500
34,intercept,-2.2694245323160626e-9,0.0030705222144642476,0.0026421279463378204,-0.004908890990384754,0.00501896599819718,-0.004129859979523364,0.004217851430159228,-0.0023890063742561477,0.0029965033802124485,500
34,shock_x_ind1,0.0067904412535795145,0.00837821355941317,0.00831854378656177,-0.00922373761994217,0.023864698800217618,-0.007016298105575688,0.020996488303666516,-0.0005182673066260188,0.015141107205076769,500
34,shock_x_ind2,0.018226632780340576,0.01789710129925093,0.018796855228485936,-0.017138623980361836,0.05793054061969963,-0.01000637107155599,0.05012959943261175,0.00016989327210994147,0.038939608155103035,500
34,shock_x_ind3,-0.0071432492209404395,0.012649283261087744,0.012659321917603434,-0.03309346383462691,0.016143145100804834,-0.02933869142141418,0.01219836944850857,-0.019384983031310164,0.004628240504158101,500
34,shock_x_ind4,-0.004511983607832377,0.004608996914707675,0.004869868254605715,-0.01411505924589407,0.004849584424430035,-0.012538638740540882,0.0030255328768225144,-0.009610535980353559,0.00028690368670348355,500
34,shock_x_ind5,-0.0033018781117234042,0.006532473906226175,0.006762182107913311,-0.015940244854606458,0.010091444230827213,-0.014487688194711032,0.007846680258732912,-0.010170012706478172,0.0033249844208348154,500
34,shock_x_ind6,-0.009105752011757496,0.004853021344359706,0.004962420323011969,-0.018416273560602384,0.0001864679913444634,-0.01716406128381291,-0.0011783392259228575,-0.013984367975201448,-0.0038981821532776064,500
34,shock_x_ind7,-0.005460708854393937,0.006902892025706311,0.0068822117571434175,-0.01907905140305698,0.00850812649582261,-0.01678711857477519,0.005904525779097134,-0.01228558310476064,0.0013825460053983887,500
34,shock_x_ind8,0.0020437021429636454,0.0037675464135298598,0.0037692773074936748,-0.00498380250820489,0.009666966060928078,-0.003979489003873359,0.008404593063630842,-0.0016932699915286641,0.005526417921160424,500
34,shock_x_ind9,0.00018688186792866824,0.004617148867496941,0.004682993832813694,-0.009034665124980565,0.009520166935591861,-0.007752910364509782,0.007881597413835307,-0.004298664403775374,0.005032064826483358,500
34,shock_x_ind10,-0.011579556861073252,0.006157149871067571,0.006159546880426524,-0.023959248333304123,-6.472048142312066e-5,-0.02192813397884198,-0.001822699245966773,-0.018402111973959856,-0.005681754031221413,500
34,shock_x_ind11,-0.006999161492534624,0.006639573665630017,0.006793494635399778,-0.0201305887239505,0.007741855959564815,-0.017976114156899526,0.00413705704268026,-0.01368355918624398,-0.0001084814801066143,500
34,shock_x_ind12,0.001391222143761529,0.004298733247327085,0.004465951279050738,-0.007495983902174605,0.009850392895842643,-0.006214230949185108,0.00788101256585377,-0.00315560000875794,0.005822255077609148,500
34,shock_x_ind13,-0.009051066067150558,0.0051651597664013746,0.005382810631478906,-0.019343400356841622,0.000828898972309742,-0.018262341511710963,-0.0009549753401563747,-0.014524727833926032,-0.003997284385970953,500
34,shock_lag1,0.0030300055834807534,0.0037548486027866737,0.003862459336725495,-0.004637591535567236,0.010364178326414834,-0.003510513373876543,0.008777690311199486,-0.0011754721172097349,0.0065248640804637026,500
34,shock_lag2,-0.0011160510491341074,0.00329978065344012,0.0035169599985212996,-0.007767481601798656,0.00607655503394651,-0.006970023349700295,0.004741497579158748,-0.004423909170159574,0.0026777330037219913,500
34,shock_lag3,0.004496535414775561,0.0036540104132617574,0.003724646651767262,-0.0029204337440258176,0.01150132944485997,-0.0016811130830116795,0.010197095308003341,0.0007310754851467746,0.008123644619656313,500
34,shock_lag4,0.0052992595911437275,0.0038860422981235846,0.003964491895537662,-0.0020405650488485765,0.012848378473473338,-0.0013288854901781627,0.011669086815149743,0.0011988628239660783,0.00890846346757595,500
34,shock_lag5,0.005789381892795859,0.003200874899630687,0.0033964721691703784,-0.0014384107274036469,0.012169067604187667,0.00017415037200472258,0.011062686810616486,0.002356443532924192,0.008977354361353392,500
34,shock_lag6,0.002507122286318011,0.003442057788159469,0.0036968805744095755,-0.004693199095533845,0.00972202140398467,-0.003871247491875708,0.008526230001537176,-0.0012700749105691517,0.006044399580144291,500
34,shock_lag7,0.0007630280196516569,0.00308676154588918,0.0031749731245541116,-0.0048235185058034015,0.007178663565906748,-0.004095425652859122,0.005954884952369468,-0.00250542503138448,0.004091276077329695,500
34,shock_lag8,0.0013420825707935416,0.0032367565232783637,0.003415214990263762,-0.005456304369357786,0.007809008145359274,-0.004471802211230748,0.006929968944469465,-0.00161942869323584,0.004733427307201116,500
34,shock_lag9,-0.0018065583935672938,0.0032808033134354045,0.0031975431308298575,-0.007475729750540676,0.0045128576019851175,-0.006765225171096965,0.0038606754237648358,-0.004640928564767086,0.0014267885190833325,500
34,shock_lag10,-0.001613304377933514,0.0028247853486797272,0.0028755864697379025,-0.007517689648110001,0.003717517254532155,-0.006495562682594506,0.0030861365105165376,-0.004233567581289663,0.0011188261007224669,500
34,shock_lag11,-0.0015465827928495188,0.002527421013507638,0.0026428283933592842,-0.006848634987762741,0.002819287152673147,-0.006145280454601336,0.00233180893650424,-0.0042619895842752765,0.001201654833199962,500
34,shock_lag12,-0.000726720322480364,0.0023384357366776566,0.002400307508335533,-0.0051767947154264205,0.004190079588499242,-0.004341267872296266,0.003108651864690502,-0.002997116978153697,0.0018390725097631793,500
34,log_oil_lag1,-0.021217375039882566,0.009412207673247961,0.008331457623875719,-0.03536157176443569,-0.0036800497697340407,-0.03250033505056427,-0.006001175882056467,-0.027994444258440533,-0.010975814446549138,500
34,ffr_lag1,-0.015948153798854534,0.0018587606126585973,0.0017599961743967954,-0.01959434636687121,-0.01251636420908473,-0.018995135560506585,-0.013205972123589664,-0.01764080993369781,-0.014495144933827246,500
34,cpi_lag1,-0.0008097435583017265,0.00029063992784900984,0.0002651262185730025,-0.0013851963533007851,-0.00033848283553304773,-0.0012593732715399028,-0.0004332846571510332,-0.0010950588454585878,-0.0005833034856530545,500
34,indpro_lag1,-0.0023508805018218294,0.0005979379619529976,0.0005193272612405996,-0.003386502644426927,-0.0013850316720604454,-0.003242482809694155,-0.0015519166139204828,-0.002933347501586382,-0.001868084446774375,500
34,log_rincome,-0.49860764064602703,0.3119419436703078,0.28648995790370463,-1.07238667666386,0.03545748896439698,-0.9812980328123615,-0.03778827156740412,-0.773937428938618,-0.2052004010211324,500
34,log_rwage,0.2552018904678314,0.32838663325825973,0.30100943489809834,-0.2964812235117037,0.8818185127490283,-0.23879098176650124,0.7515413939209596,-0.05414527931138782,0.5459544193363374,500
34,age_mean,0.02236527223238409,0.004129371522131542,0.003619569025857557,0.014745979124951427,0.028768072648391103,0.016364148985005635,0.02791611863934597,0.01877784354632014,0.025996713992059065,500
34,female_share,-0.1758671370134309,0.07508201567710597,0.0740397966375909,-0.33090011140041065,-0.037938798547964156,-0.3083079704875603,-0.06986527316316303,-0.25509939759623745,-0.1075363009626841,500
34,married_share,0.05743542072124686,0.07059360084147136,0.07224005146511264,-0.08702627129873636,0.19671539529926343,-0.06863195351268847,0.17538950247789145,-0.014275065612391292,0.12181557868982658,500
34,hours_mean,0.014841203290916795,0.00931635129796941,0.00865993231627784,-0.0018882344598182312,0.032282509962058496,0.0016977518086927696,0.028996540002310278,0.006245801414141985,0.02317225750667316,500
35,intercept,2.283430938186083e-8,0.0029247071947319796,0.002433030127636115,-0.004675340935222112,0.004768357636391144,-0.003871648494562004,0.004110973632663392,-0.0022457606414722424,0.002446699106831677,500
35,shock_x_ind1,0.006586823321580009,0.0059045677825292206,0.0062595761700610444,-0.004040462141689948,0.018773838685070477,-0.0030516327411154263,0.017509594955055916,0.001408841375452625,0.013493661726725344,500
35,shock_x_ind2,0.02096658131256289,0.018148805297598262,0.019442881530336516,-0.01762044388604023,0.0597664841389678,-0.010977775583353966,0.054830474554079564,0.0030134991056809425,0.03825729353681588,500
35,shock_x_ind3,-0.009710696334412591,0.012990715115053572,0.012780275310695541,-0.03383874060004286,0.01592231299125981,-0.029334181355073062,0.011410387163785923,-0.022804682950049962,0.0026476947416993017,500
35,shock_x_ind4,-0.005318628698512032,0.004199692930185736,0.004529153995069835,-0.013872007539005544,0.0033545717271507057,-0.012311620910275474,0.0021351055219785762,-0.009771064143522424,-7.089883558826543e-5,500
35,shock_x_ind5,-0.0018191339345001228,0.0062415923455402915,0.006700595649040018,-0.01505586901398239,0.01033795100786135,-0.013413709169519401,0.008763278860763531,-0.008455259152841305,0.004671140465396847,500
35,shock_x_ind6,-0.004521399044372773,0.005150976042050704,0.005410844891083393,-0.014530910390959032,0.006428006211797625,-0.013456348151902603,0.0047603011796398306,-0.009658051128091979,0.0011880350277840535,500
35,shock_x_ind7,-0.006843917848343608,0.006777800903513688,0.007214001293152032,-0.020416353710144157,0.006806041123532934,-0.01858527436515733,0.004507794968797898,-0.013165700421967132,0.0004670473352995392,500
35,shock_x_ind8,0.0010838546738023225,0.004268280702455659,0.004490217528780359,-0.006752184500627147,0.010638412993120482,-0.005313856086313742,0.008639708610461068,-0.003066502044600586,0.0057772399033475565,500
35,shock_x_ind9,0.0006090238883641828,0.004800964150885465,0.004687754714648031,-0.007987141942878726,0.009885925244784256,-0.0067266016315101216,0.008689151832729967,-0.0038384319665817393,0.005339941779311494,500
35,shock_x_ind10,-0.009088269957567145,0.006342424685359088,0.00608063957879132,-0.021239049991261548,0.0023172609900004694,-0.01951987537568689,0.00023664777025207841,-0.015287944546507004,-0.003347185384525145,500
35,shock_x_ind11,-0.0029607761428566775,0.007640289862893037,0.007952992964759218,-0.017281185785101398,0.013674873981349537,-0.015354824282710905,0.011235062773545449,-0.010995532438856002,0.005317550728899713,500
35,shock_x_ind12,-0.0010533794589226916,0.003895099550864753,0.004165166786597644,-0.009296184600812597,0.007014785679075014,-0.008199718669386204,0.005902537461678697,-0.004923189141439691,0.003210246149147897,500
35,shock_x_ind13,-0.00914089314091731,0.005020987147334354,0.005338725658943901,-0.018910558412306832,0.0020363874804782216,-0.017454172738555773,-0.0002349790685541688,-0.014004256649956647,-0.003614378573603986,500
35,shock_lag1,0.0006430911090258953,0.0030274095213564667,0.0033223142554442866,-0.005829467712541848,0.006675354371470659,-0.0049699751446218784,0.006002705180719863,-0.002741060416876145,0.004246654925865356,500
35,shock_lag2,0.004258182422883638,0.003590189495201474,0.0036337026623002814,-0.0025660563832993295,0.011719053884465619,-0.0017114505538252315,0.010197137693503729,0.0008079774485925385,0.007944092910997244,500
35,shock_lag3,0.005281738165362055,0.003370420689920449,0.0034549536771350114,-0.0014621863163551314,0.012127116542033741,-0.0005463342036713828,0.010807065766077597,0.0016173421668544265,0.008621184522423603,500
35,shock_lag4,0.002956356465345775,0.0029910710297686148,0.00320176036739344,-0.0035681905330033287,0.009381359167391034,-0.0026465687407377504,0.008276121483653453,-0.0002600431751114662,0.005870681946794097,500
35,shock_lag5,0.001915702943504844,0.0030417019149205546,0.003164508994392644,-0.0041692018969055385,0.007994184659807295,-0.0034385892289853738,0.007265471764618645,-0.0012617658866207044,0.004856534032217281,500
35,shock_lag6,0.0009206368184885679,0.002865704650773806,0.0029540399063419354,-0.004186643492217901,0.007243386738670985,-0.0036506033099110166,0.006238956630301369,-0.0019526824400829157,0.003855849925699346,500
35,shock_lag7,-0.0017399712229879266,0.0028484962145255855,0.002838530677167601,-0.006814553535349519,0.003913723844383075,-0.006139101140552637,0.003150563828694419,-0.004485185470775595,0.0012762670451886983,500
35,shock_lag8,-0.002297093419378391,0.002959036615896346,0.0030794705394304707,-0.007580427542064949,0.00401752300071522,-0.006918646783180869,0.002499470886663934,-0.005361810329587956,0.0008731056398054274,500
35,shock_lag9,-0.0028305389032237077,0.0028600781981941185,0.002912128434962737,-0.008128865490781578,0.003280287384307772,-0.007422866022991545,0.0021536113753390534,-0.0054572385632815305,0.00017242558318629586,500
35,shock_lag10,-0.00032032721398422766,0.002583980346892676,0.0026235490803225956,-0.005252828461557555,0.004926324859488407,-0.004532855933640672,0.004106353981536995,-0.0028714267700003467,0.0024643886245506014,500
35,shock_lag11,1.6985517581470193e-5,0.0023479492038045993,0.002607081300837387,-0.004644236389395029,0.005262227598135822,-0.0038528023179444913,0.0042736792066574904,-0.0023569059821065986,0.0028137178958115502,500
35,shock_lag12,-0.0015283940475961817,0.0023746083059116166,0.0025166806344080876,-0.00606085720241893,0.003516818231424197,-0.005528799762135864,0.0028248856573165147,-0.003907058676178944,0.0011023228110359803,500
35,log_oil_lag1,-0.014370203810484932,0.009368480078778657,0.008168719600097511,-0.028495862476923893,0.003945227882141885,-0.02671109478106254,0.0008053504686083274,-0.020824848910187613,-0.005502455068113396,500
35,ffr_lag1,-0.01730517607087459,0.0018255790901627236,0.0015310749825908515,-0.020674501877734133,-0.0146810717635295,-0.02016208780342667,-0.014923893029606596,-0.01888097332469488,-0.01589033057609797,500
35,cpi_lag1,-0.0008823922339280731,0.0002885332017594675,0.00026633316088791714,-0.0014454869940686292,-0.00045218162356223203,-0.001378087336228786,-0.0005132898244640301,-0.0011625638761018394,-0.00063048332130144,500
35,indpro_lag1,-0.002170272937803213,0.0005412233164042498,0.0004952102962493027,-0.003231426720691543,-0.0012662771118830555,-0.002994181276238179,-0.0013441871238517263,-0.002687268262718964,-0.0017081863320549794,500
35,log_rincome,-0.21161940684668923,0.2767209245720704,0.25175924160060853,-0.6949279618450473,0.30788690738741864,-0.5927768850652541,0.22083209034136042,-0.45767368281952936,0.03204853851572089,500
35,log_rwage,-0.07116852172567797,0.29674840664315544,0.26581132679821545,-0.5992673456391203,0.4371969451176355,-0.5270897522166036,0.34325544823214205,-0.3373412939139004,0.17054696349780246,500
35,age_mean,0.01798237362754089,0.004006657464427006,0.0036966737744594056,0.010770134488881346,0.024980831576045602,0.011834099549956666,0.023560730368168834,0.014197848070779904,0.021329955414619843,500
35,female_share,-0.22164396436177158,0.07186272426420225,0.07574215968039259,-0.3732101034844352,-0.06531892012589403,-0.3386948457993779,-0.09772259281496402,-0.2920097831777274,-0.14092655371449656,500
35,married_share,0.013436661287747901,0.06811329181735819,0.06908675071281548,-0.12393516481994413,0.14557728113691504,-0.10415745949020866,0.12201524063823246,-0.054752869690468,0.08152726627417058,500
35,hours_mean,0.008874385768055094,0.008917719513515936,0.00836149325927733,-0.008976996541052235,0.02438617465784179,-0.005207203297091203,0.022138761534569278,0.0009885205139401826,0.01696314312279555,500
36,intercept,-1.677050128303683e-9,0.002948384324789601,0.00255637176608846,-0.004924188223311418,0.004631471114478341,-0.004044536908006103,0.00395362786169165,-0.0025206251143708057,0.002571324681089124,500
36,shock_x_ind1,0.010262732018911104,0.0075545267710966394,0.00733602342466477,-0.002891227368715255,0.02492255391926416,-0.0005744746608624392,0.022886264146379745,0.004091010942863328,0.018478005346833224,500
36,shock_x_ind2,0.033245632654940724,0.02013380331061722,0.02115549490304764,-0.006975055800774652,0.07346383605493641,-0.0034603560783978793,0.06555160096315421,0.010969940074962896,0.05505344491098402,500
36,shock_x_ind3,-0.009535154443112643,0.01327438592670357,0.012893885926512692,-0.033945772085647245,0.015729483107937755,-0.03021985258158947,0.011601145545405605,-0.02247357727829431,0.0041925889189203015,500
36,shock_x_ind4,-0.004584704159950777,0.004362795632529515,0.004543918075608646,-0.012568452974898989,0.005000085597935643,-0.011719732385332585,0.0035932820104132668,-0.008414053144918877,0.00014712431386552276,500
36,shock_x_ind5,-0.005187034027785379,0.006714013181298082,0.007047223866632056,-0.017860398851317634,0.009537594328679674,-0.016119986662555947,0.006521654608756117,-0.012067615861848293,0.0020644792514288293,500
36,shock_x_ind6,-0.009371654246971048,0.004978756301706081,0.005002470448634806,-0.018889178034549675,0.000766214150449926,-0.016744335258366636,-0.0004811057575117391,-0.014077887806832669,-0.0039021269251879077,500
36,shock_x_ind7,-0.0033625656356256017,0.007387045389746737,0.007221259323389583,-0.01797141377489958,0.010080506879081713,-0.016386134133308076,0.008702944952349656,-0.010533359506355216,0.0033049735884152372,500
36,shock_x_ind8,-0.0017110590021459841,0.0038960388335242493,0.0041181190134998834,-0.008779000001187833,0.007211411322621292,-0.007928252198464334,0.005703671336109027,-0.005480134025182311,0.0030611242742425754,500
36,shock_x_ind9,-0.002322356491602434,0.005121601746689453,0.004924974358823871,-0.011699591505381704,0.007285433415516358,-0.010008251798374798,0.006133558033213482,-0.0075442758831242625,0.0025118749481895866,500
36,shock_x_ind10,-0.012178353786380306,0.0059934233188475,0.006047419923320626,-0.023156878428460835,-1.7252536523578153e-5,-0.02156248074349065,-0.002147645095282172,-0.01788556237672184,-0.005616833965708123,500
36,shock_x_ind11,-0.008764262878208032,0.006557510032878363,0.008086805438714074,-0.022321731380290418,0.009051540186653516,-0.02107968933443308,0.005276414760918659,-0.016597606970437495,-0.0006694670266764012,500
36,shock_x_ind12,-0.00118468792534356,0.004242103614472176,0.004330355710757154,-0.009752970517689898,0.007417270644910776,-0.00821968581490747,0.006305831343083891,-0.0050794624554121245,0.0032489920308314698,500
36,shock_x_ind13,-0.008273472353539094,0.0056331803282108584,0.005620419866764075,-0.01906608070256656,0.0025669715021188833,-0.0169044268171052,0.0011440429242119438,-0.01351650330047128,-0.002053426241088465,500
36,shock_lag1,0.005070400261668625,0.0034732805038772616,0.0037954471101935335,-0.0022177884974062855,0.012552121041520047,-0.0009434741747235714,0.011721624297430086,0.0014829395953793179,0.009151818522464885,500
36,shock_lag2,0.00473840560948399,0.003522497947797674,0.0036478249475786397,-0.0020698478040954657,0.011975128933683226,-0.0010337737145783097,0.010825587098548004,0.001574614850134507,0.008700012855397893,500
36,shock_lag3,0.004804865065022392,0.0031738511587159754,0.003324290967487697,-0.0018511425675668113,0.011042623919388466,-0.000538699688957563,0.010269534291640792,0.0017742080274070536,0.008177868747735913,500
36,shock_lag4,-9.232516732886534e-5,0.0031008209793698892,0.00338283687780891,-0.006867623281231814,0.006702468880750413,-0.00561672820437265,0.005674701030154442,-0.00303274585271487,0.003310229912829997,500
36,shock_lag5,0.0008137463376972152,0.002784290559404344,0.002960080467713964,-0.004306514485511092,0.00724147468490343,-0.0036259856287421855,0.006109788103819858,-0.002009917005699086,0.004066106548682469,500
36,shock_lag6,-0.001866654589714212,0.0028297951084487157,0.002954847723311589,-0.007036469904046255,0.004080676256810475,-0.006196747391680786,0.0032176038956531266,-0.004559655186780738,0.0015718437294116561,500
36,shock_lag7,-0.00499870445094101,0.002959323406210946,0.0028553871078374695,-0.010736826183971558,0.0006763109805422469,-0.009841142234646048,-0.0002455703176846076,-0.007664762570178095,-0.0022806965847947014,500
36,shock_lag8,-0.0033450332236358016,0.002814018578781266,0.002911394155068125,-0.008938263777931483,0.0025722751381353714,-0.00783792014480438,0.0018142545130971648,-0.00603208779327554,-0.00045729874659915953,500
36,shock_lag9,-0.0009264647841684734,0.0027786224255623485,0.002861046792519506,-0.006037705774016968,0.00498503988200114,-0.005320530286389029,0.003942343129099796,-0.003590440584959468,0.002096240464195092,500
36,shock_lag10,0.0010187735798665941,0.00259797758089458,0.002673088765899691,-0.004125061893671255,0.0060166084626462075,-0.0029918790358678463,0.0055400276461809225,-0.0016198725865693557,0.0038248974220296337,500
36,shock_lag11,-0.0009222338132114275,0.0025587858403116753,0.0026988651246649315,-0.005743904731144482,0.0044637988089387265,-0.005199847132863546,0.003615931530783211,-0.003477424697798864,0.0019747192018713337,500
36,shock_lag12,-0.001730749996069484,0.002289699029324186,0.002438685996268023,-0.00658422850103102,0.0029365126864094263,-0.005573912210982467,0.0022072259918905863,-0.003960995851264907,0.0007737422749001926,500
36,log_oil_lag1,-0.011936778481599962,0.009900120393073414,0.008123554000192018,-0.02613430495185933,0.005027637489741882,-0.023920729539316923,0.0014035056877546334,-0.01959061543033058,-0.0035601306163558955,500
36,ffr_lag1,-0.018039229172510336,0.0019133586718921094,0.0016683303866310336,-0.02174636220883253,-0.014801117182661624,-0.02105438385323906,-0.015316387456837388,-0.019542368906763738,-0.016393649132044483,500
36,cpi_lag1,-0.0008789430761305161,0.000305675086812811,0.0002641712810544562,-0.0013580069157748172,-0.00041628432496250943,-0.00131349643782556,-0.00048588867564946093,-0.001142214029078026,-0.0006135984510243546,500
36,indpro_lag1,-0.002230572039847578,0.0005659166403490862,0.000510119550062255,-0.0032266438946424473,-0.0011992174375753104,-0.00311561312677573,-0.0013977280719771237,-0.0027836551149435095,-0.0017734626279087985,500
36,log_rincome,-0.042837661343779025,0.2743340311768264,0.2591814084383829,-0.5340238685514349,0.46724862924405763,-0.42573097548547767,0.40475863356844255,-0.31033546869585765,0.21596047507242888,500
36,log_rwage,-0.25852252348312316,0.2938379101117072,0.27072746913534085,-0.8065848778539112,0.24484557569836785,-0.7285058830871364,0.15053918793864907,-0.5396620489243094,0.01509118289505733,500
36,age_mean,0.016113491328538853,0.004029141406038889,0.003385449404130898,0.009691383030752832,0.02265468779554749,0.010903620012808441,0.02181074840353911,0.01285383449106062,0.01941059129209508,500
36,female_share,-0.24023573460582648,0.07904582875902551,0.07909822626499581,-0.3847924509043399,-0.08385277970809882,-0.36834743039131873,-0.10890290669103832,-0.31827306814509365,-0.16276343185617564,500
36,married_share,0.006372568356517946,0.06930822920381409,0.06547062803468444,-0.11378411053532346,0.13523919117201438,-0.09643370902036405,0.11084081200792559,-0.055941239287058145,0.07585979653200116,500
36,hours_mean,0.005231861396866652,0.009133678443978754,0.008386513789263236,-0.011917734719301961,0.02050284638338986,-0.008479605875135238,0.018059825914126082,-0.003174793654481517,0.014172748399521302,500
