horizon,coef_name,beta,dk_se,boot_se,ci_lo95,ci_hi95,ci_lo90,ci_hi90,ci_lo68,ci_hi68,n_boot_valid
0,intercept,-8.586248798064734e-10,0.0004474245540064695,0.0004739298005363888,-0.0008973349336683279,0.0009776823776731355,-0.0007051436090565941,0.0007942240603413879,-0.00046292189103315056,0.00046513723962933907,500
0,shock_x_ind1,-0.0026607223790438297,0.0030841929223792007,0.0033227440180666657,-0.009171575783598942,0.0036609451365981695,-0.008154180252849223,0.0026940966345007076,-0.005948029096353133,0.0005907179612871067,500
0,shock_x_ind2,-0.0021014415634334656,0.003091703398096404,0.0033747633233884617,-0.008899946683984788,0.004261803761568126,-0.007634434745421699,0.0035099336264474822,-0.005471437578816587,0.001068287627085795,500
0,shock_x_ind3,0.0015622161253654842,0.0011151387003947805,0.0011844733511071539,-0.0005725165342052865,0.003933074008825344,-0.0003307320224810038,0.0034073341533510273,0.00046573155889693496,0.0027663304864245014,500
0,shock_x_ind4,0.0008601719200314316,0.0010464773863695343,0.00115574628433567,-0.0012928890311773274,0.003015093400300279,-0.0010281807752693297,0.002745967742179894,-0.00024976324251789104,0.0020699263251020374,500
0,shock_x_ind5,0.00037919438302123687,0.0007231240300378874,0.0007516738910687048,-0.0010174634296587258,0.0017886892170267663,-0.0007807463252962206,0.001581002598614329,-0.0003032863291053961,0.0011943897600712192,500
0,shock_x_ind6,0.0008839972544351702,0.0009090092715207148,0.0009616026925141858,-0.0008268077570309364,0.002796205357837431,-0.000580202520558564,0.002528161726277301,-1.5007533105104329e-5,0.0019987037116519137,500
0,shock_x_ind7,-0.00037283366641739586,0.0014683030743764078,0.001493575346881676,-0.0032124726783608277,0.0029706999197911684,-0.0025391880244850927,0.0020667241914208356,-0.0018898709979776815,0.000956559448836856,500
0,shock_x_ind8,-0.001985034906493127,0.001630799960472998,0.0015583781579567113,-0.0047207506197358,0.0012446955757519414,-0.004293729837542798,0.0007823598088969805,-0.0033670046212276256,-0.00032112748572023025,500
0,shock_x_ind9,-0.0013515627530258111,0.0011266743740903304,0.0011570764705984662,-0.0037026674529278547,0.0009315916444769374,-0.0031817431991793513,0.0006304986277596085,-0.0025549457784768263,-0.00023143780712218246,500
0,shock_x_ind10,-0.0021500003089194677,0.0012158528717606087,0.0012602829872082502,-0.00471545129741803,2.586336269771376e-5,-0.004303871747202255,-0.0002706153867230725,-0.0034623540869638423,-0.0009415439830219494,500
0,shock_x_ind11,-0.0007064353425023897,0.0027803581551445514,0.002851174303600569,-0.005784897362201332,0.005145255398173959,-0.005104081705594998,0.004193253968671882,-0.003464522591868779,0.002313926625131955,500
0,shock_x_ind12,-0.00016129185670036707,0.001211336070964249,0.0011980810099068942,-0.0024677993370691457,0.0020065175848375224,-0.0021696135820600555,0.0018008095139423472,-0.0012940486505090146,0.001125002375620885,500
0,shock_x_ind13,-0.00013633767738570118,0.0009858085033136712,0.0009910794427489187,-0.0021146312181070416,0.0016534035560064443,-0.0018173608971714,0.001341661133260677,-0.0012354126470730503,0.0007610163504534075,500
0,shock_lag1,0.000803210199592657,0.0006914661121029743,0.0007557475395119013,-0.0006828043161946891,0.0022722130878230643,-0.00035451605230994195,0.0020463898039949895,0.00012149467730234808,0.001616737139740709,500
0,shock_lag2,0.00036581739254930843,0.0006657415057372015,0.0006870939092744766,-0.000845166754495373,0.0018745174399111201,-0.0006210288051410163,0.0016056697938238373,-0.0002560633298955559,0.0010901334590783353,500
0,shock_lag3,0.0007814601475258647,0.000515206257688625,0.0005541903897087261,-0.0002576908042514383,0.001955172134615808,-0.00014487449116141248,0.0017710578186651588,0.0002723586657600144,0.0013459024357321782,500
0,shock_lag4,0.0006593795441337119,0.0006958855044280216,0.0007180073837281244,-0.0007217963098953397,0.0020908970493241463,-0.00046869357269202857,0.0018662898445191225,4.3701526947797764e-7,0.0014371330922351108,500
0,shock_lag5,-0.0005545111160973632,0.0006728267087076535,0.0006902225905746669,-0.0017906613313182912,0.0008885953327479627,-0.0016203136543769603,0.0006862955241274476,-0.0011745062921011146,0.00018725189926672815,500
0,shock_lag6,-0.0003453333991991405,0.0005913456682237569,0.0006270132272999394,-0.0016717832181194138,0.000958682367816931,-0.0014127437468024445,0.0007252331730106169,-0.0008357395946750969,0.0003566014102288477,500
0,shock_lag7,-0.0004040415218513205,0.0005443111367855312,0.0005738223024833112,-0.0015501661184727125,0.0007262965549874133,-0.0013128719253125629,0.0005783571648854521,-0.0009562425750793009,0.0001900251283823038,500
0,shock_lag8,0.0003111009289277708,0.0005739450550815724,0.0006112343957830652,-0.0007669708349276524,0.0016279954650004567,-0.0005866988909519897,0.0013706958847713644,-0.00019437151805367622,0.0009682699083217647,500
0,shock_lag9,0.0009489385477567673,0.0006543210034313237,0.0006468681868002508,-0.0001819612237311735,0.0023181618374322087,-3.559208736644748e-6,0.0020717854487664524,0.0003519176505027067,0.0016684320083145342,500
0,shock_lag10,0.0011410300087186984,0.0005997617020948605,0.0006288985286875404,-5.18505895990189e-5,0.002406691027845456,0.00016923911454387898,0.0022587932373191342,0.0006254960000713337,0.0018288979717522142,500
0,shock_lag11,0.00021719384688542265,0.0005159546337097671,0.0005774102717227389,-0.0008781010650395933,0.001394142162541025,-0.0007159645552108461,0.0012233500970471873,-0.00031249964115842745,0.0008243601504003043,500
0,shock_lag12,-0.00016913575237492015,0.0006283282490145883,0.0006943213712453907,-0.001565960619205306,0.0010777865479316838,-0.001434765348468152,0.0009102830436113563,-0.0008909627296611013,0.0005094729283623128,500
0,log_oil_lag1,-0.0022232217875914214,0.0019510022177328494,0.0020174959792312536,-0.006462237497370345,0.0014372174834278253,-0.005935048522758216,0.0008290888315236108,-0.004637556597820098,-0.0005583384991016542,500
0,ffr_lag1,-0.0003911108406876912,0.00034425011303730233,0.00036013560084355105,-0.0010598012801047104,0.00032252684560332755,-0.0009357383752500737,0.000214612917525504,-0.0007150732123293245,5.809576561048141e-6,500
0,cpi_lag1,3.33642775944154e-5,3.336458479086072e-5,3.348173333378412e-5,-3.0192862459313187e-5,9.497894124832539e-5,-2.0258922649524624e-5,8.976194989314984e-5,3.738811740592266e-6,7.058670399782995e-5,500
0,indpro_lag1,-0.00017203519663269528,0.00010995641169411245,0.00012002514373091891,-0.0003832592334340047,7.492826778699006e-5,-0.000346667835173421,4.111600939735779e-5,-0.00028041701504415546,-3.5083474894917555e-5,500
0,log_rincome,0.7814481829446563,0.024522608188075234,0.023077925748771145,0.7389279104723315,0.8295162156099984,0.7448468559952539,0.8205972640079453,0.7623806532223092,0.8052388718206542,500
0,log_rwage,-0.8136182116807423,0.027179521224660073,0.026223021689299117,-0.8677642125851748,-0.763966433309677,-0.8581917256178361,-0.7733701605744996,-0.842144878862028,-0.7912563266087175,500
0,age_mean,0.0013641929120642143,0.0005906498110334749,0.0006156935873315807,0.0002861208241098753,0.0026060399307007384,0.00046254781964732506,0.0023994737378095947,0.0007545786594306631,0.0020148724424893846,500
0,female_share,-0.019588728523167214,0.014159956214857867,0.01516027090809773,-0.047381310127990864,0.011510269458485569,-0.042520266171927314,0.007266010876373497,-0.033785995064951495,-0.0033898374421110957,500
0,married_share,-0.0011062281765117357,0.01562822967543823,0.015636459150202026,-0.02884839303709321,0.02803209226770225,-0.024669169401150576,0.023757473710275836,-0.017397928767967627,0.014551845130866322,500
0,unemp_rate,0.11946225317960613,0.037354411354571786,0.03694951635786717,0.05623608312753397,0.2021584384471842,0.06431949323837101,0.18995869224503295,0.08785988266958933,0.16108411367202533,500
1,intercept,1.3790580578072507e-9,0.0005496446397573455,0.0005975818034478999,-0.0011874296103816686,0.001195424120231638,-0.0010167897427799705,0.0009171165608893525,-0.0006446352516577909,0.0005327684667778532,500
1,shock_x_ind1,-0.00058056582087677,0.0043793114253903795,0.004329948009715735,-0.008919152807194429,0.00722782342738166,-0.007985368337949212,0.00636450805450687,-0.005202846984434321,0.003808680500255473,500
1,shock_x_ind2,0.0024154939543672175,0.0035741670032699837,0.0037258867865389645,-0.005679261932864042,0.00895263716460656,-0.004168816243659177,0.008218634809222957,-0.0010808215613142414,0.0061393185773042855,500
1,shock_x_ind3,0.0032113261187062063,0.0015182537547359554,0.0014605708986314167,0.000498463134058692,0.006246621398691314,0.00101935518946533,0.005887779941476323,0.0017389896473182847,0.004610333621769021,500
1,shock_x_ind4,0.0009696457318186955,0.0012305364209680748,0.0012598591827987062,-0.001767053970699733,0.0032425174232113625,-0.0011113810398024398,0.002961170256782345,-0.00014735057560760293,0.002278959001183081,500
1,shock_x_ind5,0.0008238879637152849,0.0009369147210862172,0.0009566836237924355,-0.0010828925266206779,0.002599010096350592,-0.0008214293429760795,0.0023601410541009026,-9.870050762030414e-5,0.0017309626079283417,500
1,shock_x_ind6,-7.22450712790829e-5,0.0011063717097138715,0.0011168602300895122,-0.0020879861275594144,0.0022221913575873175,-0.001794504642823473,0.0017586864714116647,-0.0011958692593177142,0.0010802244977376947,500
1,shock_x_ind7,-0.003935832584081947,0.0018341205782968148,0.0018360331563433091,-0.007494752008899139,-0.0004219038193149415,-0.00696564183057218,-0.0009540744073706765,-0.005716802277144131,-0.0021307446165594653,500
1,shock_x_ind8,-0.001150247743625184,0.0021000983083033944,0.0022924210371501404,-0.005312970240830793,0.0037571575058732267,-0.004821725180654133,0.002926672377710615,-0.0034467744462882907,0.0010573014697298209,500
1,shock_x_ind9,0.0002939320946255092,0.00153055866848935,0.0015530332217151349,-0.002848366595539868,0.0032404037071905576,-0.002296910648074084,0.0028806034667051344,-0.0012018587530256521,0.001820653904805436,500
1,shock_x_ind10,-0.0018063948960641222,0.001632602388703798,0.0016006798020109523,-0.005035500061546455,0.000969016597171637,-0.004557209721542993,0.0007578879183792841,-0.0033630762668888812,-0.00016191990068751104,500
1,shock_x_ind11,-0.0016208963037267446,0.00363397741934354,0.003573876956760552,-0.00859828834998129,0.004967279167505558,-0.007494441324712804,0.0041800828279423274,-0.005509734096976628,0.0020350412622592096,500
1,shock_x_ind12,0.00029780147131462637,0.0012836509699745383,0.0013532292615675286,-0.0024011241955231534,0.00293476285240096,-0.0018747917848017629,0.0024671804549295136,-0.001045615717762485,0.0016217081273026633,500
1,shock_x_ind13,-0.0009382661134774523,0.00127724131535958,0.0012861954239403203,-0.0034048916182982496,0.0016141418283795398,-0.002965675691653024,0.0013694505840594134,-0.0022500408122054024,0.0002327883959598484,500
1,shock_lag1,1.593315409805783e-5,0.0008477723027036463,0.0009699704814357396,-0.0019138095613229532,0.001759911118239359,-0.0016592470789195402,0.0015347465651844214,-0.0009284393668066663,0.0010132996850538648,500
1,shock_lag2,-0.00044376328556505913,0.0007981125240311562,0.0008606676232252539,-0.002080236498390565,0.0012651968176995215,-0.0018376858151872041,0.000956795722752926,-0.0012315670585980826,0.00043913409443031317,500
1,shock_lag3,0.0010876673804621436,0.0008654373461885133,0.000902768325458946,-0.0007249044871700237,0.0028927991599287423,-0.0003496642604058714,0.002556280400760218,0.00025436612683491845,0.0019895603671578783,500
1,shock_lag4,0.0005572796121514429,0.0008050529530155529,0.0008634332088357586,-0.0012444101554006486,0.002224925694743982,-0.0008532197739136771,0.0020400309783073496,-0.0003025921560293154,0.0014124529095330988,500
1,shock_lag5,-0.0006099413197638245,0.0008915672264667647,0.000862396290448557,-0.002349333225349513,0.0010131458968471992,-0.0019298918904890182,0.000868463672465618,-0.001405748160809054,0.000362599164003024,500
1,shock_lag6,-0.0010566702943745367,0.0007857659692039072,0.0008448422126027212,-0.0027035975675784186,0.0004724762869788867,-0.0025653724765027485,0.0002453084793587902,-0.0019431542851482291,-0.0002102263557857621,500
1,shock_lag7,-0.0015051587564956978,0.0007245557694857065,0.0008395772803611362,-0.0032571968710537916,3.6179391759168814e-5,-0.0029139574382161483,-0.0002103822061745019,-0.0023577692484780003,-0.0006881172783652152,500
1,shock_lag8,-0.0005885072244537708,0.0008325240466103575,0.0008648471969749705,-0.002130672570026899,0.0012411290496689978,-0.0019018534679064232,0.0009377042324884116,-0.0013439219614958568,0.0004026294659564185,500
1,shock_lag9,0.0010757987640145233,0.0008566478033684818,0.0008664964957204712,-0.0004995348003810592,0.002819096279320638,-0.00029393767770878815,0.00258346131425501,0.0002605636234913618,0.0019728134537376606,500
1,shock_lag10,0.001388259598847946,0.0008124687553605825,0.0008598849637190257,-0.00032751696150607455,0.0029510879432387274,-0.00010238822254317342,0.0027842671432533046,0.0006308023513864697,0.002289287936286236,500
1,shock_lag11,-0.000311997251437404,0.0007613894627191396,0.0007883115622689732,-0.001686237776539709,0.0011892059363695355,-0.001504474189905586,0.001036901353388149,-0.0010738077071081949,0.0005648995240514615,500
1,shock_lag12,-1.7312170837062123e-6,0.0009097733383690354,0.0009371087235970781,-0.0018765995665412586,0.001719981939223209,-0.0015633102615705543,0.0015195198097923742,-0.000957099566049861,0.0008312430886527461,500
1,log_oil_lag1,0.0010232422190510776,0.0018447291672300582,0.0020624386837146532,-0.003129257570992455,0.004726729302356808,-0.0026050289528996343,0.004125271551837478,-0.0011059058173400697,0.0028916902380706905,500
1,ffr_lag1,-0.0005241450840191011,0.0003923197585939066,0.0004381157700281621,-0.001359252910502008,0.0002836039110142832,-0.0012314579223404018,0.0001639418807865649,-0.000964001259240716,-8.883464899523591e-5,500
1,cpi_lag1,-7.753894950043408e-6,3.386778350074507e-5,3.866829793404837e-5,-8.11110322234393e-5,6.611560918098808e-5,-6.949238034970718e-5,5.5876261054417746e-5,-4.311118219356445e-5,3.2527086720676974e-5,500
1,indpro_lag1,3.0481427216945314e-5,0.00013815970306284295,0.00016699731072070424,-0.0002785917063471481,0.0003530258974419002,-0.0002165083565466915,0.000298227320135782,-0.00012179760139227756,0.0002059886001705367,500
1,log_rincome,-0.011525815220463729,0.015122507382468552,0.01805117239590327,-0.048239959102023,0.02344010436281712,-0.043480585354715384,0.01781654622970366,-0.028469768698930396,0.004053790836659829,500
1,log_rwage,0.009987008501393382,0.020493088855815685,0.023024562062751653,-0.03733852321093029,0.055052288657746376,-0.03056470317481481,0.04855206878227893,-0.012988662178392356,0.030396624199278903,500
1,age_mean,-0.0015517565070589713,0.0006866616069093585,0.0007203284207942458,-0.0029800477858655805,-1.5086605478656671e-5,-0.0026467687655589334,-0.0004274294117416925,-0.002256686469967067,-0.0008177439064259415,500
1,female_share,-0.034310029814658125,0.02015391329081855,0.021886156459495577,-0.0762885815845506,0.009057789076159069,-0.07123327972700556,0.0013379977437122366,-0.055252182877356976,-0.011979159276132976,500
1,married_share,-0.00998657235515711,0.019713496658166647,0.020446351174155605,-0.05078111646972357,0.029324653124463515,-0.043117691763693414,0.02173750952799818,-0.030473002523219488,0.010625937121611488,500
1,unemp_rate,-0.01742327579918967,0.025075484380332927,0.027968052298037907,-0.06938722209964401,0.03820604546634297,-0.06125337807805541,0.029861119705871866,-0.04446406943577073,0.012548934753327596,500
2,intercept,-2.633660576209277e-9,0.0007629628241557344,0.0007546448480382443,-0.0013870053162499318,0.001575378436353802,-0.0012051675171047627,0.0013613630178114032,-0.0007015277954367191,0.0007504240659378693,500
2,shock_x_ind1,-0.0014559470959006387,0.004428380448445548,0.004463718323856876,-0.010786271277762214,0.007261227277683795,-0.009501623939669588,0.005691388834508669,-0.006310801572374647,0.0026569449182266246,500
2,shock_x_ind2,0.001164642093128302,0.004488272773076031,0.004518374428602365,-0.007698010110453962,0.009676215934770395,-0.005704055386089592,0.008764170790486105,-0.003199751322938378,0.005510213973204075,500
2,shock_x_ind3,0.003271379199164214,0.001546567500753243,0.001540076827848898,0.0002776854547714969,0.006330200563135991,0.0007865227360436852,0.005774808201808411,0.0016917228917844307,0.004672596055682819,500
2,shock_x_ind4,0.0009336243298395623,0.0013544917903163427,0.0014248231337876261,-0.0019362506980124899,0.003653121658824506,-0.001522929608061269,0.003196782939557131,-0.0006161558912202225,0.0023457607101921244,500
2,shock_x_ind5,0.000866783019454655,0.0009183512621614234,0.0009514732790656209,-0.0008484820788229763,0.0028084281887212144,-0.0006877293943402373,0.0024622430419679532,-6.316491616428106e-5,0.001808758500813661,500
2,shock_x_ind6,0.0007444612334096962,0.0011560825435764244,0.0012060292688892964,-0.0018356430629695585,0.0029514025068933976,-0.0014770955166241808,0.002667903534401717,-0.0004901014395545098,0.0019125570092549894,500
2,shock_x_ind7,0.00041880196294679923,0.0016580121076548485,0.0016950972910421238,-0.002744960900273609,0.003864174044396327,-0.0022971157382519476,0.003295237627235419,-0.0011229321712239691,0.00224505358826915,500
2,shock_x_ind8,-0.0017467529910097134,0.002167051816715575,0.002223969852088674,-0.006271386807408945,0.0026879280133608233,-0.0054735486015480605,0.0019379120634885297,-0.0038764142024206487,0.0005062044481670785,500
2,shock_x_ind9,-0.0015170608846115214,0.0013167972630214924,0.0013432814718326014,-0.00425307113107604,0.0012464929660414143,-0.0035744478239495155,0.00081663088838225,-0.0027868050828749238,-0.00012958347019615361,500
2,shock_x_ind10,-0.003865446764116257,0.0017772094734935684,0.0017735944431760688,-0.0073668750570998484,-0.0005448663139859048,-0.0069326619152600775,-0.0010613265522279186,-0.00573134584359212,-0.002011556584296602,500
2,shock_x_ind11,-0.00472592384735676,0.00401734950922709,0.004168178055146269,-0.012569816797654374,0.003528525981566365,-0.011311402014740428,0.0025136471925668413,-0.008541230881495943,-0.00025226795976135424,500
2,shock_x_ind12,-0.0001872919742211756,0.0015574804371615565,0.0016185608327124968,-0.0033115599327888405,0.002836312157467995,-0.0030209049169524983,0.00244076796927495,-0.0017722101529791003,0.001334231265933399,500
2,shock_x_ind13,-0.001439521927471755,0.0014712119257727402,0.0013666820511413769,-0.00407305218147739,0.0012921309853936736,-0.0036501037934990256,0.0009859624945656447,-0.0027448393180663404,-5.4604332470888325e-5,500
2,shock_lag1,0.0002238281504711692,0.0009621347924482781,0.0010657895233977719,-0.0018962961503484403,0.002352349019939368,-0.0014564666495954634,0.0020538215582907343,-0.0008043959611244304,0.0012302542590815887,500
2,shock_lag2,0.0007556320098837254,0.0008963458783634719,0.0009636250081241139,-0.0011680022110145268,0.0026756937423262524,-0.0008035142692311209,0.002354993903409979,-0.00019791120589352027,0.0016890248008198483,500
2,shock_lag3,0.0010085239627836203,0.0008486949821074253,0.0009089185747188954,-0.0007152762433082668,0.0028109700210398195,-0.0004062717815243217,0.00246750862875374,4.103343449719244e-5,0.0019036332733326836,500
2,shock_lag4,0.0005444410533250002,0.0010196852575658805,0.0011398944349531918,-0.0017103562014936997,0.002738923357270338,-0.001373824190905053,0.002355626749913741,-0.0006343215817302898,0.001652786716179608,500
2,shock_lag5,-0.0012432655016851582,0.0009551047593083851,0.001005117445263732,-0.0032745411938177975,0.0005389927715361545,-0.002947647994602925,0.00034597230895745267,-0.0023350427599789334,-0.00030348927405310556,500
2,shock_lag6,-0.0016124727515870042,0.0009016369769222889,0.00109692044129363,-0.0038024192237083127,0.0005133881916705712,-0.0034329463920295847,0.00021175395667914984,-0.0027442771009459767,-0.0005022068428708116,500
2,shock_lag7,-0.0014858210235751672,0.0008476996605734137,0.0009440053296111314,-0.003392680875784435,0.0004977371166507703,-0.003051940872493246,9.071366513147346e-5,-0.0023237648932020634,-0.0005432426546207158,500
2,shock_lag8,0.0004008797204996765,0.000877248120694593,0.0009383798284644138,-0.0013422196601435678,0.0024857598618200794,-0.0010619525641630545,0.002065577243241355,-0.0004598320400346476,0.0013234717082902443,500
2,shock_lag9,0.0013151727773523278,0.0009462805412473468,0.0009875218587761185,-0.0004520241673818666,0.0032909208305609196,-0.00015081459652564695,0.0029916830077205197,0.00037079159643247365,0.002419096043507463,500
2,shock_lag10,0.0008314963893545761,0.0009436597844201953,0.0010061709910413749,-0.0010210211813237594,0.00286798801477273,-0.000723690946354983,0.0025223670445487997,-8.776607188305474e-5,0.0019076343787293056,500
2,shock_lag11,0.0003104545061108717,0.000871243003628743,0.0009081583044848882,-0.0015750601573209977,0.002113329409374241,-0.001215041414036811,0.0018263349988918494,-0.0006213916033055667,0.0011467866228788543,500
2,shock_lag12,0.0001283583450947105,0.0009155287314050824,0.000973625646931984,-0.0020195038586326183,0.0017260226909169777,-0.0016611291526226607,0.0014756935556122159,-0.00099670088145683,0.0009408818457853898,500
2,log_oil_lag1,0.0002665424116545281,0.0023432714046619117,0.002581306066805081,-0.004607018456374285,0.005925647638324848,-0.0037875892167701175,0.004698945584230357,-0.002284617223093941,0.0026470244878723016,500
2,ffr_lag1,-0.0002355854766832258,0.0005086044556103351,0.0005738224709385606,-0.001343871156320934,0.0009526673236898067,-0.001178406175397135,0.000756444472661601,-0.0007537268366205904,0.00029437484343873603,500
2,cpi_lag1,-5.5585305725262086e-5,4.3071083851447726e-5,4.6237365209921066e-5,-0.00013561062347049294,4.302662445878532e-5,-0.00012344148357676203,2.687396790088005e-5,-9.633781469303327e-5,-5.544321355853924e-6,500
2,indpro_lag1,-4.899634737743956e-5,0.00019067618844625377,0.00020695162159816943,-0.0004339613030962266,0.00033291956110651844,-0.0004005172178882533,0.0002896977055598525,-0.00027288486489709165,0.00015346399168159047,500
2,log_rincome,-0.037865315037929094,0.026684749480835573,0.03004417245088631,-0.09419070037165425,0.019516810654582342,-0.08544826605626528,0.012789773768138096,-0.06539803873059415,-0.00486547625431597,500
2,log_rwage,0.04147383437379491,0.03335925669799055,0.037118137314128746,-0.0301063851680917,0.11376599641910576,-0.02288506314856818,0.10033610496202182,-6.603076402581004e-6,0.07690106153287267,500
2,age_mean,0.0008370923489804552,0.0007115484200141808,0.0008040139334438566,-0.0006767937510737928,0.002419792092318635,-0.0004994708334872273,0.0021601403914725207,3.873239919333704e-5,0.0017091125441750232,500
2,female_share,-0.029899948529268593,0.02214150212084793,0.02183771761199992,-0.07539067386123795,0.012111720259253292,-0.06711184876831541,0.005188170210042061,-0.0514111635994082,-0.008355122881870727,500
2,married_share,-0.012618436397663593,0.020103136838902462,0.02114825601391143,-0.052287786740341236,0.03388261208630531,-0.04598126860433279,0.025034316157801103,-0.031111412739659422,0.00824692849990752,500
2,unemp_rate,-0.016120138622685576,0.026432684506139472,0.02786184487430525,-0.061253406702733534,0.047637595739118015,-0.05419426588245443,0.03631112217187716,-0.04091166116665483,0.013886499156101222,500
3,intercept,-1.4773029920367097e-9,0.000904091543317316,0.0009497054887658594,-0.0017222017083560154,0.0018991455842586713,-0.0014584424722835913,0.0016512570054544647,-0.0009567002583975241,0.0010576973537916427,500
3,shock_x_ind1,-0.007824348870797172,0.003986453231903341,0.004370712141405129,-0.01679043619613165,0.00034587534920468583,-0.015372130425460975,-0.0010114583156004718,-0.01257338281839546,-0.003675962368703607,500
3,shock_x_ind2,-0.002695819500642358,0.004410053666549784,0.004653662251833199,-0.01185765273956638,0.005981340245397047,-0.010168072357860474,0.005124519824725887,-0.007455537651723541,0.001730523241473026,500
3,shock_x_ind3,0.001259723324153408,0.001410275622029885,0.001403545466859396,-0.001312042956519661,0.004322525488617467,-0.0008967871890012334,0.003682895928517207,-0.00010586561504345667,0.002580246841125115,500
3,shock_x_ind4,6.771429236327456e-5,0.0012713194913419675,0.0013584923293141725,-0.0026219229942563093,0.002716840949841437,-0.0022332957691715964,0.00223520687917985,-0.0013909927685830162,0.0013270872814280948,500
3,shock_x_ind5,0.002210756308779859,0.0009558679803124705,0.0009229862520509042,0.00040913585905230697,0.004019579364191247,0.0006365250575496561,0.0036964766447737246,0.0013663999631410774,0.0031557369963567585,500
3,shock_x_ind6,0.002538229474488651,0.0011742362562375131,0.001318661037222835,-5.118000618076534e-5,0.0049472145673908575,0.0003114687349840491,0.004708552120964672,0.001233152643433698,0.0038501363703472465,500
3,shock_x_ind7,-0.0032848903248077006,0.0018455875046467292,0.0018255400568782936,-0.006850944552625407,0.0002081336490162986,-0.006368999341047158,-0.0004754843150064639,-0.005124183421888101,-0.0015584921057351412,500
3,shock_x_ind8,-0.00010260153859207838,0.00217031953798589,0.0022697899870416658,-0.004479787891256769,0.004595667437797984,-0.0039215456724717565,0.0036114017883349726,-0.0023875398764590904,0.0020325963599065297,500
3,shock_x_ind9,-0.0009595500988026469,0.001300115182165938,0.0012982537194545986,-0.0033165261147905453,0.0018134745120368567,-0.0029653113721352115,0.0012468740626125077,-0.0022142838364457417,0.0003198899949295963,500
3,shock_x_ind10,-0.0015886535706148312,0.0015172452625427243,0.0015974236918334724,-0.004516613940090194,0.00156104626820424,-0.0041140891055189395,0.0010239442105490638,-0.0030456767629474892,8.23615312599797e-5,500
3,shock_x_ind11,0.002279131263159759,0.0037096877794879184,0.003907346468704642,-0.005859799846306097,0.009818964375187516,-0.004374311839779255,0.008924413000532466,-0.0016056978041220778,0.0060807316663741345,500
3,shock_x_ind12,0.00104248908002497,0.0016904822944484577,0.001775887305990975,-0.002686225836962912,0.0044277143341204805,-0.001868919649051274,0.003849291489723793,-0.00047847605322956337,0.002785750527926377,500
3,shock_x_ind13,-0.00015893607301846588,0.0013849191358355482,0.001416663909175327,-0.0027331241066154604,0.002376381937897732,-0.0024368653183921103,0.0020784095832917936,-0.0014546271336842265,0.0013188058387188333,500
3,shock_lag1,0.0014738351651286325,0.0010442091041573997,0.0011852377400485964,-0.0009258467493795206,0.0036596348957292765,-0.0005882522926439855,0.0033509626379652313,0.00035748089040857817,0.00274039222865572,500
3,shock_lag2,0.0007853488533715752,0.0010068127247851706,0.001054458604489158,-0.001272815150826096,0.0028091105192251395,-0.0008784966136658165,0.002434645413342753,-0.00023654142361088215,0.0018177533356427073,500
3,shock_lag3,0.0010583367749367292,0.0009755214605640111,0.0010218611122272917,-0.001065208644430379,0.002989211188015868,-0.0006839182229257903,0.002716506294157529,9.097546060249724e-5,0.0020358393743977574,500
3,shock_lag4,-8.149714859881835e-5,0.0011587566032154255,0.0011823449333108454,-0.002435543803304202,0.0021177074995294724,-0.0020474376969418792,0.0017652094582607462,-0.0012961627218511839,0.001114931781953439,500
3,shock_lag5,-0.0018194080446941765,0.001106440664952574,0.0011006921697902657,-0.003930429936718674,0.0005083123586082708,-0.003569869184211976,-3.319605216953657e-5,-0.002875897992268199,-0.0007931994745484787,500
3,shock_lag6,-0.0016666820750406688,0.001030586864681585,0.0011733113509070096,-0.0039127686277192625,0.0007700118158960981,-0.0035391011930837684,0.00022051322581622876,-0.002852281825439226,-0.0004560743145748398,500
3,shock_lag7,-0.0003525377804212256,0.0008968217196152178,0.0009999555821473105,-0.002316886080179629,0.0015427014457937145,-0.0019100701007917409,0.001205846614707538,-0.0013368425591158257,0.00073844853449555,500
3,shock_lag8,0.0007607461430080778,0.0010712834034849576,0.0011121152285980408,-0.0012587983627168108,0.003222540181907858,-0.001013573506453469,0.002821338426999519,-0.00020885662074199916,0.001940473496868056,500
3,shock_lag9,0.0005562921512733811,0.0011606563616227007,0.0011032860681176374,-0.0014139478099752757,0.0027302615643240878,-0.0010361568895074858,0.0025230484402853776,-0.0004935014014317072,0.0017402968748072697,500
3,shock_lag10,0.0015680784536844402,0.0010945833559160597,0.001198400360564072,-0.0008824753360638102,0.003994314515488867,-0.00023057880826296524,0.0035526927928126073,0.0004861858496630088,0.002690817292281828,500
3,shock_lag11,0.00038318364725934746,0.0008786972151653931,0.0009966263258778369,-0.0015175030286959683,0.0023672159292092284,-0.0011830940645407163,0.0021283394213714654,-0.0005390156078412851,0.0013948099457417725,500
3,shock_lag12,-0.00017517589972173856,0.0010608326612063389,0.0011825939295042286,-0.002581759885118281,0.0019501517972260614,-0.002126707173504576,0.0017368418908981545,-0.0014499483922117854,0.0008832643073473889,500
3,log_oil_lag1,-0.0018227986285000734,0.002808504698515232,0.002993404379033615,-0.00832234044166424,0.0039919787960610055,-0.0069238768520381916,0.0030979111302082145,-0.004879130562798475,0.0007648035669446142,500
3,ffr_lag1,4.8891794138785266e-5,0.0006202082495910607,0.0006486885841603127,-0.00122614261067811,0.0013075506792184146,-0.001102794953054091,0.0010481188041167413,-0.000564584611764142,0.0006384736599403282,500
3,cpi_lag1,-4.996391724768683e-7,5.1785449679969815e-5,5.134434419663167e-5,-9.133446263848609e-5,0.00010700335950555477,-7.846980000739774e-5,8.932151199873115e-5,-4.77265957228999e-5,5.485608925428899e-5,500
3,indpro_lag1,6.193667438700303e-5,0.00021233427792484067,0.00022662843797828573,-0.00035349370652748666,0.0005153112901159474,-0.00029544309290261485,0.0004472505849090594,-0.00015393358663857423,0.00030095583897131033,500
3,log_rincome,-0.08587526158328104,0.030610744565731336,0.032689707606678206,-0.14308391398007403,-0.02105408989569476,-0.13748566038900256,-0.03272360281730043,-0.11495531924510224,-0.04727349671811529,500
3,log_rwage,0.0792824612151794,0.03707106761813764,0.04015387468861616,-0.0038642823646059875,0.15040774149479486,0.006066275952591949,0.13832289894756566,0.03402320019686532,0.11453263720256197,500
3,age_mean,0.0007525124443370025,0.0007409105373742425,0.0007289440008820911,-0.0006515455936025945,0.0021549340235322016,-0.0004240266298838294,0.0019781843802096277,5.350837599531907e-5,0.0015338886061586187,500
3,female_share,-0.035437185599444296,0.02259274088417445,0.021908048152151128,-0.07798028695817713,0.004724343376165906,-0.0726846802562829,-0.0005176603144069133,-0.05791925466387904,-0.015327915287246741,500
3,married_share,0.0358032668542616,0.024092785087276424,0.02433038287509099,-0.00982991832670218,0.08287880864473957,-0.0048903100397044465,0.0760789600777652,0.012757666004587444,0.059668316123107926,500
3,unemp_rate,0.017620448972153473,0.03402170787401053,0.03668530617691496,-0.04927097219657942,0.09618171734096922,-0.037517392560899775,0.08032592468180155,-0.014239132900681602,0.059111424989190274,500
4,intercept,-2.3622489428355197e-9,0.0009739977621184325,0.0009535341551819115,-0.0018723051733100194,0.0018805040038025933,-0.0014657427513371513,0.0016098071695387292,-0.0008262347468565521,0.0010342357050106615,500
4,shock_x_ind1,-0.002983847368621453,0.004880041706413761,0.00507436987564428,-0.012794642320545172,0.007144613489800295,-0.011225103774993932,0.005253314635102875,-0.007920601270104619,0.0020829458354048743,500
4,shock_x_ind2,-0.0005427236539944896,0.004353483830818088,0.004320398937165686,-0.009784006636171351,0.007537873056934655,-0.008277694487180097,0.006328412085360465,-0.004844123934118073,0.003664842015836549,500
4,shock_x_ind3,0.0009168040123437705,0.0015859956870821847,0.0016541631493278627,-0.0022178918658796705,0.004184548235783342,-0.0015445278777803343,0.003595013686141679,-0.0006160278863051556,0.0026033287629204822,500
4,shock_x_ind4,0.001410791967194939,0.0013975939694104258,0.0014637310436617424,-0.0014383296349672506,0.004189506757447191,-0.0009480809022107986,0.0038885936892984157,-0.00011941240712454586,0.002914377256969995,500
4,shock_x_ind5,0.0007350423563050894,0.000992739783049968,0.0010390116543286415,-0.0011639690554354383,0.0027341661853668847,-0.0008818657666845395,0.0024344580253911445,-0.00030743422508692196,0.0018307203375694569,500
4,shock_x_ind6,1.2671508346066758e-5,0.0010755044032834703,0.001103451002259016,-0.0020663954970394963,0.002323251253858587,-0.0016195395326918406,0.001995366843458642,-0.0009382274674834342,0.0012250522307207282,500
4,shock_x_ind7,0.0007985292276499179,0.002058539031040769,0.002044104303236376,-0.002995519597435735,0.004594836580979939,-0.0022429063269528565,0.004217568103699359,-0.001026552969303298,0.0030314828055721527,500
4,shock_x_ind8,0.001291968185132964,0.00248185631559061,0.002706628344888072,-0.0043543087102668136,0.006036557349912985,-0.0034529542570881856,0.005386690358716304,-0.0016336799315443992,0.004055212305642121,500
4,shock_x_ind9,-0.0019270429450784798,0.001326293027160572,0.0013554593835801213,-0.004455824267300448,0.00042462891234123747,-0.004117455659321602,0.00010264829348629348,-0.003248636272439542,-0.0005757081756559512,500
4,shock_x_ind10,-0.0009011448289499102,0.0014778729368686487,0.0014297741420175498,-0.0035329891804782576,0.002017716350849756,-0.0031401348257082276,0.0016483587340551773,-0.0020648405807384943,0.0005105458991935282,500
4,shock_x_ind11,0.0041170971349355125,0.003626391445271386,0.003760527677396201,-0.0036342609016721842,0.011320340718805205,-0.002028638237929101,0.00968020256374817,0.0006071981789992053,0.007990341256405263,500
4,shock_x_ind12,0.0016436192439663894,0.0017859053260019866,0.001871702296165196,-0.002325290749030137,0.005126115455715653,-0.0015208591300018622,0.0048032181678338125,-0.00010102395791650028,0.003544477633898735,500
4,shock_x_ind13,-0.00042806411281285273,0.0012432318813411787,0.0012585384011606269,-0.0028892999194353878,0.0019920262049197162,-0.0025546266113873548,0.0016025886366180945,-0.001723612998465235,0.0008084565806370744,500
4,shock_lag1,0.0014523084672967083,0.0011257652228366367,0.0013101781781992877,-0.0010579024241826327,0.004034800796760645,-0.0006048374231733811,0.0036854237111432226,0.00014848310882210154,0.0027175503736143825,500
4,shock_lag2,0.0008308725719460174,0.0011101449196144674,0.0011459718005275886,-0.0015057623096525123,0.003088441788410082,-0.001122862479548171,0.002644600466302589,-0.00038095541906647855,0.002008654353654469,500
4,shock_lag3,0.0004121611801337817,0.0010067514026421557,0.0011110086015486901,-0.0018614842869381862,0.0025313508919474546,-0.0014814004810659379,0.0021501191227093356,-0.000714522600439119,0.0015400560469013226,500
4,shock_lag4,-0.0005803203043930436,0.0012755471819066073,0.001254713700410735,-0.002930715590858268,0.0020255127627653666,-0.0025790839699264493,0.0015765740305236026,-0.0017766352282660254,0.0007087587361201568,500
4,shock_lag5,-0.0017598383881560129,0.0010747789964724887,0.0010712007187830865,-0.0037801503279485393,0.00029288678601526407,-0.0035126771603359703,0.00010671872583647253,-0.0028835500827581535,-0.000764546448012203,500
4,shock_lag6,-0.0004353562295569155,0.001086619307305495,0.0012018400785496867,-0.0027839229796077086,0.002029396340200136,-0.0023927130335073695,0.001693346016176036,-0.0015353576216087608,0.0007323150698964058,500
4,shock_lag7,0.00013149276297208396,0.0010108877513796103,0.0011187051061007723,-0.0019026995269640625,0.0024787105952887353,-0.0015515933471946526,0.00210884127873264,-0.0008376138969116364,0.0013392602554351655,500
4,shock_lag8,6.684932120447149e-5,0.0011131908622136859,0.0011840282619572375,-0.0020039933786485035,0.002719403760080757,-0.001749763678910581,0.0021797746663738482,-0.0009646494993086946,0.0013447558426943505,500
4,shock_lag9,0.0014024658295309245,0.0012184683304512596,0.0012072794067989126,-0.0006956173914692886,0.003912262867888276,-0.0004520159009849762,0.003494076893850845,0.00021037403687465252,0.002627659655433457,500
4,shock_lag10,0.0016789454341354282,0.0010365798949873472,0.0011099796178417394,-0.0003138201864960182,0.00384996604263818,-5.336695411426068e-5,0.0035569590483784555,0.0006215824018180946,0.0028370057180963425,500
4,shock_lag11,0.00017398015627828874,0.0010380489789514084,0.001139133610239981,-0.0021141595731044532,0.0023192214587400084,-0.0016686184798130725,0.0020215030668046924,-0.0009262060999758802,0.00128844460394243,500
4,shock_lag12,0.0012657765148240162,0.0011200996408122633,0.0011782504565392394,-0.0012755659213484938,0.0033658204764988346,-0.0008460956334273576,0.0030463071294689935,3.545243242867337e-5,0.0023750373077766436,500
4,log_oil_lag1,-0.0034775239756297087,0.003008883994154172,0.0029956357966689356,-0.009549309438975508,0.0018973106095810975,-0.008516659008340378,0.0011306098487369855,-0.006461763107237123,-0.0004991082846908434,500
4,ffr_lag1,0.000382226363287986,0.000691552249595825,0.0007318096158995207,-0.0010612995253265183,0.0017803575134300443,-0.000836858705304765,0.001598515618881079,-0.00029453841426779656,0.0011447292258351777,500
4,cpi_lag1,1.9044024269030744e-5,5.8287134834135976e-5,5.741929801044651e-5,-8.187157802560515e-5,0.00013500491235427802,-6.723773940588303e-5,0.00012396706673473024,-3.14954360635915e-5,7.922565632024128e-5,500
4,indpro_lag1,0.0001644897379340131,0.00022785326369192287,0.0002167946520552557,-0.0002645093454442798,0.0005885579033370351,-0.0002166119549965472,0.000516131487255586,-6.588546733307614e-5,0.00036265145935601625,500
4,log_rincome,-0.15349260539524673,0.031198667523933857,0.03213927854216963,-0.2101264697378608,-0.08241996123548642,-0.19951202406661434,-0.09600812383654614,-0.18236749390867724,-0.11838043295940814,500
4,log_rwage,0.142006174317628,0.03663133998303308,0.03821976537731025,0.06072006776630487,0.20921971316309032,0.07285252758791508,0.1996615607745685,0.10347283453213542,0.17399443637993625,500
4,age_mean,0.0008359397253844396,0.0008241848036492884,0.0008158124465109698,-0.0006437744529163882,0.0024464724115238774,-0.0004791849309842974,0.0022342514394191678,-2.7834391721180315e-5,0.0016022201124415887,500
4,female_share,-0.035645951892245564,0.021819974002204413,0.022510268604151746,-0.0777278464988721,0.0063919867167623904,-0.0721915790264676,0.00021429237788422647,-0.057784718533575495,-0.012151167975914635,500
4,married_share,0.038617099415731534,0.023281771732693517,0.02239028349972998,-0.006564295100889567,0.08286112851832311,0.00027722326723929043,0.07637578419074967,0.01695962331239389,0.060858584908287036,500
4,unemp_rate,0.04987793827268393,0.04005517902247798,0.042525503653335246,-0.02624928082509989,0.13740070034328727,-0.014562802300223821,0.1221806756077268,0.010213799726885728,0.09513819507175575,500
5,intercept,-1.3989658698298297e-9,0.0009654818309660131,0.000965757862562672,-0.0017739126844687958,0.0020624549413317986,-0.0015448784203200344,0.0016886372662435218,-0.000855497962252258,0.0009903608070383088,500
5,shock_x_ind1,0.0009652740763490042,0.004778635451509846,0.004993679153003345,-0.00831846375047663,0.011401831630518448,-0.007203455916646632,0.009076246981453645,-0.0038983245360020517,0.006000780976522625,500
5,shock_x_ind2,-0.0025565218970724484,0.004553405938534617,0.004536694877445297,-0.0117967558980058,0.00538240506445673,-0.010366289377435023,0.0042087280234585234,-0.007485549858734271,0.0012856805643341144,500
5,shock_x_ind3,0.0017720436469953066,0.0014881967875722238,0.0016453398358776462,-0.0016042154243167998,0.004897125559382541,-0.000896999023716799,0.004535633769720714,0.0001742920903508803,0.0034188749510083776,500
5,shock_x_ind4,0.001318759385666026,0.0013686634992420088,0.001455889121268756,-0.001492286092141228,0.00433410237870039,-0.0011452052573778953,0.003766165608810633,-8.810129758995297e-5,0.002735437745956705,500
5,shock_x_ind5,0.0001714772742292841,0.0009872726021210112,0.0010610652728184915,-0.001874890840967128,0.002311895527213751,-0.00152616171089366,0.0019401826137251362,-0.0008447399405132001,0.001195999838871686,500
5,shock_x_ind6,5.322545594703116e-5,0.0013628720254697353,0.0013713347616818843,-0.00252204658147234,0.0028166000632612207,-0.002147846436536444,0.0024092306961340506,-0.0013610846317053868,0.0013738585965382352,500
5,shock_x_ind7,-0.002585517928331477,0.0018694148167782987,0.0019928384861503897,-0.006273667972921209,0.0012752166417484352,-0.005642830030197755,0.0007170513605081668,-0.004476804830021592,-0.0004947029913166472,500
5,shock_x_ind8,0.00030056853928743505,0.002418398873423574,0.002548086681910243,-0.0048860205282244915,0.005275119310534945,-0.00402479105029427,0.004246644855109929,-0.0021625995855216627,0.002734501116596002,500
5,shock_x_ind9,-0.002639969137913508,0.0013920911114340643,0.0014439115354375129,-0.0056873206068527565,-0.00021966719652382924,-0.005108363148986311,-0.0005462170518205354,-0.004223856170349107,-0.0012078031840760254,500
5,shock_x_ind10,-0.001941344456830484,0.0018030679225679873,0.0019583600308143894,-0.005959580711837312,0.0014529743618502003,-0.0054664938046906425,0.0010149088443162824,-0.004032398494611398,-0.00012089007453823339,500
5,shock_x_ind11,0.001856787252401461,0.004301044608044936,0.004004952839126313,-0.005722825593153988,0.009358480736809824,-0.004897863350917879,0.007853348845459813,-0.002182207894057264,0.005960840716715785,500
5,shock_x_ind12,0.0020438535144579875,0.0017427961639428003,0.0019127444530276823,-0.0020436233305409003,0.005582514511785182,-0.0013562778765610316,0.0049769128935939965,0.00017592092159426597,0.00383123924159547,500
5,shock_x_ind13,0.0005202392235535708,0.0014915701516084224,0.001432599658761723,-0.0022560297582392827,0.0031283509541888714,-0.001923457103299545,0.00281803370805284,-0.0009814622272551045,0.001986058880790394,500
5,shock_lag1,0.0013773455658005619,0.0011703229206367677,0.001260049305557892,-0.00113049516882426,0.0035722463009685984,-0.0007629194488337235,0.0032638679960966363,-7.3259974942316e-5,0.0025610451428851695,500
5,shock_lag2,5.7312447691545304e-5,0.0010985058327833952,0.0011860999794046916,-0.002516478365263603,0.0022214145872901155,-0.001981001205227475,0.001867053952916674,-0.0011948669407281095,0.0011453227099789613,500
5,shock_lag3,-0.00044117467554219,0.0010377219189718206,0.0010624386184982162,-0.002720997366299223,0.0014820539743709065,-0.002323721433503126,0.0011381882216914918,-0.001527162522798569,0.0005709517174583157,500
5,shock_lag4,-0.0007198167583953077,0.0011698029686032939,0.0012430548010015094,-0.0031988250970694286,0.0017472046396257838,-0.0028134280233396815,0.001266801033150431,-0.0019513317198206115,0.000593169418624591,500
5,shock_lag5,-0.0007933124577612421,0.0011581000142720438,0.001117758005802379,-0.0029395990936554933,0.0014338817586094295,-0.0026024340514466623,0.001067297630289536,-0.001801933835388355,0.00040992980221929285,500
5,shock_lag6,3.25812207238248e-5,0.0011246478909843803,0.0012322118734853385,-0.0023791727685849146,0.0024832001859436087,-0.001888240901266235,0.0020254675766860565,-0.0010651271245881253,0.001227438402111509,500
5,shock_lag7,-0.0007223143043352238,0.0010869463394346038,0.0012363447641376346,-0.0032184587977539224,0.0016698683382809962,-0.0027179696206575564,0.0012181203857641774,-0.001871299179431938,0.0005426133165919668,500
5,shock_lag8,0.0008360651538285717,0.0011173723653946463,0.0011976723367708622,-0.0015016761800047975,0.003177282620780225,-0.0011076882225072675,0.002754117545158804,-0.00036317257550940005,0.0019678539771190717,500
5,shock_lag9,0.001250684266553533,0.0011564547608613714,0.001165867021109588,-0.0009502766654043934,0.0034569152476221342,-0.0007403195284660049,0.003185039523630532,0.00023015600831159243,0.002420926827381555,500
5,shock_lag10,0.0012900047987689377,0.0010422582177630447,0.001163897366472424,-0.0011342316150747436,0.003583231861026214,-0.000669501783260338,0.003203460214603578,0.000128092893545867,0.00231505758662637,500
5,shock_lag11,0.0014639101747722773,0.0010401681733547155,0.0011514766123340656,-0.00109181653462736,0.003744326065604769,-0.0005424940316719717,0.0033158946897470227,0.00035222372909124086,0.0025475899288622196,500
5,shock_lag12,-0.0010772244583927496,0.0010777834566389735,0.0011513915341195941,-0.00349427867317003,0.0010061863799986069,-0.0030289465781885576,0.0006471971177019006,-0.0023024221580793636,-2.6031357004158813e-6,500
5,log_oil_lag1,-0.003860791663827991,0.0030854460279271193,0.002961495968180196,-0.009700098898678379,0.0020032393116752117,-0.008459118836146293,0.0012041421833461907,-0.00689673356470993,-0.0009251683285749321,500
5,ffr_lag1,0.0006257420193198619,0.0007130222771534925,0.0007035192162530174,-0.000865582405473406,0.0019181991204340635,-0.0005494861664939176,0.0017276069151571213,-5.0794360295222864e-5,0.0013039561051975828,500
5,cpi_lag1,2.5046092616483202e-5,6.0580891227760536e-5,5.98859538551946e-5,-8.965081668395032e-5,0.00015066830987733016,-6.942204893996765e-5,0.00013212210830752233,-3.191794238262927e-5,8.338203701316816e-5,500
5,indpro_lag1,0.0002043490986323233,0.00022409584809347663,0.00023116517541127679,-0.0002723261970838647,0.0006363871346164577,-0.00019375340310046128,0.0005586982466613625,-2.9469926717544546e-5,0.0004174384364252932,500
5,log_rincome,-0.18320254710013223,0.033847972543116965,0.03413011853211471,-0.24380477505212203,-0.10840032909231133,-0.23131839179354233,-0.12124511035123209,-0.20865454945188022,-0.14122084851674863,500
5,log_rwage,0.18022011355843548,0.039184424201178535,0.03875585521317809,0.10495718865237535,0.2537222729519564,0.11436611029717658,0.23843897719039822,0.13690693699426498,0.2124059022990054,500
5,age_mean,0.000954564774222636,0.0008683420611610357,0.0008378003586780202,-0.0007355516059509674,0.002579855806177399,-0.00048567511837076287,0.002326222086355128,0.00012955498328115454,0.0017499372661404478,500
5,female_share,-0.04138329110708016,0.022466338248158822,0.0224342066080102,-0.08265768106798407,0.002891910131727126,-0.0787824033188711,-0.0029982253652520337,-0.06288039227998002,-0.017786909939570293,500
5,married_share,0.06102805297552384,0.022215907938887242,0.024136345216070134,0.013612466982573717,0.10802235236953661,0.019757354238451142,0.09944328654198445,0.03596734979866262,0.08488383133628526,500
5,unemp_rate,0.0654420637996085,0.047229101271490874,0.048001103320053716,-0.016701564379289296,0.17181167070925582,-0.0016088245302950473,0.15834049582232781,0.02100368875250191,0.11525811268947875,500
6,intercept,5.5539331629924536e-11,0.0009166844816497693,0.0009303187647172195,-0.0016341625943448101,0.0017488406690417788,-0.0014087933031214717,0.0015202765567700045,-0.0008641980867100234,0.0011160121726858851,500
6,shock_x_ind1,-0.0048329929120701064,0.0045401312281073275,0.004448250489853086,-0.014116887909038912,0.0037889004680835853,-0.012253548487365908,0.0020074640783792255,-0.009170305819108762,-0.0005401503683048769,500
6,shock_x_ind2,0.0037515933314922426,0.004478132590978686,0.004717945999238129,-0.005745501338254894,0.012339664266862789,-0.0043039273911103,0.01161777456926064,-0.0011598308037690458,0.008221630375244138,500
6,shock_x_ind3,0.0006970148600653115,0.001609167978189212,0.0016611834278118117,-0.002884885021763454,0.0035366763648003556,-0.0023524886260930093,0.0032167285257185506,-0.0011015913431248402,0.002282382163508388,500
6,shock_x_ind4,0.0021497273286086847,0.0019070947334752595,0.0019854931204416927,-0.001954315079619607,0.00559207665159675,-0.0012338230082298172,0.005084142504121833,-4.845809629636856e-5,0.003991057247366317,500
6,shock_x_ind5,-0.00010761854082749214,0.000871323706013767,0.0010133825021147547,-0.002105414906447137,0.001920646826908113,-0.0018523017062658754,0.001588773040987307,-0.001161593328806622,0.0008163484318405537,500
6,shock_x_ind6,-0.0009424695509514229,0.0012598582098997991,0.0013080080402912229,-0.0035350493772223625,0.0016338310234486294,-0.00313941718394377,0.001125869534396882,-0.002175895673853633,0.00036080387536457416,500
6,shock_x_ind7,4.488455306632928e-5,0.0019110052367142208,0.001978832247910742,-0.0037757797036751146,0.004042214133576877,-0.0031602643644638335,0.0031473609776396095,-0.0018241885343382152,0.0019724667667524697,500
6,shock_x_ind8,-0.0012947411523404246,0.0020993823420831638,0.0021770747809736505,-0.005560083002871634,0.0029371661968911195,-0.004571579625585739,0.00220342833932703,-0.003639319792592407,0.0008567994702802334,500
6,shock_x_ind9,-0.0002890458639138108,0.0013146573037379015,0.001487597016593263,-0.0035446796422751734,0.002393364308592693,-0.0027375559414641606,0.001998758583568256,-0.0019213824159433986,0.0011100671117407355,500
6,shock_x_ind10,-0.0016453673874870245,0.0017994316332564542,0.0017227072161668934,-0.005177140644279158,0.0012279103325342209,-0.004577686428240419,0.0008301516190866225,-0.003540674513422812,-3.0566245648255973e-5,500
6,shock_x_ind11,-0.0018034203073673072,0.0035510088747504895,0.0035483244349242935,-0.008495187794112631,0.005569334929600049,-0.006945737786329164,0.004312100248246784,-0.005191807982881918,0.0019110979946131488,500
6,shock_x_ind12,0.0003871202973731113,0.0018223148265336879,0.0018933430543630208,-0.0031796007149469344,0.0042801593876501415,-0.0026959439766943037,0.003529480126223853,-0.0015578763884419075,0.002301331865653682,500
6,shock_x_ind13,0.0006609239009226159,0.0013020156391146795,0.0013457549093094429,-0.001998075953678225,0.0032862380376767596,-0.0016451132958920566,0.0028979370931401013,-0.0007298879859288299,0.0019670464280624332,500
6,shock_lag1,0.0005962101934204875,0.0010996841220100978,0.0013157109615041063,-0.0019971814875649084,0.003256569107579485,-0.0015042545350271673,0.002758222726768499,-0.0006251210880496579,0.0019063338975912527,500
6,shock_lag2,-0.0007922061462943395,0.0011274197741643545,0.0012033064626088082,-0.0032826078694040087,0.0014496480685260121,-0.002926176179247031,0.0010845986700774458,-0.0020598417088536266,0.00030289876972995665,500
6,shock_lag3,-0.00042050640535750257,0.0010247609467388952,0.001042869370598866,-0.0023435146857036723,0.0014611778707509738,-0.0022160744013521192,0.0012822844081531932,-0.0014062577906528274,0.0006403020983342336,500
6,shock_lag4,0.00029972376804673147,0.0011936293244604631,0.001221934995050327,-0.0022908825570723693,0.002632699863911633,-0.0017236971840710645,0.0022900593576377377,-0.0008322438092201135,0.0015194726621705938,500
6,shock_lag5,-0.00025639808530337685,0.0012212650792946256,0.0012091497321558683,-0.0026058850159720592,0.0019745077094992748,-0.0021755159871690837,0.0016800605677479439,-0.0014509568495468593,0.0010551663499748832,500
6,shock_lag6,-0.0006767250426147634,0.0011185885675380157,0.0011574448174500424,-0.002982681452941015,0.0015770347932204775,-0.0026079918097263507,0.0012116419168396908,-0.0018472526255898683,0.0004984377514147174,500
6,shock_lag7,8.105358876045167e-5,0.00104858916495342,0.0011260826152637328,-0.0020067309626137443,0.0022552228935455425,-0.0017446623035229725,0.001927809143048701,-0.001054022042483543,0.0012677214902516534,500
6,shock_lag8,0.0007558261501997339,0.0010370198479543458,0.0011474588716653814,-0.001475711250789441,0.003092202749977134,-0.001127303660057394,0.0026631412458122026,-0.0003318525012559831,0.0018344871674637075,500
6,shock_lag9,0.0008678028376139585,0.001094888089890031,0.0011726641301091473,-0.0013742827444002338,0.00297227743275392,-0.0009764365316593589,0.002776748174541177,-0.00025658873701133144,0.002165970694415659,500
6,shock_lag10,0.0027148997668392247,0.001033369366889591,0.0011106807367480642,0.0003680777230241569,0.004712152127374701,0.000942932948218225,0.004508285484645449,0.00152036289558773,0.003737418707895054,500
6,shock_lag11,-0.0007658095246840308,0.0009602525743285902,0.0010403627778932368,-0.00264146526040314,0.001303873051537476,-0.0024531289050157994,0.000993022616469594,-0.0017374182087450982,0.00022985278720928678,500
6,shock_lag12,6.0705342487006714e-5,0.0010262193520475095,0.001087531308337303,-0.0020236843184092634,0.002113659111082371,-0.0018399786671923215,0.0016285827539340002,-0.0011637218898680288,0.0010823856834528418,500
6,log_oil_lag1,-0.004070376712265393,0.0029402445219757346,0.0028947551342571533,-0.009350399754045436,0.0017579102393138315,-0.008602584759178328,0.001060666785263968,-0.006891469148974618,-0.0009214146724492867,500
6,ffr_lag1,0.0006274831907445643,0.0006892000503499409,0.0006852954849385076,-0.0006119176178110669,0.001976296851221076,-0.0004780773277254775,0.001758183171895166,-4.720271207878513e-6,0.001364282258183368,500
6,cpi_lag1,1.7621056044329567e-5,5.8736000037423916e-5,5.9402686176702784e-5,-8.511478278458922e-5,0.0001390407149527296,-7.309384194807376e-5,0.00012312981536001462,-3.714285149751182e-5,8.391469094178638e-5,500
6,indpro_lag1,0.00023401038163412243,0.00020858372798958694,0.00021157340657217656,-0.00020351527911791393,0.0006575771856289988,-0.0001429943870981554,0.000545909811663128,2.1658660975646183e-5,0.00041427287578577716,500
6,log_rincome,-0.23202409374373795,0.03436626615476622,0.03502377825851484,-0.2933187224608387,-0.15893468261035876,-0.27945488163788396,-0.1728453890112707,-0.26097115907392954,-0.1909484541875204,500
6,log_rwage,0.23177438784830906,0.040566174970911605,0.04101031638754785,0.1487744950537957,0.3092738417022378,0.16541290391839153,0.29007350795246306,0.18393152372772276,0.26742288386845303,500
6,age_mean,0.0007036393030775133,0.0009246742641077115,0.0009484109895037723,-0.0011537331795485651,0.002377624053857672,-0.0008715245672519041,0.0021651515897469515,-0.0002687729782892817,0.0015972053549276055,500
6,female_share,-0.05002797966755677,0.019036696377983085,0.01975431560631489,-0.08933489359596497,-0.00917666439884636,-0.08146024340948901,-0.015103553022748172,-0.06741963396536826,-0.02775277632486164,500
6,married_share,0.047899663496251875,0.02288738157591629,0.022884595869222146,0.0011301623775674444,0.09354255688080734,0.010120314472078383,0.08617069245925003,0.025700988918098376,0.06975535535791876,500
6,unemp_rate,0.06949464897112076,0.047959232105041764,0.0463703839981133,-0.011937237832574912,0.17634972219854617,0.0016108138403464806,0.16112842282789913,0.030533737343201903,0.12055224963772107,500
7,intercept,-5.514594027930958e-9,0.0008326842308732672,0.0008523039053655111,-0.0015634056920878743,0.0018253943320421025,-0.001229873431322417,0.0015767385875828295,-0.0007739277725976614,0.0009722044459995423,500
7,shock_x_ind1,-0.0023351338233176255,0.004480764027584392,0.004845363986935898,-0.01084906885768342,0.007943130211995839,-0.00934918978815202,0.006350362512857559,-0.006914245498502475,0.0025831319869185914,500
7,shock_x_ind2,-0.0010959522643936806,0.004847052115931578,0.005146470227585997,-0.01221659088642761,0.007735529148252541,-0.009960758222811197,0.006350226710542907,-0.0064533158845577615,0.003945702303428402,500
7,shock_x_ind3,-0.00018895419504919052,0.0015260565680537644,0.0016375194841516927,-0.0035055978139300324,0.0030942955918428845,-0.0030102895089451492,0.0024577969716438825,-0.0017320917891080014,0.0014235469686726967,500
7,shock_x_ind4,-0.0009495613505803483,0.0017768695009248812,0.001845948949967724,-0.004322493950357345,0.0027448924766730223,-0.003941524530802647,0.0021136561520912448,-0.002600153029730995,0.0009946712473512397,500
7,shock_x_ind5,-0.0003756687314789892,0.0010258642366416514,0.0011467646985492627,-0.002526260704754658,0.0017605252444241356,-0.002241652585704961,0.0014986039299064616,-0.0014527645011723754,0.0007898761531888746,500
7,shock_x_ind6,0.00013926854546899922,0.0012840335429779703,0.0013534566546061341,-0.0025423746306589778,0.003037943482922108,-0.0020820234705495695,0.0024001974239527698,-0.0010985448365118363,0.001331495861756645,500
7,shock_x_ind7,0.00010772353901040152,0.0019802430130691144,0.00206676365697162,-0.0036964406796922466,0.0043826136846132485,-0.00324784109720635,0.0035748273115776726,-0.001943721896933635,0.0022273703143273703,500
7,shock_x_ind8,-0.0035193508787323196,0.0025525816868584377,0.002472336556082827,-0.00839393763994864,0.0014669983009560333,-0.007560943187608423,0.0004780863671008787,-0.005789242091405554,-0.0011118755965129788,500
7,shock_x_ind9,-0.001297979185811263,0.001335115806134652,0.0013668369112727879,-0.004054105171831737,0.0013218114117696774,-0.0036805622791734956,0.0009397466154261965,-0.002647782671664531,2.1007947372326425e-5,500
7,shock_x_ind10,-0.003047129180609919,0.0015124307557299451,0.0014320280529702921,-0.00564445836040882,-0.00011274365743324165,-0.005178214421729778,-0.0004883287165158674,-0.004383286770083956,-0.0015099483399573863,500
7,shock_x_ind11,-0.0001271542936285151,0.004427299256188815,0.00431959247586642,-0.00841491685845852,0.008378909774125039,-0.006517871623252156,0.007447062088442307,-0.0038722056636321884,0.004477099772166241,500
7,shock_x_ind12,-0.0020309608104326234,0.0018283154784787038,0.0017836826489290541,-0.005878578687125595,0.0013740954572300005,-0.004928750844911975,0.0008548948177877296,-0.0038134544358151136,-0.00033258518352902676,500
7,shock_x_ind13,0.000601498482960061,0.0014066149492839286,0.001404019129012058,-0.0022054626627643157,0.003313528291478449,-0.0017265619204239692,0.002825762859689839,-0.0007329447394658643,0.0021079336130984576,500
7,shock_lag1,-0.00012314935006732568,0.0011306468449998144,0.0012767365643271463,-0.0029371470306907782,0.0024272925730017404,-0.0023918197009698537,0.0019499455649108067,-0.00139373152441375,0.001104508957671025,500
7,shock_lag2,-0.0006014466833965669,0.0009879922049864677,0.0010292811373393428,-0.00262593221041672,0.0013073796575996197,-0.0024172694516950283,0.0010147473649889723,-0.0016194859683640198,0.0003534217177468314,500
7,shock_lag3,0.0006684062881903183,0.0008575829618541955,0.0009720258948822416,-0.001168043701901184,0.0024566390676404593,-0.0009094337014684011,0.0023054905215219765,-0.00032455648568427393,0.0016740482984916399,500
7,shock_lag4,0.0009599273999103578,0.0012274604147785911,0.0012761277934376614,-0.001356123991418963,0.0035062645049216325,-0.0011353138957831252,0.0031907056495574823,-0.00032464047704044123,0.0022291353231878074,500
7,shock_lag5,-0.0010017486433096386,0.001083902171099816,0.0011476404490700911,-0.0031516488386085246,0.0011666114601394974,-0.0028639556022835317,0.0008618259889398715,-0.0021939500901241504,0.0001558452427164384,500
7,shock_lag6,0.00030913241932795793,0.0011319060504296756,0.0012043668485665498,-0.0020359242668934216,0.0024788361273389153,-0.0016090706524033449,0.002194041602931516,-0.000929800784598765,0.0015440044293193306,500
7,shock_lag7,7.431644767011465e-5,0.0009375994660476893,0.001033863144055824,-0.001980512374073648,0.002051100137901226,-0.0016946638948110216,0.0017563679499194714,-0.0008900179549219508,0.0011377575446740976,500
7,shock_lag8,0.00043220529276427654,0.0009852317594881053,0.0009782591013913083,-0.0014441373376403621,0.002435240986670636,-0.0011224945320769642,0.0021686139556729,-0.0004977476804757131,0.0014261359355472508,500
7,shock_lag9,0.0021936893491379486,0.0010776654233747433,0.0010900686126280217,0.00014931288713298927,0.004486620513528278,0.0004995260436303375,0.004076208914114377,0.0012285330952721163,0.0032207553757715056,500
7,shock_lag10,0.0004253772162250904,0.001041602381971763,0.0010165985185441146,-0.0016961406980152433,0.0022032014462969023,-0.0013414711600525763,0.0019752175036510306,-0.0006936494243165806,0.0013979127405302056,500
7,shock_lag11,0.0004125696488753754,0.0009349390142370338,0.0009364040498599654,-0.001487024847366584,0.002209873677268827,-0.0011349429531475994,0.0019500921603827026,-0.0005708793226771088,0.001295102934563963,500
7,shock_lag12,-0.0013428413679656159,0.0010612868835035924,0.0010243650122714759,-0.0032799557682172483,0.0007032854454136507,-0.00299496444043278,0.00035959659689839346,-0.0023716400272733827,-0.0003620661372709062,500
7,log_oil_lag1,-0.004801714708607777,0.0026515600433378635,0.0027555906971209196,-0.010593473084376713,0.0006921185345486909,-0.009558634734854838,-0.00048159519025714085,-0.007575224612383192,-0.002290044400507244,500
7,ffr_lag1,0.0008205930132287766,0.0006212058748322108,0.0006530581053752249,-0.00029517501307583095,0.0021763363898478294,-0.00016003379454716048,0.0019878449380677727,0.00025401448830106326,0.0015923220534374903,500
7,cpi_lag1,-1.4725985802193996e-6,5.2659512010655816e-5,5.5831886941907385e-5,-9.864439752725726e-5,0.00011559010807420541,-8.396610581925077e-5,9.511273124611667e-5,-5.124351646749518e-5,5.992195982833237e-5,500
7,indpro_lag1,0.00018150776727326537,0.00018831036674334835,0.00021543660073954847,-0.0002951649746426966,0.0005708680220199745,-0.00018417189289985137,0.0004740220539464371,-4.2432113655040026e-5,0.0003799210524105434,500
7,log_rincome,-0.20476754738006944,0.032561354619252726,0.03338514575822312,-0.2634177760269391,-0.13580433616973314,-0.25448641893834717,-0.1423632475519517,-0.2327614244895193,-0.16487160869832587,500
7,log_rwage,0.19622271656549517,0.0375815893480663,0.03936817159756964,0.1167486566925619,0.27172643754507575,0.12772269981334902,0.25899905484194097,0.15274675551677122,0.23168522633246566,500
7,age_mean,0.002731590956548224,0.0008593763275023675,0.0008302686387107529,0.001144807102010974,0.004254575427088894,0.0014294060535481679,0.004072182237298091,0.0018993610505924363,0.003601368663178041,500
7,female_share,-0.034757717320843116,0.02420950463881189,0.024688656357306774,-0.08205323117868743,0.013063175445646811,-0.07335258840891251,0.006902093980877697,-0.05839888594066505,-0.009927106756696297,500
7,married_share,0.04373174806193349,0.023256760663392842,0.02208143251369171,0.0023019829892826265,0.08343726057745768,0.006498395347715915,0.07739478714915606,0.018158786946383475,0.0639175504747279,500
7,unemp_rate,0.06837959075053206,0.042593935388034986,0.04190532874888652,0.007303846250122726,0.1629501449457766,0.018705453161613317,0.152941165170975,0.0356605938714176,0.12376855057836084,500
8,intercept,-4.1772804278351884e-9,0.0007432426568886152,0.0007542920863670147,-0.0014549579168135216,0.00166959797217708,-0.0010822179283019734,0.0013604564376389202,-0.0006349546892232518,0.0007916963299510427,500
8,shock_x_ind1,-0.006092873275383864,0.00463582865245781,0.004476488630401277,-0.015156403650019298,0.0022309751671968467,-0.013278940859016231,0.000901908627438648,-0.010289131193383148,-0.0013005374910766625,500
8,shock_x_ind2,0.0005822176107847074,0.004385114069368878,0.004582755638933425,-0.008403433941207551,0.00920580900511241,-0.006839174858598667,0.007798232496144454,-0.004149858993233096,0.0052823251952607425,500
8,shock_x_ind3,0.0004153155261090576,0.001391478670852867,0.0014731237849483192,-0.0024006010703057096,0.003264265718767728,-0.002089508096141606,0.0029640018644308524,-0.0011405748645000912,0.0018038308562788145,500
8,shock_x_ind4,0.0004095365870596672,0.001487839450260926,0.0016792885469690561,-0.0028386937920956822,0.0037820036849444435,-0.0024207375229251702,0.0031758071069800933,-0.0013413786077090591,0.0021020646323132953,500
8,shock_x_ind5,-0.0002162421320651506,0.0010433075354026272,0.001017616926579035,-0.0021140084493182047,0.0017195958133921058,-0.0018559988180030013,0.0014477075759784055,-0.00115802352128569,0.000922918921464639,500
8,shock_x_ind6,-0.0026611036010427214,0.0011883541337435772,0.0011621366205408542,-0.004753651280434033,-0.0003032428863832548,-0.004354729987481872,-0.0005946704495411206,-0.0036972414004387195,-0.0013371365941616971,500
8,shock_x_ind7,-0.0013004139217628159,0.001998911756689848,0.0021692144678980077,-0.005241289880188101,0.0026456943221174253,-0.004732907709490225,0.002106896763192253,-0.003441894575059782,0.0009536229412959551,500
8,shock_x_ind8,-0.0054469121151848095,0.00231966470632044,0.0022257373778981544,-0.009423367863153587,-0.0010211070343877104,-0.008693763640184883,-0.0015205745776643664,-0.007611220589575066,-0.002980274724997221,500
8,shock_x_ind9,-0.0008703785519012188,0.001353920337472928,0.0014337360222676785,-0.003807808073093101,0.0018302074259877558,-0.0031624586779180016,0.0014223422995868096,-0.002226598354587668,0.0006184209132887223,500
8,shock_x_ind10,-0.0030960234636108943,0.0015657558879621785,0.0017005894618269532,-0.006681124084863032,3.236835444667404e-5,-0.006045573520854256,-0.0004232205284973942,-0.004644376729529932,-0.0012851420195051828,500
8,shock_x_ind11,-0.0008998970330509842,0.003771236235647949,0.003956072955616199,-0.009074993846513387,0.0074049832815953785,-0.0068742915830815625,0.006079404221607317,-0.004297408332651272,0.002942787415020357,500
8,shock_x_ind12,-0.001927455342892286,0.0015200343992063754,0.0015411905045572695,-0.004822775087246919,0.0009639712152485732,-0.00446631531248795,0.0005492662827778101,-0.003410155309182945,-0.00036942297722715375,500
8,shock_x_ind13,-0.0008819070862811853,0.0012171415081750913,0.0011750172572153042,-0.0031408868385272796,0.0015926663707401837,-0.0028265230405920766,0.0010581363943072716,-0.002040618925936899,0.00023868207250952097,500
8,shock_lag1,-0.00021948493383109265,0.0009378964772744164,0.0010267533836765973,-0.002129732582730113,0.0017939433241999233,-0.0017420827156391535,0.0015026160369618438,-0.0011927004049861402,0.0008382956277982661,500
8,shock_lag2,0.0001188129983286751,0.0010356018090871418,0.0010263020169067837,-0.002040475900994658,0.0021762488077887955,-0.0015625881527653515,0.0017662383848587083,-0.0008357019622523322,0.0012223374668228768,500
8,shock_lag3,0.0011066540578674026,0.0009186438577872286,0.001035262138716499,-0.000803377426000638,0.003097006756811632,-0.0004677056170465695,0.0029429720417993867,0.00011300954006506389,0.002083157815054074,500
8,shock_lag4,-6.42704530892288e-5,0.0010992654568751361,0.0011660680229851359,-0.0023095493288519,0.0023419154239018754,-0.0019111208028025903,0.0019198202711706719,-0.0011674600625690903,0.0010739524676000927,500
8,shock_lag5,-0.0002342672706834734,0.0010766346450576964,0.0010499776610336424,-0.00232532755607676,0.00161079394344216,-0.001935686917387287,0.001422747749020321,-0.0012220470163204409,0.000903470374166572,500
8,shock_lag6,0.0001992380062241996,0.0009431586623944682,0.0010035888894018119,-0.001820393665425267,0.0021810352564076508,-0.0015432594416129742,0.00175880609814021,-0.0008138955350612376,0.0011195685932714845,500
8,shock_lag7,-0.0003685193902087625,0.0008957950290670832,0.0009721639616074216,-0.002310302822253884,0.0014646379091979942,-0.0020673330225367457,0.0011543116133038303,-0.0013407589521706583,0.0006535768100506434,500
8,shock_lag8,0.001783031138726414,0.0009227040069794538,0.0009895978052161536,-4.148962854018614e-5,0.003693134574719855,0.0002593676511408603,0.003437567561203344,0.0009087281331189688,0.0029221670827687157,500
8,shock_lag9,-0.00012166958952307736,0.0009374404328229893,0.0010045045138962864,-0.0021025814894010215,0.0018678059851180095,-0.0017452565446921249,0.0014517539816617693,-0.001019009220165653,0.0009444664124079278,500
8,shock_lag10,0.0014750845205887258,0.0009736707623124759,0.0009847605078354435,-0.00049930069719247,0.003325833826387692,-0.00018538666070211837,0.0030890552752131486,0.00041017334457592997,0.0023942455761060424,500
8,shock_lag11,-0.0011899162611359166,0.0009100127524841068,0.0010169467832386741,-0.0030989393343479063,0.0006702071794402976,-0.002861270918856641,0.00045037649435914216,-0.0022235878555736787,-0.00016084812307457115,500
8,shock_lag12,-0.0016214466441909566,0.0009573110505856243,0.0009762043329176034,-0.0036146790292884653,0.00015890201337299248,-0.003276331594900001,-0.00010746790826347098,-0.0025888126983727826,-0.0007030231796919561,500
8,log_oil_lag1,-0.004029226667043156,0.0023370131435110457,0.0024222901514131248,-0.008733392801875933,0.0007579693920895829,-0.00817331846217509,-0.00014160447172908617,-0.006583806772044721,-0.0018282014666338544,500
8,ffr_lag1,0.0004740114581266342,0.0005190017459659092,0.0005435136597239907,-0.0005716621300377231,0.0014892686647800962,-0.0005020319524844724,0.0013043837905454543,-0.00011542759570014739,0.0009618332047468313,500
8,cpi_lag1,-1.6451466680330604e-6,4.6651715691256934e-5,4.863044351529037e-5,-9.05057874334296e-5,9.333615089676041e-5,-7.677414261561435e-5,8.020272524463858e-5,-4.776055559029381e-5,4.805115523064857e-5,500
8,indpro_lag1,0.00010858704943081424,0.00017250635516829048,0.000184852498644199,-0.00028428691221420003,0.0004629514367887437,-0.00020433373028221446,0.00039833719259751776,-7.577218528793085e-5,0.0002820907775608675,500
8,log_rincome,-0.17136663491585383,0.03397869969122285,0.03551870061686573,-0.23080634169790343,-0.09237351425550486,-0.21987935865308508,-0.10189744763105635,-0.20009945331913323,-0.1267233078362054,500
8,log_rwage,0.16458189959837582,0.03757509868808789,0.04019268979619243,0.08030541449744576,0.23256413468402015,0.08911792112199497,0.2218574475480453,0.11451264641020692,0.19607141413398715,500
8,age_mean,0.0023060064752571303,0.0007894348567786512,0.0007508883249741042,0.0007393356773381667,0.0037623081316528546,0.000981983952080152,0.0034810314245985944,0.0015290501504639955,0.0030049183608388754,500
8,female_share,-0.02586697713753515,0.022744613884976058,0.022758634395604688,-0.07459009268597591,0.013513513099091289,-0.06405904565047241,0.009030668249475899,-0.04868992121841055,-0.002409617181658959,500
8,married_share,0.0428411655393408,0.022278171435107203,0.022279577941671454,-0.003002219513189322,0.08533926886930165,0.0013274121195724316,0.0772716109550491,0.01791269732485606,0.06353807313578812,500
8,unemp_rate,0.04920175735610235,0.03315377924260123,0.03482956774109354,-0.01015480074559202,0.12488394377702816,-0.0014655157308503019,0.11129320702837914,0.01974656845113194,0.09311453198806469,500
9,intercept,-2.405871932620387e-9,0.0006478880849095479,0.0006849395241601606,-0.0013876200642610724,0.0013351931367163467,-0.0011763058236949342,0.00118882191153675,-0.0006048626530134265,0.0007410207770517818,500
9,shock_x_ind1,-0.0036470664890210372,0.004455517631192943,0.004419790696535721,-0.012323807483504472,0.005834013804376736,-0.010741822164047121,0.003933045249888466,-0.007932053217339297,0.0006438816639571571,500
9,shock_x_ind2,-0.0049973441529598955,0.004194786150633844,0.004204903223114841,-0.01354053463677805,0.003359811126342856,-0.011989442713391614,0.0018505589208603196,-0.008740313015339072,-0.0006259423698817598,500
9,shock_x_ind3,0.00044176722391676537,0.00134461182004171,0.0014406416133267918,-0.0024445096313012323,0.003208792781504931,-0.001960066148786437,0.0027606283086878476,-0.0009678259348477702,0.0018364917886498355,500
9,shock_x_ind4,5.1733295974033016e-5,0.0012932957219051226,0.0013695034735889478,-0.0026386839415902287,0.0029667493000045944,-0.0021537047319559613,0.0024121716943569203,-0.001370121629839932,0.0013729446559363546,500
9,shock_x_ind5,-0.0002293432198904904,0.0011588566201816254,0.0011504646139874873,-0.002729439917858815,0.0017713818366373642,-0.002366905416289372,0.0015296498902832357,-0.0015052101879495824,0.0008291855892587108,500
9,shock_x_ind6,0.0002327713439840032,0.0013762065777876136,0.001336124254509915,-0.002350723551842275,0.0027948949867304144,-0.0018799855948141144,0.0023543512568703815,-0.0010683149078120158,0.0015021124522021955,500
9,shock_x_ind7,-0.000367062972423156,0.0016390708379120098,0.001718024095551812,-0.003775898632063802,0.0030115366394567215,-0.003120051721576039,0.002519146175622716,-0.0019453862982095089,0.0013848773874073272,500
9,shock_x_ind8,-0.003833893991419118,0.0019695047306534765,0.001948410630168194,-0.007855704176457678,7.228680232534195e-5,-0.00706398980060516,-0.0007720721868260912,-0.005907098909816791,-0.0020565391299986577,500
9,shock_x_ind9,-0.0024883209551072815,0.0015929216151558058,0.001535379790879033,-0.0056752642905812814,0.0002970113850042338,-0.005200885385051482,-1.743808908029885e-5,-0.004086010244740951,-0.0009929457810358144,500
9,shock_x_ind10,-0.0035001697153538526,0.00197563743155224,0.002083001963586923,-0.00782353766039278,0.00022072252137797526,-0.007272496804553939,-0.00019276272225971956,-0.005824034614722204,-0.0015715096768268663,500
9,shock_x_ind11,-0.0023226886457099745,0.0045782445062781014,0.004224906714681856,-0.01054444392456591,0.006115586192387914,-0.009416650365952654,0.004727263986343472,-0.006399498018062361,0.0018173781676417452,500
9,shock_x_ind12,-0.0019113559599514573,0.0012867532156245448,0.0012574445809200676,-0.004521635240324749,0.0003495918775992922,-0.004124581893110525,0.0001103752719387635,-0.0031735843062683424,-0.000651068063974681,500
9,shock_x_ind13,0.0009084368793699765,0.001370248261213632,0.0013141334232319025,-0.0015044487343924173,0.0035809908773353468,-0.001240633483659215,0.0031469318825358035,-0.0005318863225945806,0.0021880406766704506,500
9,shock_lag1,0.000561634157082961,0.0010249813136615142,0.0010881309520138582,-0.0016295060012736589,0.0025700957584707967,-0.0013287852229693098,0.0022853814363607682,-0.0005368601555015728,0.0017329056618986699,500
9,shock_lag2,0.0006697214019855147,0.0010496025991010626,0.001043953725132802,-0.001257332839775676,0.0028946007293448404,-0.000981054553503134,0.002452126875993214,-0.000288130308249047,0.001686399410178477,500
9,shock_lag3,0.0001755002806582128,0.0009195738269557641,0.0009754971202235695,-0.0016855066793275801,0.0021815409230508125,-0.001435316285209628,0.0018812065604668958,-0.0006723932659994957,0.001166919609502783,500
9,shock_lag4,0.0007640440445988893,0.0009563929351285339,0.0009787036116647486,-0.0010782207974222324,0.0025344517960601324,-0.000897780728636811,0.002210169337253561,-0.0003259639268911168,0.0016683237412123348,500
9,shock_lag5,-0.00031012442916039575,0.0009208828317469931,0.0010171068599798137,-0.0022486716272050213,0.0016386574266413624,-0.0019157681981635144,0.0014096679847409488,-0.0012785868051915373,0.0006330819944032596,500
9,shock_lag6,-0.0001493775214194278,0.0008371973030419426,0.0008622279079528103,-0.0017996607238226496,0.001401439319107216,-0.0016178860683553073,0.0012153207369021088,-0.0009740068684115467,0.0007368275827479438,500
9,shock_lag7,0.001007536487805737,0.0007748425454931722,0.0008256835024902571,-0.0006830710482838634,0.00258372220454443,-0.00036426289051992914,0.002401440842028967,0.00018498103082862738,0.001786158668797049,500
9,shock_lag8,-0.00045749990250634986,0.0008147553291031204,0.0008640959877529141,-0.0021065011017870764,0.0013694494664617282,-0.0017780641875706589,0.0010098389699608014,-0.001202089579080949,0.0004704754421779202,500
9,shock_lag9,0.001078554543902293,0.0008622617321234965,0.0008604923838666374,-0.000563912748964724,0.0027464496863113096,-0.0003227871839506589,0.0025151526409485335,0.00030157272060488496,0.0020118554756065835,500
9,shock_lag10,-1.105213857518031e-5,0.000910642365628158,0.0009033851115394018,-0.0017873617747341795,0.001802103298474124,-0.0013871089826147996,0.001549698590811601,-0.0008568072705533855,0.0008841754834788576,500
9,shock_lag11,-0.0014657932726948766,0.0008584444455542137,0.0009210821965559859,-0.003326663012786552,0.0002839275863148237,-0.0029715913168540933,-2.127767722026686e-5,-0.002352160059396925,-0.0005116761215032223,500
9,shock_lag12,-0.0015444723342945565,0.0007751767383718075,0.0008095521951087517,-0.0030705196184927066,-0.00011384329856316966,-0.002848569427145201,-0.0003316600373181473,-0.002306602324094527,-0.0007006183082409502,500
9,log_oil_lag1,-0.003644273709365692,0.0021122024801410325,0.002200771576030615,-0.008130372925483593,0.0004422711178108668,-0.0073458442783106365,-0.00022701720021404634,-0.005871299457499011,-0.0015392281328787346,500
9,ffr_lag1,0.00022949786013687752,0.0004454091696990561,0.0004793718009099197,-0.0007452256581886725,0.0011021665135244885,-0.0005803193831694988,0.0010081570148146534,-0.0002649299517069348,0.0006874364512059507,500
9,cpi_lag1,8.89894786209059e-6,4.5448596355422085e-5,4.5031229056165667e-5,-8.231149239162197e-5,0.00010262766390902741,-6.233121317248384e-5,7.533862149092813e-5,-3.593149602709512e-5,5.349146287605839e-5,500
9,indpro_lag1,5.307091105266234e-5,0.00014087628993781018,0.00014676372012025892,-0.00021677087081224772,0.000367900716993193,-0.0001781480384410207,0.0002925318031430766,-9.190550345988543e-5,0.00019659494972895859,500
9,log_rincome,-0.11750057450660638,0.02990540668957296,0.031445500659496015,-0.17272328171733534,-0.04831026236221346,-0.1644473713171211,-0.06243208767032585,-0.14285723575191164,-0.07912832615866919,500
9,log_rwage,0.1047924216651066,0.03471136790876627,0.03541701129351776,0.03135607765265587,0.16982486563953852,0.0409880117072401,0.15806414681508907,0.06275507125740235,0.13367218399109007,500
9,age_mean,0.0018720954140099477,0.0007305589461127776,0.000728285547172479,0.00041611999418938924,0.003316237828035906,0.0006305509753738344,0.003048041508757722,0.0011957235791939659,0.0026106747564737685,500
9,female_share,-0.0396879145242315,0.02085508984313545,0.02121576667129301,-0.08361857062082456,0.0008636642377887601,-0.07787686181873324,-0.006099882570927094,-0.06028234685267443,-0.019241146451582692,500
9,married_share,0.03746130316995328,0.020581576007178897,0.01922319701175679,-0.00018862101709811425,0.0748780733482477,0.006250324217198768,0.07178350368659099,0.021022293050732225,0.056408930503115004,500
9,unemp_rate,0.044497386750087936,0.02991848200982859,0.03176819649241353,-0.003788006065232515,0.12256475483460817,0.0021844533410289905,0.10931071282941746,0.01912654873446451,0.08271131926211414,500
10,intercept,-2.1759311973795323e-9,0.0005760678146673651,0.0005426641467409947,-0.001122045651762407,0.001067618737430795,-0.0008673720664364397,0.0009230614721677978,-0.000507588513116397,0.0005866145541129286,500
10,shock_x_ind1,-0.0014693508175413841,0.004671707533172145,0.004795344378869536,-0.010168498079768093,0.009174179260178422,-0.008619120340190838,0.007190907065762976,-0.0059549733642040165,0.0036384804525305273,500
10,shock_x_ind2,-0.002694657250381816,0.004561938303471807,0.005102002064426475,-0.013436531121059237,0.006331379066560148,-0.011919154042312132,0.0049962764386845765,-0.008158049071802228,0.002253863635371495,500
10,shock_x_ind3,0.001600781147109469,0.001401861417053631,0.0014543770407353634,-0.0014475870281996156,0.004326557219515274,-0.0010410076360833468,0.003890592352923685,0.00024821769205652424,0.0030551523208833856,500
10,shock_x_ind4,0.0016647572083648902,0.001596631496464383,0.001561913948042236,-0.0014459327306607028,0.004502536052001823,-0.0009792472598757242,0.003953664394961958,3.568337521348885e-5,0.0032125810288206975,500
10,shock_x_ind5,0.0009783860969558615,0.0011130597210027016,0.0011114087242826318,-0.0011576276266611878,0.002962722534380057,-0.0008805492132347694,0.002709991880597285,-3.113858834438698e-5,0.0021807310038258975,500
10,shock_x_ind6,-8.458637904465862e-5,0.0014251106517471355,0.0013777606442318365,-0.0024845607852346744,0.002754573034118218,-0.002260351717389104,0.002323920598692561,-0.0014444114705634483,0.0012469374035349815,500
10,shock_x_ind7,-0.0001519832681593115,0.001716612093744411,0.0018017027695775198,-0.00356574257833271,0.0032541153311499153,-0.0031765347719669543,0.0028138229281365287,-0.0020968051384543484,0.0015430739429526832,500
10,shock_x_ind8,-0.0033975286628694468,0.0017321420397586676,0.0016689455534522482,-0.00652866029086594,-0.00016624781499444466,-0.006118250082429134,-0.0007151953064667948,-0.0049165804785415565,-0.0016789158010806823,500
10,shock_x_ind9,-0.0006473436898615105,0.0013971523448836763,0.001412527266045353,-0.003322167254594422,0.0021251831907584517,-0.0026724351208078315,0.001790218857350931,-0.0020233230985376507,0.0008123859255488732,500
10,shock_x_ind10,-0.0018935494060991261,0.0016145325167028334,0.0016904477132740773,-0.0054719710885465025,0.0011262400936305232,-0.00480304115013504,0.0008096626342845993,-0.003522196715805417,-0.00015675774775637122,500
10,shock_x_ind11,-0.003787457432942027,0.0038881304076685006,0.0037551791982842965,-0.011064576063136732,0.003245908451721389,-0.009871664253880603,0.002323034281241642,-0.007331693913132867,0.0002978942839614552,500
10,shock_x_ind12,-0.0005587709911206508,0.0012063442983065809,0.0012663249268536714,-0.0031178684222172106,0.0019242045267106327,-0.0025630680333873094,0.001601057944658199,-0.0016543634716660858,0.0007515170828822984,500
10,shock_x_ind13,0.0003166134982411322,0.0013248556000894126,0.0013266914461914732,-0.002319222227870452,0.0029793127366940612,-0.0017998886240904552,0.002591252891465498,-0.0009351633823041824,0.0017022881456093511,500
10,shock_lag1,0.0008874225457219981,0.0010930129807447096,0.001164276741584236,-0.0014506396287260921,0.0031589696928361524,-0.0010396987501117,0.002786907347639455,-0.00024649924287288176,0.0020685730101669465,500
10,shock_lag2,-0.0004309782226446685,0.0009362749392352205,0.0009847372982287486,-0.0023703502942748972,0.0013922013422690903,-0.0020619181255059405,0.0011655185867704265,-0.0014901300045353733,0.0004819887581923519,500
10,shock_lag3,0.0007912609652761063,0.0008535096994550823,0.0008680724847629387,-0.0008201010570086978,0.0024959036945497357,-0.0005646996270852241,0.00227768269867072,-3.3722434557493254e-5,0.001813257418801162,500
10,shock_lag4,0.0005134841764905533,0.0008956172053383571,0.0009662113168231681,-0.001350591392586253,0.0024153537962208127,-0.0010511784487211373,0.002163976870758766,-0.00045698793038008196,0.0014957844185129916,500
10,shock_lag5,-0.0008645644698546293,0.0009248790502245684,0.0008917258935095814,-0.0027006196190173483,0.0009381872550490735,-0.0024088157083156088,0.000637443992668626,-0.0017049844995392239,4.570784671390978e-6,500
10,shock_lag6,0.0010304073713924388,0.0007808853351507751,0.000814015510603466,-0.0005747637543416552,0.002536808279802144,-0.00024489242606701904,0.0023374006393927626,0.0002577362928909393,0.001856754059445933,500
10,shock_lag7,-0.0012602989560042425,0.0006964165815023662,0.000752919004841478,-0.002812765273725526,0.00013245268441507233,-0.0025145743985077913,-7.013187318296384e-5,-0.0020527056220195554,-0.000582539008881095,500
10,shock_lag8,0.0006139366038309544,0.000800020647539192,0.0007684503941024586,-0.0008380441548811379,0.0021758748687211813,-0.000598309429606821,0.0019516664380400462,-8.337706273427544e-5,0.0014792081844696406,500
10,shock_lag9,-0.0003774912803100389,0.0008728768137355057,0.0008660859376601213,-0.0019930549508754406,0.0012654437391204322,-0.0018147258941839997,0.0010227999288492226,-0.0012275770023657483,0.0005438244672353746,500
10,shock_lag10,-0.0002793001438640938,0.0007658077128096308,0.000781051281164825,-0.00189442067702126,0.001176635667821903,-0.0016106989705863158,0.0009486529406213164,-0.0011236332606183856,0.0005301014819221511,500
10,shock_lag11,-0.0014555848166515773,0.0008046460882477052,0.000869724096459246,-0.0031367747739051276,0.00028410686342951024,-0.0028091243186123033,4.332711437528997e-5,-0.0022857814553029054,-0.000525119004249724,500
10,shock_lag12,-0.0009309406571237225,0.0008241554062504238,0.0008111259820197921,-0.00229981976920388,0.0007709234081442247,-0.002116015696648722,0.0005336930844585163,-0.0016722630251476173,4.5653840968927095e-6,500
10,log_oil_lag1,-0.0018185627269521,0.002074434301193692,0.001953224856962681,-0.005552921308161035,0.001639702828912373,-0.005003376836713846,0.0013080107094562644,-0.004100024407939551,4.4283797248514225e-5,500
10,ffr_lag1,-0.00037016942818898953,0.00038696022779714827,0.0003961612877089889,-0.0010240897107959904,0.00041206192882980514,-0.0009577961772305513,0.00031377619837085987,-0.000780418071082322,2.8372735008336108e-5,500
10,cpi_lag1,-2.5245534375801798e-6,4.1826861273521004e-5,4.006600161304137e-5,-8.005513889059526e-5,7.822161997360449e-5,-6.107257579254536e-5,6.844580759073096e-5,-3.778254408967928e-5,4.1308641371214566e-5,500
10,indpro_lag1,-6.883106285441734e-5,0.00012247118780083147,0.00012574033350644737,-0.0003108948119290292,0.00018269573628977977,-0.00026207191162077686,0.00014794873807825237,-0.00017961333875382595,6.412713508347677e-5,500
10,log_rincome,-0.03893418282111093,0.027221382345848522,0.028877608237042558,-0.09328023298794433,0.022046441059280417,-0.0828049116096052,0.012201139126929276,-0.06396070138463901,-0.009517563406936167,500
10,log_rwage,0.029158095259825073,0.03109556637587482,0.033077744782500834,-0.04171261807822278,0.09668668750946906,-0.0281228630303863,0.0784827889981798,-0.004263646520299809,0.05581612113697349,500
10,age_mean,0.0011266506085885017,0.0008830628443488142,0.0008519825227802252,-0.0004523339595697742,0.0026027973772937193,-0.000270664369363238,0.0024171766184420047,0.00017625770110704037,0.0019919512674082245,500
10,female_share,-0.01772872856283657,0.021467371997181316,0.022489626331473687,-0.06382127634161823,0.02767135602559622,-0.056089562599877435,0.01898259620113345,-0.041362656417466476,0.002086399573123122,500
10,married_share,0.025666867750112045,0.024103531440621898,0.024546233816355033,-0.02253641220952674,0.07109457887242454,-0.01662656680987345,0.06412840983959567,0.0014328557623543316,0.050946600432376886,500
10,unemp_rate,0.010873069510611334,0.02945598210792195,0.028173448201496268,-0.03333865329066674,0.07282733463663167,-0.028874990524796685,0.06417932614404492,-0.014307493117258634,0.04068556660203189,500
11,intercept,-3.412036265406442e-9,0.0005418227270853837,0.0005375428183068424,-0.0010069208001114284,0.0010575070851938045,-0.0008016065461024605,0.0008789502638283095,-0.0005137538664920682,0.0005510082555290434,500
11,shock_x_ind1,-0.006129537244105694,0.004143141231065038,0.004136611643738576,-0.01415343495039977,0.0028094058514579025,-0.0126921223067405,0.0012063479303254365,-0.009703115297628812,-0.0018633818557109024,500
11,shock_x_ind2,0.005191189166466634,0.004722888062259782,0.004997992146475811,-0.00499037601305345,0.014055059719752062,-0.00330275261252527,0.013020951578244382,-8.6106867229331e-5,0.010291793070670328,500
11,shock_x_ind3,0.0015419919646430396,0.0016560405954982465,0.0017196032381618734,-0.0016116629573517686,0.004974012563867574,-0.0011709153781118426,0.004398954550898026,-0.0003733179231304611,0.0032273727747399224,500
11,shock_x_ind4,6.131842297664187e-5,0.001352356852307059,0.0015220761801609385,-0.0031287947752655708,0.002968222740238351,-0.0026125487565224733,0.0024637533050704944,-0.0014893593737667025,0.0015288662184014309,500
11,shock_x_ind5,0.00025513459709617845,0.001183840271911882,0.0010670281799659215,-0.0018005557304688103,0.0023884206562320544,-0.0014897542601697868,0.0020629706408480946,-0.0007478207469624413,0.001301031365961391,500
11,shock_x_ind6,0.000820601972782578,0.001379042141920704,0.0014492457570661926,-0.002294637330568618,0.003390034500561369,-0.0018794953184472962,0.003007443972451734,-0.0007481196512595786,0.002057915759110703,500
11,shock_x_ind7,0.004586190732223186,0.0017979827583945172,0.001900043692296702,0.0010507123095433138,0.00834864231958374,0.0015362386341280145,0.007819083327288109,0.0029867451378630446,0.0067108291801066715,500
11,shock_x_ind8,-0.003062492212571407,0.0019132026616341515,0.0019331263110905063,-0.006947326820439576,0.0004302699895936757,-0.006320647095043969,-7.312568811891507e-5,-0.004981863176223352,-0.0011640824157737018,500
11,shock_x_ind9,-0.0005089653912649838,0.001338403070226867,0.0013314712555901932,-0.0030176130170447317,0.0020253132752855096,-0.002665605855780256,0.0017025434723315208,-0.0018070650342355988,0.0007492718850501798,500
11,shock_x_ind10,-0.002042934676039994,0.0015725876003862547,0.001527999461055499,-0.004937762677671848,0.0009439257661123597,-0.004472853205474098,0.0005109765732915561,-0.0035187391789155966,-0.0005476347790037924,500
11,shock_x_ind11,-0.002926641307072307,0.0029322411325154204,0.0030159749046662384,-0.00893598436628935,0.0028832167325874526,-0.007879084086590693,0.0021001208423216153,-0.005816685178914433,0.00013422465427754684,500
11,shock_x_ind12,-0.00014324236823032792,0.0010798839190001275,0.0011078285025330043,-0.002506039248660353,0.0019396785129393297,-0.0021137142427741324,0.0015826750865349615,-0.0012874394167442327,0.0008482848052388816,500
11,shock_x_ind13,-0.0002893202999975988,0.0013472653278617695,0.0014337555406365302,-0.0030315859444470733,0.002507946017521137,-0.002657259991032626,0.0020472720454867027,-0.0016680436590380836,0.0011469145562349457,500
11,shock_lag1,-0.00011603011660514126,0.0009603781693089289,0.0009812662065849392,-0.0021262087531214524,0.0016644711393332084,-0.001774817377301802,0.001418186811056385,-0.001027679735052765,0.0008999510997440079,500
11,shock_lag2,0.00012645528091647474,0.0008989063584103473,0.0009223087862593306,-0.0015542531306314408,0.0018309285214911514,-0.0013901744233651304,0.001561089959618244,-0.0007732506578793856,0.0011209220300229179,500
11,shock_lag3,0.0006983455996998844,0.0007425342443663677,0.0008078060998319154,-0.0008802975661392691,0.002178080864515103,-0.0006831458808411389,0.0019732403851817097,-0.00011681244009853093,0.0014959129868557328,500
11,shock_lag4,-2.4964270679963578e-5,0.000970486001129033,0.0009617151550236674,-0.0018288665577232822,0.0019267849062025507,-0.0015915616959466838,0.0016424037094775652,-0.0011458990721261602,0.0008075667845363509,500
11,shock_lag5,0.0004319691853440047,0.0008012938034956661,0.0007948222186407674,-0.0011339813209895189,0.0018542604421629126,-0.0008267085141067466,0.0016897177442174332,-0.000371538290460986,0.0012796642066961583,500
11,shock_lag6,-0.0012720670483721238,0.0007430414996982317,0.0007253453453635718,-0.0027910134679150545,5.2534383347700055e-5,-0.002461955472663123,-0.00018188735303372036,-0.00200223417444748,-0.0005719192218848516,500
11,shock_lag7,-0.0003161708464860172,0.0006658891268058531,0.0007029835386192823,-0.001728132168719385,0.0010129164393272762,-0.0014548702309415767,0.0007821587087056328,-0.0009988682325271032,0.0003928857585961106,500
11,shock_lag8,-0.0009832839283806408,0.0007959901253107802,0.000782748980605764,-0.002501063478625661,0.000613231453521485,-0.0022959384268544185,0.00043180782619580777,-0.0017217781566699047,-0.00021145636436151104,500
11,shock_lag9,-0.0005979008858082999,0.0007374423596314285,0.0007708406874133782,-0.0019596837047104283,0.001008781661378276,-0.0017455381274003932,0.0007591606115256446,-0.0012477515426214541,0.0003095002650041199,500
11,shock_lag10,-0.0001988149201034186,0.0006612562435319133,0.0006801476293375114,-0.0015838068445446353,0.0011000348217094862,-0.001375720402539682,0.0009011300301790157,-0.0008011864087906517,0.0005547330270254499,500
11,shock_lag11,-0.000809619552328792,0.0008211096332788991,0.0008539102276593581,-0.0023785470810916733,0.0010642220151876047,-0.002055568853615374,0.0007126499392295988,-0.0015163174071740665,0.0001893032099862333,500
11,shock_lag12,-0.0011342266753069398,0.0008230144719729445,0.0008775988122941304,-0.0029039375231939696,0.0005977646255815375,-0.002552322757417354,0.0003618371006556125,-0.0019157222201537404,-0.00019575813713648278,500
11,log_oil_lag1,-0.0008236815465072938,0.00199184613011545,0.0019573159623714744,-0.004822996089640994,0.002668734608607828,-0.004332233027335795,0.0020972976499798704,-0.0030263082530871273,0.0009218780060117982,500
11,ffr_lag1,-0.0006995228270300282,0.0003321965778506692,0.00033371340822292445,-0.0013248110768648977,-4.743188504258993e-5,-0.001226377859741252,-0.00011310671505816201,-0.001026290239858982,-0.00034955479599246624,500
11,cpi_lag1,-3.230697440692056e-5,3.7494834258061834e-5,3.695553114497561e-5,-9.83122414343345e-5,4.3873867448943776e-5,-8.782804742490149e-5,2.8896263612137682e-5,-6.586616918727764e-5,8.468740022045135e-6,500
11,indpro_lag1,-0.00015177956768437853,0.00010092523563833809,0.00010244786249487821,-0.0003520409421269192,6.21283276288962e-5,-0.0003137506125738691,2.1058693065599225e-5,-0.0002505328892167686,-4.07811500043253e-5,500
11,log_rincome,-0.05432702618188777,0.02973498816062631,0.028007979966659366,-0.1115559078290056,-0.00020520921491154332,-0.10459241271726455,-0.006907887638336658,-0.08003147289771473,-0.02468501336753951,500
11,log_rwage,0.051147753452238674,0.0353276617237579,0.03486211950648472,-0.016495120249861352,0.12139457329444069,-0.0076957293030194066,0.11081076063625384,0.01465379162526904,0.08176431010391157,500
11,age_mean,0.0009372688500846183,0.0008297958864264986,0.0008755613435395711,-0.0007268113968505099,0.0027575184723883364,-0.00044589946336668756,0.0024562176350217983,0.00011094567407831949,0.0017578272494095137,500
11,female_share,-0.034875758779875955,0.019751734259190884,0.019774077569547514,-0.07509752139189448,-0.0008080035036993681,-0.06924258846990443,-0.005370821217283663,-0.056453845249464125,-0.015807514988754892,500
11,married_share,0.0037590781689378966,0.01890698036040886,0.019766368478153856,-0.03389006917703756,0.04291345979983548,-0.030019302490962452,0.03390760953397843,-0.01620280619576296,0.024539887348763813,500
11,unemp_rate,-0.015408329145806575,0.02741943970154196,0.028563219714614976,-0.06023361554159726,0.049698817237385756,-0.05625832940626303,0.035243287609729876,-0.03892733617597218,0.0189395335131703,500
12,intercept,-4.4594773350571894e-9,0.0006241326047947995,0.0005949176854584472,-0.0011032728793601634,0.0011764515860913283,-0.0009241971885004957,0.0010036563780340454,-0.000567264955753642,0.0006456189615999292,500
12,shock_x_ind1,-0.002885579525950553,0.003917625018794442,0.003796659690265392,-0.009983822547306363,0.0050125273637652325,-0.008338414744289651,0.0037310007350493256,-0.006295375482486388,0.0012873878827504182,500
12,shock_x_ind2,-0.0010612429642982777,0.004924135696327794,0.00498341353338846,-0.010300208755395227,0.00810270726304684,-0.009005076852998145,0.006422180864897447,-0.00615663858923602,0.00398734230751855,500
12,shock_x_ind3,3.842891804595147e-5,0.0015909724548361318,0.0016102377857136801,-0.0033588425611784044,0.0031075742794692825,-0.0028418125970507734,0.002571249006331088,-0.0015925572253015694,0.0015165764523720968,500
12,shock_x_ind4,6.415068269161456e-5,0.0017208903563436023,0.0017207785795071255,-0.0028865574219316794,0.003488183922522698,-0.0025624843382668246,0.0028763097922164848,-0.0016925845010110736,0.0018894086358575842,500
12,shock_x_ind5,-0.0004953341584338978,0.0011495571344875893,0.0010918547241113728,-0.002835359352103579,0.0015338365813295798,-0.0024308881650467913,0.0011007787786675792,-0.0015588739849462818,0.0005950962969925347,500
12,shock_x_ind6,0.000873942465824266,0.0012173743396490199,0.001271931117508124,-0.0016397450756995631,0.003418224858471073,-0.0011278453725669213,0.0030712504307725255,-0.0003104716822277358,0.0022365343448603452,500
12,shock_x_ind7,0.0010718451816921998,0.00212392521664355,0.00201416244241741,-0.0029331264698486403,0.005107244504393021,-0.0021151621478999925,0.00446460574108307,-0.0009234967721561671,0.002991202107457207,500
12,shock_x_ind8,-0.004120063255038159,0.001642619118253114,0.0017291150262042487,-0.0078728645138172,-0.0008973504443799026,-0.007229246159243352,-0.0015998021501543826,-0.00604973645403489,-0.0026028059568058803,500
12,shock_x_ind9,-0.0011008083045242684,0.001541722319014856,0.0015109366435029643,-0.004028277394419684,0.0016938021700837705,-0.0035784059301415287,0.001293201801530598,-0.0026676691955752913,0.0003617745646375549,500
12,shock_x_ind10,-0.0026233461857166226,0.001892660011871408,0.0019940840581053124,-0.006400164747026956,0.0009548819792204951,-0.006164656810295928,0.0004228093262096649,-0.004514210514294641,-0.0004580468382485634,500
12,shock_x_ind11,-0.0027138091448713516,0.003645590811817672,0.003752466331329626,-0.010932621564360083,0.004331891210955702,-0.009226519105896568,0.003095836933048078,-0.006340476732754383,0.0008664509405483629,500
12,shock_x_ind12,-0.00034963900159674314,0.0011763306555962964,0.0013055741323300025,-0.00321562699346416,0.0021152191358252215,-0.0027297027265198188,0.0016631986625277781,-0.0016230866277584981,0.0008525078050550862,500
12,shock_x_ind13,-0.0006745829413220817,0.0016764064546219992,0.0016858327151213024,-0.004011226366085348,0.002621861743058987,-0.003272006062316921,0.002058387090589118,-0.0023733095191668992,0.0009544237091025831,500
12,shock_lag1,0.0006563052072853574,0.001103522905702317,0.0011384903910641377,-0.0014871342260618522,0.002785600093610179,-0.0012583452993090295,0.0024890813083703516,-0.0004692418625965964,0.001826875472146853,500
12,shock_lag2,0.00022674944107007854,0.000900829430384259,0.00103309410493612,-0.0017922809171831157,0.0022395157045201944,-0.0014572941204073879,0.0018854235628903383,-0.0007981508418929939,0.0012496413092849305,500
12,shock_lag3,0.0003884616992479494,0.000937858676901054,0.0008999510284460509,-0.0013913011098841796,0.0022021519691038677,-0.001131233215317624,0.0018857237740064177,-0.00041493925455433564,0.0013161238375830118,500
12,shock_lag4,0.0012501024230841243,0.0010048966674108355,0.0010910733476183559,-0.0009536365311413461,0.0034079976325750673,-0.0005415799956276074,0.0030360890090003717,0.000142895092292642,0.002302972877845627,500
12,shock_lag5,-0.0018096232212774248,0.0008687362784230547,0.0008920685657552542,-0.0036323686531134925,-6.527479059043795e-5,-0.0033404225850151136,-0.00037868270637338814,-0.0026943131545288635,-0.000919920903687924,500
12,shock_lag6,-0.0003098007840300268,0.0008474433863324898,0.0008700848931666866,-0.0020047776922316254,0.0014454317197834126,-0.0017309122847399725,0.0010916631783497632,-0.0011610521139622043,0.0005725096776712141,500
12,shock_lag7,-0.0018311974941575642,0.0008391143006308427,0.0008943029452995156,-0.0038617431193124496,-0.00022351947115346372,-0.0033853730314940774,-0.0005874346427158583,-0.0027256495032636076,-0.001040469242843628,500
12,shock_lag8,-0.0010926547583497992,0.0007941761016921628,0.000828448052901233,-0.0025882541982443974,0.0004971533212227695,-0.002416965632141846,0.00032306280657107864,-0.0018930098335661082,-0.00025495808364267423,500
12,shock_lag9,-0.00038530726163463707,0.000890172971473725,0.0008170997071544538,-0.0019469919320929338,0.0012522910221819251,-0.001711647356755306,0.0010470681293513243,-0.0011357569165153245,0.0005017816936380098,500
12,shock_lag10,0.00044144763628914727,0.0009973689814128613,0.0009980736944479927,-0.0013266519753790118,0.002411046286208359,-0.0010482816194251955,0.0021503868126289665,-0.0005188971310766683,0.0014814774434164203,500
12,shock_lag11,-0.0010459567469089373,0.0008848122791448961,0.0008682797908421079,-0.0026924445731822035,0.0008234307055586384,-0.002452931914999358,0.000525383802260327,-0.0017656558698358165,-0.00014181342922958804,500
12,shock_lag12,-0.0010864111258575245,0.0008403118015005243,0.000889521776922526,-0.002678192873228808,0.0007206255551309204,-0.002479363370747031,0.0003877136590029044,-0.0019836293780785973,-0.0001800017387385493,500
12,log_oil_lag1,-0.001176414680409226,0.0024266060914984356,0.0022403820372416494,-0.0054191099219482175,0.0032485800778966627,-0.0049840938736893875,0.0024704273253065424,-0.0036823906187723864,0.0007036159577847787,500
12,ffr_lag1,-0.0009188655924980457,0.0003983030089853278,0.00044384438040801286,-0.0017987042881741544,-7.896723718458018e-5,-0.001635162273484922,-0.0002071155869458533,-0.0013267691985296797,-0.00047785846330582324,500
12,cpi_lag1,-5.6030474600918465e-5,4.5261361744553724e-5,4.434503392890991e-5,-0.00014273199114643622,3.175523169530989e-5,-0.00013263200680110472,1.752044879510544e-5,-9.943130205637753e-5,-1.2079904993158474e-5,500
12,indpro_lag1,-0.0002168295424792113,0.00012462351106329856,0.00013067947580280118,-0.0004932120306320295,3.358573656526503e-5,-0.00042621076633475265,-7.587795581372954e-6,-0.0003431383324614196,-8.566319264997275e-5,500
12,log_rincome,0.06699471273381374,0.028105935740216647,0.030659898116316538,0.0058517350327567785,0.12196254952521252,0.01704459774525148,0.11526821719690537,0.03647756960833082,0.10080534572310873,500
12,log_rwage,-0.07283017188013509,0.033483824026089654,0.036488575481835414,-0.13775176067781641,-0.002667624550870059,-0.12874535518369137,-0.012954837403967301,-0.10891687715407325,-0.03714687151596696,500
12,age_mean,0.0015279206296741825,0.0008860089017224726,0.0008075892706055833,9.253581465179271e-5,0.0031515302113179367,0.00022755585477868945,0.0028871453349019354,0.0007742608601683098,0.0024436351990703765,500
12,female_share,-0.052689001777257174,0.020231879941594224,0.02201481679459092,-0.09548778692248834,-0.009527396348161875,-0.08923143384277245,-0.018212533523321472,-0.07465572055972032,-0.03265701387153594,500
12,married_share,-0.01265602859292574,0.021545974518918765,0.02185840829929704,-0.05760268592726997,0.027580605465333044,-0.04777120066760051,0.023845121646994673,-0.0341783862140403,0.008209566898062065,500
12,unemp_rate,0.00822435254401799,0.03353692394168866,0.033781037639062844,-0.049236350302343704,0.08066516367542947,-0.04201296457861452,0.06775144700227145,-0.02044045735504627,0.044934363036439426,500
13,intercept,-4.942484000636861e-9,0.0007521993582079478,0.0007417564623270033,-0.0014250775020094757,0.001496507979069982,-0.0011452492789782922,0.0013058441012398436,-0.0006141006291912681,0.0007683808366333185,500
13,shock_x_ind1,-0.007778449972190115,0.00423150192072081,0.004195858489297223,-0.0157336358408711,0.00020389983288545297,-0.015016852031089118,-0.0012083871252285862,-0.012162255415973761,-0.0038014339434505494,500
13,shock_x_ind2,0.0029179588129942583,0.004541802546757467,0.004664451427247517,-0.006703470652287295,0.011964663595351335,-0.005031613098190436,0.010298327523006821,-0.0017601874967260141,0.007465691423635036,500
13,shock_x_ind3,0.0015095754655584123,0.0016536542987082678,0.001656458052748662,-0.0018946458485110485,0.0045787008997223945,-0.001230493077169205,0.004106475092154039,5.2769958009074775e-5,0.0032776221264508723,500
13,shock_x_ind4,-0.0004208571350776303,0.0013648332405471382,0.001394069509671749,-0.003101773739209241,0.002370992591637871,-0.002735498706629261,0.0019073369077141457,-0.0018394652837902263,0.0008859776493658236,500
13,shock_x_ind5,0.000950557278837757,0.0011501829975964833,0.0011153159883016833,-0.0012916972645659953,0.002984918971535348,-0.0008864465054287059,0.0026815656583108515,-0.0001239750943665798,0.0020874476257835414,500
13,shock_x_ind6,0.0017286689130936266,0.0011855197653974803,0.001205283299633521,-0.00038563527031379495,0.004020141591067821,-0.00014612115853044068,0.003787116083614891,0.0004966558574984847,0.0030146382022657753,500
13,shock_x_ind7,-0.0009639651970684505,0.0014784229695070554,0.0015765243533047214,-0.004047151690887324,0.002151264468205176,-0.0035354171789306766,0.0018646064676718505,-0.0024473372169338202,0.0007324663531036607,500
13,shock_x_ind8,-0.0032432819736526023,0.0018467835780570578,0.0018577601233576546,-0.007008562217584338,0.0002476125180108323,-0.006193714612840343,-0.000330723848520792,-0.005199876920923962,-0.001611549977279209,500
13,shock_x_ind9,-0.0009296383551027307,0.0014713984873968966,0.001443770422529113,-0.00386311465196859,0.0019628389994887875,-0.003215313579245625,0.001317913643951413,-0.002468460255980571,0.0004912690774535102,500
13,shock_x_ind10,-0.00022509747885032238,0.0016737754783976992,0.0018247063912698207,-0.004160701192145754,0.0030599988115374084,-0.0037744106104834764,0.00247912595024454,-0.002149262969630292,0.0014777911891815175,500
13,shock_x_ind11,0.00010666025525620609,0.003901211585334167,0.0037896189542008544,-0.007499231540253307,0.007179464731317571,-0.006226031402225233,0.00604128908839708,-0.003716159013068638,0.003720234725361533,500
13,shock_x_ind12,-6.197921504273295e-6,0.0013311072217293764,0.0014902219100768263,-0.0030703274041127956,0.002744954607632878,-0.002587537616683729,0.002389265135445212,-0.0015568375010096868,0.0013702947739476499,500
13,shock_x_ind13,0.0003799384197268766,0.001409606207260218,0.0013688056695751085,-0.002251286428545818,0.0028832841055487658,-0.0019224079973137608,0.00263827448986077,-0.0010091029959003314,0.0017557374664141747,500
13,shock_lag1,0.0006006504189740797,0.0010979493671196613,0.0012085111110994875,-0.0018418120951020258,0.0029492696520926186,-0.0014149764487326384,0.002671194102882924,-0.0005270375678301965,0.0017737137458495576,500
13,shock_lag2,-0.00029763991224287313,0.0010403322999213269,0.0010681308733999273,-0.0022196646869471746,0.0018983082554835484,-0.0020582833584189956,0.0014482736415975534,-0.001329832806148755,0.0008205031412565365,500
13,shock_lag3,0.0016500478216540924,0.0010266910558453138,0.001101644461109865,-0.00032527130936253637,0.0038010455230777797,-3.4801406149704215e-5,0.003426334955460445,0.0006295875678553148,0.002870464479287419,500
13,shock_lag4,-0.0008814590940883473,0.0010209536589129151,0.0010488261572259023,-0.003097223363218325,0.0011519140195265691,-0.002550919936068045,0.0008528980665885493,-0.0019047403510524176,0.00013499334008142222,500
13,shock_lag5,-0.0009326552088955889,0.001020210801494035,0.001060323551868101,-0.0028373335750980647,0.0012188736583942001,-0.002539468788880702,0.00080484113527198,-0.0019321465034787075,0.00021587704542658465,500
13,shock_lag6,-0.0018960255359058075,0.0010345017192739936,0.0011136185620757248,-0.004064338125004735,0.000251091507234902,-0.0036525389532640474,-7.365103867508096e-5,-0.00294902818554707,-0.0007938482570452055,500
13,shock_lag7,-0.002021799833483487,0.0008416958030149039,0.0008911222846981587,-0.0038086568381127664,-0.0004251366610514679,-0.0035175870459457147,-0.0006222959942597147,-0.002863797068549519,-0.0011393660726657054,500
13,shock_lag8,-0.0010878708505407746,0.0010010260812798224,0.0009719435069470766,-0.0027189346616259807,0.0008425728185260154,-0.002551666079526366,0.0006074129563141409,-0.0019246967798610915,2.381980044218982e-5,500
13,shock_lag9,0.00014673631636488921,0.001115443207803899,0.0010521877545507574,-0.0017044204391222452,0.002486253904252292,-0.001348071665768048,0.002113264820138436,-0.0007303365621357371,0.0014137624061780945,500
13,shock_lag10,0.000256203598506171,0.0010086265993264588,0.000993039733788246,-0.0015275942141610263,0.0021518096299283952,-0.0011781859073685525,0.001954863076874266,-0.0005041793390805531,0.0013857627482853892,500
13,shock_lag11,-0.0009810914109145213,0.0008676323562577025,0.0009447078901435456,-0.002761619498085738,0.0007935177335160529,-0.0025148871987111686,0.0005390792404339776,-0.0018302652214487734,4.4239676323837694e-5,500
13,shock_lag12,-0.0009063837317362903,0.0008120883014082791,0.0009283656369169165,-0.002807057174011261,0.0008714328278817022,-0.0025454758516447063,0.0005371936040926693,-0.0018476267611364347,-0.0001095788160555555,500
13,log_oil_lag1,-0.0010555656281635727,0.002699238009778261,0.0027471687659733476,-0.006838951850325599,0.004130582181924901,-0.005909201175888982,0.0032027383804233227,-0.0036833497510301836,0.0014966888481968302,500
13,ffr_lag1,-0.001165882233281847,0.000505260373460876,0.0005454836919662697,-0.0022172149237482223,-0.00016215923432999583,-0.0020095621051749975,-0.0002616885331229282,-0.001651537868562286,-0.000597673579927562,500
13,cpi_lag1,-5.3144095784629704e-5,4.519988328295475e-5,4.7489735440335244e-5,-0.0001356914096308639,4.9340357689028284e-5,-0.000123272140712544,3.4520712213277864e-5,-9.279663196994657e-5,-1.3504806307476381e-6,500
13,indpro_lag1,-0.00018930442589802513,0.0001653068343529278,0.00017665085767762818,-0.0005283994316296688,0.00016309568231803392,-0.00047348480186823797,0.00011506015011708913,-0.00036514082633656186,-1.829181788817864e-5,500
13,log_rincome,-0.03419535917694312,0.030997021984544737,0.03289446078157855,-0.10022984195606707,0.03480051153753288,-0.08508590073997714,0.020315627475494168,-0.06194906691851159,0.0019538807246160094,500
13,log_rwage,0.02600977537751559,0.0366484915203222,0.03835732777211333,-0.05375168020721571,0.1053184082149668,-0.04137557837911523,0.08538908111264747,-0.018642676368491283,0.05693785390372072,500
13,age_mean,0.0007684319102286998,0.0008390506363728929,0.0008502799917847345,-0.0009134601358637412,0.002280639927011485,-0.0006828129196081082,0.00208729528594845,-0.00013130703409365636,0.0015223749430712415,500
13,female_share,-0.04949554329713748,0.020605363157686712,0.022040823878524202,-0.09113625892545527,-0.007142015031544529,-0.08305507102014342,-0.01311066479886508,-0.06966126667727703,-0.025818031953941806,500
13,married_share,-0.022725933556870744,0.0234566693368788,0.024299172629373197,-0.0694708105422287,0.026043353561304775,-0.06126028551360341,0.018893716395026388,-0.045541829363477636,0.001957923732622266,500
13,unemp_rate,-0.004427381412636483,0.034595753940931576,0.03403029488934967,-0.054952772432660654,0.07195323239660349,-0.048081157523202904,0.058833362686716476,-0.03421371210101767,0.03609838438066904,500
14,intercept,-3.2707995337325608e-9,0.0008838256775240947,0.0008356832993942163,-0.0015348337243160305,0.0018655821397264526,-0.0012518770723333465,0.0014898580427237375,-0.0007426186813598197,0.0009071153665847545,500
14,shock_x_ind1,-0.0028159384613410856,0.004618249979484729,0.005004300229032619,-0.013244709958228006,0.007019330267544099,-0.010876134572931018,0.005552492940337309,-0.0077127262438019305,0.0018552606577831986,500
14,shock_x_ind2,6.222221946328793e-5,0.0039281075448944,0.004123710948189867,-0.008577873606600471,0.007342961903987758,-0.006834467232752214,0.006213170706715021,-0.00435005201543482,0.004045258913974538,500
14,shock_x_ind3,0.0014712365039184602,0.0017663475824714913,0.0017053097485764913,-0.0017765770131554488,0.004968702736075333,-0.0012407624395706959,0.004237662348654722,-0.00022474348054259306,0.003091419430237007,500
14,shock_x_ind4,0.0012483890605379459,0.0017539764805937408,0.0018862718486384088,-0.0027481790870384033,0.004927668136161048,-0.0017450752454499943,0.004470390637597844,-0.0005437820582668437,0.003050870191973853,500
14,shock_x_ind5,0.0004873551507817513,0.0014406576674266332,0.0013629568171057687,-0.0020566815606021752,0.0033053127330755624,-0.001728098523189725,0.002994409607750365,-0.00075263619624723,0.0019019803586376636,500
14,shock_x_ind6,0.0008328589592197405,0.00128486123858747,0.0013766046724421283,-0.0018063804970168086,0.0034784027334644205,-0.001389313098530656,0.003067177462514194,-0.0004896554574237221,0.002307949181693704,500
14,shock_x_ind7,0.0014792133646340576,0.0017164871660967334,0.0018258443070471363,-0.0018647209496625884,0.005435189618083508,-0.001411555036773514,0.004793669043253919,-0.0002819907420357065,0.0033695530074624954,500
14,shock_x_ind8,-0.0035614588573054176,0.0020331128154878007,0.0021619235694185614,-0.008075597830221302,0.0005776984222503267,-0.007323832909738433,-2.0354919120474637e-5,-0.005575524011897731,-0.0013771522299410672,500
14,shock_x_ind9,-0.0024531105873566803,0.0015556412770652262,0.0016005488952195483,-0.0055438249867576445,0.0007256795286675168,-0.004957074270661031,0.00014993627497861302,-0.0039753513149724615,-0.0008625843855188608,500
14,shock_x_ind10,-0.003093849802947422,0.0021655015891751095,0.002125190723410373,-0.007494036489957804,0.00038736661114475177,-0.006815974520377225,-9.441712782640314e-5,-0.005446107089187876,-0.001217080943368862,500
14,shock_x_ind11,-0.0012085080516030552,0.00403727744830627,0.004032290575482581,-0.009030858447598954,0.006490718977170324,-0.008323292009326688,0.004542508437268318,-0.005340428332329551,0.0028405246930785053,500
14,shock_x_ind12,0.0003710519123799268,0.0014781942563126503,0.0016496593786796728,-0.002846370622510081,0.0034286270990797783,-0.002310638637748507,0.003002115484919401,-0.0012113594428632773,0.001986055911379272,500
14,shock_x_ind13,-0.00036670102173670774,0.0013439518181813058,0.0014172069315343402,-0.003246541264769528,0.0022987535911622352,-0.0029730079835530807,0.0019208083595386703,-0.0018778568106351862,0.000896935704839612,500
14,shock_lag1,0.00035302821439855465,0.001255108304556061,0.0013269248326224538,-0.0022734554233290907,0.0028295359318157498,-0.0018482594107273808,0.0026132666383787326,-0.0009455094101330302,0.0017407993746161232,500
14,shock_lag2,0.0010312033908289769,0.001027262605702124,0.0010895849203013102,-0.001224058704965275,0.003090068897833455,-0.0008080301872704523,0.002807902668615984,-5.2880130776399396e-5,0.0021154501605274343,500
14,shock_lag3,-0.0004558177433531378,0.0009852859430733458,0.001049627102181051,-0.0024565731394585247,0.0015579764667615161,-0.00216324885747782,0.0013697261351251586,-0.0013259577801960328,0.0006634752107451455,500
14,shock_lag4,0.00022400997143397035,0.0011556891528680235,0.0012062859520619417,-0.0022837333211208144,0.0022901176886769656,-0.0019166274277868291,0.0021676111094669132,-0.0009430990903431122,0.0015116597250215357,500
14,shock_lag5,-0.002313851193779692,0.0012090325609648324,0.0012765770800017703,-0.004598973253451686,0.00022523895326343865,-0.004311168091810679,-0.00022031798658535677,-0.003456580013773629,-0.0010111938304158744,500
14,shock_lag6,-0.0021545669196952285,0.001083788685336712,0.0011391390449728461,-0.004343151080779349,0.00021719234567594328,-0.00389979380993664,-0.0002114495869643304,-0.003216042047506909,-0.00100553299472758,500
14,shock_lag7,-0.0020463573298949355,0.0008965701600414127,0.0010312618052253151,-0.003947420892671765,7.603755415186634e-5,-0.0036719923190023243,-0.0004104736801618804,-0.0029811166576754443,-0.0009320537507104903,500
14,shock_lag8,-0.0005499843280367087,0.001216095068372315,0.0012357460356065045,-0.002474228422932612,0.0020812167549463436,-0.0022113645045761608,0.0017863074921168,-0.001574720909550281,0.0009144761424466918,500
14,shock_lag9,-7.358126050886934e-5,0.0012011443146709468,0.001198520285458931,-0.0020380671553409074,0.0027437559176814205,-0.0018010271719816164,0.002209542716735817,-0.0010097648105409313,0.0012622303722363722,500
14,shock_lag10,0.00028145687232680527,0.0010292711645279113,0.0010813784940153595,-0.0017903888849659863,0.0022379598325847783,-0.001501681490728322,0.0020272317306102017,-0.0006890450956575847,0.0013977905068372435,500
14,shock_lag11,-0.0007603328149928234,0.0008574609281672578,0.0009991018727119553,-0.0027051716785529726,0.0010130130672590559,-0.0022957516811588498,0.0008290149170025514,-0.0017784107292581983,0.0002784259404355463,500
14,shock_lag12,-0.0003298214037699257,0.0010175338307257117,0.0010510351582637527,-0.0024854269688896176,0.0015346234154077995,-0.0021451470876570223,0.001270545411498581,-0.0014309345279352296,0.0007233636801668985,500
14,log_oil_lag1,-0.0018655318827039053,0.002898212120052906,0.002915233353211282,-0.0077813545396245125,0.0031197482937908114,-0.007081155233906365,0.002439601210503549,-0.004906259372472846,0.0006974225821196544,500
14,ffr_lag1,-0.0009923815007066273,0.0006085266090397939,0.0006259291394624985,-0.002128998867391517,0.00027282172282272265,-0.0019504797623262405,9.557952168167011e-5,-0.0016573788725761358,-0.0003700054775942639,500
14,cpi_lag1,-6.66511347460693e-5,5.486414931512008e-5,5.483991537393082e-5,-0.00015954988287255516,5.538266545661053e-5,-0.00014768469286159707,3.0565940049044476e-5,-0.00011479729542562472,-1.9713706603588207e-6,500
14,indpro_lag1,-0.0001829210855429191,0.00020071399435756806,0.00020615006532376655,-0.0005748269535064924,0.0002484029776627617,-0.0005240820465949582,0.00016611461076735987,-0.0004033461003745106,-6.229413729267598e-6,500
14,log_rincome,-0.11202340068113041,0.027598050857879884,0.02904101647708867,-0.1644752707469745,-0.049719681651378744,-0.15471683183682144,-0.061151749375849704,-0.13521172831816647,-0.07881573641166628,500
14,log_rwage,0.11510110748290411,0.03266506219733649,0.034168235223866354,0.04054830514736278,0.17570506841678046,0.05470156738251952,0.16450825102473282,0.07877254935734324,0.14537458404022627,500
14,age_mean,0.0014869541337246596,0.0007931168752506033,0.0007739837570444113,-0.00019250274903592827,0.0029486102390464874,0.00011506497027042139,0.0027435666969050265,0.0007032208006587778,0.0021701119409612704,500
14,female_share,-0.05816631161694085,0.021689340524799778,0.021572475332352334,-0.09978749188890673,-0.014481574716860828,-0.09091753597055217,-0.022138496219727764,-0.07806910836162996,-0.03516357141407442,500
14,married_share,-0.001661100458849517,0.02133650107155534,0.020684961118978613,-0.0458345762563304,0.03819103278522541,-0.03684693567470573,0.03296186717246682,-0.021839130195384908,0.01833266830429702,500
14,unemp_rate,0.004963700942236969,0.03575634927637551,0.03805254808757681,-0.05483649915488026,0.08864215674538203,-0.04709327518985429,0.07404210077401599,-0.0259985660986601,0.04732977369015421,500
15,intercept,-4.678100098994575e-9,0.0009843505891333107,0.0009867252788907082,-0.0018968940768172961,0.0019966807937321367,-0.0016638945229391837,0.0015652712477610521,-0.0009811544217113938,0.0010062933539387474,500
15,shock_x_ind1,-0.009551176452339006,0.004016974167122568,0.004168738837792774,-0.017848271996132887,-0.0013220876448317774,-0.01677308297515202,-0.0025059705674358593,-0.013915237724912669,-0.0057043734621706555,500
15,shock_x_ind2,-0.004106008201808662,0.005124697359102967,0.005489693520874777,-0.014996206157899395,0.006827585876984279,-0.012812129136729923,0.00500095140322605,-0.008904345009603297,0.0012011079026800734,500
15,shock_x_ind3,0.0014332916796505576,0.0017044787583434548,0.0017432493285663884,-0.0020008374516069277,0.004666598377567949,-0.001630068931302267,0.00407403915872661,-0.00035761905803717516,0.0030611322264960505,500
15,shock_x_ind4,-0.0027036480451448773,0.001533142489804519,0.0016580509247247513,-0.00612525741031506,0.00019233210840576803,-0.005576144934920219,-0.0002579991165622968,-0.004506326975904174,-0.001127325946668644,500
15,shock_x_ind5,-0.0003468873356750722,0.0013103181833817054,0.0012219668209216843,-0.002645911447681018,0.002188515127257326,-0.0023266605143585626,0.0018044105423936372,-0.0015385935073552782,0.00074789144618963,500
15,shock_x_ind6,0.0005986507793474435,0.0011517363706016195,0.0012886202652688129,-0.0019753774076727224,0.003169459754750325,-0.0015307374509409835,0.002629357546592394,-0.0005402849490709952,0.0019289307682363549,500
15,shock_x_ind7,0.002387035531449737,0.0020198102834416355,0.002063064884476261,-0.0017066807457541116,0.006587040884865423,-0.0006408620030855543,0.005810464956291023,0.00042051684081150745,0.004489550942015111,500
15,shock_x_ind8,-0.0010867998714908635,0.0025720940410785885,0.0026356245722418915,-0.005756643699518102,0.0044125167077128085,-0.005215832678338873,0.0035807436686099495,-0.0036231362516139813,0.0014476558143541175,500
15,shock_x_ind9,-0.0009365369312426702,0.0014142579759465895,0.0014204057880738516,-0.0036463778078975394,0.0019845177270246574,-0.0032461617110385406,0.0013525047590023113,-0.002363302982288851,0.0003348180318265284,500
15,shock_x_ind10,-0.0008542286796220614,0.002283022140126195,0.0023658112195959736,-0.005651521019069463,0.00356858946114231,-0.005031232224520259,0.002925220931962091,-0.0034715627202557614,0.0013824622507729901,500
15,shock_x_ind11,0.001565350934727117,0.00408195848310767,0.0042327233587923655,-0.006933370969857735,0.009940098982781037,-0.005332414177692999,0.00855398417076764,-0.00251390022640687,0.005901421858138148,500
15,shock_x_ind12,0.0003012211204395225,0.0018225130196649543,0.0018589074944930823,-0.0034498293630708683,0.0038731588999554346,-0.0030083836124313156,0.0034283976963919655,-0.0015641246148197484,0.0021317114001887585,500
15,shock_x_ind13,-0.00035954582015065167,0.0013748526885908469,0.00143866294646356,-0.0032234217080271423,0.0023280017028554996,-0.0028201392359426328,0.001917149838908177,-0.0018938540241057022,0.001007008638275013,500
15,shock_lag1,0.0018208614768526964,0.0012840052250349952,0.0014138599617244596,-0.0010058273500782938,0.004601730132426528,-0.0005426961936711724,0.0040995356690961705,0.00033000442504905846,0.0032598850106163577,500
15,shock_lag2,-0.0008558130241723881,0.0010771564431342985,0.0012373189668843578,-0.003239515872210362,0.0014970440913379649,-0.002847988574123131,0.0010958956276071994,-0.0021216241977878845,0.00043714759962094766,500
15,shock_lag3,0.0006251452333078067,0.00111220250140772,0.0011993156481546606,-0.0017111836463150976,0.003131233365851375,-0.0010122619370979244,0.00272953042375668,-0.00039922522789994367,0.0019384259224096677,500
15,shock_lag4,-0.0011242244647432095,0.001374501855183439,0.0014659334295475863,-0.003897267512706167,0.0017200300017910445,-0.0035177870578268606,0.001195689820445755,-0.0026065872632016662,0.0004355480719041529,500
15,shock_lag5,-0.002423246056281444,0.0012438839729809678,0.0012480954770519167,-0.004846331863649025,0.0001269719356395347,-0.004361643556397582,-0.0002925206845716926,-0.003583075830772317,-0.001202492200543303,500
15,shock_lag6,-0.0019700279789294484,0.00105900197484324,0.0011457775357387112,-0.004078782174052126,0.00036395301917037826,-0.003815579576847523,-5.45283227349587e-5,-0.0029663655892401015,-0.0007416650329814428,500
15,shock_lag7,-0.0013331337131946887,0.0010968548717265672,0.0011453738725176114,-0.0032791431899943163,0.0012533150924279833,-0.0029042756363958622,0.0008062933923549678,-0.0023207343577518746,-0.00010496688020880794,500
15,shock_lag8,-0.0006543950804715742,0.0012600703972145738,0.0012434515316385362,-0.002783070173756091,0.002018650697139507,-0.0024031665376662006,0.0016271740153709427,-0.0017565458776004552,0.0008739589073889772,500
15,shock_lag9,-6.43800693688187e-5,0.0012116405614793462,0.0011530362666724496,-0.0021135420265344287,0.0022949265041919773,-0.0016782431840540817,0.002096013929288368,-0.0009198256314358092,0.0014414398074771586,500
15,shock_lag10,0.0005288988235227187,0.0010163592506748037,0.00110827288572166,-0.001631959962876713,0.0026303272444671904,-0.0012361195140157754,0.0023454165099282415,-0.0004941802234208061,0.0016212196185893626,500
15,shock_lag11,-0.00018449709983437465,0.0009683559919637113,0.0010642735712311931,-0.0024321899490342205,0.0017399106350311669,-0.0020400032345206003,0.0014460367177186063,-0.0012990891656923097,0.0008266075487393268,500
15,shock_lag12,-0.0004017771698789138,0.00109137595860181,0.0011690609548464788,-0.0031061431548374003,0.0015253360364192016,-0.002568633795550202,0.0011734869321450873,-0.0017017114069268744,0.000551516081035367,500
15,log_oil_lag1,-0.0037649459856524447,0.003165860901878541,0.0030660723259991612,-0.010409535824687876,0.0020065612858589646,-0.009258763726315943,0.0010443145080057026,-0.006772685448563985,-0.0010140585651473833,500
15,ffr_lag1,-0.0011005580129850945,0.0006908682107565442,0.0007303568304254856,-0.0024915354320995302,0.00026865941229257115,-0.0022409938838912733,6.008097283765801e-5,-0.0018848938139601817,-0.0003877036292943854,500
15,cpi_lag1,-4.019556566740815e-5,6.42372655214778e-5,6.530344403238146e-5,-0.00017286095191913135,7.664942154581657e-5,-0.00015118028200798012,6.126234798528316e-5,-0.00010861581922174421,2.4503627706131708e-5,500
15,indpro_lag1,-0.00010855651924360045,0.0002263817125153868,0.00023701811603514327,-0.0005729780032707759,0.00034305793600713635,-0.000485488181934857,0.00028313408768301725,-0.00032932226021037587,0.0001426379879417392,500
15,log_rincome,-0.10968807926300723,0.030113084657251255,0.029390813313416204,-0.15996387910893733,-0.04227125144299111,-0.1484055959430538,-0.05433560723113655,-0.1318010805533105,-0.07398261336909188,500
15,log_rwage,0.09911029320315931,0.03648483964163376,0.03641744788889048,0.018510895502722814,0.1615893817497607,0.029806222848931672,0.14686204895696026,0.0565142338423019,0.1292218681596219,500
15,age_mean,0.0018350281902537015,0.0009041057531455847,0.0008792756312530761,0.0001350660330679054,0.00358556481042479,0.00039191195407996016,0.0032664894020505183,0.0009834509454205791,0.002715526778000592,500
15,female_share,-0.047050191139148725,0.022155035392971374,0.022059024238669796,-0.08765741492994616,-0.00019674254661767064,-0.08126508149354895,-0.008789197599286537,-0.06754212647906524,-0.024436425879257727,500
15,married_share,0.028438656410275986,0.02364452609000014,0.022491708137133165,-0.017008787752255963,0.06833669201227136,-0.01200371878846299,0.06177049723576195,0.0034091249320122967,0.04806214528464433,500
15,unemp_rate,0.019665593889659043,0.043121895031176145,0.04369200793018469,-0.0529408822775993,0.11015560348660373,-0.04545139789695246,0.10230602038663604,-0.015737826697258768,0.06950259992426065,500
16,intercept,-4.6149331021410855e-9,0.0010247688939072576,0.0010041418396670233,-0.0018212088377857363,0.002122905209794446,-0.001569583270416699,0.00176062625737134,-0.000924993423948956,0.0009590598320504137,500
16,shock_x_ind1,0.0005622898591336316,0.004476510052111383,0.004635159033257715,-0.008365730767419473,0.009487971355517183,-0.006758794106797916,0.008270224231835478,-0.0038268191135044085,0.005233768022475745,500
16,shock_x_ind2,0.005321394313551121,0.00479053209174741,0.004817942787402847,-0.003924403080643489,0.014569561696516443,-0.002894316417278726,0.013049373535836833,0.0006763228650020721,0.010415874010115445,500
16,shock_x_ind3,0.0006753776237882337,0.0015176696594443493,0.001585128182070693,-0.002458932609151876,0.0038652334365704803,-0.0018653027111328645,0.0032156910216025666,-0.0009605174594683825,0.0021657416820841918,500
16,shock_x_ind4,0.0013956612505729399,0.0015014633528080065,0.0016432141276102718,-0.0016832615321383912,0.004549502118194482,-0.001284674904449429,0.00405667488008279,-9.914834822971856e-5,0.0031718280240684345,500
16,shock_x_ind5,-0.0005635518523741606,0.0011675259347839763,0.0012001883607460403,-0.00277046308509414,0.0019848593326567947,-0.0024964811648701007,0.0015225860351030644,-0.0016845019178850307,0.000609382971279882,500
16,shock_x_ind6,0.0008391382401477616,0.001440228494232701,0.001532485301858281,-0.0022694403525219575,0.003356514441855068,-0.0017419155979878568,0.0030837656489382794,-0.0008928024602426678,0.002281541207060365,500
16,shock_x_ind7,-0.002442821596313031,0.0019371501726639744,0.0019239523543513888,-0.005927875756884184,0.0014508886640979967,-0.005360447301581426,0.0009313310421388618,-0.004326900389242402,-0.0003573064882906651,500
16,shock_x_ind8,-0.0028362561279910627,0.0022484923023205717,0.0024355179131508495,-0.00770768777957765,0.0014683403625691614,-0.007098153984054232,0.0010241459248656996,-0.005471530743158597,-0.0006246626390881122,500
16,shock_x_ind9,-0.0003897758391399297,0.0015640850377634406,0.001600013789851207,-0.0034726211672273413,0.002695520803534811,-0.0029443356686997407,0.002221247272728543,-0.0018312046370144255,0.0012470836388777352,500
16,shock_x_ind10,-0.0018130391173186843,0.0019892087167876237,0.002025661338401542,-0.0059900074079008575,0.0019278753056098034,-0.005081904955005283,0.0013830744080143976,-0.003804517562757803,0.00027477452792965863,500
16,shock_x_ind11,0.0006358807950600881,0.004193943979312417,0.004270445863980818,-0.007774928361762884,0.008829934647714442,-0.006491709622057816,0.007734151051287411,-0.0034413353386377535,0.005021451382096653,500
16,shock_x_ind12,0.0007652866862037333,0.001957928976542184,0.001978400254177541,-0.003232284274891593,0.004526757140666564,-0.0024668959368708216,0.003870328110656698,-0.0013971880937924267,0.0025349451513048613,500
16,shock_x_ind13,-0.0011123444231658888,0.0013368014752304421,0.0013821883967453322,-0.00398896060107074,0.001725770061046497,-0.003507975605461017,0.001170329518332033,-0.0025219107014978273,2.5393093749500505e-5,500
16,shock_lag1,7.126544645934541e-5,0.0012782779783071197,0.0014333961003264069,-0.002492452540545616,0.002931071334892083,-0.002270178604865278,0.0025090236510930215,-0.001332891568872398,0.0016262358720947946,500
16,shock_lag2,0.0004825675059364028,0.0011278839797306023,0.0012200253488075772,-0.0015172275643048187,0.003194764772218603,-0.0012470648634765541,0.002616340976590058,-0.0005268937263981887,0.0018296202904102192,500
16,shock_lag3,-0.0003893673214492012,0.0011525206786704412,0.0012299321818550276,-0.0026463750730939062,0.0023519250570323653,-0.0022181894338406533,0.001672112980088149,-0.0014101305874382906,0.001017724607466762,500
16,shock_lag4,-0.0009308212889392684,0.0013601181193809888,0.001388706876088893,-0.0034892685907444523,0.0020822690843085665,-0.003027789492148664,0.0016302860411137078,-0.0021115814174430974,0.0005397963353176169,500
16,shock_lag5,-0.001905724765675693,0.00114287219229708,0.001214346066923792,-0.0040726699824362445,0.0006315625336963248,-0.0036368266661304504,0.0003392199753724733,-0.0029690122489989764,-0.0005149104464550957,500
16,shock_lag6,-0.00108629221328326,0.0011780585307818153,0.001217185907733257,-0.003304447975032184,0.0016559332431056964,-0.00295230285747394,0.001196699609910049,-0.0019661859890502324,0.0002642703135384621,500
16,shock_lag7,-0.001122345798917582,0.0011005279023822872,0.001140604782857912,-0.0031905940049966035,0.0013528741906984909,-0.0028028114934232815,0.0008165643654007709,-0.002053105895374914,0.00015218137187093762,500
16,shock_lag8,-0.00048562589877380343,0.0012099761690356006,0.0012482699765125386,-0.002636400215823025,0.0021855450953498883,-0.0023469780721811135,0.0017719779592556344,-0.0015788718343668308,0.0008180002213937051,500
16,shock_lag9,0.00038203559665782945,0.0011380444066449436,0.0011467712407526474,-0.0017867008776013284,0.002694297829045386,-0.0015020143924735008,0.0023700819684463774,-0.0006163672936009549,0.0017057527919014505,500
16,shock_lag10,0.0011724530686243095,0.0010384130104706074,0.0011568239729964618,-0.001076779390691192,0.003417778402226861,-0.0007519365096876954,0.0031515204060563445,0.00015359714930411372,0.0023762848194311616,500
16,shock_lag11,-8.606422382052457e-5,0.0010019991230434692,0.0011787080210706158,-0.002290814846843953,0.002181510084490211,-0.001778611139059371,0.0018699957519840112,-0.00115766159807448,0.0011874480133339971,500
16,shock_lag12,0.0016950754699920946,0.0010470168304289765,0.0011004568992481264,-0.00040384561550289746,0.0038134309607000113,-0.00016133003703532237,0.0033464073802809747,0.0004973494872350506,0.0027083348437382214,500
16,log_oil_lag1,-0.006863458861718406,0.0032320049111135792,0.003368330198950357,-0.013841258558126889,-0.0003461791586574822,-0.012875737669883858,-0.0016012373509335636,-0.010712599868757854,-0.004211083327081399,500
16,ffr_lag1,-0.0009272419969490867,0.0007426459875427326,0.000704086069416548,-0.002274849624752369,0.0004654969092359934,-0.0020133158391963646,0.00033907141264439904,-0.0015857432796945357,-0.000203908080312793,500
16,cpi_lag1,-2.0423477472471633e-5,6.756488025547861e-5,6.719330894722659e-5,-0.0001417495054100911,0.00011545601736392917,-0.00011767764978262024,9.408592760685128e-5,-7.408429409478735e-5,6.0493033110922687e-5,500
16,indpro_lag1,5.713101369231843e-5,0.00023613147725692554,0.00024266168292718006,-0.0004109488787668634,0.0005314074861442095,-0.000361625174021083,0.00044989652295222024,-0.00016497276186190445,0.0002989241265256323,500
16,log_rincome,-0.14701463143584917,0.0346333093192228,0.03427371856136429,-0.20769733089131742,-0.07226650272513999,-0.19533228143388276,-0.07995629144548547,-0.17225591821595632,-0.10420857494548944,500
16,log_rwage,0.1133040629681822,0.039951447102663094,0.03953824570572561,0.026420215293707396,0.17550904473705814,0.040721119292551615,0.1718402507048277,0.06630186295454225,0.14673817319834187,500
16,age_mean,0.002504881196931944,0.0009282603890718403,0.0009027929630169678,0.0007918562142371691,0.004210908603217933,0.0009945136283368674,0.003906924289731562,0.0015772184542047546,0.0034355328264795027,500
16,female_share,-0.029991258412770103,0.023550546477191975,0.02406697056046287,-0.08010409500398212,0.01314042177942842,-0.0705472274590737,0.00820041187827764,-0.05439527943115736,-0.004850756966536573,500
16,married_share,0.018852715332647547,0.02301783509084331,0.024139540294110227,-0.024706928079080773,0.06841280577460408,-0.01830033482228019,0.06094612796442037,-0.004837674226843469,0.04360526684870334,500
16,unemp_rate,0.06885088370619209,0.04872388489449121,0.04698065087894518,-0.007925425550929396,0.17524491654221352,0.005269697082085497,0.16013469450974357,0.02914776924153233,0.12415769677490121,500
17,intercept,-1.4974171314091278e-9,0.001002920874058858,0.0009757724981469082,-0.001991213759434162,0.0017799711297463707,-0.0016016199917260124,0.0015305039144557014,-0.0009933942418788313,0.0009699615964410181,500
17,shock_x_ind1,-0.008378719361564311,0.004349985401578495,0.004620757653936244,-0.01756749616845424,0.00031472359473168896,-0.016446817929054582,-0.001429888596923672,-0.013405750920461154,-0.004121724621971296,500
17,shock_x_ind2,-0.009479522207580365,0.0055026376405434875,0.005323520979009948,-0.021348655819013213,0.0001252896338244051,-0.01951504785128062,-0.001794271866857759,-0.01504982572222653,-0.004885118792855514,500
17,shock_x_ind3,-0.00021214393939438764,0.0016178586575367876,0.0016363324045412667,-0.0035833568654966832,0.0028236704876885713,-0.002993971051134377,0.0024417212438820634,-0.0017860265783061382,0.0012803509366265604,500
17,shock_x_ind4,0.00015606795499151845,0.0015708842035332007,0.001710177774585991,-0.0033049265608219493,0.0032764837946463953,-0.0028640928993689065,0.002881757647540575,-0.0016477067170025234,0.0017675544490186467,500
17,shock_x_ind5,-0.002230728433134606,0.0010359511261363895,0.0010043876522057606,-0.004247656375944488,-0.00034842046155172815,-0.003915908364300342,-0.0006551870899792101,-0.0032669374924354845,-0.0012935035227727412,500
17,shock_x_ind6,-2.295819936614812e-5,0.0012769290733532401,0.0013101438359473213,-0.0027089015096199986,0.0025683482168645713,-0.0021332558534525622,0.002009713593618981,-0.0013538591111031217,0.0012678296504443493,500
17,shock_x_ind7,-0.001154485892939789,0.0020301668545770818,0.00211543494626053,-0.005405348956372132,0.0029056691882052166,-0.0044446984763488705,0.0022801120299467867,-0.0030174191670278394,0.0012372688610354865,500
17,shock_x_ind8,-0.0034995762065324074,0.0027474382311259335,0.002826285431732065,-0.009130706949008211,0.0019846780786692865,-0.008357972861217533,0.0009678829608441447,-0.006422078365391239,-0.0008451829695087947,500
17,shock_x_ind9,-0.00173378596443591,0.001430724849300215,0.0014469476665897023,-0.004710782608245572,0.0009581636068888464,-0.004099033026665237,0.0005102870669662436,-0.0031483992475726816,-0.0003836791439068059,500
17,shock_x_ind10,-0.0029474841149316994,0.001975976870707032,0.002054851228316761,-0.007148742785044843,0.0008987380981501506,-0.0064992613316098066,0.00019272246291561439,-0.005072595649508795,-0.0009641741939820667,500
17,shock_x_ind11,-0.0012669294001440054,0.003705171749018292,0.003539860189509621,-0.008267706674110233,0.005584360937494617,-0.007272075085954374,0.0048095961380847305,-0.004873294919949796,0.002284782584959167,500
17,shock_x_ind12,0.0016236774238127822,0.00182536416504912,0.0019632692777557,-0.0027149881964189417,0.005259603425105945,-0.0018700433789918729,0.004799661705077491,-0.0004464710637323245,0.003471015886993589,500
17,shock_x_ind13,-0.0005305765101973158,0.00127524199565968,0.001293844223528848,-0.0031614982029880717,0.0020432436056162743,-0.0025756587588472908,0.0016530385006969807,-0.0017897786635788443,0.0008082132218698511,500
17,shock_lag1,0.001011848932890264,0.0012829647348916026,0.0012978024076691127,-0.0014407268808749535,0.003641932465685594,-0.0009775302643863554,0.003154673138441105,-0.00021240286197382583,0.0024947836944777617,500
17,shock_lag2,-0.0009150643495285704,0.0011958465206538705,0.0012666292138666462,-0.0035633431754837595,0.0014250881464758236,-0.0032007423702925843,0.0010661541684526582,-0.0022459581323592604,0.00028256672349747064,500
17,shock_lag3,-0.0005887630064651412,0.0011186707341801507,0.001172075123073168,-0.0027139865100159625,0.0016816089708861217,-0.0024738519041241722,0.0013992408362537092,-0.0017742537807873974,0.0005559497210043389,500
17,shock_lag4,-0.0007672867137058709,0.0012333902329050548,0.0012297330979139103,-0.0031769574493759325,0.0015538704432353696,-0.002865814893612899,0.0012002301798127316,-0.00211614688797032,0.0003646133976536088,500
17,shock_lag5,-0.0014235283522570363,0.0012873238167155823,0.001227266582608622,-0.003618482438586447,0.0012580130841468025,-0.0032645949286296758,0.0006778565691637342,-0.002533417527013958,-8.237518018846191e-5,500
17,shock_lag6,-0.0012005914436631305,0.0012152461287858645,0.001312341807581806,-0.0036159129231267736,0.0014617119479273567,-0.0032355744174087826,0.0009489154039420446,-0.0024013780861444583,0.00015160003722364121,500
17,shock_lag7,-0.0013549423120621114,0.0010909693401506616,0.001195187088612217,-0.003994044345307475,0.0010078442710121827,-0.0034206533731859744,0.0006268052696591775,-0.0025206836699398962,-0.00027172946281088306,500
17,shock_lag8,-0.0003704971268761337,0.0010595401510547007,0.0011318482072168114,-0.00257755552596043,0.0019014251765907906,-0.0021206564965363145,0.0016431060185718802,-0.0013723523438800883,0.0007729811987822795,500
17,shock_lag9,0.0005940423549146552,0.0011444270249258664,0.0011938478168364887,-0.0016282843002714458,0.0030679935936688864,-0.0012093262615704282,0.0026216189496011846,-0.0004932163082882196,0.0019430255176848044,500
17,shock_lag10,0.0009246173843895887,0.0010719889786232843,0.0010797971633448793,-0.0011990875677094334,0.002979655002670038,-0.0007612056974720665,0.002659147148852503,-0.00014824982259917786,0.002064817893362762,500
17,shock_lag11,0.0017936648504840265,0.0009711405618243047,0.0010397313701536702,-0.00035388760849639183,0.0037074140611735975,5.240368142376535e-5,0.00339675895709434,0.0006953807129921606,0.0027817744261570067,500
17,shock_lag12,-3.7196055924192836e-5,0.0011038040507921395,0.0011759965033556333,-0.002274447792997676,0.002222675595285048,-0.0021050618248014976,0.001770894259746926,-0.001244162106342921,0.0010527297233962596,500
17,log_oil_lag1,-0.007671671897670349,0.0034409330995869656,0.0032818392564925017,-0.014555822986209742,-0.0018906577810457329,-0.013648048710476885,-0.0027535151666627806,-0.011062771153865107,-0.004801319390643354,500
17,ffr_lag1,-0.0007023624793399025,0.0007461700652416088,0.0007676349840545678,-0.002054224536608128,0.0008774800184950131,-0.0019089929741511265,0.0006267265415234625,-0.0014622777843767368,3.057251143834991e-5,500
17,cpi_lag1,-2.6160139235164285e-5,7.209932425287767e-5,7.028310523540969e-5,-0.00015630819451552141,0.00011388446047895634,-0.00013470549527406825,9.045530269234955e-5,-9.571536866883759e-5,4.4772543028115513e-5,500
17,indpro_lag1,0.0001847107932264472,0.00023290237012488243,0.0002323924618319066,-0.00024046723154433296,0.0006661164299572458,-0.00017656235802332755,0.0005801842168912937,-4.646609688911228e-5,0.0004288522581119057,500
17,log_rincome,-0.20261299782689204,0.033830696451379934,0.03474652450875932,-0.2634754479182424,-0.12454425264183039,-0.2526845664864575,-0.13867986861838905,-0.23143640845305963,-0.1629993536186064,500
17,log_rwage,0.17882197891968946,0.039409374443558284,0.03976030256662888,0.10059308256886365,0.2534668124515991,0.10876489781936957,0.23935988464735072,0.13183829143768824,0.21008585835889662,500
17,age_mean,0.0023688877554872284,0.0009350711014912371,0.0009374032829569293,0.00037737995070963906,0.004272079473821164,0.0008421977395368814,0.003897183247126091,0.0015670198171122216,0.003294958340540838,500
17,female_share,-0.02516044437513348,0.024471142409645125,0.02267888341934972,-0.06869594819953442,0.02418329527717606,-0.06068867404573524,0.012276908538486394,-0.046767382501645936,-0.0019249736962744265,500
17,married_share,0.041970372987628936,0.02607172601496768,0.02681752883664583,-0.011814179499904829,0.08733582111302271,-0.006119059726365245,0.0798417086915625,0.010311661839578825,0.06439490296882111,500
17,unemp_rate,0.11500673971623113,0.05220646582605624,0.050892038020304446,0.027768399158653093,0.22634883876852335,0.041711661759112506,0.21139715470798964,0.07198836129181624,0.1728240399487412,500
18,intercept,-1.5229326333562104e-9,0.0009416920116714487,0.0009205587911787524,-0.0017124164497712266,0.0018599551703781894,-0.0014521172769390875,0.0015961318515012532,-0.0009029691754103462,0.0009385990843443378,500
18,shock_x_ind1,-0.00655103843020193,0.003885042251917171,0.0038853479696985987,-0.014418579213875852,0.0012463187308288121,-0.013074813245706116,-0.0006009569950757798,-0.0102855195289657,-0.002693190836859722,500
18,shock_x_ind2,0.0005167308589729829,0.004535245565727361,0.004909264893857418,-0.0087357674303569,0.009867107497837493,-0.007272914481598361,0.0085465231349124,-0.0040579704546437325,0.0058025900389025685,500
18,shock_x_ind3,-0.0014759649280982503,0.0016602556815807643,0.0016721374582871955,-0.004618845868206862,0.0019279253632821505,-0.003921498487176286,0.0013618231829492715,-0.0030064829035030445,0.0003770185341453842,500
18,shock_x_ind4,0.0011119758866671562,0.001606008762433572,0.0015973075373434066,-0.0022277452126379564,0.004169195983234479,-0.0017096833223841522,0.003625850839849602,-0.00048478065513805104,0.0026219034196136256,500
18,shock_x_ind5,-0.0004855105126371997,0.0010170557169231725,0.0010961682214525642,-0.002572817243519751,0.0017519430223034527,-0.0021113264439648173,0.0014529217215919126,-0.0015533292221656166,0.0006310228068448891,500
18,shock_x_ind6,-0.00034573777935251263,0.0014019747208152773,0.0013578714168142048,-0.002675869203823216,0.002445711722860495,-0.0023395173030542676,0.0019510868412623609,-0.0014469879872296464,0.001190646791167443,500
18,shock_x_ind7,0.0010810331740581645,0.0019780986117305145,0.00200341623899519,-0.002680331747524425,0.005032497293487418,-0.002199089757226301,0.004405158573215497,-0.001060643885483242,0.0031310518957093783,500
18,shock_x_ind8,-0.0037601137134539385,0.002519421742587683,0.002581770272867187,-0.008714748834680635,0.0016363662547942755,-0.00792897302844504,0.0005388400094809077,-0.00632826178246464,-0.0014021959925166385,500
18,shock_x_ind9,-0.002138917006126655,0.0015272823747665854,0.001749811212743329,-0.00556891199283459,0.001489209946691028,-0.005010950933667947,0.0008793257006689256,-0.003604182413543862,-0.00043343128915138406,500
18,shock_x_ind10,-0.0031367772037668154,0.0016324349005353365,0.0017428464253739435,-0.006703928539737645,9.059255884657544e-5,-0.0056088628667836865,-0.0004088347617163854,-0.004788203750150082,-0.001423752944771114,500
18,shock_x_ind11,-0.002262294157971069,0.003764033765789554,0.0037577403253784445,-0.009244711999339104,0.005901572595689714,-0.008192307890202364,0.003982320302125389,-0.005642664761171354,0.0015520337701639643,500
18,shock_x_ind12,-0.0004782342566879539,0.0016918272569922056,0.0017867925623622643,-0.004149451443030633,0.002972912407082493,-0.00352579132483108,0.0023303480782537614,-0.0023668432324153704,0.0010849451479813025,500
18,shock_x_ind13,-0.000637717485379688,0.0011967414972593798,0.001234787998850093,-0.0028781905562127743,0.002014640311198621,-0.0025798222165437194,0.0014608055822583322,-0.0017563785973109592,0.0006263749323914557,500
18,shock_lag1,-0.0003790506867207492,0.0012095869217634302,0.0013082213274583927,-0.0028978450703346756,0.00226449499489006,-0.00263889850155825,0.0016880182308089957,-0.001786561568282566,0.0007661120250290173,500
18,shock_lag2,-0.0009292493405730725,0.0011569601803273794,0.0011808242478746798,-0.0032585273818906604,0.0012341538268013513,-0.0030664866898693927,0.0009890375811909427,-0.0021394866451530615,0.0002850429184003788,500
18,shock_lag3,-0.00048576902654356774,0.0010297637013558258,0.0011308700572813858,-0.002615007169527577,0.0017839521379652643,-0.00232684165841126,0.0014948233612112794,-0.0014896019360079661,0.0007162839761548002,500
18,shock_lag4,-7.368833003862297e-5,0.0012051378979347712,0.0012524769407960647,-0.0025191551073533835,0.0023096272661890264,-0.0020689448907646687,0.0020786285034217586,-0.001232825014739736,0.0013807950061409452,500
18,shock_lag5,-0.0015334565563874876,0.0012300492845046358,0.001243256678642602,-0.0037494891238846334,0.0010592634340023496,-0.0033945240091480524,0.0007030851602532328,-0.0026158068894519978,-0.00016800176713786206,500
18,shock_lag6,-0.0011476281429055241,0.0011380138153372834,0.0011493980020953714,-0.0035410699434560654,0.0012116636637817953,-0.0030351845853744783,0.0006051325805839101,-0.002264111055215059,-4.560937408456159e-5,500
18,shock_lag7,-0.000968437122532073,0.0010114771140050272,0.0010882849460631806,-0.002971096558578321,0.0010539045716886845,-0.0027542620722809607,0.0008193765521406492,-0.002082416366171655,8.97304256227121e-5,500
18,shock_lag8,9.748657077422175e-5,0.0010235756470350645,0.0010221164301246336,-0.0017581389266007083,0.002188288401837674,-0.0015028396967106704,0.0018485332131372124,-0.0008772262381537605,0.0011449584398782358,500
18,shock_lag9,0.00039275457884576623,0.0010699115251481817,0.0010732890804321135,-0.0015404225449211005,0.0025330231629957533,-0.001242826845735187,0.002304165788148571,-0.0005453195864588342,0.0015483614158790634,500
18,shock_lag10,0.0029407187021739034,0.001008887453298021,0.0010980679186586265,0.0006818786183798037,0.005074960364429682,0.0012093718715824042,0.004741550828675113,0.0019870557228872576,0.00398432234409432,500
18,shock_lag11,0.00011053943745128344,0.001013567135498452,0.0010656493289781317,-0.0019325680543857914,0.002283468757594466,-0.0016291294233338786,0.0018270733197822179,-0.000838396386528554,0.0011548480364519363,500
18,shock_lag12,4.0015029997307354e-5,0.0010151220657530094,0.0010028168220301843,-0.0021563893628660947,0.001919646811814469,-0.001663137961552189,0.0016116619257096408,-0.0009546737383512011,0.000925793841364083,500
18,log_oil_lag1,-0.00769114397134713,0.003360961705005726,0.00327525425068795,-0.014472596891503238,-0.0014152314791273579,-0.013264734267375764,-0.0022666001175708547,-0.011045860114566585,-0.004601879999125231,500
18,ffr_lag1,-0.0006811055829069078,0.0007021796899842994,0.0006733818397788743,-0.001978105238159036,0.0006743641148753967,-0.0016838983353615795,0.000449590350177032,-0.0013266648572578183,5.1107378292838085e-5,500
18,cpi_lag1,-4.7904676764396105e-5,6.809585335238038e-5,6.761750106569623e-5,-0.0001560623337465715,9.415361235486715e-5,-0.00014794712385764614,7.28790259272193e-5,-0.00011668209630638469,2.3791559706975886e-5,500
18,indpro_lag1,0.00017394967499440234,0.00021803760132721464,0.00021891554342592384,-0.00026080523118610424,0.0005806448406829275,-0.000198205474320686,0.0005036701201141431,-5.017879209637648e-5,0.0003628018999110578,500
18,log_rincome,-0.22575321976314458,0.033373083225299964,0.034876378610957444,-0.2829003315299877,-0.15110355496454597,-0.2720119743354856,-0.16352058321173088,-0.25368920338050704,-0.18405712988461737,500
18,log_rwage,0.21314963056763625,0.03783059325669529,0.040242138421304155,0.13116064275194467,0.2790338419170558,0.14147109924503024,0.2684712842149012,0.16493595187601728,0.24687896908125398,500
18,age_mean,0.0027478098391626603,0.0008513442659821695,0.0008588431324384236,0.0010971388406277992,0.004530979521426165,0.001420338690551654,0.004200269618873182,0.0019204292702548478,0.003531158494802018,500
18,female_share,-0.03503114525187461,0.024764636440997963,0.025171774556385276,-0.086462832381064,0.012205382668631474,-0.07898698462363593,0.006318221793488968,-0.0592047726939119,-0.010475644723878148,500
18,married_share,0.05048580503906624,0.023560138884039922,0.02243424604900317,0.002108036117038518,0.08929802489255584,0.013710078247970998,0.08481283449266759,0.026458888031711744,0.07128692565265517,500
18,unemp_rate,0.1100944035230671,0.0512968420496734,0.0494526176563078,0.0218198589264686,0.21133516119944634,0.03542048726960682,0.19740793387502334,0.06319452565682306,0.1676697997946175,500
19,intercept,-1.5449857764499473e-9,0.0008670762137982947,0.0008602156572125411,-0.0015557241516650296,0.0018821565566371468,-0.001269326492006553,0.001500234849227209,-0.0007180045437437511,0.000949750013003094,500
19,shock_x_ind1,-0.008318199764253428,0.004258031997090044,0.00442068928846284,-0.017656432171472124,0.00030866795423256535,-0.01636588334446767,-0.0011876365456047924,-0.012138657702459388,-0.003959927703266508,500
19,shock_x_ind2,-0.003757396993232797,0.00434019016682369,0.004389721817187353,-0.013032498849466714,0.004293440408757263,-0.011148271683006646,0.0031616691924047503,-0.008467062161671887,0.00043635884980576024,500
19,shock_x_ind3,-0.0006914589712659802,0.001595777253679271,0.001701099043239705,-0.004079072935536589,0.0026670412286469974,-0.0036585335315199013,0.0022056523380279327,-0.002390464554718036,0.0008219442373060751,500
19,shock_x_ind4,-0.0005362427380712145,0.0017732845198643184,0.0018860623079568321,-0.004725198775849669,0.0028502682100127012,-0.0037990414955330802,0.0023145223892950275,-0.0025112676930649533,0.0012371203577709838,500
19,shock_x_ind5,-0.0018415677498281177,0.0009833946475915404,0.0010208651640201572,-0.003632460063460869,0.0001572352087300492,-0.0034881044604532646,-0.00016074361927201813,-0.0028144287325093703,-0.0008127024894620065,500
19,shock_x_ind6,0.001046860346900416,0.0013398301829828404,0.00139801412455881,-0.0014538549600961778,0.003790468410452342,-0.0010387554590973625,0.0033694442637321595,-0.0002726814933238919,0.0024070032189411512,500
19,shock_x_ind7,-0.0034278569071739366,0.00209736680045998,0.0021044211714857913,-0.007564453390128686,0.0006695456181722193,-0.006667218946515058,0.00013570781438234066,-0.005379482013494241,-0.0012665947520160456,500
19,shock_x_ind8,-0.003898784804215285,0.0023708720453970065,0.0024045069569989174,-0.008736497317271602,0.0006518190479716074,-0.007958634303075428,-0.0001230344712185634,-0.0064807151839212825,-0.00164006400954041,500
19,shock_x_ind9,-0.0020194929400617523,0.0012489368570290957,0.001274145143623562,-0.004692176775002281,0.0005135185168657475,-0.004140509076820952,7.403852271263396e-5,-0.0032262982350714777,-0.0007769225526563826,500
19,shock_x_ind10,-0.0037827148139593664,0.0017789338833402112,0.0018465412985588937,-0.007372672662420386,-0.00024315773314260232,-0.0067576483717933416,-0.0008474908116194622,-0.005606859800396798,-0.0019462653377377893,500
19,shock_x_ind11,-0.005728990244412854,0.003687385562994203,0.003863324765100065,-0.01328842235345597,0.0017233206672123877,-0.012097698727322932,0.0008957722427758984,-0.009416983017163653,-0.0022266584802239768,500
19,shock_x_ind12,-0.002135420261423837,0.001817627554385955,0.001765085702535548,-0.005654059447471396,0.0011791872641930402,-0.005231754252753599,0.0004997780759475453,-0.004124059065951158,-0.0005403902597662965,500
19,shock_x_ind13,-0.0008493690280011428,0.001175216815368907,0.0012459641629371848,-0.0032098306711276616,0.0016124298531307942,-0.0027838440013819607,0.0012453539247980763,-0.0020314652862329385,0.0005006546414439285,500
19,shock_lag1,-0.0004137448415247665,0.0011465307260400844,0.0012957815982668004,-0.0030429814060293414,0.0022388643574372978,-0.002567833727739518,0.0016444306590845475,-0.0016759923395297592,0.0009125261419000042,500
19,shock_lag2,-0.0008429861712100174,0.0010072442533422615,0.0010923707308558483,-0.0030776079702758766,0.001240721877445415,-0.0026591051171074337,0.0009966453623919506,-0.0018957101708578859,0.0003086624703792752,500
19,shock_lag3,0.0002022360731491141,0.0009835648222549281,0.001060020456295775,-0.0016709201486661493,0.0023318904795398654,-0.001290884276343214,0.002054307854367536,-0.0006996877830134835,0.0013620534083832931,500
19,shock_lag4,-0.00019366058339723605,0.0011571460545515878,0.0012241123171312645,-0.002688327330327923,0.0020723952758217538,-0.002314435455670148,0.0018427160357514755,-0.0013108268673110938,0.0011247293489194308,500
19,shock_lag5,-0.0014124657349327153,0.0011371132767247231,0.0012081572381311475,-0.0036006951010326377,0.0011671958627336647,-0.0031824702351922296,0.0006223697087816562,-0.0024256026109005396,-1.4468371599359674e-5,500
19,shock_lag6,-0.0006835895274538312,0.001058934912105775,0.0011338611596794304,-0.0028481761748327646,0.0015903722608220242,-0.002294994475219952,0.001329060940648181,-0.0016707642302082016,0.0006550957477532787,500
19,shock_lag7,-0.0004722481587008464,0.0008402515760559758,0.000964862013661189,-0.002333936729937643,0.0014562558339018027,-0.001837150563393808,0.0011368986579558468,-0.0014376797873186626,0.0005471141181463523,500
19,shock_lag8,-0.00010745566269835119,0.001005835443241971,0.0010441472551765694,-0.0019879293465548246,0.0021130981136197598,-0.001691344384802703,0.0017366621459052431,-0.001014197154988551,0.001016727314438527,500
19,shock_lag9,0.0023868676728039284,0.0009786047373527074,0.0010736105909082447,0.0005311592340144463,0.004510886822400642,0.000712445039363389,0.004263884125461319,0.0014307386076361645,0.0035743931354602085,500
19,shock_lag10,0.0012568157625516372,0.0010351033806814613,0.0010927312531964928,-0.0008497609753029539,0.003413068534933033,-0.00045701705832361736,0.003101335973541833,0.00027759289097232034,0.0023472642789155052,500
19,shock_lag11,0.00013002702512014404,0.0008594770363388877,0.0010005507926417222,-0.001723268160392085,0.0020959603898266727,-0.001507223755776115,0.001848284820453823,-0.0008401764546036002,0.0011137711045068692,500
19,shock_lag12,-0.0006807339544438116,0.0009972136848259677,0.0010562228744393526,-0.0028728844387551963,0.0013918382771080312,-0.00252610540544324,0.0009830658127713355,-0.0018331255904182248,0.00028957161894825644,500
19,log_oil_lag1,-0.007867180780766304,0.003171552130480598,0.003270260283546544,-0.01432565893641591,-0.0016621116057830398,-0.013491676513811973,-0.002604227103873886,-0.011000966810297481,-0.004598998255302584,500
19,ffr_lag1,-0.0007916707402965374,0.000668641854079462,0.0006647202442744047,-0.0020470892095480362,0.0005576512658555747,-0.0018616519995104113,0.0003909984408500173,-0.0013876744744524077,-4.834449566650832e-6,500
19,cpi_lag1,-5.471012356975254e-5,6.501692723991491e-5,6.392637335397681e-5,-0.00016910803073592667,8.152758154785042e-5,-0.00014643637232372828,6.399807739957342e-5,-0.00010398029398993295,2.108947726084348e-5,500
19,indpro_lag1,0.00017574405037402337,0.0001983719102417221,0.00021058213988065124,-0.0002509535671932449,0.0005652926801887181,-0.0001743329662275057,0.0004998833178728833,-5.01321465387837e-5,0.0003796779357879433,500
19,log_rincome,-0.21245376091774026,0.03345537628868643,0.03369337096202088,-0.27584998866648136,-0.14031203097384742,-0.25971752476116056,-0.1500438000255199,-0.2371182788134578,-0.17167143711380786,500
19,log_rwage,0.20086084994763537,0.03911010861433281,0.03991090446466869,0.11223810903358067,0.2767398828666756,0.12988623136876767,0.26218075402569085,0.15440623519507582,0.23287044904697357,500
19,age_mean,0.002871553521143491,0.0008065787765501193,0.0008474104928344037,0.0011356075501290333,0.004309562988274192,0.001366035158039135,0.004127473393731269,0.0019129498903194594,0.0035842748184316325,500
19,female_share,-0.032491824613620664,0.022772426044783287,0.022294842914470186,-0.07583794910198996,0.012735467147992598,-0.06990494986355869,0.005049801108173052,-0.056055461871552796,-0.012398717601817075,500
19,married_share,0.04983492052186864,0.019042361976688058,0.02119206041288061,0.009118388178898184,0.0912813273602753,0.013692111641672434,0.08484987802556251,0.02771086642265132,0.07043454625536306,500
19,unemp_rate,0.11232847593545266,0.04885533819628399,0.046339060903435474,0.04383042764453082,0.2129807128002424,0.05412489606662237,0.19975023430617259,0.07393138301079007,0.1715569238864703,500
20,intercept,-1.5492696162958576e-9,0.0008052612249611244,0.0007968057302241943,-0.0013564442311151505,0.0016613285221487076,-0.0011750851039634472,0.0014077588047874152,-0.000713131479357549,0.0009021967783512935,500
20,shock_x_ind1,-0.007055929511600038,0.005669918832711972,0.0051864976130118765,-0.017299752569095758,0.003938504913395155,-0.015482418755983884,0.00158743584369958,-0.011940148988863484,-0.0017044739624870243,500
20,shock_x_ind2,-0.0008745561397177035,0.005806720421868193,0.005900506104855846,-0.013973743617806619,0.008916297685797513,-0.011528492491347282,0.007639915755306952,-0.007339312102675134,0.004692754155128242,500
20,shock_x_ind3,-0.00015659734746303135,0.0016285717092879555,0.0016839771334567803,-0.003520619443255009,0.0031710153780607517,-0.0029773419648223332,0.0026640395371073248,-0.0018974241358577823,0.0014515527568429354,500
20,shock_x_ind4,-0.00034095159597900354,0.0016556952747507256,0.0017124778466388315,-0.0037485951499692536,0.0028569018156264806,-0.0032507191674613915,0.002465792665353659,-0.002043073213905758,0.0013669681305013214,500
20,shock_x_ind5,-0.001125684338210071,0.0010344210728577465,0.0011169462104192844,-0.0032083221442929808,0.0011164445521756555,-0.0027086638890188447,0.0008643815419937444,-0.002150141643273538,9.958415861476908e-5,500
20,shock_x_ind6,0.0008466007018169985,0.0013868701609020741,0.0014100476753251172,-0.0017536179580691456,0.003831424482676395,-0.001312927133997283,0.003215647201910666,-0.00037331113297891627,0.002281660051357004,500
20,shock_x_ind7,0.00014245810776380418,0.002180224831015715,0.0022020566592038946,-0.00425235291454789,0.004225562116282549,-0.003445939649608954,0.0035508229611075385,-0.0021139663817250597,0.002256971807083369,500
20,shock_x_ind8,-0.00718758563641511,0.0023090978965730345,0.0022764500354633577,-0.011593163272368832,-0.0026791361414089075,-0.0107425678182529,-0.00316558840646459,-0.00935582264406521,-0.0048422452087976825,500
20,shock_x_ind9,-0.0004923921669116338,0.0016444520250139952,0.0016633196750813024,-0.0035213783568537483,0.0028575911731499883,-0.0032260933066872773,0.002307418522786596,-0.0020068015578523757,0.0012333719255304331,500
20,shock_x_ind10,-0.005447013046947011,0.002116691147593353,0.002068264375666473,-0.009468083741253028,-0.0018738309410458159,-0.008995035737296115,-0.002161791697265961,-0.007824489550047425,-0.003503351189914531,500
20,shock_x_ind11,-0.006913004082147712,0.004048945859773745,0.0038368317435999925,-0.014534125915601447,0.00036502526984577544,-0.01278012072869956,-0.0005126328530094508,-0.010599172335514103,-0.003130304042317408,500
20,shock_x_ind12,-0.0036406892988545604,0.0015585733892159582,0.0018278346733327172,-0.006877359019783449,0.00023156769404395524,-0.006445844922130832,-0.0002913273367038549,-0.005256321676088446,-0.001685221869601609,500
20,shock_x_ind13,-0.0011848179342682985,0.0014542428264466027,0.001469946660052047,-0.003944406708234952,0.0021940975035742473,-0.003371847262613205,0.0014807154309432005,-0.002377768924360714,0.0003987760764227403,500
20,shock_lag1,-0.0006271704121329309,0.0010691143126140433,0.0011346225811526773,-0.0026810851782868616,0.0016797356576507831,-0.002355671736762487,0.0013563422794598827,-0.0016196837554753544,0.0005314229496403374,500
20,shock_lag2,-0.0003046531571471341,0.0010952279108789572,0.0010915432669351824,-0.002274997383445165,0.001766900889837754,-0.0018706490952488893,0.001525320098359586,-0.001185601013915495,0.000965981557143462,500
20,shock_lag3,1.1589065788984681e-5,0.0009498590837048026,0.0010241403143543633,-0.0019756511484936958,0.0020295424684623835,-0.0016380410069092135,0.0017869253617932665,-0.0008747696183760523,0.0010641239811454237,500
20,shock_lag4,-0.00028543691131655474,0.0011491437066011268,0.0012954363490687815,-0.002794889469593007,0.0021681611261939837,-0.0024131474077902122,0.0018698946684402972,-0.0015293290106374756,0.0010459170277715435,500
20,shock_lag5,-0.0011532786406346224,0.0011100156514957042,0.0011363671621906013,-0.0033430669294300173,0.0011325789401033803,-0.0029363577999848905,0.0008998876448404182,-0.0020483095314994823,0.00012691187363231453,500
20,shock_lag6,-0.00020981043757469807,0.0009175957226582464,0.0009583464909131969,-0.002196691951660122,0.0016497084073547538,-0.0018582576032387524,0.001349911237516664,-0.001077674845934745,0.0008625322273772446,500
20,shock_lag7,-0.0007069593033184755,0.0008963417914194476,0.0009601477770072747,-0.0025271241496120523,0.001287106823565818,-0.0022016250334201005,0.0008961301995867075,-0.0015312522252959406,0.00032454253094128154,500
20,shock_lag8,0.002020941323239147,0.00098198186870319,0.001033586479865596,0.0001940493811036947,0.004244831456662001,0.0004573448621526979,0.0038560280757176718,0.0011221582381456974,0.003145454029433791,500
20,shock_lag9,0.0006920339552263203,0.001072556567875011,0.0011022769484811189,-0.00147278155859264,0.002898049761511344,-0.0010123159012792714,0.0025922030302276953,-0.0002970250481158112,0.0018544442303397753,500
20,shock_lag10,0.0012670476335840603,0.0009299109858140734,0.0009777566619042113,-0.0006186946221798306,0.0031215152872657408,-0.0003294741117260076,0.002907371102387474,0.0002215363288247848,0.0022409425279350257,500
20,shock_lag11,-0.0006901559609372441,0.0009257455829501913,0.001005841565543667,-0.002673179148729489,0.0012248010210106253,-0.002281235174624681,0.0009203975640227416,-0.0017531700802675028,0.0003341890412638048,500
20,shock_lag12,-0.00146878128845153,0.0008623176293029776,0.0009107160749892607,-0.0031817199414227535,0.000379266340387814,-0.002840104085763831,-2.0857915564046683e-5,-0.0022970811758340356,-0.0005088606976446138,500
20,log_oil_lag1,-0.006821045801148734,0.0028795528886054193,0.0027422363552009614,-0.01229678410057829,-0.0021526945376644704,-0.01163081233267333,-0.002744495653298129,-0.009978017222669862,-0.004454616511550608,500
20,ffr_lag1,-0.0012089579953340605,0.0006169861671225494,0.0006231262582126896,-0.002395351487021801,5.55528271704115e-5,-0.0021823070017107874,-0.00014987256998841875,-0.0018369661371211044,-0.000568691742364927,500
20,cpi_lag1,-5.067808709282375e-5,6.482846818446316e-5,6.360154307946091e-5,-0.0001639529729952759,9.092141538732631e-5,-0.0001465176060450149,6.589167570021254e-5,-0.00010277419932540858,2.089320241288272e-5,500
20,indpro_lag1,8.229505166660755e-5,0.00017883494926878622,0.00018260206316582706,-0.00028741408931178637,0.0004311018344594537,-0.00020916079541309727,0.00036449031829413365,-9.94798236452676e-5,0.00026836286207816495,500
20,log_rincome,-0.12832751739993195,0.03608592694290753,0.034155061621376874,-0.187442914947326,-0.05839514963378227,-0.17500487407719018,-0.06464362227381881,-0.15768905151575305,-0.08917044294157782,500
20,log_rwage,0.12010485847631004,0.04067235088040172,0.03867164407053886,0.03678870667546774,0.18775394940399737,0.046899072852430584,0.17555903119491156,0.07787266569527218,0.1540754704706123,500
20,age_mean,0.0022750044360880747,0.0008200577919539715,0.0007985691124777892,0.0005749630150475415,0.003769310843917662,0.0008085970096719065,0.0034439280200622424,0.0013841963007912039,0.0029495265715402835,500
20,female_share,-0.05625503305027392,0.020668933300481918,0.022396284436501077,-0.10029134883022334,-0.01258784434917145,-0.09216432490128841,-0.019100308909224824,-0.0779653377000478,-0.03420733115320775,500
20,married_share,0.06722110056886084,0.0243702477693431,0.02336466877303703,0.024317678095998826,0.11394245851945689,0.029469255416793346,0.10612597204703204,0.04585101902330907,0.09240163380415777,500
20,unemp_rate,0.08871228406503434,0.04213800841491461,0.040638604785469996,0.024600704821018646,0.18348239971715788,0.03663313667106295,0.17070703116841923,0.056024162147323246,0.14000446983194806,500
21,intercept,-2.9685980557159666e-9,0.0006901435232074119,0.0006584268627839494,-0.0011804523299816278,0.0014581988347062021,-0.0009525936807057437,0.0011653270476259638,-0.0005433949300170199,0.0007385018133017736,500
21,shock_x_ind1,-0.004827200496050099,0.004453197340612326,0.004192966358531154,-0.014208148825491634,0.0023295272058133634,-0.012271225755117318,0.0016779591763483922,-0.008749189307711555,-0.0008803517777289088,500
21,shock_x_ind2,0.0006697633378196351,0.004783734441069228,0.004760505727958458,-0.009086805231004814,0.010087063256183582,-0.00772094115501594,0.008095583309290196,-0.003951939594344374,0.005442261828021381,500
21,shock_x_ind3,-0.0011979003146579236,0.0015173755006618562,0.0016597414303861566,-0.004491119382319291,0.0022613598418213233,-0.003995513685337186,0.0016259005610965958,-0.0026549453829492146,0.0004290215241888207,500
21,shock_x_ind4,-0.0028147446275417704,0.0013216358500676094,0.001428945672577175,-0.005660092208568435,5.7712831532737034e-5,-0.005195681024004327,-0.00047877213743320347,-0.004129737090643241,-0.001459417578769947,500
21,shock_x_ind5,-0.0018627457852605951,0.001067561763233511,0.0010767001932960269,-0.0037575129178230803,0.0003132782022079735,-0.0035740211455189226,-2.541644328633223e-5,-0.0029001002598954746,-0.0006702784528051356,500
21,shock_x_ind6,-0.00011217745105282751,0.0013526303826174191,0.0014319441703611587,-0.0026862148861086744,0.002823352352856404,-0.002359587541005377,0.002354591872725805,-0.0014288764111720302,0.0014562894587853649,500
21,shock_x_ind7,-5.883386442003639e-5,0.0020300766917404818,0.002101729490885865,-0.003631615348294999,0.00419219769782358,-0.0031566501421601842,0.0033922423401762684,-0.002110351778656297,0.0021901233438333897,500
21,shock_x_ind8,-0.005917052265641743,0.0019350623695562046,0.001976584692600362,-0.010053663492833657,-0.0022275142909413985,-0.009393055561678005,-0.0026061259611504903,-0.007964421584388417,-0.0041746556623980784,500
21,shock_x_ind9,-0.002613454249254139,0.0016152778116253702,0.0015947082113873744,-0.005461897619197616,0.0005993810799365424,-0.005171822140113856,-6.890920137415764e-5,-0.0040812254490197215,-0.0008776957200017907,500
21,shock_x_ind10,-0.003752761086118762,0.0016863822184653978,0.0016293738141773808,-0.0067587336071604645,-0.0005351205937140014,-0.006279564653242808,-0.001084964185785821,-0.005219352066318874,-0.001970363144237952,500
21,shock_x_ind11,-0.005604085998228599,0.0038218415615228958,0.0035071451659512928,-0.012110642892632119,0.00118107881720936,-0.011211567592615148,1.1823526395881774e-5,-0.008599106799694327,-0.0017112189777694796,500
21,shock_x_ind12,-0.004232311767745463,0.0012999592754990785,0.0013519439748313875,-0.006897134419999527,-0.0016208540401422117,-0.006454882736747282,-0.0021261042791719397,-0.005405781218362981,-0.0028529260190247614,500
21,shock_x_ind13,-0.00032059328189656955,0.0014374690799715086,0.0014015239775649298,-0.0027417489218715804,0.002539295459990665,-0.0024730210357561265,0.0021687509768530955,-0.001638717045647289,0.001070727665976462,500
21,shock_lag1,-0.00010032319045022874,0.0010852751660531997,0.001136647946695401,-0.0021977245083653106,0.0021724810037475634,-0.0018900395753594797,0.0018050847640505424,-0.0010824775537156656,0.0011766863602171876,500
21,shock_lag2,-0.0006771391335713134,0.0009117034845588829,0.0009636899194429064,-0.002573165538360722,0.0012897699587355476,-0.0021957067924751007,0.001066933025135242,-0.0016300359427773878,0.00031913911910661077,500
21,shock_lag3,-8.840635573749383e-5,0.0008788084766678361,0.0008868000371087838,-0.0017267920361245383,0.0017445317733592752,-0.001489299879689776,0.0013794768990986446,-0.0009135553392548785,0.0008169154537982462,500
21,shock_lag4,6.243458197447715e-5,0.001027918891962316,0.001085783993929189,-0.001958253304186041,0.0021293658134759726,-0.0017006017503763298,0.0018720906428151076,-0.0008966814754530378,0.0011289321274360945,500
21,shock_lag5,-0.000556624940273684,0.0008606131724322588,0.0008702581825602702,-0.0022227362638058334,0.0010945122325666762,-0.001895575842991474,0.0007706626103676648,-0.00139587838882977,0.0002776815537222383,500
21,shock_lag6,-0.00043035680289817694,0.000807719705348338,0.0008463755232558831,-0.0021182221294247694,0.0011854846985249726,-0.001824553836317404,0.0008641694180153786,-0.001248060355875534,0.0003994710461099273,500
21,shock_lag7,0.0013683654365348112,0.0007763481736424744,0.0009032630409069381,-0.0004750357572859512,0.003206284161071626,-0.0001491210757646867,0.0028830635884010553,0.0004759698127323218,0.002151579531299114,500
21,shock_lag8,0.00023368137446056264,0.0009554104120691367,0.0009431973786547395,-0.0015353787903418705,0.001963892117527834,-0.0012428719531911616,0.0018145213028853881,-0.000639900076535562,0.0012375480013352106,500
21,shock_lag9,0.000786677457208934,0.0008633654781761636,0.0009004608977497987,-0.0010448579442698797,0.0025412993723129143,-0.000697023003467029,0.0022061100946446717,-0.00010230578466725868,0.001603246357765268,500
21,shock_lag10,0.0006325522091089601,0.0008877618165483981,0.0009201680787002283,-0.0012620440204382573,0.0023295400400475982,-0.0008654443733741714,0.0020481375431874427,-0.0002845763005973435,0.001563256153437394,500
21,shock_lag11,-0.0014258661606601681,0.0008127504723538529,0.000907714084028573,-0.0031756549911589136,0.0003013605128761752,-0.002866461888329762,4.904281916913003e-5,-0.0023427381844544964,-0.0005052549818026933,500
21,shock_lag12,-0.0009538571890845978,0.0007927968808542553,0.000823734790808353,-0.002546351233308144,0.0006494152340452472,-0.002323319981610023,0.00032137044517980455,-0.0018381840988934955,-0.0002875091997467656,500
21,log_oil_lag1,-0.005216059053333065,0.0025181269669013206,0.0026448965182827634,-0.010526192735000136,-0.0006089373109941312,-0.009688340239469946,-0.001222838875241109,-0.007893715926030363,-0.0027642290735493996,500
21,ffr_lag1,-0.0015758340864789543,0.0005422570018256552,0.0005383024142133177,-0.002503129528571845,-0.0005147362087996743,-0.0023837832149330896,-0.0006616776533247976,-0.0020761153769554663,-0.000988816756919234,500
21,cpi_lag1,-6.760080445347958e-5,5.272796963996086e-5,5.188641769276328e-5,-0.00016396644250536632,4.1114602025206704e-5,-0.0001480530193824383,2.5014957191413995e-5,-0.00011027286629889425,-7.715688796950922e-6,500
21,indpro_lag1,-1.4763625742406703e-5,0.00014596531627396978,0.00017114308172799632,-0.00034715793153758775,0.00029201449642074,-0.0003119285030594177,0.00025239758914211694,-0.00020045379660372747,0.0001368880796251647,500
21,log_rincome,-0.18669163027965902,0.02889815463668055,0.0312502851026406,-0.23941324933564095,-0.12174270950170793,-0.228794220671117,-0.12825714173492117,-0.21179011595750133,-0.14715798624297385,500
21,log_rwage,0.18136317155646828,0.03278458045064786,0.035130120447557436,0.10854802421377135,0.24505537015800352,0.11595668599375031,0.23281224225448088,0.1392996291158063,0.2090858232341242,500
21,age_mean,0.0018753029747688003,0.0008550666170804076,0.0008540396708391459,0.00020729221143490355,0.0035421854165647543,0.0005424756497413266,0.0032484123280044656,0.0009779555732397321,0.0027104705471725134,500
21,female_share,-0.057047101214855025,0.019799276893261386,0.0209630576417479,-0.09737381313086002,-0.015966288531777784,-0.0923860424244735,-0.023980083226840858,-0.07889560028666198,-0.036795297283184855,500
21,married_share,0.044327910338462215,0.01923090594018577,0.019485208177589773,0.0063226813488660785,0.08327378079534783,0.011587273796672251,0.07584217903430668,0.027166393084061057,0.06354522744207518,500
21,unemp_rate,0.03547258541725849,0.03173913723113444,0.035110961188688665,-0.02213126481081283,0.11892634401317048,-0.014603781148061067,0.10557024343148821,0.007860892885630879,0.07604034305409543,500
22,intercept,-6.4033949744647605e-9,0.0006242611285743409,0.0006051630753676732,-0.001057501319102055,0.0012687326971681685,-0.0009022083017128878,0.0010515839591320772,-0.0005845765108657537,0.000677661874161562,500
22,shock_x_ind1,-0.009188792332724191,0.004959466124493731,0.0050673218607031655,-0.01753278356438651,0.0010389480693778963,-0.01670545880057411,2.8469735348785784e-5,-0.014204979678990756,-0.00409207378051741,500
22,shock_x_ind2,-0.0014703486497264083,0.004505106478444625,0.004506836102010051,-0.010604920795700426,0.007012229586573481,-0.00905916385344142,0.005786050797883125,-0.0058895811121408926,0.0027596332586376504,500
22,shock_x_ind3,0.0013570857630199776,0.0014283521555979793,0.0016221948883329601,-0.0017085570911402883,0.004438386827998057,-0.0013435842431990077,0.004065931804161227,-0.00019274194221138125,0.0030729821927547836,500
22,shock_x_ind4,0.0002695445159655354,0.001444629184570579,0.0015634819060156078,-0.002671742483088141,0.0035564670126447973,-0.0021528096058450515,0.0029820657157292605,-0.0012369259849238313,0.0019193294605974107,500
22,shock_x_ind5,0.0007779966695953165,0.0009164946875718324,0.0009139752809305114,-0.0009474764056057918,0.002793647819218644,-0.0006421493222102908,0.0023101656406538987,-4.132713309918617e-5,0.0017120223601299303,500
22,shock_x_ind6,0.001569839403707691,0.0012074181555191035,0.0012663412247044372,-0.0006879260109261137,0.004034798177069367,-0.0003063029804551619,0.0037989056099389114,0.00044008178038427423,0.002949589990944173,500
22,shock_x_ind7,-0.0012660315989066453,0.002369641438284363,0.0022887919864625506,-0.005644874929219888,0.003683599734461927,-0.0049903283719032005,0.002530211383808809,-0.003251836940275435,0.0011232248037297285,500
22,shock_x_ind8,-0.006383039106175692,0.002087791375136137,0.0019357016786532312,-0.009926749099248365,-0.0026595337156054277,-0.009506673968540387,-0.003067082934702667,-0.008086831336838476,-0.0042632742784894,500
22,shock_x_ind9,-0.0011301863672953363,0.0016904980663548998,0.001724488619081569,-0.00435320345712195,0.0022708882850757056,-0.0038155493100318514,0.0018615605130507344,-0.0027542293292183106,0.0006422845112590235,500
22,shock_x_ind10,-0.00520534969129009,0.002036988545110405,0.002159149267807958,-0.009568205356425004,-0.0012754069298454977,-0.008937717877469034,-0.0016587855448700357,-0.007375016625631965,-0.0031175542729192447,500
22,shock_x_ind11,-0.00045115140990288085,0.0037436885296854403,0.0035977456334290486,-0.006729961285554508,0.006957018759117258,-0.006133778698649445,0.005929051193803417,-0.003763256835940246,0.0034320680798941546,500
22,shock_x_ind12,-0.0009270778012012587,0.0011942950360315158,0.0011910590502972552,-0.003211547726816902,0.0015038148289808104,-0.0028659935224113306,0.0011134557224165313,-0.002074579013568269,0.000381457837878897,500
22,shock_x_ind13,0.00031733995033237256,0.0013445344996278804,0.0014239733684650914,-0.0024756980042247817,0.0030837692361281,-0.0020092816715008796,0.002679912159784618,-0.0010244302894171428,0.0017409151357917112,500
22,shock_lag1,-0.0003088660183041788,0.0008914426699905664,0.0009664370010130022,-0.0024035804518671745,0.00152809630353791,-0.0017734085590247763,0.001294630899228455,-0.0010354966063401277,0.0008060975697815458,500
22,shock_lag2,-0.0006734262748039287,0.0009093763955832971,0.000996298412888229,-0.0026758577203748364,0.001232141233243209,-0.0022774069502881546,0.0010457775080103915,-0.0015358053161745049,0.00041657685715435877,500
22,shock_lag3,0.0003401785862005656,0.0008150175342354407,0.0008787853873304137,-0.0011793221326485306,0.0021307316629411415,-0.0009056252058810923,0.001805333371636946,-0.000450666653530171,0.0012929096895669982,500
22,shock_lag4,0.0005582806572646784,0.0008945546419533293,0.0010097010603659358,-0.0013045354786050689,0.0024813295888751886,-0.001000734944515027,0.0022595937776429187,-0.00041572240842367725,0.0015098972935583697,500
22,shock_lag5,-0.0007856710275068281,0.0008556388696468397,0.0008411910735489189,-0.002309687000898249,0.0009691039723685201,-0.0020581922919270645,0.0006550999145605482,-0.0015011952418955113,0.0001855743911541915,500
22,shock_lag6,0.0016214098147097527,0.0007181731363399998,0.0008004926968267535,0.00012685352692868313,0.003224120377187136,0.000400764650968431,0.0029923770133453436,0.0008656719690968369,0.0024498771909997174,500
22,shock_lag7,-0.00027638337714805866,0.000796357636327934,0.0008582300893142202,-0.001878410911354393,0.0014200280083681669,-0.0015771626750270295,0.0011186763640435274,-0.0010716559851502714,0.0006260813615537162,500
22,shock_lag8,0.0004915699495998104,0.0007420336207538144,0.0007756124399557843,-0.0011017580820215076,0.0020074359971103623,-0.0006890526123638367,0.0018202124586626746,-0.00019728397800752664,0.001285626131401386,500
22,shock_lag9,0.0003017973418300652,0.0008699231364518109,0.0009228056656322455,-0.0014526647224580563,0.002086529452895754,-0.0011436152789351228,0.0018956188744998711,-0.0005014597305207304,0.0013559583733018287,500
22,shock_lag10,-9.999497427414831e-5,0.0008091408539046348,0.000846509732592396,-0.0016295732764630196,0.0017875313785281296,-0.001404879793228155,0.0013531393133317177,-0.0008334719905512721,0.0007641186279593076,500
22,shock_lag11,-0.0008968185047025425,0.0007622940928269262,0.0007910509566461584,-0.0024675401224357203,0.0007007766971704743,-0.0021290025211956995,0.00045557898708408704,-0.0016516110669902288,-0.0001032168818006125,500
22,shock_lag12,-0.00051429217056841,0.000895015840455296,0.0009417803088824984,-0.002392568749575816,0.001270316764112581,-0.0020595873047508737,0.001033916880661269,-0.0014885225351730052,0.00045872219668725573,500
22,log_oil_lag1,-0.0044220407836971,0.002438866095103171,0.0023646272068279677,-0.010009328741600647,-0.000660101948680139,-0.009384214603416005,-0.0014594879449657781,-0.007197792964383275,-0.002616043364194311,500
22,ffr_lag1,-0.0020517162336209324,0.0005060320300154811,0.0004933455308488293,-0.00292977117543039,-0.0011119475687230897,-0.002798862846069206,-0.0012084995919188638,-0.002528746744796027,-0.0014827770617882893,500
22,cpi_lag1,-8.830219052556441e-5,5.032055275259236e-5,5.48833937343572e-5,-0.00018375740522033707,3.4509983177374086e-5,-0.00016703734296484658,1.27630212454785e-5,-0.00013500886314225406,-2.740589960850764e-5,500
22,indpro_lag1,-0.00014339837668117473,0.00011827501310951386,0.00012620508505932252,-0.00037571652949876114,9.708654593176499e-5,-0.0003431174944973297,7.166691149364752e-5,-0.00026120715983513705,-1.7251898680032312e-5,500
22,log_rincome,-0.0787613829621309,0.033494196410411466,0.03348811904438715,-0.14125052312725006,-0.009860212653788218,-0.1284229087220399,-0.018838622290306622,-0.10797714418418265,-0.04444694058429294,500
22,log_rwage,0.07111372022416146,0.039240304943229526,0.039987321099518455,-0.010312977861580306,0.14724626559925935,0.0023448431115702228,0.13389015931247994,0.030721508963433217,0.10628149541219976,500
22,age_mean,0.0019538750325350605,0.0009050498551426043,0.0008893163777396232,0.00015145444050943262,0.0037632680896626555,0.00044540869349777283,0.003297679422135989,0.0010170608437598194,0.0027425189607532367,500
22,female_share,-0.06255401666429584,0.02658904837749154,0.024893331240659834,-0.11214491969214278,-0.013017097443290774,-0.10502677127178439,-0.021913346667592013,-0.08712948321086413,-0.0387584554824119,500
22,married_share,0.019490658201415816,0.022131847253952435,0.021561022892158437,-0.022312482426603462,0.0595642058388702,-0.01916520977664504,0.05552096638162751,-0.004564237229527361,0.03970779936700229,500
22,unemp_rate,0.011236164442057772,0.03924051914070749,0.03974399323654301,-0.05144786748369359,0.09804596617581364,-0.039938716801418764,0.0871716294051167,-0.01910021448456895,0.06322778304056297,500
23,intercept,-7.361263163347543e-9,0.0005856989388121191,0.0005396953022047454,-0.0009224732954894504,0.0012561721493297069,-0.0008008423060092684,0.0009618483668696245,-0.0004293895801180268,0.0005737701545780266,500
23,shock_x_ind1,-0.003941876434303048,0.00444917606949245,0.004582429172736932,-0.013012001822722555,0.0049085860860649715,-0.011535190881669653,0.0032901690397437906,-0.008530102346164668,0.00026850086634758977,500
23,shock_x_ind2,-0.00267982009733602,0.005186714454564647,0.005119356580524713,-0.013153014854191104,0.006065694661708278,-0.0109568611113048,0.005179979849311783,-0.007679263362874848,0.002467289279420887,500
23,shock_x_ind3,-0.0003839122902837963,0.0012709406979799678,0.0014500300547623515,-0.0032175397563165733,0.002274126996146082,-0.0028266156889766745,0.0017507146761523607,-0.001857969515003523,0.0010983796225414058,500
23,shock_x_ind4,-0.0009863766977551921,0.001776908659101979,0.001809923650006024,-0.004485463291333517,0.002640982427024345,-0.003958630944083274,0.002089960506950954,-0.0026598579403878356,0.0009077152968982238,500
23,shock_x_ind5,-0.00039480033220895853,0.0010845099277703417,0.0011332244404841081,-0.0027702394121523538,0.0018676107052423244,-0.002327942438248021,0.001446401399412935,-0.0014751603108102789,0.0008249114824699536,500
23,shock_x_ind6,0.0005785681028540795,0.001182287158411575,0.0012905793476616686,-0.0018384928302386386,0.0030232313487172395,-0.00149502265979686,0.002682342686468583,-0.0005458752596918433,0.00194212907082167,500
23,shock_x_ind7,-0.001513164805188538,0.001849062158666538,0.0019359993349318788,-0.005345327030806096,0.002157467996665645,-0.004869664378513028,0.001799469257832299,-0.0033544920280105936,0.0004626321163324824,500
23,shock_x_ind8,-0.00169257210818783,0.001958643195270435,0.0019385372763340257,-0.0056903718520558595,0.0017394171811902636,-0.00515082972995593,0.0013984277341032446,-0.0037231748602526427,0.00021861659445865608,500
23,shock_x_ind9,-0.0017212710712025876,0.0011386716967525762,0.001194907414314114,-0.00412168902080252,0.0006249155694105421,-0.003667783851995205,0.00027084262727816917,-0.0027534608878698546,-0.0004065725713909636,500
23,shock_x_ind10,-0.0035694119598507564,0.001596050300799177,0.0015881691150920318,-0.006831600727371982,-0.0007272702512139084,-0.006417459442516601,-0.0011515352474288179,-0.005201713796746019,-0.0019860004143479703,500
23,shock_x_ind11,-0.0036937636226435674,0.0030336590714825393,0.0033668516042776723,-0.01017267052096361,0.002988561750743104,-0.0091215821021117,0.0016966370527931752,-0.0064314638214750626,-4.410237065782356e-5,500
23,shock_x_ind12,-0.0006565858900442417,0.0012269509539874234,0.0013256135217294897,-0.0032239691438942,0.001877678807591677,-0.002858314306709302,0.0014768772202514565,-0.0019103391810699488,0.0007652563787574378,500
23,shock_x_ind13,-0.0010614232255160394,0.0016830350832782144,0.0015701029829562339,-0.004185963731629914,0.001972168237885861,-0.0036345788914579078,0.001485963985734289,-0.0026830484657688757,0.0004711088009784994,500
23,shock_lag1,-0.0003646159562538391,0.0010227168120797113,0.0010927475735733978,-0.0024250694207660034,0.0017372943704076277,-0.0020515389692109713,0.0013747170519771864,-0.0013868639723134885,0.0007662714586851415,500
23,shock_lag2,-0.00041144932231599555,0.0007931029348755073,0.0008711712122269981,-0.0022587256223443875,0.001153194175599456,-0.0019029574642224043,0.0008153762516496571,-0.0013104252707719208,0.0003309465439199002,500
23,shock_lag3,0.0008924081217228125,0.0007719900831195286,0.0008290604553201836,-0.0007198446982713441,0.0025279371296181284,-0.0005265758754672427,0.0021905534009782728,3.862628333242951e-5,0.0016426186219132832,500
23,shock_lag4,0.0002246017480827659,0.0009487183786027454,0.0009773771178192025,-0.0016446960012704843,0.002111983539322364,-0.0013982332066026172,0.001797497859489622,-0.0007998538450541811,0.0011412771024436326,500
23,shock_lag5,0.0012797725081595307,0.0007773511348480875,0.0008452488127920123,-0.00035212730834573944,0.003062236007359063,-0.0001313359436046063,0.00266409470913667,0.0004695655809445526,0.0021225997590720866,500
23,shock_lag6,-0.00020073360854096296,0.0008245102168844418,0.0008911543284778963,-0.001987087050688715,0.0014062081490815526,-0.0017650020201981768,0.0011878913538769153,-0.0012180459346706066,0.0005939858388986424,500
23,shock_lag7,-0.00019620308085755342,0.000730149170217401,0.0007928779541138284,-0.001822306458246067,0.0011755916366345716,-0.001519371361400425,0.0010146468706605488,-0.0010777947023983417,0.0005174394960937827,500
23,shock_lag8,-0.00023037496466742563,0.000827211742425288,0.0009092117714301258,-0.0020461358563757534,0.0014951136958217034,-0.0017083561724370105,0.0012324472648158242,-0.0010968027172125056,0.0006691340298366288,500
23,shock_lag9,-0.0004617329682948647,0.0007870948755820167,0.0008282122315209854,-0.001996568874970593,0.001210288289525084,-0.0017532461269783954,0.0010074166252090828,-0.001245470168348112,0.00037450202671880986,500
23,shock_lag10,0.0004071022336310699,0.0008939008804029968,0.0008372514813047633,-0.0012294230292193011,0.0020761545110316694,-0.0009287160804653189,0.0018852708733139542,-0.0003594677178647996,0.0012363313252663295,500
23,shock_lag11,-0.0004745120456458845,0.0008450487210709838,0.000812589010314154,-0.0020338833005349045,0.0010811380579089222,-0.0018757930808755818,0.0008426996595352899,-0.0013549990204423353,0.0003138937651625058,500
23,shock_lag12,-0.0005154812300728731,0.0008428687894449065,0.0008337563251920332,-0.0021288669040444323,0.0010915407550259122,-0.0019396822994013838,0.0007869362548977728,-0.00141570222620437,0.0002601083601879256,500
23,log_oil_lag1,-0.0035753609725635628,0.0021216579670648226,0.0020218519792038806,-0.007699586358458408,0.00018605423596954355,-0.007235224571453757,-0.0005177135989888632,-0.005637745266443002,-0.0017620063103346022,500
23,ffr_lag1,-0.002459694714197689,0.000480703456970615,0.0004495544854302508,-0.0034358348582229467,-0.0015412735752235963,-0.0031698009726026204,-0.0016830136730544027,-0.0028662326319394285,-0.001988214921254174,500
23,cpi_lag1,-8.918858703500597e-5,4.028839698565613e-5,4.2258973341594784e-5,-0.00016890495682889866,-3.689885165162723e-6,-0.00015422435788848556,-1.6025357945914005e-5,-0.0001270867304131711,-4.354928382281184e-5,500
23,indpro_lag1,-0.00021292669565690586,0.00010438317625500803,0.00010785582256641356,-0.00040681339874605756,3.726658829938222e-6,-0.00037712070872808733,-2.8575138287452693e-5,-0.0003101361031873481,-9.45915947761574e-5,500
23,log_rincome,-0.07889944707771353,0.030412494902777063,0.030191473117380203,-0.1317365650552899,-0.01874698476905709,-0.1253753868433671,-0.024639192571512612,-0.10511194651493308,-0.046780639642344364,500
23,log_rwage,0.0674399088453036,0.03495383682405666,0.03409272687629959,-0.0009837445938853256,0.12993584776003753,0.007341549367781417,0.11833062654887402,0.03058546964320325,0.09876280252759165,500
23,age_mean,0.0015070389166588038,0.0008787696026316159,0.0008548032819396257,-0.0002111191585132578,0.003101146725241944,8.369611246464374e-5,0.0029359545068593515,0.0006463382489016443,0.002305693235474497,500
23,female_share,-0.024024849199106864,0.022181639413944854,0.022986672603411678,-0.0671742968675915,0.01953430389945366,-0.06127319615244167,0.013967599368683097,-0.04642913085761383,-0.00020805751459110062,500
23,married_share,-0.003651033256222902,0.019552567527302882,0.01982233312314056,-0.038996872209747534,0.036938587640482384,-0.03296711689748025,0.031027607155632082,-0.022436197092040228,0.01718365525188361,500
23,unemp_rate,-0.006371912065248334,0.033734607220722954,0.03477279822964408,-0.06383145654307493,0.07360382688257489,-0.05346081160950368,0.06007033402538656,-0.03410824794882531,0.03649969570456065,500
24,intercept,-8.461151660957144e-9,0.0006396291122593272,0.0006007650585277939,-0.001134781536137408,0.0012784963658083455,-0.0009675062254813805,0.0010674679160279485,-0.0005226982144399037,0.0006859284904052766,500
24,shock_x_ind1,-0.012138472586546864,0.004493286966171288,0.004579656049732937,-0.02221793313960168,-0.0037231583509273877,-0.019974530994896413,-0.004884656439403296,-0.017158189215284836,-0.007850048351616479,500
24,shock_x_ind2,-0.003462304896544033,0.004688577293913756,0.004473125108518166,-0.011872376276148724,0.0052658954340411455,-0.01031774486390507,0.003751793942200043,-0.007860819449589822,0.0011475851940778608,500
24,shock_x_ind3,-0.0009257841139531152,0.0015713843766648108,0.001640985763741312,-0.0043558247976498935,0.001969761635180192,-0.003923698761188588,0.0016791550133730103,-0.0025450101587343207,0.0006958377952132626,500
24,shock_x_ind4,0.0008261883100641866,0.001740009790998491,0.0018351141672762318,-0.0026495546112286403,0.0043822364268412675,-0.0023365802359445165,0.0038712073597930567,-0.0009636931072851181,0.0026175719377369124,500
24,shock_x_ind5,-0.001447510778120589,0.0010192816615895335,0.0010254585599033873,-0.0033948565043575487,0.0006615344451299434,-0.003121470761064006,0.0003729212356618736,-0.002432117134796242,-0.00048382594926677354,500
24,shock_x_ind6,0.00036520155883251553,0.001263941814533167,0.0013712003570162973,-0.002441719651757147,0.003283357070284934,-0.0019399879203246056,0.0027785262204134517,-0.0009188574789702566,0.0016680528953919517,500
24,shock_x_ind7,0.0005977831160319533,0.002079470695920804,0.001966339457997256,-0.0032443208407944937,0.0043653053709617985,-0.002761075516518306,0.0038979381834663837,-0.001411941618478131,0.0024901916713872107,500
24,shock_x_ind8,-0.004050583668595116,0.0019267488830704933,0.0019320213830573195,-0.007945241493385342,-0.0001648007599684141,-0.0071398467560355346,-0.0008242866292665191,-0.005751596320253083,-0.0020842763060953716,500
24,shock_x_ind9,-0.0008417308199130977,0.0013373223001128093,0.0012975743979180834,-0.0032846331141645133,0.0017433220878897305,-0.002796874964739073,0.0014271368399407058,-0.001968751846307916,0.000563881163900124,500
24,shock_x_ind10,-0.002423950973401241,0.0017884338210024796,0.0018499014078403931,-0.005834031096205923,0.0012813123636244322,-0.0052981657545160986,0.0006844949246066575,-0.004198608695228104,-0.0004433103675855332,500
24,shock_x_ind11,0.0012547905667537162,0.0033209748256489546,0.0035273560273332226,-0.005305666965641341,0.008708376563502675,-0.003867209796418496,0.007627856036018231,-0.0017364217824502714,0.005167362069435118,500
24,shock_x_ind12,-0.00013337082216630897,0.001198789038100429,0.0013021966045702197,-0.0025231519663857704,0.002362973343158397,-0.002170951220089146,0.002007752081140367,-0.0014957723088613508,0.0012619870251281838,500
24,shock_x_ind13,3.429635637774926e-5,0.0014262413578913318,0.0013234128314885112,-0.002502972493593848,0.002599312682288258,-0.0020130513190625894,0.002330195785141944,-0.0012864219049736473,0.0014809868824262934,500
24,shock_lag1,4.421585359685348e-6,0.0010146753483729076,0.0010502118449412566,-0.001934019626181949,0.0018661223191266132,-0.001734674418046199,0.001670744763846004,-0.001087451981750448,0.0011048680996018749,500
24,shock_lag2,0.00023992494701819227,0.0007983568594318049,0.0009168222126662498,-0.0016461326531669262,0.002005075382545665,-0.001286125946664331,0.0016869369627587284,-0.0007069252958852806,0.0011629704139277032,500
24,shock_lag3,0.0006633652917398081,0.0008911964696918389,0.0009550021688033003,-0.0011646019201198708,0.002582334774833172,-0.0008484340268739724,0.002251552831980489,-0.000227827907428805,0.0017015940410406152,500
24,shock_lag4,0.0023104472739649213,0.0009361641326701132,0.0009828429805103902,0.00042847244988184234,0.004148144701474073,0.0008303810034124057,0.0039339796714690815,0.0013739688015474752,0.003354095180275869,500
24,shock_lag5,-0.0005310016719703467,0.0009047133037355834,0.0009542554213295934,-0.0024152647437616684,0.0013312662739282167,-0.0020767080927770955,0.00109473244448233,-0.0014121010749677005,0.000436333838479642,500
24,shock_lag6,-0.0001648271354768491,0.0009358136948998032,0.0009821537938883046,-0.002084022010528229,0.001729091879454189,-0.0018492284638048704,0.0014538124231141883,-0.0010310655893337503,0.0008281900398779512,500
24,shock_lag7,-0.0008429635121604778,0.0008073042075237403,0.0009191095197702696,-0.0026028355616116907,0.0009210058476090235,-0.002362302741706248,0.0006132125372990265,-0.0017680056526937393,6.61467255711209e-5,500
24,shock_lag8,-0.0009482306688414024,0.0008628635195229923,0.0008851156681318879,-0.002433186847462047,0.0010033472738291262,-0.002239281552415738,0.0007050280595154734,-0.001628664146307754,5.74770256796766e-5,500
24,shock_lag9,0.0001394408090617548,0.0009472953907536908,0.0009404274858050713,-0.001522647662513154,0.0022204716243386493,-0.0011900770617140973,0.0018938161753074222,-0.000560822215672683,0.0012360281803047394,500
24,shock_lag10,0.0008296545539551371,0.0009195726511960839,0.0009273341004733738,-0.0006991398013243713,0.0029607444948167565,-0.0004693863423697373,0.0024914279103928198,7.099606369721555e-6,0.001814753423091334,500
24,shock_lag11,-0.0004435641676285718,0.0008918072735435376,0.0009193082020212429,-0.002133775750104371,0.0014837713866951924,-0.0018411140395155291,0.00116727765703635,-0.0012018301764158783,0.0006722932008603554,500
24,shock_lag12,1.0888889412382058e-5,0.0008244364776936586,0.0008598708731252217,-0.0016457933685805803,0.001671895096583114,-0.0013845450089649965,0.0013971264915871862,-0.0008083952335645925,0.0008633396568172511,500
24,log_oil_lag1,-0.003423913481568013,0.0023788947727961343,0.0022570402293514485,-0.00799304945475273,0.0009105853603935175,-0.007479366503516076,0.000117224071562587,-0.005974526744145194,-0.0013419040818310286,500
24,ffr_lag1,-0.002579296793691467,0.0004953933250786575,0.0004747661753528994,-0.0035189732494613243,-0.001647339508286935,-0.0033670182972171756,-0.0017969851990511736,-0.003034919318719774,-0.0021130699056024537,500
24,cpi_lag1,-0.00012251725963210774,4.47547273861271e-5,4.4510499675619524e-5,-0.00020994491818252024,-3.691838972905297e-5,-0.00019373031701255876,-4.9787884401100256e-5,-0.00016726314476750326,-7.867645636183263e-5,500
24,indpro_lag1,-0.00025158688774294826,0.00012038765401036366,0.0001273889391410547,-0.00048811573924126695,2.4581632106082876e-6,-0.00045301860488195027,-3.391385838964416e-5,-0.00036799859390146335,-0.00011051803385802268,500
24,log_rincome,-0.04715976446953478,0.032971356338945226,0.032236536035910236,-0.10345517416314132,0.021578409886020493,-0.09822965835867391,0.011372520642537184,-0.07162608361370854,-0.010278727894116942,500
24,log_rwage,0.04174460668086523,0.04029502462719248,0.03839813501604695,-0.038025698135319225,0.11516962123866481,-0.02982704172081487,0.09959769292504382,-0.0020769534950175294,0.07385252373768816,500
24,age_mean,0.0016694751671892413,0.0008326895281136102,0.000806969676738894,0.00019634878397195628,0.0032201039368188675,0.00038135276813763065,0.0030411257807803032,0.0008389896098902186,0.0025174806528501198,500
24,female_share,-0.04378594034687536,0.02214898280184847,0.02295990178438932,-0.08850827339592303,0.000206721637397831,-0.08347489758488169,-0.007254719013567405,-0.06690814861188574,-0.019495119469868892,500
24,married_share,-0.029035436729628692,0.019807177052777663,0.021041499453700815,-0.07173360316331295,0.009061338666015505,-0.0627183929019866,0.004627151703323145,-0.04951893719363042,-0.00826574969387467,500
24,unemp_rate,0.006083695210869827,0.03155895158584267,0.032552561953047135,-0.04873573285853965,0.08072037524044016,-0.0387663709368272,0.0705473917196411,-0.018914613448138808,0.04398493720418889,500
25,intercept,-5.162354847845486e-9,0.0007411972915857673,0.0007447232651963761,-0.0014361665172296467,0.0014482900104589498,-0.0012037052957592073,0.0012492276949684804,-0.0007079860899331697,0.0008044863705680276,500
25,shock_x_ind1,-0.004380702357309348,0.004607979481111674,0.004618361618964019,-0.013356860372292667,0.005113520664486606,-0.01168550186767983,0.0037719944059579507,-0.008853506418290804,0.0002942655227974101,500
25,shock_x_ind2,-0.001664637973323062,0.004474504724610596,0.0047015004871877614,-0.010714518698602434,0.007712835107879616,-0.009424238153022024,0.006162290262336666,-0.006394959381814919,0.0029809315911558908,500
25,shock_x_ind3,0.00027324164387576696,0.0018235411093979873,0.0019347808909695593,-0.0032899242899725664,0.004137440670233538,-0.002593582173446112,0.003663848630222289,-0.001392362239255653,0.002454984398215798,500
25,shock_x_ind4,-0.0022015414640879057,0.0013905352683610927,0.0014129999866137441,-0.004927725046783613,0.0006761571778239969,-0.004475172872045483,0.0003629790884651958,-0.0034637860083917464,-0.0007638976427069863,500
25,shock_x_ind5,0.001616177532808632,0.0011976115838041289,0.0011944659632898563,-0.0007157326148117301,0.0040104015993939895,-0.00026822219661909387,0.003503869105318104,0.0005444895412580351,0.0029136976082716126,500
25,shock_x_ind6,0.0018548914791644243,0.0013357111670641787,0.0012867953926385567,-0.0007232544800159856,0.004465322254033146,-0.0001712793101511988,0.004039440756956674,0.000775878834071813,0.0032166892059397175,500
25,shock_x_ind7,4.3600408533341775e-5,0.0019013101413937607,0.0018021858846283046,-0.003539534424060047,0.0032518287416263532,-0.002937158022157068,0.0029213122576047376,-0.0018116393774559236,0.0017312257787870733,500
25,shock_x_ind8,-0.002978296128756784,0.0017843338413927661,0.001878583470528578,-0.006862056439635505,0.0005491008160722947,-0.006038708040008192,7.268213553892667e-5,-0.0046122246508861564,-0.0011453518094323438,500
25,shock_x_ind9,-0.0018331222789308838,0.0014486669606614574,0.0015421438529918006,-0.004909387560173822,0.0008577172021973852,-0.004569181627085189,0.0006128172245413447,-0.0033964654694182694,-0.00041039962128100536,500
25,shock_x_ind10,-0.003181644498305509,0.0019521461672493974,0.002018894881950275,-0.006972497402176229,0.0008648230892609603,-0.0064519329356009444,-7.073855243118956e-5,-0.005125806009843403,-0.0012090707167920862,500
25,shock_x_ind11,-0.00428003117123824,0.003015653807344616,0.0031692087318810924,-0.010727102232045586,0.0013395225365028158,-0.009801338436823983,0.0006661535035461352,-0.0072344601280446156,-0.0010628034734710358,500
25,shock_x_ind12,-0.0002532487765981119,0.0014122299400737544,0.001451056470962212,-0.003365299922111589,0.0026346854965387666,-0.0025647965274816814,0.0020492411287620564,-0.001581396425255202,0.001105176642693545,500
25,shock_x_ind13,-0.0006549171631325221,0.00170170937042599,0.001647514894243471,-0.003955048222918357,0.002669641799384272,-0.0034000313304332784,0.0019056329311361022,-0.0022366098152974377,0.0010262311072966903,500
25,shock_lag1,0.0007557566870297028,0.0010275862393485037,0.001075238911452429,-0.0013637728118491789,0.0027921032409964023,-0.0010544349010487616,0.002508485254510009,-0.0002723459758595919,0.001807597725544731,500
25,shock_lag2,3.064064884232972e-5,0.0009199877117927132,0.001041708381697973,-0.001995507010036821,0.0020526558373247863,-0.0016166542473349769,0.0017238501972620152,-0.0009664584943402355,0.0011341035928044193,500
25,shock_lag3,0.0029235577569594754,0.0009426338057100148,0.0009951040882338813,0.0011223037451630147,0.004942036626424579,0.001370242267814432,0.004568736618176998,0.0019593275265733755,0.00392119118837727,500
25,shock_lag4,0.0006316105696722613,0.0010617615362888998,0.001104412402305453,-0.0016377061629639167,0.0027249982368499656,-0.0012708227062861966,0.0024593214950602736,-0.00046516721759340467,0.001719755470373524,500
25,shock_lag5,-0.0004408357013113446,0.0010602671828610713,0.00114422369288438,-0.002709821314070565,0.0016928046271694978,-0.002430377266441998,0.0013187455951893577,-0.0016979719334766848,0.000606037003945208,500
25,shock_lag6,-0.0007049726696020614,0.0010555124217987994,0.0011026889354963166,-0.002828281768094889,0.00137633040135149,-0.002519919209072496,0.0010700115065991741,-0.0018831716382317675,0.0004298059623790702,500
25,shock_lag7,-0.0015799908909080588,0.0008533707314692138,0.0009534807885565288,-0.0034429653379717154,0.0002618532282449339,-0.0031535900922152822,-0.00011933618722381377,-0.00253650341338317,-0.0006553344475722662,500
25,shock_lag8,-0.0002610137498862555,0.0009639592268993416,0.0010280888555966902,-0.0021154834849312614,0.0016532440382581693,-0.0019083116407880266,0.0014515646765401679,-0.0012752064474547584,0.000838792284058512,500
25,shock_lag9,0.0005141315008598593,0.0011474448736789585,0.0011128019802542559,-0.0015074945374981606,0.002962215527748705,-0.0010245696311162733,0.002515094881985659,-0.0004633912788251734,0.0016681878964512728,500
25,shock_lag10,0.0010352980061690783,0.0009496459656483824,0.0009918474449819243,-0.0005977510510564599,0.003257444732611417,-0.00041552046977307293,0.0028181834315065247,0.0002460246441879276,0.002183981247646763,500
25,shock_lag11,0.00032294209259458017,0.0008741219354574658,0.0008968333933600294,-0.0012627725741944725,0.002198832888151066,-0.0010990911540952849,0.0019168650229891041,-0.0003904211450667654,0.0013230867637419059,500
25,shock_lag12,-0.0004578161457622368,0.0009824122314962777,0.0009876946506901139,-0.0024560960840194507,0.0012462246433632084,-0.0022356712283657823,0.001000374879609162,-0.0016115997752602885,0.00041486173003751485,500
25,log_oil_lag1,-0.0049122063260457795,0.0024973809343024856,0.0024627192327342545,-0.009533601126344427,-0.00029016404650271377,-0.00881457910646314,-0.0009363322464937345,-0.007073916260346065,-0.00226439661847744,500
25,ffr_lag1,-0.002776296142307201,0.0005569109468885751,0.0005734170199899899,-0.0038749690951886302,-0.001611339817702135,-0.0036836273039942313,-0.0017651999951909518,-0.0032839392234082355,-0.002137510534644672,500
25,cpi_lag1,-6.629936814927594e-5,5.1245567424562436e-5,5.059328390819117e-5,-0.00016621692232348555,2.9814910226798115e-5,-0.00014892615729116256,1.5186205185545793e-5,-0.00011396101942729247,-1.6731077700984132e-5,500
25,indpro_lag1,-0.00017770310594053426,0.00015425699174861175,0.0001700445078930724,-0.0005307124820077384,0.00012482904285877186,-0.0004757150614229995,6.421431626206953e-5,-0.00037178803702864557,-1.4970003871853034e-5,500
25,log_rincome,-0.08338557976414716,0.031064835137205978,0.02946079979083042,-0.13785597596166893,-0.023210703782099912,-0.12948296390078723,-0.034169076540275095,-0.11089157787510537,-0.05216954951655585,500
25,log_rwage,0.059705837978664786,0.03937051436700051,0.037178457066237625,-0.016783352737155838,0.12878604551612244,-0.0039024521819563027,0.11942387613291054,0.022834938699446493,0.09634325009340318,500
25,age_mean,0.0009133354465821875,0.0009341331383046424,0.0008666077708735804,-0.0007246100827743797,0.002703312414355694,-0.000549988868019819,0.0024371091237444928,0.00015440433484190114,0.0018277405597879551,500
25,female_share,-0.0728241789046796,0.022997776752061435,0.024639472894958644,-0.11809821782039548,-0.021197533969068153,-0.10971946967975887,-0.028237586674588838,-0.09362369932362428,-0.045167809112640483,500
25,married_share,0.005975222411527698,0.023428179041688944,0.022754800427830176,-0.03906142781755168,0.050445037412426605,-0.031220281713876207,0.0416670263885775,-0.016821797524420416,0.028888824236349517,500
25,unemp_rate,0.004904892373897215,0.027950402469084163,0.029322520461036616,-0.05409739065133727,0.06401368788613701,-0.041658473826457994,0.05541088019248098,-0.022476398212419715,0.035548356428934696,500
26,intercept,-6.7452748162610996e-9,0.0008555454662985614,0.0008968446760159096,-0.0017089768105711905,0.0017932646492321157,-0.0014537501706830907,0.0015911069118529045,-0.000753738168429196,0.0009258914699191443,500
26,shock_x_ind1,0.001655811999437486,0.004168652652821755,0.004418565798777066,-0.006058637494368571,0.011366501369189319,-0.0053956920584569395,0.009568289699743037,-0.002610049406501962,0.006129100056017659,500
26,shock_x_ind2,-0.0001481601834310789,0.004087078933375077,0.004159743237459227,-0.007851636189691666,0.00786450587798929,-0.006539263939505771,0.006905424762390168,-0.0038572260944878577,0.004158947495824574,500
26,shock_x_ind3,0.0008382366890595444,0.0016050318110821646,0.0017094676771076433,-0.0024994214680377986,0.003897652592646618,-0.0020206140272430785,0.0035420450452418525,-0.0009921238191443293,0.002520512672048437,500
26,shock_x_ind4,0.000226678291905015,0.001357358097452736,0.0014314338477483769,-0.0024312465226645516,0.003150073746385761,-0.001985589850810372,0.002724475986495611,-0.0011139791456278177,0.0016003537248169735,500
26,shock_x_ind5,0.00017536020255316435,0.0010350169057783258,0.0011005741036970724,-0.001713585524341591,0.0022880618788952045,-0.0015727371442301242,0.0020755139909983374,-0.0009655107834404403,0.0013411042595672799,500
26,shock_x_ind6,-0.0006391810097464391,0.0012399657430149855,0.0014060857653636393,-0.003340251135135058,0.001937477425479285,-0.002927234632834458,0.0016731496282320318,-0.0020505604210174105,0.0007269946216912916,500
26,shock_x_ind7,-0.002013995502271175,0.0021937723806729043,0.0020809758548881,-0.006257271179055108,0.0017822421602051884,-0.005694174798929048,0.0010637660010590479,-0.004346757542682779,-7.299483093742443e-5,500
26,shock_x_ind8,-0.002314546984844621,0.0026487197615081303,0.00257454341050273,-0.00769279149780722,0.0025671801066574915,-0.0070480621923390396,0.0019591796206348145,-0.0049319821987621375,5.5167014440235285e-5,500
26,shock_x_ind9,-0.000482333274552784,0.001304159316880449,0.001408621505580836,-0.0030095880308026244,0.0022911778423560687,-0.0026574382142912738,0.0018805141107506335,-0.0018396136792389484,0.0009784295296559364,500
26,shock_x_ind10,-0.003789604351053263,0.0016885802587026802,0.0017664472097742904,-0.007450002544635639,-0.0007692831039456879,-0.006863746804393778,-0.0011879179230752475,-0.00561892019890727,-0.0019117132690118872,500
26,shock_x_ind11,-0.003835472813541142,0.0036954876092008186,0.0038409331139161946,-0.011320867832225641,0.0037572460553425384,-0.010082246534038929,0.002704620675840527,-0.007401887006027831,0.00025174779619860724,500
26,shock_x_ind12,-0.0004477238315311381,0.001847115852775763,0.0019069747367844226,-0.00431427010922715,0.0032372268370483457,-0.0035949428174373737,0.0026412843448853224,-0.0023643607555960174,0.0013732595079700269,500
26,shock_x_ind13,-0.0005738178933748691,0.00139472644431584,0.0014325053518649256,-0.003528216419226922,0.002173257302213711,-0.0028873659598113574,0.00168799630893996,-0.0018705215218487252,0.0008230395815153675,500
26,shock_lag1,0.0005267615194716643,0.001188709967554672,0.0013141060350670124,-0.002042668516785147,0.0029878835626227307,-0.001813990887371109,0.0025982120677123127,-0.0008361307686970278,0.0017797789361005678,500
26,shock_lag2,0.0022937466628637528,0.0009646961781222861,0.0011320705386363074,0.0002638279512058566,0.004610377281812313,0.0005031791308972017,0.0042151136509541815,0.0011801265074996813,0.0034205952254844395,500
26,shock_lag3,0.0012279634512511687,0.001066711369439081,0.001132858631490453,-0.000982037050284355,0.00351785151785613,-0.0006349771028450836,0.0031421723929824603,0.00019458869760996704,0.002353997701123216,500
26,shock_lag4,0.0007081936779780102,0.0012145743286819174,0.0012577137497379164,-0.0017125203391788934,0.002979822008406979,-0.0015258268011675922,0.0027189384408880485,-0.0006252877212890421,0.0019628672467981835,500
26,shock_lag5,-0.0009977710815107614,0.0011850470721325192,0.0012415148920554768,-0.0033005963141173184,0.0012725764836258487,-0.003000028781449393,0.0010201402538367172,-0.0022504114053103355,0.000169896371546851,500
26,shock_lag6,-0.0015780402243208297,0.001052909472260107,0.001087231444794916,-0.0035802717161448642,0.00046182966754374703,-0.003231432685826161,0.00013957268950901453,-0.0026627306195519712,-0.00045567499742019504,500
26,shock_lag7,-0.0010251123483898466,0.0009132365568642713,0.0010163011782663692,-0.0028775384434261793,0.0009511686180949663,-0.0025041585156269437,0.0007117737355977838,-0.002029280649162842,4.432879354960004e-5,500
26,shock_lag8,-9.944387909586733e-5,0.0011052800078072984,0.0011437686617458977,-0.0022695254062708695,0.0023135983564605347,-0.0017935077662649807,0.001954959169267102,-0.0010204589251937945,0.001172661824207764,500
26,shock_lag9,0.0006654505295199023,0.0011335748773752105,0.0011518689124821204,-0.001477719303800352,0.003213098978905919,-0.0010732815004449075,0.002824108528508922,-0.0002676711750055892,0.0019289734874027007,500
26,shock_lag10,0.0018369457853549816,0.0009783401004448019,0.0010134415427871485,-7.8874794588257e-5,0.0037397740268695395,0.00020106236551194754,0.0034924709442367948,0.000841847537427932,0.002890767835825584,500
26,shock_lag11,-0.0003835138066003758,0.0009093379008470347,0.0010367268659374896,-0.0025369617099336105,0.0015097149302885572,-0.002180298153750432,0.001248485771170192,-0.0014189508815695387,0.0005760425519710845,500
26,shock_lag12,0.00012838399363215286,0.0010639723370098855,0.0011417324184951926,-0.00236131825759213,0.0019881284891789543,-0.0020445046651904443,0.0018067551275589536,-0.0010665265837666302,0.0012193509023891323,500
26,log_oil_lag1,-0.006132289746354073,0.0027337373037578197,0.00268156350743301,-0.011247149295250801,-0.0009408219414477831,-0.01071601955799523,-0.001718636423997212,-0.008833711278921005,-0.003399774531577426,500
26,ffr_lag1,-0.0025416576121198246,0.0006224766135207029,0.0006407882295955161,-0.003745131828178362,-0.0012752003822022627,-0.003605913071831547,-0.001413589682810131,-0.0031555152563990203,-0.0019058600193411412,500
26,cpi_lag1,-9.407094196019619e-5,6.012254333427145e-5,6.049484317614603e-5,-0.00021088747675907193,2.3427637119960262e-5,-0.00018833098461036233,4.356797806790627e-6,-0.00015394185296437163,-3.123055139466262e-5,500
26,indpro_lag1,-0.00013469496788119572,0.0001851708063950192,0.00019344843680215928,-0.0004924472892283344,0.0002552999830684867,-0.00043134978384160293,0.00019628059919433617,-0.0003210357882620056,5.532089183039233e-5,500
26,log_rincome,-0.13168880526531207,0.03004348673780275,0.029386277417062,-0.1850758285648912,-0.06618399115338722,-0.17442987812076224,-0.07943711922992715,-0.1591539057114279,-0.10071001915574324,500
26,log_rwage,0.10884007850018595,0.035064078945270374,0.034491279098816656,0.034392066083276204,0.16700640523078447,0.04657932497413628,0.15758609767402593,0.07141660441008163,0.14164953170493189,500
26,age_mean,0.0018915215062150863,0.0009670590443106867,0.0009270814441840444,-3.1398662030889595e-5,0.0035062603572073923,0.0002708085722785634,0.003313732792757844,0.0009097986217038252,0.0027884200848388987,500
26,female_share,-0.08746300256578804,0.020984006469521848,0.0223561474377538,-0.13308592602977795,-0.0451651812378965,-0.12459847001600267,-0.050214102549558416,-0.10844701477875278,-0.06461264949936966,500
26,married_share,-0.010836274878206171,0.023775890252588472,0.02494921956290783,-0.05503126631731477,0.04158437654104133,-0.04947748493692709,0.03280693221487444,-0.035574378745225704,0.015630199425962717,500
26,unemp_rate,0.03545656435460496,0.029254684181235866,0.031776461669983394,-0.022000946583072716,0.09789614327092955,-0.01430206802805536,0.08842462346940065,0.006514351813644201,0.06962348765942575,500
27,intercept,-3.2808535315284256e-9,0.0009572882888513549,0.0009246609820697928,-0.0016056790454765022,0.0019957275616758097,-0.0013879310471623379,0.0017370448970373538,-0.0007816615160716843,0.001038648971919973,500
27,shock_x_ind1,-0.003700138096138415,0.004189759591603463,0.004533110477273696,-0.01268063877184052,0.0047110410502986914,-0.01136816574742522,0.0037669552198241214,-0.008252998089456329,0.0007948527361809273,500
27,shock_x_ind2,-0.003373886258582571,0.004180647733749612,0.004729065808929029,-0.012450024726605868,0.0064741692077838545,-0.010994763159670885,0.004765997178758677,-0.008112713339386412,0.0011806952665108501,500
27,shock_x_ind3,0.0016071899771404735,0.0016414120946101679,0.0017203585520286536,-0.0014740220124577546,0.005425086485131833,-0.0009638547908444996,0.004734787688473165,0.00013530942221052648,0.0034979639871250733,500
27,shock_x_ind4,0.0002848881412931274,0.0014058823831379994,0.0015059022885168605,-0.002934821282821023,0.003248547816683071,-0.0022106395760563132,0.002758285178442086,-0.001212843663418638,0.001661056677822579,500
27,shock_x_ind5,0.00011022310202674746,0.0010823992025530953,0.0011048526314755586,-0.002177637361963019,0.002019385445344134,-0.001775960116105468,0.0018253121713448738,-0.0010033299556673327,0.001199501534410521,500
27,shock_x_ind6,0.0020188680537262583,0.0013913943808637605,0.0014439332038461744,-0.0005392128063202488,0.005182662199026912,-0.000143335422897714,0.00454365110928764,0.0006480697042665959,0.003434664952141585,500
27,shock_x_ind7,0.0005677305910234347,0.0019139843575387318,0.0020192134135640066,-0.003441888506543595,0.004255361253814523,-0.0028236474618606212,0.0036217557307036893,-0.0015033092547893367,0.0023990668103981328,500
27,shock_x_ind8,-0.003181376941057463,0.0023486561083652133,0.0024755449099430954,-0.008290532633389696,0.0015267996709715952,-0.007494535335944453,0.0007785147604356386,-0.005664916759458711,-0.0007212977660857906,500
27,shock_x_ind9,-0.0012553812135067733,0.0016246386334951089,0.001700002260220021,-0.0046293142230966885,0.0021707455409051115,-0.004150134926090947,0.0014274095505297229,-0.00286068284111893,0.00028429517044579734,500
27,shock_x_ind10,-0.0026929477443667278,0.0018727892660046922,0.0019280544209217014,-0.006919268356063885,0.0008342424901231305,-0.005883928403025506,0.0002521144310396246,-0.004527339075049019,-0.0008237222192715632,500
27,shock_x_ind11,-0.0026020101593445767,0.0041814041447665136,0.0044950232269313104,-0.011405137725911783,0.006189641232726992,-0.009766223074580815,0.004821923394835809,-0.00663209152402594,0.0019499160423344269,500
27,shock_x_ind12,-0.0008709317451521571,0.001969466699370046,0.002064796631104357,-0.005163219428964074,0.0031335483580401933,-0.004286797064930073,0.0024746867054602885,-0.002698046754405471,0.001133558237873809,500
27,shock_x_ind13,-0.002898150512107478,0.0015691393296377544,0.0016243126326418206,-0.0063025472568201376,0.00024981068170402667,-0.005687982237423397,-0.0002869402750298053,-0.0043627287598490124,-0.001273115982080301,500
27,shock_lag1,0.002643346248238364,0.001162753309916842,0.0012552060647617624,3.0117673144870238e-5,0.004979560110819967,0.0005789919584334952,0.004681977466692379,0.0015453189537542674,0.003982963434281977,500
27,shock_lag2,0.000544926204337996,0.0011290778146752212,0.0012687515045728035,-0.0016993760755465801,0.003137217130516807,-0.0013807231708071598,0.0025846901832136445,-0.000715756376375461,0.001814463012341717,500
27,shock_lag3,0.0013046742241163553,0.001089872389235871,0.0011672709709858943,-0.000982301034154056,0.003494109933059316,-0.0006157748382645359,0.0031549175796555507,0.0001795817899489165,0.00244739554072974,500
27,shock_lag4,0.00014500964358264934,0.0013085301199581404,0.00131651926491158,-0.002679407130520728,0.0024808136176624838,-0.0022925901540401003,0.0021743183878427386,-0.0013394312231255776,0.0013240604761156917,500
27,shock_lag5,-0.001826391288221913,0.001253996394459381,0.0012684414268365981,-0.0044612861712070954,0.0005066383509901485,-0.004172349193124443,7.501446612143707e-5,-0.003211859499488717,-0.0006246516004752571,500
27,shock_lag6,-0.0010986280039771816,0.001103658256201412,0.0011447419349016033,-0.0035311917484401687,0.001135775898029544,-0.0031075703464426285,0.0007418972446015325,-0.0022395673416442906,-1.9892028395674675e-5,500
27,shock_lag7,-0.0007554631197612791,0.0010280580761940579,0.0010701501123348864,-0.002776201400337466,0.0014077057291176634,-0.0024669152423005976,0.001016855311378808,-0.0018063046317685063,0.00034695215763186224,500
27,shock_lag8,-8.118402938503206e-5,0.0011393238619487377,0.0010775152451288456,-0.001985635104875968,0.00219959783728368,-0.0017192128058625712,0.001829474533271945,-0.0010507014344028843,0.0011347205693542977,500
27,shock_lag9,0.0010995956105016669,0.0012034491424187672,0.0011366320414717655,-0.0009028952476222481,0.003504041935307953,-0.0006044208905893744,0.0032169745860122097,0.00011622730968063824,0.0023697524204582625,500
27,shock_lag10,0.0013226402072547294,0.0011217798690077775,0.0011896197196940483,-0.0010701314754234328,0.003484748391313721,-0.0006556205068947179,0.0031767885307323524,0.00021042865168583325,0.0025302001863423207,500
27,shock_lag11,0.00032332601748054514,0.001009492289892439,0.0011347654609498064,-0.0018695540904036605,0.0024738060146629456,-0.0015560641090372486,0.002002285939348221,-0.0008648564992114515,0.0013821283837467469,500
27,shock_lag12,9.406682105157597e-5,0.0011936986879371274,0.0012699504765344293,-0.002692148593997301,0.0021515260633685304,-0.002269804263611481,0.0018477712537547785,-0.0013311073547921215,0.0012302726627862618,500
27,log_oil_lag1,-0.007070130651321262,0.0030287186745217567,0.003064850207302919,-0.012964168203168844,-0.0013758613994604328,-0.012059876867387324,-0.0020865059018689053,-0.010336943845671229,-0.00398852135341953,500
27,ffr_lag1,-0.0026253338634992136,0.0006683516982312239,0.0006767245478173873,-0.003918112079929583,-0.0013805678035568921,-0.003692672639644418,-0.0015112503988788213,-0.003297709407335609,-0.0019054190009713265,500
27,cpi_lag1,-8.532871651089423e-5,6.523412036373248e-5,6.447672974516014e-5,-0.00020510855319848278,5.2105140904042926e-5,-0.00018720953166023776,2.409971734231181e-5,-0.00015052808925520965,-1.9618080555127162e-5,500
27,indpro_lag1,-8.544774772482818e-5,0.00021585897179894183,0.0002252541995790526,-0.0005286440033450716,0.00032666742193440977,-0.00046113843220297956,0.00027653660134065714,-0.0003142121041973105,0.0001272798525751484,500
27,log_rincome,-0.12535145855022023,0.03816005184728192,0.03658883801542363,-0.1905535442575249,-0.04500615736677084,-0.18105999009424123,-0.059943605661612755,-0.15686037457776153,-0.086469089421748,500
27,log_rwage,0.10300211580890178,0.04185763371517186,0.04034603677212619,0.02224687072980227,0.17746427545057417,0.033872751376843015,0.16220308973932498,0.0585634790099749,0.13707882491762127,500
27,age_mean,0.0022721448633249864,0.0009584701879784088,0.000960989727741635,0.0002513648686680875,0.004206424522764369,0.0006793526132757996,0.0037664396526445967,0.0012705281062856644,0.0031336738698557716,500
27,female_share,-0.048173315164495155,0.024431765808047647,0.026115480556107972,-0.09847380903444092,0.010238205380409898,-0.08976988170400446,-0.0023938703287068605,-0.07220427435872556,-0.022075171443765886,500
27,married_share,0.03482502389679317,0.026011347082471586,0.02564320350451824,-0.014032982758473702,0.07993614542439875,-0.007242754428112127,0.07459358816860627,0.008253457111149016,0.06169387624417798,500
27,unemp_rate,0.0475029188432027,0.03278929131563059,0.03732585340968875,-0.009563687017022152,0.13193889353387533,-0.004786182330826699,0.11557039462229535,0.012957014818300083,0.09076221837331866,500
28,intercept,-2.542864312580994e-9,0.0009858495513295545,0.0010109261893176595,-0.0017660816259546875,0.002185826117096861,-0.0015240011035859645,0.0018116330509423862,-0.0008383083994839356,0.0011628069754020893,500
28,shock_x_ind1,-0.005687071308005516,0.004309734003571495,0.004321618579266532,-0.014024461823898483,0.0020250513128091856,-0.012914269028154853,0.0010073512674199907,-0.010235197120810984,-0.0012817634795346065,500
28,shock_x_ind2,0.00745252932569102,0.004257032269702545,0.004777413375721397,-0.0015387500291406063,0.01685074733955181,0.0002962448036455871,0.015431721287728595,0.002805302247316179,0.01229576887816233,500
28,shock_x_ind3,0.002405149412418415,0.001928491779041567,0.0019469992854537642,-0.0013701908718957915,0.006155220525604442,-0.0007075568235530344,0.005574305213031629,0.0006353346439651187,0.004476071972046888,500
28,shock_x_ind4,0.0015977017687587327,0.001602145265172147,0.0015816660135315932,-0.0014370093096518707,0.004749506738336631,-0.0008589950834810135,0.0042261611670373666,0.00014693827391977987,0.0032391206076251323,500
28,shock_x_ind5,0.0008413614307515847,0.0013115078911094937,0.0013119500411731995,-0.001560589966892892,0.0037641040195196453,-0.0012094890184932462,0.0034599410640358996,-0.00023689905120653177,0.002191240680799509,500
28,shock_x_ind6,0.0014067993678519976,0.001373193775636322,0.001526241903522599,-0.0016128652698368705,0.004382020302535428,-0.0010673185662645867,0.004025203111704239,-1.1578402406927062e-5,0.002994983092983552,500
28,shock_x_ind7,0.0012772575497089886,0.0019576293286980703,0.002089316146051453,-0.0028493330636620074,0.005576834391720862,-0.002047118196045807,0.0049043639489713565,-0.00043151346709691444,0.0034791521740771686,500
28,shock_x_ind8,-0.0010601027092105302,0.0025818810172654576,0.0027277040621276386,-0.006128160534495752,0.004350086661861586,-0.005512974703022205,0.0033562204858183058,-0.0038588815663178995,0.0014727062329098315,500
28,shock_x_ind9,-7.632309425609739e-5,0.0014286748112807288,0.0015567685293382287,-0.003235691662624448,0.0030704690751460423,-0.0025062314506426532,0.0025637958000737713,-0.0014745168277410915,0.001684639413742423,500
28,shock_x_ind10,-0.0033244233423376907,0.0022688969516008487,0.0023138832248160326,-0.007875836281377908,0.0012751067319550701,-0.007210201879461177,0.0005604440377706471,-0.005474181063763403,-0.0010859210877965774,500
28,shock_x_ind11,0.0023618272909571663,0.004083147842751214,0.003914645317660137,-0.005343174044009072,0.010301539253795792,-0.0040818981040956805,0.008944438309012535,-0.0012905407631069335,0.006199305880024162,500
28,shock_x_ind12,0.0007933305832782153,0.0019579185156328375,0.002052001559278276,-0.0032870577998711827,0.004803115432735797,-0.002657108095382726,0.003984911778307806,-0.0012754258144648495,0.0028230817047727734,500
28,shock_x_ind13,-0.00011991238528899126,0.0014761951016771394,0.0014387512835662062,-0.0028874245024411546,0.0028156198198575396,-0.0024123812609676536,0.0022205164594233345,-0.001475378457521808,0.001347201478167905,500
28,shock_lag1,0.0011295489194406763,0.0012414245724208614,0.00135267699824825,-0.0014562992572212069,0.003715867551885182,-0.0010458429947323834,0.0033447783997129273,-0.00025013269655171385,0.002504970473979325,500
28,shock_lag2,0.0009181804505826303,0.0011183392495676442,0.0012138438351068305,-0.001479508240793266,0.003283622079174351,-0.0009302597675213584,0.0028887580835064617,-0.00023787208518284496,0.0020805911745375417,500
28,shock_lag3,0.000951231001031783,0.0010813355312284602,0.0011361759079085167,-0.0013649256991555008,0.002969745067516694,-0.001011105570390723,0.0027158383821834532,-0.0001933535561518024,0.0020415200798691484,500
28,shock_lag4,-0.0003552152281516876,0.0013183965984508276,0.001373717324568166,-0.0030378576041659396,0.002435371794409628,-0.0027038914325663715,0.00203654243212454,-0.0016400801663787176,0.00106433812508183,500
28,shock_lag5,-0.0010132876524663963,0.0011937923278797307,0.0012202510259741205,-0.0033999690438873227,0.0012958486837908476,-0.003092789353907283,0.0010278319848134056,-0.0023211900965280064,0.0001823288156779137,500
28,shock_lag6,-0.0006168225033701091,0.0011417486544967677,0.0012206991617101967,-0.002807728433929223,0.0018210214458904991,-0.0024527974892787126,0.0015245795955482456,-0.0016678774273123748,0.0008066228314364621,500
28,shock_lag7,-0.00035902041620056234,0.0010259920797606715,0.0011081697307306487,-0.00241937470476606,0.0018807851640042588,-0.002064408291738733,0.0014760961338692422,-0.0013624138070903698,0.0007735579360149539,500
28,shock_lag8,0.0007388903326599082,0.0010923810259526696,0.0010923626841256404,-0.0011537550239346102,0.0030748341314240793,-0.0008422778804616923,0.0027594953863679652,-0.00017068372414881367,0.0019922002365954507,500
28,shock_lag9,0.0005863436309883499,0.0012551003702477059,0.001276851842533103,-0.0017696018531476714,0.0031434925044117757,-0.0014300100719120182,0.002631584684271256,-0.0005784849416183254,0.0018605464697173876,500
28,shock_lag10,0.002004717925757655,0.0011267858690914303,0.0012540295977998487,-0.0005108577402498084,0.004328718751338162,-0.0002357187132517011,0.003883377714592464,0.0006632694217586731,0.003178050432959418,500
28,shock_lag11,0.000625755622298533,0.0010468530164166397,0.0011577168396112282,-0.0018723308856588915,0.0025793834098217176,-0.0014953705281442456,0.002363163541081151,-0.00047848460741467877,0.0016637379320459818,500
28,shock_lag12,0.0012608133821651857,0.001149935250171363,0.0011866088191468086,-0.0011273420716298793,0.00339190147461398,-0.0008355632320629656,0.003042179942039553,6.998729166067401e-5,0.002484514549632834,500
28,log_oil_lag1,-0.009818778363785656,0.0030810207065194244,0.0029447208105355736,-0.015979648890111747,-0.0037494066197250936,-0.014562519098901196,-0.005320077803289708,-0.012699908407439016,-0.006994537422820869,500
28,ffr_lag1,-0.0023183006916046352,0.0007078202715807159,0.0007074638084405028,-0.003612186126361384,-0.0007745137152180085,-0.003426257096749367,-0.0011442275990245737,-0.0030402752149553797,-0.0016639443948981893,500
28,cpi_lag1,-7.468165386493419e-5,6.935215448463851e-5,7.112614438756646e-5,-0.00019843516890520022,8.080051704862661e-5,-0.0001856632109530776,5.6736608172423846e-5,-0.0001350818423177595,-1.8332491795104359e-6,500
28,indpro_lag1,9.46195047762693e-5,0.00022154302532486123,0.0002264480479399791,-0.0003388655466627905,0.0005509777733979967,-0.00025873882870747233,0.00048122759534550323,-0.00013901064847844538,0.00029987178643338895,500
28,log_rincome,-0.18187703011255116,0.03387998197124049,0.0343542456045964,-0.24150154268077567,-0.10679289261514618,-0.22941228536584687,-0.11423324718510203,-0.2104225046784302,-0.14438131612090652,500
28,log_rwage,0.1449255626740004,0.038831353959330454,0.03848251651964044,0.0678317963393481,0.20912054524487667,0.0760453304084337,0.20245611362217797,0.10178852335017426,0.17823723166691993,500
28,age_mean,0.0027244550676259562,0.0009440694177603527,0.0009127991409551955,0.0009000366542076368,0.004606251019641569,0.0011742070291369407,0.0042321719914329686,0.0018082761417023544,0.0035694384734060044,500
28,female_share,-0.059590572569573855,0.021097374873314142,0.021864728576302818,-0.10377607321031455,-0.019649889183161455,-0.09479726938471025,-0.024796556202997904,-0.08096870432266054,-0.03671885180228267,500
28,married_share,0.029785610742198355,0.025127803458196558,0.02526784139172442,-0.019598796909995747,0.08134156581787556,-0.011626722280859644,0.07288467297744061,0.006472864959136966,0.054390753731716965,500
28,unemp_rate,0.09969974679147367,0.03790266589646457,0.035877277656100645,0.04071729229115134,0.17702714576377368,0.05053070535733456,0.16705085336331976,0.06961894569137304,0.13979673125886086,500
29,intercept,-1.4551846611659117e-9,0.0009715913140522752,0.000919628325764028,-0.001669751774566021,0.0017291301335567734,-0.0014910998405317283,0.001518724237195921,-0.0008086840443538629,0.001041794996864309,500
29,shock_x_ind1,-0.005751290218365696,0.004531239547428021,0.00453966352551604,-0.014857470556181526,0.003027791589297046,-0.013035908513286258,0.0020053977998314375,-0.009713585459258819,-0.0006570840697679622,500
29,shock_x_ind2,-0.001909294572381025,0.003919413377890058,0.004025774705235299,-0.008779264946222508,0.0065454225686292075,-0.007949655745120675,0.005031019442680148,-0.005860966509628571,0.001919937364168414,500
29,shock_x_ind3,-0.0010182629329589948,0.0016747422975161921,0.0018407696462723817,-0.0048588225458958655,0.0024939175654341583,-0.003963216142703191,0.0019847349364770887,-0.0028563872411655265,0.0007907889496689992,500
29,shock_x_ind4,-0.00047449537897311663,0.001498566145563499,0.0015272790601658602,-0.003508679008239469,0.002695380586840877,-0.0029955707423450816,0.0021435853761012686,-0.0019565275729920947,0.0011777418013339546,500
29,shock_x_ind5,-0.001439481345296653,0.0009544572688388672,0.0010733366899520788,-0.00349166845595468,0.0006648419032923836,-0.0032646940232562405,0.0002580206609322678,-0.00245104473405506,-0.00038053741643202257,500
29,shock_x_ind6,-0.0005231892734239083,0.0013664883297282823,0.0014422951687229886,-0.0034472954472441995,0.0022556036969670398,-0.002913112481511014,0.001789700493219693,-0.0018640839437131735,0.0009780556727926677,500
29,shock_x_ind7,0.0004960070344790648,0.002025185132127895,0.002136625585238473,-0.003509529669056904,0.005019670663052184,-0.002843746437330471,0.00427868635366277,-0.0015603923387922638,0.0024290987328346096,500
29,shock_x_ind8,-0.002112407431278134,0.002576474589494473,0.002695728720469272,-0.007251834021839605,0.0032420832110551705,-0.006336554921617137,0.002495194829824694,-0.00463571323848492,0.00046988804668240296,500
29,shock_x_ind9,-0.002463807643444356,0.0014562617724367573,0.0014784814635139685,-0.0054565181022539835,0.0003751489178339779,-0.0050706261710823175,-0.0002197484569663006,-0.0040218890460965995,-0.0010473043761776385,500
29,shock_x_ind10,-0.002834290551768163,0.0017304109035459,0.001802712924591381,-0.006654111684990431,0.00053582260647687,-0.005922650011537012,-7.91763483327026e-5,-0.00445084862317159,-0.0011095604758531354,500
29,shock_x_ind11,-0.003928252480746641,0.004251062741265684,0.004455614548094823,-0.012267071946756162,0.004897568396059052,-0.011042566653636362,0.0037697350025021415,-0.008417613113226158,0.0005545835367715067,500
29,shock_x_ind12,0.0011144125160787999,0.0018905127412140814,0.0019581191561061115,-0.0028717126661013752,0.004789541368425249,-0.0024283621600691262,0.0041291934657403965,-0.0007865794868423673,0.0030486413721582586,500
29,shock_x_ind13,0.001115789396449972,0.0014200328754858204,0.0014364900499763285,-0.0014598403672758343,0.0037277147778155464,-0.0011778644856264985,0.003472412558690774,-0.0003478086612590983,0.002626848113334829,500
29,shock_lag1,0.0013369474892051824,0.001167599392102064,0.0013678204095266319,-0.0012594885596949141,0.0038645728398845123,-0.0008321097117593478,0.00358456983410467,4.953770251201058e-5,0.0028023136561187508,500
29,shock_lag2,0.00036034367017961656,0.0011192300670630304,0.0012760421914097344,-0.0020239147253456576,0.0030532692463192896,-0.0016983633202469945,0.0024958654653292243,-0.0007947118498796674,0.0015940555377902848,500
29,shock_lag3,0.00019591212708695158,0.0009907874353571034,0.0010566887372705487,-0.001767915418840825,0.0024297146088000953,-0.001469178695355872,0.0020378532958262117,-0.0007051208465306213,0.0012761479576427898,500
29,shock_lag4,0.00025401522023652873,0.0011305131665253726,0.001211330099063221,-0.002230524181454345,0.0026751328540652168,-0.0017379066333047045,0.002217095509036681,-0.0008561538073166392,0.0015180959345369944,500
29,shock_lag5,-0.0007005869853272454,0.0011208467285237784,0.0012096904487905675,-0.0030309029762539165,0.001719578541276997,-0.002622898863132692,0.0014390429323277575,-0.00181797043857804,0.0005447383222066619,500
29,shock_lag6,-0.00040212768787988094,0.001091208816428247,0.0012637186785270508,-0.0028729889567853948,0.0022193189563365664,-0.002324911097701461,0.001778293009702767,-0.0014329489983826841,0.0009302230854961082,500
29,shock_lag7,0.00023028730876948448,0.0009969427930542887,0.001091326869167271,-0.001886201054593326,0.002472478877182727,-0.0015272154097636206,0.0020504037978322106,-0.000758864094486296,0.0013572488065777648,500
29,shock_lag8,0.00011223806247195967,0.0010795192081745478,0.0011322843139787424,-0.001986451548597459,0.002492173972611293,-0.0015686176011230014,0.002124699190601205,-0.0009386403724063544,0.001293894536691002,500
29,shock_lag9,0.001020016832763756,0.0012315208399572585,0.0012615872540471655,-0.0013747307364262156,0.0034702977511829394,-0.0009414929868982379,0.003216528031361922,-0.000185919159051064,0.0024113198670164936,500
29,shock_lag10,0.002105141280115204,0.0010629096598480925,0.0012198946084667195,-0.00033597342645828106,0.0042575307798160406,0.00013692996920578704,0.004062075901527531,0.00093270315377777,0.003335994962644283,500
29,shock_lag11,0.0017042577403256671,0.0010163355216008519,0.0011177938146064146,-0.0004467328150942382,0.00400464031716245,-0.00014259215256169598,0.0034739058142399344,0.0006466118185975074,0.0027622364323658085,500
29,shock_lag12,1.389300786898399e-5,0.0011689214711446006,0.0011928244839241138,-0.002461294982318318,0.002242484946542436,-0.0018602049148055632,0.0018657233790624708,-0.0011873421995656347,0.0011016188468898876,500
29,log_oil_lag1,-0.011329859479777266,0.0032640213460252325,0.0033414760637828175,-0.018011513331828537,-0.005003794111935087,-0.01656989526199317,-0.0061081941804150604,-0.014588352768748229,-0.007997158394805774,500
29,ffr_lag1,-0.0020746594624251494,0.0007368925838837553,0.0007132845208120857,-0.0034683305295977744,-0.0006281714084019065,-0.003175927886121161,-0.0008342377381703461,-0.0026712747250386836,-0.0013009981610281073,500
29,cpi_lag1,-7.253276678769367e-5,7.594022688740452e-5,7.532078746393576e-5,-0.00021403175163922203,8.109501609729493e-5,-0.0001848555344433561,5.8433797242890385e-5,-0.00013531539331251797,1.3370113625573898e-5,500
29,indpro_lag1,0.00023568901870261866,0.0002199620493250661,0.00022256927208513425,-0.00020213605827760817,0.0006756969699225801,-0.0001172764639242835,0.0005889645417507739,1.8134313720502633e-5,0.0004465883762565461,500
29,log_rincome,-0.21912643621240724,0.03532668869038397,0.03454296823671716,-0.2802352247545321,-0.14851145770978813,-0.2691158596777107,-0.16055960078467965,-0.24753207851630957,-0.17860656117577914,500
29,log_rwage,0.18243993191437435,0.04075981758157757,0.04078991816779307,0.10628185784895242,0.25906776662821623,0.11614121160910172,0.24736444620818282,0.13604750978323424,0.21930007428551002,500
29,age_mean,0.0028929374525965513,0.0009217873362674936,0.0009096272063107856,0.0009587278402550651,0.004481482053655046,0.00117079011178383,0.004295052192436852,0.001845900415947731,0.0036825688631700526,500
29,female_share,-0.06301078858210689,0.022057979879986284,0.023861114819628246,-0.1082755289004572,-0.013414499947733461,-0.10003399635107199,-0.0200707868600558,-0.08539481754208474,-0.03862466447491189,500
29,married_share,0.046579842965379335,0.024202902399142683,0.024757038029259836,0.0015112381342075349,0.09804416863513019,0.009518787060172238,0.08936483469106683,0.019670323709097836,0.06950591070902243,500
29,unemp_rate,0.1429390839455081,0.04717283014927818,0.04352096436459978,0.07527733722891167,0.24123153176688172,0.08368829841926398,0.2232939649807505,0.10633435966360069,0.19285126235542632,500
30,intercept,-1.0533177631451692e-9,0.0009381276016026227,0.0009183108269590287,-0.0016482984331632018,0.0018211126711790654,-0.0014604469760960519,0.0015544490167158022,-0.0008064248530918233,0.001032165526149946,500
30,shock_x_ind1,-0.001949177519726227,0.005213485566329612,0.005248668923175886,-0.01204300237783645,0.00835131932091456,-0.010576308198221186,0.0068956115519156445,-0.006677470063766578,0.0033334237897047333,500
30,shock_x_ind2,-0.001178704203096823,0.004687602568149896,0.00490628353163929,-0.010497567222676706,0.007677704216177325,-0.009713038835949027,0.006778526148794011,-0.005953090761670216,0.0038680901927653786,500
30,shock_x_ind3,-0.0011366493883064445,0.0016628840463295625,0.0016971161720144821,-0.004155847138469556,0.0022415522220275764,-0.003751720748958093,0.0017987085467172687,-0.0026662141416077113,0.0006043948158795736,500
30,shock_x_ind4,-0.000832197624353604,0.0016779863635595065,0.0017454644291595774,-0.004464078713443577,0.002662006072067699,-0.003578695870522899,0.0020732767534077197,-0.002479528360858097,0.0008709094189095006,500
30,shock_x_ind5,-0.0006942891665272539,0.0010393952598985701,0.0012305123010827878,-0.002751677169170579,0.0018884077845346832,-0.0024438168426470647,0.0015145791959600091,-0.0017880084600164373,0.000655715306240603,500
30,shock_x_ind6,0.0001600949173587193,0.0013804391296080407,0.0014568271736742288,-0.002828575190289121,0.003328316856584213,-0.0023310430394912866,0.0025982318471074422,-0.0010733960064295079,0.0015881973271802917,500
30,shock_x_ind7,-0.0016725379284091093,0.0021789017858347593,0.0021692263357767742,-0.00598095845789152,0.0023836855613999933,-0.005120336835664395,0.00172700690519289,-0.003820308203830255,0.0003712085848568302,500
30,shock_x_ind8,-0.0021313929305632816,0.0022913335334848136,0.0023719198986455587,-0.006512100490853175,0.002590090714948122,-0.006044214885815104,0.001903418537584576,-0.004562219175261312,0.00016662139538908857,500
30,shock_x_ind9,-0.0027872236077392865,0.001370673714044223,0.0014190347044179157,-0.005420853893508586,7.653119317008862e-5,-0.005046785395182604,-0.00040245290611076745,-0.004093046710294005,-0.0013844703680651377,500
30,shock_x_ind10,-0.004849602845464638,0.0019189314860822949,0.0019419834537943242,-0.00891464283689784,-0.0014212738534949716,-0.008085752578684232,-0.0018243997717461188,-0.006827220901214782,-0.0029590651082832134,500
30,shock_x_ind11,0.0014759829480610997,0.0036850299243337595,0.003840147158059906,-0.006139926426414449,0.009237010644379838,-0.004960135322096829,0.007916055805010163,-0.002430228065264198,0.004965151260955133,500
30,shock_x_ind12,-0.002044974364809799,0.0017749214797629638,0.0019208026029655038,-0.005995621968468817,0.0017007657056190418,-0.004983260334071255,0.001158294089222481,-0.003959851470704407,-6.708760577290692e-5,500
30,shock_x_ind13,-0.00031920247183357366,0.001764019776210811,0.0018289235753612381,-0.0039979383415067495,0.0034124865666593333,-0.0033771828678265167,0.0027777925298084786,-0.0019436048157806434,0.0015818416561366024,500
30,shock_lag1,0.00046588566716630005,0.0011859167921063373,0.0013145036362596227,-0.002168844501993963,0.002954382478298684,-0.0015955561916587032,0.002551467928947683,-0.000706855574199567,0.0017379813225972833,500
30,shock_lag2,-0.0005037704989277909,0.0011834093377930091,0.0011757440183619325,-0.002839445410759522,0.001698992938096762,-0.002460279224118068,0.0014009925704774032,-0.0016285249784709585,0.0006191435285919024,500
30,shock_lag3,0.0005582343463164617,0.000945914205582775,0.001049523645580232,-0.0013231110675932653,0.0027890748324854663,-0.0010389136275633678,0.0025305623927303917,-0.0003384354750447084,0.001733533309356726,500
30,shock_lag4,0.00043696032896664816,0.001028104617037115,0.001122349717011019,-0.001782613995215648,0.00247204535283583,-0.0014403102632631836,0.0022694901479357967,-0.0006224721886434948,0.0015681699546847365,500
30,shock_lag5,-0.000731349609263129,0.001174997867955228,0.0012280946411281405,-0.002938008363068698,0.0018850946218544368,-0.0025386774876079007,0.0013621266919377863,-0.0017130545040021047,0.0006353625133134341,500
30,shock_lag6,0.00030343615044928424,0.001132077042937998,0.0012147327393348772,-0.0021110581852072487,0.0027510343838838343,-0.0017509667398729945,0.0022921645423449317,-0.0008812992256025339,0.0015128603728954081,500
30,shock_lag7,-0.0004855986694691969,0.001080622760938985,0.001193561740991468,-0.00281682769190573,0.0018373465367047264,-0.0023921384272430164,0.0014946237661334347,-0.0016407237627601736,0.0006526205737065146,500
30,shock_lag8,0.0005397429570476762,0.001038996972162973,0.001103438950238219,-0.001386563463569618,0.0028847471850835093,-0.0010972996576339956,0.002603658058481729,-0.00036730980261889503,0.0018425332949514941,500
30,shock_lag9,0.00102570545896496,0.0011962468492111161,0.0012759085753994176,-0.001198622349172545,0.003746440090433968,-0.0007830349407121278,0.003379129195383414,-0.0001772404493225677,0.002391129910806373,500
30,shock_lag10,0.003185861353680812,0.0010687057576838582,0.0010833190799504307,0.0009463446829848362,0.005246827125812281,0.0014130726430096395,0.004925668077631334,0.002051266039881642,0.0042554220410709305,500
30,shock_lag11,0.0003405759487956631,0.001042545195348342,0.0011419875783668467,-0.0019453843635412666,0.00244103847113102,-0.0017084071889262801,0.0021751525420762073,-0.0007779567507200369,0.0014853935793290047,500
30,shock_lag12,-0.0007819414968943615,0.0011314482782982115,0.0011059781417586327,-0.002750630405897968,0.0014883018800889774,-0.0023769751529215104,0.0011523643944009643,-0.001801933630253203,0.00047748398482949476,500
30,log_oil_lag1,-0.010311900474633779,0.003445388185934405,0.0033674325556130136,-0.01728835105283601,-0.003866502583624901,-0.016620649310462345,-0.005202331590718222,-0.013767823127709711,-0.007198094907171955,500
30,ffr_lag1,-0.002246136320333549,0.0007491913897191154,0.0007174131459518676,-0.0035477489776241846,-0.0007530700397291982,-0.003307683457088256,-0.0010095641412805481,-0.002837082331282153,-0.0013873806470942793,500
30,cpi_lag1,-7.853661776940674e-5,8.213475671100216e-5,8.328439841061042e-5,-0.00021307829886123232,0.0001015465499035971,-0.00019579208164437426,7.244363841656728e-5,-0.00014790825458020344,2.4549812559088433e-5,500
30,indpro_lag1,0.00021846156952497623,0.00021120373209760986,0.00021328232412444313,-0.000264705634579361,0.0005800735366763727,-0.00015419898342309326,0.0005490073677556012,-3.795516352095654e-5,0.00039818932108229315,500
30,log_rincome,-0.2215507615246194,0.034913475344606856,0.03530491771852206,-0.279247585797353,-0.14259689592160774,-0.2662103660540222,-0.15469064081693337,-0.24642104515734825,-0.17636875620641077,500
30,log_rwage,0.19975695288960732,0.039003810560478254,0.03853649190420867,0.1176639333224685,0.2657758219812444,0.13166493388628395,0.2540034006472733,0.15282159774099455,0.22783003496205184,500
30,age_mean,0.00222295678948129,0.0008710790416290889,0.000904381029776988,0.0005170238974528292,0.003976867175406983,0.0007045210565215641,0.0037215786906252754,0.0012573339700050954,0.0030252143581120383,500
30,female_share,-0.05053894717635069,0.020374170571379312,0.02139838691031892,-0.09177270411775856,-0.008281566482359566,-0.08484170883239897,-0.01582827917618924,-0.07023278351241517,-0.027609397452187455,500
30,married_share,0.0578842351542164,0.02406929137510105,0.02458925778076217,0.00895498062948612,0.10413585067031933,0.01916439135531621,0.09758719145382419,0.031892499726452965,0.08246111483337962,500
30,unemp_rate,0.13501639151316636,0.05519281345976405,0.055281208295321675,0.05232960825493069,0.26550914564681216,0.06706346739500411,0.24583415984282866,0.09073386819381296,0.20391166731631855,500
31,intercept,-3.0012111729972905e-9,0.0008692681843291685,0.0008563142352566009,-0.001447704487839873,0.0018827362117691216,-0.0012342324139760568,0.0015861563006252892,-0.0007428566736536728,0.0009966033748263765,500
31,shock_x_ind1,-0.007458984612535134,0.004505660617267574,0.004297651221241961,-0.015896851021703972,0.0009773841935890664,-0.014461504464176794,0.00012022955841756345,-0.011740233799825228,-0.0033792136780332266,500
31,shock_x_ind2,0.0029212802391737043,0.0038421278521475265,0.003779717403512694,-0.004765999150319526,0.009774957590041907,-0.003604763408082778,0.008500427488580995,-0.001053414036016254,0.006300240816403431,500
31,shock_x_ind3,-0.000987391071463932,0.001476312354033761,0.0016046127881930866,-0.004000001102132814,0.002273411164825787,-0.0035379458632216186,0.0017653699599312308,-0.0024998380429568,0.0006121110441178217,500
31,shock_x_ind4,-0.0005140809123007867,0.001625748393667623,0.0016234146975309268,-0.0036487436135160386,0.0028738892404724286,-0.003130294207207673,0.0022422137783149,-0.0021122007336733025,0.001070866600912142,500
31,shock_x_ind5,-1.749822488877242e-5,0.001137787449387363,0.001260821212220658,-0.002609384194211691,0.0022833794688515464,-0.0019785832727048803,0.002063430469784818,-0.0012004539501018424,0.001271755978282601,500
31,shock_x_ind6,0.0016930292160748817,0.0011645199580605692,0.0013410039858695987,-0.001212312619916681,0.004055469582648534,-0.0005789561616964939,0.0038046648243162994,0.00034772024245107624,0.003070144658022863,500
31,shock_x_ind7,-0.0038732322889367234,0.0022177438877497933,0.002356225069126668,-0.008128825248232368,0.0007269869407730621,-0.007418501263654859,-0.00014271054210549073,-0.006170213018742588,-0.0014452179374021305,500
31,shock_x_ind8,-0.00628508012026827,0.0025232397270482233,0.0024939538418280714,-0.010981138914446468,-0.001708707936095297,-0.010147278600927848,-0.0022006740486518006,-0.008679710421871644,-0.0035694733792253916,500
31,shock_x_ind9,1.802034636173958e-5,0.0013164819379878345,0.0013583957845138858,-0.002545279932038727,0.0028319837443505458,-0.002214503406226013,0.002272302893620071,-0.001311861289437106,0.0013930234426686736,500
31,shock_x_ind10,-0.0037648081580145417,0.0019601931053690514,0.0020370430276958566,-0.007548154553074043,4.446101527279173e-5,-0.007029481710831164,-0.00042414918365180077,-0.005770236970236323,-0.0017174878598640066,500
31,shock_x_ind11,-0.004851553477503167,0.0048662394303640695,0.004769473233115984,-0.01387223370544431,0.003901387089263333,-0.011971727651805382,0.0028302380498452942,-0.009842920885518776,5.2481021974728746e-5,500
31,shock_x_ind12,-0.002493157353357435,0.001845237705390586,0.002021576493865485,-0.006512721271011827,0.00170238854157951,-0.005477903783529251,0.0010468213845611996,-0.004294088899674824,-0.0002036984549504912,500
31,shock_x_ind13,-0.0008608334174057747,0.0012400881005339012,0.0013025941549513079,-0.0031766940438343726,0.0018132108002451095,-0.0027739849248430925,0.001269420913781973,-0.00204114409647884,0.0006169792877830137,500
31,shock_lag1,-0.0004288901902841628,0.0011881586083219023,0.0013217575239416132,-0.002983143716014718,0.002132298897926867,-0.0024022889136821072,0.001817241530592284,-0.0015605316761997464,0.0010125204509735999,500
31,shock_lag2,-0.00016077101091760437,0.0011369163469327728,0.001205164217627135,-0.002315568077835204,0.002360651624387676,-0.002043313855536266,0.0019788971908013754,-0.0012165289195962155,0.001145387379309901,500
31,shock_lag3,0.0006820411905564447,0.0009219728451540719,0.0010078668783164303,-0.0013303058677688615,0.002717155939564791,-0.0008576395745175462,0.0024528285435697073,-0.00014276247334027643,0.0017401026567728127,500
31,shock_lag4,0.00047355303946124984,0.0011015460702968446,0.0011507391248841519,-0.001654817365377788,0.0027220306926470554,-0.0013658980786123286,0.0024369118672604244,-0.0005371551755120938,0.0016831572624851228,500
31,shock_lag5,0.00014321812547862936,0.001130911724865281,0.0012364959255442894,-0.0021137874880556968,0.0026284437867367862,-0.0017685266802142541,0.00219761051816102,-0.0010103044114560676,0.0014827048889386768,500
31,shock_lag6,-0.00046015008820546186,0.0012745637830059648,0.0012874137010849536,-0.002882976014424162,0.001989392262108639,-0.0025723606779488603,0.0014719468400601473,-0.001822716158527614,0.0007578075894576728,500
31,shock_lag7,-6.296048891297965e-5,0.0009386036957525042,0.0010614452324262018,-0.0021640539583645353,0.0018133765173470673,-0.0018939494354047327,0.0016045886691580123,-0.001136803125168796,0.0010124725677104528,500
31,shock_lag8,0.0006379128809396357,0.0010310508784258379,0.0011184603829990241,-0.0015582814740236638,0.0027731851824119766,-0.001331826304500309,0.0024627720459642426,-0.0004294573371283342,0.0017713106131363333,500
31,shock_lag9,0.0021842107235528247,0.001204020399966966,0.0012053029929001743,-0.0001731445402279421,0.004716503755074552,0.00030598272849452436,0.004308827159188789,0.0012500593697934315,0.0035002209402446188,500
31,shock_lag10,0.0019302922858857063,0.0010223360449906984,0.0010993314145204957,-0.00039704391341615074,0.003991456970590853,0.0001154115784357595,0.0037719445029143622,0.0008855361500901857,0.002931336785261726,500
31,shock_lag11,-0.00042595993454889596,0.000956042888203054,0.0010780183206405467,-0.0025997878553442244,0.0016402630476324937,-0.002273483509665442,0.0012772722394100901,-0.001448615688363345,0.0006543722178247082,500
31,shock_lag12,-0.0007875617768679671,0.0009843958921221625,0.000990391378454083,-0.0027898621325791488,0.0011385495549984799,-0.0024620919750541885,0.000902628468497354,-0.0017852128751877148,0.00019577626921832444,500
31,log_oil_lag1,-0.008936660733450492,0.003290944487944296,0.0031693367846745805,-0.015177005807994106,-0.0030003725740739033,-0.014437327135369486,-0.004310242283049045,-0.012561894712242295,-0.006021123268594208,500
31,ffr_lag1,-0.002418674610525982,0.0007149271146282265,0.0006969538676875257,-0.003625142127594836,-0.0008777358696564408,-0.0034065589368441284,-0.00109711439701318,-0.002959452511399676,-0.0016246198165911687,500
31,cpi_lag1,-0.00010950277993556115,8.199984863897201e-5,8.478554215188264e-5,-0.00024499797698752186,9.656334639768711e-5,-0.00022229646335062873,6.62374179567733e-5,-0.00017311226461598907,-1.0035899061014327e-5,500
31,indpro_lag1,0.00012027745695461835,0.00020046688807532126,0.00021069070771529528,-0.00027530592926887083,0.0005299810692347201,-0.00023651984081011855,0.00045772518810767204,-0.0001039092577061,0.0003067125759715571,500
31,log_rincome,-0.21556867083758235,0.03286633833927207,0.03311731107278647,-0.2743999558341986,-0.14124993119602713,-0.25998778202370043,-0.15034887310148823,-0.23811655910567642,-0.1728672811030306,500
31,log_rwage,0.20528228411442662,0.037269274108535845,0.03768026692452075,0.12516090592503548,0.27317162134864,0.13774998726905893,0.2567633232801313,0.15987701294476103,0.2365877211300863,500
31,age_mean,0.0026581123823797275,0.0008869833776556476,0.0009234533123860219,0.0007264538035024724,0.004244931778109507,0.0009376550215957471,0.004076238134132147,0.0016458908015595487,0.003421625423842023,500
31,female_share,-0.034427661117840895,0.02210204493991078,0.02240512575244011,-0.07785002378533337,0.00878909820997546,-0.07151420017618537,0.0015144669648708266,-0.05758464783507533,-0.01191512642073782,500
31,married_share,0.051326432004174555,0.02255722592778621,0.022170147447464515,0.00659964586474328,0.09125963474383396,0.012860159641775455,0.08582245785749065,0.027695270770489222,0.07174052807527667,500
31,unemp_rate,0.09932111119889536,0.05586654363548563,0.05330220168149151,0.023584235464632806,0.23652994037089792,0.03530374002480053,0.2129307531586955,0.05892346407627176,0.1627434962408663,500
32,intercept,-6.486599967550876e-10,0.0007944805564481453,0.0008139870210466149,-0.0013837382283665533,0.0017987274673727212,-0.0011502430490147708,0.0015495222179174668,-0.0007334529538211349,0.0009810749538008473,500
32,shock_x_ind1,-0.006479431375936414,0.004187418582556272,0.004095988727719812,-0.014542644545988661,0.0016170976750393168,-0.013224242895995114,-5.607229870786137e-5,-0.010671111101525757,-0.002231804175395002,500
32,shock_x_ind2,-0.004867734692308619,0.005242144498190882,0.005571230941869043,-0.015839578076954002,0.004942388686773455,-0.014384418875477527,0.003482895284789118,-0.010705405014656595,0.00044177395047908467,500
32,shock_x_ind3,-0.0005037714937727103,0.0016597497401164057,0.0017004834924565847,-0.003722993889720711,0.002740583742248106,-0.00325534328565397,0.0023429343595263016,-0.0020366900397546686,0.0013926705730520508,500
32,shock_x_ind4,-0.00012308703724169036,0.0015041281814813304,0.0017010142541339392,-0.003439281150260777,0.003126970454774884,-0.0028559871374841304,0.002739386886236957,-0.0017658737456658028,0.001534291724394035,500
32,shock_x_ind5,0.0005668424540558846,0.00123796149290885,0.0012445618190348258,-0.0018298829478489177,0.0028966900744082473,-0.001501378509225593,0.0026350888801581563,-0.0005584666207303059,0.0019621570431267825,500
32,shock_x_ind6,0.000966872547693674,0.0013462401778289272,0.001400061155564598,-0.0014858056174436596,0.003932519340624348,-0.0010927637513149294,0.0034183583527712747,-0.00031106997924049747,0.002355365203247354,500
32,shock_x_ind7,-0.00010862392997640977,0.0022129964495133246,0.002158064149947761,-0.00408808458847356,0.004679964125958154,-0.003319075558602902,0.003689682161874412,-0.002186403158557633,0.0019312076064877356,500
32,shock_x_ind8,-0.005577091236803369,0.0022761375328623603,0.0022186520555012934,-0.009837092887041349,-0.0012487008529668592,-0.009389240498599507,-0.002209733269087759,-0.00786885707585579,-0.003375405219970112,500
32,shock_x_ind9,-0.001245839866234065,0.001625865842850521,0.0016156543344123392,-0.00467627276921089,0.0018132148442432136,-0.003961787461907293,0.0013904298817036397,-0.002624970807499759,0.0003360700988846123,500
32,shock_x_ind10,-0.005760650533649552,0.001997701149027746,0.00193656749848775,-0.009463371033121996,-0.0023735543790715263,-0.00908101139560031,-0.0027842288881900447,-0.007945455279066429,-0.0037661134185879575,500
32,shock_x_ind11,-0.004805358205994765,0.004079235112543241,0.003938846049583532,-0.012662501769955838,0.00225722448394751,-0.011645993442903655,0.0010742683578693014,-0.00872689324645472,-0.0009377299361519803,500
32,shock_x_ind12,-0.0038001191371116313,0.0015990239342449075,0.0016985948897353487,-0.007193868078689294,-0.0006628528985292057,-0.006793867583406401,-0.001018586793544049,-0.005479073626187866,-0.002081686845640637,500
32,shock_x_ind13,-0.002334635940682985,0.0014871658249297967,0.0015982419142813935,-0.005434354687847287,0.0005927541800263528,-0.00485658964233592,0.0002285383684442691,-0.003901492514468714,-0.0007216171619800599,500
32,shock_lag1,4.502509089410324e-5,0.0012414781783234641,0.0012811260976035822,-0.002183700192824349,0.002692339454078344,-0.0018158121503855976,0.002359273647689013,-0.0010428069614863064,0.0015392347698161702,500
32,shock_lag2,0.00019102483482431166,0.0010284764857224626,0.0010130716975854798,-0.0018870156036283354,0.0021999947624198046,-0.0014645963095241683,0.001785350649750541,-0.0007490418864898307,0.0012482447297500914,500
32,shock_lag3,0.0008433801791432932,0.0009629651151000124,0.0010156988900330418,-0.0009927930132731734,0.002965157369413186,-0.0007628474542222862,0.002642367659255023,-0.00016938863695753462,0.001781966354750798,500
32,shock_lag4,0.0011782899398971908,0.0011411700795774297,0.0012358973866309366,-0.001324208897473853,0.0036247415958200737,-0.0008584473163203705,0.0031849897008259936,-3.1701379742966646e-5,0.002439460981761068,500
32,shock_lag5,-0.0004594099216662762,0.0011908895989812308,0.0012874325029755623,-0.0029141586765266377,0.0019855480262415083,-0.002388836665420434,0.0016096569871133224,-0.0016810369547213652,0.0008799618755021446,500
32,shock_lag6,0.00024362473603436893,0.0010249665405579176,0.0010985759069031395,-0.0017171481627075822,0.0024896969830213228,-0.0013690252813145325,0.0022346849407129357,-0.0007421215876812223,0.0013415907224634254,500
32,shock_lag7,7.325507728664275e-5,0.0009118093689018796,0.0010502898141885272,-0.0019003475248856945,0.0024199885392591934,-0.001499570091890747,0.00204709124323231,-0.0008924837056408917,0.0011701981615861014,500
32,shock_lag8,0.0019447488838046571,0.0010547425299635973,0.0010886629819002029,-6.31561490835075e-5,0.0042702025264582145,0.00023689854192050292,0.003829864833122763,0.0009620772276220749,0.003118687219924321,500
32,shock_lag9,0.000953866626732684,0.0011030843458747523,0.0011432390068145959,-0.0011576851217453784,0.0032425200174709635,-0.0007636434385746192,0.002859865966289948,-0.00014944718463503253,0.0021599482038289044,500
32,shock_lag10,0.0012672419962043203,0.0009348557320590194,0.000963138758701997,-0.0005388594223244312,0.003055796847814975,-0.00024410185548148918,0.002851014714188885,0.000392983301472009,0.0022742509701862393,500
32,shock_lag11,-0.0005021874301121848,0.0009243930864061435,0.0010819445320210002,-0.0025214022990877475,0.0016482535258818451,-0.002198494193069061,0.001293878036416611,-0.0015197504366805477,0.0005547503593028759,500
32,shock_lag12,-0.0016414603235037342,0.0010126031249928123,0.0010961570554698242,-0.0038428835623414413,0.00043615885640102753,-0.0034065860550022815,4.5820866645960696e-5,-0.002683727032902256,-0.0005550571349928605,500
32,log_oil_lag1,-0.00880793690736775,0.0033068243633883076,0.0033617155668488265,-0.01537062547487322,-0.002739918907685246,-0.014606481703118367,-0.0038343891655638943,-0.01301081414589526,-0.005925434271799368,500
32,ffr_lag1,-0.0026684435278430197,0.0006709084879561102,0.0006889159995446952,-0.0037633677190535564,-0.0012134646572514035,-0.0036170701497594145,-0.0013567644818936462,-0.003208960292417884,-0.0017766325326395607,500
32,cpi_lag1,-8.30993441175097e-5,8.497156745969567e-5,8.504918699647366e-5,-0.00022646519815968595,0.00010673732833237838,-0.0002035005942974831,8.065444568092643e-5,-0.00014420912651834383,2.4850156983853035e-5,500
32,indpro_lag1,0.0001438751031528534,0.00018396375374383177,0.0001927742641080968,-0.00024334317231565884,0.0004986792292169664,-0.00018165985180854184,0.00043850236041348227,-5.101016255687025e-5,0.00032205803726885983,500
32,log_rincome,-0.15276237628230305,0.03691843601555807,0.03675859141390304,-0.20841870935861784,-0.06122181466696905,-0.20005153188180644,-0.08081468053783784,-0.17894401824995926,-0.10720907232307972,500
32,log_rwage,0.12397088275894738,0.04163812037720461,0.04190128533449861,0.023317461131079645,0.19250748980909888,0.04536929972229811,0.18104432934824927,0.0773592050734056,0.15897951662703314,500
32,age_mean,0.0019379177999301566,0.0008995793328747331,0.0008868977293893252,0.00018731623180361675,0.0034556021131758713,0.00037387724103819667,0.003206099689559979,0.0009359405909201086,0.002735264546079017,500
32,female_share,-0.06084471469107125,0.022380847844018177,0.022300352213419247,-0.10148422966073306,-0.014252824442482524,-0.09591333721108398,-0.02308466973749839,-0.08283560064888888,-0.03845386733131236,500
32,married_share,0.05490009607152843,0.026171882287266204,0.02516254454014463,0.0062004146937290495,0.10744197253255286,0.015619214512754966,0.09661375972852315,0.031115275856216856,0.07972624762504586,500
32,unemp_rate,0.10123854296021577,0.050774835962572686,0.05045675978556392,0.032516443808002796,0.22124196778926425,0.04270340505543117,0.20650684569375402,0.06815305590415924,0.1736889907256232,500
33,intercept,-4.9833715419323114e-9,0.0006706516008083386,0.0006998694219239178,-0.001173327093025525,0.0013789526138390145,-0.0010358249054221677,0.0012400222114506238,-0.0006758024122012907,0.0008194181144686307,500
33,shock_x_ind1,-0.006407022847199209,0.00517254123037396,0.005143663281031331,-0.0163210872873588,0.003637329074926832,-0.014465062862966326,0.0022903923076688644,-0.011193183023292579,-0.001255469279984242,500
33,shock_x_ind2,0.003167945911996659,0.005311222498311479,0.005480173859293014,-0.007062900147938429,0.014376684134609158,-0.005637507212051859,0.012908935474022493,-0.0021575128076533764,0.008895683755122216,500
33,shock_x_ind3,0.001042127469818776,0.001459453964642231,0.0014989838422247623,-0.0016536000841548561,0.003855052679731897,-0.0012198146079004856,0.003400605116681767,-0.0004599859721348554,0.002442288745439972,500
33,shock_x_ind4,-0.00022884667423395,0.0016607024820248881,0.0016580787851703685,-0.0035588794501569742,0.003155920195912109,-0.0029331069786160185,0.0026249326317466528,-0.0019623556305749675,0.00123372396974409,500
33,shock_x_ind5,-0.0006397699252515939,0.0008726586482026258,0.0009258971487442766,-0.002595292344220277,0.001138506217432256,-0.0022175014909473,0.0008781772134561874,-0.0015186979662669712,0.00025366605861498786,500
33,shock_x_ind6,-8.805195000250734e-5,0.0011384169310831905,0.0011461613872001748,-0.0020724285953514273,0.0022812442283247887,-0.0018439245523098476,0.0019755888461434772,-0.001170968490088944,0.0010846108384088725,500
33,shock_x_ind7,-0.0019134937362169705,0.0018468628677942103,0.0018999526270075406,-0.006141673693234279,0.0014734632032396664,-0.005530005349019681,0.0009490583887613886,-0.003895796827597522,-0.00017757488274058558,500
33,shock_x_ind8,-0.004966818683237414,0.0020389666190952726,0.0020722130583190573,-0.008962464407632025,-0.0009956821613033206,-0.008298946766161932,-0.001680160650503237,-0.007102785711194128,-0.0028962718174165205,500
33,shock_x_ind9,-0.0014096644199882466,0.0013925716090371842,0.0014974158579864508,-0.004314184643421901,0.001314711927669565,-0.003951803513300332,0.0008993876599175559,-0.0029246977311546143,3.8792767142818464e-5,500
33,shock_x_ind10,-0.004271523702332331,0.0017370926423155716,0.0017627682982706131,-0.007987337487132887,-0.0011166549164912496,-0.007534512865756747,-0.001437746755553763,-0.006089046659617012,-0.0027033629098497294,500
33,shock_x_ind11,-0.004185598363123909,0.003675188075373493,0.0037700852943516015,-0.011721046203960472,0.0031710507422442313,-0.010142875770671807,0.001858463060525984,-0.008217155318741868,-0.0006055365545836722,500
33,shock_x_ind12,-0.002510131615414546,0.0015745672092340936,0.0016829178977161338,-0.0059189102986140305,0.0006602976964735771,-0.005352478598723971,0.00022422628662111186,-0.004208173786134192,-0.0008076844786694115,500
33,shock_x_ind13,-0.001454183998347599,0.001519696474329703,0.001573553337594629,-0.00456778332592511,0.001642526829822547,-0.004054650710420555,0.0011362216692760144,-0.0029690916911889096,3.233237670955265e-5,500
33,shock_lag1,9.408599474086366e-5,0.0010200692754294641,0.0010524863611473417,-0.0017955067819235356,0.0022621696778913902,-0.0015545179346199188,0.0019416959767376732,-0.0008071089183949876,0.001294560252487433,500
33,shock_lag2,3.704131803207254e-5,0.000963595693622159,0.0009921383590716067,-0.0016767063627644988,0.0021485420728679884,-0.001485638191107741,0.0017709538475326539,-0.0008856162919678492,0.0011760075513167934,500
33,shock_lag3,0.0014262197360346645,0.0008809524804037517,0.0009378363874070525,-0.0005144041067200748,0.003221911738788773,-0.00019027489402685438,0.0028605189958864252,0.00047664039017005383,0.002346208340498538,500
33,shock_lag4,0.00037259120148571664,0.0011208539765805686,0.0012238172064681935,-0.00200945499642652,0.002825952568889658,-0.0016689744218069634,0.0024002611667898054,-0.0008846346788463217,0.0015547219131896337,500
33,shock_lag5,8.927693289245909e-5,0.0009571931117371569,0.0010445631325916717,-0.0019885164300688213,0.002178739065403585,-0.0015546747713947114,0.0018585733311620892,-0.0009426186456556435,0.00107223695636105,500
33,shock_lag6,0.00025112694010869863,0.0008892732787692724,0.0009853041030684852,-0.0016202246035150018,0.002211592130950075,-0.0012919663635022642,0.0018952022113973574,-0.00076731697934229,0.0012637024815113256,500
33,shock_lag7,0.001106964222393105,0.0009070918167972199,0.0009245189410238602,-0.0005477538195234396,0.0029468738156225504,-0.0003311351082980944,0.0026509700765161557,0.0001850504390726091,0.002069313512740848,500
33,shock_lag8,0.0004243848645214807,0.0008895925364057816,0.0009578711031511181,-0.001378020334592917,0.0022804511941059485,-0.0009425951463241809,0.002086755602125559,-0.00042328802740033104,0.0015987496949491056,500
33,shock_lag9,0.00018551836446936804,0.0009908529541295663,0.0009958057988624766,-0.0016671228940501686,0.0022976324827841867,-0.0013569779377133335,0.0019352335522813636,-0.00067570985146133,0.001201024000864664,500
33,shock_lag10,0.0012215524270288865,0.000815494833862648,0.0008593854755858172,-0.0003782253389933338,0.0028725132897830983,-0.00014924649639112093,0.0026947770358319964,0.000378370836359294,0.0021452036363179545,500
33,shock_lag11,-0.0014359317922179864,0.0008744566587385381,0.0009559693250588562,-0.003199799186827266,0.0004403314134669566,-0.0029543055780397775,0.00024357022178749153,-0.0021867038716208258,-0.00037025928891720516,500
33,shock_lag12,-0.0021983747071628807,0.0007661444370585053,0.0008759494672412211,-0.003759881555709708,-0.00043996386830614587,-0.0036088754280198913,-0.0006583780833051944,-0.0030867464321573165,-0.0012871822545948463,500
33,log_oil_lag1,-0.006074033183159785,0.002914918704377378,0.003149286539950459,-0.012973875906811858,-0.000498706438182612,-0.011930496915577177,-0.001436074285941938,-0.010075674732460418,-0.0037305131243741043,500
33,ffr_lag1,-0.0029684998107172406,0.0006004463162874855,0.0006120802994087599,-0.003977329837273204,-0.00162505503705706,-0.0038695723824784096,-0.00188404706969226,-0.003466804703736076,-0.0022366051092113323,500
33,cpi_lag1,-0.0001456568251617662,7.018843870798262e-5,7.323473062906019e-5,-0.000271054003726444,4.894033286915929e-6,-0.0002459550465663306,-3.754140946922862e-6,-0.00020535828260113227,-5.967543954187062e-5,500
33,indpro_lag1,-0.00010071378276120401,0.00015143296982916512,0.00016083878195849384,-0.00043164109997126474,0.00021298628389725696,-0.00036572282284535394,0.00014548365458572622,-0.00026064592938859885,5.7934367020590465e-5,500
33,log_rincome,-0.1745039937379498,0.028333220956094588,0.028980880894183925,-0.22498289943586863,-0.11102605697701594,-0.21532573266525631,-0.12066713614573336,-0.19914216555362033,-0.14228983871419718,500
33,log_rwage,0.15649326223741256,0.034263496542817934,0.03446297275504103,0.07936300558841392,0.22082115754910478,0.0935549049106425,0.20648637765559547,0.12110880411794485,0.1868419947856757,500
33,age_mean,0.0029596472243793074,0.0008730453394524671,0.0008711873311420472,0.0012732875519189733,0.004706857623274942,0.0015051537460277241,0.004279857593799116,0.0020331548373969536,0.003748229601717273,500
33,female_share,-0.03923217280991403,0.02259042418172359,0.024428130709495482,-0.08645433972111932,0.006397872505924577,-0.08147380148319598,-0.0019572632599096002,-0.06585889762415466,-0.01745639912671208,500
33,married_share,0.0072930950422208495,0.022154582394797288,0.02286443785680796,-0.03950250110961487,0.04950385573803226,-0.03000629891510641,0.04083608058957611,-0.018352963527594537,0.02767593858677793,500
33,unemp_rate,0.03523139743968907,0.047754656072277336,0.05160643516629858,-0.035434621774866726,0.15443343962615685,-0.02722642581112979,0.13880371745766149,-0.0032461614977194937,0.10602803152335201,500
34,intercept,-3.4962136917175565e-9,0.0005913715335179402,0.0006091513210387163,-0.0010247428285986078,0.0012393060447170152,-0.0008889389688551756,0.0010818252130279525,-0.000510523744986119,0.000744676237318423,500
34,shock_x_ind1,-0.006667424586561226,0.004404124799239245,0.004147158725088197,-0.014638732796377299,0.0015480960409121579,-0.013202415811487525,-0.00022552072659699966,-0.010827664477680634,-0.0026656729190072336,500
34,shock_x_ind2,0.00048345268490138256,0.004382856294442517,0.004637273487274328,-0.008356504689836309,0.009823150036486025,-0.007172649676029237,0.008395615631207689,-0.004133084911568674,0.0049025170202006306,500
34,shock_x_ind3,0.0014738827310848044,0.0014005754914542276,0.0014578190528517227,-0.0012299410572299112,0.004435994326028241,-0.0007800056854972075,0.003973212660124605,0.00016055072541232553,0.0030656465774975042,500
34,shock_x_ind4,0.00035165770922428977,0.001371110045923883,0.0014434954976969825,-0.0022088660820425068,0.0032139731117050855,-0.0019473085334998966,0.002771789469314227,-0.0010770532693097977,0.0017377373180392786,500
34,shock_x_ind5,-5.06849888511856e-5,0.0011211266045495678,0.0010059898690003093,-0.0017756478198289846,0.002139154974399016,-0.0014992593226248996,0.0017625121227750657,-0.0009281703414414366,0.0011235125556508531,500
34,shock_x_ind6,0.0009413967151230343,0.0011774887369948176,0.0013068378702328514,-0.001936042221695745,0.003461248626502084,-0.001262233590823225,0.0031505901216713765,-9.28584813970601e-5,0.00232222993457774,500
34,shock_x_ind7,-0.0014669786175680306,0.00200597931882436,0.0018462861245322282,-0.005165168359067419,0.0018578256713289222,-0.004500858718784093,0.0013497247122644454,-0.0032828025948155462,0.00032673634997916224,500
34,shock_x_ind8,-0.00550490326558396,0.0018054208755091826,0.0016944280607365445,-0.008784115781856852,-0.0020394950131917902,-0.008243522697528198,-0.002761730984266417,-0.0070505859543256106,-0.0037864329555478875,500
34,shock_x_ind9,-0.0009943963992573902,0.0016067834941817965,0.0016793900040081343,-0.003920013111624856,0.0024989981063240473,-0.003396557635583125,0.001974320037526879,-0.0026567498886940957,0.0008651583887730495,500
34,shock_x_ind10,-0.0039869947352290215,0.0018690162411794128,0.0019263767683997163,-0.00797616557875947,-0.00034595241254484796,-0.0071622826949462245,-0.0009458132775605494,-0.005817438238635085,-0.0020281977395404643,500
34,shock_x_ind11,-0.004145751644028697,0.004447981821872475,0.004354318320640942,-0.012688651760510155,0.00365275594675403,-0.010895474911253679,0.0026681308732067134,-0.008368444349107062,0.0006084604965863541,500
34,shock_x_ind12,-0.0014381531869858298,0.0013756095413220328,0.0013651804019163766,-0.004018465588335008,0.0014607048255480587,-0.0036094237849749653,0.0008929335150077018,-0.002679264252190579,-8.007202674369423e-5,500
34,shock_x_ind13,-0.0010055479512130648,0.0016174825250784822,0.0015991752796365216,-0.00397567848129593,0.002112437565104963,-0.0035476701497117184,0.001588473984249194,-0.002555785622531658,0.0006777534070417396,500
34,shock_lag1,0.0003288907672478116,0.0010222353525278407,0.0010686748021464013,-0.0014604500933678083,0.002464905578940622,-0.0012199443841966586,0.0022170730092738364,-0.0006305637279151861,0.0015408969192271407,500
34,shock_lag2,0.0010565635212476064,0.0009901397194656105,0.0010007248959115044,-0.0010521514600225356,0.002812147547811053,-0.000814702080663247,0.0026493168746288447,3.613438482261695e-5,0.0019292242219362426,500
34,shock_lag3,0.0004704311089129551,0.000891728855288416,0.00096180051348404,-0.0013619466807563464,0.0025227648795616347,-0.0009558528774599246,0.0023041594626836775,-0.0003376570748899422,0.0014979307663144583,500
34,shock_lag4,0.0007850913863471215,0.0010452203337170704,0.0010929290539010452,-0.001139677720431448,0.0030209083399801006,-0.0008746631231440882,0.0025708677394670797,-0.00040845768125412243,0.0019219667812585435,500
34,shock_lag5,0.00025081510735503154,0.0008942192929067833,0.000881406541841045,-0.0015381680516219343,0.0019316824583295014,-0.001228839023750206,0.0017563191095845323,-0.0005497021293399837,0.0011312856102168186,500
34,shock_lag6,0.0012799603258547103,0.000879420104631694,0.0009067605553840822,-0.00057609561341962,0.0030162156498149927,-0.0003105170965929893,0.0026536588094837636,0.00045530858242192945,0.002194080980532626,500
34,shock_lag7,-0.00019663734567029094,0.0008292939338633339,0.0008751197401847207,-0.0018690333326867655,0.0013986228775675561,-0.0015962693600288771,0.0011892324710738806,-0.0010924950306364543,0.0006845953861659556,500
34,shock_lag8,-0.00023342062761718175,0.0008607629239601087,0.00087962865298554,-0.0017156416771409622,0.0016661792412742756,-0.001492340318807222,0.0012756089243409026,-0.0010004525374885463,0.0007493903796757382,500
34,shock_lag9,0.0004399394594050261,0.0009921744422441816,0.0009692374096411335,-0.0012414704665682373,0.002652829350561336,-0.0009152140909759631,0.0022938887172446166,-0.0003146936091552728,0.001556301750289396,500
34,shock_lag10,0.0002272031003543964,0.000792139485225845,0.000817507547460566,-0.0012060212469529158,0.0019147252280155235,-0.000984450509337013,0.0016411403895481617,-0.00044894012513614385,0.0011530879301756797,500
34,shock_lag11,-0.001969098717773086,0.0008065374437175435,0.000869076651525958,-0.003801849572008715,-0.00027356578956940164,-0.0032759321008812062,-0.0004770518338276792,-0.002713470654118113,-0.0010501446262758817,500
34,shock_lag12,-0.001374784989012464,0.0008207244391578063,0.0009454288637690962,-0.0031179382696425477,0.000551685467677591,-0.002868565234491875,0.000210338748704213,-0.002273721145773348,-0.0004446421118859241,500
34,log_oil_lag1,-0.005619263407249862,0.0028403848535878146,0.002772542743222314,-0.011288620979510545,-0.0005836668343515894,-0.010430393929902932,-0.0013472833394248531,-0.008798547097933498,-0.003138931397408616,500
34,ffr_lag1,-0.0032266196521852186,0.0005438387905068204,0.0005122180791494814,-0.004154098928836618,-0.002071668312795057,-0.003967976171361375,-0.0022372245531038096,-0.0036229893979146063,-0.0026986784363387467,500
34,cpi_lag1,-9.344198063554566e-5,6.61462084985923e-5,6.660607461195798e-5,-0.0001983423709125344,5.011877580742993e-5,-0.00018726833706030448,2.7827847871902746e-5,-0.00015269885097191952,-1.699885019736367e-5,500
34,indpro_lag1,-0.00016564257367640014,0.00013426166137856053,0.00013115823009738042,-0.000433496665447328,8.064222066763025e-5,-0.0003811156163942415,4.027560617590529e-5,-0.00030859883649963035,-4.5293301541216545e-5,500
34,log_rincome,-0.10118673793980695,0.03445673829201122,0.03317359890402019,-0.15607416948011577,-0.02871951508033,-0.14918313878226122,-0.040313340415883386,-0.12631377361643717,-0.06241246588069194,500
34,log_rwage,0.0905975131086759,0.03956653718661675,0.03813868457360831,0.012676247077694984,0.15940185729466638,0.023988328004012193,0.14578540077548457,0.04928246131334719,0.12296333445093909,500
34,age_mean,0.0013476099199074448,0.00086578474761334,0.0008438403209131306,-0.00045018707534566233,0.0029857355748464064,-0.00014449818827505203,0.0026381075922632074,0.00047526691462990226,0.002198809099716541,500
34,female_share,-0.03125146313991987,0.0214570264104464,0.021589229644846497,-0.07057106737173725,0.01234079641380444,-0.06490243443291752,0.0028100939816672185,-0.05432760120089337,-0.010392735858506736,500
34,married_share,0.024476208026332383,0.023738268979441896,0.023268453174867507,-0.018678469467038127,0.06913813673122682,-0.014337746681437879,0.062376032265746305,0.001282936662234704,0.049887194858151615,500
34,unemp_rate,0.04267494615541116,0.0471688085077492,0.04653980610456079,-0.02982640318001851,0.1495214056872592,-0.017580480352880762,0.13712735306427495,0.01138836660392705,0.10365821930747163,500
35,intercept,-1.254466532325299e-9,0.0005313428829848867,0.0005103983748642322,-0.0009712591493365975,0.0010850454848187513,-0.0007602864669864423,0.0009136558858146503,-0.0004109772562380362,0.0005681107289240114,500
35,shock_x_ind1,-0.005046877298288639,0.004850512085098539,0.004648653022932612,-0.014899194170401052,0.003985570118284924,-0.012326308443629813,0.002842490305271899,-0.009444449278054491,-0.0006578199670475818,500
35,shock_x_ind2,-0.0007814739748542909,0.005459080728780062,0.005661291401085482,-0.010849790003350623,0.010678303255801139,-0.009939105130739116,0.008611359196455485,-0.006268654935036682,0.005099472461827313,500
35,shock_x_ind3,0.0009424282305839889,0.001497073061984969,0.0015519895454917125,-0.002256521330431595,0.0037265472077174424,-0.0015562544656218516,0.0035415862967556203,-0.0004944143074062153,0.002518353825642028,500
35,shock_x_ind4,0.0005459261281903424,0.001232799871294421,0.0013497832989267484,-0.0019275952952940217,0.003390998835034258,-0.0015070468672726577,0.00274474087639123,-0.0007144025843758182,0.001916651777698434,500
35,shock_x_ind5,0.0003189546351467386,0.001060003130458982,0.001045080999798082,-0.0017616572971455749,0.0026159811825793283,-0.001384878673652668,0.002234334067962147,-0.00053350315670976,0.001420241486270956,500
35,shock_x_ind6,0.0011388725586679654,0.001221609696895821,0.0012600319829166227,-0.0011579873925655075,0.0035765911007331055,-0.0008562353129201026,0.003320822681119959,6.131473775876366e-5,0.00247171267588579,500
35,shock_x_ind7,-0.0009709506254069482,0.0017499971656761138,0.001889623148791119,-0.0044937990712748625,0.003266805733166564,-0.0036764106755654996,0.0026334518467536726,-0.002521172956958994,0.0009085821069380761,500
35,shock_x_ind8,-0.004164651666082604,0.0019007495495242095,0.0018990970134265105,-0.007840933898742013,-0.0007091277801856335,-0.007337181253103185,-0.0012535298439469173,-0.006218070231615625,-0.0022537774575954084,500
35,shock_x_ind9,0.00011922231166276621,0.001435378863936,0.0014634997193222982,-0.0030249139603652463,0.0026701694925340743,-0.0025821757578505366,0.0023449721544101104,-0.0011287219093747778,0.0016898203998066855,500
35,shock_x_ind10,-0.004153558783664012,0.001713399516130944,0.0017848147393183746,-0.007533613076563743,-0.0008775567040433174,-0.007173573959841602,-0.0014230128420176145,-0.0061076659713895885,-0.002281611199760462,500
35,shock_x_ind11,-0.0032812543387149722,0.004264692384231962,0.004165721505791173,-0.011201652787908585,0.0048709386914771065,-0.010109593528888577,0.0036237252719351614,-0.007115649203151685,0.0013578530838887195,500
35,shock_x_ind12,-0.0015746730378090558,0.001503177255448852,0.00148993944069533,-0.0047228751286815815,0.0013482314551176535,-0.00409434615667943,0.0009111559214034378,-0.0028982098506909752,-8.18012363770844e-5,500
35,shock_x_ind13,0.0002400750056197658,0.0016293498790738053,0.001692744004467069,-0.0029366433226056658,0.003391780837195893,-0.002461307158997676,0.002848200032676104,-0.0015208865244303363,0.0019432818587199875,500
35,shock_lag1,0.0015496613070499288,0.0009060096467054517,0.0010133160976587134,-0.0004202979477849722,0.0033875815288109887,-0.0002845784256762506,0.0031717586459067888,0.0004909756832596139,0.002518612302216221,500
35,shock_lag2,0.00022479359880739575,0.0009074359608168229,0.0009443576271153818,-0.0015832648796645062,0.001994777686803207,-0.0013949761208503246,0.0017675583666488066,-0.0007155672005267013,0.0011622502098805633,500
35,shock_lag3,0.0012220954608582221,0.0008322840154491352,0.0008826144104228383,-0.0004724657114484172,0.0029270789394913164,-0.00016808358863617585,0.0027314556726323303,0.00031316801604759105,0.002148398845472562,500
35,shock_lag4,0.0012864433504816825,0.0009585786473114308,0.0010264700548408751,-0.0007001284481618071,0.003132286604039666,-0.00041010053931780466,0.0029159357674809075,0.00017035694131759926,0.0023512409093886036,500
35,shock_lag5,0.0016123884217614799,0.0008024980449342277,0.0008508876101094796,-1.9375102573875066e-5,0.0034179853352056286,0.0003087303828276247,0.003094974977627317,0.0007203511833285968,0.0024448587531131073,500
35,shock_lag6,0.00014400684224603967,0.0008701719660781064,0.0009285812539918079,-0.001581032536337497,0.0019778685906605828,-0.0013670049923342296,0.0016120140805057468,-0.000789778690591961,0.0010770207214482058,500
35,shock_lag7,-0.0006764425632735184,0.0006795074836854037,0.0007562467564958909,-0.0021428285080862166,0.0008472588531961451,-0.001926040575187547,0.0005760782253359758,-0.0014052916839105683,0.00014330475567922202,500
35,shock_lag8,0.0003127838502923981,0.0008673149607387272,0.0008451283978577278,-0.0011761943568572996,0.002003479451659955,-0.000999678909356321,0.0018137737068934482,-0.00041396053947502943,0.001336098354648265,500
35,shock_lag9,-0.00014335712563119874,0.0008286717736135264,0.0009174637202345139,-0.0016256162072291191,0.00196363454731737,-0.0014693934360282112,0.0015724709426790575,-0.0008692186301171429,0.0009248894013056158,500
35,shock_lag10,-0.00014059897942623366,0.0007184671461704739,0.0007746499070998654,-0.0015349415478449924,0.0014447296207497466,-0.001315321410306858,0.001204362776395424,-0.000846788823359843,0.0006854514477401879,500
35,shock_lag11,-0.000960438947382031,0.0007518126006564085,0.000780674092860117,-0.0022898087908475436,0.0007654182807667936,-0.00218085640123222,0.00038926105578763033,-0.0016889545015058506,-9.792990221644492e-5,500
35,shock_lag12,-0.00022951381965009864,0.0007463271162863626,0.000799646774377751,-0.001941725698653674,0.0012193194058002024,-0.001706068910419004,0.0009759657327397482,-0.0009955857239335444,0.0005160323562595296,500
35,log_oil_lag1,-0.006793092668151933,0.0021690625208870672,0.0021769359320291566,-0.011023950769932338,-0.002292594748116835,-0.010398306536595585,-0.0033100592138960326,-0.008876666581659035,-0.004807004474143629,500
35,ffr_lag1,-0.003388050067994071,0.00044264861300788026,0.00043774339157616113,-0.004224391705884806,-0.0025191339744834876,-0.004087802097182393,-0.0026614721484136817,-0.0038187604738634706,-0.0029169838565895395,500
35,cpi_lag1,-5.297294617229298e-5,5.1883866219402574e-5,5.3735867344200144e-5,-0.000157063561562435,5.376102505697567e-5,-0.00014014972494322947,2.9396810649902963e-5,-0.00010797326035892357,-2.2251523015744364e-7,500
35,indpro_lag1,-0.00021231635248083477,0.00011563031742531764,0.00011002437054477869,-0.0004150905547293409,1.3511351310460207e-6,-0.00038120702104505193,-2.915663373913997e-5,-0.0003267460426587379,-9.672286886931132e-5,500
35,log_rincome,-0.04175987494005669,0.02796592575594309,0.029709125683753203,-0.09510888685066546,0.020681839730165536,-0.08681702109944563,0.00793842681251922,-0.06940300048106252,-0.011334375779044106,500
35,log_rwage,0.02077419336921589,0.03430156959796578,0.03610249697106,-0.05068556238170965,0.0855173579811381,-0.03949383322533226,0.07512045657239597,-0.01542374883086243,0.058911848193532984,500
35,age_mean,0.0007671438439997245,0.000894383141104611,0.0009279366115784102,-0.0010079466995622393,0.0025210257478362587,-0.0007510567687951968,0.002325312640035891,-0.0002493813602041667,0.0016858255869553146,500
35,female_share,-0.048925734346317216,0.021841556357878992,0.0236610353432997,-0.09640707277360325,-0.002890860373818388,-0.08805893009860064,-0.010783271702145365,-0.07096573425218282,-0.02453850673020963,500
35,married_share,0.0009479389733373052,0.022536283940643123,0.022887079889436637,-0.04430917259220203,0.04241813627241704,-0.03760097114209629,0.03896219959726966,-0.022155381823383533,0.024066816868392033,500
35,unemp_rate,0.05071487902850142,0.035744034683400636,0.03560270390917589,-0.00488105018900931,0.1335660768554987,0.0023915660131436484,0.11891125290232178,0.021908007563995028,0.0887028914693975,500
36,intercept,-1.750273093873725e-9,0.0005777960067545879,0.0005773423608392745,-0.0010672172212584882,0.0011499911054731883,-0.00090345756065082,0.0009712296088972478,-0.0005068478912984422,0.0006112450659983503,500
36,shock_x_ind1,-0.005487122707983731,0.004139194432184233,0.003960331062779358,-0.012265845532766257,0.0023238075511468528,-0.011589242108216664,0.000964155309907606,-0.009383404697775379,-0.0010880356362697216,500
36,shock_x_ind2,0.0022055218682540552,0.00477986065391655,0.00486398229709321,-0.007026838142594709,0.011920541445960383,-0.005780234439549789,0.01035183216354197,-0.002391714453139924,0.006999799155293263,500
36,shock_x_ind3,0.0014330042075022585,0.0017465220680008859,0.0017458861281421083,-0.002468235385219206,0.004481438944454409,-0.0019074358167663764,0.004075216768041978,-0.0002440225344162151,0.0030090899906101702,500
36,shock_x_ind4,0.0005846446334325516,0.00142138603918577,0.0015439613721025252,-0.0023143935603426513,0.003600353532586943,-0.0018591681674765851,0.0030303001413158628,-0.0009685005665081796,0.0022002156658714428,500
36,shock_x_ind5,0.0005472081580773,0.0010064243931997704,0.0009656007494852236,-0.0014000144008528498,0.002393794300676656,-0.0010360176402355297,0.0021740051251188455,-0.00042496533817193763,0.0015292901812390199,500
36,shock_x_ind6,0.002578677312875299,0.0013128613585577263,0.0014496669434608447,-0.00012720472207222096,0.005531709437034219,0.0002758665110888661,0.004988001080332206,0.0011717931143711878,0.0039128048754313175,500
36,shock_x_ind7,0.0014264420684203184,0.0018658160573239693,0.001900590286607174,-0.0022681786601283726,0.004992658505420132,-0.001646113121864683,0.0043846591969283165,-0.0006372078284805236,0.003007510885392042,500
36,shock_x_ind8,-0.0037941448250475734,0.001983046683636122,0.002050094345990096,-0.008174054850394687,-0.00011712784426126958,-0.0072823689125415215,-0.0006433819327687448,-0.006129347973125827,-0.0019145360550163523,500
36,shock_x_ind9,0.0006661996388250225,0.0013782115759088268,0.0014406959664602004,-0.002110128014284629,0.0034105719670368823,-0.0017144428214586442,0.0029501147879620166,-0.0007457946992773588,0.0021456659955089393,500
36,shock_x_ind10,-0.0033945597103360653,0.0019982529283899997,0.001939061065552789,-0.007323747045287104,0.00011451986254457547,-0.006392918030007064,-0.00036446716247352497,-0.005357888860599674,-0.0015031629661991465,500
36,shock_x_ind11,-0.0005191638056734869,0.004393064708472547,0.0043654301414535295,-0.009403318994572725,0.007279374816014716,-0.007957875118069233,0.006294564486181379,-0.005650543636329167,0.003271676296025557,500
36,shock_x_ind12,-0.0009279159885853663,0.0013457745210594344,0.0014514169244659613,-0.004090485464468995,0.001751752577882211,-0.003544543508171807,0.001221056675314645,-0.0026008240005127026,0.0002913999414577202,500
36,shock_x_ind13,-0.001798192552794438,0.0013288723848605636,0.0013888780185920663,-0.004282122757087288,0.0010909793890577263,-0.003985217509926464,0.00048008592432036184,-0.0032272615878210804,-0.00042996030301477116,500
36,shock_lag1,0.0008117870696318629,0.0009826159945448892,0.001032463197707479,-0.0013352417336226342,0.0027250734908685305,-0.0009413278956160267,0.002508949376777058,-0.0001845211698742801,0.0018160971067281136,500
36,shock_lag2,0.0009315740159493858,0.0008682070116557001,0.0008828536246677839,-0.0006638892788830918,0.002700053522574103,-0.0004308842015552935,0.002403277269797715,8.665405618165644e-5,0.0018014900433314142,500
36,shock_lag3,0.001464289512004181,0.0009313721832989782,0.0009583258863462414,-0.0002581397569080486,0.0034523097583874208,-4.977801334907813e-5,0.003139119532127395,0.0005927414367722845,0.0025478189980685023,500
36,shock_lag4,0.002451442412900867,0.0008468350922743671,0.0008647994021839771,0.0007528039995855913,0.004041800518859531,0.0009888169983012338,0.0037852178859379697,0.0015497831492668193,0.003281828258348496,500
36,shock_lag5,0.0002887379474805774,0.0008847978360339095,0.0009385356549123209,-0.0016338867373092924,0.002023615879214298,-0.0012761316144471648,0.0018102522783798062,-0.000649227948744602,0.0012024619760439411,500
36,shock_lag6,-0.0005726418670119991,0.0009634192041679731,0.001002017427285839,-0.00252887947158719,0.001442102899750702,-0.0021700082197757785,0.0011559304285562984,-0.0014457364928622024,0.0005196560972367053,500
36,shock_lag7,-0.0005571076840520133,0.0007866256481652377,0.0007980537533563253,-0.0019949072329459687,0.0010867102189802773,-0.001792218567941364,0.0008930786219347478,-0.0012610291693727093,0.0003142953563042275,500
36,shock_lag8,-0.0004976563923354123,0.0008169011776628666,0.0008745575853764117,-0.0019416903479284602,0.0015636647073147625,-0.0017089064831268329,0.0012565888512198874,-0.0012045048153397203,0.00043683322130530337,500
36,shock_lag9,-0.0006497944488632196,0.0009206521029414531,0.0009534208485367912,-0.0022922934893310886,0.001339683305018343,-0.002125077798825576,0.001161460404975831,-0.0014431366567059355,0.0003921001771460616,500
36,shock_lag10,0.0007717667717249043,0.000852648649555949,0.0009010391690734845,-0.0007795857569558781,0.0026980650021264582,-0.0005132032222932608,0.0024169476279227104,-6.611143654444494e-5,0.001680806066398507,500
36,shock_lag11,0.00019618192749135108,0.0006725181896230795,0.0007278784253281887,-0.0012207763689838038,0.0016727896572810417,-0.0010190997836040697,0.0014116418656454864,-0.0004952077190409119,0.0009168869990769189,500
36,shock_lag12,-0.00011114815894297764,0.000791572748944009,0.0008800183830485941,-0.0018347732511907312,0.001441543684134909,-0.0014896932879122557,0.0013111804614833033,-0.0009506885149711218,0.0007897150950929205,500
36,log_oil_lag1,-0.0074345413072917765,0.002167797533989181,0.0022584166726891106,-0.011970489668620951,-0.0030905461416598735,-0.011281309797494976,-0.0037032894826925173,-0.009861353951929804,-0.005246936860760938,500
36,ffr_lag1,-0.0033929495260046957,0.0004509618848096713,0.00045923711265855087,-0.004253843818528152,-0.00249444545340664,-0.0041498526934435,-0.0026080248030741267,-0.0038208347351294247,-0.0029124337672419356,500
36,cpi_lag1,-4.356977155985929e-5,5.2614603878973405e-5,5.2483938580204726e-5,-0.0001513954864196013,5.9865227982214104e-5,-0.00013168256091331053,4.3840448570823634e-5,-9.332153492106794e-5,1.1456447975809748e-5,500
36,indpro_lag1,-0.00021165855061150687,0.00012607985143929445,0.00014418590922091236,-0.00048779002457271766,8.940464579851101e-5,-0.00045224397145608307,3.613765286048699e-5,-0.00035779528489229633,-7.474176869654923e-5,500
36,log_rincome,-0.033369326130834875,0.028508608743087263,0.02835444442972007,-0.08644691659507295,0.021438647290151283,-0.08070058671555776,0.014266932968300812,-0.06172543534222017,-0.006406042490302006,500
36,log_rwage,0.007947505018429118,0.03368687840314764,0.034429986260084255,-0.055079499703795165,0.07305893513661747,-0.04700962733439738,0.06644382945794441,-0.026971029643115003,0.044196812583009004,500
36,age_mean,0.0010556046825092944,0.0008708262546307541,0.0008298432258877409,-0.0005224336509586651,0.00264296277252221,-0.00035098630369293665,0.002430298757372905,0.0002801112265591153,0.0019555899417576916,500
36,female_share,-0.03450988376798852,0.020573532254701026,0.02140188380145908,-0.07315521649546694,0.009354944035236477,-0.06712857699644632,0.002559281859500851,-0.05589107435836356,-0.01168879060413154,500
36,married_share,0.008523298628710636,0.023853500380475116,0.0242279369179264,-0.038167267133250415,0.05375381739415614,-0.03241806396218112,0.04655859156714449,-0.01699495224159408,0.033476745152448584,500
36,unemp_rate,0.060751034010430374,0.03312435183242279,0.03608163216009072,-0.007720813364193228,0.13077836350538172,0.005486158816284899,0.12226637275389399,0.029154618873128257,0.10062031205191269,500
