horizon,coef_name,beta,dk_se,boot_se,ci_lo95,ci_hi95,ci_lo90,ci_hi90,ci_lo68,ci_hi68,n_boot_valid
0,intercept,-0.0016099228160463852,0.003567162474192737,0.004904988535122472,-0.01285666400252623,0.006727086416161531,-0.010128730763977072,0.0053141439490161785,-0.006566151042685443,0.003258018516624745,500
0,shock,0.0021841279244374703,0.0002575037814939595,0.00026627137576011687,0.0016332829803065846,0.002692677356624514,0.001732824175601156,0.0025835489899079817,0.0019097388997468372,0.002428380879345798,500
0,shock_lag1,0.0019482565226907741,0.00026016033679147476,0.0002515518552749178,0.001465845358806677,0.0024037410303090483,0.0015129012111269333,0.002338033483157716,0.0016610823720965328,0.002185244890089785,500
0,shock_lag2,0.0005268493361014128,0.00021882994748916027,0.00021157815808722498,0.00011750363599986383,0.000943342241524461,0.0001591979951183582,0.0008536571140113305,0.0003019606572035993,0.0007243515733248655,500
0,shock_lag3,6.078913071085129e-5,0.00017292510037296337,0.0001688922039564036,-0.0002816966229797176,0.0003788929186225622,-0.00022368901482897028,0.0003399800020990766,-0.00011460071128875986,0.00022630136785020428,500
0,shock_lag4,-4.291916317435427e-5,0.0002006363491561692,0.0002093750059585109,-0.000492460224897367,0.0003670552501947866,-0.00041290659944614614,0.0002787936428780432,-0.00024293268170719103,0.00013900502988852835,500
0,shock_lag5,-3.968361195225393e-5,0.000234502765480494,0.00022504576429655882,-0.0004600162144673483,0.00042117937505310304,-0.0003884866213046333,0.00033064464473330033,-0.00025459786599387184,0.00017678382935054713,500
0,shock_lag6,-0.00013049461407115248,0.00020212851026808653,0.00019066571847887494,-0.0004649121089384958,0.00027548508705857553,-0.0004134359631988067,0.00019433185942551842,-0.00030694752921686994,8.699232667999762e-5,500
0,shock_lag7,7.330793904255938e-5,0.00016274518967846136,0.00015723353465059406,-0.0002367328866793058,0.0003769234501813959,-0.00018072213679203231,0.0003266864876844471,-8.173901157537038e-5,0.00023223047703130404,500
0,shock_lag8,-1.5887191750598803e-5,0.00019497668568946807,0.00022619931951762328,-0.0004032604926489073,0.000502990863063482,-0.00033378551380607003,0.0003853729886720134,-0.00023205360965606827,0.0002103555541453947,500
0,shock_lag9,-4.40160567929564e-5,0.00017536410772583892,0.00018245739127002852,-0.0003551949886903878,0.0003505421081552723,-0.0003074276134300815,0.0002918380735636484,-0.00021012959119109432,0.000148290148702746,500
0,shock_lag10,0.00016864011863155625,0.0001550491836486086,0.00015959337826756154,-0.00012261080655219292,0.0004920277736476927,-8.834297225452593e-5,0.00043452794270825356,3.612381234732155e-5,0.00034536086085968726,500
0,shock_lag11,0.0005653698271737226,0.00015889354888791004,0.0001616811573111632,0.00025905041801667524,0.0008928745998155424,0.0003202666114315532,0.0008405971559854243,0.0004211119451188781,0.0007315729569395923,500
0,shock_lag12,0.00014593921635230804,0.000152757296494301,0.00017200555321096866,-0.00019793777010545927,0.0004969159470467927,-0.0001389757789225161,0.0004449198635230972,-2.894318986439429e-5,0.0003035735245785605,500
0,log_oil_lag1,8.780383202626626e-5,0.00033666624622328666,0.0003623994797476021,-0.0006299591541085861,0.0008124767751588166,-0.0004581978945245224,0.0006598420271900614,-0.0002661794582387993,0.0004331353837325318,500
0,ffr_lag1,0.00022177661684455577,5.1654015766852834e-5,7.392271018018188e-5,7.234042125914632e-5,0.0003730926985129632,0.00010261571427758252,0.0003440952090274278,0.00015588120760658236,0.00029788684219721347,500
0,lag_cpi,0.0005424091376620158,0.0008488962359133023,0.0010914308610899216,-0.0013259255424145238,0.0028417139413866753,-0.0010477499066354943,0.002416560151213017,-0.0005430426790634079,0.001607309053091253,500
1,intercept,-0.003103824290154035,0.0066602715197625825,0.009694101866976725,-0.024560819735823736,0.012354661096896515,-0.020645441089264173,0.010652294236655226,-0.012491111929511883,0.00556496436743736,500
1,shock,0.0040636448180756905,0.0004938585428613072,0.0004966383600249038,0.0030664709600869964,0.0049343092267799,0.0031920732140435543,0.004817846148215428,0.0035169309389631257,0.004536248635639384,500
1,shock_lag1,0.002427010674085488,0.0003984386392828229,0.00040675562439161547,0.0016264918413903065,0.00323454850578704,0.0017506617753956575,0.0031015064148836127,0.0019968629234362882,0.0028152918195453267,500
1,shock_lag2,0.0005268878981718065,0.0003285784459704288,0.00033261083519749146,-8.033047709285437e-5,0.0011761149035211067,-5.189866505413127e-6,0.0010598695363288155,0.00017429104718643808,0.0008478746027771786,500
1,shock_lag3,-4.6764981715241226e-5,0.00033929167937447196,0.00033678196226710825,-0.0007227630347771605,0.0005750658653552959,-0.000613943355277076,0.0005094827567480057,-0.0003894463850427672,0.00030371579578744,500
1,shock_lag4,-0.00015620649991237532,0.00042391673881542755,0.00041250978442302385,-0.0010557738078749265,0.0006169849504318752,-0.0008627230079556208,0.0005012779372159271,-0.0005522822772590588,0.0002547185399328891,500
1,shock_lag5,-0.00017096082702073583,0.00040200612437857065,0.0003591758210866816,-0.0008592390247212826,0.0005391491223815407,-0.0007370998823519846,0.00039537122218039777,-0.00046250669978447825,0.00021010391430297066,500
1,shock_lag6,-0.00013255902755101383,0.0003449936562052799,0.00036183263518109064,-0.0008978019831071286,0.0004896918078400637,-0.0007862470549104092,0.00043586866172084723,-0.0005162319128440406,0.0002181680754284918,500
1,shock_lag7,2.814814170126213e-5,0.0003455876514228746,0.0004131724416328995,-0.0007986391620491123,0.0007585392094259838,-0.000682966456462249,0.0006759248643855442,-0.0004190255331256263,0.00040363590692814587,500
1,shock_lag8,-0.00011038324194713063,0.00035065727541097196,0.0003629857543505744,-0.0008151988166101565,0.0005830982096847848,-0.0006799911665431726,0.0005277804407288905,-0.00043368052854285584,0.00026051913512163715,500
1,shock_lag9,8.454276206858255e-5,0.0002809750068414723,0.00029225138377745566,-0.0004394867943507421,0.0006157030281084338,-0.00039046289755121256,0.0005486837118222136,-0.00021451315802927822,0.0003712595362799713,500
1,shock_lag10,0.0006471545266460629,0.00029672509153799194,0.00033028042635874406,4.561805757211344e-5,0.0012960134454608214,0.00011894975871412946,0.0011748715949739068,0.00025967274169239523,0.0009452628082997083,500
1,shock_lag11,0.0007013529459791556,0.0002662690555253241,0.0003010767301721448,5.131297790095162e-5,0.0012735576219817385,0.0001998044243451835,0.0012056592337092286,0.00038140327445777643,0.0009755237093148537,500
1,shock_lag12,-0.00032274770789685075,0.0003024479966036397,0.0003420152091503947,-0.0011004308956711708,0.00027692998551627046,-0.0009541186935917013,0.00018805682865004187,-0.000684349057168242,-8.916907225966178e-6,500
1,log_oil_lag1,-0.00011909098327165115,0.0006131234635843407,0.0007239668550785969,-0.0017168961303519145,0.001248387865805078,-0.001355437033735954,0.0010818592888476482,-0.0008345589393788218,0.0005597289767700307,500
1,ffr_lag1,0.00038984180273542835,9.120143284736824e-5,0.00012891754348119184,0.00015899722615843028,0.0006686006737365384,0.00019426847660191352,0.0006100372110949783,0.0002786392019011505,0.0005165752604691925,500
1,lag_cpi,0.001301241316849929,0.0015854438305161543,0.002199449498296636,-0.0024670986528377934,0.00584121110429933,-0.001967965729086911,0.005186766788331721,-0.0006786788965944281,0.0035629399602109006,500
2,intercept,-0.00422382932528085,0.00964544520291412,0.014288693091551756,-0.036400992625413506,0.022849905176249977,-0.027745093305474363,0.017382347465315393,-0.017330064205212534,0.00905367893439269,500
2,shock,0.004452009620066407,0.000610709091672632,0.0006064553690624748,0.0031273760765659527,0.005605936856730322,0.003346169293005786,0.005405571647740509,0.0037367100265578456,0.004918543245310534,500
2,shock_lag1,0.0023669171940325904,0.0004638443686783392,0.0005069136708855427,0.0012719803458283903,0.0033002305364795608,0.0014830824016785085,0.0031103228257114562,0.0017690612892137015,0.0027829888277788955,500
2,shock_lag2,0.00035695348250055917,0.0004636376432795885,0.00048141487227452604,-0.0006024098016760774,0.0013109603760359254,-0.0004664429812770945,0.0011139277289887878,-0.0002157144665837617,0.0007533555056270726,500
2,shock_lag3,-0.0002169928606650013,0.000566523325299428,0.0005642788395847121,-0.001276633126225083,0.0008436738272547083,-0.0011418970902646642,0.0006854669838219084,-0.0007862601402928995,0.0003248571333911578,500
2,shock_lag4,-0.00036110417415758723,0.000609375008954866,0.0005771396564971879,-0.001505138346380516,0.0007346108229957377,-0.0013154828246710612,0.0005670865568208603,-0.0008600860382613886,0.00025579575972232976,500
2,shock_lag5,-0.00018630180457190163,0.0005368796691275952,0.00048116813636826095,-0.0011592969619559513,0.0007570968382637194,-0.000956889730152901,0.000664384076527109,-0.0005995426344461202,0.0003258797178747207,500
2,shock_lag6,-0.00024624071599448294,0.0005371656023495454,0.0005850172421297971,-0.00140150978059991,0.0008623197370862562,-0.0012806079416010977,0.000680617812021421,-0.0008159101146501983,0.0003235983372204647,500
2,shock_lag7,-0.00010095307857507268,0.0005066985135894114,0.0005614379253574374,-0.0012045098321414472,0.0009920161499725891,-0.0010238829359190795,0.0008389741652225091,-0.0006527267290366786,0.00046587984338414696,500
2,shock_lag8,-3.325042514282912e-5,0.0004519043814432013,0.0004927763472965846,-0.0009504911657122855,0.000944859129867315,-0.0008475779113951323,0.0007985047340437537,-0.00048621297659215434,0.00042540550213153005,500
2,shock_lag9,0.0005212229483544848,0.00043371429036497406,0.00048772974502113073,-0.0003656461552885103,0.001534900402023219,-0.00023894735155799857,0.0013831676109018459,4.805566436921919e-5,0.0009874277995354913,500
2,shock_lag10,0.0006991814375923355,0.0004318773226145476,0.0005020815408909249,-0.00033810144113821466,0.001633824999926814,-0.00010893671794400643,0.0015332132538668818,0.00019360462587644583,0.0011647541123557736,500
2,shock_lag11,0.0002128074751595149,0.0004073543435060003,0.0004625065934311873,-0.0006886569001039532,0.0010680289825445452,-0.0005572506241331091,0.0009172984301685752,-0.0002434512425321579,0.0006613220755259024,500
2,shock_lag12,-0.0008430215352380415,0.00044342605495819416,0.0004785776868568048,-0.0018722616078516428,-2.758936744752044e-5,-0.0016887582463785298,-0.000118287359317484,-0.0013565562869109196,-0.000402741707832493,500
2,log_oil_lag1,-0.0004805471723581991,0.0009207945085692999,0.0011072741572544947,-0.002952719096390986,0.0016850790638355767,-0.00235131193503209,0.001391155994959536,-0.0013850533474440683,0.0005917167323959488,500
2,ffr_lag1,0.0005181286531840199,0.0001292176045757274,0.00018477015676783467,0.0001418278448844889,0.0009129247799757314,0.00020496437116246797,0.0008281203434899749,0.00036611942189278317,0.0006957564464909236,500
2,lag_cpi,0.002119307750042654,0.002322808487747098,0.003323542132957121,-0.00439820841889115,0.009689877014843102,-0.0029265304072278986,0.0075186098188050965,-0.0010364684461237608,0.005087049870281869,500
3,intercept,-0.006014256902886763,0.012733371329724425,0.017991473306327343,-0.046421353657590037,0.023338870360068625,-0.03712033726022698,0.0184540691359282,-0.023668996672781637,0.010141706085193535,500
3,shock,0.004343095746908186,0.0006431422509964082,0.0006721961067554026,0.002831445151666631,0.005547374338760127,0.0031347230940064535,0.005312190161337187,0.003576611898355484,0.004883151583649637,500
3,shock_lag1,0.00220292347497717,0.0005747554773241771,0.0005910563318489939,0.0008253947045296176,0.003249306597977628,0.0010555347488121925,0.0030673867720017196,0.0015380839657521393,0.0026426136822022893,500
3,shock_lag2,0.0002092366519656576,0.0006557261164273424,0.0006874521948966224,-0.0012758246248494804,0.001550009013494983,-0.0010289028100707953,0.0011363800914299534,-0.0005522670062677274,0.0007136574517651523,500
3,shock_lag3,-0.0004106095243236701,0.0007490081298373107,0.0007465800753860758,-0.0020286868601380164,0.0009593145217243911,-0.0017504165988537952,0.0007027487734224549,-0.00121031270455743,0.0001780429921308136,500
3,shock_lag4,-0.0003682767835725424,0.0007361407907037423,0.000746261297983636,-0.0019683653131865033,0.0010227604768630353,-0.0017268711288264279,0.0006971041874715371,-0.0011750572937427358,0.00023993499809666884,500
3,shock_lag5,-0.00027670866402268744,0.0006962817111200067,0.0007132196426686375,-0.0018243264875915407,0.0010877410173176776,-0.0015023371187611206,0.0007922971287779992,-0.001065342346201465,0.00034892447150386587,500
3,shock_lag6,-0.0003797356962405901,0.0006949349226475812,0.0007691721581683445,-0.0020267015884637024,0.0010215390912414748,-0.0017437399048079874,0.0008770636772880318,-0.0011607737657988607,0.00034221837086216876,500
3,shock_lag7,-1.1055276839311309e-5,0.0006024351528430127,0.0006541000162046182,-0.0013254692860228475,0.0012664275310472857,-0.0011324311948366964,0.001064580305484456,-0.0007310884286619769,0.0005838896335016967,500
3,shock_lag8,0.0004144773768036101,0.000568942616572633,0.0006409234777912012,-0.0007813870478073706,0.001670229804750426,-0.0005654270719286361,0.0015157925326313992,-0.00023562537083317325,0.0010013203308948792,500
3,shock_lag9,0.0005780897006755975,0.0005691597736581114,0.0006187864239525413,-0.0005920028769489684,0.001908194054362414,-0.00039184276930797295,0.0015927512298377735,-8.485832111798872e-5,0.0011535921985440884,500
3,shock_lag10,0.00020544771720629277,0.0005614071989285427,0.0006042232795368281,-0.001009604294448926,0.0013717910071670975,-0.000789506128929562,0.001125112791141717,-0.00041760004470209995,0.0007925159526746262,500
3,shock_lag11,-0.0002885910413716009,0.0005292974593848373,0.0005618986426154904,-0.0013592124458500863,0.000764846762380301,-0.0012536875208195959,0.0005767070446358347,-0.0008669242392152618,0.00023480895234849312,500
3,shock_lag12,-0.0007140624336123647,0.0005213533955050266,0.0005303468837126958,-0.0018564739268987908,0.00027078761096056023,-0.0016980412042342514,0.00010205744759400409,-0.0012583873004563485,-0.0002518489773939766,500
3,log_oil_lag1,-0.0010540089888105664,0.0012675027147121482,0.0014913205869452179,-0.004045982310340299,0.001541200463887235,-0.0036177874768889362,0.0011846346841591117,-0.0024980678859109194,0.000447456740065183,500
3,ffr_lag1,0.0006343485075786669,0.00017065129227735606,0.0002499410389928092,0.00014437115825632023,0.0011356026461636817,0.00023721218851215705,0.001048132947376098,0.0004096144680761102,0.0008918078890052866,500
3,lag_cpi,0.003220202850770835,0.0031006588243019046,0.004164721308900623,-0.003987457057917253,0.011986227339057558,-0.0027490419651963493,0.010559358079117507,-0.0005524562612839193,0.007071151271766701,500
4,intercept,-0.008809178246860725,0.015778920398579192,0.02506990845107138,-0.06538597597079185,0.02914245713929023,-0.05615256381874098,0.023498574076579824,-0.033854620940506064,0.013430176847212153,500
4,shock,0.0041217178909085436,0.0007106985234401427,0.0007170401758790845,0.0026557753485523415,0.005481376369108721,0.0029214604693863517,0.005184511651110533,0.0033214002048854384,0.004757675204108587,500
4,shock_lag1,0.0020297870816811253,0.0007493165115456805,0.0007684987074229327,0.00037405443398453903,0.003528480730948637,0.0007333437002379484,0.003236540762098923,0.001179470145497572,0.0026917156422475983,500
4,shock_lag2,5.1318996643361195e-5,0.0008207834579028848,0.0008557668992839908,-0.0016723972085319685,0.0016432570937888098,-0.0013836647986576029,0.0014393932206366613,-0.0008122760162280467,0.0008743279368026915,500
4,shock_lag3,-0.0003945727547750403,0.0008552761750959637,0.0008570727343268967,-0.002024575174163748,0.001144330985995221,-0.001799286292582686,0.0009037012016921872,-0.0012832133578290137,0.00042080782030058417,500
4,shock_lag4,-0.00044227067180412696,0.000884356111759984,0.0009812012239961477,-0.002393891816604439,0.0013951137987947577,-0.001989073990904941,0.001107628120770254,-0.0013706731484819763,0.0005802041407717541,500
4,shock_lag5,-0.0004006338318232698,0.000861188934195268,0.0009117395035183019,-0.0021021479050415664,0.0013714803250589164,-0.0018228599955444468,0.0010958048826726307,-0.0012184970187830789,0.0006035121735881921,500
4,shock_lag6,-0.00027384689678288174,0.0007841755754571625,0.0008453741395138075,-0.0018189686986693021,0.0013987803595653858,-0.0015694309365019365,0.0010989345130781756,-0.0010871818423226886,0.0006593597047333258,500
4,shock_lag7,0.00043578159800517234,0.0007033750610427832,0.0007751515662867553,-0.0009363858475170093,0.0019676585805666518,-0.00080718986390705,0.0017375957160916165,-0.00026462048441810277,0.0013076700963919584,500
4,shock_lag8,0.0004770880099160032,0.000703694413718425,0.0007858527719495518,-0.0008467510438620661,0.0021749878469060117,-0.0007341950267005462,0.0019109686823795143,-0.00020480175979402615,0.0013405363094341682,500
4,shock_lag9,9.002169484482881e-5,0.0006965449458908509,0.0007906169402098931,-0.0012738114766245958,0.0017422208309648573,-0.0010440881380223309,0.0015547774762116452,-0.0006489080080398325,0.0009500769351504692,500
4,shock_lag10,-0.00031051089712303114,0.0006719869277693292,0.0007447074739910601,-0.0018382917479855473,0.0011874568346578187,-0.0015263773888741633,0.0008768898314029236,-0.0009561161206713003,0.0004600246362779731,500
4,shock_lag11,-0.00014611418614047974,0.000609804199633322,0.0006321079928858576,-0.001396010805979331,0.0010766581710054063,-0.0011661499805786827,0.0009279132280268699,-0.0007120311768591608,0.0004810559555192388,500
4,shock_lag12,-0.0007490997342088152,0.0006110501822748404,0.0005933590904080451,-0.0020099637516539136,0.00039962456673670526,-0.001680740910513307,0.00024018733725401806,-0.0013333767085168683,-0.00016500211467182984,500
4,log_oil_lag1,-0.0017177017319209484,0.0016162158489891015,0.001981109057521924,-0.0059718420064675485,0.0017566559367680938,-0.005347073630092638,0.0011918423994055913,-0.0036588272710653996,0.00021226521524990498,500
4,ffr_lag1,0.000757541228133094,0.00021144609072027874,0.00030477566620664846,0.00021843214548588366,0.0014057839034564274,0.00029790953934650096,0.0012512966185593362,0.0004600520392914651,0.001059270537453038,500
4,lag_cpi,0.004573073756617767,0.003876530281551556,0.005823592216464844,-0.004465999485120643,0.017585914477203528,-0.0030386641526496286,0.014851981959915448,-0.0007426021668602427,0.010829284323953008,500
5,intercept,-0.012018329960090491,0.018684871489864634,0.028662225487625627,-0.07973579983671433,0.034780797522922936,-0.05930321813548886,0.026397881779656414,-0.03744511826653993,0.014570389198699704,500
5,shock,0.003883004323712033,0.0008462873953700032,0.0008352496647237491,0.0021925212392547733,0.0053727620935169525,0.002415790362312311,0.005196082733425354,0.0030099408014069248,0.004661805556193394,500
5,shock_lag1,0.0018774626923653288,0.0008874352397713898,0.0009102101775506945,0.00014275579077297634,0.003742645463799412,0.00039231549813459153,0.0034228038838569567,0.0009733595806386998,0.002754402268682383,500
5,shock_lag2,8.918665994112961e-5,0.0009171397757324108,0.001008652462487061,-0.0017742233610572604,0.002003697752933284,-0.001512813300045542,0.001763180274496785,-0.0009674121400591846,0.00107246356051988,500
5,shock_lag3,-0.0004391803374387246,0.0009889079025160678,0.0011213033120700139,-0.0024327846533273014,0.0017482169041990615,-0.0021832652197812364,0.00142605948802199,-0.0015773147581813276,0.0007618332137915598,500
5,shock_lag4,-0.0005438334978581453,0.0010226795109574208,0.0011380211573320585,-0.0026266484943048055,0.0016281562833821786,-0.002435739751728318,0.001401438558781218,-0.0015982171776726278,0.0006628101274064423,500
5,shock_lag5,-0.000280754289566231,0.0009404332962042011,0.0010182708753678203,-0.0021906596351319633,0.0017097372638952178,-0.0019088989083463016,0.001458770631498996,-0.0012533803445043108,0.0007733618556761828,500
5,shock_lag6,0.00018753070330256014,0.0008722239438061861,0.0010023433685784344,-0.0016829225585955573,0.002191422394004291,-0.001392724884193583,0.0018580495977660746,-0.0007895534258487841,0.001152781600596891,500
5,shock_lag7,0.0005144117758809543,0.0008335698878719567,0.0009623871168748993,-0.001165542682429981,0.0024873282937138514,-0.0008860104468708404,0.0021395027295437337,-0.00041746910374266714,0.0014410729727193994,500
5,shock_lag8,2.1218680217461567e-6,0.0008272616098987589,0.0009837538146334269,-0.0017633740289922139,0.00209305319809647,-0.0014131733463673087,0.0018130243680660684,-0.0009330839498311345,0.0009759522935425622,500
5,shock_lag9,-0.0004197339385273436,0.000791811916299676,0.0008650730784308928,-0.0021100343848913816,0.0012549726161980956,-0.0017850468960938946,0.0009929608851135592,-0.0012767511544290952,0.0004193850621045536,500
5,shock_lag10,-0.00015421975938217317,0.0007447328303039741,0.0008105316841976122,-0.001647776050528206,0.0013920736940036841,-0.0014465881022559758,0.0011270525727747008,-0.0009851984635001984,0.0006721850489839017,500
5,shock_lag11,-0.00016909380122256804,0.0006972935138553415,0.0007447016981337533,-0.0016365738263998766,0.0013062044261407228,-0.001462354862961514,0.0010311377161778448,-0.0009931646599273998,0.0004964718878258358,500
5,shock_lag12,-0.0006025152112723695,0.0006790657059125163,0.000705539320410034,-0.002127031258566013,0.0008120979450825128,-0.0018337992170003657,0.0005091321980226655,-0.0013653151803867476,-1.7396256241501488e-5,500
5,log_oil_lag1,-0.002447546779730577,0.0019471087401592279,0.002505686889576659,-0.007452375954345748,0.002357466228302707,-0.006432941034935153,0.0017371561427908721,-0.00457382288712473,9.495120988160968e-5,500
5,ffr_lag1,0.0008811562725326316,0.0002504171453747684,0.0003897527230086633,0.00019921126053858127,0.0016624247686000877,0.00026619511076004853,0.0015013488804429072,0.00047015314280306474,0.0012243840814823886,500
5,lag_cpi,0.0060521971584293665,0.004621244364096316,0.00679065337016444,-0.0056304393947804125,0.02212672186245327,-0.0033864527216975132,0.016859219951497056,-0.0005488794035430154,0.011918609714046116,500
6,intercept,-0.015928700486136812,0.021481385087527314,0.03494568125313649,-0.10013672791330072,0.045762204493884746,-0.08207144792838024,0.03360197722041035,-0.047203174886894135,0.010628607415210819,500
6,shock,0.003677873497947005,0.000972917473807204,0.0009017557651439932,0.0016148762017498585,0.005165304959301892,0.002045412698997614,0.00499994146493859,0.0026644624922561016,0.0044306792272082954,500
6,shock_lag1,0.0019216779773456789,0.0009688894942191515,0.0010008610583295276,-0.00019874373805723347,0.0037223825243351705,0.0001815277217679913,0.003537438859195786,0.0008554426161677829,0.0028141496554594412,500
6,shock_lag2,7.488689355777664e-5,0.0010568956328651513,0.0012295343714201926,-0.002354883325804632,0.002423010364654012,-0.0019876952141018958,0.0021710015892305893,-0.0011492509565110734,0.0012413862307928626,500
6,shock_lag3,-0.0004999180306054276,0.0011147926790239817,0.0012301421376889046,-0.0029804820074418267,0.001894622369257656,-0.002509957321225178,0.0014497863460651993,-0.0017352065219742488,0.0006899052079728425,500
6,shock_lag4,-0.0003938148765411792,0.0010955492793973578,0.0011831374705803478,-0.0027021422610908376,0.0019216696716372436,-0.002292362425968752,0.0016177506678557573,-0.0015332516214729172,0.0007383512973132107,500
6,shock_lag5,0.00019618731875915602,0.0010146248780553099,0.0011204593999923473,-0.0020267138921993694,0.0025351807396564313,-0.0017602991284067677,0.0020473221420866557,-0.0008576109852519826,0.0013353319063675382,500
6,shock_lag6,0.00028592725142426357,0.0009896667330387319,0.0011243437428728222,-0.0019762218602699644,0.002531867542669233,-0.0015350689217555839,0.002090789561949768,-0.0007237816542981795,0.0013744221847449543,500
6,shock_lag7,6.220263367378852e-5,0.0009416639487565198,0.0010547398321522413,-0.0018738214970203384,0.0021284170175689377,-0.0015888052355320823,0.001801884914997449,-0.0009532885391591019,0.0011263864733926318,500
6,shock_lag8,-0.0005002687036252654,0.0009130479664425196,0.0009939399910048636,-0.002381212571687668,0.0014641719935777984,-0.00217776459985846,0.001132885108262291,-0.0014723004531699672,0.0005159658627297311,500
6,shock_lag9,-0.00023932247276663366,0.0008577618230006111,0.0009011566557148581,-0.002077039786151806,0.0014724268094781022,-0.0018323577197175366,0.00108545520222026,-0.0011493136455858902,0.000670942271287915,500
6,shock_lag10,-0.00015410385444949713,0.000822404899403709,0.0008768106715244543,-0.002065685317672454,0.0014874089199548891,-0.0016359030076159699,0.0012379232135314115,-0.0010485025402104536,0.0006509443213792252,500
6,shock_lag11,-9.421996743869276e-6,0.0007583807084092461,0.0007948650310680876,-0.0016108826299520188,0.0015155275015646384,-0.001349474119659109,0.0012640230661115262,-0.0008904595755886682,0.0006386442971472148,500
6,shock_lag12,-0.00032282273609906967,0.0007639799061227863,0.0007492667836097119,-0.0018734874164798416,0.0010653706097013885,-0.0015805450275343884,0.0008288784602619381,-0.0011385220524876927,0.00037627117071938537,500
6,log_oil_lag1,-0.003285812713749623,0.0022485096829590843,0.003033832234260395,-0.009639422885958464,0.0024025245622641507,-0.008758996102241698,0.0013396742971311369,-0.006140034149736918,-0.0007245731381523118,500
6,ffr_lag1,0.0010036468047995505,0.00028839083303019183,0.0004667018122630027,0.00013008525887838024,0.001927216804264856,0.00020357780517031573,0.0017825947555064313,0.000590683830285899,0.0014481291350155637,500
6,lag_cpi,0.0077435160691840645,0.005326559106428605,0.008335799481058637,-0.007301624039399344,0.026111576370477424,-0.004495237776729578,0.023611159511131935,0.0011479567021629171,0.015766268955497965,500
7,intercept,-0.0190128822426559,0.024180750192687245,0.03771542237032757,-0.10986222635060061,0.03937646816722537,-0.091911340227028,0.032717369679135695,-0.056648797261126024,0.016639569886035963,500
7,shock,0.0036397920823524397,0.0010567227441104711,0.0009522239894753648,0.0017425878960022467,0.005331789602466073,0.0020302044148717154,0.0050931925446737105,0.002572603790380825,0.00447929008121326,500
7,shock_lag1,0.0018835482971730647,0.0010796894669659156,0.001203354440809309,-0.0006482266256504707,0.0040219622769781865,-0.00023838488392901582,0.0036887348456194906,0.0005569167471605879,0.0029680231027263567,500
7,shock_lag2,2.139306909884588e-5,0.0011747254143891154,0.0013808779783581636,-0.002623676435915564,0.0026236250384210316,-0.0022980022644847587,0.0021410784372870952,-0.0014153327387180319,0.001377402434880326,500
7,shock_lag3,-0.0003310987593753303,0.0011774315345422822,0.00135770666685863,-0.002988019160868845,0.002442625033759082,-0.0025488415708060054,0.0019636759724678352,-0.0016435270991733556,0.0008952795045618015,500
7,shock_lag4,0.00010438402801796133,0.0011543616986527218,0.0013119877648048186,-0.002357809181116104,0.002726484451048019,-0.002083429979270276,0.002373621863798488,-0.0012336992765381504,0.0014101901714241975,500
7,shock_lag5,0.0002938235942662783,0.0011238610166651385,0.0013204704951398551,-0.0021675568889236484,0.002898362645990754,-0.0018865884373578195,0.002579221813688236,-0.0010100272625171672,0.001697696403095994,500
7,shock_lag6,-0.00015039115848525892,0.0010895723774823232,0.001299911832506219,-0.0026558635094878695,0.0024319763943396484,-0.002331547224382915,0.002120475447969684,-0.0013998405892216292,0.0011906558121363507,500
7,shock_lag7,-0.00042365835660135217,0.0010130914349193052,0.0011707122483222184,-0.002805153455453832,0.001862501113448348,-0.0025275228339539323,0.001551879725812611,-0.0015825547784779578,0.0006824326861161145,500
7,shock_lag8,-0.00032728835441304553,0.0009762502673134907,0.001143382934533174,-0.0025542488513868675,0.0018678522788762538,-0.0022934439239516735,0.0015296588323473136,-0.0013757646773169953,0.0007866227348648848,500
7,shock_lag9,-0.0002494092310296018,0.0009378220333227503,0.0010313817221267363,-0.00235165017654701,0.0015903635182129025,-0.0019924504848963997,0.0013733974084817059,-0.001239835036036309,0.0007897637795816375,500
7,shock_lag10,1.2769172744021274e-6,0.000885624572201288,0.0009416066402964895,-0.0019982340840482005,0.0017215945030965231,-0.0017148618440150976,0.0014990244586144813,-0.000944562474953291,0.0008165581867900724,500
7,shock_lag11,0.00024050410798646146,0.0008473800420428577,0.0008586406482563513,-0.0017190363618417297,0.0018094363291724534,-0.001306571814757432,0.0016058375980878233,-0.0006804778108734175,0.0009751563214991899,500
7,shock_lag12,-0.00044229591499574453,0.0008326312191691077,0.0008078819486505614,-0.0021937464263839003,0.0009917357662991024,-0.0018953849284082773,0.0008060209978552075,-0.001306946855479611,0.0002450585401596494,500
7,log_oil_lag1,-0.004140520634868008,0.0025147747212689916,0.0032158232893956923,-0.01089482031871452,0.001578655139319699,-0.009400956639711095,0.0008009637738159112,-0.007260683985687929,-0.0012148848496580892,500
7,ffr_lag1,0.0011096359213384685,0.00032732976484696366,0.0005235986555563365,6.00095160393067e-5,0.0021667972615900637,0.00027975443728737374,0.001925879141237247,0.000584226937127045,0.0015887451919153624,500
7,lag_cpi,0.009298291900761391,0.00598959334945124,0.008847590851671484,-0.005186915372875918,0.02896252027033577,-0.0030005722995943324,0.025733947963623025,0.0012300526578690751,0.018065581511411327,500
8,intercept,-0.021615564532146275,0.026819875308699496,0.04367248616308781,-0.11275989929297377,0.06650347913118167,-0.08851491704348859,0.046354536662209886,-0.055494483664939455,0.016084422799693594,500
8,shock,0.0035145800894968164,0.00115265412688262,0.0010382374247036538,0.001524666476110782,0.005499616982330375,0.0017812615837607987,0.005117796005366371,0.002346240927664317,0.004410009244119069,500
8,shock_lag1,0.0018039352358444958,0.0012000098265759454,0.0012290843769709376,-0.0005155642520755662,0.0041534938600852975,-0.00025144283915253223,0.0036593474804109084,0.0005147187852432458,0.0029904971829240413,500
8,shock_lag2,0.00019442121679039235,0.001236140359609252,0.0013317289829718046,-0.002305756022319894,0.0026919366687493712,-0.001993652595397837,0.0023916978112291675,-0.0011903484762910256,0.0013868424425259379,500
8,shock_lag3,0.0001827825368304568,0.00123337826421475,0.0013256571382010383,-0.002212090526200963,0.002759504921189317,-0.001926352296113656,0.0022943898068975067,-0.0011760933079834714,0.0014596966768590834,500
8,shock_lag4,0.00020920288549196596,0.001252428376165468,0.0013697172016739578,-0.0023776084157419355,0.0029701887819944283,-0.0019667344184926055,0.002570627308261234,-0.0012073324106738666,0.00143794664554017,500
8,shock_lag5,-0.00013998814881304038,0.0012222075657943314,0.001361753764890511,-0.002788667584480738,0.0023837562380376737,-0.002430628906818918,0.0019995152248917774,-0.0014657037405920203,0.0011228940257089577,500
8,shock_lag6,-0.0006269610247086648,0.001153316188153591,0.001276746682463577,-0.0030691399817620764,0.0019167736340472887,-0.002795936368928507,0.0014263958549156526,-0.0019676043560167247,0.0005453665970035974,500
8,shock_lag7,-0.0002454585754927424,0.0010762107788319048,0.0011691899221828426,-0.0025124678229769166,0.0020756580677069535,-0.0021347659516797665,0.0016298391319362565,-0.0014851054450571296,0.0008035403516535727,500
8,shock_lag8,-0.0003363624321267932,0.0010602418188174975,0.0011486391399323553,-0.002489762670989425,0.0018599860798848207,-0.0021678929838150635,0.0013510043325853103,-0.001493272101455476,0.000691373495765362,500
8,shock_lag9,-9.324727803047379e-5,0.0010088108099999486,0.0010452331868455835,-0.002159015075209809,0.0016939666350054515,-0.0018191958734784424,0.001515416132986804,-0.0012051090753994714,0.0008205697736614195,500
8,shock_lag10,0.0002446338970106175,0.0009774326350093167,0.0010016984645858094,-0.001729303157858404,0.0019816798816448635,-0.0014491125861506597,0.0017655117177002556,-0.0008575680126162829,0.001084954171133852,500
8,shock_lag11,0.00011698516366500123,0.0009168779539800349,0.0009304027700945308,-0.0017445563241373905,0.0018916058753272553,-0.001506524086846042,0.0014845688635136776,-0.0009148681028662562,0.0009080196546528182,500
8,shock_lag12,-0.00047353712460528475,0.0009238710920197831,0.0009249418581311126,-0.0023785035453851586,0.0012939817347630907,-0.002106474368094249,0.0009369695566869328,-0.0014848741086235053,0.00030438232576306107,500
8,log_oil_lag1,-0.005005843636207894,0.002755562016968664,0.0037897256159297047,-0.012516224516691741,0.0024636901383914044,-0.011427808726180527,0.0011949470075505667,-0.008817128840340017,-0.001242467964869623,500
8,ffr_lag1,0.0012027554046644033,0.0003670387864237781,0.0005928080535558694,-3.10427296246395e-5,0.002390960458193747,0.00018869605387680983,0.0021174865920636473,0.0006043146273113855,0.0016998408584083166,500
8,lag_cpi,0.010777316583985966,0.0066231368075423,0.010429031366497147,-0.010526964695729288,0.03309057266181165,-0.006334021528814529,0.02788558878929627,0.0015946915700551217,0.019365266263274734,500
9,intercept,-0.02393448909495915,0.029424515519573088,0.04899309190734169,-0.12859839841803972,0.0586545635052558,-0.10832590809518658,0.04645679579886497,-0.07215618065503615,0.016011039506374704,500
9,shock,0.003352733667752605,0.001274015411537645,0.0012338017206191278,0.0010641786029101557,0.0056697999120984745,0.001305582301105923,0.005331148447469743,0.001996067094223153,0.004459044892356313,500
9,shock_lag1,0.0019618871274479687,0.0012435331171936383,0.0013398886114646422,-0.0005946813580155921,0.004606294724590848,-0.0002835341005750392,0.0041278148944428345,0.0006109629858518461,0.0032543611469526184,500
9,shock_lag2,0.0007199333792806001,0.0012830335155337958,0.001447810568666987,-0.0019086607638993884,0.003752553900101499,-0.0015514275555829657,0.003330413548293596,-0.0006978609109260079,0.002187298778989919,500
9,shock_lag3,0.0003149852754724174,0.0013218039784832086,0.0014807624621121598,-0.00250890121255509,0.0033100396287474173,-0.002036345194852329,0.0028001286727737194,-0.0011272003031997239,0.0017763953392662508,500
9,shock_lag4,-0.00021036362626776113,0.001333325090721697,0.0015249063396003699,-0.0030309802188057877,0.002946680543904451,-0.002441253017294795,0.002369375728025696,-0.0016237533017680337,0.001266870547818854,500
9,shock_lag5,-0.0006067809711963457,0.0012938414828889346,0.0014815441029534992,-0.003521911105154869,0.0023934960906644392,-0.003017844843419666,0.0018792161241995612,-0.0020303745910326206,0.0008262738189136418,500
9,shock_lag6,-0.00042909434157138455,0.0011989005549372124,0.0013961395892509065,-0.0030096940149332255,0.002673054126113781,-0.002680891098277472,0.0018023967385263832,-0.0018173149307624465,0.0008565498123032961,500
9,shock_lag7,-0.00023882952492094162,0.0011581624012090912,0.0013464693288450934,-0.003064469380345523,0.0024876576104040597,-0.0023951117536171263,0.001855090087717219,-0.0015810775916272437,0.0009598909254609413,500
9,shock_lag8,-0.00017153497283079705,0.0011296965643695733,0.0012698462441462545,-0.0027561505016418025,0.0023137521056678855,-0.0022771336918014293,0.0018685799931190549,-0.0014599999408196527,0.001066116669449002,500
9,shock_lag9,0.00016689931256718703,0.0011042117696400497,0.0011458883143216864,-0.002318869671008564,0.0023006418331399346,-0.0016492753204757744,0.0019502851373580884,-0.001029855867306704,0.001297703652138517,500
9,shock_lag10,0.00012151840631361788,0.0010444505769030706,0.0010601867637426807,-0.002186835055057964,0.0018761393838958274,-0.0018083708311476849,0.0016831262639318484,-0.0009583550327046851,0.0011140769855338822,500
9,shock_lag11,8.90031664070968e-5,0.0010119418425375984,0.0010127070587402926,-0.001981029200887855,0.0018120697193748248,-0.001711177597370229,0.0015541281828335626,-0.0009657240235259099,0.0010098469240274088,500
9,shock_lag12,-0.00031011326732801085,0.0010029768702619504,0.0009857794421562114,-0.0021355911089107325,0.0014498922293308936,-0.0019279932758565997,0.0012252984028494416,-0.001395664734193675,0.0005923957402147554,500
9,log_oil_lag1,-0.005898568010562158,0.0029741490520942427,0.0039180289516006364,-0.014182394639654329,0.0009834889811583883,-0.012904637197904013,0.00018981910006667997,-0.009855905296056826,-0.0020856464454280643,500
9,ffr_lag1,0.0012869731952137933,0.00040833418077435664,0.0006440039758648906,-0.00011130267880392778,0.0024893634190584334,0.000274131181848306,0.0022999038635007343,0.0005778164804180618,0.0018640797408199386,500
9,lag_cpi,0.012228213250716975,0.007232593547330785,0.011478266374098357,-0.007440946007121258,0.035877549890177385,-0.0047219756356347954,0.03306206987626214,0.0025744808761668098,0.023631280897996154,500
10,intercept,-0.025980735709322585,0.031955073462642446,0.0543854509049338,-0.13656852133839636,0.06817220705673344,-0.11928784239220822,0.055276467998241624,-0.07293357354780333,0.021227466888898462,500
10,shock,0.003417451247753564,0.0013162331130757677,0.0012623823934443052,0.001020991364691159,0.005919993864883174,0.0013342421783730542,0.005563367952964716,0.0021475755503470497,0.004663501165625453,500
10,shock_lag1,0.0024847581542672987,0.0012771586087627059,0.0013744135541688023,-0.00011246946143338014,0.005171861794461784,0.00023538353828653002,0.004799683260656846,0.001009253378628386,0.003888028555847339,500
10,shock_lag2,0.0008761037614466681,0.0013727776412379429,0.0015178085309939398,-0.002049667304626102,0.00394395899567643,-0.0015009553258711846,0.0034981677058862314,-0.0006582800730091946,0.002382298377119735,500
10,shock_lag3,-6.888991471579883e-5,0.0014025720880895829,0.0015545886607816937,-0.0030838507961818556,0.002952800719225678,-0.002507632630665154,0.0026784782944725637,-0.0016186794432578868,0.0014606684478594668,500
10,shock_lag4,-0.0006465586636831373,0.0013955253553688462,0.0015526954213226116,-0.003760634062515712,0.002510096222417395,-0.0030259823481914153,0.0019086403659502925,-0.0021426484531358323,0.0009078171905880689,500
10,shock_lag5,-0.000389925384570079,0.0013379493528391797,0.0014979830904255538,-0.003192858879426567,0.002753151849572119,-0.0026799219785323637,0.0020912912664419105,-0.0017527217621015276,0.001153611953931477,500
10,shock_lag6,-0.0004171259747450755,0.0012738716547796099,0.0014167253562885882,-0.003105932935253428,0.002441981492028778,-0.0025946228998739145,0.0019397741376875762,-0.0018071511027398298,0.0009631938159263073,500
10,shock_lag7,-5.8089160122701474e-5,0.0012253758822446897,0.0013368673819058876,-0.00255933678617004,0.0026154939409895072,-0.00233445132988283,0.0021605358135309842,-0.0013345528315474161,0.0012628991143032204,500
10,shock_lag8,9.491226242275094e-5,0.0012289740667007542,0.0012650517215587985,-0.0023603844743095644,0.002658970828060703,-0.0018348399491956314,0.0020165510538898888,-0.0011698267701874356,0.0012993291755033747,500
10,shock_lag9,4.9638435257120915e-5,0.0011763382225325669,0.0011268044934110981,-0.002157281408087841,0.0023460149150661123,-0.0018867302184239962,0.001718606425757243,-0.0010392642362066378,0.0011165898832219251,500
10,shock_lag10,0.00010246154399794534,0.001139408802602445,0.0010944753517767307,-0.0021088290653646273,0.002338189725563665,-0.0017296117857926497,0.0018081530023051555,-0.0009609383124475945,0.0010755140980824788,500
10,shock_lag11,0.0002606331628926696,0.0010980066882762497,0.0010645288949203927,-0.0018790069010623028,0.0023360434293704605,-0.0014511471952403385,0.0020153780430311485,-0.0009283887776013804,0.0011949512639006952,500
10,shock_lag12,3.799787922757234e-5,0.0010591308374317556,0.0009831027068199075,-0.0020495498389701324,0.0017848720697989403,-0.0016992830044188089,0.0016371525313750477,-0.000977183955057744,0.0009009123846831839,500
10,log_oil_lag1,-0.006854151561650395,0.0031766862620284447,0.0042498727469389265,-0.014730241955111818,0.0017890924399486413,-0.013381100301165762,0.0005205776819237891,-0.010478383516537366,-0.0021476947752280245,500
10,ffr_lag1,0.0013549224886704853,0.0004513306893222079,0.0007296455799770385,5.3727869786622835e-5,0.00282155621382575,0.00023939972986752048,0.0025769698295247095,0.0007020825490215172,0.0021015155081365988,500
10,lag_cpi,0.013680864644359494,0.007812018588414363,0.012474859986250407,-0.007787732458331562,0.0390907588699121,-0.004814368901028081,0.034709285517644316,0.001674189375841434,0.024672803381653417,500
11,intercept,-0.028153987043081485,0.03454910787954927,0.056923596713029,-0.14857349094412778,0.06782943753973818,-0.1293093334885378,0.04521399470763489,-0.0912600299392438,0.01608403281644554,500
11,shock,0.003833661585963094,0.0013460298575035249,0.0014509176590924912,0.0010071319720443414,0.0066328199734511616,0.001486979317273021,0.006054166329585864,0.0023097453606738885,0.005222568757185729,500
11,shock_lag1,0.002622320647094838,0.0013552025388461767,0.001602961515600804,-0.00014043895281889987,0.00592138758641212,0.00017280884545628608,0.005420891727832618,0.001037621148762048,0.0042295633434404544,500
11,shock_lag2,0.0005076644236856241,0.0014613368280337242,0.0018043045197819272,-0.002472668735733267,0.0043438679334406385,-0.00201707766223498,0.0037469287722783204,-0.0011367889971797109,0.002361981145490657,500
11,shock_lag3,-0.00047519295920700824,0.0014637879260406459,0.0017150546963654652,-0.0035741802504230236,0.0029608153317262,-0.003117700120866561,0.0025526751031397384,-0.002005560048330095,0.0014105338206787256,500
11,shock_lag4,-0.0004131996741165829,0.0014374037296577575,0.0016250699487609245,-0.0035541245529819463,0.0028686734918026207,-0.0027906919325835517,0.0024458370377752666,-0.001851178378428318,0.001398962560954664,500
11,shock_lag5,-0.0003601989737493137,0.0014166398022112043,0.0015348931865318868,-0.0033836275190263984,0.0027952941905118834,-0.002648844019189793,0.0023010905037815416,-0.0018215588717432948,0.0012612163368587634,500
11,shock_lag6,-0.00022923799061028632,0.0013379657889513222,0.0014013741627475673,-0.0028219146562358916,0.0025493087646994072,-0.0024895125276659484,0.0021847180080868714,-0.0015999774776138628,0.0011471540458382716,500
11,shock_lag7,0.0002181953539230151,0.0013250252823987943,0.0013411529824357933,-0.002304136816879205,0.0029639948468061826,-0.0019308077086769193,0.0024717824308324817,-0.0011097100769222401,0.00155865470907881,500
11,shock_lag8,-1.4637944511560081e-5,0.0013096246066138162,0.001351171481787698,-0.0025826111702334656,0.002550913074179602,-0.002204059292578784,0.002207312099969482,-0.0012690192855796937,0.0014135524561220704,500
11,shock_lag9,3.1760837723081856e-5,0.0012720043742750799,0.0012686189019534251,-0.0025462414924465526,0.0023140594114418062,-0.00212496751578485,0.0019782340011805805,-0.0012227130408091487,0.0013417630781192005,500
11,shock_lag10,0.0002673006784361726,0.0012261050034603764,0.0012155886441210227,-0.002285813559411408,0.002515764155625766,-0.0017076678775544995,0.0022249971796452373,-0.0009284563797991585,0.0014979149706836616,500
11,shock_lag11,0.0006099965917141895,0.0011568456358106497,0.0011808358091375858,-0.0018964421009439146,0.0028477787792794747,-0.0015333791131076264,0.0025743598048588267,-0.0006517554605895488,0.0016139559655073096,500
11,shock_lag12,0.00019610201786984433,0.0011137629763017833,0.0011340205969792565,-0.002240521601232669,0.0024120776758842603,-0.0018418810726441043,0.002100632805251915,-0.0010451821826182935,0.001166991567514616,500
11,log_oil_lag1,-0.007901817574092525,0.0033635307582223144,0.004947308175838069,-0.018218913531138994,0.0009257236620276083,-0.01684823443588712,-0.0011731147388301297,-0.013614325469767754,-0.0034550538202253863,500
11,ffr_lag1,0.001411262808946738,0.0004955528423279876,0.0007937208352463669,-0.00011933657535744043,0.002849366812007168,5.5437651467645507e-5,0.002700092807725989,0.0006351741112312107,0.002235867902420128,500
11,lag_cpi,0.01522921626056763,0.008394796228815414,0.013504002034182831,-0.006436820183589034,0.04544831714358477,-0.0025252326868216305,0.03999431473038657,0.0048214185826945455,0.029395569437304807,500
12,intercept,-0.031064039589201314,0.03728406410229584,0.06028068712663972,-0.16525348980531093,0.07351519054362388,-0.13661826575924968,0.05779064629140591,-0.08551524669309833,0.021315600876917994,500
12,shock,0.0038455605660903695,0.0014070849535180805,0.001514576216824708,0.0010299380503135415,0.006917286717592853,0.0013985337686855746,0.006545903356358058,0.0022111965415674137,0.005258329984476841,500
12,shock_lag1,0.0022118566769755415,0.0014311660965615957,0.0016971449998145886,-0.0008167629999309432,0.00567052625293522,-0.0005107394088155735,0.005132391970088203,0.0005720841603076154,0.003893088509754802,500
12,shock_lag2,8.708903784108917e-5,0.001514206125882782,0.0017876706540892406,-0.003276726400577092,0.00360063896627749,-0.0027444739608366883,0.0030414486178835702,-0.0016242400176361797,0.0018623584719279808,500
12,shock_lag3,-0.000219763667937225,0.0015048999845675248,0.0016854747730010065,-0.003173215903313701,0.00310476610057297,-0.00274273860378013,0.002556113665412506,-0.001744297417885097,0.0015830131074135532,500
12,shock_lag4,-0.00037393468662480083,0.0015105211855596821,0.0016410675155832028,-0.0033077283822598117,0.002759842158633687,-0.002874291220394641,0.0023412755126190734,-0.0018686113324561193,0.0013157182454138106,500
12,shock_lag5,-0.00016713024980748075,0.0014800602018689045,0.0015874692975579067,-0.0032813226340010822,0.0028439936248267237,-0.0026077590188919664,0.002403972093466381,-0.001707746666708147,0.0014967774918039185,500
12,shock_lag6,7.197750672258326e-5,0.0014392538444562802,0.0015347370631643446,-0.002847095550236731,0.003113551324312613,-0.002403709964172842,0.0026234229230632303,-0.0014328855960406299,0.0017488154527373512,500
12,shock_lag7,0.0001108889900614603,0.0014103303830371946,0.0014440832169559578,-0.0025893506989985234,0.0028458032273644086,-0.0021172419698658415,0.0024022072337963017,-0.0012455854070170878,0.0016510324000645039,500
12,shock_lag8,-5.06765417093896e-5,0.0014087919065401925,0.0014309806729185177,-0.0026419027716668726,0.002682454737571759,-0.002198132851471336,0.002354528161980811,-0.001418853542035547,0.001519969957136802,500
12,shock_lag9,0.0001877715792431071,0.0013635444286876396,0.001334372172422032,-0.0024687567053956992,0.002887210646773691,-0.0018591817888003492,0.0023530104534525533,-0.0011015604867603845,0.001468752870951993,500
12,shock_lag10,0.0006001434335335071,0.0012882634684129963,0.0013223814534711663,-0.0019139087947344236,0.003125470036283439,-0.0015084715475092295,0.00263509128344852,-0.0006701725701124626,0.0018467030313813048,500
12,shock_lag11,0.0007644765593757087,0.0012041449484751655,0.001239697438706753,-0.0017808617493213314,0.003117628087135729,-0.0013499217062755014,0.002703958760922763,-0.0004004860859732711,0.0019235687510002933,500
12,shock_lag12,-2.021602039438972e-5,0.001167218586370776,0.001147659618230591,-0.002312461493281093,0.002178262182444865,-0.0019676503808651598,0.0018619707259557646,-0.0012519391254326635,0.0010536888701723618,500
12,log_oil_lag1,-0.009059350112690566,0.003543422939023962,0.005120949756732166,-0.019735567499508003,-2.3726154876335338e-5,-0.01805441591766561,-0.0010305447794940682,-0.014178578971345635,-0.003987571830356971,500
12,ffr_lag1,0.0014652161953500982,0.0005408553576929018,0.0008220244860075552,-1.0633235186434504e-5,0.0029615305424192575,0.00010316556642219709,0.0028534591909263655,0.0006611450867535001,0.0023128582332521412,500
12,lag_cpi,0.016997158740802112,0.00900372364831097,0.014289768877832414,-0.007984430015568766,0.04761756147695028,-0.00484097481038028,0.041401574382981414,0.003685784146741103,0.03037245646118182,500
13,intercept,-0.034439958222775194,0.040209331890022335,0.0713790326595927,-0.19483274404312706,0.09883860081527501,-0.15171468967247073,0.07917072242829042,-0.1023511871326472,0.03661082651696165,500
13,shock,0.0033142706175832287,0.0014617913903875969,0.0015467307813922038,0.000533684102484211,0.0065379731325401775,0.0010103684821792958,0.006090788139213167,0.0018210638100300814,0.004998052216889724,500
13,shock_lag1,0.0017484340442394904,0.001482517393491571,0.0016584909923351282,-0.0013723033788317425,0.004946104856831692,-0.0009744765591468168,0.004602960827345556,0.00010972802751879504,0.0034587493376553825,500
13,shock_lag2,0.00035234699990265613,0.0015485582389770226,0.0017753824205865554,-0.0028979646575561435,0.004053980883580767,-0.002487472088247569,0.0034942208334636554,-0.0012927266898107093,0.0021348574991122173,500
13,shock_lag3,-0.0001512764979512371,0.0015739041832231527,0.0017393879309391428,-0.0032299568563971632,0.003522372190229225,-0.002827962567458407,0.002861315510148975,-0.0019249181747801702,0.0017504965160826207,500
13,shock_lag4,-0.00016923855325097668,0.0015627589978893831,0.0017043842220184641,-0.003214122290478772,0.003392020325405115,-0.0027584751100439603,0.002635027548580287,-0.0018494700721264582,0.0016695292628240712,500
13,shock_lag5,0.00015500835794382155,0.0015848910697490429,0.0016927797549844913,-0.0029465670036312955,0.0035072581305747447,-0.002570444749203854,0.0028214223646266232,-0.0016073785205974029,0.0018656615387999767,500
13,shock_lag6,-1.8867120765847996e-5,0.0015232312069864114,0.0015661388566323103,-0.002796529275531449,0.0030909587839014,-0.0024824501981897955,0.002722968268889657,-0.001571119425699641,0.0014908745041203172,500
13,shock_lag7,7.817509959893121e-5,0.0015071854570334294,0.0015516002872313138,-0.002746155632083074,0.003136351339649686,-0.0023267996696576345,0.002647820737716131,-0.0015180423851143764,0.0016552845523805548,500
13,shock_lag8,0.00010759161114593878,0.0014995183983843147,0.0015082897333705443,-0.0026318048374918647,0.003219978039724434,-0.0022645627961590934,0.002786948654099297,-0.0013438907959928972,0.0017333578454304076,500
13,shock_lag9,0.0005282911817699649,0.001427630992201944,0.0013936654615221771,-0.00211620612973312,0.0031945712198628703,-0.0018007515590829934,0.0027301531116605098,-0.0009139385593479636,0.00199824864282428,500
13,shock_lag10,0.0007469802660185847,0.001333284347523693,0.0013143261259407147,-0.001964192597420479,0.0032514117121323037,-0.0013373688385567488,0.0029063404797081555,-0.0005185980998280205,0.002045543930535956,500
13,shock_lag11,0.0005464045157775706,0.0012522738197617556,0.0012345016542166592,-0.0018042943438833293,0.002871653012201409,-0.0014768177432362363,0.0025142429757760336,-0.0007498308865192596,0.0016737713736745374,500
13,shock_lag12,-4.1372305365449686e-5,0.0012086951628399647,0.0011447624017250592,-0.002449673151774266,0.0021032890263252427,-0.0019719197853661934,0.0017757172646653701,-0.001320329378946639,0.0008874941106628001,500
13,log_oil_lag1,-0.010233409816145539,0.003732367492420339,0.006028787668367106,-0.02193341781151767,0.002182134111019274,-0.019822978159967215,0.0003336160231049643,-0.015857945105280144,-0.004107429431464792,500
13,ffr_lag1,0.0015252470629733268,0.0005863151611942807,0.0009650032265191805,-0.0006701766739991092,0.003412689386768187,-0.00029260171672678515,0.0031284548043337677,0.0006162860843649113,0.002349820029804465,500
13,lag_cpi,0.01886249985651708,0.009659406330459374,0.016884004429050716,-0.01252584541984189,0.05407234372816731,-0.009154520088405895,0.04692617734659063,0.0014943237487662912,0.034735787866646,500
14,intercept,-0.03873140332173926,0.0431170305012933,0.06998180436295458,-0.18870556362467267,0.09496900342515974,-0.16033574025017233,0.06851579954304265,-0.10161302229493159,0.024279762018581875,500
14,shock,0.0027439631061714044,0.001505995050849465,0.0016944348091057781,-0.0003413296373972742,0.006471059286251153,0.00023837332261186932,0.0057574004022778544,0.0013303240399386827,0.004424755340639863,500
14,shock_lag1,0.002013606461166015,0.001519892812333038,0.0018014321259544948,-0.0011708387499922372,0.005717338296204626,-0.000681422117870337,0.005141922371376305,0.00037512256386566345,0.003996752798833979,500
14,shock_lag2,0.0004615754049546373,0.0016106993179048116,0.0019176504283799696,-0.0029320644894211666,0.0043832496831031405,-0.002316977530312336,0.0038511733722180292,-0.001225339403124083,0.0025573564565349884,500
14,shock_lag3,0.00010755701069019408,0.0016216198712611842,0.0018809581164120365,-0.003378456443889997,0.004024577637075622,-0.0028909091285819833,0.0032949391345785495,-0.0015422671834980117,0.0020862824711765076,500
14,shock_lag4,0.00020409068036170527,0.0016607963493083602,0.001856779779516723,-0.0033867574749399613,0.0040387113538297124,-0.0026938551314282812,0.0033695944725662483,-0.0014078722335733461,0.0021056630971742593,500
14,shock_lag5,9.605623650194339e-5,0.0016665531323361656,0.0017859263565586367,-0.003161387083501061,0.0036045587716782134,-0.0029170806120984946,0.0030898023445974066,-0.0016024435628270086,0.0019702938532278474,500
14,shock_lag6,-1.762591014924679e-5,0.0016162382709316342,0.0016945092402547524,-0.0032884614839551766,0.0033962379444014354,-0.0027649732066819593,0.0026854630505683628,-0.0016468680356137356,0.0016495427499775097,500
14,shock_lag7,0.00026730072857229423,0.001590149756737455,0.0016559220930544875,-0.0031242491041883914,0.0034280364105160935,-0.0026448138568878183,0.0026049854940697163,-0.0013503217528466737,0.0018885820088332937,500
14,shock_lag8,0.0004876673553602086,0.0015552928635606434,0.001616785262097079,-0.002915662862238339,0.0034206173430773278,-0.0024255015011123006,0.00291059810430175,-0.0011116899305922841,0.0020770395759651446,500
14,shock_lag9,0.0007081043607372459,0.0014754936414304236,0.001549800285746384,-0.00256194033424113,0.003529795344310806,-0.002005983238828959,0.0031218903400043554,-0.0008335757891393027,0.0021752341172448795,500
14,shock_lag10,0.0005532074633989802,0.0013719962129536572,0.0014578266693894254,-0.002375178279790522,0.003180030080600159,-0.0018387786605304779,0.002724361656603387,-0.0010393430191029372,0.0019961428521981755,500
14,shock_lag11,0.0005468322768658439,0.0012869168515227511,0.0013124005671471947,-0.002107993856302914,0.0030424137772412877,-0.001702504274318745,0.002642353842726687,-0.0007918290322238108,0.0016966196974870893,500
14,shock_lag12,0.0003893305575320034,0.001263502219208347,0.0012468612373245569,-0.002158240834159811,0.0025810635604951865,-0.001693536254021571,0.0022519551842847844,-0.0008737611057262988,0.0015864466340100047,500
14,log_oil_lag1,-0.011423281853959296,0.003925916733835486,0.005378067634185278,-0.022062263629182455,-0.0012243802477400845,-0.02022118278242202,-0.0024419438543160825,-0.016757722912338225,-0.005942071432250976,500
14,ffr_lag1,0.0016045406598442949,0.0006299291712077562,0.0010447852024974488,-0.0005568622751021786,0.003514238211635384,-0.00024590067666299735,0.003276553764189067,0.0005448669520089296,0.0024926946088242967,500
14,lag_cpi,0.020903797977153273,0.01031190974899492,0.01591635177307413,-0.009719938027855295,0.052982052868097526,-0.005510652386310049,0.04894753171773056,0.005631109857724084,0.0347664985638477,500
15,intercept,-0.04363816246755502,0.04621248316246065,0.0761802801768322,-0.20164099311793343,0.10381691290914077,-0.1709454989153912,0.07709032142392414,-0.11014374387626105,0.027577803459999946,500
15,shock,0.002918562258134577,0.0015440507017959757,0.0015723964392177553,-0.00018441349438318776,0.005955917644010423,0.0003444733301437565,0.0055226083145816325,0.001372688423360023,0.004309879812714001,500
15,shock_lag1,0.0021086135201324276,0.0015850417525751133,0.001682201577335502,-0.001105415708166579,0.005365070378222774,-0.0008007303593332989,0.004763671662400233,0.0003040997379897347,0.0036746804739522625,500
15,shock_lag2,0.0007417053252238046,0.0016647629393699624,0.0017541977418499895,-0.0024452043503577605,0.004096932302658664,-0.002134717509647227,0.0036688022467059826,-0.0010627441132512766,0.002443955070257452,500
15,shock_lag3,0.0005477680663987499,0.0017244461432797734,0.0017717307894868173,-0.0029415957130464665,0.003926584109243832,-0.0022431653976640814,0.003438004637785386,-0.001193143023540648,0.0023933132605436945,500
15,shock_lag4,0.00017591880130160252,0.0017438089267393091,0.0018092303273143054,-0.0033503051026368314,0.003516794807593198,-0.0026672789118482292,0.003142060157314625,-0.0015217010973744565,0.0019609327305983265,500
15,shock_lag5,9.014369232772317e-5,0.001758035409538758,0.0018250742246218794,-0.003539977132770714,0.003612802778070477,-0.002908608576958461,0.003030824000840067,-0.0017398787770265493,0.0019451816201857095,500
15,shock_lag6,0.00020766898070846145,0.0016999096247739087,0.001768576196885556,-0.003469665130393631,0.0033490545097686385,-0.0029163161761774016,0.0030265944343560803,-0.0015227606983813865,0.0019242708527349099,500
15,shock_lag7,0.0006729947009771731,0.00164652111575697,0.0017137725047664321,-0.0028235406620786586,0.004144743683819061,-0.0022689798878245755,0.003329334741549575,-0.0010822063262336105,0.002217155343689978,500
15,shock_lag8,0.0006921397329970552,0.0016074629658795738,0.0016875177405351251,-0.0027178147399016988,0.003886890321221371,-0.002068684554280551,0.0033610417768797952,-0.001089999468915326,0.0020758860446897873,500
15,shock_lag9,0.0005323169786484289,0.0015207675613174887,0.0015880330854041028,-0.0025686696268313923,0.003367979148808635,-0.0022135665504843206,0.0029609491129371367,-0.0010074834221158772,0.0020718007475028113,500
15,shock_lag10,0.0005693477722626051,0.0014037862423766636,0.0014507225118406842,-0.0022919243546242283,0.003398884915978196,-0.0017961762701917032,0.0028161051754497443,-0.0009134231490429581,0.001929311138663193,500
15,shock_lag11,0.0009573842168235802,0.0013424435045074426,0.0013153709074415838,-0.0015931328072456038,0.0033620172344871182,-0.0012754062178067667,0.0030359225619583196,-0.0004743847677220612,0.0022039307401136767,500
15,shock_lag12,0.0003047441698948778,0.001347462279799961,0.0013112080780540367,-0.002191722890916052,0.0026384132818453943,-0.001962069693595904,0.002316543143751044,-0.0010968788947141367,0.0014924643257180198,500
15,log_oil_lag1,-0.0125802537722136,0.00414761807846007,0.0056597573164101495,-0.02328961480465156,-0.0009256280398864373,-0.021513056523353877,-0.0031843912655721753,-0.017846782209713558,-0.007368795331242481,500
15,ffr_lag1,0.0017010038982806237,0.0006711236857299024,0.0010739950387204246,-0.0005108911289736594,0.0038943805436406236,-5.692103756683362e-5,0.0035115837347785886,0.0006548146184111055,0.00267761397165017,500
15,lag_cpi,0.023031345943138083,0.01101701406315002,0.017494220420868817,-0.011910035187933744,0.05931984240952441,-0.006099147027317222,0.05181040651900988,0.006791041328133462,0.04010105736170421,500
16,intercept,-0.048265079934066174,0.04956030531340044,0.07830670194114021,-0.20300565992040745,0.10110471251520955,-0.18133517215725345,0.07784260437195269,-0.12547117369780836,0.020726980550423088,500
16,shock,0.0028858055055531384,0.0016101187784507366,0.0017756114641707364,-0.0003352105124536474,0.006520613632342746,1.564095703750096e-5,0.006015203267741423,0.0011176492449054998,0.004645108204660988,500
16,shock_lag1,0.0023525488689894085,0.0016259364401912458,0.001901234692532872,-0.0008190166575575103,0.006281518708207963,-0.0004779282623329581,0.005676364790362394,0.0004383399698501426,0.004357308207479222,500
16,shock_lag2,0.0011844833966151115,0.0017662903045972049,0.002071573577767126,-0.0022713874712735936,0.005408569021954454,-0.0018319538772237122,0.004979047138398811,-0.0008264113621095851,0.0035337111825494826,500
16,shock_lag3,0.0005427562078684561,0.0018093057637607272,0.0020776297810591576,-0.0029057583853016322,0.004693439192280274,-0.0025777023543757187,0.0042341949440336596,-0.0014752137757952886,0.002835757264044746,500
16,shock_lag4,0.0001784944018594629,0.0018374014837369355,0.0020766615046332523,-0.0034971650749508303,0.004224643526398645,-0.003193215764919665,0.003734576429767353,-0.0018639828741948365,0.002257898166021002,500
16,shock_lag5,0.00032317990577385093,0.0018400265123024214,0.0020639673931567865,-0.003659971077497221,0.004088246166741026,-0.0030529404505879702,0.0037543086771636936,-0.0016794250057550716,0.002268898686961141,500
16,shock_lag6,0.0006231749003039308,0.0017586608904524965,0.0018977078981752356,-0.0029791098563918,0.004465002147251706,-0.002491755392820849,0.0037807414622805617,-0.0011854377678168382,0.00241840832992513,500
16,shock_lag7,0.0008830924898527111,0.0017021559959639909,0.0017543282889670925,-0.0024717629118820488,0.004635036670945062,-0.0020878244908695636,0.0035663127149946714,-0.0008586533723932903,0.002524193751249437,500
16,shock_lag8,0.0005124165543163564,0.0016586264703849208,0.0016608058365141154,-0.0028978070083418494,0.003720703407429443,-0.002305034112441072,0.0032317469286042514,-0.0011399540276449116,0.0020892020039150905,500
16,shock_lag9,0.0005467247692017693,0.0015540900190905802,0.0015115372133305501,-0.0024363243705405615,0.0036489634809756272,-0.0019043520097788242,0.0029576585364311024,-0.000998989886376988,0.0019472340192463519,500
16,shock_lag10,0.0009629556241940067,0.0014605267988892293,0.0013501650040105128,-0.0015213552389038436,0.0037788840062252,-0.001086457664332082,0.003266607431745669,-0.00038541611680877497,0.0023240694946641254,500
16,shock_lag11,0.0008660874317562307,0.0014282436938786135,0.0013603379354656295,-0.0017456281668929126,0.003616548185852023,-0.0013050727416677533,0.0031006332127712067,-0.00032737195677781205,0.0022320480722799944,500
16,shock_lag12,0.0002543915805591858,0.0014206525003094335,0.0014100373960165963,-0.0025257760156228454,0.0033184345307826378,-0.0019112230644376675,0.002602081462027,-0.0010645494963241239,0.0016166994434214908,500
16,log_oil_lag1,-0.01381116353877295,0.004401421407088019,0.006721559273615123,-0.027554456473827874,-0.001226695105940295,-0.024995738138844627,-0.0035286681754898457,-0.021254175521414224,-0.008268390212936823,500
16,ffr_lag1,0.001781947995117313,0.0007113615304817521,0.0010792055602484427,-0.0004696237978095026,0.0036146304409162607,-6.188437657950788e-5,0.003386124363488186,0.0006515510211971189,0.0027544744830397907,500
16,lag_cpi,0.025167111543839868,0.011794395902179691,0.018536888964698447,-0.010346915389936762,0.06062688282533029,-0.0022070915251354226,0.05677471051941355,0.008429716930536705,0.04320974112729196,500
17,intercept,-0.05247065105015304,0.05316105219506614,0.08915788875509682,-0.2508343960487788,0.12045804537002198,-0.21369232379031852,0.08467016586793681,-0.13295905878887415,0.03369547679674995,500
17,shock,0.003000078295164525,0.0016526379401288318,0.001852905178326375,-0.0002822108342477864,0.0067928185292029705,0.00033282909020790824,0.006022799852301993,0.0011024611641238477,0.0049316865326339745,500
17,shock_lag1,0.0027534243886117005,0.0017093847676973681,0.0020396491125029884,-0.0012495365939763337,0.006733990766354088,-0.00035858326752556734,0.006249031387641636,0.0007099112617791272,0.004948077407788239,500
17,shock_lag2,0.0011915482662185543,0.0018435483815807574,0.0021499874660319334,-0.002558050030602599,0.005277174456201584,-0.002051880700980172,0.004924668077879626,-0.0010260829731027557,0.0034469276956967934,500
17,shock_lag3,0.0005776304207320542,0.001897409190012492,0.002145790273038516,-0.003424346915357007,0.004837857894979075,-0.002788660514953672,0.004228214165837998,-0.0017007620299912339,0.0028429048140217513,500
17,shock_lag4,0.0004281942893743282,0.001909839312024722,0.0021583157125139585,-0.003963659656048358,0.004640561273017465,-0.003151749336523472,0.004133326470419802,-0.0017564817586423337,0.002380663853017865,500
17,shock_lag5,0.0007433718644137828,0.0018914307973789584,0.0021039790953974982,-0.0035308734879827084,0.005003491258385893,-0.0029749631028514636,0.0042022107824822574,-0.0013889693309289113,0.002619543849655457,500
17,shock_lag6,0.0008513156185009247,0.0018145134398821947,0.0019859671827504696,-0.002978627146449449,0.004713621005970595,-0.002596633486378863,0.003926201002347972,-0.0013723812165788482,0.0026217206635704444,500
17,shock_lag7,0.0007087780131231193,0.0017487677747591505,0.0019016466949677003,-0.0031877335406067433,0.00417388691868703,-0.002564203030113489,0.0035450457742968304,-0.0014127503667842188,0.002367250406357239,500
17,shock_lag8,0.0005265273470233407,0.0016920399327350266,0.0016860647926073486,-0.002940215137025773,0.0034280590704035044,-0.002432736863533534,0.002966398547851354,-0.0012782482493021053,0.0020874902050959042,500
17,shock_lag9,0.0009459330414149474,0.0016085400895404552,0.0015464626898066597,-0.0023866364113120063,0.003741190598777571,-0.0018108600393334615,0.00330314798815216,-0.0007311913945998419,0.0023247638846750616,500
17,shock_lag10,0.0008550920429348367,0.0015425435658554083,0.0015512052192252304,-0.002252471667144299,0.003643658149262032,-0.0018358276240733912,0.003274406801741849,-0.0007843347165832624,0.002302766371522624,500
17,shock_lag11,0.0008151902722671079,0.001503376862953502,0.0014728048554299527,-0.0021393383053686784,0.0037359192616938696,-0.0016569309791311128,0.0032014058434360155,-0.0007167677095580076,0.002175827986201901,500
17,shock_lag12,0.0001731726998022885,0.0014812950401508899,0.0014538021258277715,-0.002452317384110135,0.0031679498355322334,-0.002198241692082332,0.0025771973184510353,-0.0014337508608117473,0.001477030360107239,500
17,log_oil_lag1,-0.015118432519918411,0.004688642248520252,0.006645819673683981,-0.028047895271303473,-0.0011843225817048475,-0.026586979174910805,-0.003455752265612202,-0.020986140962561576,-0.008634972980282195,500
17,ffr_lag1,0.0018459769394364317,0.000749860935124235,0.0011764250890010071,-0.0006016946374595751,0.00417801695692515,-6.532695218562657e-6,0.003655584021048187,0.0005914856753109156,0.0028946941834118527,500
17,lag_cpi,0.027286562363043408,0.012644285070430028,0.020438540011253458,-0.013277427903999096,0.07116319912922574,-0.006017677381436209,0.06082204774198039,0.007312882903629349,0.04568855039456303,500
18,intercept,-0.05657063588180064,0.056960749680493354,0.09079970064070418,-0.23903263216485515,0.12325231952928539,-0.19671252135217868,0.09833234345954579,-0.12717809874098968,0.04394588146206866,500
18,shock,0.0032553022685297968,0.0017347057782934841,0.001798024219561154,-9.887537064457683e-5,0.006809263798331959,0.0004333674149443131,0.006215838647790497,0.001414973658035564,0.00492511126605717,500
18,shock_lag1,0.0027238776554772653,0.0017824030467948609,0.0019714394123444474,-0.0008929178034589003,0.00683392302551499,-0.0004646489789598749,0.005996715418728862,0.0005820403730877134,0.004495557212431837,500
18,shock_lag2,0.0012345537729750882,0.0019279320268796095,0.002156117711730655,-0.002719663437166372,0.0056602231024879875,-0.002160525216237116,0.004843551967212315,-0.001035967057520029,0.0032921732442254426,500
18,shock_lag3,0.0008593308680121207,0.0019680521358448446,0.002090517642128119,-0.0030361405464364452,0.004929944988542906,-0.002665644209290203,0.004424692901698799,-0.0012201866357390734,0.0029723242523554375,500
18,shock_lag4,0.0008630630617148177,0.001959074027807794,0.002006452918604382,-0.0028929663069139668,0.004646208834397852,-0.002406038511236573,0.004279235904866619,-0.0011379696593422934,0.002822063090393955,500
18,shock_lag5,0.0009873503955307864,0.0019491499946752402,0.001992850274511843,-0.0030531917584668915,0.004935351998072239,-0.0023982432628568097,0.0042935703281302235,-0.0009688880036282827,0.002992126690946013,500
18,shock_lag6,0.0006846063753894558,0.0018589999292937893,0.0019065577924785304,-0.003164663394094684,0.0045186033765287365,-0.002412849257807919,0.0038469886386516368,-0.0011679288937732491,0.002631205438451318,500
18,shock_lag7,0.0007323231680206566,0.0017816008740554276,0.0018233869941255726,-0.0029415063302163126,0.00406663073385532,-0.0022996962303347512,0.0035108006116589025,-0.001091559974247595,0.0025734921903382176,500
18,shock_lag8,0.0009288207918791105,0.0017427145697034752,0.0017918000250105243,-0.0024576544425955167,0.004434305315977138,-0.0019329461471777687,0.0039006043552313424,-0.0008572015243354081,0.0026584952753671382,500
18,shock_lag9,0.0008351730438662769,0.0016849581580076149,0.0016856900027806406,-0.002408313757559382,0.004185966038345649,-0.001767753415027034,0.0034530323202858052,-0.0008430980155582706,0.002512154206163673,500
18,shock_lag10,0.0007894507197529229,0.0016190338556370805,0.0015990606221497597,-0.0023114981964944114,0.0039030957320415243,-0.001704612231306634,0.0034129958837627494,-0.0008407307356838893,0.002312076778687414,500
18,shock_lag11,0.0007294457167057845,0.0015672668358655676,0.0015411884646076744,-0.002088685652306517,0.0038476249304300906,-0.0017288533405960134,0.0031342836572048043,-0.000801361610903787,0.0021879076352426642,500
18,shock_lag12,0.00029598853220250354,0.0015498773258014256,0.001462807686754028,-0.002486721748491866,0.003209694002756231,-0.0021884794308688433,0.002500218349647517,-0.001323184711339428,0.001573486316424622,500
18,log_oil_lag1,-0.016488510965469976,0.004980670053403949,0.007384210994984392,-0.031370962622112024,-0.001744487922608937,-0.028426850289611862,-0.004761040160036503,-0.023512505442258268,-0.008902478467878557,500
18,ffr_lag1,0.001896488020839861,0.000786613104723036,0.001305891620218785,-0.0009815773031019892,0.004277197212152155,-0.0005006190848873958,0.0038974838098677234,0.0004196956894452178,0.0029885277093799206,500
18,lag_cpi,0.029437961943132196,0.013533107897670428,0.021157453790275938,-0.012441326608348525,0.06857166260565492,-0.0052753640559903454,0.06222985887750135,0.006559333532799002,0.047709542073755384,500
19,intercept,-0.058509970297897645,0.060860268866196776,0.10262608545992907,-0.24974726287654675,0.13775857632538777,-0.2230929951276231,0.11791708762083637,-0.1456079212958874,0.0469296982310313,500
19,shock,0.0030589164513740185,0.0018041494852360847,0.0019104011655661514,-0.0011595032174694223,0.006313110472289952,-0.00022283993445363135,0.005854459516405518,0.000903020473383876,0.004823957636022846,500
19,shock_lag1,0.002722671402017192,0.001861346402056809,0.002110526235239459,-0.0015202641133219078,0.006766831634622557,-0.0009434936352187857,0.006105280254682989,0.0004749302877649514,0.004739836547422818,500
19,shock_lag2,0.0015062680552511347,0.0019868769050785614,0.0022110560903761305,-0.002601303668109254,0.005887420889532081,-0.002167260100390055,0.005216821187415977,-0.0007295749656129893,0.0037911868011987525,500
19,shock_lag3,0.0012809582040446668,0.002019320382658635,0.0021917452428947453,-0.0028143847817762874,0.005727674589226309,-0.002192977008608436,0.004877103634225681,-0.0008996609801875833,0.0034420725542089344,500
19,shock_lag4,0.001092289898067701,0.0020157512425188016,0.0021282071473658743,-0.0027102274376831336,0.005139490005391886,-0.0021673832479647006,0.0045635235819524965,-0.0011018881345447613,0.0033193918813621665,500
19,shock_lag5,0.0008066993274928308,0.001994228373936178,0.002051815975136296,-0.003030267249408587,0.0046450091530394234,-0.0025106485034791905,0.004153710393975283,-0.0012895647246721673,0.0028972032765671317,500
19,shock_lag6,0.0006862288303292993,0.0018939931700471424,0.0020046410335411266,-0.00336875946884083,0.004567612487124957,-0.0024607451098541426,0.0040370412695748216,-0.0012701223008164304,0.0025924071563015127,500
19,shock_lag7,0.0011544211057372467,0.0018260427012266724,0.0019091399847494068,-0.0025968183436104308,0.004769381016505715,-0.001838035038083881,0.004155685360401699,-0.0006674928764647452,0.0030012550998700033,500
19,shock_lag8,0.0007753881357044876,0.0018178348012401748,0.001817449303828436,-0.0029591726746588235,0.004490998563956175,-0.002033134427798308,0.003985319251287705,-0.0009046475073383367,0.002546197318968265,500
19,shock_lag9,0.0007673761002384128,0.0017645701413986675,0.001699865252756987,-0.0025445687839714994,0.004217868582024274,-0.002051474899308498,0.003797543406220928,-0.0007529487725746466,0.0024406498420931756,500
19,shock_lag10,0.000679905413595184,0.001689390569626503,0.0015846567106259665,-0.0022011202263668784,0.0037927877220617356,-0.0017075221121975717,0.0033355228991991215,-0.0008581129063546816,0.0022951697958715272,500
19,shock_lag11,0.0008228085938549762,0.0016371892367467561,0.0016294270510694119,-0.0021117126254224477,0.004129905092565856,-0.0016921031125137023,0.0036848658413262507,-0.0006522249992741104,0.0024479787027977384,500
19,shock_lag12,0.00021448732395474836,0.0016031252054073194,0.0015273694458121522,-0.0027102120167203747,0.003172203232724893,-0.002180418889444572,0.0027288440534676203,-0.001335008571332398,0.001726608343967457,500
19,log_oil_lag1,-0.017821644867470968,0.005262308740616956,0.008040143865307239,-0.032157822570329106,-0.0022077856349418125,-0.030894490408162736,-0.00492177121487344,-0.025761613405789627,-0.009622693477434295,500
19,ffr_lag1,0.0019064551606520846,0.0008207835364081415,0.0012182626560312498,-0.0007721050339943004,0.004104466295852012,-0.00036175947709368993,0.003690446569333576,0.0006026665118258012,0.002894307405441434,500
19,lag_cpi,0.031171881640358043,0.014436124792942732,0.024178713490627838,-0.013900092237188223,0.07624113307069119,-0.009725562838105342,0.06759327341970153,0.005875036812419752,0.05354996023679735,500
20,intercept,-0.06043413862536194,0.06483779259777496,0.1060162217246298,-0.2529477465293769,0.1667300873537411,-0.21475690814554113,0.12772832111506377,-0.15280896467363952,0.05192200590493588,500
20,shock,0.002919657376022539,0.0018790341915154072,0.0019360629584031243,-0.0005193423005815291,0.006907246070827372,-1.5399699281335174e-6,0.0062563029580510274,0.0008619142879193974,0.004687848737304995,500
20,shock_lag1,0.0029583855535506767,0.0019092024876241397,0.002054207079037366,-0.0011575755742680833,0.007019601999546347,-0.000561771292540901,0.006371840300831148,0.0007084695691734876,0.004706975208851333,500
20,shock_lag2,0.001938048716509749,0.0020333896824354606,0.0022782604663057838,-0.0024733497523844643,0.006641749639890204,-0.0017073618420738095,0.0055434346412762325,-0.0004667536995557343,0.004069189215279311,500
20,shock_lag3,0.0015416732026789835,0.002080238905111673,0.0022355391101350776,-0.0024158254026391468,0.006222830542760667,-0.002085911673219046,0.005173349493215978,-0.0009111863861843343,0.003559249687109047,500
20,shock_lag4,0.0009317008676973627,0.0020516533611958368,0.0021827274491448795,-0.0033679643180418977,0.005236146725678568,-0.0028210199686121333,0.004595203046730884,-0.0012744745965423687,0.0028797258046097613,500
20,shock_lag5,0.0008209780079431732,0.0020267718024581253,0.0020724039250552937,-0.003306586807188358,0.004601992903324656,-0.002656494988462765,0.004023272046338788,-0.0015034003047356829,0.002525394586712715,500
20,shock_lag6,0.0011294828768125646,0.0019337096346034777,0.001969740676531609,-0.0027381968912519898,0.0047907550228838535,-0.0023376504665890037,0.004198190208395954,-0.0009746628495859469,0.0028405926790486843,500
20,shock_lag7,0.0010044534944084694,0.0018963189985183075,0.0019309454829914466,-0.0029362305018557798,0.004578361173077616,-0.0021828321940311995,0.004080778263819861,-0.0010706051276382696,0.0026429693623459343,500
20,shock_lag8,0.0007228937511566467,0.0018960369661396347,0.0018639841794864402,-0.002869395077068656,0.004261797035446084,-0.0024591264670625304,0.0036367032424809423,-0.0011056076934047754,0.00237262069487336,500
20,shock_lag9,0.0006545965281882962,0.0018403126044685728,0.00177833083247528,-0.0029616614594732285,0.003953773210032244,-0.0023508396026858756,0.003434368949939164,-0.0010545537819114247,0.002200600032625217,500
20,shock_lag10,0.0007657942742199005,0.001754067203318107,0.0017461286432630437,-0.0026723552314541765,0.004009979355642246,-0.0022280553783852637,0.0034600359823122443,-0.0010971747401392561,0.002316816232898164,500
20,shock_lag11,0.0007397346086221488,0.0016906836579356076,0.0016863050819485423,-0.0026756413601428546,0.003965469453338125,-0.0021657452219930283,0.0033857135419913045,-0.0009442083162511596,0.002297523800999075,500
20,shock_lag12,0.000318228045387014,0.0016489074939893078,0.0016254841442316197,-0.0029622504455862272,0.0035625127411763836,-0.0023327608246852586,0.0027905285921861122,-0.0013528074476270673,0.0017671977040141828,500
20,log_oil_lag1,-0.019141216795259403,0.005531946750628936,0.008419627991700611,-0.03405765468473278,-0.0013271648766248834,-0.03170360785384424,-0.004033755192473603,-0.025905783431593905,-0.009595893206053585,500
20,ffr_lag1,0.0019159437957832844,0.0008523776637481771,0.0013381316388667694,-0.0006223032864547838,0.0044958329151616495,-0.00040955908926359244,0.004022065943228053,0.00044514296760095323,0.0030495723576893265,500
20,lag_cpi,0.03289291733638536,0.015344102940290327,0.02471010269584439,-0.019650152708247628,0.07487030546308644,-0.011121816885576513,0.06729025988222558,0.006160070328396374,0.05481264791473608,500
21,intercept,-0.06377782181542445,0.06911445942346446,0.11106522591400314,-0.2716581278144778,0.15258125974581846,-0.22853112751113075,0.12719978605498217,-0.16442863272704758,0.05570069428826424,500
21,shock,0.0030186429214716934,0.0019330861047182376,0.0019146801796667344,-0.000917082894927312,0.006669376180959242,-0.00017906210505474224,0.006106105262134064,0.0011434321948329547,0.004767500491348514,500
21,shock_lag1,0.0033723226529410017,0.0019385219737020822,0.0021252856470946146,-0.0006862149720015245,0.008094397613797249,-4.8093554784872964e-5,0.006782037718374949,0.001253683275562239,0.005408047619935171,500
21,shock_lag2,0.0022227220850501725,0.0020950457678153953,0.0022922101111510704,-0.0022363254834864444,0.006834940434243231,-0.0013942142868303656,0.006097729633487829,-9.642369690107086e-5,0.0046052333597827785,500
21,shock_lag3,0.0014257844597550169,0.0021123139193440694,0.0023142594820706524,-0.002902532254349874,0.005819632368089186,-0.0024612168782206464,0.005317163458704993,-0.0009193209115792311,0.003620005174499131,500
21,shock_lag4,0.0009753515330335161,0.0020789201670848856,0.002222441547922483,-0.003364943834219045,0.005353689122054049,-0.0028392093554405716,0.004734227180335832,-0.0013986600982080594,0.003074311770480992,500
21,shock_lag5,0.001269113506659416,0.0020551511717900564,0.0021416307501935976,-0.0029766457405153825,0.005449506298371192,-0.0024734996189366225,0.004702325854608793,-0.0009313239133285699,0.00332582331402721,500
21,shock_lag6,0.0010172477395090237,0.0019931094321802624,0.002166815622266141,-0.0034725994116307454,0.005238436942257257,-0.0026078463448719782,0.004628779458270055,-0.0012484148170086346,0.0030928319133447517,500
21,shock_lag7,0.0009554894072883031,0.0019687667989613635,0.0021210651199062825,-0.0033584647518021893,0.005062669785840379,-0.0027330277790959525,0.004264964886697125,-0.0012348216143689748,0.0029966261459029846,500
21,shock_lag8,0.0006210611541523675,0.001970646518892214,0.0020773176059661388,-0.0034121586742307856,0.004616207257142542,-0.0026246070804430703,0.004277420095785944,-0.0013572797675076458,0.002649810836095323,500
21,shock_lag9,0.0007495024220541952,0.0019032353334778498,0.0019612828325836994,-0.003110113789588162,0.004816723548989793,-0.002555263169818493,0.004144035357818891,-0.0011075144347734921,0.002688497007947186,500
21,shock_lag10,0.0006690925793315183,0.0017959575252123662,0.0018896829396526638,-0.0029323037608236114,0.004632758869252029,-0.0022601641207781373,0.0037877063039941884,-0.001327019433876842,0.0023406082478785637,500
21,shock_lag11,0.0008401427498736979,0.0017288787139525719,0.0017930831901602747,-0.002576679341479095,0.00445565595134125,-0.0021393436542518035,0.003747855484995396,-0.000966095704007475,0.0024070053894797547,500
21,shock_lag12,0.0004844459254244486,0.0016613580108406447,0.0016348643239910091,-0.002685325216856097,0.003775732589461728,-0.0021524796990133794,0.0030677309946887015,-0.0013424798276602857,0.0020585466015322325,500
21,log_oil_lag1,-0.02048560058003722,0.005799126667217652,0.008529158526480748,-0.03616549264764969,-0.0023485435293275694,-0.03251967040756496,-0.004969621818038461,-0.02815180573542583,-0.011340020220828851,500
21,ffr_lag1,0.0019471270309158505,0.0008825780710234071,0.0013062648494330334,-0.0008483956186695892,0.004204577180307409,-0.0004212323267463991,0.0038722916988334385,0.0006304278908096158,0.0031063761575769507,500
21,lag_cpi,0.03489030774675549,0.016308726959208486,0.02597693809684881,-0.016451515488878878,0.08226532226040625,-0.011567629664577117,0.07298240804495905,0.005940937899796392,0.05832140089952427,500
22,intercept,-0.0672777074862857,0.0737436622873586,0.12443492927684266,-0.3016913723933351,0.21494250630332945,-0.24346079700523907,0.15986239505578967,-0.17284829068474347,0.05426942189148922,500
22,shock,0.0033015544924949423,0.001964493121970106,0.0020834718368917416,-0.0005113788175465274,0.007270728060888972,0.00013255502593910177,0.0068249571052716295,0.0014232953184183045,0.005561521573465362,500
22,shock_lag1,0.0036144051465133464,0.0019802042308047886,0.0023048007836856317,-0.0006718267228863065,0.008354682314914914,-8.372822505252828e-7,0.007752663172531493,0.001162873680831833,0.00583937656906918,500
22,shock_lag2,0.002105385814351398,0.002124213913954422,0.0024413146527864265,-0.0023176254654938763,0.0072985508066039165,-0.0017346919246076847,0.006152173735779477,-0.0002578340572615067,0.004546747312464828,500
22,shock_lag3,0.0014967295696922747,0.0021482958971242284,0.002362659877838533,-0.002604860395695666,0.006591519927726459,-0.0021427721055476117,0.00541846608579719,-0.0009739611884943477,0.0036513782427608204,500
22,shock_lag4,0.0014217482139385173,0.002100498590206741,0.0022183766920378014,-0.002766814721641893,0.005717241418324703,-0.002053595679791089,0.005176085065699145,-0.0007533413064947091,0.00356975246490915,500
22,shock_lag5,0.0011695212962328934,0.002106726344752467,0.0022207651212576957,-0.00297950369343768,0.005646837866934983,-0.002407057352287469,0.004967677036093221,-0.0010258616018904263,0.003426251277255138,500
22,shock_lag6,0.000989892932728202,0.0020625099437773966,0.0021903067323421604,-0.0033090870022996046,0.005206156517213793,-0.0026252248192207284,0.004586703843474934,-0.0013297698789840769,0.0030735681601849717,500
22,shock_lag7,0.0008672308167069673,0.002042307952688257,0.0020983119007077448,-0.0030656489266074546,0.0050039928147136495,-0.002535553142459171,0.00417245235073578,-0.0012244763187866038,0.0029413850480480897,500
22,shock_lag8,0.0007171786661782544,0.0020309269589430796,0.0020244104259626843,-0.003209841385575875,0.004798438917197603,-0.002520510240041041,0.004159102591036169,-0.001370797735908992,0.002630760327660499,500
22,shock_lag9,0.0006644058954194498,0.0019436792434319745,0.001956661565299206,-0.0029165799306249207,0.00478112976795916,-0.002420792489283567,0.003890147965256534,-0.0012704033321127189,0.002571616455882573,500
22,shock_lag10,0.0007529109234994894,0.0018282449400248244,0.0018223300959430383,-0.002687977790898772,0.003944820394196961,-0.002217262781937383,0.0033989767738631252,-0.0011087998369830796,0.0024351554883849788,500
22,shock_lag11,0.0010071875704336475,0.0017440386775343947,0.0018320195606185748,-0.002461638409923013,0.00457746606309618,-0.002000011432479948,0.0038147309344359545,-0.0009685335650673954,0.002536388429228671,500
22,shock_lag12,0.000528487353003308,0.0016866292268609456,0.0017035877148897994,-0.0029621246452100607,0.0037698004752049537,-0.0022909520198171355,0.0030102832774246335,-0.0013277289731615169,0.002084334424510308,500
22,log_oil_lag1,-0.021805889208191678,0.00606268636301111,0.00886106729582426,-0.03827936996082223,-0.0034386463797212367,-0.03479148128178311,-0.006472002287465918,-0.02882936154933933,-0.011849706899044523,500
22,ffr_lag1,0.0019894969942613936,0.0009143207795464027,0.0014457729743549718,-0.001108176314206965,0.004574441460266818,-0.0002849655106063562,0.004130227322162188,0.0006149161658955341,0.0034556300285318396,500
22,lag_cpi,0.036895132448232344,0.017337933087811244,0.028498479762818302,-0.02670660462376343,0.09161170991566256,-0.0166716779859342,0.07714054065367315,0.007144649833692427,0.05986441748303771,500
23,intercept,-0.06888259991207984,0.0784633043420258,0.1283095681081382,-0.3393647353122959,0.1679312872837834,-0.2732713401623804,0.13871809106917066,-0.19330458271234577,0.060212546852976064,500
23,shock,0.003406279982426614,0.002005545122202675,0.002109095910594191,-0.000797603456945196,0.007638651108417539,3.470423362932207e-5,0.006765667521246052,0.0011633670892552024,0.005404301448158563,500
23,shock_lag1,0.003435446278731667,0.0019979621804374053,0.0021776108737138287,-0.000833097825426345,0.007639467808834718,-0.00010606370531228383,0.006832449762676953,0.0010591166165002147,0.005472479926297868,500
23,shock_lag2,0.002145714902101482,0.002164985751148922,0.0023591515523537303,-0.002020241898755646,0.006988502631224282,-0.0013689914524217877,0.006007100800518321,-0.00031312205892328063,0.004482013524076472,500
23,shock_lag3,0.0019806388987869397,0.0021745747173181956,0.0023364085234491255,-0.0026224252625527567,0.006842373069678961,-0.0017628024625776571,0.005896523499992799,-0.00035852161233706684,0.004120791033742456,500
23,shock_lag4,0.001283702488872047,0.0021478535321261395,0.0022579768739482576,-0.003077208041050327,0.005698634496635542,-0.002622861962785929,0.004749119189291858,-0.000996916321778651,0.0034655503592689943,500
23,shock_lag5,0.0011604504332490496,0.0021751915042670022,0.0022200531550687595,-0.0033546689471163505,0.0054768928549151896,-0.002627422313938248,0.0046990460667256165,-0.0010725482294398649,0.0031792272651854133,500
23,shock_lag6,0.0009335645057338089,0.002136705475756642,0.002149566275588915,-0.0035846236383445963,0.005216118683072371,-0.002933606627340564,0.004409199976098371,-0.001365780792778826,0.0027403883030292205,500
23,shock_lag7,0.000974081037189572,0.00209984482477359,0.0021287543805520864,-0.0034403225703991593,0.005112884799745335,-0.0027880905459006598,0.004220702154457687,-0.0013868536067270648,0.002998005698686146,500
23,shock_lag8,0.0006378203096214181,0.002070297079177024,0.0020273809815152866,-0.003324650274994359,0.0044647589146906775,-0.0027864653984441792,0.003778362830723277,-0.0014898283596445948,0.002585112944876185,500
23,shock_lag9,0.0007815607869045475,0.0019732382924597834,0.0018457287514614857,-0.002926714045348021,0.004465039581632989,-0.002305479530558772,0.003932374985506159,-0.0010800352164541697,0.0025495623155847094,500
23,shock_lag10,0.0008796859754189153,0.0018471849736219864,0.0016929555600620704,-0.0025081411601508303,0.003899437927084239,-0.0020167164180247875,0.0035157243170022504,-0.0009971597289865372,0.002367352648057896,500
23,shock_lag11,0.0010620090333755849,0.0017764791392580939,0.0016965013663432428,-0.0024026578456015023,0.004099786125943364,-0.0018120222795217206,0.0037493840111450477,-0.0007643437081664259,0.002604783728448482,500
23,shock_lag12,0.0006717082279331469,0.0017038604856203534,0.0016137688885413425,-0.002247276120746676,0.003868484469748947,-0.0019282397545374139,0.0034804838583610115,-0.000993951334119573,0.0021810542535579728,500
23,log_oil_lag1,-0.02300738333569077,0.006310288967083997,0.00954293728780868,-0.043133438327645775,-0.005504584609061858,-0.03780042646970942,-0.00797260077297542,-0.03202739392755013,-0.013246267778643645,500
23,ffr_lag1,0.002024402600893166,0.0009459230386112323,0.0014801711744776096,-0.0009087452997855785,0.004908651028948996,-0.00042812440512164505,0.004332352549718252,0.00039310097100275884,0.003321652147465516,500
23,lag_cpi,0.038459045879873525,0.018376052310009907,0.029830887410247635,-0.018491851685065307,0.09763342543863382,-0.011831183158207213,0.087054994854234,0.007662553493155458,0.06707075708564117,500
24,intercept,-0.07010170796248603,0.083471188513061,0.12884238463137745,-0.3057130877094555,0.20451901637508837,-0.258700401922879,0.15861769959098834,-0.17676464064092068,0.06946572294006353,500
24,shock,0.003116318120004027,0.0020370132781764314,0.002183125267101475,-0.0011344853667812685,0.007287852741883285,-0.00046518333831866506,0.006919693120288504,0.0009638448939870833,0.005348882456965109,500
24,shock_lag1,0.003449987671278517,0.002008649677673288,0.0023180685569229127,-0.0009662666411036423,0.00837842656765686,-0.00031602027070073394,0.0072378027920774295,0.0009950575293192834,0.005422177512905798,500
24,shock_lag2,0.002634655191687974,0.002189115971750613,0.0024872429325039354,-0.0024401830548104516,0.0076989069104500705,-0.0014031011390793452,0.006767239282534114,0.00024781597076315614,0.0049505103755674035,500
24,shock_lag3,0.0018782191782525323,0.002204550922862855,0.0024611462222585787,-0.003023268204837794,0.00671651443957752,-0.0020850823056069168,0.005786719174101938,-0.0005921105173013433,0.0043052649287472445,500
24,shock_lag4,0.0012804265078835604,0.002212373946470519,0.002378949025054937,-0.0033563337576955864,0.006082522653526882,-0.002370269356423734,0.005337274872245072,-0.00098499991749098,0.0035987431255276653,500
24,shock_lag5,0.0011300217840481545,0.002241836807899651,0.0023827118831023105,-0.0038613963898191488,0.005546284562313021,-0.002846674958103199,0.005099472580072654,-0.0014404900444549098,0.003368992663615413,500
24,shock_lag6,0.001076147746671022,0.002193545211314217,0.0022917044568807263,-0.0034767767860286428,0.005431326180047882,-0.002873291994995619,0.0046454208762088875,-0.001370182456818357,0.003061395386360312,500
24,shock_lag7,0.0009335436341661706,0.002133073628259709,0.0021728071447287456,-0.0036633443509017614,0.005029312655157065,-0.003071004630886962,0.004514376252598507,-0.0013694127127440328,0.0028126375148091703,500
24,shock_lag8,0.0007675095822872127,0.002093468239152083,0.002103860821211183,-0.003418197300482229,0.004849680625445839,-0.0029317712488151,0.004007216195122705,-0.001472456763463741,0.002514092008221157,500
24,shock_lag9,0.0009491275563870846,0.0019905918050949654,0.001958630588223007,-0.0030695100854703024,0.004882434627946086,-0.0023732844135513,0.004028742361783941,-0.0011386952166311795,0.002604319050784663,500
24,shock_lag10,0.0009347320574130519,0.0018874012999214442,0.0017964318002498861,-0.0027330801375087584,0.004215973094851399,-0.0022864261837998007,0.003761281495638311,-0.0008648416777362249,0.0024678875672421554,500
24,shock_lag11,0.0012227104967211817,0.0018095877413044884,0.0017568201581710048,-0.0022266130940362125,0.004507085309864525,-0.0018706795342719356,0.0038780749026110484,-0.0006439578735232669,0.002718937922095982,500
24,shock_lag12,0.0011580680259190208,0.0017460165738828858,0.00173601669569126,-0.0021295865710398384,0.004349195276727755,-0.0017318231261112373,0.0037864974780691253,-0.0008445944819661359,0.002627447374155886,500
24,log_oil_lag1,-0.024186025890413344,0.006556479562721869,0.00999968682079189,-0.04167289243389148,-0.0031750120088059972,-0.038607176612400804,-0.006233508096240931,-0.03276449891667142,-0.012916697860036368,500
24,ffr_lag1,0.0020674957640850426,0.0009790986743648574,0.0015194719456364683,-0.0010804676850166926,0.004921318938947507,-0.000713159061423123,0.004323077451421714,0.0004526536386112031,0.0034373693347423814,500
24,lag_cpi,0.03992969746124823,0.01947021634925377,0.03007695860161235,-0.026124561812068,0.09770045661171886,-0.014149072986218906,0.08438561390552168,0.007786503817183294,0.06521948995714485,500
25,intercept,-0.06986976712800856,0.0886927134417588,0.14622430120433103,-0.3572157096551617,0.22983325482095257,-0.3017874795298541,0.17110953311107768,-0.20367451033987793,0.081272997551134,500
25,shock,0.0030148890392552212,0.002032176534092327,0.002126723532676592,-0.0009301403629432933,0.00716240068206098,-0.00013776720060011262,0.006447313818076853,0.0008575385928361411,0.005207319298790377,500
25,shock_lag1,0.0039243962657161445,0.0020140605402009172,0.0023082688546031,-0.00040654194077814913,0.008289612660992346,0.00029327062222894474,0.007816921870493161,0.0016376223585663372,0.006043463413269362,500
25,shock_lag2,0.002523773550275668,0.002206204536992831,0.002562888759590122,-0.002028927400887479,0.007671528423088318,-0.0013676066207347088,0.006802773047716775,1.647832665303308e-6,0.005210967888574699,500
25,shock_lag3,0.0019147465634843908,0.0022745124719481683,0.002578079899785818,-0.002620737572851555,0.0071092627447978006,-0.0020686751353442097,0.006375605416594435,-0.0006641953738717836,0.004465973523820137,500
25,shock_lag4,0.001270973783667508,0.002277894173140564,0.002553475899269938,-0.0035239822580662786,0.006435291004641786,-0.0028208101325728624,0.005497651559602508,-0.001406343441542452,0.0034848349988857957,500
25,shock_lag5,0.0012801199353922787,0.002291322719301351,0.0025501736718145504,-0.003485621403015484,0.006193110793290163,-0.003023835909537706,0.005446953252315154,-0.0015099759182906401,0.0034572489996357453,500
25,shock_lag6,0.001069039964557011,0.0022193063825371737,0.0024342441076450516,-0.0037483896497379817,0.005604832461684569,-0.002945037755782158,0.005045003280978284,-0.001369186319839154,0.003392703293244515,500
25,shock_lag7,0.0010820051402134294,0.0021548510246777387,0.0023178217167098567,-0.003433385986407995,0.005448481894233997,-0.0026731630177287483,0.004838323664112512,-0.0014020017446829758,0.003151896582058466,500
25,shock_lag8,0.00093750199656469,0.0021095323999517543,0.0021763891902156587,-0.0034049437698608727,0.005039283192517651,-0.00271765603463615,0.004348140726561733,-0.0013130991236238517,0.0028656980028232354,500
25,shock_lag9,0.0010240999028043299,0.0020277083243016424,0.002033810373352274,-0.00256588084645225,0.005074142185141675,-0.0022113843850249696,0.004584069343159247,-0.0011954894368032974,0.003040590669685432,500
25,shock_lag10,0.0011114266968750063,0.0019221835119731239,0.00195125627759383,-0.0023957403578508327,0.005203314264063485,-0.0019976234857279496,0.0044291490829509615,-0.0007781695327389881,0.003024193255430065,500
25,shock_lag11,0.0017430258919680594,0.001859949369095976,0.0018678260814717913,-0.0016340304987020535,0.005694755706126052,-0.0014111792758988925,0.0048285592830654075,-0.00027138436227997496,0.0033945519331385282,500
25,shock_lag12,0.0014409607769800715,0.0017835219564697235,0.0017724592165272765,-0.0021201533141005377,0.005084099357064487,-0.0015237049042005628,0.00420959135563646,-0.00044902032990233294,0.003055160026505741,500
25,log_oil_lag1,-0.025245609626112334,0.006771039000100357,0.010225863674297538,-0.04457441385718605,-0.004988962742831805,-0.04214665535560004,-0.008668185707849687,-0.03530404588487533,-0.014690496264640142,500
25,ffr_lag1,0.0021014568633845473,0.001015462094200327,0.0016345589718285048,-0.0011381301834991735,0.005269876255695033,-0.0006240765322107841,0.004546838182350801,0.0003669528783594755,0.003595406556724947,500
25,lag_cpi,0.04104404808939749,0.0205776089479317,0.03347091068663573,-0.02493060299656007,0.10294778784181705,-0.012867029844968054,0.09332002151895719,0.006151339934830605,0.07363583340632136,500
26,intercept,-0.06877516737725804,0.09372697372642941,0.15026791279969817,-0.34381237006847504,0.2508059693609831,-0.29636259737290305,0.19114647610854826,-0.19817915551482918,0.09231932262061054,500
26,shock,0.0033863067262083434,0.002044149989432539,0.0021464099103459186,-0.0006361484604947107,0.0075706734117555585,-2.940239458121645e-5,0.006988069202542987,0.0013191187181605345,0.005714831483262839,500
26,shock_lag1,0.003756321815432008,0.002048619981122745,0.0023681045458010673,-0.00026287459560339133,0.008404162669722905,0.0001537821862673066,0.007686029494342181,0.0011866914960208625,0.00616819471825271,500
26,shock_lag2,0.0025436155069368574,0.0022749880762238522,0.0026263501642461587,-0.002036385504754414,0.008158091634971738,-0.0014290745941269612,0.0070316383379194596,-0.0001061389936318239,0.005062232415153185,500
26,shock_lag3,0.0019037841648794152,0.0023572347533966113,0.0026117637574514635,-0.002867383234172357,0.0069807308752406205,-0.002150843522476904,0.006550282260371166,-0.0006012659247460107,0.004265014397227408,500
26,shock_lag4,0.0014121638986783912,0.0023222954094450072,0.002516281731390804,-0.00348516820355663,0.006612356416184031,-0.002710171538126015,0.005769284235805919,-0.0011618791231242137,0.0038630383392635036,500
26,shock_lag5,0.0012653428891780797,0.002312753716972468,0.0024708351058941713,-0.003453299329943131,0.006008871773118849,-0.0026413397633008617,0.005274322485968715,-0.001213660077023284,0.003735115907955382,500
26,shock_lag6,0.001216058842383606,0.0022360654535658287,0.0023965991594738644,-0.0036522022425819777,0.005953914537499374,-0.002663154945492695,0.00508919121642019,-0.0012114002468528483,0.003668506834166222,500
26,shock_lag7,0.001240263619662313,0.0021749713207032144,0.0023107991999796783,-0.0038668899647073306,0.005868196379160839,-0.002299889550026819,0.005219033960899121,-0.0010531625326110708,0.0034830222784678158,500
26,shock_lag8,0.001009243076318242,0.002147773806768086,0.0022298311436199526,-0.0033475056916060274,0.005402821422369529,-0.0025242925503895816,0.004653193215204037,-0.0012327820160422628,0.0031392790127243325,500
26,shock_lag9,0.001191115726096454,0.002060148433629613,0.0019999051735898805,-0.00271750678641047,0.005207299704313705,-0.002211040717049526,0.004366585461712473,-0.0009576693273554721,0.0030538880115827992,500
26,shock_lag10,0.0016207999455689931,0.0019827927031498362,0.0019278201138056695,-0.0019672639124902105,0.0054510242329884285,-0.0014221344702917958,0.004600862547884199,-0.00034951383293908107,0.0034585749632548447,500
26,shock_lag11,0.0020051727818413087,0.0019070088357702264,0.001851596008908114,-0.0014008646514681862,0.005684760537896053,-0.0008872143911972929,0.004961125940285016,0.0001677976141325422,0.0037318197421089207,500
26,shock_lag12,0.001426460568681961,0.0018415338065555249,0.0018477081551612476,-0.0021119715203696326,0.005124639270376751,-0.0016038032063407771,0.004401313447960228,-0.0005294747092527627,0.0030243115767537307,500
26,log_oil_lag1,-0.026075021013856406,0.006907426910412796,0.01055218395960467,-0.045478124968554176,-0.005481848703217588,-0.042720884747595896,-0.007679836215304833,-0.03558644679668132,-0.013820787692076612,500
26,ffr_lag1,0.00214425984611889,0.0010534078330084588,0.001647118635965634,-0.0014387665812742628,0.005122865965316563,-0.0006060686143934976,0.004789652149062759,0.00045459289545506044,0.0035663306192445774,500
26,lag_cpi,0.041825672151961604,0.02158812280184724,0.03428845859189556,-0.027919447380820105,0.1060243716621331,-0.01564649066548005,0.09189379543629217,0.0023926205846204205,0.07202520664871559,500
27,intercept,-0.06731969143826468,0.09910388668241629,0.1556278834508084,-0.35832412770734823,0.23979474723783278,-0.30962262742002367,0.18634510343561952,-0.2201194279126389,0.08687851592128115,500
27,shock,0.0031268800545587254,0.002115447307365611,0.002284647392175013,-0.0013444432419789658,0.007664163448755048,-0.0004136379289259773,0.007020903430889879,0.0007608259305689404,0.005193964709957357,500
27,shock_lag1,0.0037146437134680066,0.002097370453477994,0.0023352778783512908,-0.00041796765562856944,0.008060609694552075,-7.078120936522152e-5,0.0075228275285536515,0.0012229822132265407,0.006090981704597908,500
27,shock_lag2,0.0024970817814484905,0.0023630881761785177,0.0025477103161843455,-0.001959339525700861,0.007291902176688426,-0.0014763459081626818,0.006718388316383646,-0.00018402903242363783,0.005174383615239232,500
27,shock_lag3,0.002032440557587865,0.0024104114959212016,0.0026051246368717115,-0.0028152321606694083,0.006944532602012309,-0.002257304008532009,0.006132222280418557,-0.0008332074749095772,0.0046489256432727675,500
27,shock_lag4,0.0013680259817625416,0.0023383497070840835,0.002457264170775555,-0.003439382475390911,0.005829043145642556,-0.0028641848051213408,0.005193129165266814,-0.0013840208646873683,0.0037414730264630574,500
27,shock_lag5,0.0013919762143330535,0.002327581992869155,0.002435986569092151,-0.0035809862199452517,0.005902025656403884,-0.002792141866162553,0.005262543645675209,-0.0013358627080217282,0.0034723227268712705,500
27,shock_lag6,0.0013675826181828693,0.002255666337817607,0.002459327573553339,-0.00360988709581022,0.006425194390164819,-0.003071769513883494,0.005001991262654738,-0.0014668488040346691,0.0033244299396811266,500
27,shock_lag7,0.001293757488441165,0.002215882820676967,0.0023533970698948817,-0.0034070139139430813,0.005788501084049402,-0.003019850121552751,0.004936935311572147,-0.0014154443949518424,0.0032189043523770202,500
27,shock_lag8,0.0011470932846221118,0.002183191446317776,0.0022460867412704465,-0.003846835456936921,0.00529442334028953,-0.002801947269277123,0.0048860805381892285,-0.0011142714035851091,0.0031091145051895495,500
27,shock_lag9,0.0016780687644929457,0.0021308463197147625,0.0021657148313762144,-0.002618639303598378,0.005721671978732152,-0.002044867051122432,0.0050442370528091226,-0.0006498193608088657,0.003519892518284955,500
27,shock_lag10,0.0018520259203163043,0.002038333524821891,0.002136644082051567,-0.002330018153330003,0.005617657659549747,-0.0017676157659248868,0.005042334923732079,-0.0005050506969901806,0.003715021954296078,500
27,shock_lag11,0.001973224129695866,0.001951800691121033,0.002052250855187738,-0.002519008634355416,0.005664434286880416,-0.001482043223201951,0.005148598086846815,-0.000302591583800116,0.0036285880971957665,500
27,shock_lag12,0.0011527392259314386,0.0018749016013085104,0.0019038118713814469,-0.0024250102934040263,0.0049792997865799994,-0.0019529358275105185,0.004295627551202287,-0.0008498560122922292,0.002982524943424729,500
27,log_oil_lag1,-0.02677814740604145,0.007032249580844268,0.010417452158183382,-0.047951339698792006,-0.007485031461847098,-0.04369978755197764,-0.011053282856933659,-0.03637720728488926,-0.015898325053178362,500
27,ffr_lag1,0.002192964916879592,0.0010989726818914037,0.0017337501276436323,-0.0012430966116590513,0.005367712081415661,-0.0008197742339348244,0.004869125408517091,0.0003411777052156321,0.0037687919984311547,500
27,lag_cpi,0.04244563638960747,0.022635681914085874,0.035188686094194274,-0.02743592426860525,0.11417318291294817,-0.014877804639451219,0.09569279225292805,0.007642223688134677,0.0757662053936167,500
28,intercept,-0.06498593314980455,0.10487417158607966,0.16975556006953868,-0.3935528735490609,0.29585654425150726,-0.32316860698481054,0.2517117746019448,-0.1994810070987302,0.09717960202918066,500
28,shock,0.0030312021188859312,0.0021617942965133628,0.0022193445649979124,-0.001353015430397562,0.007532963391648762,-0.0005733341030411268,0.006826778256975798,0.0008559261602277615,0.004963851952470382,500
28,shock_lag1,0.0036460556434332017,0.0021609188987492165,0.0023206025361752194,-0.0011069336661342368,0.00789298350012677,-0.0003273691290286287,0.0073574333675413845,0.0009601587828683642,0.005567623310619486,500
28,shock_lag2,0.0026243913911317605,0.002418788778478233,0.0026191007631562666,-0.0023322845052599376,0.008026163534536876,-0.001875251996072233,0.007231650677836002,-0.00026171477966413617,0.0048749172104468625,500
28,shock_lag3,0.002005964612567389,0.0024206144439398673,0.0026120620473207997,-0.003152134364070913,0.007262605258776991,-0.002354607863892699,0.006307000917804768,-0.0008518221144813428,0.00430464438817614,500
28,shock_lag4,0.0015041803064161897,0.0023488344267276976,0.0024618677271974845,-0.003446516652557552,0.006448634103567019,-0.0026284150009659225,0.005681834424529502,-0.0012419860629241286,0.0036516251320639417,500
28,shock_lag5,0.0015337440671717034,0.00234605767515471,0.002467564005583941,-0.0032517879596848038,0.005993542728092445,-0.0025134851636755707,0.005508594254302519,-0.0012347572247076656,0.0037369604445993865,500
28,shock_lag6,0.0014450295152842116,0.0022894896151463024,0.0023628349849802916,-0.0032656653610857633,0.005706991646753921,-0.00252507649936154,0.005108694593623185,-0.0011177037659860346,0.0035142428241830056,500
28,shock_lag7,0.0014403323425813107,0.002246393335953369,0.002288296235124038,-0.0028237387593435526,0.005761826789974928,-0.0021780890265144376,0.005060259162887715,-0.0010904585066382872,0.0035438745763129403,500
28,shock_lag8,0.0016566597564220942,0.0022411872510712722,0.0022855412759136265,-0.002596616381594999,0.006027168157535361,-0.0020952357958006467,0.005307645403480925,-0.0007690051503281987,0.003834349387788893,500
28,shock_lag9,0.0019117196946388945,0.0021814522477703446,0.00226233042846684,-0.002606524235107357,0.006012100152681235,-0.001667229221220258,0.00546993832797311,-0.00032937515218453464,0.0040602797240686835,500
28,shock_lag10,0.0018088099937565282,0.0020828661270330547,0.002233713662710997,-0.00273558520377339,0.005839144114278507,-0.0019785847862742335,0.005141463496825906,-0.0005703023509655845,0.003947096896650435,500
28,shock_lag11,0.0017000807561929514,0.001973584438401841,0.0020558703602008765,-0.002560798300153819,0.005641840355840401,-0.0020518914329175435,0.0049542275086308955,-0.0005141423046867775,0.003639720397722559,500
28,shock_lag12,0.0010918933031766956,0.0019055266611171337,0.0020005387431574575,-0.0030533351614154937,0.0047754021527132776,-0.002383788755613132,0.004143114684192857,-0.0010662386370766635,0.002872461033711381,500
28,log_oil_lag1,-0.027395205611715902,0.007178380822587031,0.010700242246388996,-0.04705684050316183,-0.004304065939796034,-0.043065438062220615,-0.0072159094601918885,-0.03613133987372693,-0.01532353828375431,500
28,ffr_lag1,0.002238837687665857,0.0011503375377097088,0.0017762135304934628,-0.0012340802988651967,0.005530319535371348,-0.0008696431620161166,0.004665778188628607,0.00041002414473739296,0.00395739208751946,500
28,lag_cpi,0.04283901633265712,0.023769897989153042,0.03803869953763736,-0.03986890142691919,0.1159657137371249,-0.027681313530451793,0.10062439844970725,0.005863568118972094,0.07347095280687888,500
29,intercept,-0.062440675804825235,0.11084912911530588,0.18258917487020726,-0.418339087687568,0.2908179338932914,-0.3489119049785634,0.24377500571802346,-0.22759815800527056,0.13650230395266705,500
29,shock,0.0028977690219207453,0.002189664967970669,0.002217709955881419,-0.001575151058662659,0.007041381456327366,-0.0006604443140093802,0.0063601668977107855,0.0007657393106026324,0.005165918826546409,500
29,shock_lag1,0.0037641554828624652,0.0022049457806745817,0.002426797356043944,-0.0011554262439190163,0.00799650386249015,-0.00041757753134243167,0.007505104502685992,0.0013230093624328942,0.00617809496451316,500
29,shock_lag2,0.0026070164614003556,0.0024178328909260447,0.0027526259953031674,-0.0028401336972785672,0.008011072842064582,-0.0017430268341423654,0.007226740768223594,2.1846013421952627e-5,0.005320395396283211,500
29,shock_lag3,0.002159275435220015,0.002423913153636936,0.0026485498250549324,-0.002920439694852828,0.007355705427122807,-0.0017801052799548524,0.0064683227169445145,-0.00027518936979934936,0.004856791690397783,500
29,shock_lag4,0.0016564174374802414,0.002367299118452503,0.002510927455810215,-0.003537029795127314,0.006492396887226694,-0.0021363687056226285,0.005803400959433786,-0.0006953118869284277,0.004148331012625257,500
29,shock_lag5,0.0016274223900418975,0.002374522706240637,0.002471814782631119,-0.003418617841285368,0.006341855198521825,-0.0024454641676458794,0.005482506590679282,-0.0008098969559014366,0.0041007817536485545,500
29,shock_lag6,0.0015979954416127612,0.002316659248184,0.0024568923613124656,-0.003466881573884847,0.006408140787904717,-0.0025653861246345217,0.0056633162000796,-0.0009527556818652623,0.0038940705385342453,500
29,shock_lag7,0.001966490511902584,0.0023040171504418285,0.0023509074199439014,-0.002719062698810314,0.006121863785399768,-0.0021675873382902074,0.005559391827399516,-0.000581730176904367,0.004283806925592634,500
29,shock_lag8,0.0018987676490949544,0.0022886137892419484,0.0023496020469614648,-0.0028423200571235526,0.006112047538881161,-0.002285999803242302,0.005631934168819227,-0.0003920353621543633,0.004297790435971453,500
29,shock_lag9,0.0018798139314287446,0.002223039017271387,0.0023887948626174246,-0.0029136551309922798,0.006306296834763062,-0.0023876556382396988,0.005674613114613995,-0.0005405427214784035,0.00425168177843132,500
29,shock_lag10,0.0015392516705609793,0.0021022734844009325,0.002250382236900659,-0.003141119576423366,0.005983457406152283,-0.0019465403573883254,0.004964852644853035,-0.0006464812908976884,0.003658688187432685,500
29,shock_lag11,0.0016421369159847295,0.0020092689966190774,0.002122135866484921,-0.002428497782767901,0.005780809288640141,-0.0019358817325591472,0.004998400423110739,-0.0005146295070658304,0.0036652830120781164,500
29,shock_lag12,0.0014186951074507876,0.001947363986851026,0.001933205825881302,-0.0024367378678729953,0.005005975208971095,-0.001836776243076533,0.004413426172939563,-0.0006546365904172191,0.003322035383445654,500
29,log_oil_lag1,-0.027986263735217808,0.007311049973688274,0.011633719934054659,-0.04842941653715645,-0.007612179161205761,-0.04631887633489626,-0.009678608535172557,-0.03990526027340359,-0.014902834523843776,500
29,ffr_lag1,0.002283283552819343,0.0012087716314004798,0.0017969522511370223,-0.0013052724750431367,0.005587300390583623,-0.0007602524294512901,0.005191598236794185,0.00015196699082564954,0.003973259548859906,500
29,lag_cpi,0.04317445318999135,0.024919970457372754,0.041119430353733666,-0.03869899983298608,0.1224385892002976,-0.025911093312817532,0.10812161529815281,-0.0012597310790847614,0.08190944811197096,500
30,intercept,-0.058837612150649164,0.11713549397063935,0.17510697442266748,-0.4029368318973081,0.2881367318124298,-0.35413405702830664,0.22754297416237668,-0.2437005533894312,0.10085540335094587,500
30,shock,0.002957251407711183,0.0022134099921448567,0.002314178606461028,-0.0014213342285684001,0.007188023770444335,-0.0007362928301156326,0.006559082573266656,0.0004615887649295499,0.0052376345457808985,500
30,shock_lag1,0.0037388234057970766,0.0022085266411283905,0.0025085703438046942,-0.0011983456425674066,0.008569439723253162,-0.0004820457249522458,0.007852661158336568,0.001331066772513843,0.0060698464291479345,500
30,shock_lag2,0.0027649528937580548,0.0024109907316473118,0.0027471005233832132,-0.0026903802113453783,0.008324383204679483,-0.0019424906599486422,0.007437169934021919,0.00032468702346042234,0.005557023524012063,500
30,shock_lag3,0.002311358774116056,0.0024569951899278625,0.0026578040311286168,-0.003345691422275487,0.007710813885564032,-0.0022456646776904334,0.006621902665842591,-0.0002627440654696554,0.004882740844295303,500
30,shock_lag4,0.0017621693574382067,0.0023892880987130536,0.002517599395483726,-0.0035800911214069597,0.006350392778284534,-0.0027103318670970737,0.005687912106418732,-0.0007088664808377526,0.004210956505071508,500
30,shock_lag5,0.001796477291475772,0.002392391939539511,0.002420338189650773,-0.003266319000398997,0.006030387059388092,-0.002597479113857156,0.005356369241639956,-0.0006798446316577562,0.004156446661971719,500
30,shock_lag6,0.002157846372977327,0.002363552990216554,0.0022542487059553844,-0.0025640972661628925,0.006213286018996671,-0.0017887151999216512,0.005841746330877061,-0.00015852382011517246,0.004130183379630936,500
30,shock_lag7,0.00221390765318574,0.0023496970597592904,0.002260046190902018,-0.0022632041551619683,0.006644084132807152,-0.0016267543449107911,0.005672771016099567,-0.000260259687966405,0.004396083949546368,500
30,shock_lag8,0.0018585284852003334,0.002331573247686938,0.002282017959668503,-0.0025361436806019587,0.006478540142770531,-0.0018000106649062864,0.005662767761535598,-0.0005356806265879781,0.004049639228732263,500
30,shock_lag9,0.0016295503711885489,0.002241323235592463,0.002211126480483996,-0.0024738171962573417,0.00636466760043148,-0.002016032801543713,0.004972223858714418,-0.0007066453519909508,0.0036874322681906824,500
30,shock_lag10,0.0014669407798665079,0.0021408832298519093,0.0022286795827486344,-0.002828583747646749,0.005959485254147463,-0.001989056713387425,0.005466025008700116,-0.000738289180352448,0.003546012152728923,500
30,shock_lag11,0.0019657250353084664,0.002052295525669253,0.0021188203137149997,-0.0018408404732804355,0.006491941985702015,-0.0014438903666209484,0.005710864369683134,-1.1630075418140832e-5,0.003982526969436157,500
30,shock_lag12,0.0016186623410422147,0.001984459730970036,0.0019778071233654717,-0.002055488316826288,0.005766594352811627,-0.0015147689748796528,0.005097791209549454,-0.0002477254546673488,0.0034563974439462287,500
30,log_oil_lag1,-0.028488020180964548,0.007431634957731233,0.01119257944656519,-0.051741383711814005,-0.007062075252441476,-0.047934659362576605,-0.010047975285016112,-0.03904909883510958,-0.01808208144284887,500
30,ffr_lag1,0.0023230642466203363,0.0012721445829818444,0.001816704567159226,-0.001247323503175924,0.0056927808901748225,-0.0005464322019027028,0.005153247709717009,0.0004153167263503312,0.003990582302703392,500
30,lag_cpi,0.04324709002249891,0.02612314146569436,0.0395041849578146,-0.034195668294538156,0.12007982195673818,-0.019495507909719614,0.11221214817013936,0.006941361137711625,0.08399317321298974,500
31,intercept,-0.05492594318518332,0.12340548576397663,0.19296429425550488,-0.4419735865283507,0.30627449671701734,-0.34813163995993857,0.22877682421887358,-0.2638693022357285,0.1224094095860791,500
31,shock,0.0028896487129025684,0.0022237690607921053,0.002385195047633724,-0.0015924293555148676,0.007462572624638021,-0.0007524829684355872,0.00692289218685964,0.0006269283877691786,0.0051855666672256,500
31,shock_lag1,0.0038934648042711654,0.0022040743307737867,0.002474602808276563,-0.0007437527456860394,0.008839526027823164,2.5628399923964773e-5,0.007878575403719655,0.0013204371509865788,0.006433929939089582,500
31,shock_lag2,0.002910066294297292,0.002450713730515378,0.0028087924143800646,-0.0021755115189820047,0.008536578130451496,-0.0017097718394653864,0.007595447015385491,0.00010354002543182525,0.005834845968717144,500
31,shock_lag3,0.002444218272852645,0.0024772121308616266,0.002773985490851594,-0.002745448778362433,0.0078001808059825935,-0.0020676112144082295,0.0067372982058653925,-0.0004224684155718132,0.005057639026713751,500
31,shock_lag4,0.0019462652694466687,0.002407584334081907,0.002588301540528845,-0.003256250487194509,0.0065659728351928105,-0.002372666440474686,0.006065252852708207,-0.0007467699762079233,0.004421050237681573,500
31,shock_lag5,0.002396626634841901,0.0024363918878849353,0.0025444841510541315,-0.002973565308171063,0.007022664336559364,-0.001981405331603036,0.0062426819287177415,-0.00023126585858083412,0.004684249464121493,500
31,shock_lag6,0.0024054007962520494,0.002404180563519925,0.0024609868806460657,-0.0027786731386527388,0.006652976810850426,-0.001981172099830566,0.006184722049623106,-0.00026781105585977613,0.004474579722150693,500
31,shock_lag7,0.0021774095709799855,0.002386602615595053,0.002369980158845056,-0.0029320065331803246,0.006259162479640289,-0.001801745725350005,0.0058310926949903365,-0.00031507976069018723,0.004311661253513137,500
31,shock_lag8,0.0016229756336456208,0.0023505714275293675,0.0023379962116047343,-0.0033149237657017013,0.005964563974062833,-0.002386933242230638,0.005267496759594057,-0.0009505248208648894,0.0035733353828386657,500
31,shock_lag9,0.0015565891740970865,0.0022781708012854594,0.002233934593881239,-0.0026702925127499782,0.006066555915128596,-0.002106380628851769,0.004980315918721739,-0.0007590951696175994,0.0035965534320214236,500
31,shock_lag10,0.0017895642211239314,0.0021821237248202782,0.0021544404289976283,-0.002635715573023342,0.005712982550180037,-0.0018073829765071264,0.0052569619025000305,-0.0005600121809275142,0.003604057706623701,500
31,shock_lag11,0.002158159825845781,0.0020889484006095223,0.002148002384968789,-0.002725704158545991,0.005794943900838261,-0.0018974847011969955,0.005224189926974023,-8.011272715780968e-5,0.003889228370841813,500
31,shock_lag12,0.001896782582810342,0.0020360496035341943,0.0020755988102740272,-0.0023957093820539607,0.0056919520647576265,-0.0017780566755362661,0.00500980866601707,-0.00034655450387223756,0.0035970646445918518,500
31,log_oil_lag1,-0.028992221913017625,0.007544634260373458,0.012162721615172511,-0.05361277521781781,-0.006074788808189116,-0.04814308940604125,-0.00899505802132807,-0.04068479733687957,-0.016548797358329596,500
31,ffr_lag1,0.002362521968783901,0.0013384745179969397,0.0020033214222379154,-0.001541978010785228,0.006318908286856686,-0.0009337957378882335,0.00562523661095106,0.0003105085811609277,0.004474247348294538,500
31,lag_cpi,0.04326144055337018,0.027317507255809212,0.043170041607227524,-0.039443765737679895,0.1265039286805784,-0.021429813160275393,0.11048339191521503,0.0019678704365573662,0.087324054282326,500
32,intercept,-0.05134506045414065,0.12934930179768742,0.21701319275070857,-0.4807231866775024,0.36755283874206124,-0.40325681802452634,0.30886720139465623,-0.2545874089527239,0.1810689074942232,500
32,shock,0.0029971930707357037,0.0022229130731289707,0.002319799445480601,-0.0014348691853897705,0.007431326613077499,-0.0008150434820387862,0.006944205927697993,0.0006497127387576258,0.0048508558476384024,500
32,shock_lag1,0.004020738490200113,0.0022265150813020433,0.0026173014221827903,-0.0012630659706307555,0.008742997046220093,-0.0004121691252411437,0.007939945233359905,0.0011403745535291368,0.006053094549258709,500
32,shock_lag2,0.00306831368341214,0.002471457804872916,0.0028624033882812517,-0.0026392557545019666,0.008764158441977922,-0.001728275694364461,0.007255897332611915,-7.712799820739463e-5,0.00543602700415353,500
32,shock_lag3,0.0026611014029245513,0.0024920874397206466,0.002749284230013972,-0.0027747473783705234,0.008278609352435233,-0.002133615385433181,0.007099619103040534,-0.0002445554281595505,0.004863512745926296,500
32,shock_lag4,0.0025913363784409523,0.0024515914261824374,0.002590942335218298,-0.002650268491615243,0.007422665098103841,-0.0019863388384791895,0.006526436200609025,-0.00028183023340263994,0.004739438517548302,500
32,shock_lag5,0.0026513029328779744,0.002474726862036901,0.002651026169678536,-0.002968744013653101,0.007611121613716534,-0.00217898935371846,0.006808291368989129,-0.0004759416127542857,0.00501329877324945,500
32,shock_lag6,0.0023634621506843294,0.002437778048949237,0.0026160935371992867,-0.0029577204882758603,0.007398940273448949,-0.0025269222802122545,0.006081251012597276,-0.0005747031181088447,0.004527988184509403,500
32,shock_lag7,0.001962527972036218,0.0024082669422298463,0.002520027980283617,-0.003727069403737687,0.006738596213710422,-0.0024887038686341057,0.005717173157865045,-0.0006466954694737195,0.0040622059417290005,500
32,shock_lag8,0.0015412541327910992,0.002379662431677369,0.0024895278378576613,-0.00366283507283944,0.006198853596577444,-0.002361810469599326,0.005535065131381426,-0.0009674101712394273,0.0036899072158896027,500
32,shock_lag9,0.001882836512183966,0.002315212688096875,0.0023387931230031563,-0.0027771004757279434,0.006546690915479261,-0.0017268447346473923,0.005989089224825583,-0.0005383588274766193,0.003982475131243651,500
32,shock_lag10,0.0019691319418203897,0.0022067262718637585,0.002145248951898733,-0.002327558723490713,0.006447073208591557,-0.0013989432813573124,0.00537465140977521,-0.00010973984348061925,0.003928650634059003,500
32,shock_lag11,0.0024480271126354363,0.002137942438132324,0.0021672930355452376,-0.0016105619259268091,0.007009272282765159,-0.001044284047714009,0.006308657879649441,0.0004639220378017198,0.004433100248541507,500
32,shock_lag12,0.0020057439142161064,0.0020691729034065446,0.0020819526527954555,-0.0017412999720978165,0.006203797942728259,-0.001217766228421186,0.005320243085285613,-0.00016408733877157645,0.003988134738615401,500
32,log_oil_lag1,-0.02954797993476132,0.007680552315310237,0.012146198612241308,-0.05367997848865147,-0.007242559023100609,-0.049095055824618664,-0.009902462508212593,-0.04075475329523786,-0.01637223806583663,500
32,ffr_lag1,0.002406280697413782,0.0014025355672648765,0.0021672457229272974,-0.0016790486248462434,0.00681988111438522,-0.0009981297463369035,0.006180131684538291,0.00022642749765838506,0.004405326511142124,500
32,lag_cpi,0.043370635723835864,0.028464123104764125,0.04787910458773081,-0.05093582209640084,0.1392592683783302,-0.039263572077322034,0.12215126286443788,-0.007313159957755711,0.08776235359973063,500
33,intercept,-0.04685804926406253,0.1351539617171232,0.2111979201745453,-0.476688349161948,0.3714564480198361,-0.41127271772105434,0.3243620510535604,-0.24906046996986492,0.1607599333321001,500
33,shock,0.0030397110311930404,0.0022275939513941466,0.0021940252849784584,-0.0011200314486815932,0.007199613580620214,-0.0005190804340476983,0.006637098483787305,0.0007790792558949433,0.005243379340195244,500
33,shock_lag1,0.0041579382005351075,0.0022482337598234555,0.002433646304037076,-0.0006024961157932713,0.008959428670044144,-0.00013499575683020203,0.008035778857360062,0.0014813076889659263,0.006201880329094799,500
33,shock_lag2,0.003285105650875412,0.002489198813352032,0.002778108819232503,-0.0018154797936343193,0.00857674073559505,-0.0013766276540402445,0.007722828760513145,0.0003496628581814158,0.005746278289480565,500
33,shock_lag3,0.0033377737804383954,0.002535109363753132,0.002757643166075157,-0.0021044329618432112,0.008697381241771846,-0.0013241489969740075,0.007703496299182139,0.0003788771772951498,0.005723811315205912,500
33,shock_lag4,0.0028285492156949837,0.0024927556404523233,0.0026246041555002125,-0.002204808845219129,0.007563457947389408,-0.0015897257470397178,0.006879982849292135,-0.00021724050471837864,0.0049586962232212265,500
33,shock_lag5,0.0025765127357336754,0.0025155728658884393,0.0026529547733594293,-0.002689460102311414,0.007488970059736983,-0.002036760769342146,0.006359692309776996,-0.000455301977749959,0.004836115334727397,500
33,shock_lag6,0.0021479493916922057,0.002461154002721526,0.0026455477248696377,-0.0037883816454206375,0.006771109104339226,-0.002783612598800461,0.0060928035716216675,-0.0009019376726961011,0.004521570986786388,500
33,shock_lag7,0.0018396701644609941,0.0024389120625077703,0.0025659821838907872,-0.0030770051735254647,0.006596231401282985,-0.002444270848698563,0.0058976566927048885,-0.0011837620124246192,0.003958893659809017,500
33,shock_lag8,0.001853220661845617,0.0024175534712342693,0.002529131403492388,-0.0027349469649742874,0.006507222239136384,-0.002241926778000217,0.006147629116982423,-0.000801659633698258,0.004138780999040508,500
33,shock_lag9,0.0020154785622362634,0.002344968908489935,0.002427248207628887,-0.0027664669111665467,0.006333829821234438,-0.001985195411766386,0.005649203542144857,-0.0006280321977605557,0.0041406423816605035,500
33,shock_lag10,0.002250170660097465,0.002253978244565515,0.0022688216829262137,-0.002593598034108205,0.00622218028851274,-0.0019144556540354267,0.005689273475138344,-3.503887559306716e-5,0.004387863518643863,500
33,shock_lag11,0.002551741237288829,0.0021648111896710853,0.002256355765830056,-0.0023105677690337906,0.006435551783302595,-0.0013836903532453255,0.005949694294825751,0.000407459534726933,0.004713028383624564,500
33,shock_lag12,0.001819910704070408,0.0021168971020537487,0.0020846851710863332,-0.002539573000748558,0.005770350289903734,-0.001432028612904302,0.005042448155610285,-0.00039917348874828415,0.0036102654396536656,500
33,log_oil_lag1,-0.03001651455669349,0.00781707857866744,0.011694036966313957,-0.052189955355156,-0.008398137788385156,-0.049265730259800085,-0.011164790761875909,-0.04080631956921908,-0.017096746518037647,500
33,ffr_lag1,0.0024409550357027744,0.0014661169556573345,0.0021628343729435486,-0.0014834536434378666,0.006920697913752997,-0.0007572671662356249,0.006201156932690569,0.0002341517704123781,0.004613873471667383,500
33,lag_cpi,0.04324709302370061,0.029589590140430198,0.046240437272415204,-0.04904441177583238,0.1340750314624643,-0.039567770866979324,0.11995338071432222,-0.002587391950316817,0.08663498644663803,500
34,intercept,-0.040767059632381905,0.1408894588395783,0.21231248811569814,-0.46562728418417515,0.3515849694064397,-0.3877353709422402,0.3098860221534902,-0.25334552517299797,0.1743406391140774,500
34,shock,0.0031487868915313125,0.0022658016364873875,0.0023447941895023625,-0.0009901298359889612,0.008469948422878095,-0.0004861884201976171,0.007208396872955757,0.0009141138173825771,0.005391931822902528,500
34,shock_lag1,0.004356553622052481,0.0022779022683998102,0.0026097534349089576,-0.0005405231839044936,0.009578584068697188,0.00022103848450513928,0.008250811970748995,0.0017478971826170744,0.006838121667364706,500
34,shock_lag2,0.004003918517638461,0.002528905562190286,0.0028876887017199662,-0.0014283619600783462,0.009737364003964,-0.0004087842594131286,0.00867956232442556,0.0009109486037275283,0.006897949065510172,500
34,shock_lag3,0.003539367136696597,0.0025753504070214275,0.00286793444890266,-0.0017842114391084193,0.009321332626112167,-0.0008269710393863969,0.008447932102419906,0.0006748161177990244,0.006607496544376108,500
34,shock_lag4,0.0026980174758576515,0.0025301976427430165,0.0026288200588353793,-0.0022215464085003477,0.007910729776267812,-0.0014738718011526617,0.007198668320748307,4.7362278331214763e-5,0.0053094796957097335,500
34,shock_lag5,0.0023533811317471842,0.0025448903022442485,0.0025789852797704358,-0.002613272273477202,0.007186944574573303,-0.0020040534763302673,0.006395364278049286,-0.0002710837431197127,0.00477084296252663,500
34,shock_lag6,0.001976150598546965,0.0024900328161820413,0.0024920103433003337,-0.0031752815882135103,0.006880404433355016,-0.0022631201331167563,0.005972032432129703,-0.00047988570190972353,0.004281684362145162,500
34,shock_lag7,0.0021153168081420293,0.0024804811693483874,0.002450704161453968,-0.0028877496015317066,0.006776709940552496,-0.002269632633661113,0.00601969601247991,-0.0002772493172129913,0.004442670469543298,500
34,shock_lag8,0.0019280461424811784,0.0024537377415635047,0.0023555413953853053,-0.002594857971041938,0.006560228338858774,-0.00182598923294431,0.006058236268880886,-0.000187491682044842,0.0044057694121669,500
34,shock_lag9,0.0022854462034495463,0.0023930487465098436,0.0023474763848587024,-0.0020641254332719214,0.0069170330704360575,-0.0011583261867366033,0.006288487890214973,-8.885480305606121e-6,0.004518972378139173,500
34,shock_lag10,0.0023498371701834394,0.002280336598917673,0.002246328537900509,-0.0016251150842840427,0.007111286707096611,-0.001085774751098787,0.006231399051511406,0.0001849125487313906,0.004660167526240966,500
34,shock_lag11,0.0023070769456915207,0.002220520040800445,0.0022230270047510917,-0.001861634718735619,0.006780899121667616,-0.00125718967561892,0.005812753903976426,4.3144717436500256e-5,0.004560939811827837,500
34,shock_lag12,0.001406581246346611,0.0021730535251267094,0.002126393234367901,-0.0026201068006907703,0.0054476896543598895,-0.0023095110881252304,0.004789436937684194,-0.0008049221869758085,0.003405740360437515,500
34,log_oil_lag1,-0.030311202556078526,0.007955265684005945,0.012686596752952832,-0.054118172093317894,-0.006887039114305689,-0.04996332122744043,-0.01047014631439706,-0.042280430845573105,-0.016330208246462745,500
34,ffr_lag1,0.0024691564385019827,0.001527879019861125,0.002174968288943788,-0.001436467787692416,0.007094658614535782,-0.0008876360031325461,0.00630221561394902,0.00048073065408078055,0.004714819014961232,500
34,lag_cpi,0.0426939040773959,0.03071409310157094,0.04702365436688579,-0.04463220368923096,0.13912273465389985,-0.035628126562861503,0.11987182058508163,-0.005758802412259169,0.09162812067648582,500
35,intercept,-0.03485343951927965,0.14646898918127205,0.2264195399262153,-0.4896320392584152,0.40771605026714164,-0.38140836131857536,0.31805726018673147,-0.24520035062631215,0.20168791017036136,500
35,shock,0.003318008585950071,0.0023030455088219825,0.0023136469272750236,-0.0012292055532355417,0.00785869815438672,-0.0006314837259161113,0.006929356428714565,0.000883087044685694,0.005323083776435398,500
35,shock_lag1,0.005061378573966008,0.0023123155251458583,0.0027043456572086325,-0.00032693107228456877,0.010418000802712157,0.00047849038306078804,0.009603215911884167,0.002255125544047079,0.007577498279639313,500
35,shock_lag2,0.004185599152592361,0.002566083565572532,0.0030827357144107455,-0.0016671640311177564,0.010962703293283865,-0.000839364632587115,0.009845206007472304,0.0012468502361912526,0.00692630970866897,500
35,shock_lag3,0.00339096966938679,0.0026196743909362055,0.002995090088627692,-0.0023664224039186502,0.009399290348626979,-0.001525743206435314,0.008466467598904317,0.0006086040507892623,0.006223948917983688,500
35,shock_lag4,0.0024640867225396374,0.002559896286937543,0.0027790563712488964,-0.002753460466207309,0.008074350230780722,-0.0018897981259233317,0.007132509496098532,-0.0003262652203971369,0.0051633817221421584,500
35,shock_lag5,0.0021639346103622245,0.002584877382197837,0.002731703946031106,-0.003147859261467984,0.007596539690783629,-0.0022442702473665496,0.006444648753695905,-0.0006088367047270761,0.004625094243159131,500
35,shock_lag6,0.0022405183063760313,0.002529138617271928,0.0025956363734765406,-0.0030983891734359167,0.007094482568253829,-0.0022208583958252337,0.0062978769781434135,-0.00034433403944662567,0.004699123573028622,500
35,shock_lag7,0.002173705792863328,0.0025205643973209495,0.0025150290207170013,-0.0027470443639409513,0.006909439748616101,-0.0018477420789373051,0.006161917925561779,-0.00027184526276178954,0.004769877863784355,500
35,shock_lag8,0.0021914917114262264,0.0025081733843239683,0.002562968198968167,-0.00280350793912085,0.0073712985115778375,-0.0018497697595990443,0.006730724455125667,-0.00014583408934695877,0.004664009693018161,500
35,shock_lag9,0.0023777424422980237,0.002423130299350744,0.002480017788306986,-0.0023051026701166417,0.007922260995178253,-0.0014524044057844224,0.006767504480305328,7.800219837165773e-5,0.004760764390482233,500
35,shock_lag10,0.002086568755768486,0.0023365569149895833,0.0023895996429301554,-0.00198920497432032,0.007540370544036893,-0.0014925461494984923,0.006457227132471687,-5.972669894343833e-5,0.00424092841220696,500
35,shock_lag11,0.0018746892190254578,0.0022747518459774827,0.002377682456262893,-0.002263965905007691,0.0070864605231390635,-0.0015038044471193646,0.006100560062212425,-0.0004521616264814921,0.003993939253452035,500
35,shock_lag12,0.00131608599956929,0.002208853231134042,0.0022006419814266953,-0.00254422505561757,0.0057254107166082365,-0.0020063925451502033,0.005012670114472086,-0.0007664433698458235,0.0034680503527057586,500
35,log_oil_lag1,-0.030501894379794434,0.00809660234955216,0.011910792320432814,-0.05501594445363645,-0.010646406696907376,-0.051225214866638,-0.012698349220641178,-0.04281098029042889,-0.018201341849585245,500
35,ffr_lag1,0.0025118243629193076,0.0015865437299007583,0.0024530909535588757,-0.0020173016046202037,0.007270162625957293,-0.0014439613798824277,0.006518527743086121,-0.000129022034190527,0.0050024423848366575,500
35,lag_cpi,0.042091302630199744,0.03181788086618117,0.04893053186337241,-0.051699306167012786,0.14114207132646134,-0.035074709705702985,0.11926051664858084,-0.007881320785355942,0.08740247912177125,500
36,intercept,-0.029329839767655543,0.15182949423330638,0.24203166684164654,-0.5192497892688852,0.47072522924724924,-0.42883817333967555,0.32804485313776754,-0.2856062696154801,0.16707923957549867,500
36,shock,0.0039808642054297485,0.002366355837021861,0.0024608860489770653,-0.001180607859273184,0.008612701372269308,0.00011813472493943433,0.007865709328776707,0.0014795531253503748,0.006340008178416249,500
36,shock_lag1,0.00522340117872866,0.00234384464005708,0.002669129916874563,0.0003398416696626306,0.01043277702640473,0.0008266855843864194,0.009751390467635571,0.002380275954416965,0.00782014021467342,500
36,shock_lag2,0.00402454640313697,0.0026078690675727105,0.0030475749956966544,-0.0009237720888812067,0.01040374625733122,-0.0004354412861746559,0.009198711894912816,0.0009012216676209091,0.007229840292362181,500
36,shock_lag3,0.0031355863092296632,0.0026542522964702053,0.002944272985367585,-0.0025115316279227654,0.009039032315327003,-0.0018575162632451319,0.00826377097371635,0.00022717912656267192,0.0059079451961522745,500
36,shock_lag4,0.00226707254142309,0.0026059376852079095,0.0027521610462647203,-0.003074915277486061,0.007218946447426584,-0.0026097306845076678,0.006602172213630166,-0.000797747656732781,0.005029811735209385,500
36,shock_lag5,0.002419938111514815,0.002620842892498334,0.0028490802776385887,-0.0032459854208439333,0.007646332073635027,-0.002285722501223045,0.006946297040843455,-0.0007339781362294327,0.004884620779422313,500
36,shock_lag6,0.0022895498544141563,0.002571009911230012,0.002798245443438513,-0.0031938764949276926,0.007903632185676548,-0.0021333090373677763,0.0070302062560745286,-0.0007926698753191592,0.0047383866361539115,500
36,shock_lag7,0.0024235237594826065,0.00258283171717969,0.0027879129269053576,-0.0034408855950472635,0.007537720850515316,-0.002568730701754642,0.0067840657794928354,-0.00044536570724929095,0.004983782774474396,500
36,shock_lag8,0.002268742074536656,0.0025442004651996474,0.0027214981710162903,-0.0036865605317125145,0.00785957860047233,-0.002191599820904686,0.006574211711322148,-0.0006877582767181126,0.004637444783559785,500
36,shock_lag9,0.002110400597591778,0.0024809306631433693,0.002680223433979506,-0.0030590718456606878,0.00751451924913266,-0.002379806491916437,0.006488136234833913,-0.0006714422884943501,0.004621783721355363,500
36,shock_lag10,0.0016537136581007555,0.0023946690707323066,0.002651134546371146,-0.0034009035771649537,0.007370113233777028,-0.0027122455320799884,0.005732094669385101,-0.000882604719108418,0.004281881922984195,500
36,shock_lag11,0.0017715713034198396,0.00231767617830898,0.0025419691450440504,-0.0030043264006641528,0.0071770656471478135,-0.002134577191638257,0.0056974098367318406,-0.0008790264017296916,0.004116357856632705,500
36,shock_lag12,0.0013010521939885024,0.0022549109506905685,0.00238741497704029,-0.003406995941330224,0.0058185265310012335,-0.002708792561646985,0.005212259595314488,-0.0012101500412286012,0.003452712353583646,500
36,log_oil_lag1,-0.03057231409263256,0.008231160488107125,0.012901084008431048,-0.05761946874058437,-0.006975278531240484,-0.05266924388383569,-0.009774108223796256,-0.04326206692080564,-0.018268264609780867,500
36,ffr_lag1,0.0025693311351765264,0.001641680626282486,0.0025807026227903686,-0.002473505646742092,0.008248532750969683,-0.0014961462817314726,0.007303498987579588,0.00034891878308909816,0.005168595494195194,500
36,lag_cpi,0.041469653459249564,0.03287849229298512,0.05246228394544896,-0.06376757958419621,0.15121546736824126,-0.038502998920058505,0.129101016180711,-0.0010103671484586103,0.09600398622881012,500
