horizon,coef_name,beta,dk_se,boot_se,ci_lo95,ci_hi95,ci_lo90,ci_hi90,ci_lo68,ci_hi68,n_boot_valid
0,intercept,-1.6730294983936967e-9,1.924413199242676e-5,1.9165418190257353e-5,-3.606422976442279e-5,4.087169990711246e-5,-3.1010973384825226e-5,3.114306744347148e-5,-1.863001130232947e-5,1.762179851124388e-5,500
0,shock,-0.0001380839014857965,0.0007887127349203671,0.0007093422085463655,-0.0015704524293651046,0.001212386878426983,-0.001363155826286728,0.0010000553248195139,-0.0009108093689810129,0.0005253803124332413,500
0,shock_x_occ2,0.001680212311949064,0.0014497136379315607,0.001370101798506054,-0.0008613226976924356,0.00435078789174023,-0.0004261915171430423,0.004056959651670232,0.00028795353037125535,0.00300211731947518,500
0,shock_x_occ3,2.5322710800066296e-5,0.0008693008162802485,0.0007998372584523531,-0.0015107257427315795,0.001597095688527542,-0.001244581102544438,0.0014108616648500015,-0.0007308363463437498,0.0008999271964678147,500
0,shock_x_occ4,-0.00037519702450059076,0.0008741409418273945,0.0008257773397611313,-0.001913513621015223,0.0013949843831888274,-0.0016679193801589888,0.0010733640775333643,-0.00111918471266596,0.0004936498084371914,500
0,shock_x_occ5,-0.00014962288656283681,0.0009733470416289125,0.0008944416625230447,-0.0017976336521369793,0.0018428778942483279,-0.0015938517330294365,0.0014632844840709025,-0.0009385895851185689,0.0007920336854347033,500
0,shock_x_occ6,-0.00010998865935765619,0.0010002223834815515,0.0009462525262847521,-0.0018714560109242698,0.0017997125549966068,-0.0016007356425320777,0.001558032867016122,-0.0009747663149358685,0.000898876851270002,500
0,shock_x_occ7,-0.00012517044220467196,0.000946610610407262,0.0008145066661107725,-0.001686209778471196,0.0014042707161350256,-0.00147295415331635,0.0012906743173754082,-0.0009079694179318546,0.0006889724130475294,500
0,shock_x_occ8,0.0005749263936439524,0.0009351726575546863,0.0008663769344070433,-0.0009842363139974412,0.00243333903123753,-0.0007073440393814672,0.002178359904555968,-0.00019736956069372515,0.0014804110050770257,500
0,shock_x_occ9,-4.554610410600799e-5,0.0009055302068901218,0.0008464790499635829,-0.00175974135553697,0.0016168795114525733,-0.0014522178008427803,0.001472044857823942,-0.0007878309383158922,0.0008419276110835695,500
0,shock_lag1,-2.8252210924326343e-6,2.1403847370601558e-5,2.4108267909725394e-5,-5.3021228970656576e-5,4.1677471324994686e-5,-4.604254095428902e-5,3.3844529613406756e-5,-2.8160098527778748e-5,2.0161298075593483e-5,500
0,shock_lag2,-1.4230699441072378e-5,2.008721317394193e-5,2.4423039718888416e-5,-6.18018232541394e-5,3.055600393854307e-5,-5.6612305760636e-5,2.453877662334906e-5,-3.905149394573043e-5,8.300158300021574e-6,500
0,shock_lag3,-1.1949080978063856e-5,2.3438120368570144e-5,2.7127917201386198e-5,-6.320106823129193e-5,4.1025048703340495e-5,-5.7403405585037844e-5,3.2733504394837305e-5,-3.517982339181587e-5,1.5230560362825982e-5,500
0,shock_lag4,-3.1608996022421054e-5,2.2702092622629324e-5,2.553717550336169e-5,-7.752453774747132e-5,2.3609123790633316e-5,-6.890584632309353e-5,1.1858964362911347e-5,-5.283348412837297e-5,-3.827290562450855e-6,500
0,shock_lag5,-3.177572901682055e-5,2.06420822027864e-5,2.3594646430951646e-5,-7.318609286630746e-5,2.009265590648266e-5,-6.53116527533062e-5,1.1321476307978877e-5,-5.2163332841453904e-5,-6.519430865776312e-6,500
0,shock_lag6,-2.3954617105145018e-5,2.143961375727117e-5,2.2103578825735574e-5,-6.859857046558259e-5,2.0332777633317458e-5,-5.9815885581668363e-5,1.188835861873119e-5,-4.322571719516193e-5,-3.4596857233667365e-6,500
0,shock_lag7,3.3270362036060273e-6,1.9402695473119786e-5,2.2063419487063594e-5,-3.6336668896331945e-5,5.28332873959263e-5,-2.7655918818275152e-5,4.3112683402542235e-5,-1.4118426600703813e-5,2.6235970283610736e-5,500
0,shock_lag8,3.3030479139394426e-6,2.2714348896351693e-5,2.4228504539571793e-5,-4.499713078576083e-5,5.53108303871466e-5,-3.547039826166368e-5,4.458720466679483e-5,-1.9121024507283398e-5,2.6043579694668767e-5,500
0,shock_lag9,1.235588798707655e-5,2.1617823003048795e-5,2.249282618814204e-5,-2.869350680104721e-5,6.308427033503797e-5,-2.309461326023765e-5,5.276530797811858e-5,-8.024879226997961e-6,3.2428266514992755e-5,500
0,shock_lag10,1.128135132765732e-5,1.9007684218262752e-5,2.119595416745033e-5,-2.9238326824364904e-5,5.026157856883116e-5,-2.434465863890989e-5,4.3226884708860055e-5,-1.4747967276837674e-5,3.0503493876989156e-5,500
0,shock_lag11,-6.910603143271479e-6,2.3624871203963476e-5,2.5112220743311043e-5,-6.306758677593501e-5,4.0240674688056855e-5,-5.27185637871855e-5,3.1150937829394436e-5,-3.159004518680174e-5,1.3811775287156302e-5,500
0,shock_lag12,9.354320804732526e-6,2.406520536004336e-5,2.3761654728191847e-5,-4.151323497358112e-5,5.738347624681728e-5,-2.9625044594233656e-5,4.643568743660444e-5,-1.4373090201473806e-5,3.1134143377931276e-5,500
0,log_oil_lag1,4.780614379559656e-5,7.744712493030104e-5,8.424870106248984e-5,-0.0001168119544929731,0.00020551121958947954,-9.047618586741456e-5,0.00018516789767384059,-4.206092137969792e-5,0.0001229208920763195,500
0,ffr_lag1,-8.597251130444115e-5,2.491498643174517e-5,2.8967632916713335e-5,-0.00014821377704768538,-3.301848327268e-5,-0.00013577611526214564,-4.173020129648993e-5,-0.00011460841367451184,-5.693909669782014e-5,500
0,cpi_lag1,4.508079708725702e-6,3.477765124603508e-6,3.677470523932147e-6,-2.0048169730353165e-6,1.27769814214274e-5,-1.5064924390554183e-6,1.091221923160113e-5,1.0363250279001845e-6,8.102934470558459e-6,500
0,indpro_lag1,-1.8651674041394973e-5,8.140670376770566e-6,8.940198336350548e-6,-3.508575262258568e-5,-9.304461230134823e-7,-3.152517071447294e-5,-3.0756673129624336e-6,-2.669002162981598e-5,-8.507892145356109e-6,500
0,age_mean,0.0001283120628247069,0.00012423659042166515,0.00014291544422465787,-0.00017027470777082997,0.0003821287877431328,-0.0001199604150207368,0.0003512074098332913,-2.8760191264075476e-5,0.00025064063961892466,500
0,female_share,-0.012925355563037325,0.0032042299473940407,0.0033268701953402834,-0.019044786289733055,-0.006056885204425155,-0.01807892489205439,-0.006872501416930798,-0.016104538167844018,-0.009597036250826215,500
0,married_share,0.007249998495953755,0.0038428669731663226,0.0038935069624984955,0.00016778164219753518,0.015281880178971207,0.0010204104156588142,0.013994456491743513,0.0034631131263799376,0.011300857611122516,500
0,hours_mean,0.0008979219384386516,0.0001767938739133572,0.0001876973934236281,0.000546401392328727,0.0012531983109619568,0.00058790775787072,0.0012015854850643706,0.0007230490516203244,0.001090374906470923,500
0,unemp_rate,-0.007362210881960758,0.0033451558034118963,0.00379716631665087,-0.014278685986633205,0.00022538905892566702,-0.013371379976309605,-0.00102636741712658,-0.01126721429398678,-0.003408323273777097,500
1,intercept,2.2111570766897843e-9,8.775917447491933e-6,1.0903282789371634e-5,-2.521409949027477e-5,2.052522373184493e-5,-1.7250307536475875e-5,1.5878916654008306e-5,-9.605447956755113e-6,9.228941021306681e-6,500
1,shock,-2.952077518490098e-5,0.0007968376820236835,0.0008042290230378795,-0.0016556507556437022,0.0013270529875220205,-0.001403268622958998,0.001206536731537947,-0.0008708887488792802,0.0007676638386383274,500
1,shock_x_occ2,0.0011108579499592881,0.0013090452245397937,0.0012942285223312264,-0.0015720870295907905,0.003566388179890758,-0.0010743692605806004,0.003230315865658683,-0.00016598252528884366,0.002341368666107011,500
1,shock_x_occ3,0.00014883801995480394,0.0009072277066180788,0.0008898926228950238,-0.0015552730686103269,0.0018922995707833915,-0.0013106408322046629,0.001624696902527973,-0.0007628410583126527,0.0010593571252271474,500
1,shock_x_occ4,-0.0007711733067808645,0.0008573087465413657,0.0008892824068160988,-0.0022904338716577414,0.0009707605314510474,-0.0021040064647385144,0.0007568158461933806,-0.0016700615245822848,0.00019203723692362722,500
1,shock_x_occ5,5.94950340651938e-5,0.0009977664733951215,0.0010380367304463746,-0.0018578916363705064,0.0020563334995453053,-0.0016762906685564237,0.001800756050523337,-0.0010413616414620191,0.001101972923527383,500
1,shock_x_occ6,-0.0004602105183908251,0.001202397671399759,0.0012101114481566629,-0.0025612080068655937,0.0021222524658762523,-0.002326481893491099,0.0017061385635335337,-0.0016582132053265114,0.0007709122043178516,500
1,shock_x_occ7,-1.3238070179375444e-6,0.0008993489981907265,0.0009155251557432433,-0.0017914072490448872,0.0017642634422690433,-0.0014605681022583474,0.0015354994515959963,-0.0009071827381307805,0.000934301949596369,500
1,shock_x_occ8,0.00034558667992169956,0.0009710828647216633,0.0009454527161153899,-0.0013204435294760827,0.0023861202249169855,-0.0010542808178771429,0.0020584275774759874,-0.0005129602084115181,0.001325912799763487,500
1,shock_x_occ9,-0.00012037923887899363,0.001017189725386143,0.0010024596219632188,-0.002184512448001624,0.0017505930776291231,-0.0018384919071295905,0.0014805105917726302,-0.0011504954152623307,0.0008334929716797003,500
1,shock_lag1,-1.7399981145591436e-5,1.336531529880905e-5,1.747153808214609e-5,-5.8649768423961865e-5,1.0157320677593804e-5,-5.152036766537687e-5,7.232651456014915e-6,-3.286775421212498e-5,-1.1806858978266569e-6,500
1,shock_lag2,-2.6837710260912893e-5,1.5694871246232917e-5,2.0126679077761498e-5,-7.666908442918117e-5,5.289185476971181e-6,-6.491443331672691e-5,1.3867457769949472e-6,-4.657918280754392e-5,-8.460629318954023e-6,500
1,shock_lag3,-2.4422238178006893e-5,1.4145041727222434e-5,2.0822834518752714e-5,-6.542771625885168e-5,1.1299085867720518e-5,-5.969242623664072e-5,7.310259730726275e-6,-4.072667970623254e-5,-3.4749145006370366e-6,500
1,shock_lag4,-1.9232683489073412e-5,1.4959687962436063e-5,2.0328826366326095e-5,-5.308343434487305e-5,2.3421475148434797e-5,-4.652933545380536e-5,1.7475758555822296e-5,-3.680766569766145e-5,1.2947293454137615e-6,500
1,shock_lag5,-2.044693422069986e-5,1.562003085193808e-5,1.986545692408929e-5,-5.889641533271931e-5,1.9965815439224475e-5,-5.178202581681755e-5,1.3482340720297862e-5,-3.767975176133879e-5,3.5011250398467265e-7,500
1,shock_lag6,-1.284005537757035e-5,1.481382017781112e-5,1.8823744163680526e-5,-5.446538374054654e-5,1.9968725123564745e-5,-4.3733597233688905e-5,1.7874290228083586e-5,-2.885082754884321e-5,6.113872590043039e-6,500
1,shock_lag7,-1.040599737854229e-5,1.2636338962610424e-5,1.5540617704326556e-5,-4.6087968252076845e-5,1.9641915491815126e-5,-3.369909726430825e-5,1.4417167745154397e-5,-2.1578086139017322e-5,3.313813180702978e-6,500
1,shock_lag8,-2.858284595921094e-6,9.92068673659061e-6,1.3600728400154427e-5,-3.0735167860827624e-5,2.160943717287144e-5,-2.55653976550798e-5,1.810516798486358e-5,-1.5559469041494115e-5,8.2918666872391e-6,500
1,shock_lag9,-1.2429895519402677e-5,1.2748984839597088e-5,1.693599687108788e-5,-4.539350328392573e-5,1.9509691761257854e-5,-4.062587498786812e-5,1.4584206902396916e-5,-2.849422136617884e-5,3.1796239318368953e-6,500
1,shock_lag10,-5.761746225240877e-6,1.1381119594943859e-5,1.533474910081977e-5,-4.207425451759169e-5,2.2186147644914182e-5,-3.0798190534415745e-5,1.7203743898599717e-5,-1.9218066834949997e-5,5.966765155881e-6,500
1,shock_lag11,-1.4060241133771719e-5,1.3136611628059662e-5,1.6745018135344344e-5,-4.5414477822169705e-5,1.847499747852144e-5,-4.030538359994874e-5,1.5895474801234522e-5,-2.904318895306588e-5,1.572771113533209e-6,500
1,shock_lag12,-1.137307218205844e-5,1.1569301660672825e-5,1.579540338178433e-5,-4.308402043850654e-5,1.94317681762284e-5,-3.311625101275411e-5,1.4290038240014835e-5,-2.5482375894592546e-5,3.0360129921593162e-6,500
1,log_oil_lag1,0.00013380652146804386,8.248109688087626e-5,9.659341401932567e-5,-3.999359977294074e-5,0.0003379927023921026,-1.5111812516864495e-5,0.0003012741358850132,3.801711014377448e-5,0.0002280879213667337,500
1,ffr_lag1,-5.853166640090455e-5,2.96949923979755e-5,3.4271412098648945e-5,-0.00012860553378133115,8.14366919234224e-7,-0.00011917815519211354,-4.94848244464706e-6,-9.199914719405855e-5,-2.490257555904199e-5,500
1,cpi_lag1,3.9153450121501e-6,4.100993486212367e-6,4.627202200730349e-6,-5.7575548325770575e-6,1.2475110526864769e-5,-3.876109223824939e-6,1.1300502604488573e-5,-5.57458569463538e-7,8.613745358559562e-6,500
1,indpro_lag1,7.190167569356694e-6,8.641715000183403e-6,1.0506597385045073e-5,-1.5115182624474517e-5,2.6521099608115212e-5,-9.793540112828463e-6,2.3825753074640018e-5,-2.6844145838297333e-6,1.7029567506560187e-5,500
1,age_mean,-0.0002968949367959438,0.00014885896833899162,0.0001816973867621634,-0.0006619011951503331,6.784493411912174e-5,-0.0006054625142590182,1.086374715571781e-5,-0.0004635080505330186,-0.0001244684893629485,500
1,female_share,-0.005062578182496655,0.0034286710438825824,0.003949449477941969,-0.012323377192742357,0.0032585441337380254,-0.011126938854467085,0.0016357267046516186,-0.00900633046589162,-0.0012032085260604915,500
1,married_share,0.0030407231614587027,0.004585796514687728,0.004892620888414988,-0.0070913466339382215,0.012776161290239329,-0.00499798362555274,0.011045551105806278,-0.0017805643953901214,0.007893516751818154,500
1,hours_mean,-8.844184208353267e-5,0.00018784367195039955,0.000196569395904307,-0.000500352325959318,0.00027584996186069184,-0.0004061665163540867,0.00022654734574517754,-0.0002660375081518278,0.00011928612553917496,500
1,unemp_rate,-0.0021958171226742988,0.004000998201649096,0.004766309457229615,-0.011650566581768256,0.0068444871216196,-0.010468136523719196,0.005373117373210659,-0.007208759759089597,0.0021263192753658237,500
2,intercept,-1.0700708370439574e-10,7.518310206499082e-6,1.1512538960940767e-5,-2.108253321850672e-5,2.7704123144896513e-5,-1.674943414623502e-5,2.2198387438018513e-5,-9.025804282968861e-6,1.1092711047825244e-5,500
2,shock,-0.0011787475903307638,0.0007245964970370804,0.0007128905031211477,-0.002558093815994834,0.00016535659518719564,-0.0023140901629884296,1.1463655509243166e-5,-0.0019034380818523655,-0.0004753957035212516,500
2,shock_x_occ2,0.0022796041491622014,0.001273274591546151,0.0012457962166606317,-0.00019841744864294272,0.005014313331157886,0.00020466874681104568,0.004399616028404276,0.0012051798182772047,0.0035611652183492547,500
2,shock_x_occ3,0.0012820246005046617,0.0009005548297535519,0.0008317082916014263,-0.00020593430929939215,0.0028766951303718057,-4.312636941192338e-6,0.002706588765058496,0.000497748252504018,0.0020934051968692228,500
2,shock_x_occ4,0.00038166381385008636,0.0008139798546936221,0.0008083220623557344,-0.0011568535141643738,0.0019342774312493816,-0.0009229643342281525,0.0016566944558316396,-0.0004145727909104205,0.0011168637701596527,500
2,shock_x_occ5,0.0012160749850887444,0.0009748073548945936,0.001014779504880196,-0.0006518810383390171,0.003190658033139184,-0.0004424980132566518,0.0028706332939878974,0.00018109186848590974,0.002182739848998337,500
2,shock_x_occ6,0.0010666562393830937,0.0010513762538307348,0.001057648396840359,-0.0010299174513956656,0.003060833129648653,-0.00064290997639499,0.002703672116076612,6.388286278578013e-5,0.00213008536877773,500
2,shock_x_occ7,0.0013376321679208383,0.0008456561549874545,0.0008483296302300561,-0.00031390862552360834,0.002956502993276532,-8.863558252044846e-5,0.00266647979736571,0.0005101320025895003,0.002170464302845394,500
2,shock_x_occ8,0.0011888488786524687,0.0009046130489938724,0.0009034077078104407,-0.0004872428520522583,0.0030139188596424137,-0.00017535439496095821,0.002601157710332754,0.0003305415868245931,0.00202614436735563,500
2,shock_x_occ9,0.001746368701805018,0.0009655034966353855,0.0009608291267952149,-7.925730640417645e-5,0.003724411808354027,0.00020342307525475302,0.0032768799908260027,0.0007986598818950539,0.002669592209705317,500
2,shock_lag1,2.1865756483521897e-5,1.5959881365376716e-5,2.2146037209472948e-5,-1.217561896346847e-5,7.539237694203013e-5,-6.896331893717364e-6,6.371981003867374e-5,2.7588853525682644e-6,4.433873155230808e-5,500
2,shock_lag2,2.1111810080549497e-5,1.930318686865518e-5,2.4172229908036973e-5,-1.9977768653923885e-5,7.667912708723531e-5,-1.2631403080710965e-5,6.541165109732889e-5,1.1330367673267163e-8,4.685152515003225e-5,500
2,shock_lag3,1.9299235918276704e-5,1.9625093608616317e-5,2.560213629208133e-5,-2.0258116835108708e-5,8.478154688911844e-5,-1.3452870575996557e-5,7.111747793031502e-5,-7.143691639709246e-9,4.673794691568458e-5,500
2,shock_lag4,1.200663256307029e-5,1.791859901282772e-5,2.413867387976281e-5,-2.594126488938384e-5,6.947964093341896e-5,-1.876462353281347e-5,5.7145606086240565e-5,-4.07375642202929e-6,3.87756014320816e-5,500
2,shock_lag5,6.686378419506861e-6,1.8157854385294856e-5,2.3046988586042843e-5,-3.2325886348431174e-5,5.735193592602311e-5,-2.5776349105761083e-5,4.9749501969879455e-5,-1.2425326459452303e-5,3.1233273053738586e-5,500
2,shock_lag6,1.0135262400448641e-5,1.5255475154593896e-5,2.048232353371104e-5,-2.8928253100302183e-5,5.478178417053646e-5,-2.2824327826335753e-5,4.612350694890745e-5,-8.316436951507711e-6,2.78707807784598e-5,500
2,shock_lag7,-8.038030936859149e-7,1.410199066790317e-5,1.9174242210801146e-5,-3.7625366185090964e-5,4.043714722777101e-5,-3.326565587070425e-5,3.0288345735415874e-5,-1.8440119860968274e-5,1.8731354096186804e-5,500
2,shock_lag8,3.13577668324093e-7,7.791426652342754e-6,1.4101456922118854e-5,-3.5212105181096066e-5,2.5522093818221072e-5,-2.453157799987115e-5,2.056425052802539e-5,-1.2742938623599412e-5,1.2255680429160123e-5,500
2,shock_lag9,-1.798799237158774e-6,1.2919517766623617e-5,1.8445966858755144e-5,-4.064520588967917e-5,3.689650347189886e-5,-3.179731040307676e-5,3.1027856113781246e-5,-1.7798963126898792e-5,1.6705994589583984e-5,500
2,shock_lag10,2.708250902610296e-6,9.652241760440585e-6,1.5017180690742003e-5,-2.800398581654302e-5,3.176861565964639e-5,-2.2556370715312264e-5,2.6787890705623308e-5,-1.1657722785989989e-5,1.4692789515825344e-5,500
2,shock_lag11,2.5318101290988753e-6,1.153158681665877e-5,1.635360518744708e-5,-2.8910855835022208e-5,3.457643606527424e-5,-2.485440049638063e-5,2.8037709927154887e-5,-1.4037937094967397e-5,1.667356147053671e-5,500
2,shock_lag12,-1.4034175473592326e-6,1.0718202708085172e-5,1.505619428895719e-5,-3.386770010933088e-5,2.567881243687632e-5,-2.7774339562758664e-5,2.1840072195264602e-5,-1.6403025695965265e-5,1.1442410732710404e-5,500
2,log_oil_lag1,-0.0001553584283517359,0.0001230361930399264,0.00014652434537027506,-0.0004630983328290189,8.05593641213867e-5,-0.0004247554780690036,5.261648326178954e-5,-0.0003212571796043786,-2.3435156307424074e-5,500
2,ffr_lag1,4.7019893331756745e-5,3.7524366639423135e-5,4.6219066429427205e-5,-4.1911844110606e-5,0.00014460709493798298,-2.370088626037708e-5,0.0001287340059979178,6.156716342769821e-6,9.368992533762741e-5,500
2,cpi_lag1,1.3003327862685285e-6,4.859492918598544e-6,5.466797231985837e-6,-9.948720035739025e-6,1.1263736114299221e-5,-8.545452820514236e-6,1.0026319687096696e-5,-4.166739080374637e-6,6.941803201266269e-6,500
2,indpro_lag1,5.7560191679595894e-6,9.978867930830605e-6,1.1227020711299893e-5,-1.6699426332965036e-5,2.7950304068678793e-5,-1.295542449000967e-5,2.297196765903865e-5,-4.745817775837758e-6,1.7938709599186773e-5,500
2,age_mean,7.535180282198767e-5,0.0001750146367621538,0.0001998727823706313,-0.0003355764163432049,0.00048339363824119463,-0.0002590130292805073,0.00042130821439960865,-0.00011087315519256605,0.0002712555197679146,500
2,female_share,-0.006787934144973364,0.0035862583506207366,0.003776008671048549,-0.013597568811624338,0.0009425674304871815,-0.012881408725548082,-0.0003496938337219032,-0.010264256918600596,-0.0029239577909700707,500
2,married_share,0.0013868981348942183,0.00500412200396218,0.0054968104498454295,-0.009646613887622335,0.011400984900749726,-0.007863835684050078,0.00998905976830433,-0.004533122707447304,0.006483355397756139,500
2,hours_mean,-3.5721617370407007e-5,0.00021878677625835743,0.00023053464427742924,-0.0004923088012205611,0.00042153659989937694,-0.0004120448282162651,0.0003704758670880505,-0.0002337397288972264,0.0002143203251156426,500
2,unemp_rate,0.004133450659240524,0.004876305479151089,0.005727098104446027,-0.006269983637337595,0.015812071382089305,-0.004863742952035679,0.014041487315282137,-0.0009869016315417934,0.01048748912849405,500
3,intercept,1.0181029112921775e-9,1.9624086260249364e-5,2.138536536889627e-5,-3.836216996816005e-5,5.150846688725189e-5,-3.238300222113902e-5,3.8490944322997334e-5,-1.6281710580791055e-5,2.1615313594703867e-5,500
3,shock,-0.001065731729471298,0.0008580901573113652,0.0008831015607129865,-0.0026235850792754546,0.0008191269654517527,-0.002509268794263346,0.0005544704824835848,-0.001934188129023729,-0.00018473814248603384,500
3,shock_x_occ2,0.0014095372684137,0.001378495570066245,0.0013518105760432532,-0.0012332101380681231,0.0041870829888152605,-0.0006276133736473694,0.0038404085349828423,9.252434275653379e-5,0.002727090723056888,500
3,shock_x_occ3,0.0011400348846547469,0.0009617327318794712,0.000974367864747312,-0.0010241508610846048,0.002935826416729948,-0.0007267396218349661,0.0026954925228727853,0.00014435142435144686,0.002009526329522084,500
3,shock_x_occ4,0.00019103116534523786,0.000974560354397839,0.0010308101179652034,-0.0020241651922947006,0.0021362879101054265,-0.0016076228270264076,0.0018507459726373305,-0.0008347666332039528,0.0010729498971806615,500
3,shock_x_occ5,0.001329110061967638,0.0010497692584637871,0.0010987498339187368,-0.0007909975101111602,0.0033826676137654528,-0.0005389417737993979,0.003061442972505252,0.00016569612149979477,0.0023302816781787796,500
3,shock_x_occ6,0.000823666975203165,0.001110875030430385,0.001184857865555397,-0.0015909134582994238,0.0030661295162604106,-0.0012213810114158562,0.002771943108253663,-0.00042816198585727666,0.001886203195256498,500
3,shock_x_occ7,0.0015514169899694262,0.0010455474839258137,0.0010906774644539653,-0.0006658225284517156,0.003377071948147275,-0.00038768431341844653,0.003182063537920974,0.00043459815679845173,0.002591438478257281,500
3,shock_x_occ8,0.0008322557951076223,0.0009762825149912197,0.0010060172198294419,-0.0012653324936180632,0.0026973091606749128,-0.000850032301113609,0.0023920801745883702,-0.0002058692393919019,0.0017843727911824724,500
3,shock_x_occ9,0.001998620050388793,0.0010906625156352075,0.001123887938644129,-0.0003741578590704471,0.004061886728223355,1.774677547314704e-5,0.0037139587676417794,0.0007790355984355165,0.0030582659475910444,500
3,shock_lag1,3.841762436290435e-5,2.646469784561277e-5,3.33541961396045e-5,-6.81672268720008e-6,0.00012096019477685391,1.4281373749563658e-6,0.00010388872793597278,1.4750836368316998e-5,7.665807046777698e-5,500
3,shock_lag2,4.457983437667885e-5,2.817877114719277e-5,3.124399666582916e-5,1.2673840670278024e-6,0.0001266416060033818,7.010225373235605e-6,0.00010709916004788782,2.0250217932450397e-5,7.631411001708392e-5,500
3,shock_lag3,2.867216626401844e-5,3.107783132985582e-5,3.684850732718011e-5,-2.398481688916803e-5,0.00012094291409502643,-1.3625625312796158e-5,9.966412707920737e-5,2.948891797681993e-6,7.341674904677958e-5,500
3,shock_lag4,1.729892123455992e-5,3.0343131787567473e-5,3.559469084200872e-5,-3.701185025853432e-5,9.861359534077699e-5,-2.8229755219729978e-5,8.483579800737722e-5,-9.708484295844714e-6,6.038874380696358e-5,500
3,shock_lag5,5.2145204716101645e-6,3.043373385207617e-5,3.4480447577031056e-5,-5.7682164341273555e-5,7.339777582761494e-5,-4.411160494050057e-5,6.567115333761545e-5,-2.5815708537215335e-5,4.158225643738565e-5,500
3,shock_lag6,-3.6713072802417255e-6,2.762590415451568e-5,3.0491997479455858e-5,-6.32189427457998e-5,5.769787838550004e-5,-5.1332536511242025e-5,4.888138443877041e-5,-3.15411297716443e-5,2.5133335920911525e-5,500
3,shock_lag7,-2.316564959039558e-5,2.585906078680713e-5,2.8780430148058613e-5,-8.76623029903925e-5,3.452814567587844e-5,-7.092399607002615e-5,2.191678318096114e-5,-4.751466635502902e-5,3.4586676997741376e-6,500
3,shock_lag8,-5.854643451775809e-6,1.9557760652123156e-5,2.5213845420488726e-5,-5.3387279550047914e-5,4.288292890634122e-5,-4.303917630001029e-5,3.596915117461032e-5,-2.736400802238906e-5,1.6936515124560712e-5,500
3,shock_lag9,-2.9280187003688265e-5,2.3303876847900245e-5,2.7254104180784557e-5,-8.054757554146343e-5,2.862761065768783e-5,-7.198588784084202e-5,1.8245650578343434e-5,-4.927104597524853e-5,-1.087819776760869e-6,500
3,shock_lag10,-9.257440932086971e-6,1.864140884373491e-5,2.446618601588012e-5,-6.29732177623266e-5,4.144606253380472e-5,-4.432376537614123e-5,3.197347999759688e-5,-2.876057591500521e-5,1.4342303413050915e-5,500
3,shock_lag11,-1.2214082568836776e-5,2.3937238469792288e-5,2.833821777279487e-5,-6.21553062431307e-5,4.916670979640734e-5,-5.6486934113288105e-5,3.572938325975722e-5,-3.704683279436602e-5,1.5097023402267623e-5,500
3,shock_lag12,-1.008471061174333e-5,2.004252202741041e-5,2.5066002439980743e-5,-5.4856240095614944e-5,4.499074876418943e-5,-4.716112022882985e-5,3.2737648667286336e-5,-3.1727642572738104e-5,1.416095598861733e-5,500
3,log_oil_lag1,-0.0003664395962074552,0.00017024094053089868,0.00018274510898595454,-0.0008310148013755941,-0.0001262032411426999,-0.0007578676985795692,-0.00015674134497165848,-0.0005863032105352834,-0.00023701226045507907,500
3,ffr_lag1,9.202667060938274e-5,4.368467602837491e-5,4.615567153776483e-5,1.6650248844209397e-5,0.00019552580357488946,2.529272473040141e-5,0.0001788326387783229,5.277250065318615e-5,0.0001474440446213301,500
3,cpi_lag1,1.2334221704187284e-5,5.6581435310940034e-6,6.144445826460244e-6,-1.1437413672147502e-8,2.460088700174426e-5,1.7649209226166647e-6,2.2427905610743545e-5,6.626836317035092e-6,1.8622824350603633e-5,500
3,indpro_lag1,2.923011891682649e-5,1.1668894413303477e-5,1.2608974718117707e-5,5.718855996525383e-6,5.7204063575876913e-5,1.0578152439216551e-5,5.2010195795819294e-5,1.8556661812745167e-5,4.236859716343518e-5,500
3,age_mean,-0.00013316299076698287,0.00018350624765348445,0.0001990129685045932,-0.00048409038463817435,0.0003085724304743466,-0.00043784293865351985,0.00021860279081434964,-0.0003227240396127082,6.02607722980593e-5,500
3,female_share,-0.004927941561666026,0.0036924025927142154,0.004100989578071336,-0.012151001542377157,0.003318606967530919,-0.010943885816847673,0.0023594713548668834,-0.008530740704165311,-0.00026672778740138267,500
3,married_share,0.011484444513980362,0.005180318474683381,0.005469895828452903,0.0007851267599738246,0.02291388832428724,0.0020310770241680743,0.020223001871079314,0.006204177979373971,0.016539380356190864,500
3,hours_mean,-0.00019109576307560106,0.00023931228179961244,0.0002481860262956962,-0.0007022412058152893,0.0003113349137362216,-0.0005850714663418603,0.0002261333705505172,-0.0004502184890512594,3.0582859161174455e-5,500
3,unemp_rate,0.012712377051122598,0.0059761933966988885,0.006451163820650044,0.003131272565395562,0.027178879774325322,0.004845395787248743,0.024990037457453936,0.007753085857610073,0.020728014764304768,500
4,intercept,1.410959693444288e-10,3.265193208101101e-5,3.3638710240051456e-5,-5.151737781879279e-5,8.370111181237466e-5,-4.176812083383447e-5,7.180028814090499e-5,-2.525166876489538e-5,3.578484834893255e-5,500
4,shock,-0.0006380675258402024,0.0007899332772335815,0.0008114533078615011,-0.00232606753058915,0.0008364060468078405,-0.00204463156662923,0.0006394849993239988,-0.0013770004100746216,0.00016800509354915235,500
4,shock_x_occ2,0.0019582932559093595,0.0012472097035238314,0.0012080748137621468,-0.0004230395923844199,0.004352515236741996,2.126972391361788e-5,0.00394871693925783,0.0006832401769095531,0.003088793527084709,500
4,shock_x_occ3,0.0006536351245066906,0.0008910702960927047,0.0008861115954862152,-0.0009664741649049616,0.0026254620195183664,-0.000701714367994256,0.0022834089003217883,-0.00016209881617526036,0.00147318306102837,500
4,shock_x_occ4,-0.000749318704841816,0.0009185101226458112,0.000967957463653037,-0.002545767358257196,0.0011932640149026116,-0.0023158693602935102,0.0007878993268247533,-0.0016877438243443265,0.00023227532321050092,500
4,shock_x_occ5,0.000460034035702974,0.0011000838272385953,0.0011444755789095876,-0.0015033042630228804,0.0028930974934487444,-0.0012629433568393847,0.0024301497283801057,-0.0006935849009351907,0.0015314958044504257,500
4,shock_x_occ6,0.0007143611522646201,0.0010241028875278895,0.0010651466569576533,-0.001212548368753809,0.0029557609191352384,-0.0009863090988106397,0.0025669714052548756,-0.0003016832785190824,0.0016853568441670133,500
4,shock_x_occ7,0.0008947191086369849,0.0009848033896356885,0.0010291434380627414,-0.0010693548292915916,0.002871683876777108,-0.000777989157105918,0.0025927884354039533,-0.00010448924361350386,0.0017980623424628615,500
4,shock_x_occ8,0.00049097523014458,0.0009221736728419078,0.0009612590143618405,-0.0011763628586842164,0.0025911921422187003,-0.0009789760321990296,0.0021933225682856643,-0.0004838576995207571,0.0013883554684711553,500
4,shock_x_occ9,0.0007991063167077293,0.001079356140350917,0.001076654934735645,-0.0011807727661828724,0.003248626832416618,-0.0007559886094224009,0.0026828047421162933,-0.00020036347689243722,0.001903393782614539,500
4,shock_lag1,6.897656236611351e-5,3.860431160835075e-5,4.5365760745429e-5,-5.6753135884530375e-6,0.00017244499058292944,4.149262603164512e-6,0.00015518418903706058,3.114386671815431e-5,0.00011772745402584889,500
4,shock_lag2,8.948910841575833e-5,3.920396122252645e-5,4.21040159873333e-5,1.9308095583137195e-5,0.00017801081539501647,3.0734965200496616e-5,0.00016628087450893024,5.169822307312612e-5,0.00013703692944766835,500
4,shock_lag3,4.61348132836252e-5,4.73207997054993e-5,5.031463831215562e-5,-3.123838057489956e-5,0.00015546542401820296,-2.040000110461032e-5,0.0001452684574726336,3.933527116155506e-6,0.00011033370303130651,500
4,shock_lag4,1.887391429989552e-5,4.5998828966486515e-5,5.27317381937069e-5,-6.911286053011068e-5,0.00013616565577186178,-5.025678074716377e-5,0.00012045143481590885,-2.103284652920237e-5,8.428056438778617e-5,500
4,shock_lag5,1.948266479165052e-6,4.615107008338537e-5,5.2376136961791675e-5,-9.476026136823269e-5,0.00010526651512436053,-7.75904923373421e-5,8.91099779034342e-5,-4.363548861188119e-5,6.145913464819047e-5,500
4,shock_lag6,1.1307107615828028e-5,3.7201895589448304e-5,4.4601754172487795e-5,-7.975360476095625e-5,9.333225320100802e-5,-6.468978278335726e-5,7.87969859700025e-5,-3.344218205228398e-5,4.877443733696465e-5,500
4,shock_lag7,1.5536750023068404e-6,3.7717543861383295e-5,4.058668109505673e-5,-7.290364575655343e-5,8.094567048623282e-5,-5.834030263180484e-5,7.133247036244299e-5,-3.5945217850204926e-5,3.8960404995640485e-5,500
4,shock_lag8,3.4696378990302087e-6,3.033917133863597e-5,3.757046486951833e-5,-6.538488058095392e-5,8.079086022659868e-5,-5.377868147244239e-5,6.674046293956146e-5,-2.998705738357885e-5,3.670776371818102e-5,500
4,shock_lag9,-1.1651217314456844e-5,3.2664565556877295e-5,3.932123246560649e-5,-8.356518470755168e-5,7.646624261873959e-5,-7.297949294180826e-5,6.087361199450529e-5,-4.6753871127758976e-5,2.936355231761475e-5,500
4,shock_lag10,-7.788734865588199e-6,3.0354130609299744e-5,3.5709684547575146e-5,-8.019210611910662e-5,6.22719878876932e-5,-6.843894499232271e-5,4.87567920259307e-5,-4.0487022398136e-5,2.4391968865879883e-5,500
4,shock_lag11,2.268800881846668e-6,3.2742621981810476e-5,3.818180700276277e-5,-7.277838796891237e-5,8.265499594130036e-5,-5.8523869495072305e-5,6.112830771333336e-5,-3.3386963485111276e-5,3.80296142427683e-5,500
4,shock_lag12,-1.3869119669676485e-5,3.1026417777344e-5,3.676553832458747e-5,-8.817947965245358e-5,6.552003205078008e-5,-7.263839867733663e-5,5.073078785572439e-5,-4.6246414251764846e-5,2.1310658219774805e-5,500
4,log_oil_lag1,-0.000519607919374642,0.0002545720882602788,0.0002689951214097829,-0.001129786293530135,-0.00015147850683402253,-0.0010760804334183382,-0.00018605953567960766,-0.0008563207818578266,-0.0003119485420219512,500
4,ffr_lag1,0.0001657650374885222,4.881454909863037e-5,5.2916002712246903e-5,7.799472095027313e-5,0.00027815015191044284,8.655928440386227e-5,0.0002646747165642511,0.00012580555921763454,0.0002288571371141075,500
4,cpi_lag1,7.135477786575108e-6,7.555317444393167e-6,7.277883137790232e-6,-7.111400943844426e-6,2.2040010563225535e-5,-4.866727731664059e-6,1.9235035964386967e-5,-5.801983600974389e-9,1.3952411775291658e-5,500
4,indpro_lag1,3.814882593213686e-5,1.365585500798136e-5,1.4132146893579628e-5,1.4028880803684135e-5,6.923160147818998e-5,1.7254087119878915e-5,6.343441173549687e-5,2.5874422254517047e-5,5.277940849305666e-5,500
4,age_mean,1.00310310955693e-5,0.00018996760356671053,0.00018616626756393054,-0.0003436451143663656,0.00039813050130758156,-0.00026657968515664157,0.0003235782230821522,-0.0001583278266914009,0.00021049117323671077,500
4,female_share,-0.005745771417825924,0.0040400608115958945,0.004342544847516383,-0.014125027549442918,0.002678878810632798,-0.012818036194221694,0.001848968794227295,-0.009608328997073748,-0.000998165336717004,500
4,married_share,0.0026126675439286434,0.006008956353724278,0.005638646915708521,-0.008933582119857574,0.014436098910096076,-0.006613639511226338,0.011954551341147776,-0.0030177631733840572,0.007557382319915649,500
4,hours_mean,0.00013179125387271785,0.000231492864153499,0.0002450274613887869,-0.00032562920963919145,0.0005843801015509894,-0.00024503159019633407,0.0005296308777188455,-0.00011717311635778979,0.0004076296470507093,500
4,unemp_rate,0.025763678049872212,0.0070683967289637785,0.007904722983079381,0.013416911984404385,0.044107265544642144,0.015536969812435217,0.041661064472307725,0.020086538867940328,0.03546929894190139,500
5,intercept,4.774910215531439e-10,4.2658625180868836e-5,3.8904628547036425e-5,-6.834496487689076e-5,8.335596195037731e-5,-5.5825154848916426e-5,6.887491922777291e-5,-3.555828075560638e-5,4.0517843068946305e-5,500
5,shock,0.00018065465992729183,0.0007886876652119663,0.0008120466029020782,-0.0013599192984327956,0.0017659523203227855,-0.0011614293440120318,0.0014733788269209653,-0.0006733926237086066,0.0009583582158893212,500
5,shock_x_occ2,0.0018404028200689323,0.0012440164578644741,0.001265607955458708,-0.0005857216263216351,0.004034181622229266,-0.000226174718151939,0.003802543612168591,0.000658475709630422,0.003168061315246374,500
5,shock_x_occ3,-0.00014482951539917507,0.0008667090543299092,0.0008659561691004969,-0.0017840160158564748,0.001524795551924675,-0.0015582843947674467,0.0012409300607244486,-0.0010342806957642228,0.0006972720494517925,500
5,shock_x_occ4,-0.001540938180946369,0.0008583202487448222,0.000886616993905297,-0.0032702373077692173,0.00019805014531550867,-0.0029827733312509644,-6.601859741639613e-5,-0.0023667342480208054,-0.0006299031973261078,500
5,shock_x_occ5,-0.0007704430038550351,0.0009795663081799452,0.001005204885522465,-0.002703621277259634,0.0013630749697797016,-0.002333035101509497,0.0009074296328140433,-0.0017219766480367055,0.0002239221093078986,500
5,shock_x_occ6,-6.31356169853587e-5,0.0010862525633913336,0.0011424296761662221,-0.0022193746357010357,0.002140204137707548,-0.0019025213254686524,0.001844275337738208,-0.00120866130563437,0.0010672014808946635,500
5,shock_x_occ7,-0.0002041504060646766,0.000999229447050491,0.0010416623951069698,-0.0022247916837337418,0.001580370927008004,-0.001993772447171223,0.0014086125045849388,-0.001259109284582672,0.0008479825619485461,500
5,shock_x_occ8,-0.0006194018117826,0.0009758717555168686,0.0009748626946413645,-0.0024684675642144263,0.0013124689578399322,-0.0021175463413111565,0.0009317254871431266,-0.001556000042598868,0.0003698597460374946,500
5,shock_x_occ9,-0.0008094561145249891,0.0010340044906842814,0.0010530468798987465,-0.0029697278668554027,0.0011759783060992209,-0.0026684006079721926,0.0008812147153585952,-0.0018580012193345722,0.00015196202506513005,500
5,shock_lag1,8.398956237385782e-5,4.808243327939764e-5,5.452895488852828e-5,-1.1318954156020513e-5,0.00020560664421458922,5.724758962117313e-6,0.0001809391230931612,4.109775039644543e-5,0.0001404018881803785,500
5,shock_lag2,0.00011436503077089806,4.819061656262316e-5,5.069241187192927e-5,2.8573227410482812e-5,0.00022856600342665033,4.524869930130699e-5,0.00021172877288199555,7.183462915703298e-5,0.00017004436855044572,500
5,shock_lag3,5.818864940097945e-5,5.8827258794450304e-5,6.26491771282169e-5,-5.0184671479770196e-5,0.00020265689841561914,-3.0161739195586954e-5,0.00018403969449940465,9.095527815330576e-6,0.00013070753693744303,500
5,shock_lag4,2.879583650474537e-5,5.881357909134186e-5,6.848840637369671e-5,-0.00010332489007782767,0.00016405633566926424,-6.97767009834412e-5,0.00014656536683944633,-3.126936020347126e-5,0.00010108931067620455,500
5,shock_lag5,5.685226851648039e-6,6.0551726650886364e-5,6.832472748488236e-5,-0.00012440374194519726,0.00013447403769324754,-0.0001103912033069568,0.00011674930633536042,-5.7955522607057974e-5,7.798171394406161e-5,500
5,shock_lag6,1.1366575465821397e-5,5.000998343172846e-5,5.613555998822325e-5,-0.00010495063577318437,0.00011159864683863016,-8.483449115398281e-5,9.324077170395521e-5,-4.337790719043323e-5,6.517290939089541e-5,500
5,shock_lag7,-2.8141122650438854e-6,4.8804458565763936e-5,4.8160413865536093e-5,-9.633701232130944e-5,9.013701876215213e-5,-7.978337931488548e-5,7.541808739699467e-5,-4.610281733889378e-5,4.840583739328314e-5,500
5,shock_lag8,4.982097804892583e-7,4.1086831562080777e-5,4.5420959531917106e-5,-8.885514195941315e-5,8.419839894438726e-5,-7.594731916505445e-5,7.217597933466845e-5,-3.996202415158382e-5,4.544944633816465e-5,500
5,shock_lag9,-2.0456337548556372e-5,4.400435194283294e-5,4.720553053223984e-5,-0.0001128186561794101,8.500325488897912e-5,-9.334884903742228e-5,6.13775717055815e-5,-6.411998661809121e-5,2.6934802621492367e-5,500
5,shock_lag10,-1.4000734353753904e-5,3.932016945369517e-5,4.495898503963761e-5,-9.462444276196543e-5,7.532610726387541e-5,-8.59834842391295e-5,5.641696720955549e-5,-5.682589828525853e-5,3.006669614826772e-5,500
5,shock_lag11,1.390864299087574e-6,4.371450529943621e-5,4.673453629491496e-5,-9.19893518227773e-5,8.559878565755314e-5,-7.59025701468946e-5,7.655790762640947e-5,-4.440876041176605e-5,4.513328799235673e-5,500
5,shock_lag12,-1.7663667671830055e-5,3.9608204183698084e-5,4.481523720607609e-5,-0.00010410357159323523,6.810804105684604e-5,-9.301009790469132e-5,5.247292355723913e-5,-6.628047258321842e-5,1.9413681784414256e-5,500
5,log_oil_lag1,-0.0006686305346173448,0.0002917004323830783,0.000291483914476751,-0.0013399740958170484,-0.00024726172835634814,-0.0012475054321020968,-0.0002776315899203031,-0.001005943329359909,-0.0004271055894476703,500
5,ffr_lag1,0.00021660647792211689,5.385201474318478e-5,5.6232949262494754e-5,0.00012796000640196152,0.0003427587528356263,0.0001397565194948536,0.00032300210674109434,0.00017090809973798415,0.00028478054830299306,500
5,cpi_lag1,1.0390744169763501e-5,8.0800450877653e-6,7.650597755556736e-6,-4.3480236829851974e-6,2.46439462298609e-5,-2.6283581315294027e-6,2.1949118633189287e-5,3.1001264128231e-6,1.775673686724068e-5,500
5,indpro_lag1,5.1662491656729524e-5,1.4335711325022382e-5,1.3941235471865477e-5,2.7881001305178238e-5,8.24647858431292e-5,3.214578395827155e-5,7.72506870154734e-5,3.968933255807933e-5,6.681578751104419e-5,500
5,age_mean,-3.573234294100251e-5,0.0002078281130470653,0.00020336137338081205,-0.00042037620593669454,0.0003581988426162952,-0.0003608583835641025,0.00030813492218851604,-0.00020648983257867866,0.00018915495887013057,500
5,female_share,-0.0031653953432797914,0.003916673257167065,0.004146242300425955,-0.010373363791893454,0.004957860845474109,-0.009574732934439103,0.00353507021950817,-0.006916570804098831,0.001436922559051199,500
5,married_share,0.004643472302951508,0.005638241743425178,0.005385043473125033,-0.005947412159094665,0.014521203830316045,-0.004648091385657586,0.012684745598497454,-0.0010725152821997588,0.009830125653132285,500
5,hours_mean,2.990837995776948e-5,0.0002331118342003437,0.0002367238468135788,-0.0003801225722760562,0.0004651928520831099,-0.00033926543205509244,0.00041867046759633204,-0.00019784219462335955,0.00029699950596050596,500
5,unemp_rate,0.033069415203120164,0.006954316698831268,0.006887796809398826,0.022635567639626052,0.04882014417305676,0.02462478003427699,0.046474836836933736,0.028298928142583953,0.04164810988783809,500
6,intercept,1.2917276939249634e-9,4.3158176666057945e-5,4.313254176922926e-5,-7.466843391355866e-5,0.00010519487888057983,-5.887895507556124e-5,8.145388213710488e-5,-2.7426012826150696e-5,5.1137285294621716e-5,500
6,shock,-0.0005218723046677047,0.000882223503437062,0.0008672468348573403,-0.002234580737489873,0.0010614677118487487,-0.002037924509283414,0.0008729141085445585,-0.001389318733088315,0.0003636233497477311,500
6,shock_x_occ2,0.0021890807757455675,0.0012403249669467277,0.0012753189012505125,-0.00032925944138987966,0.004852725543148124,0.0001946769114383045,0.004363156358222469,0.0009088199612541784,0.0033896847612742828,500
6,shock_x_occ3,0.0006077086874695835,0.0009187611372125882,0.0008681969811483599,-0.0010114923722878604,0.002291430348465408,-0.00078383115898012,0.0020610544589358968,-0.0003084055523875345,0.0014999538419028908,500
6,shock_x_occ4,-0.0010607368231641318,0.0009619768213626533,0.0009395054520685011,-0.002913595604007221,0.0008390214251522748,-0.0025660961953535484,0.0005447914969184248,-0.0019604860332690824,-0.00016236802371704585,500
6,shock_x_occ5,0.00022994504919995182,0.0012582115472914766,0.0012221500007752746,-0.0018962976204794117,0.002802136357532612,-0.00170260589066545,0.0025200950281829,-0.0008765856350734839,0.0014888679238309543,500
6,shock_x_occ6,0.0003775228052781752,0.0011682984055888105,0.0011697108087553323,-0.0016219383049818682,0.0027927235611687746,-0.0013602510859913651,0.0024102372131045093,-0.0007779450939933593,0.0016182276971286992,500
6,shock_x_occ7,0.0005994530907935652,0.0010613472866949985,0.0010633638999593736,-0.0013687772730495127,0.002701238030056013,-0.0010744951287002568,0.002489397910199393,-0.0004416470795029845,0.0016860138679242783,500
6,shock_x_occ8,0.0006656777979828195,0.0010046035734069272,0.0010059440453172347,-0.0012641548058119042,0.002586366333867858,-0.0009130413929700115,0.0023649680306665616,-0.00032203218903099727,0.0017555498114174587,500
6,shock_x_occ9,0.0003568225075242508,0.0010946406447892626,0.0010906046852281798,-0.0016501121498106756,0.0026178423852765975,-0.0015327304219683398,0.0022663530428761,-0.0007304356436001291,0.0014407285812784644,500
6,shock_lag1,8.824223103961517e-5,4.8591478628185956e-5,5.499709757598165e-5,2.46959960922255e-6,0.0002223129625278247,2.0008480369325774e-5,0.00019636716984310223,4.659255550715636e-5,0.00015258412519667702,500
6,shock_lag2,0.0001146825616576903,4.8802948184354706e-5,5.248787712889448e-5,3.0426089670841177e-5,0.00023421833559846345,4.1953175360185204e-5,0.00021615251674514486,6.879607926799947e-5,0.00017173956800328386,500
6,shock_lag3,6.34583886322468e-5,5.519678531151151e-5,6.076737702329916e-5,-4.222349219772595e-5,0.00018613807984326107,-2.7971075041515042e-5,0.00017893858803253392,8.838429881075223e-6,0.00012799401260140333,500
6,shock_lag4,2.68633448349775e-5,5.752254824725359e-5,6.646354054304055e-5,-8.958325438784294e-5,0.000163353993540789,-7.802555871812091e-5,0.00014179065439020756,-3.469809234869993e-5,9.423992880884851e-5,500
6,shock_lag5,-4.53213480650918e-7,6.056127624003106e-5,6.791658169602438e-5,-0.00014291552599730043,0.00012753890946709637,-0.00011372063153262936,0.00011445649205596577,-5.5645358348669145e-5,6.585930408526206e-5,500
6,shock_lag6,1.488146416827387e-5,4.9057557705963234e-5,5.7554551339222606e-5,-0.00010482115994391735,0.0001316785374555753,-7.809746911117328e-5,0.00010807198087051827,-3.829716693401081e-5,6.979138172196327e-5,500
6,shock_lag7,-8.144111570680167e-6,4.941764127834845e-5,5.439305161755732e-5,-0.0001221165280052346,0.00010602072354446695,-9.554734886584149e-5,8.422816253987152e-5,-5.4651401993120665e-5,4.557730005020906e-5,500
6,shock_lag8,3.15183851884443e-7,4.1196179560968494e-5,4.7992907438215306e-5,-9.16100448196311e-5,0.00010184310721959793,-7.896326454145798e-5,8.66040872710305e-5,-4.1172180538071924e-5,5.0856220065863714e-5,500
6,shock_lag9,-2.5849543809177e-5,4.457434852743744e-5,5.217992712120957e-5,-0.00012980419323437289,8.00909629347786e-5,-0.00010319259447609621,6.479785480513028e-5,-7.239108066712777e-5,2.9831413508065957e-5,500
6,shock_lag10,-1.1896418611907468e-5,3.9287540909336905e-5,4.769768147183585e-5,-9.684047603754952e-5,8.89010466898143e-5,-8.543464804332067e-5,6.86091593551644e-5,-6.120166452996652e-5,3.1292143368482116e-5,500
6,shock_lag11,2.082239157816314e-6,4.450601891183222e-5,5.1991468093603854e-5,-0.00010726647338438386,0.00011403724387470021,-7.964231072022033e-5,9.160214175657116e-5,-4.497642922615024e-5,5.192781676066026e-5,500
6,shock_lag12,-2.393764281315164e-5,3.944707395074646e-5,4.676776725199896e-5,-0.00011675493346491184,7.149348542270114e-5,-9.685665347195599e-5,5.159742960479908e-5,-6.445991612968378e-5,2.4032252246904933e-5,500
6,log_oil_lag1,-0.0006740951652224875,0.00028404882744858536,0.0002755957671481839,-0.001318288248347157,-0.00026050435336066896,-0.0011931912425393626,-0.0002997383379707388,-0.0010011454467509335,-0.0004585005781241424,500
6,ffr_lag1,0.00021566055550195239,4.8307897068091444e-5,4.923130717505075e-5,0.00013649392994204146,0.00032894765786823624,0.00015331709199170644,0.00030798308262907194,0.00017567824325038768,0.0002786572453139218,500
6,cpi_lag1,1.081433010703227e-5,8.462450395601436e-6,7.594901798986047e-6,-3.14296741570714e-6,2.6288720833071113e-5,-1.2000848612823942e-6,2.394315672347926e-5,3.7257603312473194e-6,1.9362869887227065e-5,500
6,indpro_lag1,5.5492641614064806e-5,1.5014035103439304e-5,1.5184337306359438e-5,2.7415275256313806e-5,8.765633127561712e-5,3.2973660674194705e-5,8.444821307831443e-5,4.322114465047425e-5,7.322948521974545e-5,500
6,age_mean,-8.90147408267299e-5,0.00020569852662331525,0.0001972613175173418,-0.00045383297949448773,0.00031584377927873627,-0.00039864338903069363,0.0002416213895183539,-0.0002865879124445054,0.00011703809299952632,500
6,female_share,-0.0077588877564468955,0.003917429435403475,0.004099863326813918,-0.01604036733793594,0.0008931745351949717,-0.013778816078789276,-0.0013550134540815384,-0.011595562890351192,-0.00370989774089621,500
6,married_share,0.004855925394002929,0.005601377850019874,0.0055388781409272505,-0.004730552158475404,0.015774192028394543,-0.003944866898267148,0.014597285642036413,-0.0005040798381550893,0.010424379533205403,500
6,hours_mean,-3.6161582352183974e-5,0.0002220488799812782,0.00022801406228787477,-0.0004912249038860313,0.0004078018766033562,-0.00040842515425684034,0.0003446015017221551,-0.0002686849323670405,0.00019041949592543016,500
6,unemp_rate,0.03371618930958652,0.006809629813919035,0.006902488337619491,0.022720048687509202,0.050528504864203336,0.024735205105757097,0.04763390211195667,0.029847142145426383,0.042773822815796225,500
7,intercept,1.5371534071820145e-9,3.745145239245464e-5,3.7021129216209066e-5,-5.482973824598283e-5,9.537744429134832e-5,-4.289151551486114e-5,7.457648753126415e-5,-2.1840155418853952e-5,4.530989722837412e-5,500
7,shock,-0.0005638907442105303,0.0008292668612791343,0.0008594411305999553,-0.0022527504408659128,0.0010170995463714568,-0.0019240969115624632,0.0007987494315446935,-0.0013333448066485442,0.0003689568269823716,500
7,shock_x_occ2,0.0034572111200506968,0.0013190391233079135,0.0013210531584845107,0.0010332041553283888,0.00609815428755597,0.0012727475661731694,0.005507487213360831,0.0020225949521002974,0.004620363138594815,500
7,shock_x_occ3,0.0010046250876228082,0.0009488739657699838,0.0009669826151814533,-0.000733459539331127,0.0029223206484879066,-0.0005308260281908476,0.0025940300732019404,-1.7170698353923314e-5,0.0018739950707795884,500
7,shock_x_occ4,-0.0012652730360934819,0.0009361799709058923,0.0009971210071984499,-0.0031865165657651152,0.0005864040441653073,-0.0029570299394396787,0.0003653509326494411,-0.0022857284020174028,-0.0003638002539307952,500
7,shock_x_occ5,0.0001416392661679449,0.0011229215918921107,0.0011560147162666527,-0.0019278164808532261,0.0023681080991613743,-0.0016960661969972401,0.0021072320853482737,-0.0011237904359628456,0.0011606254527143816,500
7,shock_x_occ6,0.0002711392885413434,0.0010096379438810843,0.00107805136357028,-0.0017327123028491238,0.002655796895657378,-0.001380237189462265,0.0020609163840972725,-0.0008783005905306946,0.0012126851676820562,500
7,shock_x_occ7,0.0001665316637987832,0.0009806190090817235,0.0010268744443993729,-0.0019374071592528606,0.002157935399584531,-0.0014925535014734515,0.00176629795920139,-0.000877947255680757,0.0011331296565741554,500
7,shock_x_occ8,0.0004203250205086884,0.0010031306568921289,0.0010071824589226648,-0.0014927110466501428,0.002372200917258768,-0.0011619786651330074,0.002062504164667493,-0.0006451912197965711,0.0013465199804558671,500
7,shock_x_occ9,0.00024223351465248248,0.0010755599205282947,0.0010978039904068941,-0.0019124089879250846,0.0023630608709532134,-0.0015609444731783226,0.0020706832729853976,-0.0008384376759318718,0.0013849833449756828,500
7,shock_lag1,7.871643999688105e-5,4.293876847938974e-5,5.094528757632803e-5,-4.854796008657858e-7,0.0001954448523472379,1.3572822449003985e-5,0.00017801837732669956,4.001981890858973e-5,0.0001352763739990883,500
7,shock_lag2,9.580292975180349e-5,4.473142893294034e-5,4.744862407902312e-5,1.8817605639323976e-5,0.00020723833466018828,2.8144027535533973e-5,0.00018549125900985033,5.5095765007640406e-5,0.00014589372278605968,500
7,shock_lag3,5.811399528949717e-5,5.047953767219607e-5,5.7947113971043e-5,-3.049632810939654e-5,0.00019600784144527822,-2.212923977486758e-5,0.00016962489096777967,1.3327084840762274e-5,0.00012005307803674074,500
7,shock_lag4,2.777055874161784e-5,5.2124169391040126e-5,6.104996712901006e-5,-7.239323209181397e-5,0.00016222216012501303,-6.141707411463584e-5,0.0001452143103199844,-2.2094880656327673e-5,9.597684539715096e-5,500
7,shock_lag5,2.3598742812518206e-6,5.254627578067443e-5,6.050425349811035e-5,-0.00011387212978919482,0.00011931464953669169,-9.710076117190921e-5,0.00010533701327854121,-5.579420910807709e-5,6.496498192771906e-5,500
7,shock_lag6,1.2104654199120218e-5,4.557763247580561e-5,5.034245141452027e-5,-8.515029601600377e-5,0.00010740584215233935,-6.903431581736128e-5,9.372314834043242e-5,-3.9389102719067164e-5,6.162327917136262e-5,500
7,shock_lag7,-1.8369252713881644e-5,4.2829465773625296e-5,4.571861623814194e-5,-0.00010814196263707892,7.824876147786788e-5,-9.074372053847946e-5,5.505075854248283e-5,-6.294926465752308e-5,2.708490932589417e-5,500
7,shock_lag8,-3.7749858994404026e-6,3.6313723397771714e-5,4.082767380243844e-5,-8.498575340983784e-5,7.391671341146197e-5,-6.914992359363134e-5,6.477743363563053e-5,-4.084487499265268e-5,3.4085168592784925e-5,500
7,shock_lag9,-3.105038249753305e-5,3.7919714849168955e-5,4.41014048409599e-5,-0.0001166567066674209,5.648404945778995e-5,-0.00010315687079568164,4.1335875501425165e-5,-7.26167331128107e-5,1.2455804703693666e-5,500
7,shock_lag10,-8.989020166691147e-6,3.353021123235045e-5,4.1095748454041676e-5,-9.693580990693382e-5,6.417131297713686e-5,-8.263749953409137e-5,5.0583291312882766e-5,-5.03439413172392e-5,2.3700541354584533e-5,500
7,shock_lag11,-3.503284123058423e-6,3.883422038061263e-5,4.487048978413389e-5,-9.992937287449319e-5,7.948986845874041e-5,-7.875044797363401e-5,6.086222799377119e-5,-4.6245854830420156e-5,3.527176498240526e-5,500
7,shock_lag12,-2.1900135896853663e-5,3.434985451681229e-5,4.3645696166729244e-5,-9.871010965544708e-5,7.112768748647098e-5,-8.25005406024164e-5,5.3850436065849744e-5,-6.117232094999282e-5,1.8045016538818e-5,500
7,log_oil_lag1,-0.0006328072110240943,0.0002637052099718921,0.00027483556031680263,-0.0013215372995602846,-0.0002523543109817398,-0.001182362747696777,-0.00031640975370360373,-0.0009748479146419913,-0.0004183533796233148,500
7,ffr_lag1,0.0001918261126316771,4.984547370636844e-5,5.519264557821686e-5,0.00010841536354001829,0.00032636266062869857,0.00012569989265878584,0.0003016697776483811,0.0001501427864542081,0.0002601890547693326,500
7,cpi_lag1,1.3453765723028241e-5,8.123182965253015e-6,8.084661947546285e-6,-7.624856777643925e-7,3.060484188055132e-5,1.2880491095665909e-6,2.7653270044438157e-5,6.172909202598738e-6,2.253104992183916e-5,500
7,indpro_lag1,4.970495409831155e-5,1.392437721140579e-5,1.413793739761686e-5,2.4457982634172103e-5,8.166642426751295e-5,2.8521854664215427e-5,7.521500915605301e-5,3.830280164217805e-5,6.513165191018028e-5,500
7,age_mean,-0.00011014732950973878,0.00019293669878525148,0.000210660061167591,-0.0005503323703788564,0.000304337535197486,-0.0004762926470601013,0.0002547289676206707,-0.0003072187270824177,8.725599911357e-5,500
7,female_share,-0.01122486062538778,0.004137027320980236,0.004120580040837971,-0.019327963919937644,-0.003296359673855147,-0.01821658114775712,-0.004446142483070149,-0.015089796804671728,-0.006770839927052108,500
7,married_share,0.009496000713274378,0.0059732942421721795,0.006113851614770429,-0.0022835608694511764,0.02218315107953439,-0.00038181245016393936,0.020148493134886324,0.0034251214397248153,0.01562747633307627,500
7,hours_mean,-0.0002015090173828703,0.00020864372236242858,0.00021956884955350752,-0.0006437313280845812,0.00022939760793206124,-0.0005654579391669648,0.0001331744840327989,-0.0004335706979145646,1.349239333605063e-5,500
7,unemp_rate,0.027163673177057354,0.006746383784018467,0.007368478866291668,0.015865578741200873,0.04534323370628289,0.018401420394135073,0.04221635151188235,0.022334271829610213,0.03674377404206105,500
8,intercept,-2.2928789177698121e-10,3.4060247818660344e-5,3.6481042916441944e-5,-6.127246584098751e-5,8.792229408133791e-5,-4.4519976108899165e-5,7.453528093740762e-5,-2.367129199861518e-5,4.136966339155405e-5,500
8,shock,-0.0004342011011078473,0.0008439401548660596,0.0008620710104512816,-0.0021283459912299196,0.0011354200316971413,-0.0019418127095143674,0.0009745015482461011,-0.001328552906586663,0.00033824840515661115,500
8,shock_x_occ2,0.0011948756162730634,0.0013373552777267324,0.0013801434449723184,-0.0016513603534523864,0.003979204829936329,-0.0009631147680264923,0.0035309725461723047,-6.120293533751066e-5,0.0027134810972283697,500
8,shock_x_occ3,0.0008252283043646534,0.000964788138033398,0.0009804513180082508,-0.0009553408983403037,0.002813385469723136,-0.000692081337552195,0.0025243924522098207,-4.4112756103203336e-5,0.001827034483274706,500
8,shock_x_occ4,-0.0009193660201867213,0.0008385388581075705,0.0009007450166284821,-0.002529368205610302,0.0008769535064164183,-0.002306052887612087,0.0005078812064656263,-0.0017094501346498006,5.189058666577315e-5,500
8,shock_x_occ5,0.0002784068869333317,0.0011556728115301894,0.001147198186414522,-0.0016358044232844095,0.002843086900105855,-0.0013921341840337073,0.002287251216496968,-0.0007500054079431494,0.0014920530598578638,500
8,shock_x_occ6,0.00038313711173328964,0.0010616502836275736,0.0010856013019172068,-0.0017471247822330289,0.002668191025063784,-0.0012172753264573766,0.0023168112898839877,-0.0005509630129244639,0.0015384667573073783,500
8,shock_x_occ7,0.000599985365517969,0.0010235456640634464,0.0010108051030899715,-0.0013980309375331778,0.0025463162843136645,-0.0011762908467077332,0.002245447879169715,-0.0002557056312611776,0.0016360010378312449,500
8,shock_x_occ8,0.0004868748951434175,0.0010272582714270333,0.001035369256147483,-0.0012108957093817934,0.002636042732198707,-0.001000316603381704,0.0023837688510750313,-0.00043628720897550166,0.0016340981779026835,500
8,shock_x_occ9,0.0005535390916979894,0.001107018086677002,0.0011526135694483514,-0.0018452170659104758,0.002701565738149672,-0.0013637388071809347,0.002389130601232479,-0.00045134237157895205,0.001803137515258741,500
8,shock_lag1,8.496785279808064e-5,4.167765718496745e-5,4.860797918847387e-5,1.4331559007364485e-5,0.00020502258368881117,2.7101545831664213e-5,0.00019121714441501465,4.9134493542639606e-5,0.000141530949875588,500
8,shock_lag2,9.876139021022501e-5,4.339426670312621e-5,5.121083502336638e-5,2.3991925701158032e-5,0.0002286880124278695,3.677050102645736e-5,0.0002016390533212472,6.254400950941962e-5,0.00016393458087878964,500
8,shock_lag3,6.727331219741415e-5,4.545083981978966e-5,5.4133133346479066e-5,-1.0569272580983043e-5,0.00020334991604814063,3.302915205070811e-6,0.00017736350528004352,2.488706112423919e-5,0.00013077967485189914,500
8,shock_lag4,4.154898630307845e-5,4.7261174094056845e-5,5.41183482526148e-5,-4.514523279536343e-5,0.00016276939559657806,-3.6163360813100974e-5,0.00014653609144948143,-2.5420267543608117e-6,0.00010231262933691008,500
8,shock_lag5,1.8018857804742978e-5,4.760480374201353e-5,5.351347899703773e-5,-8.045346634352263e-5,0.00013353037710737455,-6.860314479418914e-5,0.00010855808279522007,-3.1274310419213404e-5,6.978681709673871e-5,500
8,shock_lag6,1.9617852006687785e-5,3.999803465156423e-5,4.544497394579769e-5,-6.548671506711807e-5,0.00010846827679241828,-5.250735334802627e-5,8.909731626789854e-5,-2.389414053055235e-5,6.0255060702578704e-5,500
8,shock_lag7,-1.1919168350119243e-5,3.941783119849832e-5,4.374580329374125e-5,-9.466669817109999e-5,8.69864333072894e-5,-7.946863034298616e-5,5.9251532919887926e-5,-4.999922383290179e-5,2.7828801843479444e-5,500
8,shock_lag8,-2.9229277778527935e-6,3.342400050898283e-5,3.835968358014345e-5,-7.397903255627903e-5,7.8022706785766e-5,-6.43683757871246e-5,6.50716899126504e-5,-3.776727789012199e-5,3.499463774063141e-5,500
8,shock_lag9,-1.5330655757301617e-5,3.461105676559476e-5,4.03684322420878e-5,-9.107366833323541e-5,7.198394010671892e-5,-8.039628085392136e-5,5.6074046880064675e-5,-5.2758962548419264e-5,2.2367989231604087e-5,500
8,shock_lag10,-3.6405150481447262e-6,3.1541866909316605e-5,3.7707984801902295e-5,-7.410384929246771e-5,7.574219375401413e-5,-6.384555889688527e-5,5.873518083146494e-5,-3.80653266956982e-5,3.234650426112079e-5,500
8,shock_lag11,1.8051064026728997e-6,3.663800439841709e-5,4.392410068668053e-5,-7.895119354609697e-5,9.535576594639324e-5,-6.656020300246559e-5,7.923427557448971e-5,-3.938623900263104e-5,4.173010387930934e-5,500
8,shock_lag12,-8.270763901011168e-6,3.258132161634098e-5,3.6694004553224407e-5,-7.449534842017923e-5,7.607076393865305e-5,-6.01215037249784e-5,5.8316455054631335e-5,-4.075055294065827e-5,2.9220803421676645e-5,500
8,log_oil_lag1,-0.0006274132457705051,0.00024144783595026465,0.00024716856218256095,-0.0012192062980538982,-0.00030269105150541994,-0.0011231491610541298,-0.00033781162012182063,-0.0009390219758009352,-0.00044318206122762955,500
8,ffr_lag1,0.00019001378756754197,4.9106482806629515e-5,5.5046413064265336e-5,0.00010288270322701789,0.0003201492197084114,0.00011756622781274402,0.0002958109293494497,0.00014810797913348482,0.0002582734232473178,500
8,cpi_lag1,7.854519690238859e-6,8.532200016230936e-6,7.793467303275543e-6,-7.2247640154162916e-6,2.3645825333577768e-5,-3.5286410919356564e-6,2.1872006005992016e-5,1.5790692378337887e-6,1.706260197597437e-5,500
8,indpro_lag1,3.3014267806932615e-5,1.3337103269662381e-5,1.3186268993688191e-5,1.020318891611544e-5,6.0240214904304414e-5,1.504712430818301e-5,5.59682534219252e-5,2.1434393749009084e-5,4.856910789901786e-5,500
8,age_mean,0.00017385234269042175,0.00019051241856359182,0.00019386295607122135,-0.00018349532065008487,0.000554052959436175,-0.00012804653839747297,0.00048799947427522427,-1.8032774144481957e-5,0.00037757425576999236,500
8,female_share,-0.006646835141128818,0.0039464453134146074,0.00410079206965484,-0.014457174181113194,0.0010155600072708688,-0.013373478583358217,7.680446999864713e-5,-0.010404693869039945,-0.002085512848591685,500
8,married_share,0.006954429440484986,0.006530806826011636,0.00610457389455356,-0.003962343620048942,0.019074100082099685,-0.0026038853080374933,0.0175057470991548,0.0016592986998312212,0.013512141272977536,500
8,hours_mean,-9.702538563373313e-5,0.00021315057805431696,0.00023317216722594167,-0.0005527780134370856,0.0003526001389783167,-0.0004703731687401727,0.0002786587429314972,-0.00034633997675067365,0.00012047774810878542,500
8,unemp_rate,0.02172310103513469,0.0069697143200930746,0.007741088002648686,0.009596931190272637,0.04005422201695935,0.012019372854628594,0.03804533685793457,0.0164274566316591,0.031534979324600566,500
9,intercept,8.624322395628779e-10,2.6772629912567898e-5,2.94654144903491e-5,-5.7123743925016954e-5,5.74973008644355e-5,-4.376821173757684e-5,5.045237307962573e-5,-2.323228010051141e-5,3.159709245891932e-5,500
9,shock,-9.452830915758709e-5,0.0009112687807815651,0.0008861684646066792,-0.0017619696263011368,0.0015083960912702049,-0.0015641267365393723,0.0013533982251749004,-0.0009673243471926003,0.0008160954375766946,500
9,shock_x_occ2,0.001289215661015851,0.001382621409089836,0.0013392873213186592,-0.0011839863797490084,0.003963290509064348,-0.0009740751966262431,0.0034657840645955676,-1.4375530324247679e-5,0.0026401490903729266,500
9,shock_x_occ3,0.00014548306834632818,0.0010103925229753487,0.0009794449282396205,-0.0016659847213116852,0.00214125129610212,-0.0014046915099104054,0.0017882663242845505,-0.0007743791286613316,0.0011381159609338014,500
9,shock_x_occ4,-0.0014790536169570659,0.0009464632134321643,0.000942813480881015,-0.0032615129223739076,0.0003223794211006793,-0.003067621773343155,9.236445707393927e-5,-0.0023968464579873557,-0.0005114118275505607,500
9,shock_x_occ5,0.0002532874733857117,0.0011719979916438447,0.0011592420566520734,-0.0018308110779221144,0.0025414729716058447,-0.0015233502437157294,0.002271442619378442,-0.0008900054610740003,0.0014741568109918057,500
9,shock_x_occ6,6.531357862706475e-5,0.001170806661351739,0.0011871901990362322,-0.0020302287467831755,0.0025626309701107576,-0.001776920611009281,0.0020773779326399597,-0.0010623765816418175,0.0012641295482348765,500
9,shock_x_occ7,0.00031364337960838526,0.001080669209488734,0.0010548042083667422,-0.001603884970945034,0.0025853765582452403,-0.0013173876425551295,0.002144382091235931,-0.0006837959757525914,0.0013764139035695015,500
9,shock_x_occ8,-8.627019258650677e-5,0.001096352281503266,0.0010641185019610443,-0.0021276562152042072,0.002043762480988585,-0.0018042610319877253,0.0016236100914948572,-0.0011304292025803616,0.0009155592149637918,500
9,shock_x_occ9,-5.497368380661197e-5,0.0011593878988294826,0.00115185957083391,-0.0022007626024448594,0.002007046374889145,-0.0019351512467692927,0.0017697701470273327,-0.0011168234930350655,0.0012217953344637522,500
9,shock_lag1,5.9674233426793674e-5,3.430602702475194e-5,4.2108038370970244e-5,-5.752187397767483e-6,0.0001600888046059093,7.416076497121754e-6,0.0001398252387524294,2.6804596061286998e-5,0.0001072611276449113,500
9,shock_lag2,7.301458553788607e-5,3.6541372958339574e-5,4.313257222814458e-5,8.591158801126015e-6,0.00017168678866609402,1.8923757161636278e-5,0.00016160158956939397,3.9649923943685055e-5,0.00012312246875544955,500
9,shock_lag3,3.64333949762386e-5,3.8174791531098075e-5,4.487970296722779e-5,-2.3771833566057165e-5,0.00014754008912983707,-1.7207688584798637e-5,0.00012756545868105603,2.219970987753249e-6,9.099985070883535e-5,500
9,shock_lag4,1.0649322124157535e-5,3.669220466880828e-5,4.3848569964961984e-5,-5.557551890652506e-5,0.00011034555322810764,-4.522328276209278e-5,8.9303503318103e-5,-2.7174820623198112e-5,5.8250374363818624e-5,500
9,shock_lag5,-5.082421991018041e-6,3.766442707741185e-5,4.597061089697197e-5,-9.208037258403489e-5,9.269923894820567e-5,-7.749112690875063e-5,7.265660006757101e-5,-4.603773462421601e-5,4.0492502421808006e-5,500
9,shock_lag6,1.0062912587999995e-5,2.995554147996879e-5,4.0045564565080267e-5,-7.472125649578466e-5,8.944065131900361e-5,-5.278897176901292e-5,7.045627203602324e-5,-2.771001461039868e-5,4.931770583128085e-5,500
9,shock_lag7,3.461923539445656e-6,2.9325726970593896e-5,3.598475897183834e-5,-5.15565912742262e-5,8.780669575965427e-5,-4.770172506834536e-5,6.684234381748534e-5,-3.0867922744775576e-5,3.60998686972173e-5,500
9,shock_lag8,3.9094919109547706e-6,2.5293962008366668e-5,3.134182602203479e-5,-5.371917045907705e-5,7.348689756851556e-5,-4.0195468539163926e-5,6.124605560386116e-5,-2.2386603141720757e-5,3.256023082737728e-5,500
9,shock_lag9,-7.354503938017998e-6,2.5773130135414365e-5,3.335290568835045e-5,-6.545094434543278e-5,6.567603423765419e-5,-5.668689062384296e-5,5.050844972148208e-5,-3.261290698163321e-5,2.6521281515268974e-5,500
9,shock_lag10,-8.26246788928984e-6,2.4886749193448546e-5,3.262064310403976e-5,-7.169601641660526e-5,5.4114479165276986e-5,-6.218810438213344e-5,4.619740522160063e-5,-3.680143870357784e-5,2.3937204310086645e-5,500
9,shock_lag11,2.672877578416724e-6,2.6165458970330272e-5,3.1696743703242445e-5,-5.190176110883236e-5,6.97796510049318e-5,-4.089477942901189e-5,5.3552315523934594e-5,-2.3872313031607675e-5,3.323171162094477e-5,500
9,shock_lag12,-1.9301536026141564e-5,2.457550876086349e-5,3.0153606611236693e-5,-7.239392054874842e-5,4.2428299893495875e-5,-6.595736854161406e-5,3.353271895224947e-5,-4.525965657888703e-5,1.2131099154844955e-5,500
9,log_oil_lag1,-0.000367844380141512,0.00021186915524439246,0.000231170421824963,-0.0009561948746117834,-8.481732637251836e-5,-0.0008800926411019317,-0.00010974415594383158,-0.0006360061026856448,-0.0002061613081841242,500
9,ffr_lag1,0.00012574105767117904,4.8633924502816777e-5,4.954563997164104e-5,5.321229866261156e-5,0.00024275807712375468,6.407576023896705e-5,0.000227782373215171,9.506938212707558e-5,0.00019189977083881068,500
9,cpi_lag1,1.8037805643422684e-6,7.956287644190679e-6,7.471129529289383e-6,-1.2323883256593614e-5,1.660213513272315e-5,-9.18009407804678e-6,1.4675868175056227e-5,-6.178184691605387e-6,9.448607888672659e-6,500
9,indpro_lag1,3.4467666387083136e-5,1.253506884356995e-5,1.2845762044763354e-5,1.350968902946203e-5,6.336427746736245e-5,1.722336861482715e-5,5.864224647437516e-5,2.3761427259662534e-5,4.99887607547425e-5,500
9,age_mean,-4.088911147210116e-5,0.00020086782903521914,0.00019748646502662433,-0.0003800727704676123,0.00034582143265894714,-0.0003510295701468839,0.0002974140269142155,-0.0002224669303470154,0.00017933941188198586,500
9,female_share,-0.007261317975072389,0.0043156546541991275,0.004448749418729211,-0.01586284714378578,0.0010760472595849337,-0.014528715824867842,0.00026114859869807376,-0.01146594602528334,-0.002827481913892106,500
9,married_share,-0.0026274487595264323,0.006381697602971754,0.0059421920435519995,-0.014915394224344942,0.009899215672646976,-0.012901927018997443,0.0065611551736723065,-0.009223719695704753,0.0020801762709932417,500
9,hours_mean,4.934649426906413e-5,0.00021612144723295962,0.00023263953262919477,-0.0004348320761469639,0.0004766997332314721,-0.00033410165277129015,0.00043130931759754874,-0.00020037637697968143,0.00026426517523808117,500
9,unemp_rate,0.022262842144407095,0.006592593707659449,0.006906909841783336,0.01255183902087404,0.040648995058731215,0.014166747695796369,0.03697586574480985,0.017889939510245458,0.030806114309812407,500
10,intercept,2.4809456312590175e-10,1.905921550228884e-5,1.993917654610222e-5,-3.712849220930736e-5,4.708681441719394e-5,-2.867494356315809e-5,3.5823124798060516e-5,-1.6031714841249202e-5,1.9235786264917467e-5,500
10,shock,-0.0004938540025525261,0.0009387706861627643,0.0009078542683366776,-0.0024669144355504206,0.0011758115772658325,-0.0021334708821178923,0.0009138888576144668,-0.0013649811143328504,0.0004125259590737843,500
10,shock_x_occ2,0.0017697834706603423,0.0014412268726227558,0.0013400748373664803,-0.000856891342403002,0.004331815172689435,-0.00041633360109129643,0.004043807822394879,0.0003840139764093936,0.003105656548337422,500
10,shock_x_occ3,0.00043644709345930184,0.001019135961621474,0.0010049839418936409,-0.0014499581912667471,0.0026381665686098952,-0.0012571667476057168,0.0021307764843106905,-0.0005093044146789382,0.0014332956100749298,500
10,shock_x_occ4,-0.0006067362714637138,0.000953633797382568,0.0009647813399137616,-0.002452826832287267,0.00138833494932888,-0.002208947840734815,0.0011126377250573302,-0.0015434009404427403,0.000301717665554211,500
10,shock_x_occ5,0.0003319625348094134,0.0012734297997310019,0.0012646602568028092,-0.002008054489422112,0.002878935270849642,-0.0016717389189244531,0.0025642768282907844,-0.0009165792438433012,0.001497703669938524,500
10,shock_x_occ6,0.0005104762946616691,0.0012303626815171175,0.0011921490259169118,-0.0016752348936456736,0.002984126580873438,-0.0014486952247531415,0.0028159781203425964,-0.0005751524441168484,0.001726769905609354,500
10,shock_x_occ7,0.0006941197480594791,0.0010367381254134415,0.0010278504708691523,-0.001207155732529594,0.0028541868496067295,-0.0009218148059332411,0.002479482317447924,-0.00034155763128414343,0.00164415675078739,500
10,shock_x_occ8,0.000491283973166193,0.0011723676482673585,0.0011559475881874996,-0.0014982235065610942,0.003071407811475575,-0.0012434658452543691,0.0026249596673354404,-0.000590568367283423,0.001607448203809534,500
10,shock_x_occ9,0.0005336168774472142,0.0011557387976981874,0.001075265073523219,-0.0014797315070665044,0.0028879534907272075,-0.0011160428113699394,0.002367119497806907,-0.0005400194320806424,0.0016089699879041227,500
10,shock_lag1,4.77010974898204e-5,2.7752723654765063e-5,3.3384249993432515e-5,-8.74445232726259e-6,0.00012530614546658701,4.972721524390022e-6,0.00010899611292625552,2.273391745115593e-5,8.570279269749929e-5,500
10,shock_lag2,5.6583855209051474e-5,3.393697720494503e-5,3.492481165426202e-5,7.835051296730888e-6,0.00013597387468294235,1.3627377915547672e-5,0.0001243794652879086,2.71786071899888e-5,9.81554186520839e-5,500
10,shock_lag3,3.300525082434201e-5,3.0117644338020476e-5,3.358884181898276e-5,-1.91175041097584e-5,0.0001057431215960492,-1.3241349033956218e-5,9.381242305619591e-5,6.693738584837094e-6,7.014798946066083e-5,500
10,shock_lag4,1.330816947358481e-5,2.9453523698634043e-5,3.559920683376088e-5,-5.165806251699541e-5,8.563307651347446e-5,-4.205463475916786e-5,7.579486938707031e-5,-1.691159522498285e-5,4.959193456880937e-5,500
10,shock_lag5,-2.032857632543162e-6,3.0592419461237874e-5,3.444395205394234e-5,-7.708170053792281e-5,6.788058742130236e-5,-6.304156536127954e-5,5.1076652058568324e-5,-3.441552529670407e-5,2.777984480349885e-5,500
10,shock_lag6,1.0829483051895326e-5,2.249033771658113e-5,2.9322081004033137e-5,-5.695339246112898e-5,6.438401255131684e-5,-4.1531900664734524e-5,5.5322217561164556e-5,-1.7828636912784584e-5,3.5041340578581524e-5,500
10,shock_lag7,1.502819253727857e-6,2.1118079350447437e-5,2.5409040176923447e-5,-5.232018904751443e-5,4.309853959723158e-5,-3.814695162631579e-5,3.681676776353158e-5,-2.2157514120200725e-5,2.4576674270364325e-5,500
10,shock_lag8,3.3568203048252795e-8,1.7980681717134424e-5,2.3227978077110835e-5,-4.573285168473221e-5,4.475550720747409e-5,-3.840096876100671e-5,3.6721962829332453e-5,-1.9951216996944616e-5,1.956647194306592e-5,500
10,shock_lag9,-9.263530928040535e-6,1.9363229291107552e-5,2.528097306192354e-5,-7.185275974342238e-5,4.2864256342366484e-5,-5.340415076147923e-5,3.1202987449457105e-5,-3.1052071451193154e-5,1.5543607794424135e-5,500
10,shock_lag10,-2.5228850919359437e-6,1.8016699343630384e-5,2.3797532390639955e-5,-5.003707420475077e-5,4.4912834546487925e-5,-4.211843578897004e-5,3.8953288289852986e-5,-2.322896055665601e-5,1.896483577963749e-5,500
10,shock_lag11,1.943858691070977e-6,2.0417594257272132e-5,2.3919440064627658e-5,-4.570847751110423e-5,5.028748746887839e-5,-3.744121109838944e-5,4.6471650482383604e-5,-1.859770084275222e-5,2.3845728111918173e-5,500
10,shock_lag12,-1.1266289702165879e-5,1.822435730363584e-5,2.206118345384857e-5,-4.991120915984827e-5,3.47199134817491e-5,-4.406201902165283e-5,2.592531972676665e-5,-3.11604919735991e-5,1.1153425391823036e-5,500
10,log_oil_lag1,-0.0003291524140114816,0.00017229757495607677,0.00018008443181275564,-0.0007555872246452844,-6.623822248591314e-5,-0.0006774648906922302,-0.00010241702032353846,-0.00051884283958486,-0.00017750134003578587,500
10,ffr_lag1,9.70609254262429e-5,4.676831926703758e-5,4.578689174018739e-5,1.1956593979811099e-5,0.00019543360967896482,2.5329014640898067e-5,0.00017136976472655884,5.606501457833122e-5,0.00014440160592008426,500
10,cpi_lag1,2.4353349658036406e-6,7.339824462856344e-6,6.913011650498934e-6,-1.041949639820655e-5,1.654785493995856e-5,-8.463623048355489e-6,1.4181420248414342e-5,-3.415144843409575e-6,9.889288392899655e-6,500
10,indpro_lag1,2.1390689412961865e-5,1.2685615151849184e-5,1.3339606857962344e-5,-9.71775847678479e-7,5.046300432918918e-5,2.4608275028345725e-6,4.6446158353483506e-5,1.0359096089813237e-5,3.640249919824434e-5,500
10,age_mean,6.67725974582907e-5,0.00020012361211440392,0.000199241156478144,-0.0003318952647524522,0.00043589579136708715,-0.00025854292291741546,0.0003882733560910308,-0.0001308799143576898,0.0002683263110901213,500
10,female_share,-0.008651091498885249,0.004475918679937973,0.004417587675522726,-0.016929132295583134,0.00011942052178077355,-0.015518177299409063,-0.0015772350606793441,-0.013008271043787455,-0.003834199365102492,500
10,married_share,0.0010441818049245191,0.006186033447588208,0.005908766974904665,-0.010183927032465016,0.01302363779992221,-0.008339009709828274,0.011084372896247007,-0.0043765480444781756,0.007489623555050952,500
10,hours_mean,7.229108941264675e-5,0.00024434978813634616,0.00023474731435686822,-0.00040368529341930706,0.0005556628884325527,-0.0003038014131865385,0.00043590834852273497,-0.00015911030349924463,0.00030284678083311703,500
10,unemp_rate,0.014326760762607596,0.0066965289846627795,0.006770315831863991,0.0031958130668340965,0.028150440119465887,0.004874666972897192,0.02644313374011379,0.008756922556286555,0.022364268385195542,500
11,intercept,7.292545538312218e-11,1.2276931227704287e-5,1.5852502646311357e-5,-2.8767283287905237e-5,3.228662653538542e-5,-2.45834921326637e-5,2.2740597593387683e-5,-1.3601707081464007e-5,1.2248024272695284e-5,500
11,shock,-0.001142640162691711,0.0007838208199608779,0.0007885625081892415,-0.0025739874730293815,0.0005134720293318365,-0.0023867669244396266,0.0002338000161661994,-0.0018896804582745742,-0.0003055983326224011,500
11,shock_x_occ2,0.002885924429214788,0.0013164612588106117,0.0013225398444986353,0.00026581621552247583,0.005217191297481716,0.000547098183094517,0.0048922801990230625,0.001447029687231661,0.004118206715117245,500
11,shock_x_occ3,0.001494792807119762,0.0008511844672776447,0.000867605885527907,-0.0003490433318929492,0.003045389762909306,-3.013121543449184e-5,0.002805990978304651,0.000618103849082196,0.002361324892771056,500
11,shock_x_occ4,-2.7030569164266817e-5,0.0009022595790447585,0.0009004274002901314,-0.0018222797762754215,0.0016616219952366364,-0.0016637068082146645,0.0014057878383810412,-0.0009693301540664781,0.0008018236028080216,500
11,shock_x_occ5,0.001414471393252483,0.0010241611709317403,0.0009889797343977354,-0.0006024941863648711,0.0032247851986602206,-0.00024553780517697646,0.00300027475872063,0.00040345698449919035,0.002419707998103389,500
11,shock_x_occ6,0.0016519359095369865,0.0009903055237212978,0.00104024780250499,-0.0005303915719509118,0.00356893260392832,-0.00014941995160786808,0.003319052066681367,0.0005881526442667429,0.0026524265617443835,500
11,shock_x_occ7,0.0014280122359169327,0.0008636425549931339,0.00087960797544867,-0.00036270431546537956,0.0030745649314093725,-0.00012284148447908367,0.002846219614027465,0.0005266199112369528,0.0022603277441423193,500
11,shock_x_occ8,0.0007903688633892562,0.0009262375428501946,0.0009483692747819034,-0.0011283162651624797,0.0025243056583946787,-0.0009353445114484354,0.0022475309443823247,-0.00017888683355929167,0.0017707203430881264,500
11,shock_x_occ9,0.00045123664480876724,0.0010149305031635298,0.0010124512311869608,-0.0017414295110032983,0.0022621029161171494,-0.0013471584823424145,0.0019744930460542983,-0.000577974783203108,0.0014318333842837107,500
11,shock_lag1,3.0171588829451245e-5,2.2933264085045304e-5,2.4970895698194684e-5,-7.121460748375362e-6,8.840365576133086e-5,-1.603759226980451e-6,7.987092916727049e-5,9.563003349689442e-6,5.5266378617539294e-5,500
11,shock_lag2,3.562435680251565e-5,2.8993202096247616e-5,3.034037546938347e-5,-1.0487214246538048e-5,0.00011031328344477062,-5.502145651277723e-6,9.2568359650481e-5,9.945914727044793e-6,6.475264587552467e-5,500
11,shock_lag3,1.7404211917120548e-5,2.038862559056217e-5,2.635145227412108e-5,-2.9600739157229894e-5,7.492664993915349e-5,-1.9084819832790775e-5,6.607046505659711e-5,-5.537169705566982e-6,4.506570622574921e-5,500
11,shock_lag4,1.487727133605474e-6,2.0405180848024668e-5,2.5274540805706043e-5,-5.007796117965102e-5,4.916959367666519e-5,-3.909220050960292e-5,4.246171135717416e-5,-2.0905515226859993e-5,2.5869238520213962e-5,500
11,shock_lag5,-2.73529295920424e-6,2.228080753049525e-5,2.6828997105294302e-5,-6.510499495099217e-5,4.131503729698029e-5,-5.4881897933581106e-5,3.617389655973519e-5,-3.1650664449406164e-5,1.9419664749188158e-5,500
11,shock_lag6,8.914974818929227e-6,1.566682840871343e-5,2.1334187610248804e-5,-3.9786580142735794e-5,4.793380411117071e-5,-3.0682145681467224e-5,4.255142420150294e-5,-1.3574248858479472e-5,2.6610448878436955e-5,500
11,shock_lag7,5.8712423156678746e-6,1.5361754553992487e-5,2.0527513983210114e-5,-3.987591002428028e-5,4.519617218544733e-5,-3.210767116746152e-5,3.5078316986016976e-5,-1.502197711677759e-5,2.2126167268523222e-5,500
11,shock_lag8,-1.256623579827027e-6,1.2735547661667012e-5,1.660040152315108e-5,-3.665820607648014e-5,2.7441674113312064e-5,-2.9312358254539675e-5,2.2367395082110837e-5,-1.64690439005229e-5,1.188860232689128e-5,500
11,shock_lag9,4.247315139591192e-7,1.4270103718929355e-5,1.8263087303507588e-5,-3.475568883406393e-5,3.775308639452164e-5,-2.987283123575315e-5,2.9982734973756506e-5,-1.5810937046805796e-5,1.8759576875715702e-5,500
11,shock_lag10,-1.997206613267498e-6,1.2430123128831137e-5,1.9114859357430153e-5,-3.9236592231875806e-5,3.745706064177014e-5,-3.070330187624376e-5,2.9965363487227038e-5,-1.6772293917404068e-5,1.564356591578786e-5,500
11,shock_lag11,2.434509930325087e-6,1.2845718158249472e-5,2.0052799259828877e-5,-3.321796236764013e-5,4.565042514862964e-5,-2.5393235588287487e-5,3.6970501607458295e-5,-1.0663831400173488e-5,2.0202481911047005e-5,500
11,shock_lag12,-1.1648936384972336e-5,1.4477973668285899e-5,1.9026531671037325e-5,-5.020703967186495e-5,2.6358801416554288e-5,-4.396725503410784e-5,2.09302611217445e-5,-2.6531521239616045e-5,5.983482367185828e-6,500
11,log_oil_lag1,-0.0001658290906969499,0.00013417089397123436,0.00015040841794998515,-0.0004715817371372227,9.199267880630107e-5,-0.00041424839838231686,5.0209975661273716e-5,-0.0003106618189250132,-2.5418398264138603e-5,500
11,ffr_lag1,5.578576277599188e-5,4.273489103555671e-5,4.3946892323439865e-5,-2.1914496879178373e-5,0.00014539988565530348,-1.244134787251305e-5,0.00013356466795893116,1.3947546381592648e-5,0.00010022846384763543,500
11,cpi_lag1,-1.8613535802432933e-6,7.102493174576537e-6,6.719708425807692e-6,-1.5230410761319015e-5,1.149310272792637e-5,-1.2984820669049676e-5,9.182715884261916e-6,-8.393676812542973e-6,4.838193353164485e-6,500
11,indpro_lag1,1.355273502926496e-5,1.3425582290726862e-5,1.2947213209532823e-5,-9.525526101212814e-6,3.771401528436306e-5,-6.979310962977881e-6,3.497315394518724e-5,1.6918032956077218e-6,2.689498585641322e-5,500
11,age_mean,4.818114893082568e-5,0.0001848043312172345,0.00018507020169541071,-0.00029741800446498863,0.00040716021145867983,-0.00024505421413298926,0.00035768364792714973,-0.00014114489055824672,0.000237639105349037,500
11,female_share,-0.0044509325776580615,0.0038483317700459185,0.0038365406436022347,-0.012151884102960728,0.00316472583274267,-0.01100214503369247,0.0021011386185389377,-0.008255861105171632,-0.0007844347427707045,500
11,married_share,-0.003475049720137815,0.006235195094125637,0.0057571937110609175,-0.015392337593299199,0.007559784235475065,-0.013238059841031519,0.005595842222805632,-0.009167370747498712,0.002204513785714791,500
11,hours_mean,0.00011702223833877328,0.00022404239300888271,0.00022633390703957805,-0.00030752246577174844,0.0005407386525628154,-0.0002752155210176054,0.00048548456733999064,-0.0001269122263395964,0.00031920797701592184,500
11,unemp_rate,0.01038279046539981,0.006867891394349491,0.0068043417478820395,-0.0024585145914011964,0.02246534760770369,-0.00042718783793642526,0.02123425747319988,0.004394745531843217,0.017942301383767442,500
12,intercept,-1.0099695842989372e-9,1.0759455252171513e-5,1.4159169590777234e-5,-2.967616221139262e-5,2.4143581885544146e-5,-2.674424446938737e-5,2.003391891786537e-5,-1.4984396117212815e-5,1.0888161487814094e-5,500
12,shock,8.566296017364043e-5,0.000811259969016797,0.0008197234282317414,-0.0013903726967886758,0.0016463985537126626,-0.0012498114037601282,0.001522952953531396,-0.0007532340410152178,0.0009185041628991558,500
12,shock_x_occ2,0.0017380427225459135,0.001278333378377754,0.00130411901226748,-0.0008725155910430896,0.0040407566025552856,-0.0005139856856204275,0.0038434909140032765,0.0004439477669373981,0.00299415098051249,500
12,shock_x_occ3,-0.00040798352972261625,0.0008989044160887255,0.0008925943775229524,-0.002134418977747312,0.0013064919865874566,-0.0018800481221732503,0.0009648059013975053,-0.0014039344403613053,0.00042632115709014917,500
12,shock_x_occ4,-0.0011984793008480439,0.0009487187835980522,0.0009599827959303592,-0.0030668021717452617,0.0006098700804832938,-0.002900298736223033,0.0004393930608539669,-0.0021458653353843226,-0.0002391346553240025,500
12,shock_x_occ5,-0.00011725052240965806,0.0010379677873536468,0.0010511194583583995,-0.0020920304436143847,0.0020939434776971752,-0.0018088677889213176,0.0016889850745409473,-0.0012328681032494082,0.0008349266528744839,500
12,shock_x_occ6,2.349203283437639e-5,0.0011273393445681013,0.0011317740953407766,-0.002039096529220549,0.002268951050743949,-0.001766944208108784,0.001997687718689885,-0.0010954007252077828,0.0011786108811361337,500
12,shock_x_occ7,-0.00032947238705928825,0.0010187494014956026,0.001058866656859669,-0.0024468372863803334,0.001627726230406224,-0.002118533064973572,0.001395479163251476,-0.0014214956692338364,0.0006801488336043803,500
12,shock_x_occ8,-0.0003315550917595023,0.0009956151793308805,0.0010437023815922433,-0.0023334697650010732,0.001675578675798465,-0.002019560266198022,0.0013686058987005397,-0.0014231002887212243,0.0006755979984813622,500
12,shock_x_occ9,-0.0002705082372855792,0.001043184771314866,0.0010445892106382185,-0.0024202232110824107,0.001567695430412553,-0.001996169314170304,0.0013125907390698765,-0.0013821078115201705,0.0007541701248195574,500
12,shock_lag1,3.24583544662507e-5,2.228045304049627e-5,2.752074347688878e-5,-1.0831693057576735e-5,0.00010149142463892359,-6.115191455330975e-6,8.402763763377828e-5,1.0213599671027943e-5,6.244157755094711e-5,500
12,shock_lag2,3.266829745263467e-5,3.085440259814084e-5,3.2696339784424027e-5,-1.5204259868671638e-5,0.00010954212546502169,-1.0529595030127257e-5,9.588055911986432e-5,6.062435858207524e-6,6.958456981569394e-5,500
12,shock_lag3,1.8477839829554102e-5,1.9079328140413528e-5,2.5595514186086106e-5,-2.4462338236515846e-5,7.400916012937026e-5,-1.8675976248213372e-5,6.507057973432994e-5,-7.768960941072766e-6,4.37166433534629e-5,500
12,shock_lag4,1.7047145192777783e-7,2.1974833351490035e-5,2.7254959363490627e-5,-6.139144235600642e-5,4.810860596909369e-5,-4.7408389914322933e-5,4.1650936296886325e-5,-3.0483119771642385e-5,2.3861557163737094e-5,500
12,shock_lag5,-6.761310659474414e-6,2.2525882859853592e-5,2.7583095118584375e-5,-6.954867866119569e-5,3.570274320146771e-5,-5.45843233824043e-5,3.110154242973534e-5,-3.6851652453176085e-5,1.5640644659991634e-5,500
12,shock_lag6,4.638905927305597e-6,1.4898185220415616e-5,2.243217180487245e-5,-4.664996837034789e-5,4.121181283523145e-5,-3.3546295467786705e-5,3.396622768685688e-5,-1.7525166550469914e-5,2.425244823009203e-5,500
12,shock_lag7,2.7552553203866814e-6,1.4503766790795291e-5,2.0039235902606015e-5,-3.988497854151649e-5,3.848231992559791e-5,-3.148336509826031e-5,3.255819647744825e-5,-1.873214974545705e-5,2.0154041890605687e-5,500
12,shock_lag8,1.3946858010921765e-6,1.2245985140505315e-5,1.6894529610831513e-5,-3.35373462340647e-5,3.30090112752768e-5,-2.8858486322682314e-5,2.682739313529915e-5,-1.454940238558059e-5,1.5691208204111937e-5,500
12,shock_lag9,8.906313873695018e-7,1.3869769824626806e-5,1.9354674786117894e-5,-3.723131776584086e-5,4.302674839618162e-5,-2.9021050167451443e-5,3.320103965353298e-5,-1.5131979258329568e-5,1.9041042194405782e-5,500
12,shock_lag10,3.6370894171172265e-7,1.026482938797356e-5,1.7292251653481778e-5,-3.353053787047274e-5,3.043905465669767e-5,-2.8177467117500816e-5,2.6415389078555182e-5,-1.2436808208422814e-5,1.5193077618472628e-5,500
12,shock_lag11,-1.55144127928644e-6,1.1782725417933108e-5,1.687606798796224e-5,-3.454087781686568e-5,3.572322604557588e-5,-2.5791612204202508e-5,2.7562118269847096e-5,-1.4710123864972336e-5,1.6247167343183295e-5,500
12,shock_lag12,-7.85217990974737e-6,1.5572918332773682e-5,1.808007839540753e-5,-4.654592898178586e-5,2.2389048834604307e-5,-3.875193541559302e-5,1.867866900704069e-5,-2.4690346127572373e-5,8.706470986865027e-6,500
12,log_oil_lag1,-0.00020375971135801283,0.00013258993330724118,0.0001483814189371184,-0.0005367452804277461,5.8503678822191565e-5,-0.0004600043584454628,-2.830526970819646e-6,-0.0003477837246507591,-7.2756994039998e-5,500
12,ffr_lag1,3.9519622672797545e-5,4.39991875416295e-5,4.5902159158871495e-5,-4.524986815120604e-5,0.00013414898305179232,-2.797511337762303e-5,0.00011852926874159346,-3.2459291157202062e-6,8.615161217082965e-5,500
12,cpi_lag1,7.148034553800178e-7,7.674836990024335e-6,7.262943314687354e-6,-1.5076727195424156e-5,1.309245227619796e-5,-1.2748885738413396e-5,1.1502411671648742e-5,-7.539732933277675e-6,6.751697770858861e-6,500
12,indpro_lag1,7.651168486973022e-6,1.3874983518350562e-5,1.299349568008709e-5,-1.7899669846992994e-5,3.2541940855229364e-5,-1.4947530868284381e-5,2.8261458441718018e-5,-4.666278688322679e-6,2.0861755155932326e-5,500
12,age_mean,0.00012852291723087098,0.00020260843391249912,0.0002005109931488271,-0.00024057455340939423,0.0005103469830843451,-0.00016510814824906734,0.00047447812593620593,-5.102149794927451e-5,0.00036188842254870695,500
12,female_share,-0.010720534282411338,0.00410105647900965,0.004109568445220392,-0.01830582379501227,-0.0024440599694097887,-0.017540410921934608,-0.0038799092892813935,-0.0146893974770914,-0.006766602923054237,500
12,married_share,0.0009530991190778433,0.006700509136712195,0.006334236776676583,-0.011943481238126542,0.01270500828528881,-0.010081106004552068,0.010490039002800338,-0.006154979634904508,0.0066742041680669575,500
12,hours_mean,0.0003487649845350659,0.00025453126909291186,0.0002507102533217154,-9.478742416929394e-5,0.0008690997291161027,-2.6719832863706485e-5,0.0007882224359620166,0.00010455496761918581,0.0006410529221016531,500
12,unemp_rate,0.0075665430366107156,0.007206856318025646,0.006832545390908983,-0.006340843164180373,0.01961653564479948,-0.0036010584103596975,0.01846947627672277,0.001012386922457725,0.01435895005749492,500
13,intercept,-1.09185011079708e-10,1.3113414667315306e-5,1.5952237178205958e-5,-3.288763146412322e-5,3.094506501626168e-5,-2.7765549918515692e-5,2.314227164176479e-5,-1.4843967135090456e-5,1.2720110651399134e-5,500
13,shock,-0.00041191405552622895,0.000899698613333992,0.0008995764272812037,-0.0021849501468983786,0.0010527409278410437,-0.0019757089486752352,0.0008908573431053456,-0.0014815174597505422,0.0003686340727337623,500
13,shock_x_occ2,0.0016817875586553868,0.001438090738924449,0.0014039422328159686,-0.0009546918221370354,0.00442983648619794,-0.0005253695104874244,0.004136085588689215,0.00039238079498466936,0.0032165491489674204,500
13,shock_x_occ3,0.00042081155942326926,0.0009981555955862517,0.0009989293570776402,-0.0012699994924591012,0.002474605177262282,-0.0010887330323647434,0.002226513873830048,-0.00040909095673633835,0.001535303719240692,500
13,shock_x_occ4,-0.0011041941211825264,0.0010140307578973102,0.001002901016111508,-0.0028867618648807524,0.0009323473334423134,-0.0025575074222829643,0.0007323802770193707,-0.0019471435493035928,0.00013779969078772834,500
13,shock_x_occ5,0.0008081368558569316,0.0011660220587465216,0.0011970091711100913,-0.0010531569201387894,0.00345032174995064,-0.0007948231053548255,0.0030921286650496837,-0.0002026903242724418,0.0022812361047197635,500
13,shock_x_occ6,0.0003642456881376957,0.0011132967936251066,0.0011296519819618558,-0.0015836916585457081,0.0026767726718861145,-0.001335168751765809,0.002435418925365417,-0.000606067271414773,0.0016803866986228305,500
13,shock_x_occ7,0.00038570289392787695,0.0010052553813995084,0.0010059367435515728,-0.001417818314344465,0.0024042834981492975,-0.001224882415804059,0.0021491930019931164,-0.0005476939924123977,0.0015795141436624406,500
13,shock_x_occ8,0.0002729991357104211,0.001050336940921188,0.0010650898516853691,-0.0015609906457571166,0.0025403176148133524,-0.001280101973635182,0.002147109170924517,-0.0006801571547064897,0.001485559206237642,500
13,shock_x_occ9,0.0006404432115657251,0.0011938744059192955,0.0011909104347183164,-0.0017281410015533706,0.0029368944562999906,-0.0012347368655380494,0.0027373446166338187,-0.0004110717258537433,0.001940163916956869,500
13,shock_lag1,2.919076813516312e-5,2.326936461090985e-5,2.598514163897324e-5,-1.7024701058656594e-5,9.122571336313173e-5,-5.782827448328052e-6,7.82206528268476e-5,6.47484922780203e-6,5.167907580135962e-5,500
13,shock_lag2,3.3978558832943366e-5,2.9058455747018942e-5,3.093205663803988e-5,-1.503841354286196e-5,0.00011437832663565581,-4.066660907456404e-6,9.295505280753736e-5,8.082741638851778e-6,6.529953238088906e-5,500
13,shock_lag3,1.4244450360263188e-5,2.177076821336827e-5,2.7117124764416834e-5,-3.670969076184577e-5,6.950573748212111e-5,-2.613496396347264e-5,6.052846197998319e-5,-1.2288593897121069e-5,3.724358243990913e-5,500
13,shock_lag4,1.0721017063547617e-6,2.2845804206362273e-5,2.7871419762989356e-5,-5.826593024676021e-5,5.4609614439145205e-5,-4.939860808873091e-5,4.364158062474774e-5,-2.592734836220449e-5,2.666494035113026e-5,500
13,shock_lag5,-9.070881287581939e-6,2.478839204696066e-5,2.9166629409784432e-5,-7.438619922523284e-5,3.697865694820192e-5,-6.0439393423098084e-5,3.035732894727502e-5,-3.877458242642982e-5,1.48647265318361e-5,500
13,shock_lag6,-2.2453106019110074e-6,1.7401452623689165e-5,2.4456501501437208e-5,-5.8848652026989194e-5,4.05082548058492e-5,-4.5622276698523954e-5,3.236692822768739e-5,-2.621049757015566e-5,1.742850880622822e-5,500
13,shock_lag7,-3.7655149971714347e-6,1.6234293684621714e-5,2.0641572715228884e-5,-5.1211325221866996e-5,3.363283152234933e-5,-3.9470201795908935e-5,2.8141443546796348e-5,-2.2297879013919483e-5,1.4495621128351016e-5,500
13,shock_lag8,-2.5384072081534434e-6,1.3876901203957726e-5,1.923115175771671e-5,-5.1613203709859604e-5,3.303242580876561e-5,-3.448142371548579e-5,2.5887994008881165e-5,-1.9149966768110007e-5,1.325290826032454e-5,500
13,shock_lag9,-9.342813524063013e-6,1.5560908529335128e-5,2.0562540276459605e-5,-5.4906323141497575e-5,2.7242566483884616e-5,-4.9048620240428884e-5,2.2222806068721785e-5,-2.814556298094581e-5,8.824737910334554e-6,500
13,shock_lag10,-8.225310965134029e-6,1.2561079217140364e-5,1.782187784264799e-5,-5.225588489224619e-5,1.8156440041957713e-5,-4.09654574265526e-5,1.481347675265307e-5,-2.650379287785407e-5,5.291223190582524e-6,500
13,shock_lag11,-7.0837440818405055e-6,1.3697463031806403e-5,1.781117278192346e-5,-4.391878479142433e-5,2.3346533842097362e-5,-3.937453277008368e-5,1.7665760232580377e-5,-2.6615952239601622e-5,6.9064978426260305e-6,500
13,shock_lag12,-1.4201812629426754e-5,1.6475447652470103e-5,1.9010662410597012e-5,-5.627435032934833e-5,1.8418283201076738e-5,-5.1906314683335786e-5,1.3252566861078698e-5,-3.285808070364494e-5,3.1077635846715715e-6,500
13,log_oil_lag1,-0.00021456604780034134,0.00013842252907606326,0.00015305026114968652,-0.0005307882130787533,4.139315798207133e-5,-0.00048515109680268573,-2.2201769462230523e-8,-0.00037514376583935665,-7.84421527646479e-5,500
13,ffr_lag1,5.331166518092957e-5,4.265419413486842e-5,4.332932140938242e-5,-3.8226210936407795e-5,0.00013666417458700462,-1.336093779653214e-5,0.0001258068802488053,1.4307772187103953e-5,9.827069847272304e-5,500
13,cpi_lag1,2.7257889348568332e-6,8.341065330461042e-6,7.882521535437507e-6,-1.2699581245306594e-5,1.8440506831132754e-5,-8.930989521124105e-6,1.7324791725434184e-5,-4.73686245128933e-6,1.0935735140761965e-5,500
13,indpro_lag1,1.761769228006964e-5,1.5152724728088187e-5,1.4512804721777093e-5,-7.635441245452974e-6,4.9236477935198946e-5,-3.0145618093802477e-6,4.519829595306199e-5,5.639972254603692e-6,3.3432255091036125e-5,500
13,age_mean,-6.7058126195000116e-6,0.00024350923264677315,0.00023443830544720928,-0.00046115202792769455,0.0004227394291760713,-0.00040324065280050524,0.00037375384682181276,-0.0002569732338037168,0.00020813920822762645,500
13,female_share,-0.004991791983420392,0.004366399616612645,0.004191918251105891,-0.012233687961519659,0.0038589432659582347,-0.011529909351985857,0.0018062397997731137,-0.009230758650115616,-0.0007868797922110356,500
13,married_share,0.0016111362948082546,0.006890983482054954,0.006552802023617443,-0.010409896689695075,0.014562578475936675,-0.008360641535551282,0.012263533004134615,-0.004511143061509653,0.008387170281727816,500
13,hours_mean,0.00017130682502677368,0.00024401149257734694,0.00023689669521647098,-0.00030266244425739377,0.0005871702899001188,-0.00024793369311024735,0.0005235107232986026,-9.461287818263541e-5,0.0003763516359547199,500
13,unemp_rate,0.011084560153500006,0.007380987172007485,0.007069297502219319,-0.0022917470620461644,0.02555330649744884,0.00046981891751238746,0.023083781720532118,0.004665455629675231,0.01850594842328277,500
14,intercept,3.697112067489969e-10,2.1375400041663334e-5,2.2059547837372584e-5,-4.5650948830007915e-5,4.439814156583892e-5,-3.7745518018831056e-5,3.445659024449559e-5,-2.0088192122712123e-5,1.9175932613785937e-5,500
14,shock,-0.0010108154721700463,0.0008726211673017411,0.0008813668332601189,-0.0027757682787478886,0.0007518176235953996,-0.0024838952366508602,0.00040312690695377306,-0.0019495893734653078,-0.0001769442807127352,500
14,shock_x_occ2,0.0016182716761012157,0.0013861598810463206,0.0013617229160125545,-0.0009984608353409323,0.004204723316562083,-0.0004286525915376316,0.003865935684357361,0.00037410173038362815,0.003045449830783243,500
14,shock_x_occ3,0.001036658268048566,0.00104246976213694,0.0010244246732477788,-0.000907530490822286,0.0030567197023350454,-0.0006662965086718542,0.00275854272786309,0.00014195080272327442,0.0021518005939368157,500
14,shock_x_occ4,-6.202572130021189e-5,0.0009198754121816461,0.0009745813005419096,-0.0018881000672077832,0.002052760795402261,-0.0015497450673685063,0.0016613825109348104,-0.0009176789880034007,0.0009856368006327173,500
14,shock_x_occ5,0.0009637427790018286,0.0010720650656630252,0.0011695520647534026,-0.0012129304070547114,0.0033171381687268635,-0.0008871930349900162,0.0028589181868986244,-2.5483488530013284e-5,0.002179825746081426,500
14,shock_x_occ6,0.0008772051561371419,0.0011757657844332975,0.0012033765126310326,-0.001484534019798612,0.003363951036580051,-0.0009978217610721303,0.00297548486417272,-0.00028949219174306313,0.0020849474785043557,500
14,shock_x_occ7,0.0009855493838847634,0.0009993677112948116,0.0010192868820004853,-0.0009803516373082504,0.0028912287892405926,-0.000601438576326044,0.0026463876829803967,0.00010292681134931457,0.002123996650129443,500
14,shock_x_occ8,0.001558042503748008,0.0010565401427420338,0.0010790810499733629,-0.0003703463701029067,0.0038011524007844103,-8.365624170897206e-5,0.0033355602123824333,0.0005675527895184665,0.0027680911210999633,500
14,shock_x_occ9,0.0017108182241147654,0.0011637415964184036,0.0011504093906824632,-0.0005200398465926605,0.0039029662705589285,-0.0001749532694494755,0.003654948827900219,0.000600517401342583,0.0030246102439486873,500
14,shock_lag1,4.5704406616952804e-5,3.0020871293208024e-5,3.5663081626434237e-5,-3.5654784715068454e-6,0.00014126547119352762,4.4139478896171175e-6,0.00012622228205242156,2.0521286886657563e-5,8.702762286926852e-5,500
14,shock_lag2,5.049704618742035e-5,3.334014072472252e-5,3.475977372583821e-5,-2.5899425072100944e-6,0.00013388284905725906,7.453792816680576e-6,0.00011561636904301674,2.2556443506105527e-5,9.120502178951838e-5,500
14,shock_lag3,2.8307815995084418e-5,2.9766189524102534e-5,3.43081191324481e-5,-2.8151653877002377e-5,0.00010782262768759813,-2.1385436007294264e-5,8.904215027404629e-5,1.3660310389071253e-6,6.248434159645615e-5,500
14,shock_lag4,9.972178049732434e-6,3.274071041402363e-5,3.586325302194019e-5,-5.5289526995646685e-5,8.628877342674474e-5,-4.060343776434713e-5,7.524583276583272e-5,-1.964512117960728e-5,4.5933433498945374e-5,500
14,shock_lag5,-1.0829097757080079e-5,3.45401663869561e-5,3.7089340046729846e-5,-8.013036049789608e-5,6.0342234184258844e-5,-7.150897610761446e-5,4.6380510641831784e-5,-4.45984426756033e-5,2.5829606558290807e-5,500
14,shock_lag6,3.555377859329252e-7,2.6765497834795705e-5,2.983753146065545e-5,-5.820546771225017e-5,5.802652575107759e-5,-4.903536772763603e-5,4.885082557563697e-5,-2.8250054533444108e-5,2.988755552067645e-5,500
14,shock_lag7,-1.550871944793291e-5,2.577219469143925e-5,2.8576778831005326e-5,-7.230594389642185e-5,3.781780086424186e-5,-6.315371909799515e-5,3.183465138069518e-5,-4.078975017913078e-5,1.3414411706391454e-5,500
14,shock_lag8,-8.102752164046516e-6,2.2296477538072018e-5,2.610106035134282e-5,-5.722511435888549e-5,4.509947296356553e-5,-5.039621379370452e-5,3.434964939639442e-5,-2.8988019168878725e-5,1.9033525458687418e-5,500
14,shock_lag9,-2.4585750323214882e-5,2.36772900119447e-5,2.648532654056346e-5,-7.044374312049765e-5,2.9662444957602805e-5,-6.266431244534958e-5,2.1502711203967794e-5,-4.7030963568459474e-5,5.186901082273437e-6,500
14,shock_lag10,-1.3552380913575225e-5,1.936926235360009e-5,2.4918251169118077e-5,-6.229123555322253e-5,3.5763285675317017e-5,-5.547936527427543e-5,2.7593092569097968e-5,-3.6237074803576e-5,9.429825180288358e-6,500
14,shock_lag11,-1.299090019637459e-5,2.144425022753047e-5,2.5230974945456375e-5,-6.715913902157126e-5,3.3571424908495997e-5,-5.6478412245874295e-5,2.575506119403834e-5,-3.7716463592423946e-5,1.0500732138754197e-5,500
14,shock_lag12,-2.143164522137555e-5,2.2569946827085248e-5,2.6491386616386032e-5,-7.63004932451428e-5,2.3493524557931204e-5,-6.563430749260386e-5,1.619913463639165e-5,-4.54074923733944e-5,4.512677713291277e-6,500
14,log_oil_lag1,-0.00037990304690351965,0.000174038111238985,0.000182564798327603,-0.0008195966509141072,-0.00010529681338323897,-0.0007389163903501462,-0.00013185426077640775,-0.0005832895583862191,-0.00022934848126719508,500
14,ffr_lag1,9.905963634450361e-5,4.175940421737901e-5,4.49771939117333e-5,2.4029152639942572e-5,0.000204206391320032,3.302499730404355e-5,0.00018366552287553902,6.247441557785411e-5,0.0001485802049188669,500
14,cpi_lag1,7.234111274280947e-6,9.563782561354813e-6,9.003780051028128e-6,-1.0631775083573014e-5,2.5421320174762543e-5,-6.458606681983315e-6,2.1676966769160133e-5,-5.939411851902711e-7,1.695281365482174e-5,500
14,indpro_lag1,2.979221884662438e-5,1.4498152497699067e-5,1.4601124445249878e-5,1.6553717944324957e-6,6.065307238212517e-5,7.0889971502906325e-6,5.206967554870416e-5,1.6218268838122807e-5,4.4809719773621866e-5,500
14,age_mean,-3.9565714128144306e-5,0.00022740680963334318,0.0002248412622815285,-0.0004230954432924313,0.0004291368368427237,-0.0003856261944298787,0.0003289466538125494,-0.00026442009304326707,0.00018726311965027348,500
14,female_share,-0.009163914149910184,0.004614651137897175,0.004490421142847609,-0.018250942216583424,-0.0009847124635792097,-0.016642063722701023,-0.0020066540280116478,-0.013805318457086138,-0.004841368921562696,500
14,married_share,0.006247849068045458,0.007563504762334478,0.007243576962793989,-0.006155194085659876,0.020591726761904704,-0.0037795731101527104,0.018337899606933335,-0.0007923431161063322,0.01379979762367409,500
14,hours_mean,1.831324504472093e-5,0.00024882154042396435,0.00025324285660405796,-0.0004811695821534854,0.0005231778880869389,-0.0004008441451162878,0.0004298953174452509,-0.00022763626883865956,0.0002643922545680263,500
14,unemp_rate,0.016039681110192026,0.0068251933934343695,0.0070063316358285,0.003018856748412645,0.0303177184283258,0.005525771038361151,0.02761352438950003,0.009545946551997146,0.02326800152520832,500
15,intercept,1.2761427585777603e-9,3.2790024349667115e-5,3.351302056523208e-5,-6.255025696251873e-5,6.656848619058529e-5,-5.11218415207571e-5,5.732753037207391e-5,-2.716015829156632e-5,3.64421284449183e-5,500
15,shock,-0.0008719230759828385,0.0008827003696645416,0.0008748089863129357,-0.0025694527042688263,0.0007583813894955405,-0.002297811162992902,0.0005772765846993308,-0.0017987963527647524,6.320260474878727e-6,500
15,shock_x_occ2,0.0017645839576108785,0.0014333891103975927,0.0014413550710160826,-0.0010112735958363464,0.004823048067225922,-0.0006282976771091754,0.004168410460630775,0.00036969900708538965,0.003159974709543374,500
15,shock_x_occ3,0.0010860682953866866,0.0009235663240129007,0.0009114847286222484,-0.0006228611498733116,0.002807434426432674,-0.00039943529135204125,0.0025441229981123877,0.00021273107256054898,0.002054891368046992,500
15,shock_x_occ4,-0.0006165721221685723,0.0010800924228076905,0.0010519822350477746,-0.0026561374464325297,0.0012610689396964415,-0.002383080730231158,0.001073053156675252,-0.001664823517339239,0.0004868117220245727,500
15,shock_x_occ5,0.0012778828572767194,0.0011258651217024521,0.001165600590460729,-0.0009932359304525647,0.003547492352739709,-0.0006197092510242305,0.003108658182480107,0.0001594689325814015,0.0025370796730604783,500
15,shock_x_occ6,0.0006849146841854829,0.0011466953095653689,0.0011353478491227568,-0.001333410238882871,0.0029108022500676355,-0.0010148523301200315,0.002671965086404983,-0.0004467958048927846,0.0018451780542471736,500
15,shock_x_occ7,0.0010380774187000168,0.001059345810072954,0.001042955468498968,-0.0008873689398334109,0.003048394700561799,-0.0006903893294923062,0.0026959132597903094,-2.1723077143184156e-5,0.002127430803512983,500
15,shock_x_occ8,0.0010831098231856215,0.0009586028871804484,0.000993007357000366,-0.0006731769482647134,0.0030591938581917286,-0.00048417423928332593,0.002720710604142114,6.361240395928239e-5,0.002153292458967666,500
15,shock_x_occ9,0.0008810945470850506,0.0012844805239862497,0.0012120654058819427,-0.0014346859380246811,0.0031407458112852793,-0.001126819390942931,0.0028966063304680725,-0.00033769859733892625,0.0021029066803484858,500
15,shock_lag1,6.681221668296965e-5,4.144941298952407e-5,4.674475147774657e-5,-2.354073309033116e-6,0.00017358294302508758,8.967919884403368e-6,0.00015780103557527328,3.505982106575276e-5,0.0001273571820785856,500
15,shock_lag2,7.885445126833116e-5,4.248076287605153e-5,4.468469200540895e-5,1.2583983024827552e-5,0.00017358205679181017,1.953112058302407e-5,0.00015904549656626724,3.997224164861865e-5,0.0001326372042972652,500
15,shock_lag3,4.498809646925427e-5,4.175961214945765e-5,4.6157084888329376e-5,-3.389605474095134e-5,0.00014657897001699416,-1.8837827364159368e-5,0.0001308938324862054,6.332802006956696e-6,9.606413824580481e-5,500
15,shock_lag4,1.9568989072048086e-5,4.525983268548566e-5,5.108666524734943e-5,-8.077385890203887e-5,0.00012255542365442572,-5.9840896296508255e-5,0.00010699106778252262,-2.4548306945988754e-5,7.482015369596503e-5,500
15,shock_lag5,-1.5467792490165048e-6,4.5427184120495106e-5,4.8085255460106165e-5,-8.910253325045928e-5,9.43575236822033e-5,-7.94399088510242e-5,8.322611717581123e-5,-4.140753910414518e-5,4.938931152353795e-5,500
15,shock_lag6,7.881499708286895e-6,3.8129228196690745e-5,4.3888023841123944e-5,-8.346776184955663e-5,9.026189484591729e-5,-6.480659417192786e-5,7.060827478664044e-5,-3.36681207631881e-5,4.989932671022609e-5,500
15,shock_lag7,-2.5196766877341754e-5,3.793266598245134e-5,4.2286916655668676e-5,-0.0001084849708596176,6.124555059386582e-5,-9.770777442581172e-5,4.1346208356233485e-5,-5.972035592861326e-5,1.4618886521253882e-5,500
15,shock_lag8,-1.9975993972280525e-5,3.486632922446356e-5,4.090921550883053e-5,-0.0001057636132367096,5.812973955288833e-5,-9.018383269816643e-5,4.398682457296289e-5,-5.967494118758276e-5,1.6559064498975864e-5,500
15,shock_lag9,-3.852801097816596e-5,3.5882205301095866e-5,4.1130764109796155e-5,-0.00011381967868385195,3.873184360871044e-5,-0.00010488655095903017,2.4773590168309047e-5,-7.823416897971417e-5,3.755999681535935e-6,500
15,shock_lag10,-2.2087418035891893e-5,3.09832208908225e-5,3.805274947578576e-5,-0.00010191040999050872,4.261488501415858e-5,-9.067037277894543e-5,3.384601764100648e-5,-6.14659936201379e-5,1.4504594444173197e-5,500
15,shock_lag11,-1.7319430012388996e-5,3.356930079160386e-5,3.953528623271232e-5,-9.725711023458712e-5,5.567591708224902e-5,-8.7091386475992e-5,4.760987029093936e-5,-5.3642742040914336e-5,2.074952845485603e-5,500
15,shock_lag12,-3.084470466237032e-5,3.198848677260756e-5,3.887504650311434e-5,-0.00010153085777441759,4.2053471590323065e-5,-9.189851486597878e-5,3.099659974164762e-5,-7.251361296861508e-5,4.952274201149275e-6,500
15,log_oil_lag1,-0.0005513033543725247,0.00022978488317621269,0.0002274780311169552,-0.0011226932813764537,-0.00020978192864857067,-0.0010211769994387832,-0.00028451738805884035,-0.0008148582128171165,-0.00038306587063675077,500
15,ffr_lag1,0.00016677801893303339,4.509624673120975e-5,4.56495237720475e-5,9.802105328195963e-5,0.0002756194739243449,0.00010692359377684863,0.00025400327508950254,0.0001322597690689029,0.0002265432462236893,500
15,cpi_lag1,5.957003563280959e-6,1.037576432397932e-5,9.693810517585072e-6,-1.1987349775672194e-5,2.4239223908616694e-5,-9.344512019832282e-6,2.1864508458293802e-5,-2.903829002232133e-6,1.5962112578624222e-5,500
15,indpro_lag1,4.221719633111878e-5,1.5756018773697924e-5,1.55629646971608e-5,1.2873031899489073e-5,7.411067988960167e-5,1.7392382007799717e-5,6.970741027575424e-5,2.8782247628304956e-5,5.9312708646489055e-5,500
15,age_mean,2.22901642729527e-5,0.00021979674694719888,0.000223862415458996,-0.00039252113242982986,0.0004917408943372755,-0.00031955471778397727,0.00041751263725953186,-0.00019449396559817657,0.0002502122502682578,500
15,female_share,-0.00944444479784903,0.004373239971856995,0.004465066940929506,-0.018140017817661953,-0.000642028000524768,-0.01633449205273681,-0.0022236875544934184,-0.013731103090060873,-0.005209967235889662,500
15,married_share,0.005316035795047098,0.007619206442731314,0.0068970774501259805,-0.0083364254250248,0.019247885521212107,-0.006223411857660166,0.016723466547455317,-0.001551775726751811,0.011622842886994049,500
15,hours_mean,-0.00021554270781679654,0.00025048470587462187,0.0002429956160304711,-0.0006889376727558327,0.00026251517645169186,-0.0006067748819785448,0.0001980186591314838,-0.00044279536330719054,2.255161878786092e-5,500
15,unemp_rate,0.023046070030456493,0.007529629598707001,0.00767613352126741,0.009287490171304646,0.03980946654584873,0.011262636902869128,0.037467354078930565,0.0172742077544727,0.03160366468061916,500
16,intercept,-2.1065324047972453e-10,4.408137931643235e-5,4.3346678920956605e-5,-6.776478326352293e-5,9.459493642053716e-5,-5.871311893359069e-5,8.055471158406809e-5,-3.2936095641263536e-5,4.9732501789436694e-5,500
16,shock,-0.0013621426274678643,0.0009634718917383598,0.0010395814993980576,-0.0035368520131991697,0.0005911141529207996,-0.0030736795664715435,0.0003887633788275346,-0.0024103831289196695,-0.0003943365419706525,500
16,shock_x_occ2,0.002189430432353611,0.0014530571932336903,0.0015835293260089342,-0.000763470251939287,0.0055079889327906495,-0.00026782358539652004,0.004803714514502329,0.0007407141176188407,0.0038632943083667564,500
16,shock_x_occ3,0.001593789954136079,0.0009768344115055904,0.0010423544173362683,-0.00043348373932897957,0.003688472638062567,-0.00010041805262032513,0.003348744300028528,0.000554689878447564,0.0026390000653265288,500
16,shock_x_occ4,0.0005240739079615327,0.0011543164628551807,0.001169740638809641,-0.0018104052945830248,0.002725922741840266,-0.0013344763053463903,0.002391292240105617,-0.0007096566480122307,0.0017087283684988897,500
16,shock_x_occ5,0.001871075549089715,0.0013312637471401983,0.0014192710316595334,-0.0006954664363004346,0.004666094962675957,-0.00030778900111558705,0.004290382456779519,0.00036417744331079333,0.0033170672743757282,500
16,shock_x_occ6,0.0014539776661152476,0.0012043494647475013,0.0013022075623302324,-0.0009878456142425102,0.004164662162082241,-0.0005061609601996005,0.0037332557310769377,0.00031031992333338613,0.0028424482235879724,500
16,shock_x_occ7,0.0014920814883968708,0.0012085621964985735,0.0013101240150204855,-0.0011975282378532707,0.004195795552006942,-0.0006082826282236093,0.0036261760603733696,0.00022788248786990322,0.002696063867745157,500
16,shock_x_occ8,0.0011600120997557024,0.0010870474791191962,0.0011726837822765312,-0.001030024307150268,0.0035494472210494685,-0.000697326060229657,0.003189034759456332,5.775000068252688e-5,0.0024161247712985398,500
16,shock_x_occ9,0.001141993934648272,0.0012855915800161944,0.0013500328680342592,-0.0012950528450559006,0.0037231738233755775,-0.0010988524198175325,0.003466164410653066,-0.00023537930314312483,0.00250580856720982,500
16,shock_lag1,9.486156332940851e-5,5.4111579298143496e-5,5.712779502378384e-5,3.250565261610837e-6,0.00023113289750433414,2.0420364268570888e-5,0.00020502743654845536,5.242994646641045e-5,0.0001586928161008658,500
16,shock_lag2,0.00011744263701924259,5.099942403091992e-5,5.394211764246001e-5,3.0044900995604116e-5,0.000251405520771205,4.590675161486301e-5,0.00022897172886269902,7.265609796847946e-5,0.00017572309474022204,500
16,shock_lag3,5.4699778443909714e-5,5.895405484576953e-5,6.313342540062128e-5,-3.547118578963453e-5,0.00020862589832115874,-2.2215523237127725e-5,0.00017906164463334662,4.029395728438417e-6,0.0001390027125477131,500
16,shock_lag4,1.7488555499059826e-5,6.216490671805713e-5,6.836231604328077e-5,-9.904104253444449e-5,0.00016161236280213441,-7.789819322664885e-5,0.00014183235519930377,-3.772061829309204e-5,9.533934980559981e-5,500
16,shock_lag5,-3.999335865672599e-6,6.321295049533948e-5,6.88580859670139e-5,-0.00014555313358133185,0.00012724847296353026,-0.00011564796259280736,0.00010961627532876794,-6.370240063810878e-5,7.159701069708467e-5,500
16,shock_lag6,9.40264465204857e-6,5.166922096264037e-5,6.0263141597027786e-5,-0.00011450460733685201,0.0001304706275261494,-9.331780960799845e-5,0.00010168216360295705,-4.316780544056863e-5,6.860343416693925e-5,500
16,shock_lag7,-2.273612357511677e-5,5.2495783572884235e-5,5.94132602559545e-5,-0.000134802841860598,0.00011203253450210284,-0.00010371160934541376,8.089841639901927e-5,-6.63461968877551e-5,3.972822674597929e-5,500
16,shock_lag8,-3.225976227334745e-5,4.706471273898445e-5,5.226951021499216e-5,-0.0001270868930870727,7.977068032269415e-5,-0.0001065527131728001,5.761470016225741e-5,-7.189706959833138e-5,2.31357633947925e-5,500
16,shock_lag9,-4.04599921807291e-5,4.7668308045419066e-5,5.321564117709911e-5,-0.0001280558993367606,7.821372979344135e-5,-0.00011389331487730964,5.398504309812495e-5,-8.216182362591213e-5,2.3515929442158716e-5,500
16,shock_lag10,-3.7279989498613695e-5,4.312979747444392e-5,4.8187535062323696e-5,-0.0001292157993112772,6.10963155219419e-5,-0.00011027566535487074,4.6819176154295855e-5,-7.418035481954348e-5,1.6084302206520276e-5,500
16,shock_lag11,-1.6102515410422616e-5,4.1845689674588106e-5,4.581108124753254e-5,-0.00011034095404853806,7.367267495139344e-5,-9.328922214452354e-5,5.9493510108101045e-5,-5.8780147978234283e-5,2.7841364744418804e-5,500
16,shock_lag12,-4.834141732941904e-5,4.219879535307913e-5,4.996900151215478e-5,-0.0001405795659557162,5.458612217167167e-5,-0.00013130357769247406,3.630979407051063e-5,-9.245787563482105e-5,-3.956306050939727e-7,500
16,log_oil_lag1,-0.0006996682591400503,0.000316794892907056,0.0003086629405462839,-0.0014044212368567533,-0.0002819890279375115,-0.001358118455622598,-0.0003450549369946304,-0.0011091399903617057,-0.00047565480052890136,500
16,ffr_lag1,0.00022191517587507014,5.632422063232696e-5,5.8236354820020604e-5,0.000136979817473838,0.0003662874648651416,0.00014738064532631698,0.0003432997868686253,0.00018324174281248774,0.00029852918819503834,500
16,cpi_lag1,-3.125473980563241e-6,1.1873356622900345e-5,1.1018953937245579e-5,-2.401510292742985e-5,1.9021539311830196e-5,-2.060187704946274e-5,1.6084821306865634e-5,-1.2443136305784638e-5,8.642919625650278e-6,500
16,indpro_lag1,5.087185633364606e-5,1.743668446657367e-5,1.7394149534742563e-5,2.2152958818673188e-5,9.182088203770302e-5,2.787992455141321e-5,8.347390614552194e-5,3.696771534054176e-5,7.150700026021449e-5,500
16,age_mean,0.00024573808112883424,0.00024612165007915866,0.00024008147647119362,-0.0001773278868850293,0.0007662305291303486,-9.320319655913627e-5,0.0006387269591007225,2.5347157077846478e-5,0.0004931404897925928,500
16,female_share,-0.00932752751614859,0.004245216254671967,0.004228396775247785,-0.018391174324978873,-0.0021071170348966727,-0.016521546643044976,-0.0030481836119372746,-0.013691514915035292,-0.005034018944848981,500
16,married_share,-0.003340502550556524,0.007860045926617359,0.007057139739681333,-0.018149516002603186,0.009634301753511832,-0.015512294605315275,0.007480961559633959,-0.010717274101279876,0.0036267543651746586,500
16,hours_mean,5.892526458070337e-5,0.00027001309261832446,0.00026670748566279105,-0.0005153175478445929,0.0005608566283877042,-0.0003987039540875545,0.0004694055620643456,-0.00021181038065877823,0.0003094391585026099,500
16,unemp_rate,0.03382525716182275,0.007933283002279095,0.008112040634476517,0.021742585905195615,0.05222035220247969,0.023689162025504567,0.050116483042157337,0.02840998202254159,0.045161434658395005,500
17,intercept,8.580286497855931e-10,4.927306248845014e-5,5.22696644778164e-5,-9.703788548172046e-5,0.00011268213562360778,-8.184849954439712e-5,9.973400573424833e-5,-4.226348890959392e-5,5.2962252654254775e-5,500
17,shock,-0.0011121529495709802,0.0010481578535144241,0.0009974671964651698,-0.003020920519371607,0.0008657883583569685,-0.0027626073245724013,0.0005243953602800558,-0.0020521420623098472,-0.00012157434887975972,500
17,shock_x_occ2,0.003246356915706004,0.0016804573990872379,0.0015803493023731757,0.00018915978932644283,0.00608200300055696,0.0006189223706384594,0.005832216792369777,0.001679189459902412,0.004811300498382336,500
17,shock_x_occ3,0.0013515765898738674,0.001105265287689004,0.001041691802091729,-0.0007995468574943704,0.0031976056800545266,-0.00042706376641001107,0.0029544090595794987,0.00032503343189527694,0.002355021913358831,500
17,shock_x_occ4,-0.00038382604011043335,0.001128302393952022,0.0011473341858800133,-0.0026854439352257545,0.0017206088725549274,-0.0023229310407049835,0.0014004605141451035,-0.001509541372845176,0.0007705831678989478,500
17,shock_x_occ5,0.0006472854333940103,0.0012609353002420124,0.0012443346639759165,-0.0016284124281026567,0.0030831168912508707,-0.0013647127954960238,0.0026742680904111474,-0.0006483814075543063,0.0019132989644997723,500
17,shock_x_occ6,0.001916477078840234,0.001309372222354149,0.0012686648158264054,-0.0005384145949160486,0.004448289792230241,-0.000139254745404412,0.004045826243377865,0.0006501805068021909,0.00319153678728046,500
17,shock_x_occ7,0.0008265355880947282,0.0011993761711762635,0.0012089933513539193,-0.0015498457012449022,0.0031087515078583802,-0.0011425881937601062,0.002746300621412059,-0.00037461817451707376,0.002010827312425083,500
17,shock_x_occ8,0.0009996268557033682,0.0011848450133836355,0.0011313640937169345,-0.0012162428288257062,0.0030752649665347315,-0.0008564612027670588,0.0028240614709041214,-6.703481838886549e-5,0.002121806209754799,500
17,shock_x_occ9,0.0004627445228050835,0.0014735254666123996,0.0013397135436641857,-0.002302599476891556,0.0030205511038000304,-0.00187582910003318,0.002554254884914976,-0.0008521204362852619,0.0016774997956081118,500
17,shock_lag1,9.261640715073095e-5,5.7240916801214516e-5,6.456627140439339e-5,-1.4547158005936031e-5,0.00023477205591315172,6.993958152486517e-6,0.00021790082490570208,4.8808646159344114e-5,0.00017428866471232873,500
17,shock_lag2,0.0001125386605844374,5.586233363031828e-5,5.898266259558981e-5,2.0734325382792313e-5,0.00025185014187407783,3.2759152538413144e-5,0.0002338136570279053,6.322649185548319e-5,0.00018215983508082644,500
17,shock_lag3,5.051553732068255e-5,6.766930979006618e-5,7.412501081114882e-5,-6.572090935858474e-5,0.00022167295699766277,-4.921173968673606e-5,0.00019581639643745122,-1.0303031308922708e-5,0.00013490902483250157,500
17,shock_lag4,1.0144812217464346e-5,7.065158500810898e-5,7.687208581883437e-5,-0.00012451994343275118,0.00018088957395732204,-9.87502111633976e-5,0.00014331337112220561,-5.355945666099748e-5,9.780832794946599e-5,500
17,shock_lag5,-1.8707746284318535e-5,7.205466416670212e-5,7.509563520563078e-5,-0.00015722788391922548,0.00013282188875330512,-0.00014257182130256773,0.0001069692136212253,-8.351298584144187e-5,6.612629045177938e-5,500
17,shock_lag6,-4.1285730750936696e-6,5.894520924662761e-5,6.56993875509429e-5,-0.00013427334288354043,0.000123277015789673,-0.00010123316226317868,0.00010112290923344412,-6.451017958175355e-5,6.48266074918227e-5,500
17,shock_lag7,-3.624085794314588e-5,5.81960869759274e-5,6.14334849843481e-5,-0.00014902376786864096,8.969381409106605e-5,-0.00013021527758401256,6.404595696252042e-5,-8.362039285046059e-5,2.4785805992937706e-5,500
17,shock_lag8,-3.738623914235136e-5,5.244830101517415e-5,5.8611468618737184e-5,-0.00014101809481496092,9.423038598061688e-5,-0.00012620160913720616,6.7513275212407e-5,-8.421403781409733e-5,2.0836306203013478e-5,500
17,shock_lag9,-5.6272486021674545e-5,5.3106209594318216e-5,6.211295250967181e-5,-0.00017932770991037567,5.524342497574777e-5,-0.00015586804974435672,4.1110382646589223e-5,-0.00011206440401739182,1.0951384505679582e-5,500
17,shock_lag10,-4.195152084606742e-5,4.7156418909859736e-5,5.3689886737255245e-5,-0.00014065096775758298,6.0164503657527565e-5,-0.0001228302972421121,4.565688852539995e-5,-9.578397505776578e-5,1.0588087507098816e-5,500
17,shock_lag11,-2.4132199829042245e-5,4.6577850277294955e-5,5.6523810570341466e-5,-0.00014411840699627858,8.501673126829357e-5,-0.00012252540518144103,6.31448591587271e-5,-7.765323226349515e-5,2.599880023483394e-5,500
17,shock_lag12,-5.780767709891267e-5,4.623528275320518e-5,5.475522903335745e-5,-0.00016544222891897055,4.846239221401044e-5,-0.0001445437768177557,3.1606880255306195e-5,-0.00011444991746158303,-5.1003298772816155e-6,500
17,log_oil_lag1,-0.0007355030213311985,0.00034039466244730913,0.0003495076466641834,-0.0015518228472470152,-0.00023226651667152955,-0.0014877011539777096,-0.0003244672726321533,-0.0011693723058298611,-0.00046200699516242864,500
17,ffr_lag1,0.00023356576065484513,6.0183515213602246e-5,6.410384842418005e-5,0.00014079394017637195,0.0003880637065671967,0.00015129131452455244,0.00036567771012271455,0.00018815131693213584,0.0003198898938995479,500
17,cpi_lag1,5.942699289707864e-7,1.1719685780086693e-5,1.1576848374124456e-5,-2.069236720807971e-5,2.3073437029336027e-5,-1.7979175384282928e-5,1.9472644755576754e-5,-1.0484641297580096e-5,1.2289756501022397e-5,500
17,indpro_lag1,6.530950860034909e-5,1.882504864257221e-5,1.806729837497502e-5,3.3564424294724144e-5,0.00010359237332082577,4.009301177693861e-5,9.896691017591387e-5,5.119489322579446e-5,8.732086368564915e-5,500
17,age_mean,6.480325980375317e-5,0.00024528206896772144,0.00023839860837146176,-0.00040076301680318325,0.0005242642618895735,-0.0003177754808348339,0.000475170814462252,-0.00016315078160138933,0.00031848958591814764,500
17,female_share,-0.009876858644807496,0.004556270425384205,0.0046858365125439574,-0.019422901624440717,-0.0007979226510418189,-0.01761568695784101,-0.002607346470481794,-0.014019962355618896,-0.004887021043991379,500
17,married_share,-0.001218003297692401,0.007524085785786327,0.00739153495622076,-0.01691251764389978,0.013124374917722718,-0.014356138842319262,0.010919895222290383,-0.008467827444061484,0.00533973459828197,500
17,hours_mean,-1.4077710286675827e-5,0.00029262964992703773,0.000299520145171523,-0.0005816915246473224,0.0005624736624889309,-0.0004793089212571608,0.0005010486608863805,-0.0002979189229889867,0.0003362129408977564,500
17,unemp_rate,0.03929505349664714,0.008407590054026125,0.008583109611835876,0.02608603561211969,0.06012909266406792,0.02768007264968592,0.05778305963199459,0.0337429526802994,0.05011713898876003,500
18,intercept,8.635757567884546e-10,5.6142559027326734e-5,5.354767313379075e-5,-9.156959684402915e-5,0.0001208451102330729,-7.420374531270213e-5,0.00010379930689474548,-4.2235127081182184e-5,5.710515286268264e-5,500
18,shock,-0.0008623603240139311,0.001014931222726044,0.0010082475016973977,-0.0028439325408046333,0.0009735978029629258,-0.00247942098928209,0.0007210111833234103,-0.001945834835098015,0.00014103781356714177,500
18,shock_x_occ2,0.001027198499431975,0.001449217926637635,0.0014115265109613715,-0.0014269118160497992,0.003906645281949659,-0.0011599494738991222,0.0034136993915303095,-0.0003095789719982913,0.002501127825430366,500
18,shock_x_occ3,0.0011286965813945768,0.0010177718448907192,0.0010119082821602506,-0.0005607115645638888,0.0031961628712592906,-0.0003872560374944126,0.0028440492686860014,0.00010107676378841566,0.002254096132897988,500
18,shock_x_occ4,-0.00030090271670398183,0.0009702902368662997,0.0009991135677789363,-0.0021659976347713833,0.0016125379079696242,-0.001860029965233688,0.001376916035139138,-0.0012179965207243359,0.0007550344274688947,500
18,shock_x_occ5,0.0009916030070535545,0.001321666158109529,0.0012972343326607487,-0.0014272331347241125,0.003710380934051397,-0.0009288108418559305,0.003221719261097824,-0.0001870501068698088,0.0024113814678566234,500
18,shock_x_occ6,0.0010989555221208424,0.0013954788195908359,0.0013792036603737453,-0.0012711477396573038,0.003821435012023148,-0.0010834089616995665,0.003408066698827132,-0.0002943788459256812,0.002579010523515265,500
18,shock_x_occ7,0.0007340689810151475,0.001182761886219433,0.0011836226248445204,-0.0014938243808775443,0.0030570233553208234,-0.0011321041400773476,0.0026953231356164746,-0.00045268093633250205,0.0019724859137475984,500
18,shock_x_occ8,0.0011593006097940243,0.0011737538049421009,0.001176895182965257,-0.000910775810231055,0.003555826043358353,-0.0005887994043480911,0.003236179473683748,9.341265449694666e-5,0.0024712976868152964,500
18,shock_x_occ9,0.0007941541751966131,0.0013158151014141754,0.0013294609099822076,-0.0018226649486382171,0.003286366228072394,-0.00150572271264041,0.0027798521729428326,-0.0005134379196561773,0.002177679241797183,500
18,shock_lag1,9.551398865224445e-5,6.500484363342487e-5,7.245228081092599e-5,-2.2371600596065014e-5,0.00026082542659156433,-4.844094572624698e-6,0.0002303593806178017,4.1322605623487105e-5,0.0001807879858582698,500
18,shock_lag2,0.00012964617122205623,6.413237645563654e-5,6.91603760376164e-5,1.9832007346475187e-5,0.000284189227328038,3.663690474791199e-5,0.0002657054998368975,6.809720634553037e-5,0.00020550549586085434,500
18,shock_lag3,6.993809545187554e-5,7.497456792372049e-5,8.350175556491647e-5,-6.844864444164289e-5,0.0002435294032839258,-4.564559721028322e-5,0.00022086399184846847,-6.129347128836488e-6,0.00016103916867221685,500
18,shock_lag4,2.4937811751667226e-5,7.91925804438512e-5,9.48357057571893e-5,-0.00015031327557666984,0.0002109913046094928,-0.00012358344702831402,0.0001866662250590554,-6.060529397512911e-5,0.00013405355507802518,500
18,shock_lag5,-1.3611378200076973e-5,8.195677413953183e-5,9.014787490650147e-5,-0.00020697556682502109,0.00015713544788414978,-0.0001673408335494736,0.0001285000861911501,-9.99647004368087e-5,7.327509116829097e-5,500
18,shock_lag6,-4.365231150901285e-6,6.884353571829293e-5,7.223445471613629e-5,-0.00015866548787954674,0.00014011170418641982,-0.00012296866812020696,0.00010577077099576861,-7.72597875252314e-5,6.609625143748364e-5,500
18,shock_lag7,-5.382979993476318e-5,6.827424045361919e-5,6.903067095830909e-5,-0.0001817511042927336,7.406543184232406e-5,-0.00015752541631291702,5.4452284119672294e-5,-0.00011683387226947312,1.7180367945518612e-5,500
18,shock_lag8,-5.617467029345914e-5,6.178720517626934e-5,6.350999615447644e-5,-0.00017762524570842146,7.41956442564302e-5,-0.00015740353972795617,5.2632110394611e-5,-0.00011154902872761709,1.0856365639472308e-5,500
18,shock_lag9,-6.56867717932256e-5,6.158661686766555e-5,6.019154276748359e-5,-0.0001869266926430425,5.457920066828431e-5,-0.00016434776014813613,3.344395718914726e-5,-0.00011733028645824371,-2.415747418943712e-6,500
18,shock_lag10,-4.5730347816371276e-5,5.382587273328064e-5,5.871626143041828e-5,-0.00015808753817013672,6.776322304652994e-5,-0.00014153777042010421,4.225748851590007e-5,-0.0001035051311081498,1.1027224423739972e-5,500
18,shock_lag11,-2.4218116451045415e-5,5.5197780222435406e-5,6.147342282388227e-5,-0.0001520553097587106,9.105055869443038e-5,-0.00012897767544398702,6.977521151239862e-5,-8.398224323812991e-5,3.521044285768442e-5,500
18,shock_lag12,-5.5599582249731686e-5,5.3767012195551876e-5,6.121204227998958e-5,-0.00017297739806167333,5.6705123663488954e-5,-0.00015573305822337815,5.0993062413229e-5,-0.00011264227908280032,2.6170575164755204e-6,500
18,log_oil_lag1,-0.0009091853551663466,0.0003450815403828979,0.00035444858874876805,-0.0017390883865422684,-0.0003890571071588198,-0.0016059829248622978,-0.00046976822245733653,-0.0013772665255990465,-0.000650229056723939,500
18,ffr_lag1,0.0002897782373904658,6.188183912092533e-5,6.71602816386121e-5,0.00019314849440207785,0.0004461538826563391,0.00020663107734687067,0.0004262765816267083,0.00024144540059505357,0.00037261597534792853,500
18,cpi_lag1,2.3019516322986924e-7,1.2338635898982821e-5,1.1729515896613317e-5,-2.0829620464672825e-5,2.364011057025886e-5,-1.7045474430179716e-5,2.0327951840306057e-5,-1.0607900356690296e-5,1.3645817038763342e-5,500
18,indpro_lag1,6.794979076632487e-5,1.895148297284392e-5,1.8879085792924658e-5,3.5528361792746914e-5,0.00010945040926572616,4.102966044752502e-5,0.00010143173252676254,5.079101237936794e-5,8.779260195744825e-5,500
18,age_mean,0.00024491439870266707,0.0002676615410766629,0.0002619256502315687,-0.0002574763910306708,0.0007907092286051071,-0.00016581580354986953,0.0007253197146287951,5.529452857503416e-7,0.0005438367135362253,500
18,female_share,-0.011058178468531446,0.004712271740930643,0.004314530423494687,-0.019062259718257424,-0.002311182348517453,-0.01755017216369247,-0.0030437527946837943,-0.014961582833333265,-0.0066632539585804885,500
18,married_share,0.0020033442347576545,0.00753776260681112,0.007159326983340072,-0.010382987830527796,0.015600895140158395,-0.009214831554637742,0.013362243596617378,-0.005105640678293121,0.009174827015387684,500
18,hours_mean,-0.0002635613611075469,0.0002796223551031246,0.00027858928144329417,-0.0008356833022018163,0.00029293472184948596,-0.0007132119347808572,0.00017630575918696235,-0.0005403181391628179,2.1281990047053274e-7,500
18,unemp_rate,0.040193492945847356,0.00788722279758297,0.008486812048129434,0.027652281533760932,0.060483300221369635,0.029176441522946236,0.057984241241745046,0.034306569303886855,0.05092901767724886,500
19,intercept,6.36448694049509e-10,5.121873661964564e-5,5.140319150220915e-5,-8.636759384653928e-5,0.00011553626468300781,-6.977565988501835e-5,9.044018736288577e-5,-4.079139649486728e-5,5.847140879892152e-5,500
19,shock,-0.0007345722288438695,0.0009565344731961256,0.0010315427570913903,-0.0029457581346336707,0.0009769664307126284,-0.002601221069905415,0.0008526913487863669,-0.0017900245696163724,0.00022503696055866323,500
19,shock_x_occ2,0.002712973779763815,0.0012460381367604982,0.0013747376696136647,6.673426246958563e-5,0.005432556586514777,0.00038461563788210715,0.004971640941523779,0.001304550122154015,0.004086138225741659,500
19,shock_x_occ3,0.000796983749903012,0.001034275130890458,0.0010810823731533137,-0.0010537030039472184,0.0032109647941101884,-0.0008450225822648576,0.0026998852184593686,-0.00017520485888363176,0.001948964208081657,500
19,shock_x_occ4,-0.00018372348445247117,0.0011226341584505114,0.0012215284438794234,-0.002476871581632527,0.0022050678397684807,-0.0020530524199610487,0.0019164446033654889,-0.0013125498069403614,0.0010140432136066446,500
19,shock_x_occ5,0.0005305444126679055,0.0013635505612257838,0.0014376874773005632,-0.001955520815552941,0.003760902195335231,-0.001641034567183004,0.0032390336791157507,-0.0007729075757448805,0.001946429180554675,500
19,shock_x_occ6,0.0003761071317036045,0.001244658964655318,0.0013377766601884982,-0.0019174652816987218,0.0032182206742862236,-0.0015309759480852442,0.0027829859302667907,-0.0007919727333164006,0.0018126914380309218,500
19,shock_x_occ7,0.000547600250653096,0.0011384919024462572,0.0012162879121708522,-0.001739383189519863,0.003127978169029275,-0.0014262930105027349,0.0027244846636325735,-0.0006728438854901805,0.0016965970052769,500
19,shock_x_occ8,0.0005913565461588957,0.001132018286656209,0.0011846265641134366,-0.0014099335857180708,0.0032625750162230166,-0.0011404315315851666,0.0028300403536982432,-0.0004693467914220802,0.0018155781131912662,500
19,shock_x_occ9,0.00011496687689247465,0.001322746885493277,0.0013482148531182377,-0.002241347973598923,0.0028392553610217227,-0.001969395140762244,0.0023933151004963903,-0.0011757469008487997,0.0014290196336440631,500
19,shock_lag1,9.394216368028896e-5,5.98158068124825e-5,6.841989130347323e-5,-1.5945148269026743e-5,0.0002678782514961331,-5.189719256909277e-7,0.00022827857650530606,4.349917258403403e-5,0.00016860943509704705,500
19,shock_lag2,0.0001167393343114937,5.931052777610939e-5,6.293460483850364e-5,1.9868438406667506e-5,0.000260770499251355,2.9674032448667276e-5,0.00024410350152888715,6.662715008133382e-5,0.00019026599214263162,500
19,shock_lag3,6.647895128787705e-5,6.760076084833268e-5,7.308381268714648e-5,-5.14203759124395e-5,0.00024242206921283458,-3.50459863999242e-5,0.00020833030661964036,8.412294220026118e-6,0.0001434455498632486,500
19,shock_lag4,2.0701374821417746e-5,7.231203700652342e-5,7.769506575112788e-5,-0.00011916372244839441,0.00019618510213136853,-9.4747140102378e-5,0.00016680584794398948,-4.114889061981666e-5,0.00010789538279157147,500
19,shock_lag5,-1.392077330907133e-5,7.625016786587243e-5,8.032860209758439e-5,-0.0001740277443191405,0.00015169252986535248,-0.0001455540924441858,0.00013468980474845422,-8.027045857628528e-5,7.096105459181688e-5,500
19,shock_lag6,-7.586668210264967e-7,6.542038685685468e-5,6.965350243115975e-5,-0.0001434728921094973,0.00013491307348198941,-0.00011516815336096422,0.00011335684670219734,-6.685045996328777e-5,6.713466041351643e-5,500
19,shock_lag7,-5.397948370242248e-5,6.38303446164087e-5,6.85336653480944e-5,-0.0001935792455687546,7.723302171153612e-5,-0.00016057539881215633,5.229588940995817e-5,-0.00010903058499949014,1.9495609987352952e-5,500
19,shock_lag8,-4.923172188505731e-5,5.622937440316968e-5,6.27649724477728e-5,-0.00016942272273026178,6.829163951942124e-5,-0.00014624722938146883,4.944999919485624e-5,-0.00010616601399576601,1.5925990755634456e-5,500
19,shock_lag9,-5.8861872226943664e-5,5.654078026697645e-5,6.129205614966738e-5,-0.00017981750576254353,7.04956844296093e-5,-0.0001554383891000252,4.4644010571924244e-5,-0.00011372889242288854,6.159001293774328e-6,500
19,shock_lag10,-3.8451624991289796e-5,5.023753948983347e-5,5.9236565631883e-5,-0.00015946176300242777,7.679906770558342e-5,-0.00014029009218091278,5.574333051944144e-5,-9.197563528220526e-5,2.14031937833817e-5,500
19,shock_lag11,-1.7832646927423938e-5,5.0479656976690087e-5,5.765092937208684e-5,-0.00013403204827795463,9.928363375250041e-5,-0.00011689897103101787,7.072816525181801e-5,-7.40957965137465e-5,3.410121758406294e-5,500
19,shock_lag12,-4.607623708840814e-5,4.883140208604284e-5,5.4813790609484725e-5,-0.00015193485620676122,6.913869661682178e-5,-0.0001359232577447312,4.380378948045647e-5,-9.912007393549323e-5,6.888533888136013e-6,500
19,log_oil_lag1,-0.000846249885827392,0.00031459357010809376,0.0003120937277226859,-0.0015955315742472035,-0.0004112120893307444,-0.0014925071472329582,-0.00046452714654767315,-0.0012033737570459214,-0.0006139663341929627,500
19,ffr_lag1,0.00027318980982537496,6.0918085544937096e-5,6.173617754425293e-5,0.00017191995083322696,0.0004134269487977036,0.00019516594966413587,0.0003912852326043747,0.00022617788712668568,0.00034665258112746817,500
19,cpi_lag1,-2.469293182728411e-6,1.1422007739310945e-5,1.0257304738431699e-5,-2.1885045291858952e-5,1.7622363998616037e-5,-1.940049679412758e-5,1.5535703780143385e-5,-1.1833434663957495e-5,8.513881223229361e-6,500
19,indpro_lag1,5.925137303214133e-5,1.9131905969243273e-5,1.7608204883156273e-5,2.8090939400417552e-5,9.711030585500226e-5,3.439859358363058e-5,9.144491064105212e-5,4.47958526273265e-5,7.945395343200999e-5,500
19,age_mean,0.0003189528300959618,0.00025613755314549824,0.0002366268486046084,-0.00013523907790495413,0.0007759584871433177,-8.91046746282707e-5,0.000713024460773468,8.684731514966438e-5,0.000553595113836736,500
19,female_share,-0.014323918736414372,0.004299641789512333,0.0042011479487231666,-0.022235773064743048,-0.005466529873811889,-0.020608401989305136,-0.006632350201181046,-0.0180288972066196,-0.009687148280669374,500
19,married_share,0.0006971206482281909,0.0073048355665434545,0.006654858017601656,-0.012823327122532532,0.01328095439631604,-0.010193613863190329,0.01208303499467586,-0.005047869359656628,0.007169722568791087,500
19,hours_mean,-0.00029558589003193965,0.0002813824036611969,0.00027842404383184786,-0.0008395878640238661,0.0002452697766674952,-0.0007527463904424272,0.00017758912394303855,-0.000572471944013549,-2.0313289418466735e-5,500
19,unemp_rate,0.03541407045742723,0.008141689497958574,0.007897657913508742,0.022005922770794717,0.053137679238374494,0.02407457179282573,0.05125463240384379,0.029942774732136933,0.044929785662224206,500
20,intercept,-4.885214490713958e-10,4.630657656480958e-5,4.621759801050095e-5,-9.035516719563296e-5,8.662360329160547e-5,-6.701827420776465e-5,7.784023777826608e-5,-3.6831149286149035e-5,5.308038903122416e-5,500
20,shock,-0.0004113649213577734,0.0011026146660893968,0.0011064572874640226,-0.0027700460063869352,0.0016707905107463663,-0.002277620254900774,0.001375428033244603,-0.0014898617624393643,0.0006258539567330113,500
20,shock_x_occ2,0.001710669733973691,0.0014297932381177483,0.0014489883240735874,-0.0008944572274257089,0.004492816934112668,-0.0005536074993521875,0.004089246161517556,0.0003679186270603668,0.003249746049315818,500
20,shock_x_occ3,0.000593979467382516,0.001157706646200644,0.0011491488182700078,-0.00151492236340475,0.0029682099090665615,-0.001152235925578184,0.002645538347244037,-0.0004978818176661633,0.00181102379981283,500
20,shock_x_occ4,-0.00034449136734517977,0.0011703279526494156,0.0011729693806695764,-0.002664370281902717,0.0021689436799112883,-0.0021954498283044263,0.0015693027995631005,-0.0015512761702585723,0.0007448849968067084,500
20,shock_x_occ5,0.00040488276444802795,0.001569381291379421,0.001620621602313486,-0.0027162077817884187,0.003838117715430735,-0.002188787514583325,0.003093389358812762,-0.001254484220248909,0.0020202321750544053,500
20,shock_x_occ6,-0.00027605836203408715,0.001387017837211798,0.0014362550163157465,-0.0027534196912153753,0.0028281426468809907,-0.002500875347596196,0.0022153323036081243,-0.0016017415240439739,0.0011815691294363017,500
20,shock_x_occ7,6.02961472336379e-5,0.0013130308442770651,0.0012851140250966662,-0.002372025702549174,0.0026927871265502393,-0.001975020006237143,0.0022552117389090087,-0.0011096649732508395,0.0013510910825207051,500
20,shock_x_occ8,0.00040571654829092533,0.0012665720034887795,0.0012973265641953295,-0.0019849922020555794,0.0030497157019147726,-0.00161917378884034,0.0027554015075147145,-0.0008802375743632739,0.0016854374925924973,500
20,shock_x_occ9,0.00015748621420306447,0.0014300492928926195,0.0014230366281540007,-0.002574880552216643,0.0029208391872715895,-0.0022515970033274964,0.002526911350472286,-0.0013775389112487889,0.001463420942942687,500
20,shock_lag1,8.703448228528044e-5,5.550543824615984e-5,6.347916421596225e-5,-6.938233084194705e-6,0.0002369821322832424,1.0698960334686093e-5,0.00020506638478789797,4.0655618266373085e-5,0.00015401303646468158,500
20,shock_lag2,0.0001095786805337538,5.6627728837417493e-5,5.977148702612267e-5,1.0110652358103124e-5,0.0002504223018088543,2.4960467697140353e-5,0.00023173158386685435,5.8450313782606755e-5,0.00016956183630170425,500
20,shock_lag3,6.085155279982392e-5,6.230391838253109e-5,6.678829987628267e-5,-5.393853383322905e-5,0.00020978063096574286,-2.9939443027662993e-5,0.00017332523802250549,5.690946199899804e-6,0.00012552515447155106,500
20,shock_lag4,1.517347812980427e-5,6.869532365617286e-5,7.463459202535977e-5,-0.00014254083088389855,0.00017383088730801432,-9.812467022001356e-5,0.00012998563402973683,-5.1958401032254876e-5,8.417646078945203e-5,500
20,shock_lag5,-1.215520360220525e-5,7.216746935574691e-5,7.3197039741851e-5,-0.00016797116891431545,0.00012939190326587206,-0.00013560422489325172,0.00010684078710683814,-7.933012714403388e-5,6.152147315812123e-5,500
20,shock_lag6,-2.040160308387816e-6,5.974203099664044e-5,6.137918774323532e-5,-0.00012010049275374015,0.00011896180221627011,-0.00010261833957342354,9.881740802996385e-5,-6.080136534141522e-5,5.930863029389261e-5,500
20,shock_lag7,-4.2080878061244086e-5,5.7402717758154056e-5,5.6012918253732334e-5,-0.0001546209504809431,7.114594370632916e-5,-0.00012889240742464727,5.760564360113431e-5,-8.913671794417145e-5,1.993106172474364e-5,500
20,shock_lag8,-4.661495836351916e-5,5.081823211560945e-5,5.0980348700808737e-5,-0.00014489303410549056,5.070727339155177e-5,-0.00012194107814796095,3.793555563722668e-5,-9.020462217714241e-5,9.252618158483103e-6,500
20,shock_lag9,-4.88637693116688e-5,5.141333908028206e-5,5.582329042304246e-5,-0.000156747283433811,6.8060838629111e-5,-0.00013481332279132843,4.582819962731846e-5,-9.708779716663345e-5,5.9097824268095375e-6,500
20,shock_lag10,-3.352912605734997e-5,4.5709609880235925e-5,5.107914346588631e-5,-0.0001292979308747908,7.231347857915104e-5,-0.00011266531094182408,4.7707077751121096e-5,-8.19964747003782e-5,1.2807108925514758e-5,500
20,shock_lag11,-1.1428674761009658e-5,4.49895369408159e-5,5.217591012553358e-5,-0.00011284226382951424,9.125365233354405e-5,-8.965404831630664e-5,7.062052324822034e-5,-6.15407747519062e-5,3.6196632222438644e-5,500
20,shock_lag12,-3.773956055438919e-5,4.468147042592691e-5,4.835593307063267e-5,-0.00013600550610584747,5.576627703474445e-5,-0.00012057188093963092,4.489104989829999e-5,-8.668736750006935e-5,5.322449154936631e-6,500
20,log_oil_lag1,-0.0007790020890828054,0.0002887459768893769,0.00028343364522264764,-0.0014171812931792391,-0.0003846233749989188,-0.0013421029462182476,-0.00041750772344673835,-0.0011269733640825205,-0.000555826223625478,500
20,ffr_lag1,0.0002508763179565231,5.814696950067923e-5,5.917823734497375e-5,0.000164417257574557,0.00038735140458916856,0.0001740624816025252,0.0003661989280962927,0.0002040068052294924,0.0003253184102410956,500
20,cpi_lag1,-6.1640325306494725e-6,1.1193746163551659e-5,1.0510833334866833e-5,-2.7175728315552192e-5,1.5321137692171803e-5,-2.2615252137186366e-5,1.1179282750009505e-5,-1.581020432056444e-5,5.06210610323759e-6,500
20,indpro_lag1,4.931148800290934e-5,1.8246568645989733e-5,1.7188630438761077e-5,1.9641844134769585e-5,8.553211902917747e-5,2.4924010839654356e-5,7.93854348824624e-5,3.469746132312138e-5,6.829657429524112e-5,500
20,age_mean,0.00042668570836175326,0.00024282621505241877,0.0002347657781315566,-3.675231289939354e-5,0.0008981620909999308,5.97364873910787e-5,0.0008103628154306315,0.0001962634004487056,0.0006659449625468371,500
20,female_share,-0.012744552288232692,0.004484906099055891,0.004237114594238422,-0.02076639007520214,-0.004621795482411638,-0.019356016830611947,-0.00570924329106108,-0.016942703815684454,-0.008222192361896906,500
20,married_share,-0.00185903771561659,0.007745083644489115,0.00742896077881517,-0.016728791779754695,0.011971184336746724,-0.014007871439514845,0.009805460542451341,-0.00906130451934295,0.0052380208538926505,500
20,hours_mean,-0.00014110864514109658,0.0003038978908933773,0.00028242931062452784,-0.0006742385896872647,0.00040817071896213735,-0.0006133869344046212,0.00032454361098024963,-0.0004178319253862477,0.0001333420628120185,500
20,unemp_rate,0.031940090090905184,0.007783208803862689,0.007466335278092533,0.0197424694691105,0.04877230334494316,0.021309538032110383,0.045890469551345826,0.026304559576782474,0.04129948792180002,500
21,intercept,1.3404919805621986e-9,3.964110159333541e-5,4.042938383915084e-5,-8.202528018140767e-5,7.823688286630338e-5,-6.636203139732829e-5,6.592925461735035e-5,-2.9345572082134206e-5,4.365273949916587e-5,500
21,shock,-0.0010959715867585934,0.0009950508526146912,0.0009752322786783123,-0.0030420224519184464,0.0007399547826542402,-0.002618102068234816,0.0004136384794312107,-0.0020979736411567158,-7.32924804418591e-5,500
21,shock_x_occ2,0.002966761867790485,0.0014194299441532465,0.001498888308296946,6.611940518519195e-5,0.005772883597793676,0.0005355348911610623,0.005264685162631341,0.0013849407500630638,0.004535032451241815,500
21,shock_x_occ3,0.0010796958166191019,0.0011669205531502508,0.0011034756930477874,-0.000991285147956065,0.0032056178854824105,-0.0006081017525003888,0.0029616902326183416,-3.400305016517947e-5,0.0021871149861582076,500
21,shock_x_occ4,0.00046992657755860935,0.001033398385240014,0.0010347413155763656,-0.0014691145297354266,0.002456400747532674,-0.0011694125893779652,0.0021312011799929343,-0.0005678998204315686,0.0014737953227058989,500
21,shock_x_occ5,0.0007358236201065012,0.0013148581383472496,0.0012941068858799817,-0.0018617184541755935,0.003432198949123975,-0.0013553461811500508,0.0030455979210129583,-0.00043313112440117985,0.0020388639154859793,500
21,shock_x_occ6,0.0008633428318824177,0.001271772949890616,0.0012564437362358701,-0.0015316934872322125,0.0033789327421555717,-0.0011877645349788932,0.0028597231609099262,-0.0004129552881423141,0.002135270682993624,500
21,shock_x_occ7,0.0008119272576977292,0.0011170189305613014,0.0011173517869278908,-0.0013975331680426619,0.0030994658594536368,-0.0010368324343632302,0.002631218991622131,-0.00028631237792800177,0.0019139705190787007,500
21,shock_x_occ8,0.0011145750480502934,0.0011675480415557198,0.0011423749144789776,-0.0011332453502589318,0.0034803876160867673,-0.0007330808148165234,0.0030261647160137162,8.085707089308994e-5,0.0022941080668548086,500
21,shock_x_occ9,0.0009516643181145594,0.0012861410877943458,0.0012019617964506896,-0.0012149374520819454,0.0035612798975914062,-0.0010189775363221435,0.002992995408771482,-0.00026443052980578574,0.002164312809271115,500
21,shock_lag1,7.117712986850501e-5,4.739945051455745e-5,5.41739074304191e-5,-6.352626713965131e-6,0.00020498843900890965,1.1389044904410511e-5,0.0001827177754170051,3.266748894519206e-5,0.00013333472622760202,500
21,shock_lag2,8.653384214553098e-5,4.938536918407001e-5,5.617672845966477e-5,5.276469246804272e-6,0.00021946790620739232,1.7039328510636046e-5,0.000191704172543995,4.4062907897187076e-5,0.00015021659795181502,500
21,shock_lag3,4.5390694042328834e-5,5.3664859780516564e-5,5.936261873948237e-5,-4.994949128913839e-5,0.0001734993903364662,-3.5654324213020994e-5,0.00015368936007692827,-2.681772107376207e-7,0.00011565466421369792,500
21,shock_lag4,1.0200960363124466e-5,5.750552560920192e-5,6.375080244651515e-5,-0.00011041356133141095,0.00013990021406398007,-9.064472485516606e-5,0.0001083769803568381,-5.087128879225993e-5,8.064438941415006e-5,500
21,shock_lag5,-1.4189827739275614e-5,6.126304310512919e-5,6.456805966581462e-5,-0.0001472923632520871,0.00011221240324245472,-0.0001172906226700216,8.619693617219022e-5,-7.519262390589066e-5,4.750572410179867e-5,500
21,shock_lag6,4.744917168129733e-6,5.033665758054952e-5,5.631477750406522e-5,-0.00011139655645092599,0.0001134979672854445,-8.480391769571654e-5,9.193655201820748e-5,-4.7109231930319445e-5,5.612130446465343e-5,500
21,shock_lag7,-3.351291758445318e-5,4.876135354785226e-5,5.311856444280845e-5,-0.00013680372578471505,7.571119417786051e-5,-0.00012110965942466756,5.0253747678529815e-5,-8.050674072689682e-5,1.7414990208094004e-5,500
21,shock_lag8,-3.604191286318658e-5,4.4074003958416364e-5,4.860452107261386e-5,-0.00013754646090166048,6.012942940934371e-5,-0.0001197499299302028,4.018408855511925e-5,-8.004912550634838e-5,4.852382764314111e-6,500
21,shock_lag9,-3.81795164432868e-5,4.3506830274382456e-5,4.797768674490517e-5,-0.00012839109910598129,5.085119330913932e-5,-0.00011454974585009138,4.145678798437792e-5,-8.393276958151147e-5,1.0509352588025414e-5,500
21,shock_lag10,-2.6591280471335755e-5,3.890732582994308e-5,4.363218205283984e-5,-0.0001109071536187011,5.6269503858509175e-5,-9.661730487355109e-5,4.589613727013657e-5,-6.587347038078966e-5,1.6654312006181708e-5,500
21,shock_lag11,-7.207063583177617e-6,3.705965496654365e-5,4.171641295927239e-5,-9.201055234266199e-5,7.27555290805365e-5,-7.662692228361017e-5,6.02494253659261e-5,-4.923607051336408e-5,3.411775896671662e-5,500
21,shock_lag12,-3.7241090314425234e-5,3.847636952175595e-5,4.5087381956594686e-5,-0.00012511780516417226,5.255567871334291e-5,-0.00010631066264377422,3.597033241918848e-5,-7.67365355752971e-5,8.56009173001376e-6,500
21,log_oil_lag1,-0.0006033243915154996,0.00025170385736414554,0.00026037323564389404,-0.0012490512110396187,-0.0002201994835218559,-0.0011213091164137745,-0.00026112132960011045,-0.000892259630005206,-0.0003962856607453786,500
21,ffr_lag1,0.00021070802232574676,5.665320415412848e-5,5.7545677818291335e-5,0.0001226494972949351,0.00034905756406101193,0.00013245057422949053,0.00032728997000571174,0.00016493154693726202,0.0002756475332984283,500
21,cpi_lag1,-6.666126453542966e-6,1.0402034001134053e-5,1.0115757991724768e-5,-2.4655141972430547e-5,1.3341922102997885e-5,-2.2318021822681637e-5,1.0289969955535914e-5,-1.6576533553419052e-5,3.7775978512399094e-6,500
21,indpro_lag1,4.631175650474781e-5,1.8168332766662244e-5,1.6627396536905937e-5,1.6114744528313562e-5,8.169517903801432e-5,1.97827231937638e-5,7.435422706605804e-5,3.125622066831808e-5,6.402249022877139e-5,500
21,age_mean,0.00025383884520531843,0.00025208296123975396,0.00024325264782939045,-0.00019080508747580064,0.0007605357903776428,-0.0001275448103885956,0.0006856862187842399,2.888441400263933e-5,0.0005164624220843681,500
21,female_share,-0.013930288063378572,0.004349717101016825,0.004212089241202165,-0.02204923752913933,-0.005643722907324877,-0.020903128841607877,-0.006747594164490486,-0.01808366475340051,-0.00940601540774365,500
21,married_share,-0.004845265702257679,0.007280888274185364,0.006844882124043667,-0.018002723453314516,0.008557028838113361,-0.01567986102334605,0.0064118211006770065,-0.011894952100261825,0.0021834266540339334,500
21,hours_mean,-0.0002536342721470854,0.00031442319330452845,0.00030127377892977844,-0.0008335528701877671,0.00032445484573510327,-0.0007677142565255681,0.00020515703242662988,-0.0005709038465645038,4.6949456805038465e-5,500
21,unemp_rate,0.028394979615544255,0.00789433333410915,0.007533293984746493,0.015855078212282096,0.04628304184688779,0.017489415233463753,0.04223058086322335,0.022917225851734183,0.037107168556675944,500
22,intercept,2.122188272520232e-10,2.9008605370137002e-5,3.0438253930205007e-5,-5.6222998446930214e-5,6.328743828231087e-5,-4.779379524121512e-5,5.370304618884448e-5,-2.1704485156422436e-5,3.391919024624932e-5,500
22,shock,-0.0001109088608264714,0.0010766437844623145,0.0010799307403795775,-0.0023419103950851504,0.0018062083268738562,-0.00199223590704508,0.0014321536742529358,-0.0012298966250430389,0.0009123731846260078,500
22,shock_x_occ2,0.0017539684757806762,0.0016486254340791965,0.0016462482713093419,-0.001070269113178702,0.005272680775816496,-0.000847629612077553,0.004629722788403054,8.38525870374711e-5,0.0032999462966296885,500
22,shock_x_occ3,0.0001088673826164157,0.001110305768969115,0.0011315577433739555,-0.0019337277417153594,0.002516086488574746,-0.0014545543156045543,0.0021431117632996796,-0.0009411904056737594,0.0013271848612854682,500
22,shock_x_occ4,-0.0011646921735328705,0.0011729686417248572,0.001198396448287626,-0.003333187498568913,0.0015175047821393856,-0.0029692817757605455,0.0009671560349750852,-0.0021817616683353263,7.631968012410002e-5,500
22,shock_x_occ5,0.00029368268373926846,0.0014980472790726302,0.0014694480150467893,-0.002380775048172079,0.0034640095126538227,-0.0019617210024993753,0.002774932210654945,-0.001108303222616564,0.001877870810655528,500
22,shock_x_occ6,-0.00015429017476230748,0.001360096209028164,0.00143483290698293,-0.0026894379592074767,0.002826411031071607,-0.002495782277005658,0.002330251809760111,-0.001479403640944458,0.0014188833250591763,500
22,shock_x_occ7,-0.00022152442178839025,0.0012299316869072278,0.0012092490605564428,-0.0023562914343602443,0.002276196222953039,-0.002001546333853398,0.0018732614739057339,-0.001335379659530585,0.0009568680321768357,500
22,shock_x_occ8,0.0005323588482862501,0.0012897169667272115,0.0013119311759227047,-0.0016696147694935967,0.0032036307680398694,-0.001462288418369201,0.0027759189530474964,-0.0006352348999737972,0.001880143425257534,500
22,shock_x_occ9,-0.0007958740754809866,0.0013290563303922866,0.0012830924963567088,-0.0029975590030347976,0.0018685002039401637,-0.002728704058056627,0.0014879393043754038,-0.001949542298781787,0.0005677494115286241,500
22,shock_lag1,5.6831910632903426e-5,3.747072254186451e-5,4.1499718885503565e-5,-7.544782292857632e-6,0.00015540352223661753,4.117382044325993e-6,0.00013191936519678967,2.191110624961045e-5,0.00010090962422103862,500
22,shock_lag2,6.568816053533187e-5,4.0409007941115476e-5,4.392880625153187e-5,1.3002136393843476e-6,0.00017175201376344086,8.699127808854296e-6,0.00015150936097985503,3.052717640901751e-5,0.00011245860285956053,500
22,shock_lag3,3.69777636120812e-5,4.1885033413703285e-5,4.3681374804684885e-5,-3.2404032197291535e-5,0.00014944056753633355,-2.1117079819037574e-5,0.00011850253543250391,6.197103321117034e-6,8.797873648252567e-5,500
22,shock_lag4,4.528157696600571e-6,4.69110792578856e-5,4.976272316116707e-5,-8.637973912440001e-5,0.00011205187949026084,-7.28262327769228e-5,9.611241711095377e-5,-3.917317395785438e-5,5.3864421233736644e-5,500
22,shock_lag5,-1.337655126000309e-5,4.9134924503368914e-5,5.235178329771784e-5,-0.00011758549848745095,8.249976287134022e-5,-0.00010658187501161141,7.178515196732942e-5,-6.388262481259635e-5,3.5481131039907205e-5,500
22,shock_lag6,2.3955681968237436e-6,3.8697921506254894e-5,4.4776994897954995e-5,-8.795995288698666e-5,9.142900313063531e-5,-7.511875295261961e-5,6.809483718455665e-5,-4.1867748165172784e-5,4.214679067691348e-5,500
22,shock_lag7,-2.3629710277937618e-5,3.5229735163261225e-5,3.985204737918054e-5,-0.00010758476087044838,5.395332576916992e-5,-8.602157225361699e-5,4.029192536049325e-5,-5.763987542942246e-5,1.3619320641360261e-5,500
22,shock_lag8,-2.6331899512892868e-5,3.2254468078070336e-5,3.636043448111863e-5,-0.00010284875495117138,4.3648786376371206e-5,-8.84334069601732e-5,3.5542302550327896e-5,-5.909325904713511e-5,8.457710742795486e-6,500
22,shock_lag9,-2.6327884658718264e-5,3.137284973667506e-5,3.776916560578102e-5,-9.194800739188708e-5,5.715933508564028e-5,-8.423827231623753e-5,4.3589403043669876e-5,-5.7825540906675986e-5,1.557369729815072e-5,500
22,shock_lag10,-1.6520111917923813e-5,2.8451050903499456e-5,3.5989189100654e-5,-8.108636073141234e-5,5.9456891810508506e-5,-6.800398777845702e-5,4.7390109349499547e-5,-4.428479693789399e-5,2.1945488483987378e-5,500
22,shock_lag11,-5.2731624000478105e-6,2.7262359882919432e-5,3.527080221458117e-5,-6.34511554529586e-5,7.795941831819328e-5,-5.499869128613919e-5,5.750483262700657e-5,-3.116046119449873e-5,3.174466645748301e-5,500
22,shock_lag12,-2.430176569855923e-5,2.8580700736540988e-5,3.3492959062495596e-5,-8.832560291090107e-5,4.8120175820764476e-5,-7.307605379855307e-5,3.633655454222091e-5,-4.702581627424821e-5,1.3174090741068777e-5,500
22,log_oil_lag1,-0.0004844954901933981,0.0002244606469573398,0.00022791946727677276,-0.0009975207384825507,-0.00014985924297213917,-0.0009341664447651518,-0.00019785649681343143,-0.0007582855151829725,-0.00030259912302030853,500
22,ffr_lag1,0.00015478019188890307,5.586207637856722e-5,5.5985947195491664e-5,5.4792419363256774e-5,0.00027419531424701147,7.86347106641251e-5,0.00025779933920111014,0.00010579793941825185,0.00021471014201007407,500
22,cpi_lag1,-5.00050974115595e-6,9.54887544500478e-6,9.108815055837194e-6,-2.2846733558764985e-5,1.4898488369387484e-5,-1.8481532333617316e-5,1.0735500618499275e-5,-1.3020272799908962e-5,5.029508868028763e-6,500
22,indpro_lag1,3.1984850076666066e-5,1.6072204399202453e-5,1.630518103568307e-5,2.7277860548972704e-6,6.87655496522632e-5,7.472899552279463e-6,6.115976525532993e-5,1.578902532250508e-5,4.872119049684746e-5,500
22,age_mean,0.00026565310283479236,0.00023621240723373205,0.00023953184367419113,-0.00015897740945574758,0.0007446933905371992,-0.00011481167146965276,0.0006415329495791549,2.3399130846736245e-5,0.0005196564479007749,500
22,female_share,-0.014417129475461065,0.0048867695661011,0.0051567534909210426,-0.02446039003472346,-0.004100496291047216,-0.02287857983268235,-0.0056977580822044245,-0.019227768497796213,-0.009408174582010742,500
22,married_share,-0.002526511811399858,0.007284417198302993,0.006975480682786227,-0.016137068741485357,0.011384289487138682,-0.013912798814079193,0.009294093481667898,-0.009240356964491995,0.004127779866461798,500
22,hours_mean,-2.96679038662162e-5,0.0003354765719357359,0.0003126925164839524,-0.0006196411464245068,0.0005872534895370748,-0.000553012766033346,0.0004917867828223297,-0.00034174169912555227,0.00028633001471579803,500
22,unemp_rate,0.02078040585734755,0.0077073052476432135,0.00818615479302194,0.005689755159642226,0.03688731972741283,0.008731392567933248,0.035178537423839605,0.013449666129347896,0.03031863489702124,500
23,intercept,-1.8492478332423324e-10,2.2813386182273748e-5,2.3846502301548955e-5,-4.760569591481047e-5,4.8004265577106066e-5,-4.222908357401896e-5,3.860213500984036e-5,-2.0491889689979082e-5,2.230089160221964e-5,500
23,shock,-0.0009581979521175114,0.000920261568941001,0.0009498806623467284,-0.002742162767849037,0.001084961572125947,-0.002405206754465494,0.0006277520383567701,-0.0018225323139774924,4.077595432536441e-5,500
23,shock_x_occ2,0.0030951610735776795,0.0014794494857102243,0.001536392723959452,0.00025552843841601116,0.00622016929618543,0.0005319007132816319,0.005729134094379294,0.0015800246201110777,0.0044915477297468535,500
23,shock_x_occ3,0.0006481130249189015,0.000984731385963499,0.000997513654758478,-0.001373798670511203,0.0025254722850392526,-0.0010347897423203854,0.0022766122799925607,-0.00031209710891966984,0.00156398117826624,500
23,shock_x_occ4,0.0002890086186171474,0.0010300280140976275,0.0010427177985798358,-0.0017506509734217632,0.0022396171054790137,-0.0014229330026056964,0.0019306466282063533,-0.0007475361703150426,0.0013131171442328994,500
23,shock_x_occ5,0.0009037787285173445,0.001268743447400169,0.0012439765446700848,-0.0015221538914627851,0.0034158564395424186,-0.0011682637050605526,0.0028536373963687434,-0.00035596370008229546,0.002036247035656114,500
23,shock_x_occ6,0.001023753534771265,0.0011139820502928258,0.0012156268637133294,-0.0014863178243860675,0.0032870587951970964,-0.0009874983933510606,0.002895949327856389,-0.00027090773428889285,0.0020950924861053975,500
23,shock_x_occ7,0.0006297793324963571,0.0011001135142387692,0.0011268883150551596,-0.0016070224338199635,0.002752342877492454,-0.0011977911920678687,0.0023461239579542657,-0.0005174684232997883,0.001739278174508533,500
23,shock_x_occ8,0.0010531565805231905,0.001063437813658736,0.0011197724933416477,-0.0011160093844863775,0.003299678754388454,-0.000848207447582378,0.002946337225006933,-1.0921345038815503e-5,0.0021051820107276403,500
23,shock_x_occ9,0.0004568915438525174,0.0012225149303152897,0.0012417196782506382,-0.0022090491675196594,0.0028310482436922245,-0.0016519049424251996,0.0024381263461337433,-0.0007905843236883127,0.0016347925718309911,500
23,shock_lag1,4.496733891013905e-5,3.099725038625209e-5,3.470713411292328e-5,-7.903605679781257e-6,0.00013049446694965178,7.220018068009836e-7,0.00011285997775039582,1.727236752396695e-5,8.101321631452493e-5,500
23,shock_lag2,5.2140279734323066e-5,3.670638976889862e-5,3.783382212891251e-5,-6.42886631926296e-7,0.0001397531486946194,4.499857604994297e-6,0.00012261201777414264,2.0171120251465968e-5,9.056741956346955e-5,500
23,shock_lag3,3.153711343335927e-5,3.300874418291256e-5,3.7795329727003926e-5,-3.362240487997686e-5,0.00011857822863677751,-1.6154519235000327e-5,0.00010334703326677097,4.3426802802223245e-6,7.165843065648772e-5,500
23,shock_lag4,8.005412466804522e-6,3.634820182806212e-5,4.1635883134188524e-5,-7.146183021011516e-5,9.59607887987793e-5,-5.97296310898671e-5,7.830410432298362e-5,-2.5586923834380816e-5,5.153445310780052e-5,500
23,shock_lag5,-6.314672326232929e-6,3.973235222081255e-5,4.314130825702096e-5,-9.668086283956242e-5,6.913557404650584e-5,-8.24227555913386e-5,5.86714515450769e-5,-4.9288270299742414e-5,3.318002614380646e-5,500
23,shock_lag6,9.796376155242697e-6,3.131810793354482e-5,3.680762043069797e-5,-7.393242465298111e-5,6.901033894017957e-5,-5.4411566835993716e-5,6.128216572254697e-5,-2.695136001501148e-5,4.148594877601489e-5,500
23,shock_lag7,-1.3307278529938373e-5,2.960701400948172e-5,3.217279783075438e-5,-7.494780173493688e-5,3.976659731338371e-5,-6.859059030872194e-5,3.3004039113465624e-5,-4.51337931097591e-5,1.7287573429659122e-5,500
23,shock_lag8,-1.8873598550250546e-5,2.6915769107966058e-5,3.131789189794531e-5,-8.524629661194536e-5,3.7636587597860746e-5,-7.1772907827416e-5,3.206934736088609e-5,-4.722457261611591e-5,1.2383638225985338e-5,500
23,shock_lag9,-1.3664156343348558e-5,2.6121988553486377e-5,3.166078970424064e-5,-8.707603430972897e-5,4.2891354394567464e-5,-6.840101872543963e-5,3.2496025581029335e-5,-4.210999644204165e-5,1.7849794183227833e-5,500
23,shock_lag10,-1.0281858525391858e-5,2.4411923736926025e-5,3.0269422814752246e-5,-7.682332574811615e-5,5.2864448906936804e-5,-6.0269557804868764e-5,4.0651182660461884e-5,-3.6958554958429275e-5,2.0159504181956717e-5,500
23,shock_lag11,2.7045476260450595e-6,2.2169823335929613e-5,2.671883727517471e-5,-4.753707882613956e-5,5.781062351143507e-5,-4.235984795998102e-5,5.086158594617023e-5,-2.190978919354278e-5,2.764022874626409e-5,500
23,shock_lag12,-2.1794949607907392e-5,2.52205774249583e-5,3.0511724984048424e-5,-8.101399316452613e-5,3.992630042738486e-5,-6.932721469291054e-5,3.40846686704464e-5,-4.936544491692191e-5,7.555328847234824e-6,500
23,log_oil_lag1,-0.00036365967678443514,0.00018694783744982484,0.0001962102423848185,-0.0008140054823662147,-4.45857279917376e-5,-0.000743899594884045,-8.551653685732812e-5,-0.0005711194278636472,-0.00019220368314832133,500
23,ffr_lag1,0.00012828879851652387,5.141086233450614e-5,5.2006134743665136e-5,3.0111425613098578e-5,0.0002433616465188376,5.171988453594981e-5,0.00022159951981588644,8.556229055071469e-5,0.00018623769922848746,500
23,cpi_lag1,-8.143161553339899e-6,8.887792591403064e-6,8.89015988265662e-6,-2.4223593801187598e-5,1.0262972013777699e-5,-2.257930541528774e-5,7.373919304914645e-6,-1.5528241316130592e-5,1.6672619628698317e-6,500
23,indpro_lag1,2.2837391492991157e-5,1.5808257149404375e-5,1.4782563413540237e-5,-2.7255895090116913e-6,5.5215207422153874e-5,2.225289270617393e-6,4.962054191635883e-5,1.000681002540823e-5,3.902933714006542e-5,500
23,age_mean,0.00027724941376449714,0.00023776240016798176,0.00022931723140310432,-0.00020576028238201532,0.0006766437350331241,-0.00012622178320681856,0.0006405954007485169,3.372594127753471e-5,0.0004958320221085239,500
23,female_share,-0.013491587073475652,0.005218075793755487,0.005015928527593325,-0.023635232721366466,-0.0037763805119002793,-0.021895010632617253,-0.005063244145972314,-0.018143021049096618,-0.008432047459007408,500
23,married_share,-0.005871545971144208,0.0067784650601751305,0.006724553421995834,-0.01841217724283569,0.007070811902323007,-0.01694808002628298,0.005231838956370563,-0.011923529227734464,0.0012057190253721868,500
23,hours_mean,-7.952198625767764e-5,0.000315462738800281,0.00029619513240278087,-0.0006936255485227604,0.0005061971552970788,-0.0005572167208474332,0.00042243297265329497,-0.0003741878368631416,0.00020961601391231556,500
23,unemp_rate,0.01598020754957945,0.007707740789304443,0.007266886615248802,0.0024756711123749466,0.029910784135223505,0.00516451231520646,0.028615954670641545,0.009875421626859117,0.024441945535933155,500
24,intercept,-3.2479136266336284e-10,2.0902586905020203e-5,2.1181448238363923e-5,-4.593614675471554e-5,3.854167601479728e-5,-3.5123406163570796e-5,3.2177341755806747e-5,-1.9101036945094084e-5,1.859405864045879e-5,500
24,shock,-0.0004936396833613169,0.0010088084409187925,0.0009573807087123695,-0.0022814357634866117,0.0014887171613351007,-0.0019523191524577204,0.001177208532384455,-0.0014834326261914921,0.0004381686234974741,500
24,shock_x_occ2,0.0007832397351246887,0.0013859035570505628,0.0012924678951850492,-0.001674893558432909,0.0031448303328377673,-0.0013008062895629338,0.002854940840201628,-0.00047950664717454625,0.002053309920549554,500
24,shock_x_occ3,0.0007427097802723379,0.0011918176183264694,0.0011165541902448746,-0.0015680297505147897,0.002757306136286434,-0.001216162585466839,0.002453460023913304,-0.0002707002919276,0.001852406364541894,500
24,shock_x_occ4,-9.663733886920351e-5,0.0011320219702756736,0.001080944994666944,-0.0021445178960443406,0.002017881571867294,-0.0019345301963698664,0.001652989311562019,-0.0011269446512317462,0.000945683804161453,500
24,shock_x_occ5,0.00047608087541666893,0.0013392281117856342,0.001365490165605054,-0.002040690388241868,0.003140316691671271,-0.0017175169931906717,0.002785505642911132,-0.0008530309452093859,0.0018168863879107244,500
24,shock_x_occ6,0.0005568364607729854,0.0013524440314509273,0.001357571824866629,-0.002427939168929384,0.003067542700944242,-0.0018285787828537848,0.0027986809997901396,-0.0007691419874304033,0.001932645495571424,500
24,shock_x_occ7,0.00040687390920195215,0.0011652996402641792,0.0011393665774595775,-0.0016961724247957538,0.0026325619080105767,-0.001353447255893972,0.0022659023484541204,-0.0007790804127997748,0.0015611881272097703,500
24,shock_x_occ8,0.0007295533168284058,0.0012312585666113718,0.0011942547683137985,-0.0016963243125196086,0.003023447628441242,-0.0012321949601128324,0.002681565156704501,-0.0003786507082789895,0.001973774133325847,500
24,shock_x_occ9,0.0003587635729929158,0.0012524687572598708,0.001160945792757679,-0.0019398859608030455,0.0025604022145078974,-0.0015933760387407078,0.0022221705299198587,-0.0008128737357343135,0.0014720816046441094,500
24,shock_lag1,4.06864151303247e-5,2.9019275767249298e-5,3.523270528424006e-5,-9.709689755398856e-6,0.0001326152979528683,7.639972324591373e-8,0.0001184256406268755,1.884518676013147e-5,7.920724137737206e-5,500
24,shock_lag2,4.9044554026270614e-5,3.438789911910017e-5,3.517918098630442e-5,3.749802578610839e-7,0.0001336927441195131,9.097196035131102e-6,0.0001190909394346825,2.1094924828768585e-5,9.185662395939438e-5,500
24,shock_lag3,2.9625558211074706e-5,3.003388918078139e-5,3.240375004461949e-5,-2.7771631509262515e-5,0.00010126944082319972,-1.6631254379470153e-5,9.30156192420521e-5,5.255558281735747e-6,6.422102043197911e-5,500
24,shock_lag4,4.507505299984299e-6,3.3924495115319073e-5,3.7908185895536225e-5,-7.067367145275019e-5,7.525956322142232e-5,-5.860394697986092e-5,6.251629568716155e-5,-2.772273810479642e-5,4.10990791888096e-5,500
24,shock_lag5,-6.040195407004728e-6,3.8115894269309615e-5,3.929671753194116e-5,-8.511922468634392e-5,6.385882800569437e-5,-7.355755809906619e-5,5.762594654277959e-5,-4.61780102358812e-5,3.23211082575276e-5,500
24,shock_lag6,1.2738483212551395e-5,2.9719505525246143e-5,3.209803481500624e-5,-5.2671087642099074e-5,7.233417207550081e-5,-4.0127498415967966e-5,6.388351533466147e-5,-1.4870249709930247e-5,4.748452018893844e-5,500
24,shock_lag7,-5.501672513966836e-6,2.768266497863379e-5,3.017210572135193e-5,-7.414223261217985e-5,4.841400358637133e-5,-5.458196628589962e-5,3.920481397964892e-5,-3.427576170963165e-5,2.2084264515014778e-5,500
24,shock_lag8,-1.4561773722217218e-5,2.5003207839526586e-5,2.7606041087192743e-5,-6.957947742924541e-5,3.630320476370811e-5,-5.818578007012513e-5,3.3293406789889515e-5,-3.7557260958234866e-5,1.3584711761868628e-5,500
24,shock_lag9,-7.58658004027997e-6,2.4839311564758057e-5,2.920564851402708e-5,-6.463312457345881e-5,4.7062197686653123e-5,-5.683395669933321e-5,3.951177099939877e-5,-3.239090686250793e-5,2.2073754800920985e-5,500
24,shock_lag10,-7.374404870887505e-6,2.45915814053172e-5,2.8082855170518387e-5,-5.6618901485045865e-5,5.2096476406728165e-5,-4.606396376736518e-5,4.396094264417728e-5,-2.601455560433856e-5,2.3359972019510872e-5,500
24,shock_lag11,2.5380620551314582e-6,2.00219163471343e-5,2.6467272630103744e-5,-4.76633859958116e-5,5.72878399655192e-5,-3.805545313551539e-5,4.632180942025499e-5,-1.8284292633691757e-5,2.8531810527182387e-5,500
24,shock_lag12,-2.7705660511617945e-5,2.6321064602900585e-5,2.956916916367872e-5,-8.979451566074871e-5,2.4219169355576414e-5,-8.172714957171971e-5,1.589076514108021e-5,-6.060279063710093e-5,-2.9653506958654004e-6,500
24,log_oil_lag1,-0.0003003822933966467,0.0001735756283813165,0.00017768977758258355,-0.000720316706831745,-2.2348786620453504e-5,-0.0006590253195692951,-6.883987964333648e-5,-0.0004990952974603033,-0.0001469356898169902,500
24,ffr_lag1,0.00011490318839964108,5.001458711695924e-5,4.906166863221717e-5,2.6352640764784813e-5,0.00021645566049776474,4.163552096616594e-5,0.00019984077785665063,7.33176273772175e-5,0.00016819220326633167,500
24,cpi_lag1,-1.081566318631891e-5,8.776569673010415e-6,8.584405365160968e-6,-2.6181245002898607e-5,6.550815576233393e-6,-2.480817163327717e-5,4.189087335298002e-6,-1.913163918823395e-5,-1.7036109997559679e-6,500
24,indpro_lag1,2.013497884116189e-5,1.646905238969691e-5,1.4716976622957062e-5,-8.22609186609781e-6,4.839205009655491e-5,-3.151895969088213e-6,4.4352254772606534e-5,6.5695617336778285e-6,3.638717033383221e-5,500
24,age_mean,0.00027793812868295425,0.00025506485654407443,0.00023949747128953325,-0.0001807375072848118,0.000757818517847043,-8.973063426625953e-5,0.0006805767655221067,4.73536926814213e-5,0.000528949588893615,500
24,female_share,-0.01287381834045394,0.005250805909996311,0.004877463691713839,-0.02289689317652007,-0.003941616645870466,-0.021471063071078118,-0.005303700031781979,-0.017863794201047955,-0.008318302641759074,500
24,married_share,-0.009125695413674929,0.006579645566496282,0.006704027427796872,-0.021316049118804598,0.004269545708042692,-0.019473397922972337,0.0021770314927013062,-0.015606780092207978,-0.0020911920886050096,500
24,hours_mean,-2.897476564582345e-5,0.00033043330614585014,0.0003154959164699748,-0.000700628856157988,0.0005444525681398293,-0.0005778353191480571,0.0004710162051470372,-0.0003613118207425183,0.0002605824876870032,500
24,unemp_rate,0.015361350999720896,0.00799212700310678,0.00732596354358923,0.001427755769590093,0.029190403101115855,0.0036438474030170654,0.02708707061505249,0.008913050634249632,0.022838084804059158,500
25,intercept,-1.1234940499095779e-9,2.417240649805407e-5,2.4881492509828454e-5,-5.6265647507804045e-5,4.550919903033883e-5,-4.2361323073132344e-5,3.8189726960545495e-5,-1.915759466271682e-5,2.5814341406349887e-5,500
25,shock,-0.0008481938347715337,0.0008439683593401537,0.0008976956791872111,-0.002692481091392392,0.0008206680169198352,-0.002223399121309282,0.0005887749369009982,-0.00163536256103714,0.00011364333618030226,500
25,shock_x_occ2,0.0030346405240665227,0.0014789257702903294,0.0015085529016221132,0.00021737496825935607,0.005908572279753719,0.0006258257479497223,0.0055144944995420475,0.0014240759574220107,0.004552838241491403,500
25,shock_x_occ3,0.0007029980566823617,0.0009895936275253108,0.0010376434566545891,-0.0013018434453584222,0.002737305747688237,-0.0010389991604490894,0.0023906018063347173,-0.0003417038468721231,0.001666909844671631,500
25,shock_x_occ4,-0.0005673286575339321,0.000998131470899017,0.0010498539940859612,-0.002527391951224032,0.0015601893181435864,-0.0022626213975755474,0.0011943961784973748,-0.0016212209188804353,0.00040139004779303554,500
25,shock_x_occ5,0.0012061490856342457,0.0011308261137107875,0.0012241913567342677,-0.001111180476541521,0.0036469581383520426,-0.0007518934054168263,0.003346029101371305,-4.985263443770111e-5,0.0024076412376945137,500
25,shock_x_occ6,0.0006896650377475454,0.0011145945894103322,0.001185936935687513,-0.001573363428349938,0.003063146463196496,-0.001131086412774392,0.002497453873678462,-0.0006391025931881152,0.0017443033132581631,500
25,shock_x_occ7,0.0005839833639433962,0.0009439187646797328,0.000971256627784303,-0.0013036617238644517,0.002459906766794615,-0.001044569584497457,0.0021759554782004365,-0.0004797788043859409,0.0014704371777311516,500
25,shock_x_occ8,0.0005883623725714934,0.0010087473546445866,0.0010847924666437506,-0.0014619173100380045,0.002908296457338814,-0.001121310513608138,0.0023872703196968067,-0.000538374120219637,0.001555484996339845,500
25,shock_x_occ9,0.0008234998402299906,0.0011232874939022621,0.0011723841523796697,-0.0013593621808657363,0.003180249997610159,-0.001085656918612695,0.002781111772998176,-0.000392159507769767,0.0019980815399485417,500
25,shock_lag1,4.6187480753349494e-5,3.2124994320343516e-5,3.639220375455742e-5,-1.2257052703119112e-5,0.00013476206971357662,-3.815030453965802e-6,0.00011139717836730231,1.4177928783279615e-5,8.12039550804054e-5,500
25,shock_lag2,5.679710797115945e-5,3.603048954975611e-5,3.736828066578859e-5,-1.3181574470634096e-6,0.00014520632484170181,5.8453398318557836e-6,0.00012768373564196755,2.3497862000302947e-5,9.651517096634859e-5,500
25,shock_lag3,3.942253532355425e-5,3.520182881147093e-5,3.775444012478115e-5,-2.634098410446847e-5,0.00012792072115926754,-7.088672338651793e-6,0.00010732641187224046,1.334500757925878e-5,8.189496684313036e-5,500
25,shock_lag4,1.2643797359226066e-5,3.8850157283190624e-5,4.1660378147577566e-5,-7.609692877573048e-5,9.531721949153356e-5,-5.5760303513706296e-5,8.095451414497198e-5,-2.3956832455676283e-5,5.51049100371821e-5,500
25,shock_lag5,5.53425192186912e-7,4.213755276414736e-5,4.2940214838998465e-5,-9.215445819877104e-5,7.948600327460834e-5,-7.141327052248241e-5,6.56314467559723e-5,-4.0802668035368444e-5,3.953796548730496e-5,500
25,shock_lag6,1.511348812442285e-5,3.424965297562268e-5,3.8354117567925345e-5,-7.065152058238313e-5,8.56412605403329e-5,-5.551368941625775e-5,7.138451408850127e-5,-2.3648142764618437e-5,4.822869824516271e-5,500
25,shock_lag7,-1.0242456521239868e-5,2.9839016801273667e-5,3.39495642808538e-5,-7.659455011088425e-5,5.278594497063987e-5,-6.453147858897377e-5,4.526240764400966e-5,-3.760364375976317e-5,2.392457781687077e-5,500
25,shock_lag8,-1.9606616203060306e-5,2.7140469501547657e-5,3.0254686169349894e-5,-8.363330693043047e-5,3.6216616960073545e-5,-6.87329314537062e-5,2.68844056131248e-5,-4.729051681550495e-5,1.2328316190926689e-5,500
25,shock_lag9,-1.0375953355255256e-5,2.754991137949095e-5,3.1454173062192636e-5,-7.961981186029997e-5,5.5368905006043355e-5,-5.967750915911961e-5,4.398799510282926e-5,-3.724262262283371e-5,1.822206930356737e-5,500
25,shock_lag10,-8.012559609914959e-6,2.723653745909307e-5,3.152435460386296e-5,-7.49695891326836e-5,5.100483787157936e-5,-6.0833584750542656e-5,4.032684467389278e-5,-3.7181482958769373e-5,2.1789095233274677e-5,500
25,shock_lag11,-2.814117348846421e-7,2.4073083879034243e-5,3.129941819982083e-5,-6.221097117095076e-5,6.423726451740711e-5,-4.952767156731566e-5,5.2128381401744036e-5,-2.792549791108812e-5,2.8151803486463597e-5,500
25,shock_lag12,-2.0431601020987825e-5,2.829882969604467e-5,3.125192512689238e-5,-8.206929288325526e-5,3.6484991712792316e-5,-6.673277261242511e-5,3.055177202138703e-5,-4.953010680582858e-5,1.2655244608721407e-5,500
25,log_oil_lag1,-0.0004079889485297944,0.00018327617656709857,0.00018403623931311267,-0.0008224267245930339,-0.00013667157481172604,-0.000773592377399832,-0.00016350095028698302,-0.0006142285226489549,-0.00024886717311046715,500
25,ffr_lag1,0.00014236223358163398,5.058246803847788e-5,5.0281972270191436e-5,5.582499785260424e-5,0.0002512679264284508,6.728240180808009e-5,0.00023497318284304748,9.646826928807726e-5,0.0001942808270710571,500
25,cpi_lag1,-1.0554502426966687e-5,8.457170257537881e-6,9.00687112899097e-6,-2.8179387725497795e-5,7.990322874399137e-6,-2.528752363421355e-5,4.915617679813159e-6,-1.773232265571794e-5,-1.1357371572921908e-6,500
25,indpro_lag1,2.0872653286751297e-5,1.6310497058886402e-5,1.571865094790981e-5,-7.263145693636266e-6,5.214570609294524e-5,-2.7643678692151027e-6,4.670222884923334e-5,5.794366573807925e-6,3.74061540184977e-5,500
25,age_mean,0.00039778141152402774,0.00023439433676447966,0.00023214541803305645,-3.642390869781317e-5,0.000876544670509447,6.469846299567782e-6,0.0007881502450965564,0.00016718787782466158,0.0006015721746296556,500
25,female_share,-0.013078653895007482,0.005427050493460397,0.005221153307614273,-0.022762980191256967,-0.0028673324039226898,-0.022040979549210808,-0.004301109530145012,-0.01817290579888172,-0.008036285710717085,500
25,married_share,-0.006364880156625045,0.006542580332075702,0.006846255910339321,-0.019740352427796072,0.008026637176431317,-0.017412643518051423,0.005692006029793343,-0.012414999445502298,0.00042795064462457824,500
25,hours_mean,-8.63574149827428e-5,0.00032700206832048676,0.0002930868249380189,-0.0007006647717352074,0.000461663417116569,-0.000573126178811752,0.00037945075328118795,-0.0003883946351540977,0.00017965688781988452,500
25,unemp_rate,0.01564650073392953,0.00796298736802933,0.00805367393810514,0.00021165040325551158,0.030421020817736302,0.0022187734647922774,0.028985004907261466,0.008065034624158227,0.02443851848134771,500
26,intercept,3.7561630625290125e-11,3.5482085102996756e-5,3.507346294127112e-5,-7.426760506522695e-5,6.783828712074863e-5,-6.030305217725236e-5,5.2964331102772224e-5,-3.197957914815982e-5,3.5670575923814555e-5,500
26,shock,-0.0014136153442511573,0.0009664851275578087,0.0009512008591611445,-0.0034607085304622434,0.0003307061062110245,-0.003164028213715616,0.00010098968091315877,-0.0024361648666891386,-0.0005327522628602492,500
26,shock_x_occ2,0.0031678258959310377,0.0013759042165067319,0.0014328540371732013,0.0007717986615398997,0.0061999838853436864,0.0011082271753744951,0.005652119824788686,0.0018252454868241696,0.004758816682677922,500
26,shock_x_occ3,0.0020695058352604833,0.001037920399568551,0.0009909265446324095,0.00028390117588939737,0.004151753626439162,0.000548201497429408,0.003844748329558293,0.0011929991343623578,0.0031687825973700434,500
26,shock_x_occ4,0.00019187484648822543,0.0010880953416135045,0.0010646827232472435,-0.0016861312521851781,0.0023982487248352755,-0.0013830756276459785,0.001981609980674119,-0.0008553579994831299,0.001274461669732346,500
26,shock_x_occ5,0.0011159750106651816,0.0012081006250083397,0.0012690275407081255,-0.0010368863778361893,0.00394930983071321,-0.0007452445594548424,0.0034061242471611075,-3.671341606754739e-5,0.0024642984434607223,500
26,shock_x_occ6,0.0011082688705589744,0.001241770256623739,0.0012522731866706942,-0.0010657921436554383,0.0036822284935589924,-0.0008550173670595388,0.0034292482041595974,-0.00010180525651636583,0.0024134811703267287,500
26,shock_x_occ7,0.0016976566644538644,0.001089041455733141,0.0010835742579110691,-0.0003571825263238216,0.003870441182497103,-6.039679170594393e-5,0.003496808345655237,0.0006850632402642487,0.0027654253613487376,500
26,shock_x_occ8,0.001092579193489406,0.0012645498774042795,0.0012308948352532819,-0.0011959402105031674,0.0035970033576514836,-0.0007662709570025057,0.003258387036434022,-2.415320809460245e-5,0.002457498056570704,500
26,shock_x_occ9,0.0014439135237394938,0.0013821084617188732,0.0012763660339450526,-0.0008946199899432306,0.004064041213185723,-0.0006302774193097915,0.003568642847884327,0.0002015526488515556,0.0027473553338607814,500
26,shock_lag1,5.918067552319907e-5,4.2095799638127506e-5,4.780670634603675e-5,-1.5782125185753913e-5,0.0001781155972652866,-5.23064643321239e-7,0.00016042700516658714,2.6065508556194452e-5,0.00011538254322303535,500
26,shock_lag2,7.095873405184793e-5,4.239444313318993e-5,4.4694838285434926e-5,1.315723592448686e-6,0.00018019474544372563,1.3426990715715022e-5,0.0001552396867258479,3.6832120204011616e-5,0.00012198737272529007,500
26,shock_lag3,4.198183578556438e-5,4.8721182382511996e-5,4.916331209054508e-5,-5.416991482402511e-5,0.0001499027038810979,-3.830324631584962e-5,0.00013210043432230846,-1.5572536578955334e-6,9.00730550926582e-5,500
26,shock_lag4,1.3521242404609562e-5,5.285177671236376e-5,5.9383746341544905e-5,-0.00010124772509490651,0.0001271197296935723,-7.632219623103659e-5,0.00010901662097826383,-4.0539632563161464e-5,7.32242626562208e-5,500
26,shock_lag5,-1.0987767501830943e-5,5.472516976640699e-5,5.8545490224904943e-5,-0.0001390598085475734,8.904595852072023e-5,-0.00011744520970534022,7.565262264597794e-5,-6.519011519251636e-5,4.636464798751233e-5,500
26,shock_lag6,3.157719917475267e-6,4.5695152497665377e-5,5.016681188921203e-5,-9.748621313381562e-5,0.00010645148721325528,-8.309324466872232e-5,8.312023626265396e-5,-4.2101219828658764e-5,4.9799841475104544e-5,500
26,shock_lag7,-3.2876390028691955e-5,4.290940649707793e-5,4.6053668693668256e-5,-0.00012767821438248414,4.941174198812439e-5,-0.00010814296177209736,3.8387721272446226e-5,-8.092753775731476e-5,1.2492392096640432e-5,500
26,shock_lag8,-2.9004182115396577e-5,3.704112520359429e-5,4.232118907532538e-5,-0.00011811661298498838,4.882719931490883e-5,-0.00010429922255789046,3.748425354168362e-5,-6.9050274224658e-5,1.2420714984954364e-5,500
26,shock_lag9,-3.4832675591228016e-5,3.946838704365571e-5,4.336147751788449e-5,-0.0001195541854600989,4.596470230212757e-5,-0.00010734185516779479,3.099728297793851e-5,-7.905838459029439e-5,7.986188586913256e-6,500
26,shock_lag10,-1.8431834519944366e-5,3.44154099764676e-5,4.009226190381709e-5,-9.712772250204432e-5,6.0847283296770796e-5,-8.169752817569991e-5,4.902803676432694e-5,-5.756459874499073e-5,2.1303869732802107e-5,500
26,shock_lag11,-1.0929279523081807e-5,3.712166308854874e-5,4.068452704711891e-5,-9.124637284231995e-5,6.66260475123962e-5,-7.711742876024112e-5,5.759715975446205e-5,-4.8401466192720515e-5,3.104769290918232e-5,500
26,shock_lag12,-2.9092183675509124e-5,3.67695133568738e-5,4.0868501186273285e-5,-0.00011355248048774866,4.801208420489146e-5,-9.808479976940041e-5,3.0435441841406892e-5,-6.77767243008973e-5,9.524774719648304e-6,500
26,log_oil_lag1,-0.0005932319476098796,0.00022379400100272842,0.00021682370194308213,-0.0010901104822659356,-0.00023353788574337933,-0.0010063545638762945,-0.0002845496263571261,-0.0008198956733932586,-0.0004023845531446655,500
26,ffr_lag1,0.00018739390130861693,4.8725455563959174e-5,4.947933261183011e-5,0.00010262003877276271,0.00029754152797154486,0.000115972345253989,0.0002749777210831303,0.0001460268076997405,0.00024307140609553676,500
26,cpi_lag1,-1.8256215018828105e-6,9.594784290848688e-6,9.006858192084347e-6,-1.845451034961251e-5,1.6506804905865122e-5,-1.661456716689193e-5,1.2772504843664791e-5,-9.97365489853192e-6,7.400199086754299e-6,500
26,indpro_lag1,4.1524026809078975e-5,1.650787483303413e-5,1.5860961360669915e-5,1.1684838686215646e-5,7.517887463084024e-5,1.726039154653697e-5,6.710317925162416e-5,2.6032294383314665e-5,5.700506970832227e-5,500
26,age_mean,0.00023678576555828836,0.0002460563227973511,0.00023007133073014137,-0.00022817575772500208,0.0007076355752295923,-0.00014676208605258903,0.0006220639858881744,1.215958984063199e-5,0.00044416943066573014,500
26,female_share,-0.013413377194350056,0.005379926186437255,0.005131572021574857,-0.022825480163879638,-0.0032574204273279595,-0.021127487983711227,-0.0050232754075953635,-0.018165521049235002,-0.008264531975062179,500
26,married_share,0.0018599700381778698,0.006628641553151019,0.006534987600385881,-0.010222584577785356,0.014075900730039413,-0.008932994756013312,0.012159732141041105,-0.00528196225029953,0.00852447539389381,500
26,hours_mean,-0.00022794125696489457,0.00031526525344421056,0.00031677520231622263,-0.0008295250943534476,0.00039907808639483793,-0.0007591359625502947,0.0002762899366694193,-0.0005403576160272602,8.23882892829562e-5,500
26,unemp_rate,0.02344279135896167,0.007263933154162966,0.007052656711461362,0.011251950938998286,0.038093228401319776,0.012394392241326062,0.03652638933954923,0.01708139685705857,0.03097677845981752,500
27,intercept,-5.540090443928322e-10,4.551504548018015e-5,4.4211647298759204e-5,-7.512798650327023e-5,0.00010277473829099697,-6.0517002778506703e-5,7.790470926197823e-5,-3.250847615690956e-5,5.0294705113438994e-5,500
27,shock,-0.0006848669303214444,0.0009923788895458204,0.0009848271161833667,-0.0026048693867115917,0.001200582053758072,-0.002319550369215356,0.0009041960094033272,-0.001727195473495618,0.00031982706234071637,500
27,shock_x_occ2,0.0009692499630445235,0.0014665989818637875,0.0013973168266999097,-0.0016250832309253498,0.00391488550823474,-0.0012475575335376761,0.0032973807924522956,-0.00048138665123085265,0.002210237088146631,500
27,shock_x_occ3,0.0003310111913450284,0.001096152891187971,0.001024720761768417,-0.0015161518601426048,0.0023469139487521887,-0.001336838549350032,0.00202096498116785,-0.00071629796939279,0.001409102841783708,500
27,shock_x_occ4,-0.0001645816689663646,0.0011453018924524167,0.0011521214286548162,-0.0021914429694593045,0.0020253653590344032,-0.0019122781785370195,0.0017872633180125845,-0.0013846543651072133,0.0010563875034384686,500
27,shock_x_occ5,0.0007483847963267235,0.0013503803753634697,0.0013964277364711623,-0.0017296399041589012,0.0034901979653852644,-0.001441469352956652,0.0031294509013338636,-0.000663128467763318,0.0022147126520039315,500
27,shock_x_occ6,0.00040797522301381215,0.0012663863886982058,0.0012712743640507223,-0.001955963256763914,0.0031090171351618855,-0.00153249670405586,0.002642184300825219,-0.0007748296090067737,0.0017242420370708364,500
27,shock_x_occ7,0.0010093325359042155,0.0010268780437973984,0.0011190942114682047,-0.0013306017253484825,0.0031448645443688853,-0.0008762691953830896,0.00278736540231181,-0.00023688821560074075,0.0020571620946373908,500
27,shock_x_occ8,0.00043936290988952825,0.0013234987875575574,0.001269232750497405,-0.0019044708320341496,0.0029785980258308616,-0.0015583829512261077,0.002536104960222248,-0.0008678286001852811,0.0016796208375598454,500
27,shock_x_occ9,0.0013681426681004948,0.001228476976668772,0.0012713017871327547,-0.000950091385674022,0.003912052788208495,-0.0006499171038062165,0.0035843799921695145,6.911326942601588e-5,0.0025606721500179234,500
27,shock_lag1,7.539921782517496e-5,5.2616930849574164e-5,6.181719463224574e-5,-2.7530776933635634e-5,0.00021199577839167504,-6.333540404516834e-6,0.00019539122063333793,2.6198919248380224e-5,0.0001449834696653202,500
27,shock_lag2,9.203459234418711e-5,5.134760808462056e-5,5.2083754372154244e-5,3.1490830633098422e-6,0.00021251078240520772,1.993407347942034e-5,0.00018959229521571178,5.269399596477053e-5,0.0001529134728374658,500
27,shock_lag3,5.918291927255932e-5,6.0757386047623984e-5,6.421387398022478e-5,-5.029085908521012e-5,0.00020272673504326966,-2.5710755806014843e-5,0.00018575188878024708,1.1630221277131748e-5,0.00013803973636641068,500
27,shock_lag4,2.4759350741526705e-5,6.1748139599711e-5,6.759036644587925e-5,-0.00010038227741764207,0.00017033696556759275,-7.824518333554215e-5,0.00014524067500533582,-2.6513949959553357e-5,0.00010383351767796867,500
27,shock_lag5,-2.8169390518505477e-6,6.436910309758049e-5,6.603485931687102e-5,-0.0001291258608331545,0.00012841981255079404,-0.0001011321309846968,0.00010974196759487603,-6.317516235793159e-5,7.242687213103983e-5,500
27,shock_lag6,1.5023921134485934e-5,5.545154736181105e-5,5.598624350049672e-5,-0.00010152763685434025,0.00012782104131161648,-7.602725062356648e-5,0.00010624051983383251,-3.6910077368053984e-5,7.061256918681264e-5,500
27,shock_lag7,-3.7055006548858756e-5,5.2095274598201404e-5,5.445809047660508e-5,-0.00014444765674418648,7.178336406811416e-5,-0.00012013224063235029,5.538324086411871e-5,-8.430024593980902e-5,2.2283564619731266e-5,500
27,shock_lag8,-3.690298135713128e-5,4.6865608055042535e-5,5.099799971689999e-5,-0.00012524575684015642,6.988519265325874e-5,-0.0001127644397766741,5.264796033920937e-5,-8.406998756027112e-5,1.799245958206422e-5,500
27,shock_lag9,-3.690010093292459e-5,5.022319208470262e-5,5.444139576839448e-5,-0.00012514651741836718,8.028727542835697e-5,-0.00011017088531938731,6.281697319085333e-5,-8.162510692136917e-5,2.8694704609467547e-5,500
27,shock_lag10,-2.324196043427318e-5,4.494705318353924e-5,5.128464118687279e-5,-0.00012217197092638236,8.39484101979152e-5,-0.00010658820036291135,5.964740311592285e-5,-6.602025226211053e-5,2.8305794814090792e-5,500
27,shock_lag11,-6.7934259023408615e-6,4.791146721762954e-5,5.609455009160495e-5,-0.000123566095313772,9.958792843029152e-5,-9.577033558485801e-5,8.723466062174532e-5,-6.13219771011993e-5,4.884153988104482e-5,500
27,shock_lag12,-3.5713279021823084e-5,4.6506250017038565e-5,5.0695252394585905e-5,-0.00013028342867180516,7.228339711304083e-5,-0.00011609700305670144,5.373511028905316e-5,-7.749089482115317e-5,1.9759755136563267e-5,500
27,log_oil_lag1,-0.0007320792639277772,0.00027896592482607417,0.0002828425993260469,-0.0013894621447888872,-0.0003359347630861021,-0.0013139472444481908,-0.0004024049193304127,-0.001093213463203736,-0.000529353140161602,500
27,ffr_lag1,0.00025220527058586386,5.319180536559964e-5,5.452901473610723e-5,0.00017026522999181833,0.00038212550005905035,0.00018553184083876562,0.0003701362125842128,0.0002117070654221131,0.00032605813655699255,500
27,cpi_lag1,-8.261930869661099e-6,9.866162262562946e-6,9.694935885111039e-6,-2.5612006964818945e-5,1.1723830873339177e-5,-2.274505663792458e-5,8.424465726255693e-6,-1.678117401526449e-5,2.2644218995914007e-6,500
27,indpro_lag1,4.833182614726991e-5,1.7372483912129723e-5,1.651869075309234e-5,1.885537156283399e-5,8.322001602817768e-5,2.3307043419046972e-5,7.621756830598848e-5,3.324308483702423e-5,6.564703864161446e-5,500
27,age_mean,0.00041321767284279505,0.00024131500815352815,0.00024711480951548974,-2.979364266896994e-5,0.0009140873612542861,2.8616745552255873e-5,0.000858671018093425,0.00018894156315704384,0.0006878769563746986,500
27,female_share,-0.01614388043136075,0.0046591497967273954,0.004251502603717946,-0.023588012114716707,-0.0070131563414634595,-0.022456381446069033,-0.008446156696492846,-0.019896351754479284,-0.011653226886269834,500
27,married_share,-0.0029322871217317245,0.006377901051096727,0.005965196168910446,-0.01493859974273167,0.009071299542714018,-0.012122636977556974,0.007193185978639931,-0.00850613513848885,0.0033142522881504854,500
27,hours_mean,-0.0004363612996120047,0.00029238726160463115,0.00027657533357333013,-0.0009785394130190225,7.441300414466852e-5,-0.0009059778264585862,-2.0904442352880188e-5,-0.0007423971586919645,-0.00018124819325373467,500
27,unemp_rate,0.02869968082914547,0.00712853983620469,0.00800772862986575,0.015561574867768796,0.04698344750118804,0.017316591615138082,0.04411230545863569,0.022367547376219613,0.03852693164992585,500
28,intercept,-1.436406238078355e-9,5.480944442483737e-5,5.117765330574262e-5,-8.703747287665498e-5,0.00010753974516794742,-7.253778333052608e-5,9.179699102192879e-5,-4.329920064167434e-5,5.9845444093678844e-5,500
28,shock,-0.0013842390097153115,0.0011412586180150172,0.0011218953620082998,-0.0034306741704879106,0.000934486602702729,-0.0032216716431033815,0.0006406398110111877,-0.0024896853053057335,-0.00025254469418277767,500
28,shock_x_occ2,0.0018968208195084236,0.0015247886445997482,0.001594596798386906,-0.0012384745999918232,0.0049044311834344914,-0.0007150724099488403,0.004617771023035249,0.0004244318645216308,0.003496112311483483,500
28,shock_x_occ3,0.0012932901352416173,0.0011895243123882496,0.001167298056653955,-0.0010428393833293518,0.00340980478863706,-0.0007547736417200913,0.0030984440108261773,4.246429267843004e-5,0.0024299037945480677,500
28,shock_x_occ4,0.00047540313089345303,0.001301297867239269,0.0012936997733850881,-0.0023153219555083985,0.0028900750269814602,-0.0019067798902502751,0.00253979422241858,-0.0008941379586149431,0.0016726784127876807,500
28,shock_x_occ5,0.0014999213330365864,0.001531446732188142,0.0014888173269966259,-0.0015719523272176242,0.004231370448378848,-0.0010907090208403197,0.0039036769081825327,-2.4253894607159856e-5,0.0029454259126243335,500
28,shock_x_occ6,0.0017054148043873431,0.001446651521401913,0.0014177347768098605,-0.0013464367604291544,0.004357756238562723,-0.00078136031139428,0.003999373743271783,0.00024003251915545294,0.0030792876990027723,500
28,shock_x_occ7,0.0016321488319712288,0.001365380967201507,0.0013174373310530728,-0.001050995805200732,0.004085515095403605,-0.0005912695005269339,0.0037149514821581157,0.000316439685090247,0.0028558948034086424,500
28,shock_x_occ8,0.0009908160557413601,0.0012922565618718163,0.0012811646026152936,-0.0014820238436158185,0.003569345469045267,-0.0011891307295547856,0.003052077034529306,-0.00028365083918555236,0.0022259222400245284,500
28,shock_x_occ9,0.0016974326354124182,0.0014327908767887648,0.0013976341449994313,-0.0011400075675612126,0.004494019998894823,-0.0005653757129145823,0.003893584768056393,0.00031317001135468237,0.0030004167060643885,500
28,shock_lag1,9.092063976190525e-5,6.362609172653482e-5,7.160125691231439e-5,-2.1451454487368626e-5,0.0002573002467987235,-8.72472176571065e-6,0.00022857149895379406,3.573566827820999e-5,0.000167810952065053,500
28,shock_lag2,0.00011855911126658689,6.0416137632751535e-5,6.726174206315271e-5,1.6634425174775185e-5,0.0002767493175843944,2.9993479238396545e-5,0.00024577146042405656,7.253925472219038e-5,0.00019400607355814694,500
28,shock_lag3,6.89300617240168e-5,7.421950529364737e-5,8.038127363318501e-5,-5.799466062477981e-5,0.000262960450682539,-4.0935482904241666e-5,0.0002156099496054027,3.968847016934269e-6,0.0001624411347731704,500
28,shock_lag4,2.226366732345054e-5,7.44231629168109e-5,8.458837605366124e-5,-0.0001224690432117207,0.00022274653815736683,-9.49427313671728e-5,0.00018077609211324564,-4.980780974268677e-5,0.00011294511756491344,500
28,shock_lag5,-6.724649782146561e-6,7.744563500643378e-5,8.40925302146896e-5,-0.00016013733757368006,0.00015329600946084146,-0.00014135215142670676,0.00013256135772907177,-8.035189320250494e-5,8.29117629336328e-5,500
28,shock_lag6,1.5436142032415613e-5,6.465939734254276e-5,7.029984381556646e-5,-0.00011745263294824881,0.00014558995016531438,-0.0001012063123420439,0.0001253289219884122,-4.9565506124118206e-5,8.899478622547879e-5,500
28,shock_lag7,-3.771258510436722e-5,6.305478146420569e-5,6.856207326799727e-5,-0.00016469770636644694,9.469857944400438e-5,-0.00014939052416071912,7.544759780143692e-5,-0.00010065248832235205,2.6596071608249977e-5,500
28,shock_lag8,-4.400786564083228e-5,5.736577612100064e-5,6.382261050853099e-5,-0.00016545374810122217,7.953163406567848e-5,-0.0001441095774826274,6.097625630509573e-5,-9.848347019831072e-5,2.2199657801349156e-5,500
28,shock_lag9,-3.889308151480075e-5,5.793577973464628e-5,6.477156840169692e-5,-0.0001648978381855147,9.603055750532378e-5,-0.00012661081733074365,7.469131683580162e-5,-9.953141679788888e-5,3.126034663671056e-5,500
28,shock_lag10,-3.263613607224463e-5,5.308224725243269e-5,6.181737318089574e-5,-0.0001489131596559731,8.969013374453968e-5,-0.00013146345226904346,7.292552982338468e-5,-9.253247167508224e-5,3.071929735602273e-5,500
28,shock_lag11,-7.798844084094e-6,5.464105414308611e-5,6.239464817693689e-5,-0.00012713364792941247,0.00012784757562790965,-0.00010634018698811747,0.00010544420528503561,-6.257653343982608e-5,5.5925045590230895e-5,500
28,shock_lag12,-4.5136172388788435e-5,5.5103776030597744e-5,6.427700810895522e-5,-0.0001757013780238467,8.608848046234814e-5,-0.00013956574743416355,6.69973651566699e-5,-9.77948704346435e-5,2.10205052483786e-5,500
28,log_oil_lag1,-0.0008625053826587484,0.00034682990399773994,0.0003547568653047259,-0.0017820464635112292,-0.0003722047669156764,-0.0016147515337321273,-0.00043713659857583194,-0.001304376077381294,-0.0005986367816190018,500
28,ffr_lag1,0.0002977270442242047,6.153931924234971e-5,6.469655301436869e-5,0.00020522467433010271,0.0004541198661760495,0.000224748415668205,0.0004265752147233653,0.00025164494483998173,0.00038110723738434053,500
28,cpi_lag1,-1.3464831969399267e-5,1.0876964613659847e-5,1.0895204703294966e-5,-3.318899693158413e-5,8.452133827963403e-6,-3.0475280954537022e-5,5.753425193073627e-6,-2.3266895902451456e-5,-2.056622518685613e-6,500
28,indpro_lag1,5.699795031715924e-5,1.8261701987032932e-5,1.779283714961296e-5,2.6517055814069767e-5,9.617117547427926e-5,3.273511128093558e-5,8.974290581493602e-5,4.1273665829213795e-5,7.673211298226047e-5,500
28,age_mean,0.0005545559347190184,0.0002543866432742558,0.00025202827715924863,0.00013055793821355844,0.0010934073671540557,0.00020790204308673206,0.0009871053479543076,0.00034198976739072134,0.0008515436745911101,500
28,female_share,-0.01665673603069853,0.0048423425527766555,0.005043463926833878,-0.02560257571168905,-0.007009730790685205,-0.02487325244032236,-0.007958873133032108,-0.02196200425104322,-0.011547375185236837,500
28,married_share,-0.007313278079539134,0.006747280943893779,0.0065238663035082425,-0.020164365485737405,0.005155017044687307,-0.018338778482362393,0.003119921885837134,-0.013873688007849829,-0.0011186754082447407,500
28,hours_mean,-0.00031346594176961213,0.00033177523013712477,0.00030750306713362357,-0.000883087234235527,0.000314978465866389,-0.000792093453726726,0.00022252224743047136,-0.000596977212037502,1.0065754285537695e-5,500
28,unemp_rate,0.03651270467243478,0.007381883454840423,0.008035300510582722,0.025460554799369282,0.057562370084213416,0.027305022257427227,0.053888268277914105,0.031649120870465626,0.046658125700657985,500
29,intercept,-1.8333793099020906e-10,6.007847437647368e-5,5.7860862826823984e-5,-9.994450534399591e-5,0.00013367433784201578,-7.5361233602149e-5,0.00011322981656377331,-4.299853319994586e-5,6.513669076608183e-5,500
29,shock,-0.0006340278413236574,0.001049727833948265,0.0011254399705669627,-0.002821281473088762,0.001549044773879574,-0.0024638627360089004,0.0011765811116154952,-0.00178069229266838,0.00043033264255600646,500
29,shock_x_occ2,0.0019412167736517435,0.0016434844041774996,0.0017046171131766244,-0.0014168629039857418,0.0055518856792544985,-0.0009202973525485944,0.004900505722595634,0.0003765752237766126,0.0035639841257915175,500
29,shock_x_occ3,0.0006098979344936812,0.0011932326384264842,0.0012203818531105744,-0.001809998678166981,0.0029154095705471363,-0.0013415147693248005,0.002661380145741731,-0.0005227640996108592,0.0017796272097387609,500
29,shock_x_occ4,-0.0006622595929996559,0.0010948338515758443,0.0011571487152964009,-0.002897318620926778,0.0016363792318158355,-0.002602900786265592,0.0013389357205955783,-0.0017084720089869374,0.0005147072038359091,500
29,shock_x_occ5,0.0006149304040051395,0.0013552621010013228,0.0014839060104984618,-0.0021135181319803962,0.0035979038874914314,-0.0016584620125048876,0.003288249399108977,-0.0006734534134372849,0.002153828175096107,500
29,shock_x_occ6,0.0008837713998810061,0.0013899660642144242,0.001513286248431989,-0.0020789318230706793,0.003995986278891208,-0.0014960389142972077,0.0033940404137160667,-0.0004983457910177267,0.002388424169190934,500
29,shock_x_occ7,0.00018592500109761346,0.0011553603248973493,0.0012536377281310602,-0.0022204440137159175,0.002501061293676644,-0.001891099066709102,0.002156608795573598,-0.0010231878381808648,0.0015193198931220434,500
29,shock_x_occ8,0.0003685317701764658,0.0012497670893936385,0.0013447731851066408,-0.002258109713799,0.002987138983389834,-0.0017777349637614149,0.002558985754637705,-0.0009129285177828858,0.0017102293936584678,500
29,shock_x_occ9,0.00038654533615849386,0.001332018344250637,0.0013946512494156633,-0.0021792603424150583,0.0029239867720247843,-0.001883514620577074,0.0025908323413256556,-0.0010359993604261467,0.0017272864418829887,500
29,shock_lag1,9.593445947630438e-5,6.72257214117308e-5,7.597518383057201e-5,-2.138864277819763e-5,0.0002675763371477662,-4.415444252692347e-6,0.0002461090448731227,3.966469463411979e-5,0.00019081258419307751,500
29,shock_lag2,0.0001283915149714865,6.486484295852425e-5,7.045930623977845e-5,9.251547926147747e-6,0.0002908436876890528,3.1071200244221054e-5,0.00025569621228746004,6.649936858685863e-5,0.0002020114977375669,500
29,shock_lag3,6.424532365215925e-5,7.879078119809444e-5,8.620598292692599e-5,-8.174364348535878e-5,0.0002678584941594056,-5.8320023037193956e-5,0.00022660624524872778,-7.747484451058464e-6,0.00015295585926971,500
29,shock_lag4,1.5089116771427037e-5,7.72136144989651e-5,8.986824659918085e-5,-0.00013790307980636566,0.000193244466968928,-0.00011764037186324417,0.00016610207701424172,-6.407185110723377e-5,0.00011358956328945325,500
29,shock_lag5,-1.54060768575092e-5,8.018008787807715e-5,8.682814847605841e-5,-0.0001755046476688995,0.00017539775876409606,-0.00013953458975300806,0.00013860972117301517,-8.827198175755693e-5,7.044405563805367e-5,500
29,shock_lag6,1.338076520313302e-5,6.86407423632276e-5,7.686948412717854e-5,-0.00014609701834372783,0.0001544068310322035,-0.00011352378358977506,0.000141392984218325,-5.4508339344734394e-5,9.265403995430503e-5,500
29,shock_lag7,-3.995999359309346e-5,7.145541676507071e-5,7.559401132892098e-5,-0.00019283132611452208,0.00012175569717142536,-0.00015520181016123196,8.49805469046972e-5,-0.00010749270795171602,3.556001892767636e-5,500
29,shock_lag8,-4.27313363564078e-5,6.062438709841527e-5,7.046427867876971e-5,-0.00017916234453140229,8.915119600975594e-5,-0.00015451138108033179,7.429072666714343e-5,-0.00010475430751203806,2.6403547328714236e-5,500
29,shock_lag9,-3.892865899560123e-5,6.177390082653216e-5,7.08999856087847e-5,-0.00017909076046874548,0.00011302651424062023,-0.00014933022103917173,8.355888778169563e-5,-0.00010028424293944161,3.284240587437034e-5,500
29,shock_lag10,-4.323877966778164e-5,5.783676559591947e-5,6.843964989525399e-5,-0.00017906980947396043,8.498452116967507e-5,-0.00015714449914005406,6.329345107685242e-5,-0.00011080833244799855,2.3642131508761412e-5,500
29,shock_lag11,-1.2736623827327568e-5,5.6870766837253855e-5,6.548550817186452e-5,-0.00014526387955252215,0.0001042665941492483,-0.00011986267493301826,9.143009049632472e-5,-8.191414217218967e-5,4.8106198181523184e-5,500
29,shock_lag12,-5.7028784125437524e-5,5.85150524040889e-5,6.78410016978228e-5,-0.00018565497809232222,7.775492639580106e-5,-0.0001686822430061177,5.947298338259612e-5,-0.00012457544727153394,5.461452682720034e-6,500
29,log_oil_lag1,-0.0008515796907947383,0.00037034701323333043,0.00038431061925926476,-0.0018012655584613206,-0.00029302321268843013,-0.0016536382488217733,-0.0003408710846544694,-0.0013158409268038535,-0.0005670904326761443,500
29,ffr_lag1,0.0003107960708373939,6.437724385712354e-5,6.937401990734943e-5,0.0002055270454666785,0.00048290293920902425,0.00022726557945847525,0.0004541299280339175,0.0002615345327791,0.00039280166579646383,500
29,cpi_lag1,-1.5186205634974125e-5,1.1792779275227075e-5,1.1123192817858803e-5,-3.44851736289777e-5,1.0150407197425483e-5,-3.1540482554868154e-5,6.51920907485753e-6,-2.5199320826032787e-5,-3.7019370928422353e-6,500
29,indpro_lag1,6.789925635597472e-5,1.978150992860926e-5,1.7944196575657e-5,3.5914415290547795e-5,0.00010558372799233287,4.140571795090621e-5,9.826915297262804e-5,5.042571718906354e-5,8.598506401703565e-5,500
29,age_mean,0.000430174272813913,0.000247881052874421,0.000226683130678862,2.0428727857970603e-5,0.000893260390182105,0.00010179857702701617,0.0008365817742652772,0.0002354122871643972,0.0006754896004969267,500
29,female_share,-0.017188941607941693,0.004880425780499087,0.005115281618573712,-0.02760036359974241,-0.008080894065118693,-0.02589874479759018,-0.009038426200442562,-0.022593466481835297,-0.012296970077073656,500
29,married_share,-0.011951054086196674,0.00683222462152457,0.006505162945273593,-0.0246881377757512,0.0007323725157298979,-0.022867079978153456,-0.0019384082866860085,-0.019190148691640777,-0.006128228415097622,500
29,hours_mean,-0.00036290229342947355,0.0003350925054225556,0.00032159165323886413,-0.0010251549360644418,0.00022913735821400793,-0.0008959851563213869,0.00015597710842986075,-0.0006881542060142027,-3.4809452830421e-5,500
29,unemp_rate,0.042612659028315174,0.008512791241095639,0.009045246077905657,0.029138901953273462,0.06390889250243595,0.031560734665155195,0.06113351748110997,0.03605317308055498,0.053435500321659155,500
30,intercept,-2.1717146270073572e-9,6.091602579616963e-5,6.256791266215693e-5,-0.00010365810654412141,0.00013914247947181406,-8.39635514122247e-5,0.00011399652237243617,-4.5390933781443354e-5,6.799451508639155e-5,500
30,shock,-0.00042958637915246564,0.0009861838734995,0.001023731434723652,-0.0023441527904269396,0.00158163466638734,-0.002155175829895362,0.0012676859233750838,-0.0014027176663195982,0.0006324810446110025,500
30,shock_x_occ2,0.0004954401278409044,0.0013463986702294008,0.001460756635197632,-0.002282871385584602,0.0032744116715838476,-0.0018954264704906117,0.003003619028954747,-0.0009971505452629904,0.001997540536897703,500
30,shock_x_occ3,0.0005461238899847262,0.0010475109146199928,0.001063531704394831,-0.0014997007573144235,0.0026513451332370536,-0.0012375742568159632,0.0022836801132476337,-0.0004887688030495876,0.0015891932592906682,500
30,shock_x_occ4,-0.0010753006871554833,0.0010756742843808348,0.0011290012919326345,-0.003485354849794285,0.000970672161291099,-0.002959348530271109,0.0005928338309203724,-0.0021564465696471973,2.2825699503147524e-6,500
30,shock_x_occ5,0.0003306241986467629,0.0013701670572422802,0.0014379345202510374,-0.0021740675713360857,0.0032646834201804113,-0.0019683902205696923,0.002839121587516928,-0.0011747683258163002,0.0017176734049606265,500
30,shock_x_occ6,0.0005002303007378401,0.0013109037367335485,0.0013589674660101731,-0.0021923769650843126,0.0032081417982885033,-0.0017422721986200282,0.0027213472006406155,-0.0009074503668841858,0.0017959342781519796,500
30,shock_x_occ7,0.0006379872293446084,0.0011919465213112506,0.0012040758314401454,-0.001749688104138745,0.0030667723298322606,-0.0013159317515788562,0.0026165754063357835,-0.0006083294660786079,0.001804279360930047,500
30,shock_x_occ8,0.0004167042875739193,0.0010722046298296587,0.0011181886028186242,-0.0015358458783725558,0.0027466621210018487,-0.0013522459982085232,0.0022920709854152427,-0.0007156128650033392,0.0014681369734290822,500
30,shock_x_occ9,0.0006289957730199633,0.0013441686206098103,0.0013211404128018126,-0.0019876737331619224,0.0034132647735432477,-0.0016590335909936645,0.002751717618031059,-0.000673417982931648,0.001878845074589391,500
30,shock_lag1,9.895824124152836e-5,6.93150187543966e-5,8.507617382245828e-5,-3.881081500406585e-5,0.000275626618041886,-5.410375117938674e-6,0.0002532651420633718,3.658435647252102e-5,0.00019897695717200397,500
30,shock_lag2,0.00012801303516739163,6.603349479389566e-5,7.313893360967808e-5,1.6615266500711808e-5,0.00030249704601679843,2.933168604397174e-5,0.00026840331391874035,7.342980530844522e-5,0.00021444125277332796,500
30,shock_lag3,7.363455776978784e-5,8.084819834556748e-5,8.80587307350426e-5,-7.267475443542742e-5,0.0002586909918080913,-3.783441529858716e-5,0.00022980474213473136,3.6252104198975147e-6,0.00017721011610549825,500
30,shock_lag4,2.565995572374589e-5,8.013957817035853e-5,8.970308860849709e-5,-0.00012551732579688417,0.0002170965728557894,-0.00010143691045568988,0.00018708897195465814,-4.642203013082097e-5,0.00013407873339108767,500
30,shock_lag5,-1.0572301860962358e-5,8.393341416423375e-5,8.986895937244511e-5,-0.00017622181222721667,0.0001794306412613678,-0.0001380154426258443,0.0001605353106330644,-8.820126831921586e-5,9.39176497413679e-5,500
30,shock_lag6,4.301791042489342e-6,7.569107776596717e-5,8.295874364698544e-5,-0.0001428637150648301,0.00017893461413572947,-0.00012389814952479627,0.000147210062515626,-6.72595056627294e-5,9.61177637416691e-5,500
30,shock_lag7,-4.818546165883238e-5,6.943728121932198e-5,7.441159954797454e-5,-0.00017251240330775646,0.00012627754729615013,-0.00015699554815245073,8.341349959663054e-5,-0.00011213490396785541,3.312789792626225e-5,500
30,shock_lag8,-4.600112210356821e-5,5.9068936471833406e-5,6.892969113024573e-5,-0.00017589079247681697,0.00010498905242800314,-0.00015660487755522604,6.811911306484796e-5,-0.00010701655053171126,2.4753167457368025e-5,500
30,shock_lag9,-5.3353834452788784e-5,6.544327680007515e-5,7.468188240158126e-5,-0.0001939398508930655,0.0001105422923411813,-0.0001705652122338653,7.672949124656508e-5,-0.00011937166191691236,2.632553752887782e-5,500
30,shock_lag10,-3.9502079957681984e-5,5.9302189800921605e-5,7.117016854702678e-5,-0.00017582915202590587,0.0001084369861030098,-0.00015437704343341225,7.33810150750772e-5,-0.00011005883362219152,2.873198716480174e-5,500
30,shock_lag11,-1.4083709861955183e-5,6.205295812922156e-5,6.908649592144937e-5,-0.00016213459666417274,0.00011330558949354186,-0.0001409210030794564,9.765310291366043e-5,-8.214814482596046e-5,4.6639842410182313e-5,500
30,shock_lag12,-4.7581906998048977e-5,5.936413798108439e-5,6.59255667930496e-5,-0.00018523787097202743,7.631165329363072e-5,-0.00015828737842511986,6.0607294929522344e-5,-0.0001162728714256754,1.325645380961592e-5,500
30,log_oil_lag1,-0.000976047864178254,0.00039613714440751976,0.0004132983306145032,-0.0019478133864846326,-0.0004148442396288986,-0.0018504300248017727,-0.000507477337289114,-0.001524026772085198,-0.0006673195016261742,500
30,ffr_lag1,0.00032337018911481177,7.04952393874399e-5,7.274001224653207e-5,0.00021071316342817509,0.0004954719978563621,0.00023504825967624718,0.00047045658660029146,0.0002706639004452703,0.0004146445425864563,500
30,cpi_lag1,-9.611828843884163e-6,1.1556073782207993e-5,1.217284059364755e-5,-2.980188120846594e-5,1.7489084436302305e-5,-2.6388142077534205e-5,1.3442410872180799e-5,-2.0463561257021233e-5,4.315181789443675e-6,500
30,indpro_lag1,6.527023573812526e-5,1.9324422294857852e-5,1.914252620853153e-5,3.002202090981261e-5,0.00010522841757001225,3.6344380416556176e-5,9.847334255705151e-5,4.787360505584633e-5,8.48615322044798e-5,500
30,age_mean,0.0005414767154595443,0.0002525089165052383,0.00023444299308937944,0.0001331389520874922,0.000998459948992241,0.00020188060593524118,0.0009414801309185643,0.000320373942900886,0.0008136860188687477,500
30,female_share,-0.016362817765912845,0.005687726074991225,0.0055573999234922325,-0.027136932935486316,-0.005957025107456482,-0.025511154352446715,-0.006954739896350153,-0.021472001836553775,-0.010646624901083654,500
30,married_share,-0.002416056860898771,0.006941798758017966,0.006814741080258079,-0.015808641087886956,0.01032103484373458,-0.013360210327061155,0.008142532490189203,-0.009217292065681278,0.0046596667030269255,500
30,hours_mean,-0.00034457185114649243,0.00031569908710005055,0.00029324070723877265,-0.0009390186250585535,0.0002134789288934676,-0.000826600356616978,0.00011997818441599293,-0.0006339365653855458,-5.530976561758705e-5,500
30,unemp_rate,0.0397202112092567,0.007992911901801791,0.009308548283375087,0.025616508315730303,0.061015984205528354,0.02838652583706749,0.05857252276158373,0.03368977234156524,0.05153617757998821,500
31,intercept,-1.7559012229576932e-9,6.160990471463068e-5,5.6211317113250956e-5,-0.0001012488196051885,0.00011355865443075014,-8.622268991789038e-5,0.00010272301331950861,-4.4294652784272905e-5,6.658308257744978e-5,500
31,shock,-0.0006431526134596554,0.0011049365812706043,0.001071304078186045,-0.0028980075005100516,0.0011740024973618192,-0.0024125672023952165,0.0009908373731183596,-0.0017266323752690696,0.0003902792387453694,500
31,shock_x_occ2,0.0017857419336322602,0.0014341347073592858,0.001368988164448752,-0.0006545710051211189,0.004444496401012554,-0.00029738687370931856,0.003912897135786446,0.0005052916683620987,0.00327247043291601,500
31,shock_x_occ3,0.0002783902487043557,0.0012100822499669583,0.0011269760048308792,-0.001810758548539717,0.002458595680635719,-0.0014659553767283318,0.0021631236665158662,-0.0008331349136066427,0.001455923875118339,500
31,shock_x_occ4,-0.0007618996677632748,0.0012643481414771145,0.001237863488861588,-0.0030359515483752457,0.0018999915253636505,-0.0026993089791275374,0.0014188292479487025,-0.001933424987420655,0.00045561664764049716,500
31,shock_x_occ5,0.0012338389333663834,0.0013477022975509623,0.001394025476150798,-0.0013705307436921066,0.004194824631219748,-0.001019308428542651,0.0036489509656559087,-7.925841188896055e-5,0.002614502163290091,500
31,shock_x_occ6,0.0005729229618288992,0.0014662701394114338,0.0014655414618064974,-0.0019741070334842506,0.003554348750858389,-0.0016598491498273538,0.0031053789850499346,-0.0009272100550321869,0.0020493906880814402,500
31,shock_x_occ7,-0.00013760785638832656,0.0012519855366295272,0.0012127444596381823,-0.002337813864466039,0.002467857250791689,-0.0019066281953314971,0.002062025014791709,-0.001270427619087044,0.0010116573261044323,500
31,shock_x_occ8,0.0009013443227882483,0.001286206397541706,0.001274398920554586,-0.0012918230628203742,0.0035587839501728894,-0.0010492795548058393,0.0031259174256861267,-0.00034387122051499547,0.0022336030700066986,500
31,shock_x_occ9,0.0005378619780716334,0.0013894115003365388,0.001337234304057307,-0.0018665639943442488,0.0032876329746981924,-0.0015438299865370825,0.0027430712414424152,-0.0007718393940990076,0.0018008295683857533,500
31,shock_lag1,0.00010072193970176275,6.897726783971345e-5,7.961490429340142e-5,-2.9981886182897798e-5,0.0002890874599321974,-6.394033191669395e-6,0.0002567765782339279,4.1261834211079755e-5,0.00019010806178261692,500
31,shock_lag2,0.00012363299511402545,6.696259152947563e-5,7.742112597953979e-5,2.9293990315797905e-6,0.00030844780242676826,1.518653050701149e-5,0.0002827638082602419,6.328399231817934e-5,0.00020759835254983793,500
31,shock_lag3,8.611205200246558e-5,7.871692761832191e-5,8.190944910107402e-5,-5.3793152529650346e-5,0.0002632753655411258,-2.83654356019495e-5,0.00023158844553449923,1.4836658054012777e-5,0.0001719476942966278,500
31,shock_lag4,4.4065451071624116e-5,7.952122895525719e-5,8.802994429374614e-5,-0.00011107915827870588,0.0002284127706046374,-9.114391058888545e-5,0.0001930290021114824,-4.451631204604004e-5,0.00013430658014584206,500
31,shock_lag5,8.846881001810948e-6,8.617625846994913e-5,8.92944796690045e-5,-0.00016681264124919934,0.00018396336245452797,-0.0001399470118045569,0.00015853891597235705,-8.263531085417961e-5,9.414909036718031e-5,500
31,shock_lag6,2.2515140422489087e-5,7.346054381680291e-5,8.390029702392713e-5,-0.00015240204653750204,0.00018598561016849058,-0.00011968381540291848,0.00015636937687164856,-6.322941432556859e-5,9.74792207385618e-5,500
31,shock_lag7,-4.6201503443732686e-5,6.76417071548741e-5,7.464253246278539e-5,-0.00018957801962982845,0.00010591625629356204,-0.00016836014937970722,8.297592632223625e-5,-0.00011742603271640681,3.0291835571071594e-5,500
31,shock_lag8,-4.6008368929266135e-5,6.359629356553368e-5,7.355588776500891e-5,-0.00018158307006490638,0.0001077647310364209,-0.00015660470992365601,8.547692689981259e-5,-0.00010977221712943132,2.693541505150335e-5,500
31,shock_lag9,-4.962594475015032e-5,6.612928325947998e-5,7.752443356600781e-5,-0.00018889008205783865,0.00012024096125715916,-0.0001651805512342888,9.11559234737679e-5,-0.00011809360528090655,3.336737524201367e-5,500
31,shock_lag10,-3.0640272790093436e-5,6.002855769518498e-5,7.136854102969782e-5,-0.00015858901337076787,0.0001239414621178465,-0.0001442192876318881,9.723402515201504e-5,-9.655722401760689e-5,4.200241049220937e-5,500
31,shock_lag11,-3.0884166510440075e-6,6.20824310897102e-5,7.138719887979826e-5,-0.00013382832001864007,0.00014615270541082118,-0.00010993024640672896,0.00012138799641377409,-6.583644103201839e-5,6.696192612902378e-5,500
31,shock_lag12,-4.4309103452396184e-5,6.22890091800209e-5,7.076650767157823e-5,-0.00018703722262483315,0.0001028794805914788,-0.00016198929620105205,7.100797218716436e-5,-0.0001077830863295935,2.457919237993041e-5,500
31,log_oil_lag1,-0.0009776984557411106,0.0003663999641874611,0.0003825070321254033,-0.0019326698329217291,-0.0004484270835463759,-0.0017682040202262955,-0.0005014799867983091,-0.0014052273136902038,-0.0006897001012470877,500
31,ffr_lag1,0.0003485136078100174,6.945366180618886e-5,6.816161443979773e-5,0.00025550689270440727,0.0005255629993873153,0.00026757168935730114,0.00048458882180927736,0.00030389736258162566,0.000432777966784833,500
31,cpi_lag1,-1.4658995513987459e-5,1.1187082511929113e-5,1.0712270784236634e-5,-3.303180071945896e-5,8.749984781250877e-6,-3.085883488617951e-5,4.557585873663895e-6,-2.3935280389780886e-5,-3.0551676092091575e-6,500
31,indpro_lag1,5.9294414612126206e-5,1.9413355990286496e-5,1.8906974523260284e-5,2.7270472848619934e-5,9.892941331654344e-5,3.281886668559979e-5,9.37066882987909e-5,4.2530884257734e-5,8.014391456842342e-5,500
31,age_mean,0.0006742518374145203,0.0002567475331122731,0.00023958064261643197,0.0002734052045282356,0.0011567012506013422,0.00031461324048228013,0.001096354652460815,0.0004366280613539845,0.0009201440818218988,500
31,female_share,-0.019975303723237723,0.005062520922390074,0.005174577042167941,-0.029407517399645623,-0.009400435659996563,-0.02831624914302311,-0.011428683229831274,-0.025051161736666664,-0.014878446228236013,500
31,married_share,-0.005796406042155141,0.006395741161678716,0.00616571366942241,-0.01888968017463311,0.0065761092990127955,-0.01676470845051982,0.00398671083841046,-0.011873031898384678,-0.00034696352376321676,500
31,hours_mean,-0.0007046223476753168,0.0003352624703195435,0.00033236965816419643,-0.0014049109295524746,-0.00012322221823344714,-0.001284781039285719,-0.00018874202503964412,-0.0010402075983714462,-0.0003916618287979783,500
31,unemp_rate,0.03605746085803881,0.007648067997518227,0.007808278949617588,0.024962443626192703,0.05501881561048845,0.02761883815804058,0.052563961813690066,0.031856707880166285,0.0467987723969623,500
32,intercept,-2.6745452415947194e-9,5.315072052948926e-5,5.35317341296367e-5,-9.597508979085142e-5,0.0001206841547536863,-7.083956042626688e-5,0.00010697604091585309,-3.4254120002096606e-5,6.443928897229489e-5,500
32,shock,-0.0008018082630248619,0.0010751981670205405,0.0010547260509761618,-0.0027519443542558595,0.001289699509832378,-0.0024190207810034815,0.000956430616517724,-0.0018861811699807897,0.000251145672859749,500
32,shock_x_occ2,0.0023079407456227147,0.00156122646598647,0.0015421952591423214,-0.000757850057186555,0.005205731878268314,-0.000311276008224387,0.004674515336279938,0.0007359664997441071,0.003764393730565421,500
32,shock_x_occ3,0.0008097534406716239,0.001031907127481296,0.0010358336271424932,-0.0013028012486011732,0.0027846903866967565,-0.0009741100175902442,0.002509015460785546,-0.000205680776757049,0.001780248137853207,500
32,shock_x_occ4,-0.000232968195391377,0.001148713305644426,0.0011563785557668258,-0.0026277757034680648,0.0019566262074835073,-0.002194268842021372,0.0015108146666973337,-0.0013719391020606939,0.0009073753163265322,500
32,shock_x_occ5,0.0013533759015839266,0.0015359435911909264,0.0015323709290226777,-0.00149194179558652,0.004417144835901443,-0.0010974499590515221,0.004014628008481733,-0.00020616765075148844,0.0029279968338905464,500
32,shock_x_occ6,0.0002574500240020265,0.0014208085296473988,0.0014242316485239624,-0.002470184497846772,0.002907322122342751,-0.0019463861956980487,0.0025306349674820844,-0.0011562952670962534,0.0017458300218170244,500
32,shock_x_occ7,0.0005585073607568024,0.0012623670999049716,0.0012309764814931897,-0.0017561737228218317,0.002887570625968567,-0.001403675115410507,0.0024955969822443753,-0.0007101470395841372,0.0019088367288870132,500
32,shock_x_occ8,0.0006775180542672962,0.0012501558899031616,0.0012409372525968372,-0.0019664908990928917,0.0030943482419399553,-0.0014786927386412246,0.0026094219131638755,-0.0006117410898702416,0.0018666191157522155,500
32,shock_x_occ9,0.0002477172911292595,0.0013221280212026205,0.0012987031496132944,-0.002206423585661277,0.002834420163179853,-0.0018133574034281575,0.0024560876302076214,-0.0009914567472691692,0.001585119360683347,500
32,shock_lag1,9.24134095329185e-5,6.215921218625087e-5,7.01582715561708e-5,-8.648419833566718e-6,0.0002663937626569699,1.0190102970320203e-6,0.00023193271603968386,3.901211810184679e-5,0.0001800449711119537,500
32,shock_lag2,0.00011308464112616904,6.076063628016732e-5,6.496031374230891e-5,1.731410274698735e-5,0.00026878756768541434,3.440241105651565e-5,0.00023791122515244456,6.0007396324170066e-5,0.0001833247675106132,500
32,shock_lag3,7.67762195908022e-5,7.112361497724594e-5,7.66651130537581e-5,-5.3606390785243684e-5,0.0002657560594536619,-3.354874407445013e-5,0.00022221645801544755,1.4613444077776036e-5,0.00016013778520507671,500
32,shock_lag4,3.549624297305302e-5,7.617146834607535e-5,8.545778317390288e-5,-0.00012250496943650574,0.00022118165597289775,-9.560408472946924e-5,0.0001994373809011109,-3.429445985745688e-5,0.00013297307107262903,500
32,shock_lag5,-9.010139982830842e-6,7.692832416316507e-5,8.382662056813641e-5,-0.00014545318645883755,0.00017349783720730185,-0.00012653295405206868,0.000145526984481172,-7.159250741119566e-5,7.821921141211446e-5,500
32,shock_lag6,4.42153510861687e-6,6.478867149769319e-5,7.558199295774436e-5,-0.0001377861855202146,0.000160641080732563,-0.00010599993493836112,0.00013399841908947043,-6.0256853487398046e-5,8.275169157533653e-5,500
32,shock_lag7,-3.448167140242543e-5,6.201001895275974e-5,7.367801801422437e-5,-0.00016259103966626427,0.00013667436668459468,-0.00013394982403476419,8.938340583212392e-5,-9.117951811887741e-5,3.765228821755979e-5,500
32,shock_lag8,-3.671000826685743e-5,5.433319917542517e-5,6.826027573231015e-5,-0.00015125515371482254,0.00011316040285904923,-0.0001397288883949248,8.240075169064777e-5,-9.78189204947944e-5,3.5575568812385476e-5,500
32,shock_lag9,-4.20728752180218e-5,5.751031381460215e-5,7.289810702328346e-5,-0.00017362366847142944,0.00010208861035089097,-0.00015344619321637571,8.294077403980187e-5,-0.00010751493773586174,3.614672900774139e-5,500
32,shock_lag10,-2.9952268454058256e-5,5.073598299394628e-5,6.587703606958796e-5,-0.0001592246734080539,0.00010552202429699311,-0.00013120529802442276,8.685974585806498e-5,-8.009073695026984e-5,3.800585781164076e-5,500
32,shock_lag11,-6.158673853872847e-6,5.336406030142087e-5,6.88860471082784e-5,-0.00013974923678016133,0.00012754091664054145,-0.00011245387816957161,0.0001018674992817728,-6.958310105154216e-5,6.419282643609532e-5,500
32,shock_lag12,-3.667425711370764e-5,5.252203863689935e-5,6.452671989106073e-5,-0.00015952987579253867,8.737813546253511e-5,-0.00013748292131377478,6.977231685954676e-5,-9.242517896499352e-5,2.9118541104478293e-5,500
32,log_oil_lag1,-0.0009207219283858587,0.0003661990383666814,0.0003761383929724508,-0.0018690446605371452,-0.00043044004421031426,-0.0017136956266238334,-0.0004968993424016441,-0.0013817723128884594,-0.000653325284328771,500
32,ffr_lag1,0.0002928540039116726,6.625127613273678e-5,6.998199659934985e-5,0.00019300313221875948,0.0004658108724271263,0.0002072173989287759,0.00043670562298988105,0.0002487097184777884,0.0003824407120393571,500
32,cpi_lag1,-1.0008785710445227e-5,1.1044513201835274e-5,1.204914803019711e-5,-3.082193785956538e-5,1.784781879194985e-5,-2.7101466065697083e-5,1.2508915591330278e-5,-1.9250893547690643e-5,4.914900049204977e-6,500
32,indpro_lag1,5.181419653581174e-5,1.747030541489892e-5,1.7493659917136012e-5,2.102493435507229e-5,8.964845746913043e-5,2.488739780044382e-5,8.395399400196962e-5,3.64975911158562e-5,7.029829149969168e-5,500
32,age_mean,0.0006380693797739334,0.00025303477782626945,0.0002531705960705393,0.0001541604971817872,0.0011436711832589523,0.00021322379341889486,0.001045163288579254,0.0003817522084449856,0.0008734176938850845,500
32,female_share,-0.01856516134589301,0.005239100356329167,0.005294123691734505,-0.029162114863984838,-0.008020824651217959,-0.027841425729929287,-0.009976593523950677,-0.02371922048990172,-0.013253420816177152,500
32,married_share,-0.0014307355784740463,0.006286112492142325,0.006389364089298665,-0.014869797160945497,0.010879246532312294,-0.011448073562732674,0.009344830621823282,-0.007593416051852736,0.005174852621960287,500
32,hours_mean,-0.00021610784964366561,0.00033546624070939266,0.00030517442912450575,-0.0008587776822536418,0.0003900241338874909,-0.000710074097507,0.00029739459209857116,-0.0005149085274350299,9.008440663347937e-5,500
32,unemp_rate,0.03323870581340034,0.008121215669322801,0.009608210259132055,0.019813540481163433,0.054951872167559444,0.02172330023649957,0.052698587596808386,0.02684129448539122,0.045570317714100146,500
33,intercept,-2.1843764603708005e-9,4.5253969092235355e-5,4.365151496810947e-5,-7.338237484849985e-5,9.536642024719098e-5,-6.112436254530096e-5,8.14358624928024e-5,-3.4138685328750554e-5,5.0280490248126444e-5,500
33,shock,-0.000739461759968759,0.0009421234027278672,0.0009945767120877428,-0.002825335930758735,0.0012493790874207006,-0.0023934153113098614,0.0007456254296489859,-0.0017063016241863826,0.0001896410749370672,500
33,shock_x_occ2,0.002400106969857956,0.001430475423950636,0.0014441036463254792,-0.00017104559899557817,0.005280145279932216,0.00020261311737148764,0.004746696681830842,0.0009954656250937388,0.003928652856003985,500
33,shock_x_occ3,0.00034282798978396787,0.0009598197139619054,0.0010096198248935263,-0.0017636336178218548,0.0024794316008301155,-0.001246819150456969,0.002010258240101354,-0.0005944115003684654,0.0013110959008208612,500
33,shock_x_occ4,-0.00033694056893191187,0.001132831402735196,0.0011851258996072147,-0.0024998762671268994,0.00219382713926262,-0.0021558934262576163,0.0017050571939776435,-0.0013603584433748415,0.000898163661475409,500
33,shock_x_occ5,0.0005802434024472348,0.0012654863754642965,0.0013720407065264003,-0.00217516708257194,0.0032865887264745637,-0.0014460589553244774,0.002898346037646103,-0.000608004218654755,0.002019967197694376,500
33,shock_x_occ6,0.0007860444087098034,0.0013198625458516531,0.0014211912605345955,-0.0020611736614831,0.003837233074989446,-0.001297275394495567,0.0031657237399491476,-0.0005583525185139358,0.0021252303065860405,500
33,shock_x_occ7,0.0006691902018210106,0.001151001180114062,0.0011715199392525121,-0.0016141447008602412,0.0031797284162025314,-0.0011962584617949967,0.0027188245015850204,-0.0004120765633348699,0.0018211520116999103,500
33,shock_x_occ8,0.0005632857781695291,0.001079265737724833,0.0011501270656729874,-0.0018043625269837517,0.0029262100260553795,-0.0014512830133125616,0.0024430237462814866,-0.00046612500137304226,0.0017218715196357659,500
33,shock_x_occ9,0.0005625204318581111,0.0012459606143856126,0.0012655232182612853,-0.0017791284824202939,0.0030872937691323816,-0.0013771489721102564,0.002691541935792199,-0.0006591300328596715,0.0018534342383005557,500
33,shock_lag1,7.469794640599439e-5,5.523024057803216e-5,6.3153515858265e-5,-9.029264586659451e-6,0.00022206043979314298,-4.435411309550113e-7,0.0002002275251409664,2.9372223439208866e-5,0.00015612549243822988,500
33,shock_lag2,0.00010863467285241391,5.4524221217880306e-5,5.872565827200037e-5,2.227032916378394e-5,0.00025304310224553566,3.125931388520171e-5,0.00021745695149466053,6.373941775544476e-5,0.00017630402009822203,500
33,shock_lag3,9.158928776293461e-5,6.426519243102029e-5,7.176507547646133e-5,-1.0448869651173894e-5,0.00025899245051511533,-1.5565640142104296e-6,0.00023195923588906024,3.3963521671855385e-5,0.00017488554532805713,500
33,shock_lag4,1.6842382723379988e-5,6.579289093933005e-5,7.154646028738016e-5,-9.629644753672567e-5,0.0001789788798095287,-7.948848989816837e-5,0.0001488845181361145,-4.2569081991593865e-5,0.00010830015019965361,500
33,shock_lag5,-1.0138266756655138e-5,7.019413620724862e-5,7.525481224129891e-5,-0.00014502000310711877,0.00014616104940711426,-0.00012640192901189616,0.0001166666902890886,-7.344868797550696e-5,7.361618818735437e-5,500
33,shock_lag6,3.354138205063917e-5,5.189211474937064e-5,5.721245985146504e-5,-6.358936712013276e-5,0.0001520210553155008,-4.768302789750898e-5,0.00013376444439296001,-1.572746037483738e-5,9.272299240536887e-5,500
33,shock_lag7,-1.3886264428398081e-5,5.221542037237691e-5,6.063060100830958e-5,-0.00011492353220467932,0.00012642323321574952,-9.861191356137547e-5,0.00010406615026188304,-6.263644330460228e-5,5.006851007108675e-5,500
33,shock_lag8,-2.4249577951077642e-5,4.793049438040331e-5,5.970542304644559e-5,-0.00012955990428084195,0.00010788278675469642,-0.00011025391399748633,8.586578209429337e-5,-6.782671724246546e-5,4.609468164334085e-5,500
33,shock_lag9,-2.8667928808796576e-5,5.010967140095762e-5,6.221249015053226e-5,-0.0001325638696081546,0.00010620460287958031,-0.00011742498603947578,8.534028835812487e-5,-7.650725475657624e-5,4.3675757420892544e-5,500
33,shock_lag10,-1.4998059505886724e-5,4.5880507180953215e-5,5.450080161217638e-5,-0.00010652136066483821,0.00011290446750261834,-9.541245808632686e-5,9.406150627133079e-5,-5.426782420533583e-5,4.720389279571124e-5,500
33,shock_lag11,-6.656539502235225e-7,4.3883344324603e-5,5.349993406465917e-5,-0.000100740320390882,0.00010318931583247557,-8.097625018487223e-5,8.900786972875455e-5,-5.0894278028859535e-5,5.687568308029609e-5,500
33,shock_lag12,-3.1937320161940744e-5,4.675749084576315e-5,5.55087746337851e-5,-0.00012921731676088455,8.539168294413967e-5,-0.00011297168722290983,6.536184930475241e-5,-8.20250322370671e-5,2.3391719259797474e-5,500
33,log_oil_lag1,-0.0007676088810165019,0.00034129957399795023,0.0003480828609025497,-0.0015895618839519483,-0.00028532074579679264,-0.0014722025952466323,-0.00036607404416505245,-0.001218414951698952,-0.0004985969685082023,500
33,ffr_lag1,0.0002636373982851809,6.92796730365288e-5,7.099018475781474e-5,0.00015247858699319204,0.00042716069450122297,0.00017187605099502115,0.00039488068603261306,0.00020805759191005538,0.00035365798573715104,500
33,cpi_lag1,-1.3581070622433781e-5,9.84553829526402e-6,1.068549992675401e-5,-3.121383363207488e-5,1.1968918082133301e-5,-2.7997518481225537e-5,6.380441651007498e-6,-2.2532574736628414e-5,-1.1953729288963824e-6,500
33,indpro_lag1,4.3056036705409825e-5,1.6550640035116234e-5,1.751870477971652e-5,9.244744146709003e-6,7.792742119906288e-5,1.658213046754349e-5,7.387215978709684e-5,2.7417997301298773e-5,6.155852167261889e-5,500
33,age_mean,0.0005680168884497363,0.00024389090683254726,0.00025692919757443574,9.368297321470639e-5,0.001037114530628181,0.00014359447653838832,0.000994763700692062,0.0002907636474883077,0.0008270506267741344,500
33,female_share,-0.01925564738740937,0.005072178334884036,0.0049049454574911135,-0.028264070136928724,-0.009326555449626898,-0.02686711313259302,-0.010541687898778632,-0.023923838635620462,-0.014082001001689458,500
33,married_share,-0.008316965338611529,0.006057188868115998,0.006147729579845189,-0.018984424438358148,0.0036943822155049875,-0.018228820830915798,0.0023101837646153133,-0.014184533247822434,-0.0016151949871294651,500
33,hours_mean,-0.0003291783743911462,0.0003405140032141012,0.0003167865304723857,-0.00095564900931677,0.0003213955556932193,-0.0008291569258741572,0.00022421675149475825,-0.0006175068189983344,-3.688467130323497e-6,500
33,unemp_rate,0.029490046547655222,0.008055668085579963,0.009192780939116378,0.015012779891851792,0.05068610210662376,0.01799142644791065,0.04676439530187044,0.02256266865671882,0.041357308291272696,500
34,intercept,-1.8932888651333717e-9,3.5822797915788763e-5,3.6406960090541936e-5,-7.010158078655203e-5,7.777391923195629e-5,-5.487703376792849e-5,6.569960642753556e-5,-2.756652403272345e-5,3.7270230863823156e-5,500
34,shock,-0.0008074820991891132,0.000989579575918894,0.0010445533824652374,-0.0028394732450580103,0.0010229869822288911,-0.002488235501950021,0.0008349779309396,-0.0018591955250257218,0.00028858338302481556,500
34,shock_x_occ2,0.002513115901356982,0.0013525595786930465,0.001353556603616357,-2.826650231154902e-5,0.005273434368389347,0.0003240555200263518,0.0047196219453867925,0.0011032925318433494,0.003735838899105165,500
34,shock_x_occ3,0.0008617819005051882,0.0010668902049587171,0.0011335806420099395,-0.0011629716777489304,0.0033359646538452716,-0.0009320644113599441,0.0028130824384683846,-0.0002268789088435762,0.0019853176701658684,500
34,shock_x_occ4,-0.0009445016304132313,0.0011032910616345138,0.0011696082273782529,-0.003238037880670273,0.0011964092240709454,-0.0027676100223814437,0.0009456400780078484,-0.002132965099185271,0.0002581439521489205,500
34,shock_x_occ5,0.001046810174452357,0.0013300388107889618,0.0014417331513693293,-0.0015998085815171561,0.003756873391241201,-0.0011831843783430762,0.0035055421307063264,-0.0003859771102096945,0.0024628915351639683,500
34,shock_x_occ6,0.0004363258912545158,0.0013277524960274157,0.0013933459768110722,-0.0019846118145602143,0.0030835666853739493,-0.0017382624254350311,0.0026170798964985187,-0.0010130115263354718,0.0018943062538978605,500
34,shock_x_occ7,0.0007576674094500191,0.0012034043627230334,0.0012702718608934515,-0.0015988490020477108,0.0031581687178537316,-0.0013180326473608412,0.002864912551223559,-0.0004955202534417572,0.0019999032072247304,500
34,shock_x_occ8,0.0010966562815998661,0.0012056127372882728,0.0012811315528548587,-0.0012310952416038083,0.0035926106279989415,-0.000973269034845884,0.0032203666628390325,-0.00022397026283629763,0.0023406807976041697,500
34,shock_x_occ9,0.0005773459881983559,0.0012615966643062324,0.0013358097251586645,-0.0017886026080673194,0.0030653933041255707,-0.001444930642491817,0.0027553974420969907,-0.0007802836775458663,0.002064076678264768,500
34,shock_lag1,7.102334005505187e-5,4.5578179386380285e-5,5.374304340960703e-5,-1.0615802412366535e-5,0.00020780114559969666,8.995072029696338e-6,0.00018310266065267418,2.8870906459600634e-5,0.00013037416740960283,500
34,shock_lag2,0.00011095642281349134,5.4798398719593745e-5,5.562925395933896e-5,2.587760815969213e-5,0.000239834291269078,3.302083391024572e-5,0.00022078763288388404,6.677539542877112e-5,0.00017149611838394407,500
34,shock_lag3,6.838664264628949e-5,5.2518168480562964e-5,5.7458099314578274e-5,-1.1885761054427448e-5,0.00019717248705639333,2.3876179718820606e-6,0.00018321590787327336,2.5015917368188785e-5,0.00014426312158421231,500
34,shock_lag4,1.697948263448277e-5,5.54301493022055e-5,5.792286970557896e-5,-7.59643292947475e-5,0.00014792648217273552,-6.459402141930681e-5,0.00011895407052623858,-2.976658137569031e-5,8.659515679567008e-5,500
34,shock_lag5,2.1300931347782214e-5,5.204828872489707e-5,5.535021579265411e-5,-8.066855406724518e-5,0.00013475653127572058,-6.0359938701022765e-5,0.00011848923511759187,-2.3492593117337608e-5,8.157745329796566e-5,500
34,shock_lag6,4.270956634743192e-5,4.1664030105054225e-5,4.911405883615695e-5,-3.952893845157042e-5,0.00014401526864661298,-2.8517940909240666e-5,0.00012387704474687902,-4.2223134617975935e-7,9.75178359063445e-5,500
34,shock_lag7,-5.947423649928552e-6,4.290921353665972e-5,4.9410152141747696e-5,-8.467963002105268e-5,0.00011257444307312783,-7.027175321523411e-5,8.686925066609022e-5,-4.4231750546400275e-5,5.2485532889340615e-5,500
34,shock_lag8,-2.3795313446744856e-5,4.017122894342794e-5,4.8812923924387816e-5,-0.00010707988201847613,9.679991560072112e-5,-9.239615785428574e-5,6.300231299275773e-5,-6.006660099747179e-5,2.606345361846962e-5,500
34,shock_lag9,-1.285902150613124e-5,4.125216701885483e-5,4.812843328771647e-5,-9.20255724548604e-5,0.00010419173918204692,-8.108455228481202e-5,7.799000302393777e-5,-4.8785253009547315e-5,4.0369422586033474e-5,500
34,shock_lag10,-8.323044553108049e-6,3.8363146880723105e-5,4.580005785884606e-5,-9.176567086771644e-5,9.342428753470272e-5,-7.54928003486776e-5,7.522675784631721e-5,-4.2044783126116485e-5,4.536614180359046e-5,500
34,shock_lag11,8.917430131020326e-6,3.771254870388658e-5,4.396067291326889e-5,-6.810472276709079e-5,0.00010764333924223325,-5.3792226344552065e-5,8.849410609585889e-5,-3.0400774902454192e-5,5.272030987023753e-5,500
34,shock_lag12,-2.241625977029512e-5,3.9376249432731235e-5,4.524140339934569e-5,-0.00010799123188131552,7.283214649151463e-5,-9.16659244792853e-5,5.493323758477505e-5,-6.169849516904696e-5,2.6041347010377098e-5,500
34,log_oil_lag1,-0.0006783804092009094,0.00029161359081676387,0.0003016163165495726,-0.0014477590054683318,-0.0003015017741570968,-0.0013151236289613744,-0.0003369002776025072,-0.001047881277577453,-0.0004733785497853663,500
34,ffr_lag1,0.00022804400320588364,6.671430740137471e-5,6.505217286153655e-5,0.0001287309205579008,0.0003888324625333845,0.00014947532361612572,0.00036139761187143103,0.0001819776945368678,0.00030613614848535415,500
34,cpi_lag1,-1.3059058657056544e-5,9.546428369492438e-6,9.475929714074875e-6,-2.8500872145565946e-5,7.961957619604775e-6,-2.634972530423685e-5,4.563569314823965e-6,-2.1125130224346177e-5,-1.8445787502553327e-6,500
34,indpro_lag1,2.6955683126905143e-5,1.5160693315587945e-5,1.5529827411050807e-5,1.0581487672047228e-6,6.321376790680518e-5,4.450647126229488e-6,5.767986889972334e-5,1.4345427022812097e-5,4.327632524662061e-5,500
34,age_mean,0.0006274091077692553,0.00026050141117343726,0.000248124115422661,0.00011944122176968642,0.001157998285559296,0.0002159976228725088,0.0010737965159160142,0.000405280319228644,0.000867093456944958,500
34,female_share,-0.01511103135345399,0.005453343913735319,0.00510978928875552,-0.02573303075558271,-0.005024865072356962,-0.023600392070257825,-0.0071766927390746246,-0.020432484577709013,-0.01011374766831756,500
34,married_share,-0.007091618907035704,0.00694469387476745,0.0067088277717981,-0.01895566133408752,0.007015197085596845,-0.01744807700113104,0.005051970543811583,-0.01334895441774007,-0.0005985992432448794,500
34,hours_mean,-0.00031288649659099566,0.0003374848577102612,0.00031746794468499623,-0.000979608897180071,0.00024193564201783091,-0.0008737755619084716,0.00017486136202079868,-0.0006572429847615396,-1.7047051148284482e-5,500
34,unemp_rate,0.021331314790853748,0.008292704769174975,0.008896600823211918,0.007670298776939385,0.042606215115007534,0.010186366133388181,0.03950492823523217,0.01504380299433726,0.032452170636562125,500
35,intercept,-2.8699301266326054e-9,2.7083004685394062e-5,2.5984454926232302e-5,-4.76970772406303e-5,5.162035508533216e-5,-3.769221706000786e-5,4.715114148415104e-5,-2.114585423706087e-5,3.10960181873576e-5,500
35,shock,-0.0010826765460190423,0.0010152529032441673,0.0010719907655213348,-0.003297602215147491,0.0009114895701047452,-0.002848954351573551,0.0005739118267299567,-0.0022192878349405593,-2.8123949422555106e-5,500
35,shock_x_occ2,0.0015110344795763854,0.0016545593356621653,0.0016428108739583618,-0.0016573239130210965,0.004827405088614544,-0.0011167170890306664,0.003907754346996478,-0.0001873083260454334,0.0031718731003680264,500
35,shock_x_occ3,0.0010257189610391327,0.0009976666771432932,0.0010542120142817979,-0.000976053524858498,0.0031252493319443523,-0.0006044849980049133,0.0028015719225370885,-1.8101868886875005e-5,0.0020747493405804058,500
35,shock_x_occ4,0.0001556370105524431,0.0011490710245663002,0.0012052878155211007,-0.0020055161221780088,0.002639251701984538,-0.001855330393770243,0.002260394233271429,-0.0010331859616821654,0.0013546542908127914,500
35,shock_x_occ5,0.0013494010346337855,0.001354274873655392,0.0014855552180486542,-0.001410096145591341,0.004286668913179905,-0.0009962370195453058,0.0038542918427603204,-4.032707871070745e-5,0.0028502503871869647,500
35,shock_x_occ6,0.0015888765616958365,0.0012411075269782585,0.001400810744714108,-0.0010951543531154254,0.004489730644421488,-0.0006485662287801957,0.004034243954759559,0.00021073222485553495,0.0029876908023054364,500
35,shock_x_occ7,0.000912720783195459,0.0012217468236531204,0.001283614541700267,-0.001495471388570491,0.0035617337330447344,-0.0010654863435210458,0.0031242987636895224,-0.0003127573314950652,0.002240652944423535,500
35,shock_x_occ8,0.0013049149521969121,0.0011705632308436449,0.0012322886981054276,-0.000837189252760696,0.0037661808329283643,-0.0005743988993276153,0.0034800502883942097,0.00010663261915318828,0.0026141897595566782,500
35,shock_x_occ9,0.0013036803113328978,0.0012449974047210835,0.0012547780909931401,-0.0011634469465857935,0.003974807309915885,-0.0007120726382951819,0.003355023625197091,0.0001636274379299511,0.0025360511409289093,500
35,shock_lag1,8.732846554015673e-5,4.565478441247216e-5,4.544617130001546e-5,9.339659721553479e-6,0.00018751424662604165,2.148748487994672e-5,0.00017003584102827428,4.4466047102039273e-5,0.00013239013642217935,500
35,shock_lag2,6.786016637228768e-5,4.344717265428332e-5,4.51241952120881e-5,-4.536292721676211e-6,0.00016718254085895163,5.0052725208940225e-6,0.00015402972226663422,3.060481626733731e-5,0.00011883279154112572,500
35,shock_lag3,7.285381431160652e-5,4.121121847227397e-5,4.6010220329498165e-5,4.285941550153738e-6,0.00018685431267142263,1.6278048243224695e-5,0.0001662473986928932,4.027887379181206e-5,0.00012737425010677882,500
35,shock_lag4,5.260973679536532e-5,3.468232175501022e-5,3.992402784058375e-5,-1.8404057412781898e-5,0.00014742282904645472,-9.591064813814316e-7,0.0001309956542189042,2.1811385164200676e-5,9.115788964706731e-5,500
35,shock_lag5,4.648791635559353e-5,3.922069191898924e-5,4.234537023269874e-5,-3.057869120479402e-5,0.00014488587594881723,-1.695312513924182e-5,0.00012322038042003966,8.988020752420128e-6,9.032404841037354e-5,500
35,shock_lag6,6.905091329115377e-5,3.504363607619742e-5,3.779141733885508e-5,1.6487197899482378e-6,0.0001517875853929699,1.437114072068798e-5,0.00013374050086466388,3.45768998261194e-5,0.00010607788952326736,500
35,shock_lag7,4.504343311988488e-6,3.406556071936211e-5,3.7026692376094535e-5,-6.440225855322786e-5,8.429929260564796e-5,-5.146583284109412e-5,7.086844300996563e-5,-2.6913713027019526e-5,4.03463180328045e-5,500
35,shock_lag8,-7.488847363281517e-6,3.3119549482487234e-5,3.788807323364953e-5,-8.249537739047253e-5,7.483812748744904e-5,-7.002159806400763e-5,5.6468507738605394e-5,-4.189611422927768e-5,3.1826401503431315e-5,500
35,shock_lag9,6.450149110467515e-7,3.40887889921e-5,3.949040675137809e-5,-7.795803121680025e-5,8.522493835189405e-5,-6.120069889662282e-5,6.815370538628964e-5,-3.1873427416272864e-5,4.4057802596848535e-5,500
35,shock_lag10,1.3551852780604002e-5,3.2265919326269974e-5,3.786394253145713e-5,-6.340229061368436e-5,9.76351680991426e-5,-4.277848936028152e-5,7.793875333555253e-5,-1.4795668539376498e-5,5.388349553811945e-5,500
35,shock_lag11,2.0181293412800884e-5,2.9702595808819417e-5,3.5173773647659834e-5,-4.6842351289927347e-5,9.477717625882572e-5,-2.9724979106502575e-5,8.162781112889468e-5,-8.706099076490794e-6,5.379915235259696e-5,500
35,shock_lag12,-1.5604371471421614e-5,3.3529403878694984e-5,3.8483009250484334e-5,-8.908073057590344e-5,6.135225554888016e-5,-7.766643284505662e-5,5.0105635923308555e-5,-4.763916803328368e-5,2.433454746093172e-5,500
35,log_oil_lag1,-0.0005796428069595673,0.0002571789514033866,0.00024329529311992314,-0.0011250204828445914,-0.00021998538060487044,-0.0010690406081958644,-0.00025241440017091535,-0.0008779150614829589,-0.0003899332445204615,500
35,ffr_lag1,0.00020409945063915307,6.602146809299127e-5,6.172440426087833e-5,9.521730874852347e-5,0.0003384373663196657,0.0001086411534663942,0.00032018253850532417,0.00015262968156017754,0.0002742218763293744,500
35,cpi_lag1,-1.8243539011860107e-5,8.490627760606505e-6,8.6233790862328e-6,-3.424479628509605e-5,-1.5851352544092826e-6,-3.281840787136616e-5,-3.6553488744123352e-6,-2.641445526365372e-5,-8.768065264258814e-6,500
35,indpro_lag1,6.493868542396772e-6,1.4335538529498216e-5,1.4098255279662255e-5,-1.768447555329065e-5,3.6797273866238396e-5,-1.5269682201723795e-5,3.0288127553624257e-5,-8.44373883108669e-6,2.011345543444491e-5,500
35,age_mean,0.0007906507240874663,0.00027002983336401525,0.00025415579890860203,0.0003319293855170613,0.00128723962469705,0.00042369366272437266,0.0012234780621887978,0.0005492854581630163,0.0010756081424213803,500
35,female_share,-0.023241117982095005,0.005404487463619488,0.0051969894622122354,-0.03355483571217699,-0.01381169621545436,-0.03163113806636355,-0.014595920515008626,-0.028024664035557006,-0.017511360699332075,500
35,married_share,-0.01085648540875929,0.006781328897663889,0.006720679210633502,-0.024632737477037096,0.001454394821092274,-0.02168312423100005,0.0003325289359414479,-0.017499114333125877,-0.003930503210048513,500
35,hours_mean,-0.000471400233532064,0.00031915803845031265,0.0003117453761459445,-0.001143036437970312,7.777032249259056e-5,-0.0010347608323591712,-4.795067928731261e-5,-0.0008134523112552604,-0.00018906210477182144,500
35,unemp_rate,0.010882249127926437,0.008583440377786558,0.008218387749141496,-0.003725737956829166,0.02802096654559514,-0.002158454706675735,0.025834674576668576,0.003123094531565616,0.0197784303263826,500
36,intercept,-2.077292402218374e-9,2.5620513897491325e-5,2.6338529583145885e-5,-5.810440990882076e-5,4.965983530251251e-5,-4.2813961342666935e-5,4.145725058486666e-5,-2.3054485035685335e-5,2.3473058789710645e-5,500
36,shock,-0.00047174346199496274,0.0011669081576443944,0.001107319741248058,-0.0027815382980532514,0.0014982034207105175,-0.0024560674549749637,0.00109880198962352,-0.0016916911573274193,0.000510203244520992,500
36,shock_x_occ2,0.0017465818194652217,0.0014883113748990293,0.0015151960932497151,-0.0010032214839954192,0.004677000638368834,-0.0006320718676317463,0.004367584456468799,0.00034693977755351305,0.0033510703479796306,500
36,shock_x_occ3,0.0003462038138579207,0.0013134246775689123,0.0011960856208786288,-0.0018141685372983231,0.0026720052250892327,-0.0014711347598988995,0.0024151785503124046,-0.0007525841371190422,0.0017192140657545623,500
36,shock_x_occ4,-0.00031981540917392243,0.0012972235418811518,0.00128303011521475,-0.0024859354626544207,0.002486193317535324,-0.002219238453246478,0.0019366330295052419,-0.0015037985557279242,0.0010204594148635088,500
36,shock_x_occ5,-6.0804515662221076e-5,0.001551759625705114,0.0014170442619200188,-0.002652839824802489,0.002819622888618192,-0.0019943267869124803,0.0025214821821517353,-0.0012666397084115876,0.001633634225302668,500
36,shock_x_occ6,0.0008432482247593115,0.0015888287404274253,0.0015153541736238714,-0.0017437552919007226,0.0041697448315689,-0.0014067388466421143,0.0035677897804865014,-0.0005774733805825928,0.002431440651489299,500
36,shock_x_occ7,0.000529994621032486,0.0013531373313315474,0.0013392174245958986,-0.0017382302104571915,0.0032901101513928017,-0.0014456825065774885,0.002897833171404957,-0.0006314350996810412,0.0019978984046307305,500
36,shock_x_occ8,0.0001960530883039637,0.0014249583283645394,0.0013621351543052472,-0.0021773525950862104,0.0031304669645750667,-0.0017954905743589949,0.002635391016196281,-0.0010291077984280936,0.0017470229369379005,500
36,shock_x_occ9,0.0006140942599156836,0.0014850766063860001,0.0014259662455513298,-0.0018134410251693252,0.003562331335156029,-0.0015449160026499036,0.0033261896927013093,-0.000634863622410268,0.002062787237382087,500
36,shock_lag1,6.644596227154037e-5,3.694670674513972e-5,3.833736839199497e-5,1.1626176961898138e-5,0.00016009241871357813,2.094411318328901e-5,0.00014556248864900162,3.4375125853436934e-5,0.00010620145560065147,500
36,shock_lag2,5.716242354285948e-5,3.984922565433772e-5,3.809060959049793e-5,-2.451219790217199e-6,0.00014993051016693978,6.145578092165144e-6,0.00013513365400349376,2.3069793947451666e-5,9.625113685089525e-5,500
36,shock_lag3,8.9787514885816e-5,3.985852437401055e-5,3.865058211597667e-5,2.4605642810326214e-5,0.00017096042211261749,3.797799364290625e-5,0.00015619628735814877,5.468927426910027e-5,0.00013242671618552923,500
36,shock_lag4,6.0615494439831304e-5,3.3491179887278706e-5,3.710432664081161e-5,3.41990247480358e-6,0.00015305638962325021,1.5109670269737766e-5,0.00013269722108247249,3.214215789344527e-5,0.00010077516111203418,500
36,shock_lag5,4.8544064366874706e-5,3.6260049952122254e-5,4.080414595993625e-5,-1.8973136546590267e-5,0.0001495842386919731,-9.245114883002861e-6,0.00012695383995686328,1.391867987059145e-5,8.5509073623426e-5,500
36,shock_lag6,5.7846369872601644e-5,3.259176354620525e-5,3.830962718529457e-5,-1.940605973213041e-5,0.00014790638960861886,-1.4238167227976612e-6,0.00011753203494478151,2.3005786842880437e-5,9.11413165141886e-5,500
36,shock_lag7,1.3477767835861965e-5,3.345188077021657e-5,3.880192439111072e-5,-6.193977343473397e-5,9.486809046548382e-5,-5.098959939315679e-5,8.044908187960297e-5,-2.2794768426948255e-5,4.493451381855265e-5,500
36,shock_lag8,-2.634379235079808e-6,3.301134519971903e-5,3.735123366055228e-5,-7.083752687192402e-5,7.450772817913274e-5,-6.307536746370997e-5,5.929200450512704e-5,-3.670331468166857e-5,3.290816610698624e-5,500
36,shock_lag9,2.2641552404599703e-6,3.246916695945743e-5,4.036054193274914e-5,-8.046422900067151e-5,8.438656499158997e-5,-6.419599366941324e-5,7.025544942443113e-5,-3.225870932858909e-5,4.0422675955235396e-5,500
36,shock_lag10,8.597939192825344e-6,3.0878615006264846e-5,3.700440129349186e-5,-6.600066227689633e-5,8.603095278449061e-5,-5.483904260669611e-5,7.22269232158858e-5,-2.3383294072957113e-5,4.6786614923947485e-5,500
36,shock_lag11,5.559133952953914e-6,2.8933440594603687e-5,3.538910927686512e-5,-5.8613033312206064e-5,8.481348569979022e-5,-4.318506555178082e-5,7.198668049325594e-5,-2.365814820515628e-5,4.336793694638488e-5,500
36,shock_lag12,-5.4596561601133e-6,3.1731508462752064e-5,3.4836232133110073e-5,-6.789534863920641e-5,6.776677337782839e-5,-5.887900362946342e-5,5.3625416436362874e-5,-3.535409273161228e-5,3.157765617898522e-5,500
36,log_oil_lag1,-0.0006415169497275166,0.00028675725838833027,0.00026250020920300733,-0.001196087035511028,-0.00021036455593650513,-0.0011099350459613507,-0.00026811211331252466,-0.0009234510376137672,-0.0003997916020070756,500
36,ffr_lag1,0.00019295635379082144,6.982112705974342e-5,6.704601967980903e-5,8.738507541619596e-5,0.0003382153701798581,9.667203201740439e-5,0.0003156315958689799,0.00013144103162938064,0.000264751639709161,500
36,cpi_lag1,-8.37587973648902e-6,8.638589529435945e-6,8.669889285748054e-6,-2.6907581674541607e-5,8.679198775980531e-6,-2.358685838007903e-5,5.0941152499062226e-6,-1.675158270232442e-5,1.944817471391161e-7,500
36,indpro_lag1,1.3164224568840425e-5,1.4977109874030715e-5,1.4246159998361184e-5,-1.2800550341146262e-5,4.289768951145281e-5,-1.0385726262415934e-5,3.755816553718502e-5,-1.8534601861892559e-6,2.6389478378201636e-5,500
36,age_mean,0.0005610453432467481,0.0002684688029160565,0.0002641835771160767,6.941722047300916e-5,0.0010935786189377134,0.00016604917282279748,0.001052333732827745,0.0003186451110776401,0.0008550251641712152,500
36,female_share,-0.02121925754624375,0.005671096485299585,0.005442855135714092,-0.03157531475264233,-0.010631234730401676,-0.030158973400708528,-0.01224275772380631,-0.02635627890033742,-0.01566743333308176,500
36,married_share,-0.005269148265600058,0.006525045430504392,0.006360353759891208,-0.017607777764964985,0.007764606775612538,-0.0157801510452223,0.005138884378737709,-0.011927297455038132,0.0004766310505123007,500
36,hours_mean,-0.0004299546720655181,0.0003532888815167577,0.0003430552810292329,-0.001134004730312963,0.00021000655459946238,-0.0010415116706198363,8.400035629260479e-5,-0.0008030987865595983,-0.00013996352408522468,500
36,unemp_rate,0.013021650426669248,0.009604951308767514,0.008872940082086308,-0.0034760689409240038,0.031114468583988843,-0.0010638642720130185,0.02735856838971145,0.003648245367489967,0.02146311754072556,500
